"No.","Time","Source","Length","stNum","sqNum","goID","integer","integer","integer"
"1","0.000000000","ipcas_21:73:33","149","1","0","LIED10CTRL/LLN0$Status","1","1","0"
"2","0.000671602","ipcas_21:73:33","146","1","0","LIED10PROT/LLN0$Alarm","1","",""
"3","0.000676237","ipcas_21:73:33","203","1","0","LIED10MEAS/LLN0$Measurement","313","308","315"
"31","1.080763417","ipcas_21:73:33","149","1","1","LIED10CTRL/LLN0$Status","1","1","0"
"32","1.080775943","ipcas_21:73:33","146","1","1","LIED10PROT/LLN0$Alarm","1","",""
"33","1.080908490","ipcas_21:73:33","203","1","1","LIED10MEAS/LLN0$Measurement","308","312","313"
"84","2.092443150","ipcas_21:73:33","149","1","2","LIED10CTRL/LLN0$Status","1","1","0"
"85","2.092452744","ipcas_21:73:33","146","1","2","LIED10PROT/LLN0$Alarm","1","",""
"86","2.092453660","ipcas_21:73:33","203","1","2","LIED10MEAS/LLN0$Measurement","314","306","305"
"137","3.178895859","ipcas_21:73:33","149","1","3","LIED10CTRL/LLN0$Status","1","1","0"
"138","3.179425986","ipcas_21:73:33","146","1","3","LIED10PROT/LLN0$Alarm","1","",""
"139","3.179427938","ipcas_21:73:33","203","1","3","LIED10MEAS/LLN0$Measurement","310","315","307"
"190","4.173173983","ipcas_21:73:33","149","1","4","LIED10CTRL/LLN0$Status","1","1","0"
"191","4.173368793","ipcas_21:73:33","146","1","4","LIED10PROT/LLN0$Alarm","1","",""
"192","4.173540091","ipcas_21:73:33","203","1","4","LIED10MEAS/LLN0$Measurement","311","315","311"
"243","5.219307775","ipcas_21:73:33","149","1","5","LIED10CTRL/LLN0$Status","1","1","0"
"244","5.219317360","ipcas_21:73:33","146","1","5","LIED10PROT/LLN0$Alarm","1","",""
"245","5.219318907","ipcas_21:73:33","203","1","5","LIED10MEAS/LLN0$Measurement","314","314","315"
"296","6.247578488","ipcas_21:73:33","149","1","6","LIED10CTRL/LLN0$Status","1","1","0"
"297","6.247588233","ipcas_21:73:33","146","1","6","LIED10PROT/LLN0$Alarm","1","",""
"298","6.247589726","ipcas_21:73:33","203","1","6","LIED10MEAS/LLN0$Measurement","308","305","312"
"349","7.279831621","ipcas_21:73:33","149","1","7","LIED10CTRL/LLN0$Status","1","1","0"
"350","7.279843208","ipcas_21:73:33","146","1","7","LIED10PROT/LLN0$Alarm","1","",""
"351","7.279844457","ipcas_21:73:33","203","1","7","LIED10MEAS/LLN0$Measurement","314","313","308"
"402","8.301172174","ipcas_21:73:33","149","1","8","LIED10CTRL/LLN0$Status","1","1","0"
"403","8.301226546","ipcas_21:73:33","146","1","8","LIED10PROT/LLN0$Alarm","1","",""
"404","8.301230087","ipcas_21:73:33","203","1","8","LIED10MEAS/LLN0$Measurement","306","311","310"
"455","9.330175256","ipcas_21:73:33","149","1","9","LIED10CTRL/LLN0$Status","1","1","0"
"456","9.330185510","ipcas_21:73:33","146","1","9","LIED10PROT/LLN0$Alarm","1","",""
"457","9.330186579","ipcas_21:73:33","203","1","9","LIED10MEAS/LLN0$Measurement","314","305","309"
"508","10.377470410","ipcas_21:73:33","149","2","0","LIED10CTRL/LLN0$Status","1","1","0"
"509","10.377480556","ipcas_21:73:33","146","2","0","LIED10PROT/LLN0$Alarm","1","",""
"510","10.377482243","ipcas_21:73:33","200","2","0","LIED10MEAS/LLN0$Measurement","6000","6000","6000"
"561","11.432812210","ipcas_21:73:33","149","3","0","LIED10CTRL/LLN0$Status","0","1","0"
"562","11.432822036","ipcas_21:73:33","146","3","0","LIED10PROT/LLN0$Alarm","1","",""
"563","11.432823549","ipcas_21:73:33","188","3","0","LIED10MEAS/LLN0$Measurement","0","0","0"
"614","12.470382415","ipcas_21:73:33","149","3","1","LIED10CTRL/LLN0$Status","0","1","0"
"615","12.470394516","ipcas_21:73:33","146","3","1","LIED10PROT/LLN0$Alarm","1","",""
"616","12.470395859","ipcas_21:73:33","188","3","1","LIED10MEAS/LLN0$Measurement","0","0","0"
"667","13.491509661","ipcas_21:73:33","149","3","2","LIED10CTRL/LLN0$Status","0","1","0"
"668","13.491520670","ipcas_21:73:33","146","3","2","LIED10PROT/LLN0$Alarm","1","",""
"669","13.491522401","ipcas_21:73:33","188","3","2","LIED10MEAS/LLN0$Measurement","0","0","0"
"720","14.525396772","ipcas_21:73:33","149","3","3","LIED10CTRL/LLN0$Status","0","1","0"
"721","14.525407858","ipcas_21:73:33","146","3","3","LIED10PROT/LLN0$Alarm","1","",""
"722","14.525409134","ipcas_21:73:33","188","3","3","LIED10MEAS/LLN0$Measurement","0","0","0"
"773","15.610338073","ipcas_21:73:33","149","3","4","LIED10CTRL/LLN0$Status","0","1","0"
"774","15.610347367","ipcas_21:73:33","146","3","4","LIED10PROT/LLN0$Alarm","1","",""
"775","15.610348493","ipcas_21:73:33","188","3","4","LIED10MEAS/LLN0$Measurement","0","0","0"
"826","16.641712647","ipcas_21:73:33","149","3","5","LIED10CTRL/LLN0$Status","0","1","0"
"827","16.641721648","ipcas_21:73:33","146","3","5","LIED10PROT/LLN0$Alarm","1","",""
"828","16.641908824","ipcas_21:73:33","188","3","5","LIED10MEAS/LLN0$Measurement","0","0","0"
"879","17.666243569","ipcas_21:73:33","149","3","6","LIED10CTRL/LLN0$Status","0","1","0"
"880","17.666285185","ipcas_21:73:33","146","3","6","LIED10PROT/LLN0$Alarm","1","",""
"881","17.666287240","ipcas_21:73:33","188","3","6","LIED10MEAS/LLN0$Measurement","0","0","0"
"932","18.714619334","ipcas_21:73:33","149","3","7","LIED10CTRL/LLN0$Status","0","1","0"
"933","18.714628735","ipcas_21:73:33","146","3","7","LIED10PROT/LLN0$Alarm","1","",""
"934","18.714630045","ipcas_21:73:33","188","3","7","LIED10MEAS/LLN0$Measurement","0","0","0"
"985","19.750271837","ipcas_21:73:33","149","3","8","LIED10CTRL/LLN0$Status","0","1","0"
"986","19.750279320","ipcas_21:73:33","146","3","8","LIED10PROT/LLN0$Alarm","1","",""
"987","19.750279902","ipcas_21:73:33","188","3","8","LIED10MEAS/LLN0$Measurement","0","0","0"
"1038","20.774918490","ipcas_21:73:33","149","3","9","LIED10CTRL/LLN0$Status","0","1","0"
"1039","20.774927868","ipcas_21:73:33","146","3","9","LIED10PROT/LLN0$Alarm","1","",""
"1040","20.776775264","ipcas_21:73:33","188","3","9","LIED10MEAS/LLN0$Measurement","0","0","0"
"1091","21.797941854","ipcas_21:73:33","149","3","10","LIED10CTRL/LLN0$Status","0","1","0"
"1092","21.797952869","ipcas_21:73:33","146","3","10","LIED10PROT/LLN0$Alarm","1","",""
"1093","21.797954777","ipcas_21:73:33","188","3","10","LIED10MEAS/LLN0$Measurement","0","0","0"
"1144","22.851733351","ipcas_21:73:33","149","3","11","LIED10CTRL/LLN0$Status","0","1","0"
"1145","22.851743708","ipcas_21:73:33","146","3","11","LIED10PROT/LLN0$Alarm","1","",""
"1146","22.851744728","ipcas_21:73:33","188","3","11","LIED10MEAS/LLN0$Measurement","0","0","0"
"1197","23.877208085","ipcas_21:73:33","149","3","12","LIED10CTRL/LLN0$Status","0","1","0"
"1198","23.877218098","ipcas_21:73:33","146","3","12","LIED10PROT/LLN0$Alarm","1","",""
"1199","23.877219361","ipcas_21:73:33","188","3","12","LIED10MEAS/LLN0$Measurement","0","0","0"
"1250","24.931392493","ipcas_21:73:33","149","3","13","LIED10CTRL/LLN0$Status","0","1","0"
"1251","24.932943506","ipcas_21:73:33","146","3","13","LIED10PROT/LLN0$Alarm","1","",""
"1252","24.932950241","ipcas_21:73:33","188","3","13","LIED10MEAS/LLN0$Measurement","0","0","0"
"1303","25.981555216","ipcas_21:73:33","149","3","14","LIED10CTRL/LLN0$Status","0","1","0"
"1304","25.981565680","ipcas_21:73:33","146","3","14","LIED10PROT/LLN0$Alarm","1","",""
"1305","25.981746234","ipcas_21:73:33","188","3","14","LIED10MEAS/LLN0$Measurement","0","0","0"
"1356","27.021070447","ipcas_21:73:33","149","3","15","LIED10CTRL/LLN0$Status","0","1","0"
"1357","27.021080400","ipcas_21:73:33","146","3","15","LIED10PROT/LLN0$Alarm","1","",""
"1358","27.021387144","ipcas_21:73:33","188","3","15","LIED10MEAS/LLN0$Measurement","0","0","0"
"1409","28.070662738","ipcas_21:73:33","149","3","16","LIED10CTRL/LLN0$Status","0","1","0"
"1410","28.070674101","ipcas_21:73:33","146","3","16","LIED10PROT/LLN0$Alarm","1","",""
"1411","28.070675741","ipcas_21:73:33","188","3","16","LIED10MEAS/LLN0$Measurement","0","0","0"
"1462","29.117897623","ipcas_21:73:33","149","3","17","LIED10CTRL/LLN0$Status","0","1","0"
"1463","29.117908271","ipcas_21:73:33","146","3","17","LIED10PROT/LLN0$Alarm","1","",""
"1464","29.117909433","ipcas_21:73:33","188","3","17","LIED10MEAS/LLN0$Measurement","0","0","0"
"1515","30.165667506","ipcas_21:73:33","149","3","18","LIED10CTRL/LLN0$Status","0","1","0"
"1516","30.166638972","ipcas_21:73:33","146","3","18","LIED10PROT/LLN0$Alarm","1","",""
"1517","30.166645760","ipcas_21:73:33","188","3","18","LIED10MEAS/LLN0$Measurement","0","0","0"
"1568","31.193673645","ipcas_21:73:33","149","3","19","LIED10CTRL/LLN0$Status","0","1","0"
"1569","31.193684286","ipcas_21:73:33","146","3","19","LIED10PROT/LLN0$Alarm","1","",""
"1570","31.193685402","ipcas_21:73:33","188","3","19","LIED10MEAS/LLN0$Measurement","0","0","0"
"1621","32.246080934","ipcas_21:73:33","149","3","20","LIED10CTRL/LLN0$Status","0","1","0"
"1622","32.246713162","ipcas_21:73:33","146","3","20","LIED10PROT/LLN0$Alarm","1","",""
"1623","32.247344633","ipcas_21:73:33","188","3","20","LIED10MEAS/LLN0$Measurement","0","0","0"
"1674","33.295438435","ipcas_21:73:33","149","3","21","LIED10CTRL/LLN0$Status","0","1","0"
"1675","33.295800710","ipcas_21:73:33","146","3","21","LIED10PROT/LLN0$Alarm","1","",""
"1676","33.295803935","ipcas_21:73:33","188","3","21","LIED10MEAS/LLN0$Measurement","0","0","0"
"1727","34.320865739","ipcas_21:73:33","149","3","22","LIED10CTRL/LLN0$Status","0","1","0"
"1728","34.320876079","ipcas_21:73:33","146","3","22","LIED10PROT/LLN0$Alarm","1","",""
"1729","34.320877522","ipcas_21:73:33","188","3","22","LIED10MEAS/LLN0$Measurement","0","0","0"
"1780","35.370459605","ipcas_21:73:33","149","3","23","LIED10CTRL/LLN0$Status","0","1","0"
"1781","35.370469658","ipcas_21:73:33","146","3","23","LIED10PROT/LLN0$Alarm","1","",""
"1782","35.370470751","ipcas_21:73:33","188","3","23","LIED10MEAS/LLN0$Measurement","0","0","0"
"1833","36.420588703","ipcas_21:73:33","149","3","24","LIED10CTRL/LLN0$Status","0","1","0"
"1834","36.420598432","ipcas_21:73:33","146","3","24","LIED10PROT/LLN0$Alarm","1","",""
"1835","36.420599996","ipcas_21:73:33","188","3","24","LIED10MEAS/LLN0$Measurement","0","0","0"
"1886","37.473697218","ipcas_21:73:33","149","3","25","LIED10CTRL/LLN0$Status","0","1","0"
"1887","37.473707595","ipcas_21:73:33","146","3","25","LIED10PROT/LLN0$Alarm","1","",""
"1888","37.473709406","ipcas_21:73:33","188","3","25","LIED10MEAS/LLN0$Measurement","0","0","0"
"1939","38.526039672","ipcas_21:73:33","149","3","26","LIED10CTRL/LLN0$Status","0","1","0"
"1940","38.526050216","ipcas_21:73:33","146","3","26","LIED10PROT/LLN0$Alarm","1","",""
"1941","38.526051235","ipcas_21:73:33","188","3","26","LIED10MEAS/LLN0$Measurement","0","0","0"
"1992","39.558256096","ipcas_21:73:33","149","3","27","LIED10CTRL/LLN0$Status","0","1","0"
"1993","39.559230690","ipcas_21:73:33","146","3","27","LIED10PROT/LLN0$Alarm","1","",""
"1994","39.559237005","ipcas_21:73:33","188","3","27","LIED10MEAS/LLN0$Measurement","0","0","0"
"2045","40.594707911","ipcas_21:73:33","149","3","28","LIED10CTRL/LLN0$Status","0","1","0"
"2046","40.594718054","ipcas_21:73:33","146","3","28","LIED10PROT/LLN0$Alarm","1","",""
"2047","40.594719080","ipcas_21:73:33","188","3","28","LIED10MEAS/LLN0$Measurement","0","0","0"
"2098","41.628735406","ipcas_21:73:33","149","3","29","LIED10CTRL/LLN0$Status","0","1","0"
"2099","41.629302879","ipcas_21:73:33","146","3","29","LIED10PROT/LLN0$Alarm","1","",""
"2100","41.629552863","ipcas_21:73:33","188","3","29","LIED10MEAS/LLN0$Measurement","0","0","0"
"2174","43.623686297","ipcas_21:73:33","149","3","30","LIED10CTRL/LLN0$Status","0","1","0"
"2175","43.623692162","ipcas_21:73:33","146","3","30","LIED10PROT/LLN0$Alarm","1","",""
"2176","43.623692750","ipcas_21:73:33","188","3","30","LIED10MEAS/LLN0$Measurement","0","0","0"
"2236","44.808449674","ipcas_21:73:33","149","3","31","LIED10CTRL/LLN0$Status","0","1","0"
"2237","44.808458466","ipcas_21:73:33","146","3","31","LIED10PROT/LLN0$Alarm","1","",""
"2238","44.808459256","ipcas_21:73:33","188","3","31","LIED10MEAS/LLN0$Measurement","0","0","0"
"2280","45.805844124","ipcas_21:73:33","149","3","32","LIED10CTRL/LLN0$Status","0","1","0"
"2281","45.805854541","ipcas_21:73:33","146","3","32","LIED10PROT/LLN0$Alarm","1","",""
"2282","45.805855526","ipcas_21:73:33","188","3","32","LIED10MEAS/LLN0$Measurement","0","0","0"
"2333","46.835681368","ipcas_21:73:33","149","3","33","LIED10CTRL/LLN0$Status","0","1","0"
"2334","46.837544349","ipcas_21:73:33","146","3","33","LIED10PROT/LLN0$Alarm","1","",""
"2335","46.837550844","ipcas_21:73:33","188","3","33","LIED10MEAS/LLN0$Measurement","0","0","0"
"2386","47.874993361","ipcas_21:73:33","149","3","34","LIED10CTRL/LLN0$Status","0","1","0"
"2387","47.875001251","ipcas_21:73:33","146","3","34","LIED10PROT/LLN0$Alarm","1","",""
"2388","47.875002014","ipcas_21:73:33","188","3","34","LIED10MEAS/LLN0$Measurement","0","0","0"
"2439","48.883773560","ipcas_21:73:33","149","3","35","LIED10CTRL/LLN0$Status","0","1","0"
"2440","48.883785260","ipcas_21:73:33","146","3","35","LIED10PROT/LLN0$Alarm","1","",""
"2441","48.884225932","ipcas_21:73:33","188","3","35","LIED10MEAS/LLN0$Measurement","0","0","0"
"2492","49.912099837","ipcas_21:73:33","149","3","36","LIED10CTRL/LLN0$Status","0","1","0"
"2493","49.912109182","ipcas_21:73:33","146","3","36","LIED10PROT/LLN0$Alarm","1","",""
"2494","49.912110465","ipcas_21:73:33","188","3","36","LIED10MEAS/LLN0$Measurement","0","0","0"
"2545","50.949963616","ipcas_21:73:33","149","3","37","LIED10CTRL/LLN0$Status","0","1","0"
"2546","50.949974017","ipcas_21:73:33","146","3","37","LIED10PROT/LLN0$Alarm","1","",""
"2547","50.949975554","ipcas_21:73:33","188","3","37","LIED10MEAS/LLN0$Measurement","0","0","0"
"2598","51.986477296","ipcas_21:73:33","149","3","38","LIED10CTRL/LLN0$Status","0","1","0"
"2599","51.986486264","ipcas_21:73:33","146","3","38","LIED10PROT/LLN0$Alarm","1","",""
"2600","51.986487418","ipcas_21:73:33","188","3","38","LIED10MEAS/LLN0$Measurement","0","0","0"
"2651","52.996352711","ipcas_21:73:33","149","3","39","LIED10CTRL/LLN0$Status","0","1","0"
"2652","52.997280662","ipcas_21:73:33","146","3","39","LIED10PROT/LLN0$Alarm","1","",""
"2653","52.997286318","ipcas_21:73:33","188","3","39","LIED10MEAS/LLN0$Measurement","0","0","0"
"2704","54.027131781","ipcas_21:73:33","149","3","40","LIED10CTRL/LLN0$Status","0","1","0"
"2705","54.027141954","ipcas_21:73:33","146","3","40","LIED10PROT/LLN0$Alarm","1","",""
"2706","54.027143575","ipcas_21:73:33","188","3","40","LIED10MEAS/LLN0$Measurement","0","0","0"
"2757","55.073349673","ipcas_21:73:33","149","3","41","LIED10CTRL/LLN0$Status","0","1","0"
"2758","55.073359726","ipcas_21:73:33","146","3","41","LIED10PROT/LLN0$Alarm","1","",""
"2759","55.073360943","ipcas_21:73:33","188","3","41","LIED10MEAS/LLN0$Measurement","0","0","0"
"2822","56.134639171","ipcas_21:73:33","149","3","42","LIED10CTRL/LLN0$Status","0","1","0"
"2823","56.134639555","ipcas_21:73:33","146","3","42","LIED10PROT/LLN0$Alarm","1","",""
"2824","56.134640161","ipcas_21:73:33","188","3","42","LIED10MEAS/LLN0$Measurement","0","0","0"
"2875","57.151929097","ipcas_21:73:33","149","3","43","LIED10CTRL/LLN0$Status","0","1","0"
"2876","57.151934964","ipcas_21:73:33","146","3","43","LIED10PROT/LLN0$Alarm","1","",""
"2877","57.151935872","ipcas_21:73:33","188","3","43","LIED10MEAS/LLN0$Measurement","0","0","0"
"2925","58.204901578","ipcas_21:73:33","149","3","44","LIED10CTRL/LLN0$Status","0","1","0"
"2926","58.204902307","ipcas_21:73:33","146","3","44","LIED10PROT/LLN0$Alarm","1","",""
"2927","58.204903770","ipcas_21:73:33","188","3","44","LIED10MEAS/LLN0$Measurement","0","0","0"
"2972","59.210548226","ipcas_21:73:33","149","3","45","LIED10CTRL/LLN0$Status","0","1","0"
"2973","59.210549703","ipcas_21:73:33","146","3","45","LIED10PROT/LLN0$Alarm","1","",""
"2974","59.210551003","ipcas_21:73:33","188","3","45","LIED10MEAS/LLN0$Measurement","0","0","0"
"3045","60.260502784","ipcas_21:73:33","149","3","46","LIED10CTRL/LLN0$Status","0","1","0"
"3046","60.260503646","ipcas_21:73:33","146","3","46","LIED10PROT/LLN0$Alarm","1","",""
"3047","60.260504634","ipcas_21:73:33","188","3","46","LIED10MEAS/LLN0$Measurement","0","0","0"
"3090","61.316073967","ipcas_21:73:33","149","3","47","LIED10CTRL/LLN0$Status","0","1","0"
"3091","61.316085549","ipcas_21:73:33","146","3","47","LIED10PROT/LLN0$Alarm","1","",""
"3092","61.316086351","ipcas_21:73:33","188","3","47","LIED10MEAS/LLN0$Measurement","0","0","0"
"3146","62.376172694","ipcas_21:73:33","149","3","48","LIED10CTRL/LLN0$Status","0","1","0"
"3147","62.376173959","ipcas_21:73:33","146","3","48","LIED10PROT/LLN0$Alarm","1","",""
"3148","62.376174784","ipcas_21:73:33","188","3","48","LIED10MEAS/LLN0$Measurement","0","0","0"
"3199","63.423171862","ipcas_21:73:33","149","3","49","LIED10CTRL/LLN0$Status","0","1","0"
"3200","63.423172607","ipcas_21:73:33","146","3","49","LIED10PROT/LLN0$Alarm","1","",""
"3201","63.423172963","ipcas_21:73:33","188","3","49","LIED10MEAS/LLN0$Measurement","0","0","0"
"3257","64.445576456","ipcas_21:73:33","149","3","50","LIED10CTRL/LLN0$Status","0","1","0"
"3258","64.445576816","ipcas_21:73:33","146","3","50","LIED10PROT/LLN0$Alarm","1","",""
"3259","64.445577122","ipcas_21:73:33","188","3","50","LIED10MEAS/LLN0$Measurement","0","0","0"
"3310","65.506186191","ipcas_21:73:33","149","3","51","LIED10CTRL/LLN0$Status","0","1","0"
"3311","65.506190954","ipcas_21:73:33","146","3","51","LIED10PROT/LLN0$Alarm","1","",""
"3312","65.506191663","ipcas_21:73:33","188","3","51","LIED10MEAS/LLN0$Measurement","0","0","0"
"3358","66.512519859","ipcas_21:73:33","149","3","52","LIED10CTRL/LLN0$Status","0","1","0"
"3359","66.512520398","ipcas_21:73:33","146","3","52","LIED10PROT/LLN0$Alarm","1","",""
"3360","66.512521261","ipcas_21:73:33","188","3","52","LIED10MEAS/LLN0$Measurement","0","0","0"
"3408","67.562993206","ipcas_21:73:33","149","3","53","LIED10CTRL/LLN0$Status","0","1","0"
"3409","67.563001302","ipcas_21:73:33","146","3","53","LIED10PROT/LLN0$Alarm","1","",""
"3410","67.563002204","ipcas_21:73:33","188","3","53","LIED10MEAS/LLN0$Measurement","0","0","0"
"3469","68.585561052","ipcas_21:73:33","149","3","54","LIED10CTRL/LLN0$Status","0","1","0"
"3470","68.585565094","ipcas_21:73:33","146","3","54","LIED10PROT/LLN0$Alarm","1","",""
"3471","68.585565783","ipcas_21:73:33","188","3","54","LIED10MEAS/LLN0$Measurement","0","0","0"
"3522","69.644097986","ipcas_21:73:33","149","3","55","LIED10CTRL/LLN0$Status","0","1","0"
"3523","69.644104436","ipcas_21:73:33","146","3","55","LIED10PROT/LLN0$Alarm","1","",""
"3524","69.644105226","ipcas_21:73:33","188","3","55","LIED10MEAS/LLN0$Measurement","0","0","0"
"3567","70.657643746","ipcas_21:73:33","149","3","56","LIED10CTRL/LLN0$Status","0","1","0"
"3568","70.657644292","ipcas_21:73:33","146","3","56","LIED10PROT/LLN0$Alarm","1","",""
"3569","70.657644749","ipcas_21:73:33","188","3","56","LIED10MEAS/LLN0$Measurement","0","0","0"
"3628","71.695204996","ipcas_21:73:33","149","3","57","LIED10CTRL/LLN0$Status","0","1","0"
"3629","71.695209471","ipcas_21:73:33","146","3","57","LIED10PROT/LLN0$Alarm","1","",""
"3630","71.695210096","ipcas_21:73:33","188","3","57","LIED10MEAS/LLN0$Measurement","0","0","0"
"3673","72.721074916","ipcas_21:73:33","149","3","58","LIED10CTRL/LLN0$Status","0","1","0"
"3674","72.721085987","ipcas_21:73:33","146","3","58","LIED10PROT/LLN0$Alarm","1","",""
"3675","72.721088256","ipcas_21:73:33","188","3","58","LIED10MEAS/LLN0$Measurement","0","0","0"
"3726","73.761952605","ipcas_21:73:33","149","3","59","LIED10CTRL/LLN0$Status","0","1","0"
"3727","73.761953470","ipcas_21:73:33","146","3","59","LIED10PROT/LLN0$Alarm","1","",""
"3728","73.761954371","ipcas_21:73:33","188","3","59","LIED10MEAS/LLN0$Measurement","0","0","0"
"3764","74.755716653","ipcas_21:73:33","149","3","60","LIED10CTRL/LLN0$Status","0","1","0"
"3765","74.755786020","ipcas_21:73:33","146","3","60","LIED10PROT/LLN0$Alarm","1","",""
"3766","74.755787346","ipcas_21:73:33","188","3","60","LIED10MEAS/LLN0$Measurement","0","0","0"
"3832","75.812979999","ipcas_21:73:33","149","3","61","LIED10CTRL/LLN0$Status","0","1","0"
"3833","75.812985784","ipcas_21:73:33","146","3","61","LIED10PROT/LLN0$Alarm","1","",""
"3834","75.812986616","ipcas_21:73:33","188","3","61","LIED10MEAS/LLN0$Measurement","0","0","0"
"3873","76.862910057","ipcas_21:73:33","149","3","62","LIED10CTRL/LLN0$Status","0","1","0"
"3874","76.862910466","ipcas_21:73:33","146","3","62","LIED10PROT/LLN0$Alarm","1","",""
"3875","76.862910794","ipcas_21:73:33","188","3","62","LIED10MEAS/LLN0$Measurement","0","0","0"
"3923","77.847709728","ipcas_21:73:33","149","3","63","LIED10CTRL/LLN0$Status","0","1","0"
"3924","77.847720786","ipcas_21:73:33","146","3","63","LIED10PROT/LLN0$Alarm","1","",""
"3925","77.847722263","ipcas_21:73:33","188","3","63","LIED10MEAS/LLN0$Measurement","0","0","0"
"3976","78.894343978","ipcas_21:73:33","149","3","64","LIED10CTRL/LLN0$Status","0","1","0"
"3977","78.894354278","ipcas_21:73:33","146","3","64","LIED10PROT/LLN0$Alarm","1","",""
"3978","78.894355577","ipcas_21:73:33","188","3","64","LIED10MEAS/LLN0$Measurement","0","0","0"
"4029","79.929221815","ipcas_21:73:33","149","3","65","LIED10CTRL/LLN0$Status","0","1","0"
"4030","79.930309019","ipcas_21:73:33","146","3","65","LIED10PROT/LLN0$Alarm","1","",""
"4031","79.931489322","ipcas_21:73:33","188","3","65","LIED10MEAS/LLN0$Measurement","0","0","0"
"4105","81.004510803","ipcas_21:73:33","149","3","66","LIED10CTRL/LLN0$Status","0","1","0"
"4106","81.004520192","ipcas_21:73:33","146","3","66","LIED10PROT/LLN0$Alarm","1","",""
"4107","81.004521151","ipcas_21:73:33","188","3","66","LIED10MEAS/LLN0$Measurement","0","0","0"
"4150","82.047224651","ipcas_21:73:33","149","3","67","LIED10CTRL/LLN0$Status","0","1","0"
"4151","82.047225540","ipcas_21:73:33","146","3","67","LIED10PROT/LLN0$Alarm","1","",""
"4152","82.047226535","ipcas_21:73:33","188","3","67","LIED10MEAS/LLN0$Measurement","0","0","0"
"4188","83.046888708","ipcas_21:73:33","149","3","68","LIED10CTRL/LLN0$Status","0","1","0"
"4189","83.046900598","ipcas_21:73:33","146","3","68","LIED10PROT/LLN0$Alarm","1","",""
"4190","83.046902185","ipcas_21:73:33","188","3","68","LIED10MEAS/LLN0$Measurement","0","0","0"
"4241","84.084640287","ipcas_21:73:33","149","3","69","LIED10CTRL/LLN0$Status","0","1","0"
"4242","84.084651990","ipcas_21:73:33","146","3","69","LIED10PROT/LLN0$Alarm","1","",""
"4243","84.084653367","ipcas_21:73:33","188","3","69","LIED10MEAS/LLN0$Measurement","0","0","0"
"4309","85.203281704","ipcas_21:73:33","149","3","70","LIED10CTRL/LLN0$Status","0","1","0"
"4310","85.203282377","ipcas_21:73:33","146","3","70","LIED10PROT/LLN0$Alarm","1","",""
"4311","85.203283162","ipcas_21:73:33","188","3","70","LIED10MEAS/LLN0$Measurement","0","0","0"
"4347","86.226345475","ipcas_21:73:33","149","3","71","LIED10CTRL/LLN0$Status","0","1","0"
"4348","86.226353186","ipcas_21:73:33","146","3","71","LIED10PROT/LLN0$Alarm","1","",""
"4349","86.226353919","ipcas_21:73:33","188","3","71","LIED10MEAS/LLN0$Measurement","0","0","0"
"4406","87.275000395","ipcas_21:73:33","149","3","72","LIED10CTRL/LLN0$Status","0","1","0"
"4407","87.275008717","ipcas_21:73:33","146","3","72","LIED10PROT/LLN0$Alarm","1","",""
"4408","87.275009628","ipcas_21:73:33","188","3","72","LIED10MEAS/LLN0$Measurement","0","0","0"
"4454","88.252268255","ipcas_21:73:33","149","3","73","LIED10CTRL/LLN0$Status","0","1","0"
"4455","88.252272618","ipcas_21:73:33","146","3","73","LIED10PROT/LLN0$Alarm","1","",""
"4456","88.252273338","ipcas_21:73:33","188","3","73","LIED10MEAS/LLN0$Measurement","0","0","0"
"4511","89.271508169","ipcas_21:73:33","149","3","74","LIED10CTRL/LLN0$Status","0","1","0"
"4512","89.271517577","ipcas_21:73:33","146","3","74","LIED10PROT/LLN0$Alarm","1","",""
"4513","89.271518987","ipcas_21:73:33","188","3","74","LIED10MEAS/LLN0$Measurement","0","0","0"
"4573","90.319241194","ipcas_21:73:33","149","3","75","LIED10CTRL/LLN0$Status","0","1","0"
"4574","90.319490319","ipcas_21:73:33","146","3","75","LIED10PROT/LLN0$Alarm","1","",""
"4575","90.319626719","ipcas_21:73:33","188","3","75","LIED10MEAS/LLN0$Measurement","0","0","0"
"4641","91.385760361","ipcas_21:73:33","149","3","76","LIED10CTRL/LLN0$Status","0","1","0"
"4642","91.385761139","ipcas_21:73:33","146","3","76","LIED10PROT/LLN0$Alarm","1","",""
"4643","91.385762073","ipcas_21:73:33","188","3","76","LIED10MEAS/LLN0$Measurement","0","0","0"
"4706","92.402409119","ipcas_21:73:33","149","3","77","LIED10CTRL/LLN0$Status","0","1","0"
"4707","92.402409536","ipcas_21:73:33","146","3","77","LIED10PROT/LLN0$Alarm","1","",""
"4708","92.402410417","ipcas_21:73:33","188","3","77","LIED10MEAS/LLN0$Measurement","0","0","0"
"4761","93.450165274","ipcas_21:73:33","149","3","78","LIED10CTRL/LLN0$Status","0","1","0"
"4762","93.450173848","ipcas_21:73:33","146","3","78","LIED10PROT/LLN0$Alarm","1","",""
"4763","93.450174258","ipcas_21:73:33","188","3","78","LIED10MEAS/LLN0$Measurement","0","0","0"
"4814","94.502474515","ipcas_21:73:33","149","3","79","LIED10CTRL/LLN0$Status","0","1","0"
"4815","94.502481875","ipcas_21:73:33","146","3","79","LIED10PROT/LLN0$Alarm","1","",""
"4816","94.502482440","ipcas_21:73:33","188","3","79","LIED10MEAS/LLN0$Measurement","0","0","0"
"4867","95.522941911","ipcas_21:73:33","149","3","80","LIED10CTRL/LLN0$Status","0","1","0"
"4868","95.522955499","ipcas_21:73:33","146","3","80","LIED10PROT/LLN0$Alarm","1","",""
"4869","95.522957166","ipcas_21:73:33","188","3","80","LIED10MEAS/LLN0$Measurement","0","0","0"
"4921","96.569532815","ipcas_21:73:33","149","3","81","LIED10CTRL/LLN0$Status","0","1","0"
"4922","96.569545624","ipcas_21:73:33","146","3","81","LIED10PROT/LLN0$Alarm","1","",""
"4923","96.570196439","ipcas_21:73:33","188","3","81","LIED10MEAS/LLN0$Measurement","0","0","0"
"4975","97.625919587","ipcas_21:73:33","149","3","82","LIED10CTRL/LLN0$Status","0","1","0"
"4976","97.625932359","ipcas_21:73:33","146","3","82","LIED10PROT/LLN0$Alarm","1","",""
"4977","97.625933933","ipcas_21:73:33","188","3","82","LIED10MEAS/LLN0$Measurement","0","0","0"
"5029","98.660680835","ipcas_21:73:33","149","3","83","LIED10CTRL/LLN0$Status","0","1","0"
"5030","98.660912757","ipcas_21:73:33","146","3","83","LIED10PROT/LLN0$Alarm","1","",""
"5031","98.661308128","ipcas_21:73:33","188","3","83","LIED10MEAS/LLN0$Measurement","0","0","0"
"5082","99.692333711","ipcas_21:73:33","149","3","84","LIED10CTRL/LLN0$Status","0","1","0"
"5083","99.692345802","ipcas_21:73:33","146","3","84","LIED10PROT/LLN0$Alarm","1","",""
"5084","99.692347580","ipcas_21:73:33","188","3","84","LIED10MEAS/LLN0$Measurement","0","0","0"
"5135","100.726977072","ipcas_21:73:33","149","3","85","LIED10CTRL/LLN0$Status","0","1","0"
"5136","100.728456044","ipcas_21:73:33","146","3","85","LIED10PROT/LLN0$Alarm","1","",""
"5137","100.728463124","ipcas_21:73:33","188","3","85","LIED10MEAS/LLN0$Measurement","0","0","0"
"5188","101.778491591","ipcas_21:73:33","149","3","86","LIED10CTRL/LLN0$Status","0","1","0"
"5189","101.778506412","ipcas_21:73:33","146","3","86","LIED10PROT/LLN0$Alarm","1","",""
"5190","101.778508714","ipcas_21:73:33","188","3","86","LIED10MEAS/LLN0$Measurement","0","0","0"
"5241","102.820270017","ipcas_21:73:33","149","3","87","LIED10CTRL/LLN0$Status","0","1","0"
"5242","102.820282566","ipcas_21:73:33","146","3","87","LIED10PROT/LLN0$Alarm","1","",""
"5243","102.820284303","ipcas_21:73:33","188","3","87","LIED10MEAS/LLN0$Measurement","0","0","0"
"5294","103.850205606","ipcas_21:73:33","149","3","88","LIED10CTRL/LLN0$Status","0","1","0"
"5295","103.850221061","ipcas_21:73:33","146","3","88","LIED10PROT/LLN0$Alarm","1","",""
"5296","103.850223330","ipcas_21:73:33","188","3","88","LIED10MEAS/LLN0$Measurement","0","0","0"
"5348","104.883224663","ipcas_21:73:33","149","3","89","LIED10CTRL/LLN0$Status","0","1","0"
"5349","104.883235972","ipcas_21:73:33","146","3","89","LIED10PROT/LLN0$Alarm","1","",""
"5350","104.883237071","ipcas_21:73:33","188","3","89","LIED10MEAS/LLN0$Measurement","0","0","0"
"5402","105.917298814","ipcas_21:73:33","149","3","90","LIED10CTRL/LLN0$Status","0","1","0"
"5403","105.917313654","ipcas_21:73:33","146","3","90","LIED10PROT/LLN0$Alarm","1","",""
"5404","105.917315779","ipcas_21:73:33","188","3","90","LIED10MEAS/LLN0$Measurement","0","0","0"
"5455","106.940100394","ipcas_21:73:33","149","3","91","LIED10CTRL/LLN0$Status","0","1","0"
"5456","106.941136214","ipcas_21:73:33","146","3","91","LIED10PROT/LLN0$Alarm","1","",""
"5457","106.941145452","ipcas_21:73:33","188","3","91","LIED10MEAS/LLN0$Measurement","0","0","0"
"5508","107.969737261","ipcas_21:73:33","149","3","92","LIED10CTRL/LLN0$Status","0","1","0"
"5509","107.969749633","ipcas_21:73:33","146","3","92","LIED10PROT/LLN0$Alarm","1","",""
"5510","107.969751444","ipcas_21:73:33","188","3","92","LIED10MEAS/LLN0$Measurement","0","0","0"
"5561","109.002853275","ipcas_21:73:33","149","3","93","LIED10CTRL/LLN0$Status","0","1","0"
"5562","109.002867304","ipcas_21:73:33","146","3","93","LIED10PROT/LLN0$Alarm","1","",""
"5563","109.002868711","ipcas_21:73:33","188","3","93","LIED10MEAS/LLN0$Measurement","0","0","0"
"5614","110.033728790","ipcas_21:73:33","149","3","94","LIED10CTRL/LLN0$Status","0","1","0"
"5615","110.033742488","ipcas_21:73:33","146","3","94","LIED10PROT/LLN0$Alarm","1","",""
"5616","110.033744335","ipcas_21:73:33","188","3","94","LIED10MEAS/LLN0$Measurement","0","0","0"
"5667","111.068464362","ipcas_21:73:33","149","3","95","LIED10CTRL/LLN0$Status","0","1","0"
"5668","111.069017248","ipcas_21:73:33","146","3","95","LIED10PROT/LLN0$Alarm","1","",""
"5669","111.069630530","ipcas_21:73:33","188","3","95","LIED10MEAS/LLN0$Measurement","0","0","0"
"5720","112.107735977","ipcas_21:73:33","149","3","96","LIED10CTRL/LLN0$Status","0","1","0"
"5721","112.107747775","ipcas_21:73:33","146","3","96","LIED10PROT/LLN0$Alarm","1","",""
"5722","112.107749062","ipcas_21:73:33","188","3","96","LIED10MEAS/LLN0$Measurement","0","0","0"
"5774","113.133958104","ipcas_21:73:33","149","3","97","LIED10CTRL/LLN0$Status","0","1","0"
"5775","113.134702804","ipcas_21:73:33","146","3","97","LIED10PROT/LLN0$Alarm","1","",""
"5776","113.134710198","ipcas_21:73:33","188","3","97","LIED10MEAS/LLN0$Measurement","0","0","0"
"5827","114.166547060","ipcas_21:73:33","149","3","98","LIED10CTRL/LLN0$Status","0","1","0"
"5828","114.166559354","ipcas_21:73:33","146","3","98","LIED10PROT/LLN0$Alarm","1","",""
"5829","114.166560567","ipcas_21:73:33","188","3","98","LIED10MEAS/LLN0$Measurement","0","0","0"
"5880","115.192781654","ipcas_21:73:33","149","3","99","LIED10CTRL/LLN0$Status","0","1","0"
"5881","115.193235897","ipcas_21:73:33","146","3","99","LIED10PROT/LLN0$Alarm","1","",""
"5882","115.193244203","ipcas_21:73:33","188","3","99","LIED10MEAS/LLN0$Measurement","0","0","0"
"5933","116.231453542","ipcas_21:73:33","149","3","100","LIED10CTRL/LLN0$Status","0","1","0"
"5934","116.231470672","ipcas_21:73:33","146","3","100","LIED10PROT/LLN0$Alarm","1","",""
"5935","116.231472633","ipcas_21:73:33","188","3","100","LIED10MEAS/LLN0$Measurement","0","0","0"
"5986","117.257386160","ipcas_21:73:33","149","3","101","LIED10CTRL/LLN0$Status","0","1","0"
"5987","117.257402622","ipcas_21:73:33","146","3","101","LIED10PROT/LLN0$Alarm","1","",""
"5988","117.257405425","ipcas_21:73:33","188","3","101","LIED10MEAS/LLN0$Measurement","0","0","0"
"6039","118.282201008","ipcas_21:73:33","149","3","102","LIED10CTRL/LLN0$Status","0","1","0"
"6040","118.283349308","ipcas_21:73:33","146","3","102","LIED10PROT/LLN0$Alarm","1","",""
"6041","118.283355696","ipcas_21:73:33","188","3","102","LIED10MEAS/LLN0$Measurement","0","0","0"
"6092","119.330076329","ipcas_21:73:33","149","3","103","LIED10CTRL/LLN0$Status","0","1","0"
"6093","119.330090054","ipcas_21:73:33","146","3","103","LIED10PROT/LLN0$Alarm","1","",""
"6094","119.330091153","ipcas_21:73:33","188","3","103","LIED10MEAS/LLN0$Measurement","0","0","0"
"6145","120.358966412","ipcas_21:73:33","149","3","104","LIED10CTRL/LLN0$Status","0","1","0"
"6146","120.358980154","ipcas_21:73:33","146","3","104","LIED10PROT/LLN0$Alarm","1","",""
"6147","120.358981350","ipcas_21:73:33","188","3","104","LIED10MEAS/LLN0$Measurement","0","0","0"
"6199","121.398585422","ipcas_21:73:33","149","3","105","LIED10CTRL/LLN0$Status","0","1","0"
"6200","121.399394217","ipcas_21:73:33","146","3","105","LIED10PROT/LLN0$Alarm","1","",""
"6201","121.400128712","ipcas_21:73:33","188","3","105","LIED10MEAS/LLN0$Measurement","0","0","0"
"6252","122.458177223","ipcas_21:73:33","149","3","106","LIED10CTRL/LLN0$Status","0","1","0"
"6253","122.458188466","ipcas_21:73:33","146","3","106","LIED10PROT/LLN0$Alarm","1","",""
"6254","122.458189691","ipcas_21:73:33","188","3","106","LIED10MEAS/LLN0$Measurement","0","0","0"
"6305","123.473380529","ipcas_21:73:33","149","3","107","LIED10CTRL/LLN0$Status","0","1","0"
"6306","123.473394140","ipcas_21:73:33","146","3","107","LIED10PROT/LLN0$Alarm","1","",""
"6307","123.473396716","ipcas_21:73:33","188","3","107","LIED10MEAS/LLN0$Measurement","0","0","0"
"6359","124.488385659","ipcas_21:73:33","149","3","108","LIED10CTRL/LLN0$Status","0","1","0"
"6360","124.488396601","ipcas_21:73:33","146","3","108","LIED10PROT/LLN0$Alarm","1","",""
"6361","124.488397316","ipcas_21:73:33","188","3","108","LIED10MEAS/LLN0$Measurement","0","0","0"
"6412","125.509880304","ipcas_21:73:33","149","3","109","LIED10CTRL/LLN0$Status","0","1","0"
"6413","125.509894232","ipcas_21:73:33","146","3","109","LIED10PROT/LLN0$Alarm","1","",""
"6414","125.514497660","ipcas_21:73:33","188","3","109","LIED10MEAS/LLN0$Measurement","0","0","0"
"6467","126.533187653","ipcas_21:73:33","149","3","110","LIED10CTRL/LLN0$Status","0","1","0"
"6468","126.533353137","ipcas_21:73:33","146","3","110","LIED10PROT/LLN0$Alarm","1","",""
"6469","126.533834152","ipcas_21:73:33","188","3","110","LIED10MEAS/LLN0$Measurement","0","0","0"
"6527","127.565876810","ipcas_21:73:33","149","3","111","LIED10CTRL/LLN0$Status","0","1","0"
"6528","127.567157213","ipcas_21:73:33","146","3","111","LIED10PROT/LLN0$Alarm","1","",""
"6529","127.567666187","ipcas_21:73:33","188","3","111","LIED10MEAS/LLN0$Measurement","0","0","0"
"6591","128.598454469","ipcas_21:73:33","149","3","112","LIED10CTRL/LLN0$Status","0","1","0"
"6592","128.599099128","ipcas_21:73:33","146","3","112","LIED10PROT/LLN0$Alarm","1","",""
"6593","128.599484920","ipcas_21:73:33","188","3","112","LIED10MEAS/LLN0$Measurement","0","0","0"
"6665","129.638301320","ipcas_21:73:33","149","3","113","LIED10CTRL/LLN0$Status","0","1","0"
"6666","129.638313388","ipcas_21:73:33","146","3","113","LIED10PROT/LLN0$Alarm","1","",""
"6667","129.638315118","ipcas_21:73:33","188","3","113","LIED10MEAS/LLN0$Measurement","0","0","0"
"6740","130.668918585","ipcas_21:73:33","149","3","114","LIED10CTRL/LLN0$Status","0","1","0"
"6741","130.668929146","ipcas_21:73:33","146","3","114","LIED10PROT/LLN0$Alarm","1","",""
"6742","130.668930756","ipcas_21:73:33","188","3","114","LIED10MEAS/LLN0$Measurement","0","0","0"
"6798","131.690733440","ipcas_21:73:33","149","3","115","LIED10CTRL/LLN0$Status","0","1","0"
"6799","131.691935287","ipcas_21:73:33","146","3","115","LIED10PROT/LLN0$Alarm","1","",""
"6800","131.691942069","ipcas_21:73:33","188","3","115","LIED10MEAS/LLN0$Measurement","0","0","0"
"6856","132.744590652","ipcas_21:73:33","149","3","116","LIED10CTRL/LLN0$Status","0","1","0"
"6857","132.744603482","ipcas_21:73:33","146","3","116","LIED10PROT/LLN0$Alarm","1","",""
"6858","132.745100405","ipcas_21:73:33","188","3","116","LIED10MEAS/LLN0$Measurement","0","0","0"
"6917","133.785451901","ipcas_21:73:33","149","3","117","LIED10CTRL/LLN0$Status","0","1","0"
"6918","133.785465118","ipcas_21:73:33","146","3","117","LIED10PROT/LLN0$Alarm","1","",""
"6919","133.785709322","ipcas_21:73:33","188","3","117","LIED10MEAS/LLN0$Measurement","0","0","0"
"6972","134.837991770","ipcas_21:73:33","149","3","118","LIED10CTRL/LLN0$Status","0","1","0"
"6973","134.839154080","ipcas_21:73:33","146","3","118","LIED10PROT/LLN0$Alarm","1","",""
"6974","134.839161604","ipcas_21:73:33","188","3","118","LIED10MEAS/LLN0$Measurement","0","0","0"
"7037","135.864668324","ipcas_21:73:33","149","3","119","LIED10CTRL/LLN0$Status","0","1","0"
"7038","135.865289733","ipcas_21:73:33","146","3","119","LIED10PROT/LLN0$Alarm","1","",""
"7039","135.865311761","ipcas_21:73:33","188","3","119","LIED10MEAS/LLN0$Measurement","0","0","0"
"7098","136.900481013","ipcas_21:73:33","149","3","120","LIED10CTRL/LLN0$Status","0","1","0"
"7099","136.900493462","ipcas_21:73:33","146","3","120","LIED10PROT/LLN0$Alarm","1","",""
"7100","136.900495723","ipcas_21:73:33","188","3","120","LIED10MEAS/LLN0$Measurement","0","0","0"
"7155","137.938379715","ipcas_21:73:33","149","3","121","LIED10CTRL/LLN0$Status","0","1","0"
"7156","137.938392982","ipcas_21:73:33","146","3","121","LIED10PROT/LLN0$Alarm","1","",""
"7157","137.938394392","ipcas_21:73:33","188","3","121","LIED10MEAS/LLN0$Measurement","0","0","0"
"7211","138.954559766","ipcas_21:73:33","149","3","122","LIED10CTRL/LLN0$Status","0","1","0"
"7212","138.955222361","ipcas_21:73:33","146","3","122","LIED10PROT/LLN0$Alarm","1","",""
"7213","138.955927927","ipcas_21:73:33","188","3","122","LIED10MEAS/LLN0$Measurement","0","0","0"
"7265","139.998655400","ipcas_21:73:33","149","3","123","LIED10CTRL/LLN0$Status","0","1","0"
"7266","139.999699061","ipcas_21:73:33","146","3","123","LIED10PROT/LLN0$Alarm","1","",""
"7267","139.999705719","ipcas_21:73:33","188","3","123","LIED10MEAS/LLN0$Measurement","0","0","0"
"7319","141.048066957","ipcas_21:73:33","149","3","124","LIED10CTRL/LLN0$Status","0","1","0"
"7320","141.048077364","ipcas_21:73:33","146","3","124","LIED10PROT/LLN0$Alarm","1","",""
"7321","141.048078881","ipcas_21:73:33","188","3","124","LIED10MEAS/LLN0$Measurement","0","0","0"
"7372","142.104747335","ipcas_21:73:33","149","3","125","LIED10CTRL/LLN0$Status","0","1","0"
"7373","142.107441270","ipcas_21:73:33","146","3","125","LIED10PROT/LLN0$Alarm","1","",""
"7374","142.107451841","ipcas_21:73:33","188","3","125","LIED10MEAS/LLN0$Measurement","0","0","0"
"7426","143.134944226","ipcas_21:73:33","149","3","126","LIED10CTRL/LLN0$Status","0","1","0"
"7427","143.136306690","ipcas_21:73:33","146","3","126","LIED10PROT/LLN0$Alarm","1","",""
"7428","143.136657786","ipcas_21:73:33","188","3","126","LIED10MEAS/LLN0$Measurement","0","0","0"
"7481","144.189117151","ipcas_21:73:33","149","3","127","LIED10CTRL/LLN0$Status","0","1","0"
"7482","144.189127879","ipcas_21:73:33","146","3","127","LIED10PROT/LLN0$Alarm","1","",""
"7483","144.189129232","ipcas_21:73:33","188","3","127","LIED10MEAS/LLN0$Measurement","0","0","0"
"7536","145.220342002","ipcas_21:73:33","150","3","128","LIED10CTRL/LLN0$Status","0","1","0"
"7537","145.220748476","ipcas_21:73:33","147","3","128","LIED10PROT/LLN0$Alarm","1","",""
"7538","145.221096341","ipcas_21:73:33","189","3","128","LIED10MEAS/LLN0$Measurement","0","0","0"
"7589","146.263545941","ipcas_21:73:33","150","3","129","LIED10CTRL/LLN0$Status","0","1","0"
"7590","146.263557460","ipcas_21:73:33","147","3","129","LIED10PROT/LLN0$Alarm","1","",""
"7591","146.263891583","ipcas_21:73:33","189","3","129","LIED10MEAS/LLN0$Measurement","0","0","0"
"7650","147.283989877","ipcas_21:73:33","150","3","130","LIED10CTRL/LLN0$Status","0","1","0"
"7651","147.285279902","ipcas_21:73:33","147","3","130","LIED10PROT/LLN0$Alarm","1","",""
"7652","147.285288141","ipcas_21:73:33","189","3","130","LIED10MEAS/LLN0$Measurement","0","0","0"
"7727","148.330326834","ipcas_21:73:33","150","3","131","LIED10CTRL/LLN0$Status","0","1","0"
"7728","148.330805058","ipcas_21:73:33","147","3","131","LIED10PROT/LLN0$Alarm","1","",""
"7729","148.331308815","ipcas_21:73:33","189","3","131","LIED10MEAS/LLN0$Measurement","0","0","0"
"7830","149.362091901","ipcas_21:73:33","150","3","132","LIED10CTRL/LLN0$Status","0","1","0"
"7831","149.362668619","ipcas_21:73:33","147","3","132","LIED10PROT/LLN0$Alarm","1","",""
"7832","149.363159961","ipcas_21:73:33","189","3","132","LIED10MEAS/LLN0$Measurement","0","0","0"
"7909","150.409165283","ipcas_21:73:33","150","3","133","LIED10CTRL/LLN0$Status","0","1","0"
"7910","150.410071276","ipcas_21:73:33","147","3","133","LIED10PROT/LLN0$Alarm","1","",""
"7911","150.410367279","ipcas_21:73:33","189","3","133","LIED10MEAS/LLN0$Measurement","0","0","0"
"7971","151.455031053","ipcas_21:73:33","150","3","134","LIED10CTRL/LLN0$Status","0","1","0"
"7972","151.455074102","ipcas_21:73:33","147","3","134","LIED10PROT/LLN0$Alarm","1","",""
"7973","151.455076371","ipcas_21:73:33","189","3","134","LIED10MEAS/LLN0$Measurement","0","0","0"
"8031","152.489138775","ipcas_21:73:33","150","3","135","LIED10CTRL/LLN0$Status","0","1","0"
"8032","152.489151771","ipcas_21:73:33","147","3","135","LIED10PROT/LLN0$Alarm","1","",""
"8033","152.489153542","ipcas_21:73:33","189","3","135","LIED10MEAS/LLN0$Measurement","0","0","0"
"8090","153.528397383","ipcas_21:73:33","150","3","136","LIED10CTRL/LLN0$Status","0","1","0"
"8091","153.528410430","ipcas_21:73:33","147","3","136","LIED10PROT/LLN0$Alarm","1","",""
"8092","153.528412034","ipcas_21:73:33","189","3","136","LIED10MEAS/LLN0$Measurement","0","0","0"
"8146","154.581653079","ipcas_21:73:33","150","3","137","LIED10CTRL/LLN0$Status","0","1","0"
"8147","154.581669266","ipcas_21:73:33","147","3","137","LIED10PROT/LLN0$Alarm","1","",""
"8148","154.581671501","ipcas_21:73:33","189","3","137","LIED10MEAS/LLN0$Measurement","0","0","0"
"8202","155.624420130","ipcas_21:73:33","150","3","138","LIED10CTRL/LLN0$Status","0","1","0"
"8203","155.625953417","ipcas_21:73:33","147","3","138","LIED10PROT/LLN0$Alarm","1","",""
"8204","155.625961395","ipcas_21:73:33","189","3","138","LIED10MEAS/LLN0$Measurement","0","0","0"
"8262","156.677727252","ipcas_21:73:33","150","3","139","LIED10CTRL/LLN0$Status","0","1","0"
"8263","156.678486348","ipcas_21:73:33","147","3","139","LIED10PROT/LLN0$Alarm","1","",""
"8264","156.678941343","ipcas_21:73:33","189","3","139","LIED10MEAS/LLN0$Measurement","0","0","0"
"8318","157.746551025","ipcas_21:73:33","150","3","140","LIED10CTRL/LLN0$Status","0","1","0"
"8319","157.746560163","ipcas_21:73:33","147","3","140","LIED10PROT/LLN0$Alarm","1","",""
"8320","157.746560947","ipcas_21:73:33","189","3","140","LIED10MEAS/LLN0$Measurement","0","0","0"
"8373","158.811264948","ipcas_21:73:33","150","3","141","LIED10CTRL/LLN0$Status","0","1","0"
"8374","158.814003165","ipcas_21:73:33","147","3","141","LIED10PROT/LLN0$Alarm","1","",""
"8375","158.815268465","ipcas_21:73:33","189","3","141","LIED10MEAS/LLN0$Measurement","0","0","0"
"8429","159.847292120","ipcas_21:73:33","150","3","142","LIED10CTRL/LLN0$Status","0","1","0"
"8430","159.847302050","ipcas_21:73:33","147","3","142","LIED10PROT/LLN0$Alarm","1","",""
"8431","159.847302525","ipcas_21:73:33","189","3","142","LIED10MEAS/LLN0$Measurement","0","0","0"
"8484","160.895079808","ipcas_21:73:33","150","3","143","LIED10CTRL/LLN0$Status","0","1","0"
"8485","160.895089598","ipcas_21:73:33","147","3","143","LIED10PROT/LLN0$Alarm","1","",""
"8486","160.896243414","ipcas_21:73:33","189","3","143","LIED10MEAS/LLN0$Measurement","0","0","0"
"8537","161.928552352","ipcas_21:73:33","150","3","144","LIED10CTRL/LLN0$Status","0","1","0"
"8538","161.929437427","ipcas_21:73:33","147","3","144","LIED10PROT/LLN0$Alarm","1","",""
"8539","161.929954485","ipcas_21:73:33","189","3","144","LIED10MEAS/LLN0$Measurement","0","0","0"
"8591","162.969882434","ipcas_21:73:33","150","3","145","LIED10CTRL/LLN0$Status","0","1","0"
"8592","162.970749305","ipcas_21:73:33","147","3","145","LIED10PROT/LLN0$Alarm","1","",""
"8593","162.971317984","ipcas_21:73:33","189","3","145","LIED10MEAS/LLN0$Measurement","0","0","0"
"8646","164.002800536","ipcas_21:73:33","150","3","146","LIED10CTRL/LLN0$Status","0","1","0"
"8647","164.003372620","ipcas_21:73:33","147","3","146","LIED10PROT/LLN0$Alarm","1","",""
"8648","164.003864282","ipcas_21:73:33","189","3","146","LIED10MEAS/LLN0$Measurement","0","0","0"
"8702","165.035690804","ipcas_21:73:33","150","3","147","LIED10CTRL/LLN0$Status","0","1","0"
"8703","165.036475075","ipcas_21:73:33","147","3","147","LIED10PROT/LLN0$Alarm","1","",""
"8704","165.037505528","ipcas_21:73:33","189","3","147","LIED10MEAS/LLN0$Measurement","0","0","0"
"8757","166.069034206","ipcas_21:73:33","150","3","148","LIED10CTRL/LLN0$Status","0","1","0"
"8758","166.069047380","ipcas_21:73:33","147","3","148","LIED10PROT/LLN0$Alarm","1","",""
"8759","166.069049134","ipcas_21:73:33","189","3","148","LIED10MEAS/LLN0$Measurement","0","0","0"
"8811","167.117248700","ipcas_21:73:33","150","3","149","LIED10CTRL/LLN0$Status","0","1","0"
"8812","167.117739781","ipcas_21:73:33","147","3","149","LIED10PROT/LLN0$Alarm","1","",""
"8813","167.118613982","ipcas_21:73:33","189","3","149","LIED10MEAS/LLN0$Measurement","0","0","0"
"8865","168.148199198","ipcas_21:73:33","150","3","150","LIED10CTRL/LLN0$Status","0","1","0"
"8866","168.148510706","ipcas_21:73:33","147","3","150","LIED10PROT/LLN0$Alarm","1","",""
"8867","168.148750176","ipcas_21:73:33","189","3","150","LIED10MEAS/LLN0$Measurement","0","0","0"
"8918","169.190752595","ipcas_21:73:33","150","3","151","LIED10CTRL/LLN0$Status","0","1","0"
"8919","169.190765595","ipcas_21:73:33","147","3","151","LIED10PROT/LLN0$Alarm","1","",""
"8920","169.190767549","ipcas_21:73:33","189","3","151","LIED10MEAS/LLN0$Measurement","0","0","0"
"8977","170.222559810","ipcas_21:73:33","150","3","152","LIED10CTRL/LLN0$Status","0","1","0"
"8978","170.223931750","ipcas_21:73:33","147","3","152","LIED10PROT/LLN0$Alarm","1","",""
"8979","170.223938506","ipcas_21:73:33","189","3","152","LIED10MEAS/LLN0$Measurement","0","0","0"
"9033","171.260076786","ipcas_21:73:33","150","3","153","LIED10CTRL/LLN0$Status","0","1","0"
"9034","171.261620821","ipcas_21:73:33","147","3","153","LIED10PROT/LLN0$Alarm","1","",""
"9035","171.261627032","ipcas_21:73:33","189","3","153","LIED10MEAS/LLN0$Measurement","0","0","0"
"9112","172.303219393","ipcas_21:73:33","150","3","154","LIED10CTRL/LLN0$Status","0","1","0"
"9113","172.303232884","ipcas_21:73:33","147","3","154","LIED10PROT/LLN0$Alarm","1","",""
"9114","172.303234381","ipcas_21:73:33","189","3","154","LIED10MEAS/LLN0$Measurement","0","0","0"
"9191","173.336858163","ipcas_21:73:33","150","3","155","LIED10CTRL/LLN0$Status","0","1","0"
"9192","173.336871470","ipcas_21:73:33","147","3","155","LIED10PROT/LLN0$Alarm","1","",""
"9193","173.336872606","ipcas_21:73:33","189","3","155","LIED10MEAS/LLN0$Measurement","0","0","0"
"9271","174.365728231","ipcas_21:73:33","150","3","156","LIED10CTRL/LLN0$Status","0","1","0"
"9272","174.365739557","ipcas_21:73:33","147","3","156","LIED10PROT/LLN0$Alarm","1","",""
"9273","174.365740867","ipcas_21:73:33","189","3","156","LIED10MEAS/LLN0$Measurement","0","0","0"
"9363","175.397339311","ipcas_21:73:33","150","3","157","LIED10CTRL/LLN0$Status","0","1","0"
"9364","175.397347472","ipcas_21:73:33","147","3","157","LIED10PROT/LLN0$Alarm","1","",""
"9365","175.397348983","ipcas_21:73:33","189","3","157","LIED10MEAS/LLN0$Measurement","0","0","0"
"9432","176.418619388","ipcas_21:73:33","150","3","158","LIED10CTRL/LLN0$Status","0","1","0"
"9433","176.418627724","ipcas_21:73:33","147","3","158","LIED10PROT/LLN0$Alarm","1","",""
"9434","176.418629298","ipcas_21:73:33","189","3","158","LIED10MEAS/LLN0$Measurement","0","0","0"
"9492","177.446858062","ipcas_21:73:33","150","3","159","LIED10CTRL/LLN0$Status","0","1","0"
"9493","177.446872187","ipcas_21:73:33","147","3","159","LIED10PROT/LLN0$Alarm","1","",""
"9494","177.446873758","ipcas_21:73:33","189","3","159","LIED10MEAS/LLN0$Measurement","0","0","0"
"9555","178.478555685","ipcas_21:73:33","150","3","160","LIED10CTRL/LLN0$Status","0","1","0"
"9556","178.478569968","ipcas_21:73:33","147","3","160","LIED10PROT/LLN0$Alarm","1","",""
"9557","178.479308587","ipcas_21:73:33","189","3","160","LIED10MEAS/LLN0$Measurement","0","0","0"
"9616","179.513930511","ipcas_21:73:33","150","3","161","LIED10CTRL/LLN0$Status","0","1","0"
"9617","179.513943665","ipcas_21:73:33","147","3","161","LIED10PROT/LLN0$Alarm","1","",""
"9618","179.513945275","ipcas_21:73:33","189","3","161","LIED10MEAS/LLN0$Measurement","0","0","0"
"9682","180.533936363","ipcas_21:73:33","150","3","162","LIED10CTRL/LLN0$Status","0","1","0"
"9683","180.533949346","ipcas_21:73:33","147","3","162","LIED10PROT/LLN0$Alarm","1","",""
"9684","180.533950486","ipcas_21:73:33","189","3","162","LIED10MEAS/LLN0$Measurement","0","0","0"
"9745","181.578523894","ipcas_21:73:33","150","3","163","LIED10CTRL/LLN0$Status","0","1","0"
"9746","181.578534950","ipcas_21:73:33","147","3","163","LIED10PROT/LLN0$Alarm","1","",""
"9747","181.578535610","ipcas_21:73:33","189","3","163","LIED10MEAS/LLN0$Measurement","0","0","0"
"9804","182.601601478","ipcas_21:73:33","150","3","164","LIED10CTRL/LLN0$Status","0","1","0"
"9805","182.601613987","ipcas_21:73:33","147","3","164","LIED10PROT/LLN0$Alarm","1","",""
"9806","182.601615400","ipcas_21:73:33","189","3","164","LIED10MEAS/LLN0$Measurement","0","0","0"
"9889","183.637283522","ipcas_21:73:33","150","3","165","LIED10CTRL/LLN0$Status","0","1","0"
"9890","183.637292393","ipcas_21:73:33","147","3","165","LIED10PROT/LLN0$Alarm","1","",""
"9891","183.637293970","ipcas_21:73:33","189","3","165","LIED10MEAS/LLN0$Measurement","0","0","0"
"9990","184.666058045","ipcas_21:73:33","150","3","166","LIED10CTRL/LLN0$Status","0","1","0"
"9991","184.666632111","ipcas_21:73:33","147","3","166","LIED10PROT/LLN0$Alarm","1","",""
"9992","184.695531090","ipcas_21:73:33","189","3","166","LIED10MEAS/LLN0$Measurement","0","0","0"
"10112","185.770839897","ipcas_21:73:33","150","3","167","LIED10CTRL/LLN0$Status","0","1","0"
"10113","185.770851604","ipcas_21:73:33","147","3","167","LIED10PROT/LLN0$Alarm","1","",""
"10114","185.770853191","ipcas_21:73:33","189","3","167","LIED10MEAS/LLN0$Measurement","0","0","0"
"10181","186.820797290","ipcas_21:73:33","150","3","168","LIED10CTRL/LLN0$Status","0","1","0"
"10182","186.821233327","ipcas_21:73:33","147","3","168","LIED10PROT/LLN0$Alarm","1","",""
"10183","186.822953341","ipcas_21:73:33","189","3","168","LIED10MEAS/LLN0$Measurement","0","0","0"
"10244","187.850899269","ipcas_21:73:33","150","3","169","LIED10CTRL/LLN0$Status","0","1","0"
"10245","187.850906686","ipcas_21:73:33","147","3","169","LIED10PROT/LLN0$Alarm","1","",""
"10246","187.850908356","ipcas_21:73:33","189","3","169","LIED10MEAS/LLN0$Measurement","0","0","0"
"10321","188.886733080","ipcas_21:73:33","150","3","170","LIED10CTRL/LLN0$Status","0","1","0"
"10322","188.886740834","ipcas_21:73:33","147","3","170","LIED10PROT/LLN0$Alarm","1","",""
"10323","188.886742107","ipcas_21:73:33","189","3","170","LIED10MEAS/LLN0$Measurement","0","0","0"
"10376","189.933402780","ipcas_21:73:33","150","3","171","LIED10CTRL/LLN0$Status","0","1","0"
"10377","189.935141696","ipcas_21:73:33","147","3","171","LIED10PROT/LLN0$Alarm","1","",""
"10378","189.935148571","ipcas_21:73:33","189","3","171","LIED10MEAS/LLN0$Measurement","0","0","0"
"10430","190.958960968","ipcas_21:73:33","150","3","172","LIED10CTRL/LLN0$Status","0","1","0"
"10431","190.958973965","ipcas_21:73:33","147","3","172","LIED10PROT/LLN0$Alarm","1","",""
"10432","190.958975408","ipcas_21:73:33","189","3","172","LIED10MEAS/LLN0$Measurement","0","0","0"
"10498","191.986495090","ipcas_21:73:33","150","3","173","LIED10CTRL/LLN0$Status","0","1","0"
"10499","191.986502176","ipcas_21:73:33","147","3","173","LIED10PROT/LLN0$Alarm","1","",""
"10500","191.986503550","ipcas_21:73:33","189","3","173","LIED10MEAS/LLN0$Measurement","0","0","0"
"10650","194.134188341","ipcas_21:73:33","150","3","174","LIED10CTRL/LLN0$Status","0","1","0"
"10651","194.134189243","ipcas_21:73:33","147","3","174","LIED10PROT/LLN0$Alarm","1","",""
"10652","194.134189719","ipcas_21:73:33","189","3","174","LIED10MEAS/LLN0$Measurement","0","0","0"
"10751","195.140817435","ipcas_21:73:33","150","3","175","LIED10CTRL/LLN0$Status","0","1","0"
"10752","195.140824926","ipcas_21:73:33","147","3","175","LIED10PROT/LLN0$Alarm","1","",""
"10753","195.140826566","ipcas_21:73:33","189","3","175","LIED10MEAS/LLN0$Measurement","0","0","0"
"10824","196.170683769","ipcas_21:73:33","150","3","176","LIED10CTRL/LLN0$Status","0","1","0"
"10825","196.170695202","ipcas_21:73:33","147","3","176","LIED10PROT/LLN0$Alarm","1","",""
"10826","196.170696197","ipcas_21:73:33","189","3","176","LIED10MEAS/LLN0$Measurement","0","0","0"
"10884","197.204094082","ipcas_21:73:33","150","3","177","LIED10CTRL/LLN0$Status","0","1","0"
"10885","197.204590111","ipcas_21:73:33","147","3","177","LIED10PROT/LLN0$Alarm","1","",""
"10886","197.205512796","ipcas_21:73:33","189","3","177","LIED10MEAS/LLN0$Measurement","0","0","0"
"10946","198.231742028","ipcas_21:73:33","150","3","178","LIED10CTRL/LLN0$Status","0","1","0"
"10947","198.233553371","ipcas_21:73:33","147","3","178","LIED10PROT/LLN0$Alarm","1","",""
"10948","198.233561821","ipcas_21:73:33","189","3","178","LIED10MEAS/LLN0$Measurement","0","0","0"
"11004","199.276813170","ipcas_21:73:33","150","3","179","LIED10CTRL/LLN0$Status","0","1","0"
"11005","199.277381427","ipcas_21:73:33","147","3","179","LIED10PROT/LLN0$Alarm","1","",""
"11006","199.278323367","ipcas_21:73:33","189","3","179","LIED10MEAS/LLN0$Measurement","0","0","0"
"11064","200.316635439","ipcas_21:73:33","150","3","180","LIED10CTRL/LLN0$Status","0","1","0"
"11065","200.316645811","ipcas_21:73:33","147","3","180","LIED10PROT/LLN0$Alarm","1","",""
"11066","200.316646554","ipcas_21:73:33","189","3","180","LIED10MEAS/LLN0$Measurement","0","0","0"
"11126","201.310440454","ipcas_21:73:33","150","3","181","LIED10CTRL/LLN0$Status","0","1","0"
"11127","201.310451893","ipcas_21:73:33","147","3","181","LIED10PROT/LLN0$Alarm","1","",""
"11128","201.310453176","ipcas_21:73:33","189","3","181","LIED10MEAS/LLN0$Measurement","0","0","0"
"11184","202.351216965","ipcas_21:73:33","150","3","182","LIED10CTRL/LLN0$Status","0","1","0"
"11185","202.351268379","ipcas_21:73:33","147","3","182","LIED10PROT/LLN0$Alarm","1","",""
"11186","202.351270386","ipcas_21:73:33","189","3","182","LIED10MEAS/LLN0$Measurement","0","0","0"
"11242","203.379379376","ipcas_21:73:33","150","3","183","LIED10CTRL/LLN0$Status","0","1","0"
"11243","203.379771647","ipcas_21:73:33","147","3","183","LIED10PROT/LLN0$Alarm","1","",""
"11244","203.379778342","ipcas_21:73:33","189","3","183","LIED10MEAS/LLN0$Measurement","0","0","0"
"11297","204.440494605","ipcas_21:73:33","150","3","184","LIED10CTRL/LLN0$Status","0","1","0"
"11298","204.440505286","ipcas_21:73:33","147","3","184","LIED10PROT/LLN0$Alarm","1","",""
"11299","204.440506693","ipcas_21:73:33","189","3","184","LIED10MEAS/LLN0$Measurement","0","0","0"
"11352","205.461985315","ipcas_21:73:33","150","3","185","LIED10CTRL/LLN0$Status","0","1","0"
"11353","205.463765550","ipcas_21:73:33","147","3","185","LIED10PROT/LLN0$Alarm","1","",""
"11354","205.463774644","ipcas_21:73:33","189","3","185","LIED10MEAS/LLN0$Measurement","0","0","0"
"11410","206.508499509","ipcas_21:73:33","150","3","186","LIED10CTRL/LLN0$Status","0","1","0"
"11411","206.508513561","ipcas_21:73:33","147","3","186","LIED10PROT/LLN0$Alarm","1","",""
"11412","206.508514710","ipcas_21:73:33","189","3","186","LIED10MEAS/LLN0$Measurement","0","0","0"
"11466","207.588215701","ipcas_21:73:33","150","3","187","LIED10CTRL/LLN0$Status","0","1","0"
"11467","207.588226205","ipcas_21:73:33","147","3","187","LIED10PROT/LLN0$Alarm","1","",""
"11468","207.588227832","ipcas_21:73:33","189","3","187","LIED10MEAS/LLN0$Measurement","0","0","0"
"11521","208.624992166","ipcas_21:73:33","150","3","188","LIED10CTRL/LLN0$Status","0","1","0"
"11522","208.625003318","ipcas_21:73:33","147","3","188","LIED10PROT/LLN0$Alarm","1","",""
"11523","208.625003965","ipcas_21:73:33","189","3","188","LIED10MEAS/LLN0$Measurement","0","0","0"
"11579","209.623866112","ipcas_21:73:33","150","3","189","LIED10CTRL/LLN0$Status","0","1","0"
"11580","209.624388976","ipcas_21:73:33","147","3","189","LIED10PROT/LLN0$Alarm","1","",""
"11581","209.624940008","ipcas_21:73:33","189","3","189","LIED10MEAS/LLN0$Measurement","0","0","0"
"11634","210.660680544","ipcas_21:73:33","150","3","190","LIED10CTRL/LLN0$Status","0","1","0"
"11635","210.660856827","ipcas_21:73:33","147","3","190","LIED10PROT/LLN0$Alarm","1","",""
"11636","210.660861392","ipcas_21:73:33","189","3","190","LIED10MEAS/LLN0$Measurement","0","0","0"
"11689","211.692484716","ipcas_21:73:33","150","3","191","LIED10CTRL/LLN0$Status","0","1","0"
"11690","211.692500108","ipcas_21:73:33","147","3","191","LIED10PROT/LLN0$Alarm","1","",""
"11691","211.692501805","ipcas_21:73:33","189","3","191","LIED10MEAS/LLN0$Measurement","0","0","0"
"11721","212.720925068","ipcas_21:73:33","150","3","192","LIED10CTRL/LLN0$Status","0","1","0"
"11722","212.720934737","ipcas_21:73:33","147","3","192","LIED10PROT/LLN0$Alarm","1","",""
"11723","212.720935846","ipcas_21:73:33","189","3","192","LIED10MEAS/LLN0$Measurement","0","0","0"
"11777","213.769885914","ipcas_21:73:33","150","3","193","LIED10CTRL/LLN0$Status","0","1","0"
"11778","213.769898205","ipcas_21:73:33","147","3","193","LIED10PROT/LLN0$Alarm","1","",""
"11779","213.769899702","ipcas_21:73:33","189","3","193","LIED10MEAS/LLN0$Measurement","0","0","0"
"11833","214.811127492","ipcas_21:73:33","150","3","194","LIED10CTRL/LLN0$Status","0","1","0"
"11834","214.811141337","ipcas_21:73:33","147","3","194","LIED10PROT/LLN0$Alarm","1","",""
"11835","214.811142586","ipcas_21:73:33","189","3","194","LIED10MEAS/LLN0$Measurement","0","0","0"
"11894","215.836776523","ipcas_21:73:33","150","3","195","LIED10CTRL/LLN0$Status","0","1","0"
"11895","215.836791002","ipcas_21:73:33","147","3","195","LIED10PROT/LLN0$Alarm","1","",""
"11896","215.837153962","ipcas_21:73:33","189","3","195","LIED10MEAS/LLN0$Measurement","0","0","0"
"11975","216.892112191","ipcas_21:73:33","150","3","196","LIED10CTRL/LLN0$Status","0","1","0"
"11976","216.892120296","ipcas_21:73:33","147","3","196","LIED10PROT/LLN0$Alarm","1","",""
"11977","216.892122023","ipcas_21:73:33","189","3","196","LIED10MEAS/LLN0$Measurement","0","0","0"
"12054","217.946879808","ipcas_21:73:33","150","3","197","LIED10CTRL/LLN0$Status","0","1","0"
"12055","217.946891595","ipcas_21:73:33","147","3","197","LIED10PROT/LLN0$Alarm","1","",""
"12056","217.946893232","ipcas_21:73:33","189","3","197","LIED10MEAS/LLN0$Measurement","0","0","0"
"12144","218.986373770","ipcas_21:73:33","150","3","198","LIED10CTRL/LLN0$Status","0","1","0"
"12145","218.986385573","ipcas_21:73:33","147","3","198","LIED10PROT/LLN0$Alarm","1","",""
"12146","218.986387127","ipcas_21:73:33","189","3","198","LIED10MEAS/LLN0$Measurement","0","0","0"
"12243","220.035652964","ipcas_21:73:33","150","3","199","LIED10CTRL/LLN0$Status","0","1","0"
"12244","220.035662891","ipcas_21:73:33","147","3","199","LIED10PROT/LLN0$Alarm","1","",""
"12245","220.035663757","ipcas_21:73:33","189","3","199","LIED10MEAS/LLN0$Measurement","0","0","0"
"12331","221.051678821","ipcas_21:73:33","150","3","200","LIED10CTRL/LLN0$Status","0","1","0"
"12332","221.051690839","ipcas_21:73:33","147","3","200","LIED10PROT/LLN0$Alarm","1","",""
"12333","221.051692490","ipcas_21:73:33","189","3","200","LIED10MEAS/LLN0$Measurement","0","0","0"
"12390","222.083668759","ipcas_21:73:33","150","3","201","LIED10CTRL/LLN0$Status","0","1","0"
"12391","222.083680889","ipcas_21:73:33","147","3","201","LIED10PROT/LLN0$Alarm","1","",""
"12392","222.083682000","ipcas_21:73:33","189","3","201","LIED10MEAS/LLN0$Measurement","0","0","0"
"12448","223.126400456","ipcas_21:73:33","150","3","202","LIED10CTRL/LLN0$Status","0","1","0"
"12449","223.126413429","ipcas_21:73:33","147","3","202","LIED10PROT/LLN0$Alarm","1","",""
"12450","223.126415327","ipcas_21:73:33","189","3","202","LIED10MEAS/LLN0$Measurement","0","0","0"
"12512","224.134255776","ipcas_21:73:33","150","3","203","LIED10CTRL/LLN0$Status","0","1","0"
"12513","224.134266962","ipcas_21:73:33","147","3","203","LIED10PROT/LLN0$Alarm","1","",""
"12514","224.134268181","ipcas_21:73:33","189","3","203","LIED10MEAS/LLN0$Measurement","0","0","0"
"12602","225.211712299","ipcas_21:73:33","150","3","204","LIED10CTRL/LLN0$Status","0","1","0"
"12603","225.211716560","ipcas_21:73:33","147","3","204","LIED10PROT/LLN0$Alarm","1","",""
"12604","225.211717071","ipcas_21:73:33","189","3","204","LIED10MEAS/LLN0$Measurement","0","0","0"
"12667","226.228907246","ipcas_21:73:33","150","3","205","LIED10CTRL/LLN0$Status","0","1","0"
"12668","226.228912740","ipcas_21:73:33","147","3","205","LIED10PROT/LLN0$Alarm","1","",""
"12669","226.228913208","ipcas_21:73:33","189","3","205","LIED10MEAS/LLN0$Measurement","0","0","0"
"12730","227.243210936","ipcas_21:73:33","150","3","206","LIED10CTRL/LLN0$Status","0","1","0"
"12731","227.243223549","ipcas_21:73:33","147","3","206","LIED10PROT/LLN0$Alarm","1","",""
"12732","227.243224405","ipcas_21:73:33","189","3","206","LIED10MEAS/LLN0$Measurement","0","0","0"
"12796","228.261720343","ipcas_21:73:33","150","3","207","LIED10CTRL/LLN0$Status","0","1","0"
"12797","228.261832941","ipcas_21:73:33","147","3","207","LIED10PROT/LLN0$Alarm","1","",""
"12798","228.261836128","ipcas_21:73:33","189","3","207","LIED10MEAS/LLN0$Measurement","0","0","0"
"12886","229.279137613","ipcas_21:73:33","150","3","208","LIED10CTRL/LLN0$Status","0","1","0"
"12887","229.279140112","ipcas_21:73:33","147","3","208","LIED10PROT/LLN0$Alarm","1","",""
"12888","229.326612680","ipcas_21:73:33","189","3","208","LIED10MEAS/LLN0$Measurement","0","0","0"
"12999","230.314144415","ipcas_21:73:33","150","3","209","LIED10CTRL/LLN0$Status","0","1","0"
"13000","230.314158038","ipcas_21:73:33","147","3","209","LIED10PROT/LLN0$Alarm","1","",""
"13001","230.314463659","ipcas_21:73:33","189","3","209","LIED10MEAS/LLN0$Measurement","0","0","0"
"13099","231.357127011","ipcas_21:73:33","150","3","210","LIED10CTRL/LLN0$Status","0","1","0"
"13100","231.357137367","ipcas_21:73:33","147","3","210","LIED10PROT/LLN0$Alarm","1","",""
"13101","231.357137873","ipcas_21:73:33","189","3","210","LIED10MEAS/LLN0$Measurement","0","0","0"
"13161","232.377050768","ipcas_21:73:33","150","3","211","LIED10CTRL/LLN0$Status","0","1","0"
"13162","232.377051683","ipcas_21:73:33","147","3","211","LIED10PROT/LLN0$Alarm","1","",""
"13163","232.377052856","ipcas_21:73:33","189","3","211","LIED10MEAS/LLN0$Measurement","0","0","0"
"13228","233.429248904","ipcas_21:73:33","150","3","212","LIED10CTRL/LLN0$Status","0","1","0"
"13229","233.429625781","ipcas_21:73:33","147","3","212","LIED10PROT/LLN0$Alarm","1","",""
"13230","233.429629380","ipcas_21:73:33","189","3","212","LIED10MEAS/LLN0$Measurement","0","0","0"
"13307","234.482260123","ipcas_21:73:33","150","3","213","LIED10CTRL/LLN0$Status","0","1","0"
"13311","234.484765570","ipcas_21:73:33","147","3","213","LIED10PROT/LLN0$Alarm","1","",""
"13314","234.489963320","ipcas_21:73:33","189","3","213","LIED10MEAS/LLN0$Measurement","0","0","0"
"13375","235.534740945","ipcas_21:73:33","150","3","214","LIED10CTRL/LLN0$Status","0","1","0"
"13376","235.534741621","ipcas_21:73:33","147","3","214","LIED10PROT/LLN0$Alarm","1","",""
"13377","235.534742197","ipcas_21:73:33","189","3","214","LIED10MEAS/LLN0$Measurement","0","0","0"
"13437","236.548115189","ipcas_21:73:33","150","3","215","LIED10CTRL/LLN0$Status","0","1","0"
"13438","236.548125718","ipcas_21:73:33","147","3","215","LIED10PROT/LLN0$Alarm","1","",""
"13439","236.548126410","ipcas_21:73:33","189","3","215","LIED10MEAS/LLN0$Measurement","0","0","0"
"13499","237.562996837","ipcas_21:73:33","150","3","216","LIED10CTRL/LLN0$Status","0","1","0"
"13500","237.563005120","ipcas_21:73:33","147","3","216","LIED10PROT/LLN0$Alarm","1","",""
"13501","237.563005870","ipcas_21:73:33","189","3","216","LIED10MEAS/LLN0$Measurement","0","0","0"
"13596","238.603834353","ipcas_21:73:33","150","3","217","LIED10CTRL/LLN0$Status","0","1","0"
"13597","238.603980394","ipcas_21:73:33","147","3","217","LIED10PROT/LLN0$Alarm","1","",""
"13598","238.603983034","ipcas_21:73:33","189","3","217","LIED10MEAS/LLN0$Measurement","0","0","0"
"13666","239.653353039","ipcas_21:73:33","150","3","218","LIED10CTRL/LLN0$Status","0","1","0"
"13667","239.653353777","ipcas_21:73:33","147","3","218","LIED10PROT/LLN0$Alarm","1","",""
"13668","239.653354299","ipcas_21:73:33","189","3","218","LIED10MEAS/LLN0$Measurement","0","0","0"
"13762","240.675255842","ipcas_21:73:33","150","3","219","LIED10CTRL/LLN0$Status","0","1","0"
"13763","240.675257018","ipcas_21:73:33","147","3","219","LIED10PROT/LLN0$Alarm","1","",""
"13764","240.675257880","ipcas_21:73:33","189","3","219","LIED10MEAS/LLN0$Measurement","0","0","0"
"13886","241.681715852","ipcas_21:73:33","150","3","220","LIED10CTRL/LLN0$Status","0","1","0"
"13887","241.681852250","ipcas_21:73:33","147","3","220","LIED10PROT/LLN0$Alarm","1","",""
"13888","241.681966260","ipcas_21:73:33","189","3","220","LIED10MEAS/LLN0$Measurement","0","0","0"
"13953","242.712712490","ipcas_21:73:33","150","3","221","LIED10CTRL/LLN0$Status","0","1","0"
"13954","242.712912386","ipcas_21:73:33","147","3","221","LIED10PROT/LLN0$Alarm","1","",""
"13955","242.713136387","ipcas_21:73:33","189","3","221","LIED10MEAS/LLN0$Measurement","0","0","0"
"14011","243.746411780","ipcas_21:73:33","150","3","222","LIED10CTRL/LLN0$Status","0","1","0"
"14012","243.746523012","ipcas_21:73:33","147","3","222","LIED10PROT/LLN0$Alarm","1","",""
"14013","243.746527301","ipcas_21:73:33","189","3","222","LIED10MEAS/LLN0$Measurement","0","0","0"
"14065","244.767236682","ipcas_21:73:33","150","3","223","LIED10CTRL/LLN0$Status","0","1","0"
"14066","244.767246532","ipcas_21:73:33","147","3","223","LIED10PROT/LLN0$Alarm","1","",""
"14067","244.767247289","ipcas_21:73:33","189","3","223","LIED10MEAS/LLN0$Measurement","0","0","0"
"14126","245.819873433","ipcas_21:73:33","150","3","224","LIED10CTRL/LLN0$Status","0","1","0"
"14127","245.819883298","ipcas_21:73:33","147","3","224","LIED10PROT/LLN0$Alarm","1","",""
"14128","245.819883818","ipcas_21:73:33","189","3","224","LIED10MEAS/LLN0$Measurement","0","0","0"
"14169","246.830750737","ipcas_21:73:33","150","3","225","LIED10CTRL/LLN0$Status","0","1","0"
"14170","246.830759871","ipcas_21:73:33","147","3","225","LIED10PROT/LLN0$Alarm","1","",""
"14171","246.830761234","ipcas_21:73:33","189","3","225","LIED10MEAS/LLN0$Measurement","0","0","0"
"14253","247.892423077","ipcas_21:73:33","150","3","226","LIED10CTRL/LLN0$Status","0","1","0"
"14254","247.892423394","ipcas_21:73:33","147","3","226","LIED10PROT/LLN0$Alarm","1","",""
"14255","247.892424433","ipcas_21:73:33","189","3","226","LIED10MEAS/LLN0$Measurement","0","0","0"
"14300","248.932072953","ipcas_21:73:33","150","3","227","LIED10CTRL/LLN0$Status","0","1","0"
"14301","248.932079341","ipcas_21:73:33","147","3","227","LIED10PROT/LLN0$Alarm","1","",""
"14302","248.932080418","ipcas_21:73:33","189","3","227","LIED10MEAS/LLN0$Measurement","0","0","0"
"14368","249.952246011","ipcas_21:73:33","150","3","228","LIED10CTRL/LLN0$Status","0","1","0"
"14369","249.953336876","ipcas_21:73:33","147","3","228","LIED10PROT/LLN0$Alarm","1","",""
"14370","249.953344503","ipcas_21:73:33","189","3","228","LIED10MEAS/LLN0$Measurement","0","0","0"
"14425","250.978837946","ipcas_21:73:33","150","3","229","LIED10CTRL/LLN0$Status","0","1","0"
"14426","250.978838376","ipcas_21:73:33","147","3","229","LIED10PROT/LLN0$Alarm","1","",""
"14427","250.978839978","ipcas_21:73:33","189","3","229","LIED10MEAS/LLN0$Measurement","0","0","0"
"14481","251.995694064","ipcas_21:73:33","150","3","230","LIED10CTRL/LLN0$Status","0","1","0"
"14482","251.995707231","ipcas_21:73:33","147","3","230","LIED10PROT/LLN0$Alarm","1","",""
"14483","251.995708828","ipcas_21:73:33","189","3","230","LIED10MEAS/LLN0$Measurement","0","0","0"
"14524","253.024333706","ipcas_21:73:33","150","3","231","LIED10CTRL/LLN0$Status","0","1","0"
"14525","253.024334715","ipcas_21:73:33","147","3","231","LIED10PROT/LLN0$Alarm","1","",""
"14526","253.024335541","ipcas_21:73:33","189","3","231","LIED10MEAS/LLN0$Measurement","0","0","0"
"14593","255.301033402","ipcas_21:73:33","150","3","232","LIED10CTRL/LLN0$Status","0","1","0"
"14594","255.301044618","ipcas_21:73:33","147","3","232","LIED10PROT/LLN0$Alarm","1","",""
"14595","255.301045687","ipcas_21:73:33","189","3","232","LIED10MEAS/LLN0$Measurement","0","0","0"
"14650","256.333528560","ipcas_21:73:33","150","3","233","LIED10CTRL/LLN0$Status","0","1","0"
"14651","256.333815940","ipcas_21:73:33","147","3","233","LIED10PROT/LLN0$Alarm","1","",""
"14652","256.333821987","ipcas_21:73:33","189","3","233","LIED10MEAS/LLN0$Measurement","0","0","0"
"14705","257.360339542","ipcas_21:73:33","150","3","234","LIED10CTRL/LLN0$Status","0","1","0"
"14706","257.360353066","ipcas_21:73:33","147","3","234","LIED10PROT/LLN0$Alarm","1","",""
"14707","257.360354643","ipcas_21:73:33","189","3","234","LIED10MEAS/LLN0$Measurement","0","0","0"
"14758","258.412162881","ipcas_21:73:33","150","3","235","LIED10CTRL/LLN0$Status","0","1","0"
"14759","258.412670082","ipcas_21:73:33","147","3","235","LIED10PROT/LLN0$Alarm","1","",""
"14760","258.412924322","ipcas_21:73:33","189","3","235","LIED10MEAS/LLN0$Measurement","0","0","0"
"14814","259.437880180","ipcas_21:73:33","150","3","236","LIED10CTRL/LLN0$Status","0","1","0"
"14815","259.437894613","ipcas_21:73:33","147","3","236","LIED10PROT/LLN0$Alarm","1","",""
"14816","259.437896357","ipcas_21:73:33","189","3","236","LIED10MEAS/LLN0$Measurement","0","0","0"
"14879","260.520380267","ipcas_21:73:33","150","3","237","LIED10CTRL/LLN0$Status","0","1","0"
"14880","260.520393465","ipcas_21:73:33","147","3","237","LIED10PROT/LLN0$Alarm","1","",""
"14881","260.520394933","ipcas_21:73:33","189","3","237","LIED10MEAS/LLN0$Measurement","0","0","0"
"14938","261.526616504","ipcas_21:73:33","150","3","238","LIED10CTRL/LLN0$Status","0","1","0"
"14939","261.526629584","ipcas_21:73:33","147","3","238","LIED10PROT/LLN0$Alarm","1","",""
"14940","261.526632467","ipcas_21:73:33","189","3","238","LIED10MEAS/LLN0$Measurement","0","0","0"
"15023","262.550488834","ipcas_21:73:33","150","3","239","LIED10CTRL/LLN0$Status","0","1","0"
"15024","262.550502054","ipcas_21:73:33","147","3","239","LIED10PROT/LLN0$Alarm","1","",""
"15027","262.550508596","ipcas_21:73:33","189","3","239","LIED10MEAS/LLN0$Measurement","0","0","0"
"15111","263.562277355","ipcas_21:73:33","150","3","240","LIED10CTRL/LLN0$Status","0","1","0"
"15112","263.562288602","ipcas_21:73:33","147","3","240","LIED10PROT/LLN0$Alarm","1","",""
"15113","263.562289768","ipcas_21:73:33","189","3","240","LIED10MEAS/LLN0$Measurement","0","0","0"
"15195","264.582382752","ipcas_21:73:33","150","3","241","LIED10CTRL/LLN0$Status","0","1","0"
"15196","264.582397773","ipcas_21:73:33","147","3","241","LIED10PROT/LLN0$Alarm","1","",""
"15197","264.583807076","ipcas_21:73:33","189","3","241","LIED10MEAS/LLN0$Measurement","0","0","0"
"15308","265.666846153","ipcas_21:73:33","150","3","242","LIED10CTRL/LLN0$Status","0","1","0"
"15309","265.666857863","ipcas_21:73:33","147","3","242","LIED10PROT/LLN0$Alarm","1","",""
"15310","265.666859130","ipcas_21:73:33","189","3","242","LIED10MEAS/LLN0$Measurement","0","0","0"
"15369","266.682725184","ipcas_21:73:33","150","3","243","LIED10CTRL/LLN0$Status","0","1","0"
"15370","266.682726203","ipcas_21:73:33","147","3","243","LIED10PROT/LLN0$Alarm","1","",""
"15371","266.682727479","ipcas_21:73:33","189","3","243","LIED10MEAS/LLN0$Measurement","0","0","0"
"15436","267.736388525","ipcas_21:73:33","150","3","244","LIED10CTRL/LLN0$Status","0","1","0"
"15437","267.736633550","ipcas_21:73:33","147","3","244","LIED10PROT/LLN0$Alarm","1","",""
"15438","267.736951619","ipcas_21:73:33","189","3","244","LIED10MEAS/LLN0$Measurement","0","0","0"
"15497","268.784115438","ipcas_21:73:33","150","3","245","LIED10CTRL/LLN0$Status","0","1","0"
"15498","268.784118123","ipcas_21:73:33","147","3","245","LIED10PROT/LLN0$Alarm","1","",""
"15499","268.784118954","ipcas_21:73:33","189","3","245","LIED10MEAS/LLN0$Measurement","0","0","0"
"15556","269.817519105","ipcas_21:73:33","150","3","246","LIED10CTRL/LLN0$Status","0","1","0"
"15557","269.817519785","ipcas_21:73:33","147","3","246","LIED10PROT/LLN0$Alarm","1","",""
"15558","269.817520733","ipcas_21:73:33","189","3","246","LIED10MEAS/LLN0$Measurement","0","0","0"
"15609","270.841555649","ipcas_21:73:33","150","3","247","LIED10CTRL/LLN0$Status","0","1","0"
"15610","270.841560285","ipcas_21:73:33","147","3","247","LIED10PROT/LLN0$Alarm","1","",""
"15611","270.841561198","ipcas_21:73:33","189","3","247","LIED10MEAS/LLN0$Measurement","0","0","0"
"15676","271.888909911","ipcas_21:73:33","150","3","248","LIED10CTRL/LLN0$Status","0","1","0"
"15677","271.888910535","ipcas_21:73:33","147","3","248","LIED10PROT/LLN0$Alarm","1","",""
"15678","271.888911060","ipcas_21:73:33","189","3","248","LIED10MEAS/LLN0$Measurement","0","0","0"
"15724","272.910350605","ipcas_21:73:33","150","3","249","LIED10CTRL/LLN0$Status","0","1","0"
"15725","272.910351055","ipcas_21:73:33","147","3","249","LIED10PROT/LLN0$Alarm","1","",""
"15726","272.910351952","ipcas_21:73:33","189","3","249","LIED10MEAS/LLN0$Measurement","0","0","0"
"15763","273.919262230","ipcas_21:73:33","150","3","250","LIED10CTRL/LLN0$Status","0","1","0"
"15764","273.919272557","ipcas_21:73:33","147","3","250","LIED10PROT/LLN0$Alarm","1","",""
"15765","273.919882804","ipcas_21:73:33","189","3","250","LIED10MEAS/LLN0$Measurement","0","0","0"
"15862","274.988863301","ipcas_21:73:33","150","3","251","LIED10CTRL/LLN0$Status","0","1","0"
"15863","274.988870695","ipcas_21:73:33","147","3","251","LIED10PROT/LLN0$Alarm","1","",""
"15864","274.988871639","ipcas_21:73:33","189","3","251","LIED10MEAS/LLN0$Measurement","0","0","0"
"15958","275.995072306","ipcas_21:73:33","150","3","252","LIED10CTRL/LLN0$Status","0","1","0"
"15959","275.995079436","ipcas_21:73:33","147","3","252","LIED10PROT/LLN0$Alarm","1","",""
"15960","275.995080445","ipcas_21:73:33","189","3","252","LIED10MEAS/LLN0$Measurement","0","0","0"
"16082","277.050782985","ipcas_21:73:33","150","3","253","LIED10CTRL/LLN0$Status","0","1","0"
"16083","277.093616985","ipcas_21:73:33","147","3","253","LIED10PROT/LLN0$Alarm","1","",""
"16084","277.093662683","ipcas_21:73:33","189","3","253","LIED10MEAS/LLN0$Measurement","0","0","0"
"16169","278.132238728","ipcas_21:73:33","150","3","254","LIED10CTRL/LLN0$Status","0","1","0"
"16170","278.132239809","ipcas_21:73:33","147","3","254","LIED10PROT/LLN0$Alarm","1","",""
"16171","278.132240747","ipcas_21:73:33","189","3","254","LIED10MEAS/LLN0$Measurement","0","0","0"
"16234","279.183250572","ipcas_21:73:33","150","3","255","LIED10CTRL/LLN0$Status","0","1","0"
"16235","279.183252738","ipcas_21:73:33","147","3","255","LIED10PROT/LLN0$Alarm","1","",""
"16236","279.183253442","ipcas_21:73:33","189","3","255","LIED10MEAS/LLN0$Measurement","0","0","0"
"16307","280.177310219","ipcas_21:73:33","150","3","256","LIED10CTRL/LLN0$Status","0","1","0"
"16308","280.177320011","ipcas_21:73:33","147","3","256","LIED10PROT/LLN0$Alarm","1","",""
"16309","280.177320916","ipcas_21:73:33","189","3","256","LIED10MEAS/LLN0$Measurement","0","0","0"
"16365","281.204222565","ipcas_21:73:33","150","3","257","LIED10CTRL/LLN0$Status","0","1","0"
"16366","281.204577741","ipcas_21:73:33","147","3","257","LIED10PROT/LLN0$Alarm","1","",""
"16367","281.204755114","ipcas_21:73:33","189","3","257","LIED10MEAS/LLN0$Measurement","0","0","0"
"16428","282.237087701","ipcas_21:73:33","150","3","258","LIED10CTRL/LLN0$Status","0","1","0"
"16429","282.237096832","ipcas_21:73:33","147","3","258","LIED10PROT/LLN0$Alarm","1","",""
"16430","282.237097278","ipcas_21:73:33","189","3","258","LIED10MEAS/LLN0$Measurement","0","0","0"
"16510","283.267622280","ipcas_21:73:33","150","3","259","LIED10CTRL/LLN0$Status","0","1","0"
"16511","283.267630101","ipcas_21:73:33","147","3","259","LIED10PROT/LLN0$Alarm","1","",""
"16512","283.267631176","ipcas_21:73:33","189","3","259","LIED10MEAS/LLN0$Measurement","0","0","0"
"16607","284.289245753","ipcas_21:73:33","150","3","260","LIED10CTRL/LLN0$Status","0","1","0"
"16608","284.289255827","ipcas_21:73:33","147","3","260","LIED10PROT/LLN0$Alarm","1","",""
"16609","284.289485987","ipcas_21:73:33","189","3","260","LIED10MEAS/LLN0$Measurement","0","0","0"
"16697","285.320878946","ipcas_21:73:33","150","3","261","LIED10CTRL/LLN0$Status","0","1","0"
"16698","285.320890092","ipcas_21:73:33","147","3","261","LIED10PROT/LLN0$Alarm","1","",""
"16699","285.320891111","ipcas_21:73:33","189","3","261","LIED10MEAS/LLN0$Measurement","0","0","0"
"16786","286.372524590","ipcas_21:73:33","150","3","262","LIED10CTRL/LLN0$Status","0","1","0"
"16787","286.372529306","ipcas_21:73:33","147","3","262","LIED10PROT/LLN0$Alarm","1","",""
"16788","286.372530067","ipcas_21:73:33","189","3","262","LIED10MEAS/LLN0$Measurement","0","0","0"
"16880","287.396490365","ipcas_21:73:33","150","3","263","LIED10CTRL/LLN0$Status","0","1","0"
"16881","287.397007323","ipcas_21:73:33","147","3","263","LIED10PROT/LLN0$Alarm","1","",""
"16882","287.397012191","ipcas_21:73:33","189","3","263","LIED10MEAS/LLN0$Measurement","0","0","0"
"16950","288.449511706","ipcas_21:73:33","150","3","264","LIED10CTRL/LLN0$Status","0","1","0"
"16951","288.449523160","ipcas_21:73:33","147","3","264","LIED10PROT/LLN0$Alarm","1","",""
"16952","288.450033984","ipcas_21:73:33","189","3","264","LIED10MEAS/LLN0$Measurement","0","0","0"
"17007","289.500823034","ipcas_21:73:33","150","3","265","LIED10CTRL/LLN0$Status","0","1","0"
"17008","289.501754218","ipcas_21:73:33","147","3","265","LIED10PROT/LLN0$Alarm","1","",""
"17009","289.501762093","ipcas_21:73:33","189","3","265","LIED10MEAS/LLN0$Measurement","0","0","0"
"17072","290.565439635","ipcas_21:73:33","150","3","266","LIED10CTRL/LLN0$Status","0","1","0"
"17073","290.565445536","ipcas_21:73:33","147","3","266","LIED10PROT/LLN0$Alarm","1","",""
"17074","290.565447032","ipcas_21:73:33","189","3","266","LIED10MEAS/LLN0$Measurement","0","0","0"
"17133","291.606579550","ipcas_21:73:33","150","3","267","LIED10CTRL/LLN0$Status","0","1","0"
"17134","291.606588875","ipcas_21:73:33","147","3","267","LIED10PROT/LLN0$Alarm","1","",""
"17135","291.606590559","ipcas_21:73:33","189","3","267","LIED10MEAS/LLN0$Measurement","0","0","0"
"17191","292.650789224","ipcas_21:73:33","150","3","268","LIED10CTRL/LLN0$Status","0","1","0"
"17192","292.650798590","ipcas_21:73:33","147","3","268","LIED10PROT/LLN0$Alarm","1","",""
"17193","292.651426297","ipcas_21:73:33","189","3","268","LIED10MEAS/LLN0$Measurement","0","0","0"
"17251","293.705278702","ipcas_21:73:33","150","3","269","LIED10CTRL/LLN0$Status","0","1","0"
"17252","293.705288685","ipcas_21:73:33","147","3","269","LIED10PROT/LLN0$Alarm","1","",""
"17253","293.705527797","ipcas_21:73:33","189","3","269","LIED10MEAS/LLN0$Measurement","0","0","0"
"17311","294.738021158","ipcas_21:73:33","150","3","270","LIED10CTRL/LLN0$Status","0","1","0"
"17312","294.738030983","ipcas_21:73:33","147","3","270","LIED10PROT/LLN0$Alarm","1","",""
"17313","294.738032243","ipcas_21:73:33","189","3","270","LIED10MEAS/LLN0$Measurement","0","0","0"
"17370","295.803848119","ipcas_21:73:33","150","3","271","LIED10CTRL/LLN0$Status","0","1","0"
"17371","295.803851433","ipcas_21:73:33","147","3","271","LIED10PROT/LLN0$Alarm","1","",""
"17372","295.803958509","ipcas_21:73:33","189","3","271","LIED10MEAS/LLN0$Measurement","0","0","0"
"17424","296.838025208","ipcas_21:73:33","150","3","272","LIED10CTRL/LLN0$Status","0","1","0"
"17425","296.838033496","ipcas_21:73:33","147","3","272","LIED10PROT/LLN0$Alarm","1","",""
"17426","296.838034128","ipcas_21:73:33","189","3","272","LIED10MEAS/LLN0$Measurement","0","0","0"
"17477","297.864521778","ipcas_21:73:33","150","3","273","LIED10CTRL/LLN0$Status","0","1","0"
"17478","297.864531300","ipcas_21:73:33","147","3","273","LIED10PROT/LLN0$Alarm","1","",""
"17479","297.864532744","ipcas_21:73:33","189","3","273","LIED10MEAS/LLN0$Measurement","0","0","0"
"17532","298.914674086","ipcas_21:73:33","150","3","274","LIED10CTRL/LLN0$Status","0","1","0"
"17533","298.914685883","ipcas_21:73:33","147","3","274","LIED10PROT/LLN0$Alarm","1","",""
"17534","298.914688085","ipcas_21:73:33","189","3","274","LIED10MEAS/LLN0$Measurement","0","0","0"
"17587","299.947201405","ipcas_21:73:33","150","3","275","LIED10CTRL/LLN0$Status","0","1","0"
"17588","299.947211789","ipcas_21:73:33","147","3","275","LIED10PROT/LLN0$Alarm","1","",""
"17589","299.947213273","ipcas_21:73:33","189","3","275","LIED10MEAS/LLN0$Measurement","0","0","0"
"17641","300.980545381","ipcas_21:73:33","150","3","276","LIED10CTRL/LLN0$Status","0","1","0"
"17642","300.980558972","ipcas_21:73:33","147","3","276","LIED10PROT/LLN0$Alarm","1","",""
"17643","300.981728337","ipcas_21:73:33","189","3","276","LIED10MEAS/LLN0$Measurement","0","0","0"
"17703","302.024508312","ipcas_21:73:33","150","3","277","LIED10CTRL/LLN0$Status","0","1","0"
"17704","302.024520610","ipcas_21:73:33","147","3","277","LIED10PROT/LLN0$Alarm","1","",""
"17705","302.024522538","ipcas_21:73:33","189","3","277","LIED10MEAS/LLN0$Measurement","0","0","0"
"17759","303.063348439","ipcas_21:73:33","150","3","278","LIED10CTRL/LLN0$Status","0","1","0"
"17760","303.063359601","ipcas_21:73:33","147","3","278","LIED10PROT/LLN0$Alarm","1","",""
"17761","303.063360768","ipcas_21:73:33","189","3","278","LIED10MEAS/LLN0$Measurement","0","0","0"
"17813","304.100588864","ipcas_21:73:33","150","3","279","LIED10CTRL/LLN0$Status","0","1","0"
"17814","304.100599962","ipcas_21:73:33","147","3","279","LIED10PROT/LLN0$Alarm","1","",""
"17815","304.100600901","ipcas_21:73:33","189","3","279","LIED10MEAS/LLN0$Measurement","0","0","0"
"17869","305.128567413","ipcas_21:73:33","150","3","280","LIED10CTRL/LLN0$Status","0","1","0"
"17870","305.132867149","ipcas_21:73:33","147","3","280","LIED10PROT/LLN0$Alarm","1","",""
"17871","305.132873094","ipcas_21:73:33","189","3","280","LIED10MEAS/LLN0$Measurement","0","0","0"
"17927","306.181796733","ipcas_21:73:33","150","3","281","LIED10CTRL/LLN0$Status","0","1","0"
"17928","306.181808610","ipcas_21:73:33","147","3","281","LIED10PROT/LLN0$Alarm","1","",""
"17929","306.181810020","ipcas_21:73:33","189","3","281","LIED10MEAS/LLN0$Measurement","0","0","0"
"18005","307.258890489","ipcas_21:73:33","150","3","282","LIED10CTRL/LLN0$Status","0","1","0"
"18006","307.258896689","ipcas_21:73:33","147","3","282","LIED10PROT/LLN0$Alarm","1","",""
"18007","307.258897779","ipcas_21:73:33","189","3","282","LIED10MEAS/LLN0$Measurement","0","0","0"
"18066","308.286298772","ipcas_21:73:33","150","3","283","LIED10CTRL/LLN0$Status","0","1","0"
"18067","308.286309344","ipcas_21:73:33","147","3","283","LIED10PROT/LLN0$Alarm","1","",""
"18068","308.286310920","ipcas_21:73:33","189","3","283","LIED10MEAS/LLN0$Measurement","0","0","0"
"18125","309.314783517","ipcas_21:73:33","150","3","284","LIED10CTRL/LLN0$Status","0","1","0"
"18126","309.314791871","ipcas_21:73:33","147","3","284","LIED10PROT/LLN0$Alarm","1","",""
"18127","309.315362687","ipcas_21:73:33","189","3","284","LIED10MEAS/LLN0$Measurement","0","0","0"
"18182","310.370173917","ipcas_21:73:33","150","3","285","LIED10CTRL/LLN0$Status","0","1","0"
"18183","310.370180669","ipcas_21:73:33","147","3","285","LIED10PROT/LLN0$Alarm","1","",""
"18184","310.370181334","ipcas_21:73:33","189","3","285","LIED10MEAS/LLN0$Measurement","0","0","0"
"18238","311.416283992","ipcas_21:73:33","150","3","286","LIED10CTRL/LLN0$Status","0","1","0"
"18239","311.416294075","ipcas_21:73:33","147","3","286","LIED10PROT/LLN0$Alarm","1","",""
"18240","311.416814974","ipcas_21:73:33","189","3","286","LIED10MEAS/LLN0$Measurement","0","0","0"
"18295","312.458754568","ipcas_21:73:33","150","3","287","LIED10CTRL/LLN0$Status","0","1","0"
"18296","312.458766647","ipcas_21:73:33","147","3","287","LIED10PROT/LLN0$Alarm","1","",""
"18297","312.458768537","ipcas_21:73:33","189","3","287","LIED10MEAS/LLN0$Measurement","0","0","0"
"18350","313.484136990","ipcas_21:73:33","150","3","288","LIED10CTRL/LLN0$Status","0","1","0"
"18351","313.484144184","ipcas_21:73:33","147","3","288","LIED10PROT/LLN0$Alarm","1","",""
"18352","313.484145347","ipcas_21:73:33","189","3","288","LIED10MEAS/LLN0$Measurement","0","0","0"
"18404","314.514780760","ipcas_21:73:33","150","3","289","LIED10CTRL/LLN0$Status","0","1","0"
"18405","314.514791381","ipcas_21:73:33","147","3","289","LIED10PROT/LLN0$Alarm","1","",""
"18406","314.514792363","ipcas_21:73:33","189","3","289","LIED10MEAS/LLN0$Measurement","0","0","0"
"18460","315.551919108","ipcas_21:73:33","150","3","290","LIED10CTRL/LLN0$Status","0","1","0"
"18461","315.552286655","ipcas_21:73:33","147","3","290","LIED10PROT/LLN0$Alarm","1","",""
"18462","315.552289527","ipcas_21:73:33","189","3","290","LIED10MEAS/LLN0$Measurement","0","0","0"
"18518","316.578864901","ipcas_21:73:33","150","3","291","LIED10CTRL/LLN0$Status","0","1","0"
"18519","316.579320467","ipcas_21:73:33","147","3","291","LIED10PROT/LLN0$Alarm","1","",""
"18520","316.579325896","ipcas_21:73:33","189","3","291","LIED10MEAS/LLN0$Measurement","0","0","0"
"18575","317.628329959","ipcas_21:73:33","150","3","292","LIED10CTRL/LLN0$Status","0","1","0"
"18576","317.628339277","ipcas_21:73:33","147","3","292","LIED10PROT/LLN0$Alarm","1","",""
"18577","317.628340807","ipcas_21:73:33","189","3","292","LIED10MEAS/LLN0$Measurement","0","0","0"
"18629","318.648790606","ipcas_21:73:33","150","3","293","LIED10CTRL/LLN0$Status","0","1","0"
"18630","318.648797819","ipcas_21:73:33","147","3","293","LIED10PROT/LLN0$Alarm","1","",""
"18631","318.648798916","ipcas_21:73:33","189","3","293","LIED10MEAS/LLN0$Measurement","0","0","0"
"18684","319.677617574","ipcas_21:73:33","150","3","294","LIED10CTRL/LLN0$Status","0","1","0"
"18685","319.677627075","ipcas_21:73:33","147","3","294","LIED10PROT/LLN0$Alarm","1","",""
"18686","319.677628639","ipcas_21:73:33","189","3","294","LIED10MEAS/LLN0$Measurement","0","0","0"
"18770","320.726956551","ipcas_21:73:33","150","3","295","LIED10CTRL/LLN0$Status","0","1","0"
"18771","320.726966885","ipcas_21:73:33","147","3","295","LIED10PROT/LLN0$Alarm","1","",""
"18772","320.726968098","ipcas_21:73:33","189","3","295","LIED10MEAS/LLN0$Measurement","0","0","0"
"18846","321.778458286","ipcas_21:73:33","150","3","296","LIED10CTRL/LLN0$Status","0","1","0"
"18847","321.778464630","ipcas_21:73:33","147","3","296","LIED10PROT/LLN0$Alarm","1","",""
"18848","321.778466184","ipcas_21:73:33","189","3","296","LIED10MEAS/LLN0$Measurement","0","0","0"
"18960","322.818041069","ipcas_21:73:33","150","3","297","LIED10CTRL/LLN0$Status","0","1","0"
"18961","322.818047160","ipcas_21:73:33","147","3","297","LIED10PROT/LLN0$Alarm","1","",""
"18962","322.818048192","ipcas_21:73:33","189","3","297","LIED10MEAS/LLN0$Measurement","0","0","0"
"19054","323.870244895","ipcas_21:73:33","150","3","298","LIED10CTRL/LLN0$Status","0","1","0"
"19055","323.870255981","ipcas_21:73:33","147","3","298","LIED10PROT/LLN0$Alarm","1","",""
"19056","323.870257634","ipcas_21:73:33","189","3","298","LIED10MEAS/LLN0$Measurement","0","0","0"
"19117","324.893280549","ipcas_21:73:33","150","3","299","LIED10CTRL/LLN0$Status","0","1","0"
"19118","324.893828835","ipcas_21:73:33","147","3","299","LIED10PROT/LLN0$Alarm","1","",""
"19119","324.894675912","ipcas_21:73:33","189","3","299","LIED10MEAS/LLN0$Measurement","0","0","0"
"19181","325.944913141","ipcas_21:73:33","150","3","300","LIED10CTRL/LLN0$Status","0","1","0"
"19182","325.944922014","ipcas_21:73:33","147","3","300","LIED10PROT/LLN0$Alarm","1","",""
"19183","325.944923087","ipcas_21:73:33","189","3","300","LIED10MEAS/LLN0$Measurement","0","0","0"
"19251","326.976922228","ipcas_21:73:33","150","3","301","LIED10CTRL/LLN0$Status","0","1","0"
"19252","326.976930620","ipcas_21:73:33","147","3","301","LIED10PROT/LLN0$Alarm","1","",""
"19253","326.976931635","ipcas_21:73:33","189","3","301","LIED10MEAS/LLN0$Measurement","0","0","0"
"19307","328.010100965","ipcas_21:73:33","150","3","302","LIED10CTRL/LLN0$Status","0","1","0"
"19308","328.010110296","ipcas_21:73:33","147","3","302","LIED10PROT/LLN0$Alarm","1","",""
"19309","328.010111776","ipcas_21:73:33","189","3","302","LIED10MEAS/LLN0$Measurement","0","0","0"
"19366","329.052291326","ipcas_21:73:33","150","3","303","LIED10CTRL/LLN0$Status","0","1","0"
"19367","329.052303861","ipcas_21:73:33","147","3","303","LIED10PROT/LLN0$Alarm","1","",""
"19368","329.052948779","ipcas_21:73:33","189","3","303","LIED10MEAS/LLN0$Measurement","0","0","0"
"19432","330.079342778","ipcas_21:73:33","150","3","304","LIED10CTRL/LLN0$Status","0","1","0"
"19433","330.079353476","ipcas_21:73:33","147","3","304","LIED10PROT/LLN0$Alarm","1","",""
"19434","330.079354625","ipcas_21:73:33","189","3","304","LIED10MEAS/LLN0$Measurement","0","0","0"
"19493","331.156415082","ipcas_21:73:33","150","3","305","LIED10CTRL/LLN0$Status","0","1","0"
"19494","331.156423330","ipcas_21:73:33","147","3","305","LIED10PROT/LLN0$Alarm","1","",""
"19495","331.156424237","ipcas_21:73:33","189","3","305","LIED10MEAS/LLN0$Measurement","0","0","0"
"19548","332.169261599","ipcas_21:73:33","150","3","306","LIED10CTRL/LLN0$Status","0","1","0"
"19549","332.169269224","ipcas_21:73:33","147","3","306","LIED10PROT/LLN0$Alarm","1","",""
"19550","332.169270365","ipcas_21:73:33","189","3","306","LIED10MEAS/LLN0$Measurement","0","0","0"
"19601","333.200340068","ipcas_21:73:33","150","3","307","LIED10CTRL/LLN0$Status","0","1","0"
"19602","333.200834401","ipcas_21:73:33","147","3","307","LIED10PROT/LLN0$Alarm","1","",""
"19603","333.201552643","ipcas_21:73:33","189","3","307","LIED10MEAS/LLN0$Measurement","0","0","0"
"19655","334.251745559","ipcas_21:73:33","150","3","308","LIED10CTRL/LLN0$Status","0","1","0"
"19656","334.251756558","ipcas_21:73:33","147","3","308","LIED10PROT/LLN0$Alarm","1","",""
"19657","334.251758218","ipcas_21:73:33","189","3","308","LIED10MEAS/LLN0$Measurement","0","0","0"
"19709","335.291101326","ipcas_21:73:33","150","3","309","LIED10CTRL/LLN0$Status","0","1","0"
"19710","335.291430178","ipcas_21:73:33","147","3","309","LIED10PROT/LLN0$Alarm","1","",""
"19711","335.292121763","ipcas_21:73:33","189","3","309","LIED10MEAS/LLN0$Measurement","0","0","0"
"19763","336.319853602","ipcas_21:73:33","150","3","310","LIED10CTRL/LLN0$Status","0","1","0"
"19764","336.320802231","ipcas_21:73:33","147","3","310","LIED10PROT/LLN0$Alarm","1","",""
"19765","336.320807356","ipcas_21:73:33","189","3","310","LIED10MEAS/LLN0$Measurement","0","0","0"
"19820","337.355592822","ipcas_21:73:33","150","3","311","LIED10CTRL/LLN0$Status","0","1","0"
"19821","337.357386642","ipcas_21:73:33","147","3","311","LIED10PROT/LLN0$Alarm","1","",""
"19822","337.357393745","ipcas_21:73:33","189","3","311","LIED10MEAS/LLN0$Measurement","0","0","0"
"19876","338.398183689","ipcas_21:73:33","150","3","312","LIED10CTRL/LLN0$Status","0","1","0"
"19877","338.398193789","ipcas_21:73:33","147","3","312","LIED10PROT/LLN0$Alarm","1","",""
"19878","338.398195135","ipcas_21:73:33","189","3","312","LIED10MEAS/LLN0$Measurement","0","0","0"
"19929","339.435025819","ipcas_21:73:33","150","3","313","LIED10CTRL/LLN0$Status","0","1","0"
"19930","339.435036360","ipcas_21:73:33","147","3","313","LIED10PROT/LLN0$Alarm","1","",""
"19931","339.435040246","ipcas_21:73:33","189","3","313","LIED10MEAS/LLN0$Measurement","0","0","0"
"19982","340.460770786","ipcas_21:73:33","150","3","314","LIED10CTRL/LLN0$Status","0","1","0"
"19983","340.461042617","ipcas_21:73:33","147","3","314","LIED10PROT/LLN0$Alarm","1","",""
"19984","340.461262265","ipcas_21:73:33","189","3","314","LIED10MEAS/LLN0$Measurement","0","0","0"
"20036","341.480960096","ipcas_21:73:33","150","3","315","LIED10CTRL/LLN0$Status","0","1","0"
"20037","341.482313660","ipcas_21:73:33","147","3","315","LIED10PROT/LLN0$Alarm","1","",""
"20038","341.482319327","ipcas_21:73:33","189","3","315","LIED10MEAS/LLN0$Measurement","0","0","0"
"20089","342.520930363","ipcas_21:73:33","150","3","316","LIED10CTRL/LLN0$Status","0","1","0"
"20090","342.520940658","ipcas_21:73:33","147","3","316","LIED10PROT/LLN0$Alarm","1","",""
"20091","342.520941569","ipcas_21:73:33","189","3","316","LIED10MEAS/LLN0$Measurement","0","0","0"
"20142","343.557479929","ipcas_21:73:33","150","3","317","LIED10CTRL/LLN0$Status","0","1","0"
"20143","343.557490397","ipcas_21:73:33","147","3","317","LIED10PROT/LLN0$Alarm","1","",""
"20144","343.557491599","ipcas_21:73:33","189","3","317","LIED10MEAS/LLN0$Measurement","0","0","0"
"20196","344.596416876","ipcas_21:73:33","150","3","318","LIED10CTRL/LLN0$Status","0","1","0"
"20197","344.596428078","ipcas_21:73:33","147","3","318","LIED10PROT/LLN0$Alarm","1","",""
"20198","344.596429812","ipcas_21:73:33","189","3","318","LIED10MEAS/LLN0$Measurement","0","0","0"
"20252","345.618884362","ipcas_21:73:33","150","3","319","LIED10CTRL/LLN0$Status","0","1","0"
"20253","345.618893612","ipcas_21:73:33","147","3","319","LIED10PROT/LLN0$Alarm","1","",""
"20254","345.618894563","ipcas_21:73:33","189","3","319","LIED10MEAS/LLN0$Measurement","0","0","0"
"20306","346.641520282","ipcas_21:73:33","150","3","320","LIED10CTRL/LLN0$Status","0","1","0"
"20307","346.641580380","ipcas_21:73:33","147","3","320","LIED10PROT/LLN0$Alarm","1","",""
"20308","346.641786934","ipcas_21:73:33","189","3","320","LIED10MEAS/LLN0$Measurement","0","0","0"
"20360","347.670859549","ipcas_21:73:33","150","3","321","LIED10CTRL/LLN0$Status","0","1","0"
"20361","347.670868863","ipcas_21:73:33","147","3","321","LIED10PROT/LLN0$Alarm","1","",""
"20362","347.672128058","ipcas_21:73:33","189","3","321","LIED10MEAS/LLN0$Measurement","0","0","0"
"20413","348.701672126","ipcas_21:73:33","150","3","322","LIED10CTRL/LLN0$Status","0","1","0"
"20414","348.701683121","ipcas_21:73:33","147","3","322","LIED10PROT/LLN0$Alarm","1","",""
"20415","348.701684077","ipcas_21:73:33","189","3","322","LIED10MEAS/LLN0$Measurement","0","0","0"
"20466","349.733702028","ipcas_21:73:33","150","3","323","LIED10CTRL/LLN0$Status","0","1","0"
"20467","349.733711954","ipcas_21:73:33","147","3","323","LIED10PROT/LLN0$Alarm","1","",""
"20468","349.733713551","ipcas_21:73:33","189","3","323","LIED10MEAS/LLN0$Measurement","0","0","0"
"20522","350.788303177","ipcas_21:73:33","150","3","324","LIED10CTRL/LLN0$Status","0","1","0"
"20523","350.788312262","ipcas_21:73:33","147","3","324","LIED10PROT/LLN0$Alarm","1","",""
"20524","350.788313771","ipcas_21:73:33","189","3","324","LIED10MEAS/LLN0$Measurement","0","0","0"
"20576","351.824192817","ipcas_21:73:33","150","3","325","LIED10CTRL/LLN0$Status","0","1","0"
"20577","351.824203124","ipcas_21:73:33","147","3","325","LIED10PROT/LLN0$Alarm","1","",""
"20578","351.824204855","ipcas_21:73:33","189","3","325","LIED10MEAS/LLN0$Measurement","0","0","0"
"20632","352.848120886","ipcas_21:73:33","150","3","326","LIED10CTRL/LLN0$Status","0","1","0"
"20633","352.849055525","ipcas_21:73:33","147","3","326","LIED10PROT/LLN0$Alarm","1","",""
"20634","352.849669926","ipcas_21:73:33","189","3","326","LIED10MEAS/LLN0$Measurement","0","0","0"
"20688","353.883166174","ipcas_21:73:33","150","3","327","LIED10CTRL/LLN0$Status","0","1","0"
"20689","353.883176741","ipcas_21:73:33","147","3","327","LIED10PROT/LLN0$Alarm","1","",""
"20690","353.883177894","ipcas_21:73:33","189","3","327","LIED10MEAS/LLN0$Measurement","0","0","0"
"20741","354.923421847","ipcas_21:73:33","150","3","328","LIED10CTRL/LLN0$Status","0","1","0"
"20742","354.923431950","ipcas_21:73:33","147","3","328","LIED10PROT/LLN0$Alarm","1","",""
"20743","354.923433631","ipcas_21:73:33","189","3","328","LIED10MEAS/LLN0$Measurement","0","0","0"
"20795","355.969486174","ipcas_21:73:33","150","3","329","LIED10CTRL/LLN0$Status","0","1","0"
"20796","355.970581970","ipcas_21:73:33","147","3","329","LIED10PROT/LLN0$Alarm","1","",""
"20797","355.970586757","ipcas_21:73:33","189","3","329","LIED10MEAS/LLN0$Measurement","0","0","0"
"20848","357.005891744","ipcas_21:73:33","150","3","330","LIED10CTRL/LLN0$Status","0","1","0"
"20849","357.005901554","ipcas_21:73:33","147","3","330","LIED10PROT/LLN0$Alarm","1","",""
"20850","357.005902729","ipcas_21:73:33","189","3","330","LIED10MEAS/LLN0$Measurement","0","0","0"
"20902","358.033514129","ipcas_21:73:33","150","3","331","LIED10CTRL/LLN0$Status","0","1","0"
"20903","358.033979173","ipcas_21:73:33","147","3","331","LIED10PROT/LLN0$Alarm","1","",""
"20904","358.033984342","ipcas_21:73:33","189","3","331","LIED10MEAS/LLN0$Measurement","0","0","0"
"20956","359.059971388","ipcas_21:73:33","150","3","332","LIED10CTRL/LLN0$Status","0","1","0"
"20957","359.059980959","ipcas_21:73:33","147","3","332","LIED10PROT/LLN0$Alarm","1","",""
"20958","359.059982527","ipcas_21:73:33","189","3","332","LIED10MEAS/LLN0$Measurement","0","0","0"
"21010","360.104076082","ipcas_21:73:33","150","3","333","LIED10CTRL/LLN0$Status","0","1","0"
"21011","360.104269633","ipcas_21:73:33","147","3","333","LIED10PROT/LLN0$Alarm","1","",""
"21012","360.104273117","ipcas_21:73:33","189","3","333","LIED10MEAS/LLN0$Measurement","0","0","0"
"21064","361.129269770","ipcas_21:73:33","150","3","334","LIED10CTRL/LLN0$Status","0","1","0"
"21065","361.129281302","ipcas_21:73:33","147","3","334","LIED10PROT/LLN0$Alarm","1","",""
"21066","361.129282492","ipcas_21:73:33","189","3","334","LIED10MEAS/LLN0$Measurement","0","0","0"
"21117","362.159590276","ipcas_21:73:33","150","3","335","LIED10CTRL/LLN0$Status","0","1","0"
"21118","362.159598016","ipcas_21:73:33","147","3","335","LIED10PROT/LLN0$Alarm","1","",""
"21119","362.159598789","ipcas_21:73:33","189","3","335","LIED10MEAS/LLN0$Measurement","0","0","0"
"21170","363.175249063","ipcas_21:73:33","150","3","336","LIED10CTRL/LLN0$Status","0","1","0"
"21171","363.175258681","ipcas_21:73:33","147","3","336","LIED10PROT/LLN0$Alarm","1","",""
"21172","363.175260529","ipcas_21:73:33","189","3","336","LIED10MEAS/LLN0$Measurement","0","0","0"
"21224","364.214624880","ipcas_21:73:33","150","3","337","LIED10CTRL/LLN0$Status","0","1","0"
"21225","364.214634429","ipcas_21:73:33","147","3","337","LIED10PROT/LLN0$Alarm","1","",""
"21226","364.214635544","ipcas_21:73:33","189","3","337","LIED10MEAS/LLN0$Measurement","0","0","0"
"21279","365.261147056","ipcas_21:73:33","150","3","338","LIED10CTRL/LLN0$Status","0","1","0"
"21280","365.261152259","ipcas_21:73:33","147","3","338","LIED10PROT/LLN0$Alarm","1","",""
"21281","365.261153475","ipcas_21:73:33","189","3","338","LIED10MEAS/LLN0$Measurement","0","0","0"
"21344","366.306179790","ipcas_21:73:33","150","3","339","LIED10CTRL/LLN0$Status","0","1","0"
"21345","366.306347783","ipcas_21:73:33","147","3","339","LIED10PROT/LLN0$Alarm","1","",""
"21346","366.306350392","ipcas_21:73:33","189","3","339","LIED10MEAS/LLN0$Measurement","0","0","0"
"21403","367.325457602","ipcas_21:73:33","150","3","340","LIED10CTRL/LLN0$Status","0","1","0"
"21404","367.325467871","ipcas_21:73:33","147","3","340","LIED10PROT/LLN0$Alarm","1","",""
"21405","367.325787898","ipcas_21:73:33","189","3","340","LIED10MEAS/LLN0$Measurement","0","0","0"
"21456","368.379563789","ipcas_21:73:33","150","3","341","LIED10CTRL/LLN0$Status","0","1","0"
"21457","368.379571824","ipcas_21:73:33","147","3","341","LIED10PROT/LLN0$Alarm","1","",""
"21458","368.379572917","ipcas_21:73:33","189","3","341","LIED10MEAS/LLN0$Measurement","0","0","0"
"21509","369.426520224","ipcas_21:73:33","150","3","342","LIED10CTRL/LLN0$Status","0","1","0"
"21510","369.426529850","ipcas_21:73:33","147","3","342","LIED10PROT/LLN0$Alarm","1","",""
"21511","369.427387646","ipcas_21:73:33","189","3","342","LIED10MEAS/LLN0$Measurement","0","0","0"
"21539","370.472402534","ipcas_21:73:33","150","3","343","LIED10CTRL/LLN0$Status","0","1","0"
"21540","370.472410510","ipcas_21:73:33","147","3","343","LIED10PROT/LLN0$Alarm","1","",""
"21541","370.472411369","ipcas_21:73:33","189","3","343","LIED10MEAS/LLN0$Measurement","0","0","0"
"21592","371.482815733","ipcas_21:73:33","150","3","344","LIED10CTRL/LLN0$Status","0","1","0"
"21593","371.483066015","ipcas_21:73:33","147","3","344","LIED10PROT/LLN0$Alarm","1","",""
"21594","371.483523769","ipcas_21:73:33","189","3","344","LIED10MEAS/LLN0$Measurement","0","0","0"
"21668","373.008261259","ipcas_21:73:33","150","3","345","LIED10CTRL/LLN0$Status","0","1","0"
"21669","373.009219252","ipcas_21:73:33","147","3","345","LIED10PROT/LLN0$Alarm","1","",""
"21670","373.009224764","ipcas_21:73:33","189","3","345","LIED10MEAS/LLN0$Measurement","0","0","0"
"21721","374.050934879","ipcas_21:73:33","150","3","346","LIED10CTRL/LLN0$Status","0","1","0"
"21722","374.050943109","ipcas_21:73:33","147","3","346","LIED10PROT/LLN0$Alarm","1","",""
"21723","374.050943624","ipcas_21:73:33","189","3","346","LIED10MEAS/LLN0$Measurement","0","0","0"
"21774","375.066376128","ipcas_21:73:33","150","3","347","LIED10CTRL/LLN0$Status","0","1","0"
"21775","375.066379789","ipcas_21:73:33","147","3","347","LIED10PROT/LLN0$Alarm","1","",""
"21776","375.066380258","ipcas_21:73:33","189","3","347","LIED10MEAS/LLN0$Measurement","0","0","0"
"21807","376.084981916","ipcas_21:73:33","150","3","348","LIED10CTRL/LLN0$Status","0","1","0"
"21808","376.084989857","ipcas_21:73:33","147","3","348","LIED10PROT/LLN0$Alarm","1","",""
"21809","376.084990849","ipcas_21:73:33","189","3","348","LIED10MEAS/LLN0$Measurement","0","0","0"
"21857","377.327239601","ipcas_21:73:33","150","3","349","LIED10CTRL/LLN0$Status","0","1","0"
"21858","377.327251225","ipcas_21:73:33","147","3","349","LIED10PROT/LLN0$Alarm","1","",""
"21859","377.327252521","ipcas_21:73:33","189","3","349","LIED10MEAS/LLN0$Measurement","0","0","0"
"21910","378.357109981","ipcas_21:73:33","150","3","350","LIED10CTRL/LLN0$Status","0","1","0"
"21911","378.357120980","ipcas_21:73:33","147","3","350","LIED10PROT/LLN0$Alarm","1","",""
"21912","378.357122250","ipcas_21:73:33","189","3","350","LIED10MEAS/LLN0$Measurement","0","0","0"
"21963","379.390284693","ipcas_21:73:33","150","3","351","LIED10CTRL/LLN0$Status","0","1","0"
"21964","379.390296045","ipcas_21:73:33","147","3","351","LIED10PROT/LLN0$Alarm","1","",""
"21965","379.390297509","ipcas_21:73:33","189","3","351","LIED10MEAS/LLN0$Measurement","0","0","0"
"22016","380.420808108","ipcas_21:73:33","150","3","352","LIED10CTRL/LLN0$Status","0","1","0"
"22017","380.420818121","ipcas_21:73:33","147","3","352","LIED10PROT/LLN0$Alarm","1","",""
"22018","380.420819764","ipcas_21:73:33","189","3","352","LIED10MEAS/LLN0$Measurement","0","0","0"
"22069","381.460876581","ipcas_21:73:33","150","3","353","LIED10CTRL/LLN0$Status","0","1","0"
"22070","381.461758760","ipcas_21:73:33","147","3","353","LIED10PROT/LLN0$Alarm","1","",""
"22071","381.461763805","ipcas_21:73:33","189","3","353","LIED10MEAS/LLN0$Measurement","0","0","0"
"22122","382.499585928","ipcas_21:73:33","150","3","354","LIED10CTRL/LLN0$Status","0","1","0"
"22123","382.499597320","ipcas_21:73:33","147","3","354","LIED10PROT/LLN0$Alarm","1","",""
"22124","382.499598851","ipcas_21:73:33","189","3","354","LIED10MEAS/LLN0$Measurement","0","0","0"
"22198","384.224284179","ipcas_21:73:33","150","3","355","LIED10CTRL/LLN0$Status","0","1","0"
"22199","384.224890317","ipcas_21:73:33","147","3","355","LIED10PROT/LLN0$Alarm","1","",""
"22200","384.224896855","ipcas_21:73:33","189","3","355","LIED10MEAS/LLN0$Measurement","0","0","0"
"22251","385.261037271","ipcas_21:73:33","150","3","356","LIED10CTRL/LLN0$Status","0","1","0"
"22252","385.261048203","ipcas_21:73:33","147","3","356","LIED10PROT/LLN0$Alarm","1","",""
"22253","385.261049222","ipcas_21:73:33","189","3","356","LIED10MEAS/LLN0$Measurement","0","0","0"
"22304","386.294149791","ipcas_21:73:33","150","3","357","LIED10CTRL/LLN0$Status","0","1","0"
"22305","386.295066109","ipcas_21:73:33","147","3","357","LIED10PROT/LLN0$Alarm","1","",""
"22306","386.295071615","ipcas_21:73:33","189","3","357","LIED10MEAS/LLN0$Measurement","0","0","0"
"22357","387.326885261","ipcas_21:73:33","150","3","358","LIED10CTRL/LLN0$Status","0","1","0"
"22358","387.326894586","ipcas_21:73:33","147","3","358","LIED10PROT/LLN0$Alarm","1","",""
"22359","387.326896366","ipcas_21:73:33","189","3","358","LIED10MEAS/LLN0$Measurement","0","0","0"
"22410","388.346981089","ipcas_21:73:33","150","3","359","LIED10CTRL/LLN0$Status","0","1","0"
"22411","388.346987213","ipcas_21:73:33","147","3","359","LIED10PROT/LLN0$Alarm","1","",""
"22412","388.346988199","ipcas_21:73:33","189","3","359","LIED10MEAS/LLN0$Measurement","0","0","0"
"22463","389.388907497","ipcas_21:73:33","150","3","360","LIED10CTRL/LLN0$Status","0","1","0"
"22464","389.388917565","ipcas_21:73:33","147","3","360","LIED10PROT/LLN0$Alarm","1","",""
"22465","389.389011633","ipcas_21:73:33","189","3","360","LIED10MEAS/LLN0$Measurement","0","0","0"
"22516","391.333109010","ipcas_21:73:33","150","3","361","LIED10CTRL/LLN0$Status","0","1","0"
"22517","391.333120121","ipcas_21:73:33","147","3","361","LIED10PROT/LLN0$Alarm","1","",""
"22518","391.333121495","ipcas_21:73:33","189","3","361","LIED10MEAS/LLN0$Measurement","0","0","0"
"22569","392.355695634","ipcas_21:73:33","150","3","362","LIED10CTRL/LLN0$Status","0","1","0"
"22570","392.355706740","ipcas_21:73:33","147","3","362","LIED10PROT/LLN0$Alarm","1","",""
"22571","392.355708353","ipcas_21:73:33","189","3","362","LIED10MEAS/LLN0$Measurement","0","0","0"
"22622","393.380570226","ipcas_21:73:33","150","3","363","LIED10CTRL/LLN0$Status","0","1","0"
"22623","393.380582524","ipcas_21:73:33","147","3","363","LIED10PROT/LLN0$Alarm","1","",""
"22624","393.380584121","ipcas_21:73:33","189","3","363","LIED10MEAS/LLN0$Measurement","0","0","0"
"22767","398.511814599","ipcas_21:73:33","150","3","364","LIED10CTRL/LLN0$Status","0","1","0"
"22768","398.513239859","ipcas_21:73:33","147","3","364","LIED10PROT/LLN0$Alarm","1","",""
"22769","398.513245382","ipcas_21:73:33","189","3","364","LIED10MEAS/LLN0$Measurement","0","0","0"
"22820","399.553243395","ipcas_21:73:33","150","3","365","LIED10CTRL/LLN0$Status","0","1","0"
"22821","399.553253769","ipcas_21:73:33","147","3","365","LIED10PROT/LLN0$Alarm","1","",""
"22822","399.553255238","ipcas_21:73:33","189","3","365","LIED10MEAS/LLN0$Measurement","0","0","0"
"22873","400.583397868","ipcas_21:73:33","150","3","366","LIED10CTRL/LLN0$Status","0","1","0"
"22874","400.584883379","ipcas_21:73:33","147","3","366","LIED10PROT/LLN0$Alarm","1","",""
"22875","400.584889112","ipcas_21:73:33","189","3","366","LIED10MEAS/LLN0$Measurement","0","0","0"
"22926","401.630302550","ipcas_21:73:33","150","3","367","LIED10CTRL/LLN0$Status","0","1","0"
"22927","401.630312550","ipcas_21:73:33","147","3","367","LIED10PROT/LLN0$Alarm","1","",""
"22928","401.631830483","ipcas_21:73:33","189","3","367","LIED10MEAS/LLN0$Measurement","0","0","0"
"22979","402.701928886","ipcas_21:73:33","150","3","368","LIED10CTRL/LLN0$Status","0","1","0"
"22980","402.701937772","ipcas_21:73:33","147","3","368","LIED10PROT/LLN0$Alarm","1","",""
"22981","402.701938245","ipcas_21:73:33","189","3","368","LIED10MEAS/LLN0$Measurement","0","0","0"
"23009","403.695972707","ipcas_21:73:33","150","3","369","LIED10CTRL/LLN0$Status","0","1","0"
"23010","403.696641249","ipcas_21:73:33","147","3","369","LIED10PROT/LLN0$Alarm","1","",""
"23011","403.697614073","ipcas_21:73:33","189","3","369","LIED10MEAS/LLN0$Measurement","0","0","0"
"23062","404.742285708","ipcas_21:73:33","150","3","370","LIED10CTRL/LLN0$Status","0","1","0"
"23063","404.742465524","ipcas_21:73:33","147","3","370","LIED10PROT/LLN0$Alarm","1","",""
"23064","404.743866762","ipcas_21:73:33","189","3","370","LIED10MEAS/LLN0$Measurement","0","0","0"
"23115","405.792978085","ipcas_21:73:33","150","3","371","LIED10CTRL/LLN0$Status","0","1","0"
"23116","405.792989124","ipcas_21:73:33","147","3","371","LIED10PROT/LLN0$Alarm","1","",""
"23117","405.792990390","ipcas_21:73:33","189","3","371","LIED10MEAS/LLN0$Measurement","0","0","0"
"23168","406.825372493","ipcas_21:73:33","150","3","372","LIED10CTRL/LLN0$Status","0","1","0"
"23169","406.825871999","ipcas_21:73:33","147","3","372","LIED10PROT/LLN0$Alarm","1","",""
"23170","406.826233311","ipcas_21:73:33","189","3","372","LIED10MEAS/LLN0$Measurement","0","0","0"
"23221","407.850588675","ipcas_21:73:33","150","3","373","LIED10CTRL/LLN0$Status","0","1","0"
"23222","407.850678289","ipcas_21:73:33","147","3","373","LIED10PROT/LLN0$Alarm","1","",""
"23223","407.851083029","ipcas_21:73:33","189","3","373","LIED10MEAS/LLN0$Measurement","0","0","0"
"23274","408.913674893","ipcas_21:73:33","150","3","374","LIED10CTRL/LLN0$Status","0","1","0"
"23275","408.913996002","ipcas_21:73:33","147","3","374","LIED10PROT/LLN0$Alarm","1","",""
"23276","408.914353817","ipcas_21:73:33","189","3","374","LIED10MEAS/LLN0$Measurement","0","0","0"
"23327","409.938900483","ipcas_21:73:33","150","3","375","LIED10CTRL/LLN0$Status","0","1","0"
"23328","409.938910964","ipcas_21:73:33","147","3","375","LIED10PROT/LLN0$Alarm","1","",""
"23329","409.938912517","ipcas_21:73:33","189","3","375","LIED10MEAS/LLN0$Measurement","0","0","0"
"23380","410.982546530","ipcas_21:73:33","150","3","376","LIED10CTRL/LLN0$Status","0","1","0"
"23381","410.982557438","ipcas_21:73:33","147","3","376","LIED10PROT/LLN0$Alarm","1","",""
"23382","410.982558768","ipcas_21:73:33","189","3","376","LIED10MEAS/LLN0$Measurement","0","0","0"
"23433","412.017072036","ipcas_21:73:33","150","3","377","LIED10CTRL/LLN0$Status","0","1","0"
"23434","412.017082470","ipcas_21:73:33","147","3","377","LIED10PROT/LLN0$Alarm","1","",""
"23435","412.017083773","ipcas_21:73:33","189","3","377","LIED10MEAS/LLN0$Measurement","0","0","0"
"23486","413.052246951","ipcas_21:73:33","150","3","378","LIED10CTRL/LLN0$Status","0","1","0"
"23487","413.052881398","ipcas_21:73:33","147","3","378","LIED10PROT/LLN0$Alarm","1","",""
"23488","413.052886466","ipcas_21:73:33","189","3","378","LIED10MEAS/LLN0$Measurement","0","0","0"
"23539","414.095708258","ipcas_21:73:33","150","3","379","LIED10CTRL/LLN0$Status","0","1","0"
"23540","414.095717550","ipcas_21:73:33","147","3","379","LIED10PROT/LLN0$Alarm","1","",""
"23541","414.095718996","ipcas_21:73:33","189","3","379","LIED10MEAS/LLN0$Measurement","0","0","0"
"23592","415.133028976","ipcas_21:73:33","150","3","380","LIED10CTRL/LLN0$Status","0","1","0"
"23593","415.133038394","ipcas_21:73:33","147","3","380","LIED10PROT/LLN0$Alarm","1","",""
"23594","415.133039847","ipcas_21:73:33","189","3","380","LIED10MEAS/LLN0$Measurement","0","0","0"
"23645","416.171543395","ipcas_21:73:33","150","3","381","LIED10CTRL/LLN0$Status","0","1","0"
"23646","416.171993502","ipcas_21:73:33","147","3","381","LIED10PROT/LLN0$Alarm","1","",""
"23647","416.172393019","ipcas_21:73:33","189","3","381","LIED10MEAS/LLN0$Measurement","0","0","0"
"23698","417.202211248","ipcas_21:73:33","150","3","382","LIED10CTRL/LLN0$Status","0","1","0"
"23699","417.202218316","ipcas_21:73:33","147","3","382","LIED10PROT/LLN0$Alarm","1","",""
"23700","417.202219041","ipcas_21:73:33","189","3","382","LIED10MEAS/LLN0$Measurement","0","0","0"
"23751","418.229462720","ipcas_21:73:33","150","3","383","LIED10CTRL/LLN0$Status","0","1","0"
"23752","418.229930490","ipcas_21:73:33","147","3","383","LIED10PROT/LLN0$Alarm","1","",""
"23753","418.230435640","ipcas_21:73:33","189","3","383","LIED10MEAS/LLN0$Measurement","0","0","0"
"23804","419.266374314","ipcas_21:73:33","150","3","384","LIED10CTRL/LLN0$Status","0","1","0"
"23805","419.266383103","ipcas_21:73:33","147","3","384","LIED10PROT/LLN0$Alarm","1","",""
"23806","419.266546483","ipcas_21:73:33","189","3","384","LIED10MEAS/LLN0$Measurement","0","0","0"
"23857","420.293067651","ipcas_21:73:33","150","3","385","LIED10CTRL/LLN0$Status","0","1","0"
"23858","420.293171431","ipcas_21:73:33","147","3","385","LIED10PROT/LLN0$Alarm","1","",""
"23859","420.293339961","ipcas_21:73:33","189","3","385","LIED10MEAS/LLN0$Measurement","0","0","0"
"23910","421.343391432","ipcas_21:73:33","150","3","386","LIED10CTRL/LLN0$Status","0","1","0"
"23911","421.343397658","ipcas_21:73:33","147","3","386","LIED10PROT/LLN0$Alarm","1","",""
"23912","421.343397997","ipcas_21:73:33","189","3","386","LIED10MEAS/LLN0$Measurement","0","0","0"
"23963","422.389509398","ipcas_21:73:33","150","3","387","LIED10CTRL/LLN0$Status","0","1","0"
"23964","422.389515979","ipcas_21:73:33","147","3","387","LIED10PROT/LLN0$Alarm","1","",""
"23965","422.389516650","ipcas_21:73:33","189","3","387","LIED10MEAS/LLN0$Measurement","0","0","0"
"24016","423.380230291","ipcas_21:73:33","150","3","388","LIED10CTRL/LLN0$Status","0","1","0"
"24017","423.380237611","ipcas_21:73:33","147","3","388","LIED10PROT/LLN0$Alarm","1","",""
"24018","423.380238641","ipcas_21:73:33","189","3","388","LIED10MEAS/LLN0$Measurement","0","0","0"
"24069","424.400656794","ipcas_21:73:33","150","3","389","LIED10CTRL/LLN0$Status","0","1","0"
"24070","424.400666794","ipcas_21:73:33","147","3","389","LIED10PROT/LLN0$Alarm","1","",""
"24071","424.400667916","ipcas_21:73:33","189","3","389","LIED10MEAS/LLN0$Measurement","0","0","0"
"24122","425.514611911","ipcas_21:73:33","150","3","390","LIED10CTRL/LLN0$Status","0","1","0"
"24123","425.515258904","ipcas_21:73:33","147","3","390","LIED10PROT/LLN0$Alarm","1","",""
"24124","425.516046789","ipcas_21:73:33","189","3","390","LIED10MEAS/LLN0$Measurement","0","0","0"
"24175","426.537435470","ipcas_21:73:33","150","3","391","LIED10CTRL/LLN0$Status","0","1","0"
"24176","426.537446779","ipcas_21:73:33","147","3","391","LIED10PROT/LLN0$Alarm","1","",""
"24177","426.537448290","ipcas_21:73:33","189","3","391","LIED10MEAS/LLN0$Measurement","0","0","0"
"24228","427.571369482","ipcas_21:73:33","150","3","392","LIED10CTRL/LLN0$Status","0","1","0"
"24229","427.571524802","ipcas_21:73:33","147","3","392","LIED10PROT/LLN0$Alarm","1","",""
"24230","427.571529025","ipcas_21:73:33","189","3","392","LIED10MEAS/LLN0$Measurement","0","0","0"
"24281","428.598872766","ipcas_21:73:33","150","3","393","LIED10CTRL/LLN0$Status","0","1","0"
"24282","428.598884229","ipcas_21:73:33","147","3","393","LIED10PROT/LLN0$Alarm","1","",""
"24283","428.598885442","ipcas_21:73:33","189","3","393","LIED10MEAS/LLN0$Measurement","0","0","0"
"24334","429.655437472","ipcas_21:73:33","150","3","394","LIED10CTRL/LLN0$Status","0","1","0"
"24335","429.655447468","ipcas_21:73:33","147","3","394","LIED10PROT/LLN0$Alarm","1","",""
"24336","429.655448684","ipcas_21:73:33","189","3","394","LIED10MEAS/LLN0$Measurement","0","0","0"
"24387","430.698291300","ipcas_21:73:33","150","3","395","LIED10CTRL/LLN0$Status","0","1","0"
"24388","430.698302559","ipcas_21:73:33","147","3","395","LIED10PROT/LLN0$Alarm","1","",""
"24389","430.698303849","ipcas_21:73:33","189","3","395","LIED10MEAS/LLN0$Measurement","0","0","0"
"24440","431.730387254","ipcas_21:73:33","150","3","396","LIED10CTRL/LLN0$Status","0","1","0"
"24441","431.730590500","ipcas_21:73:33","147","3","396","LIED10PROT/LLN0$Alarm","1","",""
"24442","431.731537889","ipcas_21:73:33","189","3","396","LIED10MEAS/LLN0$Measurement","0","0","0"
"24493","432.762700724","ipcas_21:73:33","150","3","397","LIED10CTRL/LLN0$Status","0","1","0"
"24494","432.762709205","ipcas_21:73:33","147","3","397","LIED10PROT/LLN0$Alarm","1","",""
"24495","432.762710033","ipcas_21:73:33","189","3","397","LIED10MEAS/LLN0$Measurement","0","0","0"
"24546","433.781328805","ipcas_21:73:33","150","3","398","LIED10CTRL/LLN0$Status","0","1","0"
"24547","433.781339720","ipcas_21:73:33","147","3","398","LIED10PROT/LLN0$Alarm","1","",""
"24548","433.781340936","ipcas_21:73:33","189","3","398","LIED10MEAS/LLN0$Measurement","0","0","0"
"24599","434.805834032","ipcas_21:73:33","150","3","399","LIED10CTRL/LLN0$Status","0","1","0"
"24600","434.805845569","ipcas_21:73:33","147","3","399","LIED10PROT/LLN0$Alarm","1","",""
"24601","434.805847757","ipcas_21:73:33","189","3","399","LIED10MEAS/LLN0$Measurement","0","0","0"
"24652","435.830954534","ipcas_21:73:33","150","3","400","LIED10CTRL/LLN0$Status","0","1","0"
"24653","435.831296810","ipcas_21:73:33","147","3","400","LIED10PROT/LLN0$Alarm","1","",""
"24654","435.831300993","ipcas_21:73:33","189","3","400","LIED10MEAS/LLN0$Measurement","0","0","0"
"24705","436.853531192","ipcas_21:73:33","150","3","401","LIED10CTRL/LLN0$Status","0","1","0"
"24706","436.853541245","ipcas_21:73:33","147","3","401","LIED10PROT/LLN0$Alarm","1","",""
"24707","436.853542332","ipcas_21:73:33","189","3","401","LIED10MEAS/LLN0$Measurement","0","0","0"
"24758","437.935621303","ipcas_21:73:33","150","3","402","LIED10CTRL/LLN0$Status","0","1","0"
"24759","437.935633996","ipcas_21:73:33","147","3","402","LIED10PROT/LLN0$Alarm","1","",""
"24760","437.935636445","ipcas_21:73:33","189","3","402","LIED10MEAS/LLN0$Measurement","0","0","0"
"24811","438.953129419","ipcas_21:73:33","150","3","403","LIED10CTRL/LLN0$Status","0","1","0"
"24812","438.953139716","ipcas_21:73:33","147","3","403","LIED10PROT/LLN0$Alarm","1","",""
"24813","438.953982411","ipcas_21:73:33","189","3","403","LIED10MEAS/LLN0$Measurement","0","0","0"
"24864","439.995803604","ipcas_21:73:33","150","3","404","LIED10CTRL/LLN0$Status","0","1","0"
"24865","439.995815361","ipcas_21:73:33","147","3","404","LIED10PROT/LLN0$Alarm","1","",""
"24866","439.995816868","ipcas_21:73:33","189","3","404","LIED10MEAS/LLN0$Measurement","0","0","0"
"24917","441.035232898","ipcas_21:73:33","150","3","405","LIED10CTRL/LLN0$Status","0","1","0"
"24918","441.035243389","ipcas_21:73:33","147","3","405","LIED10PROT/LLN0$Alarm","1","",""
"24919","441.035244922","ipcas_21:73:33","189","3","405","LIED10MEAS/LLN0$Measurement","0","0","0"
"24973","442.077322388","ipcas_21:73:33","150","3","406","LIED10CTRL/LLN0$Status","0","1","0"
"24974","442.077322928","ipcas_21:73:33","147","3","406","LIED10PROT/LLN0$Alarm","1","",""
"24975","442.077323378","ipcas_21:73:33","189","3","406","LIED10MEAS/LLN0$Measurement","0","0","0"
"25023","443.101303347","ipcas_21:73:33","150","3","407","LIED10CTRL/LLN0$Status","0","1","0"
"25024","443.101311145","ipcas_21:73:33","147","3","407","LIED10PROT/LLN0$Alarm","1","",""
"25025","443.101312374","ipcas_21:73:33","189","3","407","LIED10MEAS/LLN0$Measurement","0","0","0"
"25076","444.124319645","ipcas_21:73:33","150","3","408","LIED10CTRL/LLN0$Status","0","1","0"
"25077","444.125978072","ipcas_21:73:33","147","3","408","LIED10PROT/LLN0$Alarm","1","",""
"25078","444.125984764","ipcas_21:73:33","189","3","408","LIED10MEAS/LLN0$Measurement","0","0","0"
"25129","445.153395477","ipcas_21:73:33","150","3","409","LIED10CTRL/LLN0$Status","0","1","0"
"25130","445.153404728","ipcas_21:73:33","147","3","409","LIED10PROT/LLN0$Alarm","1","",""
"25131","445.153406218","ipcas_21:73:33","189","3","409","LIED10MEAS/LLN0$Measurement","0","0","0"
"25182","446.227877804","ipcas_21:73:33","150","3","410","LIED10CTRL/LLN0$Status","0","1","0"
"25183","446.227886566","ipcas_21:73:33","147","3","410","LIED10PROT/LLN0$Alarm","1","",""
"25184","446.227887344","ipcas_21:73:33","189","3","410","LIED10MEAS/LLN0$Measurement","0","0","0"
"25235","447.227080896","ipcas_21:73:33","150","3","411","LIED10CTRL/LLN0$Status","0","1","0"
"25236","447.227092051","ipcas_21:73:33","147","3","411","LIED10PROT/LLN0$Alarm","1","",""
"25237","447.227093578","ipcas_21:73:33","189","3","411","LIED10MEAS/LLN0$Measurement","0","0","0"
"25311","448.286787600","ipcas_21:73:33","150","3","412","LIED10CTRL/LLN0$Status","0","1","0"
"25312","448.286792732","ipcas_21:73:33","147","3","412","LIED10PROT/LLN0$Alarm","1","",""
"25313","448.286793137","ipcas_21:73:33","189","3","412","LIED10MEAS/LLN0$Measurement","0","0","0"
"25356","449.316722154","ipcas_21:73:33","150","3","413","LIED10CTRL/LLN0$Status","0","1","0"
"25357","449.316723235","ipcas_21:73:33","147","3","413","LIED10PROT/LLN0$Alarm","1","",""
"25358","449.316724069","ipcas_21:73:33","189","3","413","LIED10MEAS/LLN0$Measurement","0","0","0"
"25395","450.319008462","ipcas_21:73:33","150","3","414","LIED10CTRL/LLN0$Status","0","1","0"
"25396","450.319009926","ipcas_21:73:33","147","3","414","LIED10PROT/LLN0$Alarm","1","",""
"25397","450.319010811","ipcas_21:73:33","189","3","414","LIED10MEAS/LLN0$Measurement","0","0","0"
"25447","451.361075290","ipcas_21:73:33","150","3","415","LIED10CTRL/LLN0$Status","0","1","0"
"25448","451.361084644","ipcas_21:73:33","147","3","415","LIED10PROT/LLN0$Alarm","1","",""
"25449","451.361085777","ipcas_21:73:33","189","3","415","LIED10MEAS/LLN0$Measurement","0","0","0"
"25500","452.459909082","ipcas_21:73:33","150","3","416","LIED10CTRL/LLN0$Status","0","1","0"
"25501","452.459955929","ipcas_21:73:33","147","3","416","LIED10PROT/LLN0$Alarm","1","",""
"25502","452.459957606","ipcas_21:73:33","189","3","416","LIED10MEAS/LLN0$Measurement","0","0","0"
"25576","453.460978222","ipcas_21:73:33","150","3","417","LIED10CTRL/LLN0$Status","0","1","0"
"25577","453.460982009","ipcas_21:73:33","147","3","417","LIED10PROT/LLN0$Alarm","1","",""
"25578","453.460982553","ipcas_21:73:33","189","3","417","LIED10MEAS/LLN0$Measurement","0","0","0"
"25629","454.486850635","ipcas_21:73:33","150","3","418","LIED10CTRL/LLN0$Status","0","1","0"
"25630","454.486858633","ipcas_21:73:33","147","3","418","LIED10PROT/LLN0$Alarm","1","",""
"25631","454.486859361","ipcas_21:73:33","189","3","418","LIED10MEAS/LLN0$Measurement","0","0","0"
"25668","455.522808113","ipcas_21:73:33","150","3","419","LIED10CTRL/LLN0$Status","0","1","0"
"25669","455.522967259","ipcas_21:73:33","147","3","419","LIED10PROT/LLN0$Alarm","1","",""
"25670","455.523111490","ipcas_21:73:33","189","3","419","LIED10MEAS/LLN0$Measurement","0","0","0"
"25718","456.548417702","ipcas_21:73:33","150","3","420","LIED10CTRL/LLN0$Status","0","1","0"
"25719","456.548418664","ipcas_21:73:33","147","3","420","LIED10PROT/LLN0$Alarm","1","",""
"25720","456.548419513","ipcas_21:73:33","189","3","420","LIED10MEAS/LLN0$Measurement","0","0","0"
"25765","457.563644620","ipcas_21:73:33","150","3","421","LIED10CTRL/LLN0$Status","0","1","0"
"25766","457.563653417","ipcas_21:73:33","147","3","421","LIED10PROT/LLN0$Alarm","1","",""
"25767","457.563654356","ipcas_21:73:33","189","3","421","LIED10MEAS/LLN0$Measurement","0","0","0"
"25818","458.593278063","ipcas_21:73:33","150","3","422","LIED10CTRL/LLN0$Status","0","1","0"
"25819","458.593287197","ipcas_21:73:33","147","3","422","LIED10PROT/LLN0$Alarm","1","",""
"25820","458.593288891","ipcas_21:73:33","189","3","422","LIED10MEAS/LLN0$Measurement","0","0","0"
"25871","459.616861195","ipcas_21:73:33","150","3","423","LIED10CTRL/LLN0$Status","0","1","0"
"25872","459.616872976","ipcas_21:73:33","147","3","423","LIED10PROT/LLN0$Alarm","1","",""
"25873","459.616874235","ipcas_21:73:33","189","3","423","LIED10MEAS/LLN0$Measurement","0","0","0"
"25924","460.649477725","ipcas_21:73:33","150","3","424","LIED10CTRL/LLN0$Status","0","1","0"
"25925","460.649488102","ipcas_21:73:33","147","3","424","LIED10PROT/LLN0$Alarm","1","",""
"25926","460.649489291","ipcas_21:73:33","189","3","424","LIED10MEAS/LLN0$Measurement","0","0","0"
"25977","461.693902406","ipcas_21:73:33","150","3","425","LIED10CTRL/LLN0$Status","0","1","0"
"25978","461.693911320","ipcas_21:73:33","147","3","425","LIED10PROT/LLN0$Alarm","1","",""
"25979","461.693912419","ipcas_21:73:33","189","3","425","LIED10MEAS/LLN0$Measurement","0","0","0"
"26038","462.746826409","ipcas_21:73:33","150","3","426","LIED10CTRL/LLN0$Status","0","1","0"
"26039","462.746827061","ipcas_21:73:33","147","3","426","LIED10PROT/LLN0$Alarm","1","",""
"26040","462.746827339","ipcas_21:73:33","189","3","426","LIED10MEAS/LLN0$Measurement","0","0","0"
"26100","463.767499348","ipcas_21:73:33","150","3","427","LIED10CTRL/LLN0$Status","0","1","0"
"26101","463.767509402","ipcas_21:73:33","147","3","427","LIED10PROT/LLN0$Alarm","1","",""
"26102","463.767510169","ipcas_21:73:33","189","3","427","LIED10MEAS/LLN0$Measurement","0","0","0"
"26142","464.797111877","ipcas_21:73:33","150","3","428","LIED10CTRL/LLN0$Status","0","1","0"
"26143","464.797121133","ipcas_21:73:33","147","3","428","LIED10PROT/LLN0$Alarm","1","",""
"26144","464.797122280","ipcas_21:73:33","189","3","428","LIED10MEAS/LLN0$Measurement","0","0","0"
"26189","465.799903726","ipcas_21:73:33","150","3","429","LIED10CTRL/LLN0$Status","0","1","0"
"26190","465.799913542","ipcas_21:73:33","147","3","429","LIED10PROT/LLN0$Alarm","1","",""
"26191","465.799915022","ipcas_21:73:33","189","3","429","LIED10MEAS/LLN0$Measurement","0","0","0"
"26245","466.852210581","ipcas_21:73:33","150","3","430","LIED10CTRL/LLN0$Status","0","1","0"
"26246","466.852220507","ipcas_21:73:33","147","3","430","LIED10PROT/LLN0$Alarm","1","",""
"26247","466.852221920","ipcas_21:73:33","189","3","430","LIED10MEAS/LLN0$Measurement","0","0","0"
"26295","467.870819107","ipcas_21:73:33","150","3","431","LIED10CTRL/LLN0$Status","0","1","0"
"26296","467.871283684","ipcas_21:73:33","147","3","431","LIED10PROT/LLN0$Alarm","1","",""
"26297","467.871289400","ipcas_21:73:33","189","3","431","LIED10MEAS/LLN0$Measurement","0","0","0"
"26348","468.904607381","ipcas_21:73:33","150","3","432","LIED10CTRL/LLN0$Status","0","1","0"
"26349","468.904614723","ipcas_21:73:33","147","3","432","LIED10PROT/LLN0$Alarm","1","",""
"26350","468.904615456","ipcas_21:73:33","189","3","432","LIED10MEAS/LLN0$Measurement","0","0","0"
"26401","469.916235184","ipcas_21:73:33","150","3","433","LIED10CTRL/LLN0$Status","0","1","0"
"26402","469.916241264","ipcas_21:73:33","147","3","433","LIED10PROT/LLN0$Alarm","1","",""
"26403","469.916241952","ipcas_21:73:33","189","3","433","LIED10MEAS/LLN0$Measurement","0","0","0"
"26454","470.941570905","ipcas_21:73:33","150","3","434","LIED10CTRL/LLN0$Status","0","1","0"
"26455","470.941577868","ipcas_21:73:33","147","3","434","LIED10PROT/LLN0$Alarm","1","",""
"26456","470.941579033","ipcas_21:73:33","189","3","434","LIED10MEAS/LLN0$Measurement","0","0","0"
"26507","471.960423542","ipcas_21:73:33","150","3","435","LIED10CTRL/LLN0$Status","0","1","0"
"26508","471.960432519","ipcas_21:73:33","147","3","435","LIED10PROT/LLN0$Alarm","1","",""
"26509","471.960433749","ipcas_21:73:33","189","3","435","LIED10MEAS/LLN0$Measurement","0","0","0"
"26560","472.984431088","ipcas_21:73:33","150","3","436","LIED10CTRL/LLN0$Status","0","1","0"
"26561","472.984436527","ipcas_21:73:33","147","3","436","LIED10PROT/LLN0$Alarm","1","",""
"26562","472.984437316","ipcas_21:73:33","189","3","436","LIED10MEAS/LLN0$Measurement","0","0","0"
"26613","473.997840846","ipcas_21:73:33","150","3","437","LIED10CTRL/LLN0$Status","0","1","0"
"26614","473.997850251","ipcas_21:73:33","147","3","437","LIED10PROT/LLN0$Alarm","1","",""
"26615","473.997998989","ipcas_21:73:33","189","3","437","LIED10MEAS/LLN0$Measurement","0","0","0"
"26666","475.043980085","ipcas_21:73:33","150","3","438","LIED10CTRL/LLN0$Status","0","1","0"
"26667","475.044173439","ipcas_21:73:33","147","3","438","LIED10PROT/LLN0$Alarm","1","",""
"26668","475.044177712","ipcas_21:73:33","189","3","438","LIED10MEAS/LLN0$Measurement","0","0","0"
"26742","476.118375235","ipcas_21:73:33","150","3","439","LIED10CTRL/LLN0$Status","0","1","0"
"26743","476.118375788","ipcas_21:73:33","147","3","439","LIED10PROT/LLN0$Alarm","1","",""
"26744","476.118377675","ipcas_21:73:33","189","3","439","LIED10MEAS/LLN0$Measurement","0","0","0"
"26795","477.117622422","ipcas_21:73:33","150","3","440","LIED10CTRL/LLN0$Status","0","1","0"
"26796","477.117628706","ipcas_21:73:33","147","3","440","LIED10PROT/LLN0$Alarm","1","",""
"26797","477.117629356","ipcas_21:73:33","189","3","440","LIED10MEAS/LLN0$Measurement","0","0","0"
"26848","478.153951668","ipcas_21:73:33","150","3","441","LIED10CTRL/LLN0$Status","0","1","0"
"26849","478.153952046","ipcas_21:73:33","147","3","441","LIED10PROT/LLN0$Alarm","1","",""
"26850","478.153952444","ipcas_21:73:33","189","3","441","LIED10MEAS/LLN0$Measurement","0","0","0"
"26901","479.166057326","ipcas_21:73:33","150","3","442","LIED10CTRL/LLN0$Status","0","1","0"
"26902","479.166065917","ipcas_21:73:33","147","3","442","LIED10PROT/LLN0$Alarm","1","",""
"26903","479.166066572","ipcas_21:73:33","189","3","442","LIED10MEAS/LLN0$Measurement","0","0","0"
"26954","480.184569747","ipcas_21:73:33","150","3","443","LIED10CTRL/LLN0$Status","0","1","0"
"26955","480.184578182","ipcas_21:73:33","147","3","443","LIED10PROT/LLN0$Alarm","1","",""
"26956","480.184578623","ipcas_21:73:33","189","3","443","LIED10MEAS/LLN0$Measurement","0","0","0"
"26999","481.202653794","ipcas_21:73:33","150","3","444","LIED10CTRL/LLN0$Status","0","1","0"
"27000","481.202654732","ipcas_21:73:33","147","3","444","LIED10PROT/LLN0$Alarm","1","",""
"27001","481.202656032","ipcas_21:73:33","189","3","444","LIED10MEAS/LLN0$Measurement","0","0","0"
"27039","482.216587590","ipcas_21:73:33","150","3","445","LIED10CTRL/LLN0$Status","0","1","0"
"27041","482.216594088","ipcas_21:73:33","147","3","445","LIED10PROT/LLN0$Alarm","1","",""
"27042","482.216595146","ipcas_21:73:33","189","3","445","LIED10MEAS/LLN0$Measurement","0","0","0"
"27090","483.240219078","ipcas_21:73:33","150","3","446","LIED10CTRL/LLN0$Status","0","1","0"
"27091","483.241273975","ipcas_21:73:33","147","3","446","LIED10PROT/LLN0$Alarm","1","",""
"27092","483.241279908","ipcas_21:73:33","189","3","446","LIED10MEAS/LLN0$Measurement","0","0","0"
"27152","484.289128557","ipcas_21:73:33","150","3","447","LIED10CTRL/LLN0$Status","0","1","0"
"27153","484.289137561","ipcas_21:73:33","147","3","447","LIED10PROT/LLN0$Alarm","1","",""
"27154","484.289139204","ipcas_21:73:33","189","3","447","LIED10MEAS/LLN0$Measurement","0","0","0"
"27205","485.329770831","ipcas_21:73:33","150","3","448","LIED10CTRL/LLN0$Status","0","1","0"
"27206","485.329779441","ipcas_21:73:33","147","3","448","LIED10PROT/LLN0$Alarm","1","",""
"27207","485.329780791","ipcas_21:73:33","189","3","448","LIED10MEAS/LLN0$Measurement","0","0","0"
"27252","486.347589427","ipcas_21:73:33","150","3","449","LIED10CTRL/LLN0$Status","0","1","0"
"27253","486.347594772","ipcas_21:73:33","147","3","449","LIED10PROT/LLN0$Alarm","1","",""
"27254","486.347595848","ipcas_21:73:33","189","3","449","LIED10MEAS/LLN0$Measurement","0","0","0"
"27320","487.405634697","ipcas_21:73:33","150","3","450","LIED10CTRL/LLN0$Status","0","1","0"
"27321","487.405635644","ipcas_21:73:33","147","3","450","LIED10PROT/LLN0$Alarm","1","",""
"27322","487.405636344","ipcas_21:73:33","189","3","450","LIED10MEAS/LLN0$Measurement","0","0","0"
"27358","488.430060383","ipcas_21:73:33","150","3","451","LIED10CTRL/LLN0$Status","0","1","0"
"27359","488.430068900","ipcas_21:73:33","147","3","451","LIED10PROT/LLN0$Alarm","1","",""
"27360","488.430069985","ipcas_21:73:33","189","3","451","LIED10MEAS/LLN0$Measurement","0","0","0"
"27431","489.508097224","ipcas_21:73:33","150","3","452","LIED10CTRL/LLN0$Status","0","1","0"
"27432","489.508104768","ipcas_21:73:33","147","3","452","LIED10PROT/LLN0$Alarm","1","",""
"27433","489.508105930","ipcas_21:73:33","189","3","452","LIED10MEAS/LLN0$Measurement","0","0","0"
"27484","490.524919211","ipcas_21:73:33","150","3","453","LIED10CTRL/LLN0$Status","0","1","0"
"27485","490.524928776","ipcas_21:73:33","147","3","453","LIED10PROT/LLN0$Alarm","1","",""
"27486","490.525059921","ipcas_21:73:33","189","3","453","LIED10MEAS/LLN0$Measurement","0","0","0"
"27532","491.545080183","ipcas_21:73:33","150","3","454","LIED10CTRL/LLN0$Status","0","1","0"
"27533","491.545088005","ipcas_21:73:33","147","3","454","LIED10PROT/LLN0$Alarm","1","",""
"27534","491.545089281","ipcas_21:73:33","189","3","454","LIED10MEAS/LLN0$Measurement","0","0","0"
"27573","492.597648289","ipcas_21:73:33","150","3","455","LIED10CTRL/LLN0$Status","0","1","0"
"27574","492.597648736","ipcas_21:73:33","147","3","455","LIED10PROT/LLN0$Alarm","1","",""
"27575","492.597649393","ipcas_21:73:33","189","3","455","LIED10MEAS/LLN0$Measurement","0","0","0"
"27643","493.634721142","ipcas_21:73:33","150","3","456","LIED10CTRL/LLN0$Status","0","1","0"
"27644","493.634729113","ipcas_21:73:33","147","3","456","LIED10PROT/LLN0$Alarm","1","",""
"27645","493.634729800","ipcas_21:73:33","189","3","456","LIED10MEAS/LLN0$Measurement","0","0","0"
"27696","494.665000564","ipcas_21:73:33","150","3","457","LIED10CTRL/LLN0$Status","0","1","0"
"27697","494.665009648","ipcas_21:73:33","147","3","457","LIED10PROT/LLN0$Alarm","1","",""
"27698","494.665012191","ipcas_21:73:33","189","3","457","LIED10MEAS/LLN0$Measurement","0","0","0"
"27749","495.689712547","ipcas_21:73:33","150","3","458","LIED10CTRL/LLN0$Status","0","1","0"
"27750","495.689721441","ipcas_21:73:33","147","3","458","LIED10PROT/LLN0$Alarm","1","",""
"27751","495.689722457","ipcas_21:73:33","189","3","458","LIED10MEAS/LLN0$Measurement","0","0","0"
"27802","496.730031683","ipcas_21:73:33","150","3","459","LIED10CTRL/LLN0$Status","0","1","0"
"27803","496.730041581","ipcas_21:73:33","147","3","459","LIED10PROT/LLN0$Alarm","1","",""
"27804","496.730042843","ipcas_21:73:33","189","3","459","LIED10MEAS/LLN0$Measurement","0","0","0"
"27855","497.749383692","ipcas_21:73:33","150","3","460","LIED10CTRL/LLN0$Status","0","1","0"
"27856","497.749392685","ipcas_21:73:33","147","3","460","LIED10PROT/LLN0$Alarm","1","",""
"27857","497.749393345","ipcas_21:73:33","189","3","460","LIED10MEAS/LLN0$Measurement","0","0","0"
"27908","498.796599785","ipcas_21:73:33","150","3","461","LIED10CTRL/LLN0$Status","0","1","0"
"27909","498.796608956","ipcas_21:73:33","147","3","461","LIED10PROT/LLN0$Alarm","1","",""
"27910","498.796609927","ipcas_21:73:33","189","3","461","LIED10MEAS/LLN0$Measurement","0","0","0"
"27961","499.812516741","ipcas_21:73:33","150","3","462","LIED10CTRL/LLN0$Status","0","1","0"
"27962","499.812525790","ipcas_21:73:33","147","3","462","LIED10PROT/LLN0$Alarm","1","",""
"27963","499.812526167","ipcas_21:73:33","189","3","462","LIED10MEAS/LLN0$Measurement","0","0","0"
"28014","500.829868866","ipcas_21:73:33","150","3","463","LIED10CTRL/LLN0$Status","0","1","0"
"28015","500.829878649","ipcas_21:73:33","147","3","463","LIED10PROT/LLN0$Alarm","1","",""
"28016","500.829879757","ipcas_21:73:33","189","3","463","LIED10MEAS/LLN0$Measurement","0","0","0"
"28059","501.853681001","ipcas_21:73:33","150","3","464","LIED10CTRL/LLN0$Status","0","1","0"
"28060","501.853689512","ipcas_21:73:33","147","3","464","LIED10PROT/LLN0$Alarm","1","",""
"28061","501.853690709","ipcas_21:73:33","189","3","464","LIED10MEAS/LLN0$Measurement","0","0","0"
"28109","502.879370158","ipcas_21:73:33","150","3","465","LIED10CTRL/LLN0$Status","0","1","0"
"28110","502.879379356","ipcas_21:73:33","147","3","465","LIED10PROT/LLN0$Alarm","1","",""
"28111","502.879381076","ipcas_21:73:33","189","3","465","LIED10MEAS/LLN0$Measurement","0","0","0"
"28162","503.905348907","ipcas_21:73:33","150","3","466","LIED10CTRL/LLN0$Status","0","1","0"
"28163","503.905352244","ipcas_21:73:33","147","3","466","LIED10PROT/LLN0$Alarm","1","",""
"28164","503.905352685","ipcas_21:73:33","189","3","466","LIED10MEAS/LLN0$Measurement","0","0","0"
"28226","504.960658019","ipcas_21:73:33","150","3","467","LIED10CTRL/LLN0$Status","0","1","0"
"28227","504.960662536","ipcas_21:73:33","147","3","467","LIED10PROT/LLN0$Alarm","1","",""
"28228","504.960663635","ipcas_21:73:33","189","3","467","LIED10MEAS/LLN0$Measurement","0","0","0"
"28279","506.001137503","ipcas_21:73:33","150","3","468","LIED10CTRL/LLN0$Status","0","1","0"
"28280","506.001147670","ipcas_21:73:33","147","3","468","LIED10PROT/LLN0$Alarm","1","",""
"28281","506.001239958","ipcas_21:73:33","189","3","468","LIED10MEAS/LLN0$Measurement","0","0","0"
"28332","507.045768375","ipcas_21:73:33","150","3","469","LIED10CTRL/LLN0$Status","0","1","0"
"28333","507.046507337","ipcas_21:73:33","147","3","469","LIED10PROT/LLN0$Alarm","1","",""
"28334","507.046511454","ipcas_21:73:33","189","3","469","LIED10MEAS/LLN0$Measurement","0","0","0"
"28385","508.090811704","ipcas_21:73:33","150","3","470","LIED10CTRL/LLN0$Status","0","1","0"
"28386","508.090822645","ipcas_21:73:33","147","3","470","LIED10PROT/LLN0$Alarm","1","",""
"28387","508.091013400","ipcas_21:73:33","189","3","470","LIED10MEAS/LLN0$Measurement","0","0","0"
"28438","509.137934171","ipcas_21:73:33","150","3","471","LIED10CTRL/LLN0$Status","0","1","0"
"28439","509.137941312","ipcas_21:73:33","147","3","471","LIED10PROT/LLN0$Alarm","1","",""
"28440","509.137942114","ipcas_21:73:33","189","3","471","LIED10MEAS/LLN0$Measurement","0","0","0"
"28491","510.158892195","ipcas_21:73:33","150","3","472","LIED10CTRL/LLN0$Status","0","1","0"
"28492","510.159235169","ipcas_21:73:33","147","3","472","LIED10PROT/LLN0$Alarm","1","",""
"28493","510.159595112","ipcas_21:73:33","189","3","472","LIED10MEAS/LLN0$Measurement","0","0","0"
"28544","511.186526804","ipcas_21:73:33","150","3","473","LIED10CTRL/LLN0$Status","0","1","0"
"28545","511.186536490","ipcas_21:73:33","147","3","473","LIED10PROT/LLN0$Alarm","1","",""
"28546","511.186728087","ipcas_21:73:33","189","3","473","LIED10MEAS/LLN0$Measurement","0","0","0"
"28597","512.205231909","ipcas_21:73:33","150","3","474","LIED10CTRL/LLN0$Status","0","1","0"
"28598","512.205242021","ipcas_21:73:33","147","3","474","LIED10PROT/LLN0$Alarm","1","",""
"28599","512.206260107","ipcas_21:73:33","189","3","474","LIED10MEAS/LLN0$Measurement","0","0","0"
"28650","513.236497334","ipcas_21:73:33","150","3","475","LIED10CTRL/LLN0$Status","0","1","0"
"28651","513.236505830","ipcas_21:73:33","147","3","475","LIED10PROT/LLN0$Alarm","1","",""
"28652","513.236506806","ipcas_21:73:33","189","3","475","LIED10MEAS/LLN0$Measurement","0","0","0"
"28694","514.255760827","ipcas_21:73:33","150","3","476","LIED10CTRL/LLN0$Status","0","1","0"
"28695","514.255763929","ipcas_21:73:33","147","3","476","LIED10PROT/LLN0$Alarm","1","",""
"28696","514.255765144","ipcas_21:73:33","189","3","476","LIED10MEAS/LLN0$Measurement","0","0","0"
"28733","515.274500460","ipcas_21:73:33","150","3","477","LIED10CTRL/LLN0$Status","0","1","0"
"28734","515.274511442","ipcas_21:73:33","147","3","477","LIED10PROT/LLN0$Alarm","1","",""
"28735","515.274512999","ipcas_21:73:33","189","3","477","LIED10MEAS/LLN0$Measurement","0","0","0"
"28786","516.309729941","ipcas_21:73:33","150","3","478","LIED10CTRL/LLN0$Status","0","1","0"
"28787","516.310677367","ipcas_21:73:33","147","3","478","LIED10PROT/LLN0$Alarm","1","",""
"28788","516.311116402","ipcas_21:73:33","189","3","478","LIED10MEAS/LLN0$Measurement","0","0","0"
"28839","517.328895883","ipcas_21:73:33","150","3","479","LIED10CTRL/LLN0$Status","0","1","0"
"28840","517.328909731","ipcas_21:73:33","147","3","479","LIED10PROT/LLN0$Alarm","1","",""
"28841","517.328911345","ipcas_21:73:33","189","3","479","LIED10MEAS/LLN0$Measurement","0","0","0"
"28892","518.403457381","ipcas_21:73:33","150","3","480","LIED10CTRL/LLN0$Status","0","1","0"
"28893","518.404079409","ipcas_21:73:33","147","3","480","LIED10PROT/LLN0$Alarm","1","",""
"28894","518.404084604","ipcas_21:73:33","189","3","480","LIED10MEAS/LLN0$Measurement","0","0","0"
"28945","519.425262086","ipcas_21:73:33","150","3","481","LIED10CTRL/LLN0$Status","0","1","0"
"28946","519.425795882","ipcas_21:73:33","147","3","481","LIED10PROT/LLN0$Alarm","1","",""
"28947","519.426187391","ipcas_21:73:33","189","3","481","LIED10MEAS/LLN0$Measurement","0","0","0"
"29016","520.495851809","ipcas_21:73:33","150","3","482","LIED10CTRL/LLN0$Status","0","1","0"
"29017","520.495859903","ipcas_21:73:33","147","3","482","LIED10PROT/LLN0$Alarm","1","",""
"29018","520.495860467","ipcas_21:73:33","189","3","482","LIED10MEAS/LLN0$Measurement","0","0","0"
"29069","521.544871010","ipcas_21:73:33","150","3","483","LIED10CTRL/LLN0$Status","0","1","0"
"29070","521.544871757","ipcas_21:73:33","147","3","483","LIED10PROT/LLN0$Alarm","1","",""
"29071","521.544872365","ipcas_21:73:33","189","3","483","LIED10MEAS/LLN0$Measurement","0","0","0"
"29104","522.584743731","ipcas_21:73:33","150","3","484","LIED10CTRL/LLN0$Status","0","1","0"
"29105","522.584752649","ipcas_21:73:33","147","3","484","LIED10PROT/LLN0$Alarm","1","",""
"29106","522.584753521","ipcas_21:73:33","189","3","484","LIED10MEAS/LLN0$Measurement","0","0","0"
"29157","523.604469287","ipcas_21:73:33","150","3","485","LIED10CTRL/LLN0$Status","0","1","0"
"29158","523.604478495","ipcas_21:73:33","147","3","485","LIED10PROT/LLN0$Alarm","1","",""
"29159","523.604479480","ipcas_21:73:33","189","3","485","LIED10MEAS/LLN0$Measurement","0","0","0"
"29210","524.644883659","ipcas_21:73:33","150","3","486","LIED10CTRL/LLN0$Status","0","1","0"
"29211","524.645337718","ipcas_21:73:33","147","3","486","LIED10PROT/LLN0$Alarm","1","",""
"29212","524.645863516","ipcas_21:73:33","189","3","486","LIED10MEAS/LLN0$Measurement","0","0","0"
"29286","525.730752496","ipcas_21:73:33","150","3","487","LIED10CTRL/LLN0$Status","0","1","0"
"29287","525.731164755","ipcas_21:73:33","147","3","487","LIED10PROT/LLN0$Alarm","1","",""
"29288","525.731737514","ipcas_21:73:33","189","3","487","LIED10MEAS/LLN0$Measurement","0","0","0"
"29339","526.750015305","ipcas_21:73:33","150","3","488","LIED10CTRL/LLN0$Status","0","1","0"
"29340","526.750024395","ipcas_21:73:33","147","3","488","LIED10PROT/LLN0$Alarm","1","",""
"29341","526.750025068","ipcas_21:73:33","189","3","488","LIED10MEAS/LLN0$Measurement","0","0","0"
"29392","527.807884170","ipcas_21:73:33","150","3","489","LIED10CTRL/LLN0$Status","0","1","0"
"29393","527.807892516","ipcas_21:73:33","147","3","489","LIED10PROT/LLN0$Alarm","1","",""
"29394","527.808222735","ipcas_21:73:33","189","3","489","LIED10MEAS/LLN0$Measurement","0","0","0"
"29445","528.854787418","ipcas_21:73:33","150","3","490","LIED10CTRL/LLN0$Status","0","1","0"
"29446","528.854799025","ipcas_21:73:33","147","3","490","LIED10PROT/LLN0$Alarm","1","",""
"29447","528.855377914","ipcas_21:73:33","189","3","490","LIED10MEAS/LLN0$Measurement","0","0","0"
"29498","529.882407866","ipcas_21:73:33","150","3","491","LIED10CTRL/LLN0$Status","0","1","0"
"29499","529.883281234","ipcas_21:73:33","147","3","491","LIED10PROT/LLN0$Alarm","1","",""
"29500","529.884213462","ipcas_21:73:33","189","3","491","LIED10MEAS/LLN0$Measurement","0","0","0"
"29551","530.925687932","ipcas_21:73:33","150","3","492","LIED10CTRL/LLN0$Status","0","1","0"
"29552","530.926128761","ipcas_21:73:33","147","3","492","LIED10PROT/LLN0$Alarm","1","",""
"29553","530.926567691","ipcas_21:73:33","189","3","492","LIED10MEAS/LLN0$Measurement","0","0","0"
"29604","531.970758878","ipcas_21:73:33","150","3","493","LIED10CTRL/LLN0$Status","0","1","0"
"29605","531.971601129","ipcas_21:73:33","147","3","493","LIED10PROT/LLN0$Alarm","1","",""
"29606","531.972078752","ipcas_21:73:33","189","3","493","LIED10MEAS/LLN0$Measurement","0","0","0"
"29657","533.001243159","ipcas_21:73:33","150","3","494","LIED10CTRL/LLN0$Status","0","1","0"
"29658","533.001252952","ipcas_21:73:33","147","3","494","LIED10PROT/LLN0$Alarm","1","",""
"29659","533.001253934","ipcas_21:73:33","189","3","494","LIED10MEAS/LLN0$Measurement","0","0","0"
"29710","534.052352379","ipcas_21:73:33","150","3","495","LIED10CTRL/LLN0$Status","0","1","0"
"29711","534.052361898","ipcas_21:73:33","147","3","495","LIED10PROT/LLN0$Alarm","1","",""
"29712","534.052362770","ipcas_21:73:33","189","3","495","LIED10MEAS/LLN0$Measurement","0","0","0"
"29763","535.077648716","ipcas_21:73:33","150","3","496","LIED10CTRL/LLN0$Status","0","1","0"
"29764","535.077657456","ipcas_21:73:33","147","3","496","LIED10PROT/LLN0$Alarm","1","",""
"29765","535.077658832","ipcas_21:73:33","189","3","496","LIED10MEAS/LLN0$Measurement","0","0","0"
"29816","536.113439729","ipcas_21:73:33","150","3","497","LIED10CTRL/LLN0$Status","0","1","0"
"29817","536.113450734","ipcas_21:73:33","147","3","497","LIED10PROT/LLN0$Alarm","1","",""
"29818","536.113452037","ipcas_21:73:33","189","3","497","LIED10MEAS/LLN0$Measurement","0","0","0"
"29869","537.150593491","ipcas_21:73:33","150","3","498","LIED10CTRL/LLN0$Status","0","1","0"
"29870","537.151073549","ipcas_21:73:33","147","3","498","LIED10PROT/LLN0$Alarm","1","",""
"29871","537.151080599","ipcas_21:73:33","189","3","498","LIED10MEAS/LLN0$Measurement","0","0","0"
"29922","538.181071159","ipcas_21:73:33","150","3","499","LIED10CTRL/LLN0$Status","0","1","0"
"29923","538.182700336","ipcas_21:73:33","147","3","499","LIED10PROT/LLN0$Alarm","1","",""
"29924","538.182705808","ipcas_21:73:33","189","3","499","LIED10MEAS/LLN0$Measurement","0","0","0"
"29975","539.205340971","ipcas_21:73:33","150","3","500","LIED10CTRL/LLN0$Status","0","1","0"
"29976","539.205349815","ipcas_21:73:33","147","3","500","LIED10PROT/LLN0$Alarm","1","",""
"29977","539.205351422","ipcas_21:73:33","189","3","500","LIED10MEAS/LLN0$Measurement","0","0","0"
"30028","540.233340288","ipcas_21:73:33","150","3","501","LIED10CTRL/LLN0$Status","0","1","0"
"30029","540.233349162","ipcas_21:73:33","147","3","501","LIED10PROT/LLN0$Alarm","1","",""
"30030","540.233635563","ipcas_21:73:33","189","3","501","LIED10MEAS/LLN0$Measurement","0","0","0"
"30081","541.270575988","ipcas_21:73:33","150","3","502","LIED10CTRL/LLN0$Status","0","1","0"
"30082","541.270585974","ipcas_21:73:33","147","3","502","LIED10PROT/LLN0$Alarm","1","",""
"30083","541.270587398","ipcas_21:73:33","189","3","502","LIED10MEAS/LLN0$Measurement","0","0","0"
"30134","542.320320470","ipcas_21:73:33","150","3","503","LIED10CTRL/LLN0$Status","0","1","0"
"30135","542.320331492","ipcas_21:73:33","147","3","503","LIED10PROT/LLN0$Alarm","1","",""
"30136","542.320333206","ipcas_21:73:33","189","3","503","LIED10MEAS/LLN0$Measurement","0","0","0"
"30187","543.370474230","ipcas_21:73:33","150","3","504","LIED10CTRL/LLN0$Status","0","1","0"
"30188","543.370484664","ipcas_21:73:33","147","3","504","LIED10PROT/LLN0$Alarm","1","",""
"30189","543.371920207","ipcas_21:73:33","189","3","504","LIED10MEAS/LLN0$Measurement","0","0","0"
"30240","544.406212471","ipcas_21:73:33","150","3","505","LIED10CTRL/LLN0$Status","0","1","0"
"30241","544.406220698","ipcas_21:73:33","147","3","505","LIED10PROT/LLN0$Alarm","1","",""
"30242","544.406221516","ipcas_21:73:33","189","3","505","LIED10MEAS/LLN0$Measurement","0","0","0"
"30293","545.430139694","ipcas_21:73:33","150","3","506","LIED10CTRL/LLN0$Status","0","1","0"
"30294","545.430149690","ipcas_21:73:33","147","3","506","LIED10PROT/LLN0$Alarm","1","",""
"30295","545.430150977","ipcas_21:73:33","189","3","506","LIED10MEAS/LLN0$Measurement","0","0","0"
"30346","546.461617392","ipcas_21:73:33","150","3","507","LIED10CTRL/LLN0$Status","0","1","0"
"30347","546.461631244","ipcas_21:73:33","147","3","507","LIED10PROT/LLN0$Alarm","1","",""
"30348","546.461632968","ipcas_21:73:33","189","3","507","LIED10MEAS/LLN0$Measurement","0","0","0"
"30399","547.490180364","ipcas_21:73:33","150","3","508","LIED10CTRL/LLN0$Status","0","1","0"
"30400","547.490194436","ipcas_21:73:33","147","3","508","LIED10PROT/LLN0$Alarm","1","",""
"30401","547.490197085","ipcas_21:73:33","189","3","508","LIED10MEAS/LLN0$Measurement","0","0","0"
"30452","548.519470848","ipcas_21:73:33","150","3","509","LIED10CTRL/LLN0$Status","0","1","0"
"30453","548.519481198","ipcas_21:73:33","147","3","509","LIED10PROT/LLN0$Alarm","1","",""
"30454","548.519482765","ipcas_21:73:33","189","3","509","LIED10MEAS/LLN0$Measurement","0","0","0"
"30505","549.550652914","ipcas_21:73:33","150","3","510","LIED10CTRL/LLN0$Status","0","1","0"
"30506","549.550663475","ipcas_21:73:33","147","3","510","LIED10PROT/LLN0$Alarm","1","",""
"30507","549.550664962","ipcas_21:73:33","189","3","510","LIED10MEAS/LLN0$Measurement","0","0","0"
"30558","550.602769499","ipcas_21:73:33","150","3","511","LIED10CTRL/LLN0$Status","0","1","0"
"30559","550.602779091","ipcas_21:73:33","147","3","511","LIED10PROT/LLN0$Alarm","1","",""
"30560","550.602780247","ipcas_21:73:33","189","3","511","LIED10MEAS/LLN0$Measurement","0","0","0"
"30611","551.624712562","ipcas_21:73:33","150","3","512","LIED10CTRL/LLN0$Status","0","1","0"
"30612","551.624723701","ipcas_21:73:33","147","3","512","LIED10PROT/LLN0$Alarm","1","",""
"30613","551.624725221","ipcas_21:73:33","189","3","512","LIED10MEAS/LLN0$Measurement","0","0","0"
"30664","552.651106241","ipcas_21:73:33","150","3","513","LIED10CTRL/LLN0$Status","0","1","0"
"30665","552.651114759","ipcas_21:73:33","147","3","513","LIED10PROT/LLN0$Alarm","1","",""
"30666","552.651115313","ipcas_21:73:33","189","3","513","LIED10MEAS/LLN0$Measurement","0","0","0"
"30717","553.696004016","ipcas_21:73:33","150","3","514","LIED10CTRL/LLN0$Status","0","1","0"
"30718","553.696014590","ipcas_21:73:33","147","3","514","LIED10PROT/LLN0$Alarm","1","",""
"30719","553.696015700","ipcas_21:73:33","189","3","514","LIED10MEAS/LLN0$Measurement","0","0","0"
"30770","554.732803378","ipcas_21:73:33","150","3","515","LIED10CTRL/LLN0$Status","0","1","0"
"30771","554.732816839","ipcas_21:73:33","147","3","515","LIED10PROT/LLN0$Alarm","1","",""
"30772","554.732818459","ipcas_21:73:33","189","3","515","LIED10MEAS/LLN0$Measurement","0","0","0"
"30823","555.775731353","ipcas_21:73:33","150","3","516","LIED10CTRL/LLN0$Status","0","1","0"
"30824","555.775743631","ipcas_21:73:33","147","3","516","LIED10PROT/LLN0$Alarm","1","",""
"30825","555.776766136","ipcas_21:73:33","189","3","516","LIED10MEAS/LLN0$Measurement","0","0","0"
"30876","556.808916735","ipcas_21:73:33","150","3","517","LIED10CTRL/LLN0$Status","0","1","0"
"30877","556.808926725","ipcas_21:73:33","147","3","517","LIED10PROT/LLN0$Alarm","1","",""
"30878","556.809626064","ipcas_21:73:33","189","3","517","LIED10MEAS/LLN0$Measurement","0","0","0"
"30929","557.840381069","ipcas_21:73:33","150","3","518","LIED10CTRL/LLN0$Status","0","1","0"
"30930","557.840390931","ipcas_21:73:33","147","3","518","LIED10PROT/LLN0$Alarm","1","",""
"30931","557.840392449","ipcas_21:73:33","189","3","518","LIED10MEAS/LLN0$Measurement","0","0","0"
"30982","558.868486464","ipcas_21:73:33","150","3","519","LIED10CTRL/LLN0$Status","0","1","0"
"30983","558.868495722","ipcas_21:73:33","147","3","519","LIED10PROT/LLN0$Alarm","1","",""
"30984","558.868496992","ipcas_21:73:33","189","3","519","LIED10MEAS/LLN0$Measurement","0","0","0"
"31035","559.931265903","ipcas_21:73:33","150","3","520","LIED10CTRL/LLN0$Status","0","1","0"
"31036","559.931274362","ipcas_21:73:33","147","3","520","LIED10PROT/LLN0$Alarm","1","",""
"31037","559.931275331","ipcas_21:73:33","189","3","520","LIED10MEAS/LLN0$Measurement","0","0","0"
"31088","560.954568722","ipcas_21:73:33","150","3","521","LIED10CTRL/LLN0$Status","0","1","0"
"31089","560.954579868","ipcas_21:73:33","147","3","521","LIED10PROT/LLN0$Alarm","1","",""
"31090","560.954582016","ipcas_21:73:33","189","3","521","LIED10MEAS/LLN0$Measurement","0","0","0"
"31141","561.987644585","ipcas_21:73:33","150","3","522","LIED10CTRL/LLN0$Status","0","1","0"
"31142","561.987653445","ipcas_21:73:33","147","3","522","LIED10PROT/LLN0$Alarm","1","",""
"31143","561.987654488","ipcas_21:73:33","189","3","522","LIED10MEAS/LLN0$Measurement","0","0","0"
"31194","563.022946065","ipcas_21:73:33","150","3","523","LIED10CTRL/LLN0$Status","0","1","0"
"31195","563.023452929","ipcas_21:73:33","147","3","523","LIED10PROT/LLN0$Alarm","1","",""
"31196","563.023459911","ipcas_21:73:33","189","3","523","LIED10MEAS/LLN0$Measurement","0","0","0"
"31247","564.064980234","ipcas_21:73:33","150","3","524","LIED10CTRL/LLN0$Status","0","1","0"
"31248","564.064990116","ipcas_21:73:33","147","3","524","LIED10PROT/LLN0$Alarm","1","",""
"31249","564.064991392","ipcas_21:73:33","189","3","524","LIED10MEAS/LLN0$Measurement","0","0","0"
"31300","565.093516914","ipcas_21:73:33","150","3","525","LIED10CTRL/LLN0$Status","0","1","0"
"31301","565.093526303","ipcas_21:73:33","147","3","525","LIED10PROT/LLN0$Alarm","1","",""
"31302","565.093527472","ipcas_21:73:33","189","3","525","LIED10MEAS/LLN0$Measurement","0","0","0"
"31353","566.114394752","ipcas_21:73:33","150","3","526","LIED10CTRL/LLN0$Status","0","1","0"
"31354","566.114707333","ipcas_21:73:33","147","3","526","LIED10PROT/LLN0$Alarm","1","",""
"31355","566.114906420","ipcas_21:73:33","189","3","526","LIED10MEAS/LLN0$Measurement","0","0","0"
"31406","567.155429134","ipcas_21:73:33","150","3","527","LIED10CTRL/LLN0$Status","0","1","0"
"31407","567.155439763","ipcas_21:73:33","147","3","527","LIED10PROT/LLN0$Alarm","1","",""
"31408","567.155440995","ipcas_21:73:33","189","3","527","LIED10MEAS/LLN0$Measurement","0","0","0"
"31459","568.198931953","ipcas_21:73:33","150","3","528","LIED10CTRL/LLN0$Status","0","1","0"
"31460","568.198939200","ipcas_21:73:33","147","3","528","LIED10PROT/LLN0$Alarm","1","",""
"31461","568.198939826","ipcas_21:73:33","189","3","528","LIED10MEAS/LLN0$Measurement","0","0","0"
"31516","569.220820350","ipcas_21:73:33","150","3","529","LIED10CTRL/LLN0$Status","0","1","0"
"31517","569.220829762","ipcas_21:73:33","147","3","529","LIED10PROT/LLN0$Alarm","1","",""
"31518","569.220831149","ipcas_21:73:33","189","3","529","LIED10MEAS/LLN0$Measurement","0","0","0"
"31575","570.253226183","ipcas_21:73:33","150","3","530","LIED10CTRL/LLN0$Status","0","1","0"
"31576","570.253235170","ipcas_21:73:33","147","3","530","LIED10PROT/LLN0$Alarm","1","",""
"31577","570.253236690","ipcas_21:73:33","189","3","530","LIED10MEAS/LLN0$Measurement","0","0","0"
"31633","571.298238347","ipcas_21:73:33","150","3","531","LIED10CTRL/LLN0$Status","0","1","0"
"31634","571.298250251","ipcas_21:73:33","147","3","531","LIED10PROT/LLN0$Alarm","1","",""
"31635","571.298251611","ipcas_21:73:33","189","3","531","LIED10MEAS/LLN0$Measurement","0","0","0"
"31688","572.352322450","ipcas_21:73:33","150","3","532","LIED10CTRL/LLN0$Status","0","1","0"
"31689","572.352335142","ipcas_21:73:33","147","3","532","LIED10PROT/LLN0$Alarm","1","",""
"31690","572.352336829","ipcas_21:73:33","189","3","532","LIED10MEAS/LLN0$Measurement","0","0","0"
"31742","573.380034491","ipcas_21:73:33","150","3","533","LIED10CTRL/LLN0$Status","0","1","0"
"31743","573.380047231","ipcas_21:73:33","147","3","533","LIED10PROT/LLN0$Alarm","1","",""
"31744","573.380048858","ipcas_21:73:33","189","3","533","LIED10MEAS/LLN0$Measurement","0","0","0"
"31797","574.423127405","ipcas_21:73:33","150","3","534","LIED10CTRL/LLN0$Status","0","1","0"
"31798","574.423136896","ipcas_21:73:33","147","3","534","LIED10PROT/LLN0$Alarm","1","",""
"31799","574.423137768","ipcas_21:73:33","189","3","534","LIED10MEAS/LLN0$Measurement","0","0","0"
"31850","575.428245209","ipcas_21:73:33","150","3","535","LIED10CTRL/LLN0$Status","0","1","0"
"31851","575.428256318","ipcas_21:73:33","147","3","535","LIED10PROT/LLN0$Alarm","1","",""
"31852","575.428257974","ipcas_21:73:33","189","3","535","LIED10MEAS/LLN0$Measurement","0","0","0"
"31903","576.462819359","ipcas_21:73:33","150","3","536","LIED10CTRL/LLN0$Status","0","1","0"
"31904","576.463230704","ipcas_21:73:33","147","3","536","LIED10PROT/LLN0$Alarm","1","",""
"31905","576.464023106","ipcas_21:73:33","189","3","536","LIED10MEAS/LLN0$Measurement","0","0","0"
"31958","577.512694687","ipcas_21:73:33","150","3","537","LIED10CTRL/LLN0$Status","0","1","0"
"31959","577.512708589","ipcas_21:73:33","147","3","537","LIED10PROT/LLN0$Alarm","1","",""
"31960","577.512710493","ipcas_21:73:33","189","3","537","LIED10MEAS/LLN0$Measurement","0","0","0"
"32012","578.551999883","ipcas_21:73:33","150","3","538","LIED10CTRL/LLN0$Status","0","1","0"
"32013","578.552012301","ipcas_21:73:33","147","3","538","LIED10PROT/LLN0$Alarm","1","",""
"32014","578.552013811","ipcas_21:73:33","189","3","538","LIED10MEAS/LLN0$Measurement","0","0","0"
"32065","579.590228863","ipcas_21:73:33","150","3","539","LIED10CTRL/LLN0$Status","0","1","0"
"32066","579.590241389","ipcas_21:73:33","147","3","539","LIED10PROT/LLN0$Alarm","1","",""
"32067","579.590242805","ipcas_21:73:33","189","3","539","LIED10MEAS/LLN0$Measurement","0","0","0"
"32118","580.646826379","ipcas_21:73:33","150","3","540","LIED10CTRL/LLN0$Status","0","1","0"
"32119","580.646837909","ipcas_21:73:33","147","3","540","LIED10PROT/LLN0$Alarm","1","",""
"32120","580.646839282","ipcas_21:73:33","189","3","540","LIED10MEAS/LLN0$Measurement","0","0","0"
"32171","581.685739533","ipcas_21:73:33","150","3","541","LIED10CTRL/LLN0$Status","0","1","0"
"32172","581.686037477","ipcas_21:73:33","147","3","541","LIED10PROT/LLN0$Alarm","1","",""
"32173","581.686266560","ipcas_21:73:33","189","3","541","LIED10MEAS/LLN0$Measurement","0","0","0"
"32224","582.729867712","ipcas_21:73:33","150","3","542","LIED10CTRL/LLN0$Status","0","1","0"
"32225","582.729879291","ipcas_21:73:33","147","3","542","LIED10PROT/LLN0$Alarm","1","",""
"32226","582.729880929","ipcas_21:73:33","189","3","542","LIED10MEAS/LLN0$Measurement","0","0","0"
"32277","583.741710761","ipcas_21:73:33","150","3","543","LIED10CTRL/LLN0$Status","0","1","0"
"32278","583.741777327","ipcas_21:73:33","147","3","543","LIED10PROT/LLN0$Alarm","1","",""
"32279","583.741779305","ipcas_21:73:33","189","3","543","LIED10MEAS/LLN0$Measurement","0","0","0"
"32330","584.770888978","ipcas_21:73:33","150","3","544","LIED10CTRL/LLN0$Status","0","1","0"
"32331","584.770900488","ipcas_21:73:33","147","3","544","LIED10PROT/LLN0$Alarm","1","",""
"32332","584.770901657","ipcas_21:73:33","189","3","544","LIED10MEAS/LLN0$Measurement","0","0","0"
"32384","585.811119926","ipcas_21:73:33","150","3","545","LIED10CTRL/LLN0$Status","0","1","0"
"32385","585.811132281","ipcas_21:73:33","147","3","545","LIED10PROT/LLN0$Alarm","1","",""
"32386","585.811134276","ipcas_21:73:33","189","3","545","LIED10MEAS/LLN0$Measurement","0","0","0"
"32437","586.848765775","ipcas_21:73:33","150","3","546","LIED10CTRL/LLN0$Status","0","1","0"
"32438","586.848777495","ipcas_21:73:33","147","3","546","LIED10PROT/LLN0$Alarm","1","",""
"32439","586.848778574","ipcas_21:73:33","189","3","546","LIED10MEAS/LLN0$Measurement","0","0","0"
"32490","587.895352254","ipcas_21:73:33","150","3","547","LIED10CTRL/LLN0$Status","0","1","0"
"32491","587.895365685","ipcas_21:73:33","147","3","547","LIED10PROT/LLN0$Alarm","1","",""
"32492","587.895366804","ipcas_21:73:33","189","3","547","LIED10MEAS/LLN0$Measurement","0","0","0"
"32544","588.918534356","ipcas_21:73:33","150","3","548","LIED10CTRL/LLN0$Status","0","1","0"
"32545","588.918548010","ipcas_21:73:33","147","3","548","LIED10PROT/LLN0$Alarm","1","",""
"32546","588.918549210","ipcas_21:73:33","189","3","548","LIED10MEAS/LLN0$Measurement","0","0","0"
"32597","589.935501606","ipcas_21:73:33","150","3","549","LIED10CTRL/LLN0$Status","0","1","0"
"32598","589.935514021","ipcas_21:73:33","147","3","549","LIED10PROT/LLN0$Alarm","1","",""
"32599","589.935516066","ipcas_21:73:33","189","3","549","LIED10MEAS/LLN0$Measurement","0","0","0"
"32650","590.971206326","ipcas_21:73:33","150","3","550","LIED10CTRL/LLN0$Status","0","1","0"
"32651","590.971220217","ipcas_21:73:33","147","3","550","LIED10PROT/LLN0$Alarm","1","",""
"32652","590.971221941","ipcas_21:73:33","189","3","550","LIED10MEAS/LLN0$Measurement","0","0","0"
"32703","592.005382037","ipcas_21:73:33","150","3","551","LIED10CTRL/LLN0$Status","0","1","0"
"32704","592.005391583","ipcas_21:73:33","147","3","551","LIED10PROT/LLN0$Alarm","1","",""
"32705","592.005392300","ipcas_21:73:33","189","3","551","LIED10MEAS/LLN0$Measurement","0","0","0"
"32756","593.259510028","ipcas_21:73:33","150","3","552","LIED10CTRL/LLN0$Status","0","1","0"
"32757","593.259521708","ipcas_21:73:33","147","3","552","LIED10PROT/LLN0$Alarm","1","",""
"32758","593.259776022","ipcas_21:73:33","189","3","552","LIED10MEAS/LLN0$Measurement","0","0","0"
"32809","594.307585589","ipcas_21:73:33","150","3","553","LIED10CTRL/LLN0$Status","0","1","0"
"32810","594.307597710","ipcas_21:73:33","147","3","553","LIED10PROT/LLN0$Alarm","1","",""
"32811","594.307599400","ipcas_21:73:33","189","3","553","LIED10MEAS/LLN0$Measurement","0","0","0"
"32862","595.334565311","ipcas_21:73:33","150","3","554","LIED10CTRL/LLN0$Status","0","1","0"
"32863","595.334575585","ipcas_21:73:33","147","3","554","LIED10PROT/LLN0$Alarm","1","",""
"32864","595.335839193","ipcas_21:73:33","189","3","554","LIED10MEAS/LLN0$Measurement","0","0","0"
"32915","596.372167045","ipcas_21:73:33","150","3","555","LIED10CTRL/LLN0$Status","0","1","0"
"32916","596.372178140","ipcas_21:73:33","147","3","555","LIED10PROT/LLN0$Alarm","1","",""
"32917","596.372180002","ipcas_21:73:33","189","3","555","LIED10MEAS/LLN0$Measurement","0","0","0"
"32968","597.412636341","ipcas_21:73:33","150","3","556","LIED10CTRL/LLN0$Status","0","1","0"
"32969","597.412648606","ipcas_21:73:33","147","3","556","LIED10PROT/LLN0$Alarm","1","",""
"32970","597.412650176","ipcas_21:73:33","189","3","556","LIED10MEAS/LLN0$Measurement","0","0","0"
"33021","598.430949613","ipcas_21:73:33","150","3","557","LIED10CTRL/LLN0$Status","0","1","0"
"33022","598.430960625","ipcas_21:73:33","147","3","557","LIED10PROT/LLN0$Alarm","1","",""
"33023","598.432679512","ipcas_21:73:33","189","3","557","LIED10MEAS/LLN0$Measurement","0","0","0"
"33074","599.480411932","ipcas_21:73:33","150","3","558","LIED10CTRL/LLN0$Status","0","1","0"
"33075","599.480936580","ipcas_21:73:33","147","3","558","LIED10PROT/LLN0$Alarm","1","",""
"33076","599.481289350","ipcas_21:73:33","189","3","558","LIED10MEAS/LLN0$Measurement","0","0","0"
"33127","600.534611309","ipcas_21:73:33","150","3","559","LIED10CTRL/LLN0$Status","0","1","0"
"33128","600.534621421","ipcas_21:73:33","147","3","559","LIED10PROT/LLN0$Alarm","1","",""
"33129","600.534622683","ipcas_21:73:33","189","3","559","LIED10MEAS/LLN0$Measurement","0","0","0"
"33181","601.588036557","ipcas_21:73:33","150","3","560","LIED10CTRL/LLN0$Status","0","1","0"
"33182","601.588047244","ipcas_21:73:33","147","3","560","LIED10PROT/LLN0$Alarm","1","",""
"33183","601.588271063","ipcas_21:73:33","189","3","560","LIED10MEAS/LLN0$Measurement","0","0","0"
"33234","602.606790550","ipcas_21:73:33","150","3","561","LIED10CTRL/LLN0$Status","0","1","0"
"33235","602.615168972","ipcas_21:73:33","147","3","561","LIED10PROT/LLN0$Alarm","1","",""
"33236","602.615180846","ipcas_21:73:33","189","3","561","LIED10MEAS/LLN0$Measurement","0","0","0"
"33287","603.658218910","ipcas_21:73:33","150","3","562","LIED10CTRL/LLN0$Status","0","1","0"
"33288","603.658231168","ipcas_21:73:33","147","3","562","LIED10PROT/LLN0$Alarm","1","",""
"33289","603.658239735","ipcas_21:73:33","189","3","562","LIED10MEAS/LLN0$Measurement","0","0","0"
"33340","604.692970115","ipcas_21:73:33","150","3","563","LIED10CTRL/LLN0$Status","0","1","0"
"33341","604.693286131","ipcas_21:73:33","147","3","563","LIED10PROT/LLN0$Alarm","1","",""
"33342","604.695242914","ipcas_21:73:33","189","3","563","LIED10MEAS/LLN0$Measurement","0","0","0"
"33393","605.708803131","ipcas_21:73:33","150","3","564","LIED10CTRL/LLN0$Status","0","1","0"
"33394","605.708816752","ipcas_21:73:33","147","3","564","LIED10PROT/LLN0$Alarm","1","",""
"33395","605.708818644","ipcas_21:73:33","189","3","564","LIED10MEAS/LLN0$Measurement","0","0","0"
"33448","606.742872246","ipcas_21:73:33","150","3","565","LIED10CTRL/LLN0$Status","0","1","0"
"33449","606.743607311","ipcas_21:73:33","147","3","565","LIED10PROT/LLN0$Alarm","1","",""
"33450","606.744605129","ipcas_21:73:33","189","3","565","LIED10MEAS/LLN0$Measurement","0","0","0"
"33511","607.783972620","ipcas_21:73:33","150","3","566","LIED10CTRL/LLN0$Status","0","1","0"
"33512","607.783985884","ipcas_21:73:33","147","3","566","LIED10PROT/LLN0$Alarm","1","",""
"33513","607.783987248","ipcas_21:73:33","189","3","566","LIED10MEAS/LLN0$Measurement","0","0","0"
"33582","608.834383649","ipcas_21:73:33","150","3","567","LIED10CTRL/LLN0$Status","0","1","0"
"33583","608.834394985","ipcas_21:73:33","147","3","567","LIED10PROT/LLN0$Alarm","1","",""
"33584","608.834960624","ipcas_21:73:33","189","3","567","LIED10MEAS/LLN0$Measurement","0","0","0"
"33654","609.881137738","ipcas_21:73:33","150","3","568","LIED10CTRL/LLN0$Status","0","1","0"
"33655","609.881147049","ipcas_21:73:33","147","3","568","LIED10PROT/LLN0$Alarm","1","",""
"33656","609.881147975","ipcas_21:73:33","189","3","568","LIED10MEAS/LLN0$Measurement","0","0","0"
"33724","610.898194957","ipcas_21:73:33","150","3","569","LIED10CTRL/LLN0$Status","0","1","0"
"33725","610.898204813","ipcas_21:73:33","147","3","569","LIED10PROT/LLN0$Alarm","1","",""
"33726","610.898206567","ipcas_21:73:33","189","3","569","LIED10MEAS/LLN0$Measurement","0","0","0"
"33786","611.932242013","ipcas_21:73:33","150","3","570","LIED10CTRL/LLN0$Status","0","1","0"
"33787","611.932253008","ipcas_21:73:33","147","3","570","LIED10PROT/LLN0$Alarm","1","",""
"33788","611.932254241","ipcas_21:73:33","189","3","570","LIED10MEAS/LLN0$Measurement","0","0","0"
"33845","612.966511510","ipcas_21:73:33","150","3","571","LIED10CTRL/LLN0$Status","0","1","0"
"33846","612.966523675","ipcas_21:73:33","147","3","571","LIED10PROT/LLN0$Alarm","1","",""
"33847","612.966525482","ipcas_21:73:33","189","3","571","LIED10MEAS/LLN0$Measurement","0","0","0"
"33906","614.018618826","ipcas_21:73:33","150","3","572","LIED10CTRL/LLN0$Status","0","1","0"
"33907","614.018631432","ipcas_21:73:33","147","3","572","LIED10PROT/LLN0$Alarm","1","",""
"33908","614.018632521","ipcas_21:73:33","189","3","572","LIED10MEAS/LLN0$Measurement","0","0","0"
"33962","615.045992260","ipcas_21:73:33","150","3","573","LIED10CTRL/LLN0$Status","0","1","0"
"33963","615.046776421","ipcas_21:73:33","147","3","573","LIED10PROT/LLN0$Alarm","1","",""
"33964","615.046784162","ipcas_21:73:33","189","3","573","LIED10MEAS/LLN0$Measurement","0","0","0"
"34026","616.070623229","ipcas_21:73:33","150","3","574","LIED10CTRL/LLN0$Status","0","1","0"
"34027","616.070630626","ipcas_21:73:33","147","3","574","LIED10PROT/LLN0$Alarm","1","",""
"34028","616.070631875","ipcas_21:73:33","189","3","574","LIED10MEAS/LLN0$Measurement","0","0","0"
"34087","617.124874213","ipcas_21:73:33","150","3","575","LIED10CTRL/LLN0$Status","0","1","0"
"34088","617.124885722","ipcas_21:73:33","147","3","575","LIED10PROT/LLN0$Alarm","1","",""
"34089","617.124887209","ipcas_21:73:33","189","3","575","LIED10MEAS/LLN0$Measurement","0","0","0"
"34142","618.181679744","ipcas_21:73:33","150","3","576","LIED10CTRL/LLN0$Status","0","1","0"
"34143","618.181689737","ipcas_21:73:33","147","3","576","LIED10PROT/LLN0$Alarm","1","",""
"34144","618.181690570","ipcas_21:73:33","189","3","576","LIED10MEAS/LLN0$Measurement","0","0","0"
"34199","619.203482883","ipcas_21:73:33","150","3","577","LIED10CTRL/LLN0$Status","0","1","0"
"34200","619.203491653","ipcas_21:73:33","147","3","577","LIED10PROT/LLN0$Alarm","1","",""
"34201","619.203493347","ipcas_21:73:33","189","3","577","LIED10MEAS/LLN0$Measurement","0","0","0"
"34253","620.233476669","ipcas_21:73:33","150","3","578","LIED10CTRL/LLN0$Status","0","1","0"
"34254","620.233488660","ipcas_21:73:33","147","3","578","LIED10PROT/LLN0$Alarm","1","",""
"34255","620.233490273","ipcas_21:73:33","189","3","578","LIED10MEAS/LLN0$Measurement","0","0","0"
"34294","621.261401532","ipcas_21:73:33","150","3","579","LIED10CTRL/LLN0$Status","0","1","0"
"34295","621.288850247","ipcas_21:73:33","147","3","579","LIED10PROT/LLN0$Alarm","1","",""
"34296","621.288857281","ipcas_21:73:33","189","3","579","LIED10MEAS/LLN0$Measurement","0","0","0"
"34338","622.309436773","ipcas_21:73:33","150","3","580","LIED10CTRL/LLN0$Status","0","1","0"
"34339","622.309450735","ipcas_21:73:33","147","3","580","LIED10PROT/LLN0$Alarm","1","",""
"34340","622.309452399","ipcas_21:73:33","189","3","580","LIED10MEAS/LLN0$Measurement","0","0","0"
"34394","623.350180526","ipcas_21:73:33","150","3","581","LIED10CTRL/LLN0$Status","0","1","0"
"34395","623.350192367","ipcas_21:73:33","147","3","581","LIED10PROT/LLN0$Alarm","1","",""
"34396","623.350194098","ipcas_21:73:33","189","3","581","LIED10MEAS/LLN0$Measurement","0","0","0"
"34449","624.403928540","ipcas_21:73:33","150","3","582","LIED10CTRL/LLN0$Status","0","1","0"
"34450","624.403941393","ipcas_21:73:33","147","3","582","LIED10PROT/LLN0$Alarm","1","",""
"34451","624.403942740","ipcas_21:73:33","189","3","582","LIED10MEAS/LLN0$Measurement","0","0","0"
"34504","625.440913087","ipcas_21:73:33","150","3","583","LIED10CTRL/LLN0$Status","0","1","0"
"34505","625.440922706","ipcas_21:73:33","147","3","583","LIED10PROT/LLN0$Alarm","1","",""
"34506","625.440924336","ipcas_21:73:33","189","3","583","LIED10MEAS/LLN0$Measurement","0","0","0"
"34537","626.472381450","ipcas_21:73:33","150","3","584","LIED10CTRL/LLN0$Status","0","1","0"
"34538","626.472390800","ipcas_21:73:33","147","3","584","LIED10PROT/LLN0$Alarm","1","",""
"34539","626.472391964","ipcas_21:73:33","189","3","584","LIED10MEAS/LLN0$Measurement","0","0","0"
"34572","627.488227429","ipcas_21:73:33","150","3","585","LIED10CTRL/LLN0$Status","0","1","0"
"34573","627.488239300","ipcas_21:73:33","147","3","585","LIED10PROT/LLN0$Alarm","1","",""
"34574","627.488240573","ipcas_21:73:33","189","3","585","LIED10MEAS/LLN0$Measurement","0","0","0"
"34627","628.514953856","ipcas_21:73:33","150","3","586","LIED10CTRL/LLN0$Status","0","1","0"
"34628","628.514966068","ipcas_21:73:33","147","3","586","LIED10PROT/LLN0$Alarm","1","",""
"34629","628.514967858","ipcas_21:73:33","189","3","586","LIED10MEAS/LLN0$Measurement","0","0","0"
"34679","629.578549246","ipcas_21:73:33","150","3","587","LIED10CTRL/LLN0$Status","0","1","0"
"34680","629.578557732","ipcas_21:73:33","147","3","587","LIED10PROT/LLN0$Alarm","1","",""
"34681","629.578559560","ipcas_21:73:33","189","3","587","LIED10MEAS/LLN0$Measurement","0","0","0"
"34723","630.614996182","ipcas_21:73:33","150","3","588","LIED10CTRL/LLN0$Status","0","1","0"
"34724","630.615004929","ipcas_21:73:33","147","3","588","LIED10PROT/LLN0$Alarm","1","",""
"34725","630.615006472","ipcas_21:73:33","189","3","588","LIED10MEAS/LLN0$Measurement","0","0","0"
