"No.","Time","Source","Length","stNum","sqNum","goID","integer","integer","integer"
"13","0.015113355","ipcas_21:73:29","149","1","0","LIED21CTRL/LLN0$Status","1","1","0"
"14","0.015119035","ipcas_21:73:29","146","1","0","LIED21PROT/LLN0$Alarm","1","",""
"15","0.016080309","ipcas_21:73:29","203","1","0","LIED21MEAS/LLN0$Measurement","305","313","309"
"43","1.080921711","ipcas_21:73:29","149","1","1","LIED21CTRL/LLN0$Status","1","1","0"
"44","1.080922733","ipcas_21:73:29","146","1","1","LIED21PROT/LLN0$Alarm","1","",""
"45","1.080923575","ipcas_21:73:29","203","1","1","LIED21MEAS/LLN0$Measurement","315","310","310"
"96","2.129247623","ipcas_21:73:29","149","1","2","LIED21CTRL/LLN0$Status","1","1","0"
"97","2.129253961","ipcas_21:73:29","146","1","2","LIED21PROT/LLN0$Alarm","1","",""
"98","2.129254439","ipcas_21:73:29","203","1","2","LIED21MEAS/LLN0$Measurement","309","308","306"
"149","3.179752742","ipcas_21:73:29","149","1","3","LIED21CTRL/LLN0$Status","1","1","0"
"150","3.179753649","ipcas_21:73:29","146","1","3","LIED21PROT/LLN0$Alarm","1","",""
"151","3.179754428","ipcas_21:73:29","203","1","3","LIED21MEAS/LLN0$Measurement","306","312","312"
"202","4.201982951","ipcas_21:73:29","149","1","4","LIED21CTRL/LLN0$Status","1","1","0"
"203","4.201983903","ipcas_21:73:29","146","1","4","LIED21PROT/LLN0$Alarm","1","",""
"204","4.201984300","ipcas_21:73:29","203","1","4","LIED21MEAS/LLN0$Measurement","305","306","315"
"255","5.229107037","ipcas_21:73:29","149","1","5","LIED21CTRL/LLN0$Status","1","1","0"
"256","5.229108427","ipcas_21:73:29","146","1","5","LIED21PROT/LLN0$Alarm","1","",""
"257","5.229109573","ipcas_21:73:29","203","1","5","LIED21MEAS/LLN0$Measurement","307","309","314"
"308","6.261125425","ipcas_21:73:29","149","1","6","LIED21CTRL/LLN0$Status","1","1","0"
"309","6.261132878","ipcas_21:73:29","146","1","6","LIED21PROT/LLN0$Alarm","1","",""
"310","6.261135107","ipcas_21:73:29","203","1","6","LIED21MEAS/LLN0$Measurement","311","313","313"
"361","7.308095668","ipcas_21:73:29","149","1","7","LIED21CTRL/LLN0$Status","1","1","0"
"362","7.308099375","ipcas_21:73:29","146","1","7","LIED21PROT/LLN0$Alarm","1","",""
"363","7.308100277","ipcas_21:73:29","203","1","7","LIED21MEAS/LLN0$Measurement","313","305","310"
"414","8.337971363","ipcas_21:73:29","149","1","8","LIED21CTRL/LLN0$Status","1","1","0"
"415","8.337980581","ipcas_21:73:29","146","1","8","LIED21PROT/LLN0$Alarm","1","",""
"416","8.337981770","ipcas_21:73:29","203","1","8","LIED21MEAS/LLN0$Measurement","307","312","309"
"467","9.368647034","ipcas_21:73:29","149","1","9","LIED21CTRL/LLN0$Status","1","1","0"
"468","9.368658044","ipcas_21:73:29","146","1","9","LIED21PROT/LLN0$Alarm","1","",""
"469","9.368659275","ipcas_21:73:29","203","1","9","LIED21MEAS/LLN0$Measurement","310","310","313"
"520","10.419929384","ipcas_21:73:29","149","1","10","LIED21CTRL/LLN0$Status","1","1","0"
"521","10.419958181","ipcas_21:73:29","146","1","10","LIED21PROT/LLN0$Alarm","1","",""
"522","10.419959142","ipcas_21:73:29","203","1","10","LIED21MEAS/LLN0$Measurement","309","314","305"
"573","11.445961030","ipcas_21:73:29","149","1","11","LIED21CTRL/LLN0$Status","1","1","0"
"574","11.445966242","ipcas_21:73:29","146","1","11","LIED21PROT/LLN0$Alarm","1","",""
"575","11.445967676","ipcas_21:73:29","203","1","11","LIED21MEAS/LLN0$Measurement","465","468","465"
"626","12.478717021","ipcas_21:73:29","149","1","12","LIED21CTRL/LLN0$Status","1","1","0"
"627","12.478722754","ipcas_21:73:29","146","1","12","LIED21PROT/LLN0$Alarm","1","",""
"628","12.478724193","ipcas_21:73:29","203","1","12","LIED21MEAS/LLN0$Measurement","465","463","465"
"679","13.507003640","ipcas_21:73:29","149","1","13","LIED21CTRL/LLN0$Status","1","1","0"
"680","13.507011205","ipcas_21:73:29","146","1","13","LIED21PROT/LLN0$Alarm","1","",""
"681","13.507012571","ipcas_21:73:29","203","1","13","LIED21MEAS/LLN0$Measurement","463","468","465"
"732","14.539666437","ipcas_21:73:29","149","1","14","LIED21CTRL/LLN0$Status","1","1","0"
"733","14.539673616","ipcas_21:73:29","146","1","14","LIED21PROT/LLN0$Alarm","1","",""
"734","14.539675233","ipcas_21:73:29","203","1","14","LIED21MEAS/LLN0$Measurement","464","467","464"
"785","15.628004864","ipcas_21:73:29","149","1","15","LIED21CTRL/LLN0$Status","1","1","0"
"786","15.628011517","ipcas_21:73:29","146","1","15","LIED21PROT/LLN0$Alarm","1","",""
"787","15.628012887","ipcas_21:73:29","203","1","15","LIED21MEAS/LLN0$Measurement","465","464","467"
"838","16.654851080","ipcas_21:73:29","149","1","16","LIED21CTRL/LLN0$Status","1","1","0"
"839","16.654855745","ipcas_21:73:29","146","1","16","LIED21PROT/LLN0$Alarm","1","",""
"840","16.654856562","ipcas_21:73:29","203","1","16","LIED21MEAS/LLN0$Measurement","467","469","466"
"891","17.702510036","ipcas_21:73:29","149","1","17","LIED21CTRL/LLN0$Status","1","1","0"
"892","17.702515521","ipcas_21:73:29","146","1","17","LIED21PROT/LLN0$Alarm","1","",""
"893","17.702516469","ipcas_21:73:29","203","1","17","LIED21MEAS/LLN0$Measurement","463","464","465"
"944","18.729467457","ipcas_21:73:29","149","1","18","LIED21CTRL/LLN0$Status","1","1","0"
"945","18.729473481","ipcas_21:73:29","146","1","18","LIED21PROT/LLN0$Alarm","1","",""
"946","18.730415233","ipcas_21:73:29","203","1","18","LIED21MEAS/LLN0$Measurement","464","462","465"
"997","19.759435605","ipcas_21:73:29","149","1","19","LIED21CTRL/LLN0$Status","1","1","0"
"998","19.759439431","ipcas_21:73:29","146","1","19","LIED21PROT/LLN0$Alarm","1","",""
"999","19.759440028","ipcas_21:73:29","203","1","19","LIED21MEAS/LLN0$Measurement","468","468","467"
"1050","20.789290680","ipcas_21:73:29","149","1","20","LIED21CTRL/LLN0$Status","1","1","0"
"1051","20.789296340","ipcas_21:73:29","146","1","20","LIED21PROT/LLN0$Alarm","1","",""
"1052","20.789297750","ipcas_21:73:29","203","1","20","LIED21MEAS/LLN0$Measurement","470","462","465"
"1103","21.807637258","ipcas_21:73:29","149","1","21","LIED21CTRL/LLN0$Status","1","1","0"
"1104","21.807642764","ipcas_21:73:29","146","1","21","LIED21PROT/LLN0$Alarm","1","",""
"1105","21.808210584","ipcas_21:73:29","203","1","21","LIED21MEAS/LLN0$Measurement","465","466","460"
"1156","22.862054465","ipcas_21:73:29","149","1","22","LIED21CTRL/LLN0$Status","1","1","0"
"1157","22.862063810","ipcas_21:73:29","146","1","22","LIED21PROT/LLN0$Alarm","1","",""
"1158","22.862064926","ipcas_21:73:29","203","1","22","LIED21MEAS/LLN0$Measurement","465","467","461"
"1209","23.914605678","ipcas_21:73:29","149","1","23","LIED21CTRL/LLN0$Status","1","1","0"
"1210","23.915065328","ipcas_21:73:29","146","1","23","LIED21PROT/LLN0$Alarm","1","",""
"1211","23.915069024","ipcas_21:73:29","203","1","23","LIED21MEAS/LLN0$Measurement","463","460","464"
"1262","24.975996338","ipcas_21:73:29","149","1","24","LIED21CTRL/LLN0$Status","1","1","0"
"1263","24.975996945","ipcas_21:73:29","146","1","24","LIED21PROT/LLN0$Alarm","1","",""
"1264","24.975997721","ipcas_21:73:29","203","1","24","LIED21MEAS/LLN0$Measurement","467","465","468"
"1315","26.016055902","ipcas_21:73:29","149","1","25","LIED21CTRL/LLN0$Status","1","1","0"
"1316","26.016067791","ipcas_21:73:29","146","1","25","LIED21PROT/LLN0$Alarm","1","",""
"1317","26.016068910","ipcas_21:73:29","203","1","25","LIED21MEAS/LLN0$Measurement","460","465","466"
"1368","27.043104517","ipcas_21:73:29","149","1","26","LIED21CTRL/LLN0$Status","1","1","0"
"1369","27.043109896","ipcas_21:73:29","146","1","26","LIED21PROT/LLN0$Alarm","1","",""
"1370","27.043110952","ipcas_21:73:29","203","1","26","LIED21MEAS/LLN0$Measurement","465","463","463"
"1421","28.084962422","ipcas_21:73:29","149","1","27","LIED21CTRL/LLN0$Status","1","1","0"
"1422","28.085901630","ipcas_21:73:29","146","1","27","LIED21PROT/LLN0$Alarm","1","",""
"1423","28.087272541","ipcas_21:73:29","203","1","27","LIED21MEAS/LLN0$Measurement","461","462","465"
"1474","29.152437703","ipcas_21:73:29","149","1","28","LIED21CTRL/LLN0$Status","1","1","0"
"1475","29.152440977","ipcas_21:73:29","146","1","28","LIED21PROT/LLN0$Alarm","1","",""
"1476","29.152724806","ipcas_21:73:29","203","1","28","LIED21MEAS/LLN0$Measurement","460","465","465"
"1527","30.181219558","ipcas_21:73:29","149","1","29","LIED21CTRL/LLN0$Status","1","1","0"
"1528","30.181220918","ipcas_21:73:29","146","1","29","LIED21PROT/LLN0$Alarm","1","",""
"1529","30.181222028","ipcas_21:73:29","203","1","29","LIED21MEAS/LLN0$Measurement","465","467","464"
"1580","31.232621951","ipcas_21:73:29","149","1","30","LIED21CTRL/LLN0$Status","1","1","0"
"1581","31.232625308","ipcas_21:73:29","146","1","30","LIED21PROT/LLN0$Alarm","1","",""
"1582","31.232626253","ipcas_21:73:29","203","1","30","LIED21MEAS/LLN0$Measurement","465","464","465"
"1633","32.262061245","ipcas_21:73:29","149","1","31","LIED21CTRL/LLN0$Status","1","1","0"
"1634","32.262064625","ipcas_21:73:29","146","1","31","LIED21PROT/LLN0$Alarm","1","",""
"1635","32.262065210","ipcas_21:73:29","203","1","31","LIED21MEAS/LLN0$Measurement","467","465","466"
"1686","33.305464619","ipcas_21:73:29","149","1","32","LIED21CTRL/LLN0$Status","1","1","0"
"1687","33.305469577","ipcas_21:73:29","146","1","32","LIED21PROT/LLN0$Alarm","1","",""
"1688","33.305470268","ipcas_21:73:29","203","1","32","LIED21MEAS/LLN0$Measurement","465","465","470"
"1739","34.354708102","ipcas_21:73:29","149","1","33","LIED21CTRL/LLN0$Status","1","1","0"
"1740","34.354708672","ipcas_21:73:29","146","1","33","LIED21PROT/LLN0$Alarm","1","",""
"1741","34.354709654","ipcas_21:73:29","203","1","33","LIED21MEAS/LLN0$Measurement","468","468","465"
"1792","35.405754297","ipcas_21:73:29","149","1","34","LIED21CTRL/LLN0$Status","1","1","0"
"1793","35.405907930","ipcas_21:73:29","146","1","34","LIED21PROT/LLN0$Alarm","1","",""
"1794","35.405909151","ipcas_21:73:29","203","1","34","LIED21MEAS/LLN0$Measurement","468","469","464"
"1845","36.441348551","ipcas_21:73:29","149","1","35","LIED21CTRL/LLN0$Status","1","1","0"
"1846","36.441354738","ipcas_21:73:29","146","1","35","LIED21PROT/LLN0$Alarm","1","",""
"1847","36.442216540","ipcas_21:73:29","203","1","35","LIED21MEAS/LLN0$Measurement","462","465","461"
"1898","37.490805736","ipcas_21:73:29","149","1","36","LIED21CTRL/LLN0$Status","1","1","0"
"1899","37.490812195","ipcas_21:73:29","146","1","36","LIED21PROT/LLN0$Alarm","1","",""
"1900","37.490813779","ipcas_21:73:29","203","1","36","LIED21MEAS/LLN0$Measurement","466","465","463"
"1954","38.540628562","ipcas_21:73:29","149","1","37","LIED21CTRL/LLN0$Status","1","1","0"
"1955","38.540629699","ipcas_21:73:29","146","1","37","LIED21PROT/LLN0$Alarm","1","",""
"1956","38.540631202","ipcas_21:73:29","203","1","37","LIED21MEAS/LLN0$Measurement","464","461","467"
"2004","39.572356405","ipcas_21:73:29","149","1","38","LIED21CTRL/LLN0$Status","1","1","0"
"2005","39.572900989","ipcas_21:73:29","146","1","38","LIED21PROT/LLN0$Alarm","1","",""
"2006","39.573351400","ipcas_21:73:29","203","1","38","LIED21MEAS/LLN0$Measurement","462","470","465"
"2057","40.613359051","ipcas_21:73:29","149","1","39","LIED21CTRL/LLN0$Status","1","1","0"
"2058","40.613365656","ipcas_21:73:29","146","1","39","LIED21PROT/LLN0$Alarm","1","",""
"2059","40.613791949","ipcas_21:73:29","203","1","39","LIED21MEAS/LLN0$Measurement","465","465","462"
"2133","41.924224994","ipcas_21:73:29","149","1","40","LIED21CTRL/LLN0$Status","1","1","0"
"2134","41.924232914","ipcas_21:73:29","146","1","40","LIED21PROT/LLN0$Alarm","1","",""
"2135","41.924233545","ipcas_21:73:29","203","1","40","LIED21MEAS/LLN0$Measurement","469","462","464"
"2209","43.774230938","ipcas_21:73:29","149","1","41","LIED21CTRL/LLN0$Status","1","1","0"
"2210","43.774234959","ipcas_21:73:29","146","1","41","LIED21PROT/LLN0$Alarm","1","",""
"2211","43.774823169","ipcas_21:73:29","203","1","41","LIED21MEAS/LLN0$Measurement","466","466","465"
"2248","44.808465947","ipcas_21:73:29","149","1","42","LIED21CTRL/LLN0$Status","1","1","0"
"2249","44.808466285","ipcas_21:73:29","146","1","42","LIED21PROT/LLN0$Alarm","1","",""
"2250","44.808466659","ipcas_21:73:29","203","1","42","LIED21MEAS/LLN0$Measurement","464","462","465"
"2292","45.838096032","ipcas_21:73:29","149","1","43","LIED21CTRL/LLN0$Status","1","1","0"
"2293","45.838097469","ipcas_21:73:29","146","1","43","LIED21PROT/LLN0$Alarm","1","",""
"2294","45.838098231","ipcas_21:73:29","203","1","43","LIED21MEAS/LLN0$Measurement","469","465","465"
"2345","46.855790919","ipcas_21:73:29","149","1","44","LIED21CTRL/LLN0$Status","1","1","0"
"2346","46.855797637","ipcas_21:73:29","146","1","44","LIED21PROT/LLN0$Alarm","1","",""
"2347","46.855799361","ipcas_21:73:29","203","1","44","LIED21MEAS/LLN0$Measurement","460","463","465"
"2398","47.875008376","ipcas_21:73:29","149","1","45","LIED21CTRL/LLN0$Status","1","1","0"
"2399","47.875008751","ipcas_21:73:29","146","1","45","LIED21PROT/LLN0$Alarm","1","",""
"2400","47.875009131","ipcas_21:73:29","203","1","45","LIED21MEAS/LLN0$Measurement","465","460","465"
"2451","48.900894424","ipcas_21:73:29","149","1","46","LIED21CTRL/LLN0$Status","1","1","0"
"2452","48.900895107","ipcas_21:73:29","146","1","46","LIED21PROT/LLN0$Alarm","1","",""
"2453","48.900895737","ipcas_21:73:29","203","1","46","LIED21MEAS/LLN0$Measurement","466","465","466"
"2504","49.927211108","ipcas_21:73:29","149","1","47","LIED21CTRL/LLN0$Status","1","1","0"
"2505","49.927217596","ipcas_21:73:29","146","1","47","LIED21PROT/LLN0$Alarm","1","",""
"2506","49.927541897","ipcas_21:73:29","203","1","47","LIED21MEAS/LLN0$Measurement","463","465","469"
"2557","50.967496180","ipcas_21:73:29","149","1","48","LIED21CTRL/LLN0$Status","1","1","0"
"2558","50.967503350","ipcas_21:73:29","146","1","48","LIED21PROT/LLN0$Alarm","1","",""
"2559","50.967504369","ipcas_21:73:29","203","1","48","LIED21MEAS/LLN0$Measurement","469","462","465"
"2610","51.986493556","ipcas_21:73:29","149","1","49","LIED21CTRL/LLN0$Status","1","1","0"
"2611","51.986494443","ipcas_21:73:29","146","1","49","LIED21PROT/LLN0$Alarm","1","",""
"2612","51.986494940","ipcas_21:73:29","203","1","49","LIED21MEAS/LLN0$Measurement","467","469","465"
"2663","53.041598803","ipcas_21:73:29","149","1","50","LIED21CTRL/LLN0$Status","1","1","0"
"2664","53.041607016","ipcas_21:73:29","146","1","50","LIED21PROT/LLN0$Alarm","1","",""
"2665","53.041607467","ipcas_21:73:29","203","1","50","LIED21MEAS/LLN0$Measurement","465","464","465"
"2725","54.063304379","ipcas_21:73:29","149","1","51","LIED21CTRL/LLN0$Status","1","1","0"
"2726","54.063304852","ipcas_21:73:29","146","1","51","LIED21PROT/LLN0$Alarm","1","",""
"2727","54.063305560","ipcas_21:73:29","203","1","51","LIED21MEAS/LLN0$Measurement","462","465","467"
"2772","55.094629789","ipcas_21:73:29","149","1","52","LIED21CTRL/LLN0$Status","1","1","0"
"2776","55.095547096","ipcas_21:73:29","146","1","52","LIED21PROT/LLN0$Alarm","1","",""
"2777","55.095551927","ipcas_21:73:29","203","1","52","LIED21MEAS/LLN0$Measurement","466","469","461"
"2845","56.163368860","ipcas_21:73:29","149","1","53","LIED21CTRL/LLN0$Status","1","1","0"
"2846","56.163369705","ipcas_21:73:29","146","1","53","LIED21PROT/LLN0$Alarm","1","",""
"2847","56.163370001","ipcas_21:73:29","203","1","53","LIED21MEAS/LLN0$Measurement","465","464","463"
"2898","57.167493367","ipcas_21:73:29","149","1","54","LIED21CTRL/LLN0$Status","1","1","0"
"2899","57.167504382","ipcas_21:73:29","146","1","54","LIED21PROT/LLN0$Alarm","1","",""
"2900","57.167505622","ipcas_21:73:29","203","1","54","LIED21MEAS/LLN0$Measurement","463","465","465"
"2943","58.204913651","ipcas_21:73:29","149","1","55","LIED21CTRL/LLN0$Status","1","1","0"
"2944","58.204914039","ipcas_21:73:29","146","1","55","LIED21PROT/LLN0$Alarm","1","",""
"2945","58.204914449","ipcas_21:73:29","203","1","55","LIED21MEAS/LLN0$Measurement","463","466","470"
"2996","59.222719117","ipcas_21:73:29","149","1","56","LIED21CTRL/LLN0$Status","1","1","0"
"3005","59.227125872","ipcas_21:73:29","146","1","56","LIED21PROT/LLN0$Alarm","1","",""
"3006","59.227782722","ipcas_21:73:29","203","1","56","LIED21MEAS/LLN0$Measurement","465","467","461"
"3057","60.273741709","ipcas_21:73:29","149","1","57","LIED21CTRL/LLN0$Status","1","1","0"
"3058","60.273742760","ipcas_21:73:29","146","1","57","LIED21PROT/LLN0$Alarm","1","",""
"3059","60.273743724","ipcas_21:73:29","203","1","57","LIED21MEAS/LLN0$Measurement","465","465","462"
"3110","61.350415738","ipcas_21:73:29","149","1","58","LIED21CTRL/LLN0$Status","1","1","0"
"3111","61.350522218","ipcas_21:73:29","146","1","58","LIED21PROT/LLN0$Alarm","1","",""
"3112","61.351206501","ipcas_21:73:29","203","1","58","LIED21MEAS/LLN0$Measurement","461","466","465"
"3163","62.384769304","ipcas_21:73:29","149","1","59","LIED21CTRL/LLN0$Status","1","1","0"
"3164","62.385201151","ipcas_21:73:29","146","1","59","LIED21PROT/LLN0$Alarm","1","",""
"3165","62.385204708","ipcas_21:73:29","203","1","59","LIED21MEAS/LLN0$Measurement","464","465","463"
"3216","63.434463460","ipcas_21:73:29","149","1","60","LIED21CTRL/LLN0$Status","1","1","0"
"3217","63.434473631","ipcas_21:73:29","146","1","60","LIED21PROT/LLN0$Alarm","1","",""
"3218","63.434474355","ipcas_21:73:29","203","1","60","LIED21MEAS/LLN0$Measurement","465","461","469"
"3269","64.469464644","ipcas_21:73:29","149","1","61","LIED21CTRL/LLN0$Status","1","1","0"
"3270","64.469469743","ipcas_21:73:29","146","1","61","LIED21PROT/LLN0$Alarm","1","",""
"3271","64.469470680","ipcas_21:73:29","203","1","61","LIED21MEAS/LLN0$Measurement","463","465","465"
"3322","65.506198756","ipcas_21:73:29","149","1","62","LIED21CTRL/LLN0$Status","1","1","0"
"3323","65.506199477","ipcas_21:73:29","146","1","62","LIED21PROT/LLN0$Alarm","1","",""
"3324","65.506200546","ipcas_21:73:29","203","1","62","LIED21MEAS/LLN0$Measurement","465","467","465"
"3375","66.542723880","ipcas_21:73:29","149","1","63","LIED21CTRL/LLN0$Status","1","1","0"
"3376","66.542732242","ipcas_21:73:29","146","1","63","LIED21PROT/LLN0$Alarm","1","",""
"3377","66.542733049","ipcas_21:73:29","203","1","63","LIED21MEAS/LLN0$Measurement","464","465","469"
"3428","67.569731023","ipcas_21:73:29","149","1","64","LIED21CTRL/LLN0$Status","1","1","0"
"3429","67.569839962","ipcas_21:73:29","146","1","64","LIED21PROT/LLN0$Alarm","1","",""
"3430","67.570134188","ipcas_21:73:29","203","1","64","LIED21MEAS/LLN0$Measurement","465","462","466"
"3481","68.594272259","ipcas_21:73:29","149","1","65","LIED21CTRL/LLN0$Status","1","1","0"
"3482","68.594278240","ipcas_21:73:29","146","1","65","LIED21PROT/LLN0$Alarm","1","",""
"3483","68.594278613","ipcas_21:73:29","203","1","65","LIED21MEAS/LLN0$Measurement","470","465","464"
"3534","69.644110405","ipcas_21:73:29","149","1","66","LIED21CTRL/LLN0$Status","1","1","0"
"3535","69.644110675","ipcas_21:73:29","146","1","66","LIED21PROT/LLN0$Alarm","1","",""
"3536","69.644111552","ipcas_21:73:29","203","1","66","LIED21MEAS/LLN0$Measurement","467","465","469"
"3579","70.659182972","ipcas_21:73:29","149","1","67","LIED21CTRL/LLN0$Status","1","1","0"
"3580","70.662150162","ipcas_21:73:29","146","1","67","LIED21PROT/LLN0$Alarm","1","",""
"3581","70.662155700","ipcas_21:73:29","203","1","67","LIED21MEAS/LLN0$Measurement","465","462","469"
"3640","71.706772939","ipcas_21:73:29","149","1","68","LIED21CTRL/LLN0$Status","1","1","0"
"3641","71.706780942","ipcas_21:73:29","146","1","68","LIED21PROT/LLN0$Alarm","1","",""
"3642","71.706782028","ipcas_21:73:29","203","1","68","LIED21MEAS/LLN0$Measurement","470","461","465"
"3693","72.724582803","ipcas_21:73:29","149","1","69","LIED21CTRL/LLN0$Status","1","1","0"
"3694","72.724586950","ipcas_21:73:29","146","1","69","LIED21PROT/LLN0$Alarm","1","",""
"3695","72.725265158","ipcas_21:73:29","203","1","69","LIED21MEAS/LLN0$Measurement","465","465","465"
"3738","73.761959253","ipcas_21:73:29","149","1","70","LIED21CTRL/LLN0$Status","1","1","0"
"3739","73.761961544","ipcas_21:73:29","146","1","70","LIED21PROT/LLN0$Alarm","1","",""
"3740","73.761962373","ipcas_21:73:29","203","1","70","LIED21MEAS/LLN0$Measurement","463","464","467"
"3799","74.797292278","ipcas_21:73:29","149","1","71","LIED21CTRL/LLN0$Status","1","1","0"
"3800","74.797292933","ipcas_21:73:29","146","1","71","LIED21PROT/LLN0$Alarm","1","",""
"3801","74.797293307","ipcas_21:73:29","203","1","71","LIED21MEAS/LLN0$Measurement","464","469","465"
"3850","75.845104877","ipcas_21:73:29","149","1","72","LIED21CTRL/LLN0$Status","1","1","0"
"3851","75.845107070","ipcas_21:73:29","146","1","72","LIED21PROT/LLN0$Alarm","1","",""
"3852","75.845107725","ipcas_21:73:29","203","1","72","LIED21MEAS/LLN0$Measurement","469","466","465"
"3885","76.862916849","ipcas_21:73:29","149","1","73","LIED21CTRL/LLN0$Status","1","1","0"
"3886","76.862919117","ipcas_21:73:29","146","1","73","LIED21PROT/LLN0$Alarm","1","",""
"3887","76.862919598","ipcas_21:73:29","203","1","73","LIED21MEAS/LLN0$Measurement","466","465","466"
"3935","77.863553490","ipcas_21:73:29","149","1","74","LIED21CTRL/LLN0$Status","1","1","0"
"3936","77.864202220","ipcas_21:73:29","146","1","74","LIED21PROT/LLN0$Alarm","1","",""
"3937","77.864728458","ipcas_21:73:29","203","1","74","LIED21MEAS/LLN0$Measurement","466","469","462"
"3988","78.910589127","ipcas_21:73:29","149","1","75","LIED21CTRL/LLN0$Status","1","1","0"
"3989","78.910595903","ipcas_21:73:29","146","1","75","LIED21PROT/LLN0$Alarm","1","",""
"3990","78.910597005","ipcas_21:73:29","203","1","75","LIED21MEAS/LLN0$Measurement","465","465","465"
"4041","79.965858011","ipcas_21:73:29","149","1","76","LIED21CTRL/LLN0$Status","1","1","0"
"4042","79.965858434","ipcas_21:73:29","146","1","76","LIED21PROT/LLN0$Alarm","1","",""
"4043","79.965859194","ipcas_21:73:29","203","1","76","LIED21MEAS/LLN0$Measurement","460","465","465"
"4117","81.011630350","ipcas_21:73:29","149","1","77","LIED21CTRL/LLN0$Status","1","1","0"
"4118","81.012032903","ipcas_21:73:29","146","1","77","LIED21PROT/LLN0$Alarm","1","",""
"4119","81.012035802","ipcas_21:73:29","203","1","77","LIED21MEAS/LLN0$Measurement","465","465","465"
"4162","82.047232462","ipcas_21:73:29","149","1","78","LIED21CTRL/LLN0$Status","1","1","0"
"4163","82.047234492","ipcas_21:73:29","146","1","78","LIED21PROT/LLN0$Alarm","1","",""
"4164","82.047234947","ipcas_21:73:29","203","1","78","LIED21MEAS/LLN0$Measurement","461","465","465"
"4200","83.065635112","ipcas_21:73:29","149","1","79","LIED21CTRL/LLN0$Status","1","1","0"
"4201","83.065635877","ipcas_21:73:29","146","1","79","LIED21PROT/LLN0$Alarm","1","",""
"4202","83.065637287","ipcas_21:73:29","203","1","79","LIED21MEAS/LLN0$Measurement","469","465","465"
"4268","84.127960770","ipcas_21:73:29","149","1","80","LIED21CTRL/LLN0$Status","1","1","0"
"4277","84.158416516","ipcas_21:73:29","146","1","80","LIED21PROT/LLN0$Alarm","1","",""
"4278","84.158420225","ipcas_21:73:29","203","1","80","LIED21MEAS/LLN0$Measurement","465","465","462"
"4321","85.203290027","ipcas_21:73:29","149","1","81","LIED21CTRL/LLN0$Status","1","1","0"
"4322","85.203290719","ipcas_21:73:29","146","1","81","LIED21PROT/LLN0$Alarm","1","",""
"4323","85.203291743","ipcas_21:73:29","203","1","81","LIED21MEAS/LLN0$Measurement","465","465","465"
"4374","86.235666964","ipcas_21:73:29","149","1","82","LIED21CTRL/LLN0$Status","1","1","0"
"4376","86.235667756","ipcas_21:73:29","146","1","82","LIED21PROT/LLN0$Alarm","1","",""
"4377","86.235668214","ipcas_21:73:29","203","1","82","LIED21MEAS/LLN0$Measurement","465","465","463"
"4424","87.275022647","ipcas_21:73:29","149","1","83","LIED21CTRL/LLN0$Status","1","1","0"
"4425","87.275023329","ipcas_21:73:29","146","1","83","LIED21PROT/LLN0$Alarm","1","",""
"4426","87.275024056","ipcas_21:73:29","203","1","83","LIED21MEAS/LLN0$Measurement","467","465","465"
"4466","88.265769931","ipcas_21:73:29","149","1","84","LIED21CTRL/LLN0$Status","1","1","0"
"4467","88.265770472","ipcas_21:73:29","146","1","84","LIED21PROT/LLN0$Alarm","1","",""
"4468","88.265771181","ipcas_21:73:29","203","1","84","LIED21MEAS/LLN0$Measurement","462","463","460"
"4524","89.282262616","ipcas_21:73:29","149","1","85","LIED21CTRL/LLN0$Status","1","1","0"
"4525","89.282685536","ipcas_21:73:29","146","1","85","LIED21PROT/LLN0$Alarm","1","",""
"4526","89.282690796","ipcas_21:73:29","203","1","85","LIED21MEAS/LLN0$Measurement","465","469","469"
"4597","90.338664018","ipcas_21:73:29","149","1","86","LIED21CTRL/LLN0$Status","1","1","0"
"4598","90.338667483","ipcas_21:73:29","146","1","86","LIED21PROT/LLN0$Alarm","1","",""
"4599","90.338668649","ipcas_21:73:29","203","1","86","LIED21MEAS/LLN0$Measurement","464","465","462"
"4664","91.385785555","ipcas_21:73:29","149","1","87","LIED21CTRL/LLN0$Status","1","1","0"
"4665","91.385786170","ipcas_21:73:29","146","1","87","LIED21PROT/LLN0$Alarm","1","",""
"4666","91.385786942","ipcas_21:73:29","203","1","87","LIED21MEAS/LLN0$Measurement","468","465","465"
"4718","92.436423684","ipcas_21:73:29","149","1","88","LIED21CTRL/LLN0$Status","1","1","0"
"4719","92.436514256","ipcas_21:73:29","146","1","88","LIED21PROT/LLN0$Alarm","1","",""
"4720","92.436921255","ipcas_21:73:29","203","1","88","LIED21MEAS/LLN0$Measurement","461","467","467"
"4773","93.462579479","ipcas_21:73:29","149","1","89","LIED21CTRL/LLN0$Status","1","1","0"
"4774","93.462588801","ipcas_21:73:29","146","1","89","LIED21PROT/LLN0$Alarm","1","",""
"4775","93.462590178","ipcas_21:73:29","203","1","89","LIED21MEAS/LLN0$Measurement","467","467","465"
"4826","94.509583928","ipcas_21:73:29","149","1","90","LIED21CTRL/LLN0$Status","1","1","0"
"4827","94.509592376","ipcas_21:73:29","146","1","90","LIED21PROT/LLN0$Alarm","1","",""
"4828","94.509593234","ipcas_21:73:29","203","1","90","LIED21MEAS/LLN0$Measurement","465","465","461"
"4879","95.558803850","ipcas_21:73:29","149","1","91","LIED21CTRL/LLN0$Status","1","1","0"
"4880","95.558804897","ipcas_21:73:29","146","1","91","LIED21PROT/LLN0$Alarm","1","",""
"4881","95.558805748","ipcas_21:73:29","203","1","91","LIED21MEAS/LLN0$Measurement","461","461","461"
"4933","96.605823588","ipcas_21:73:29","149","1","92","LIED21CTRL/LLN0$Status","1","1","0"
"4934","96.605828888","ipcas_21:73:29","146","1","92","LIED21PROT/LLN0$Alarm","1","",""
"4935","96.605829525","ipcas_21:73:29","203","1","92","LIED21MEAS/LLN0$Measurement","465","465","468"
"4987","97.643926293","ipcas_21:73:29","149","1","93","LIED21CTRL/LLN0$Status","1","1","0"
"4988","97.643932861","ipcas_21:73:29","146","1","93","LIED21PROT/LLN0$Alarm","1","",""
"4989","97.644342485","ipcas_21:73:29","203","1","93","LIED21MEAS/LLN0$Measurement","460","465","462"
"5041","98.689306029","ipcas_21:73:29","149","1","94","LIED21CTRL/LLN0$Status","1","1","0"
"5042","98.689306866","ipcas_21:73:29","146","1","94","LIED21PROT/LLN0$Alarm","1","",""
"5043","98.689307864","ipcas_21:73:29","203","1","94","LIED21MEAS/LLN0$Measurement","465","469","465"
"5094","99.709931889","ipcas_21:73:29","149","1","95","LIED21CTRL/LLN0$Status","1","1","0"
"5095","99.709933539","ipcas_21:73:29","146","1","95","LIED21PROT/LLN0$Alarm","1","",""
"5096","99.709934555","ipcas_21:73:29","203","1","95","LIED21MEAS/LLN0$Measurement","465","468","469"
"5147","100.765765470","ipcas_21:73:29","149","1","96","LIED21CTRL/LLN0$Status","1","1","0"
"5148","100.765766063","ipcas_21:73:29","146","1","96","LIED21PROT/LLN0$Alarm","1","",""
"5149","100.765766405","ipcas_21:73:29","203","1","96","LIED21MEAS/LLN0$Measurement","465","467","465"
"5200","101.791533193","ipcas_21:73:29","149","1","97","LIED21CTRL/LLN0$Status","1","1","0"
"5201","101.791542282","ipcas_21:73:29","146","1","97","LIED21PROT/LLN0$Alarm","1","",""
"5202","101.791543814","ipcas_21:73:29","203","1","97","LIED21MEAS/LLN0$Measurement","470","464","467"
"5253","102.843304684","ipcas_21:73:29","149","1","98","LIED21CTRL/LLN0$Status","1","1","0"
"5254","102.843316732","ipcas_21:73:29","146","1","98","LIED21PROT/LLN0$Alarm","1","",""
"5255","102.843317292","ipcas_21:73:29","203","1","98","LIED21MEAS/LLN0$Measurement","464","465","465"
"5306","103.864212003","ipcas_21:73:29","149","1","99","LIED21CTRL/LLN0$Status","1","1","0"
"5307","103.864222971","ipcas_21:73:29","146","1","99","LIED21PROT/LLN0$Alarm","1","",""
"5308","103.864225574","ipcas_21:73:29","203","1","99","LIED21MEAS/LLN0$Measurement","461","467","465"
"5360","104.897974700","ipcas_21:73:29","149","1","100","LIED21CTRL/LLN0$Status","1","1","0"
"5361","104.897982959","ipcas_21:73:29","146","1","100","LIED21PROT/LLN0$Alarm","1","",""
"5362","104.897984666","ipcas_21:73:29","203","1","100","LIED21MEAS/LLN0$Measurement","465","465","463"
"5414","105.930694591","ipcas_21:73:29","149","1","101","LIED21CTRL/LLN0$Status","1","1","0"
"5415","105.930704256","ipcas_21:73:29","146","1","101","LIED21PROT/LLN0$Alarm","1","",""
"5416","105.930706163","ipcas_21:73:29","203","1","101","LIED21MEAS/LLN0$Measurement","465","469","465"
"5467","106.968408366","ipcas_21:73:29","149","1","102","LIED21CTRL/LLN0$Status","1","1","0"
"5468","106.968417872","ipcas_21:73:29","146","1","102","LIED21PROT/LLN0$Alarm","1","",""
"5469","106.968419211","ipcas_21:73:29","203","1","102","LIED21MEAS/LLN0$Measurement","461","461","464"
"5520","107.981294166","ipcas_21:73:29","149","1","103","LIED21CTRL/LLN0$Status","1","1","0"
"5521","107.981301302","ipcas_21:73:29","146","1","103","LIED21PROT/LLN0$Alarm","1","",""
"5522","107.981302816","ipcas_21:73:29","203","1","103","LIED21MEAS/LLN0$Measurement","468","466","465"
"5573","109.018140262","ipcas_21:73:29","149","1","104","LIED21CTRL/LLN0$Status","1","1","0"
"5574","109.018147512","ipcas_21:73:29","146","1","104","LIED21PROT/LLN0$Alarm","1","",""
"5575","109.018149102","ipcas_21:73:29","203","1","104","LIED21MEAS/LLN0$Measurement","464","465","468"
"5626","110.045701009","ipcas_21:73:29","149","1","105","LIED21CTRL/LLN0$Status","1","1","0"
"5627","110.045707902","ipcas_21:73:29","146","1","105","LIED21PROT/LLN0$Alarm","1","",""
"5628","110.045709543","ipcas_21:73:29","203","1","105","LIED21MEAS/LLN0$Measurement","465","469","461"
"5679","111.087537848","ipcas_21:73:29","149","1","106","LIED21CTRL/LLN0$Status","1","1","0"
"5680","111.088343731","ipcas_21:73:29","146","1","106","LIED21PROT/LLN0$Alarm","1","",""
"5681","111.088350711","ipcas_21:73:29","203","1","106","LIED21MEAS/LLN0$Measurement","468","467","465"
"5732","112.130422346","ipcas_21:73:29","149","1","107","LIED21CTRL/LLN0$Status","1","1","0"
"5733","112.130423573","ipcas_21:73:29","146","1","107","LIED21PROT/LLN0$Alarm","1","",""
"5734","112.130424292","ipcas_21:73:29","203","1","107","LIED21MEAS/LLN0$Measurement","461","470","460"
"5786","113.150796741","ipcas_21:73:29","149","1","108","LIED21CTRL/LLN0$Status","1","1","0"
"5787","113.150805183","ipcas_21:73:29","146","1","108","LIED21PROT/LLN0$Alarm","1","",""
"5788","113.151288232","ipcas_21:73:29","203","1","108","LIED21MEAS/LLN0$Measurement","463","461","466"
"5839","114.181736066","ipcas_21:73:29","149","1","109","LIED21CTRL/LLN0$Status","1","1","0"
"5840","114.181740916","ipcas_21:73:29","146","1","109","LIED21PROT/LLN0$Alarm","1","",""
"5841","114.181741731","ipcas_21:73:29","203","1","109","LIED21MEAS/LLN0$Measurement","470","465","461"
"5892","115.208028270","ipcas_21:73:29","149","1","110","LIED21CTRL/LLN0$Status","1","1","0"
"5893","115.208035354","ipcas_21:73:29","146","1","110","LIED21PROT/LLN0$Alarm","1","",""
"5894","115.208036679","ipcas_21:73:29","203","1","110","LIED21MEAS/LLN0$Measurement","460","460","465"
"5945","116.245532118","ipcas_21:73:29","149","1","111","LIED21CTRL/LLN0$Status","1","1","0"
"5946","116.245542816","ipcas_21:73:29","146","1","111","LIED21PROT/LLN0$Alarm","1","",""
"5947","116.245544297","ipcas_21:73:29","203","1","111","LIED21MEAS/LLN0$Measurement","461","468","465"
"5998","117.271875221","ipcas_21:73:29","149","1","112","LIED21CTRL/LLN0$Status","1","1","0"
"5999","117.271889959","ipcas_21:73:29","146","1","112","LIED21PROT/LLN0$Alarm","1","",""
"6000","117.271891668","ipcas_21:73:29","203","1","112","LIED21MEAS/LLN0$Measurement","469","465","467"
"6051","118.315228816","ipcas_21:73:29","149","1","113","LIED21CTRL/LLN0$Status","1","1","0"
"6052","118.315235686","ipcas_21:73:29","146","1","113","LIED21PROT/LLN0$Alarm","1","",""
"6053","118.315236886","ipcas_21:73:29","203","1","113","LIED21MEAS/LLN0$Measurement","463","465","467"
"6104","119.343050221","ipcas_21:73:29","149","1","114","LIED21CTRL/LLN0$Status","1","1","0"
"6105","119.343058180","ipcas_21:73:29","146","1","114","LIED21PROT/LLN0$Alarm","1","",""
"6106","119.343059974","ipcas_21:73:29","203","1","114","LIED21MEAS/LLN0$Measurement","465","465","465"
"6157","120.373797326","ipcas_21:73:29","149","1","115","LIED21CTRL/LLN0$Status","1","1","0"
"6158","120.373804151","ipcas_21:73:29","146","1","115","LIED21PROT/LLN0$Alarm","1","",""
"6159","120.373805585","ipcas_21:73:29","203","1","115","LIED21MEAS/LLN0$Measurement","465","465","466"
"6211","121.416129205","ipcas_21:73:29","149","1","116","LIED21CTRL/LLN0$Status","1","1","0"
"6212","121.416137360","ipcas_21:73:29","146","1","116","LIED21PROT/LLN0$Alarm","1","",""
"6213","121.416139181","ipcas_21:73:29","203","1","116","LIED21MEAS/LLN0$Measurement","465","468","460"
"6264","122.462767497","ipcas_21:73:29","149","1","117","LIED21CTRL/LLN0$Status","1","1","0"
"6265","122.463534304","ipcas_21:73:29","146","1","117","LIED21PROT/LLN0$Alarm","1","",""
"6266","122.463537962","ipcas_21:73:29","203","1","117","LIED21MEAS/LLN0$Measurement","469","466","460"
"6317","123.483635788","ipcas_21:73:29","149","1","118","LIED21CTRL/LLN0$Status","1","1","0"
"6318","123.483637385","ipcas_21:73:29","146","1","118","LIED21PROT/LLN0$Alarm","1","",""
"6319","123.483639049","ipcas_21:73:29","203","1","118","LIED21MEAS/LLN0$Measurement","465","468","469"
"6371","124.493306471","ipcas_21:73:29","149","1","119","LIED21CTRL/LLN0$Status","1","1","0"
"6372","124.493312162","ipcas_21:73:29","146","1","119","LIED21PROT/LLN0$Alarm","1","",""
"6373","124.493313076","ipcas_21:73:29","203","1","119","LIED21MEAS/LLN0$Measurement","465","467","466"
"6424","125.523974630","ipcas_21:73:29","149","1","120","LIED21CTRL/LLN0$Status","1","1","0"
"6425","125.523975308","ipcas_21:73:29","146","1","120","LIED21PROT/LLN0$Alarm","1","",""
"6426","125.523976123","ipcas_21:73:29","203","1","120","LIED21MEAS/LLN0$Measurement","470","468","463"
"6479","126.547273205","ipcas_21:73:29","149","1","121","LIED21CTRL/LLN0$Status","1","1","0"
"6480","126.547282477","ipcas_21:73:29","146","1","121","LIED21PROT/LLN0$Alarm","1","",""
"6481","126.547480157","ipcas_21:73:29","203","1","121","LIED21MEAS/LLN0$Measurement","465","468","465"
"6539","127.582180749","ipcas_21:73:29","149","1","122","LIED21CTRL/LLN0$Status","1","1","0"
"6540","127.583155507","ipcas_21:73:29","146","1","122","LIED21PROT/LLN0$Alarm","1","",""
"6541","127.583162480","ipcas_21:73:29","203","1","122","LIED21MEAS/LLN0$Measurement","461","466","463"
"6603","128.616567683","ipcas_21:73:29","149","1","123","LIED21CTRL/LLN0$Status","1","1","0"
"6604","128.617545532","ipcas_21:73:29","146","1","123","LIED21PROT/LLN0$Alarm","1","",""
"6605","128.617550506","ipcas_21:73:29","203","1","123","LIED21MEAS/LLN0$Measurement","460","461","467"
"6677","129.665769137","ipcas_21:73:29","149","1","124","LIED21CTRL/LLN0$Status","1","1","0"
"6678","129.665770007","ipcas_21:73:29","146","1","124","LIED21PROT/LLN0$Alarm","1","",""
"6679","129.665770983","ipcas_21:73:29","203","1","124","LIED21MEAS/LLN0$Measurement","461","463","464"
"6752","130.681765253","ipcas_21:73:29","149","1","125","LIED21CTRL/LLN0$Status","1","1","0"
"6753","130.681771178","ipcas_21:73:29","146","1","125","LIED21PROT/LLN0$Alarm","1","",""
"6754","130.681772065","ipcas_21:73:29","203","1","125","LIED21MEAS/LLN0$Measurement","465","468","465"
"6810","131.730571173","ipcas_21:73:29","149","1","126","LIED21CTRL/LLN0$Status","1","1","0"
"6811","131.730843038","ipcas_21:73:29","146","1","126","LIED21PROT/LLN0$Alarm","1","",""
"6812","131.730847689","ipcas_21:73:29","203","1","126","LIED21MEAS/LLN0$Measurement","465","465","465"
"6868","132.760591824","ipcas_21:73:29","149","1","127","LIED21CTRL/LLN0$Status","1","1","0"
"6869","132.760600042","ipcas_21:73:29","146","1","127","LIED21PROT/LLN0$Alarm","1","",""
"6870","132.760601012","ipcas_21:73:29","203","1","127","LIED21MEAS/LLN0$Measurement","465","462","465"
"6929","133.824984191","ipcas_21:73:29","150","1","128","LIED21CTRL/LLN0$Status","1","1","0"
"6930","133.824990898","ipcas_21:73:29","147","1","128","LIED21PROT/LLN0$Alarm","1","",""
"6931","133.824991960","ipcas_21:73:29","204","1","128","LIED21MEAS/LLN0$Measurement","465","465","465"
"6984","134.854409765","ipcas_21:73:29","150","1","129","LIED21CTRL/LLN0$Status","1","1","0"
"6985","134.854417707","ipcas_21:73:29","147","1","129","LIED21PROT/LLN0$Alarm","1","",""
"6986","134.854420039","ipcas_21:73:29","204","1","129","LIED21MEAS/LLN0$Measurement","465","465","465"
"7049","135.877604452","ipcas_21:73:29","150","1","130","LIED21CTRL/LLN0$Status","1","1","0"
"7050","135.877611425","ipcas_21:73:29","147","1","130","LIED21PROT/LLN0$Alarm","1","",""
"7051","135.877613530","ipcas_21:73:29","204","1","130","LIED21MEAS/LLN0$Measurement","467","463","467"
"7110","136.919844016","ipcas_21:73:29","150","1","131","LIED21CTRL/LLN0$Status","1","1","0"
"7111","136.920857464","ipcas_21:73:29","147","1","131","LIED21PROT/LLN0$Alarm","1","",""
"7112","136.920862062","ipcas_21:73:29","204","1","131","LIED21MEAS/LLN0$Measurement","465","467","466"
"7167","137.945320995","ipcas_21:73:29","150","1","132","LIED21CTRL/LLN0$Status","1","1","0"
"7168","137.945321913","ipcas_21:73:29","147","1","132","LIED21PROT/LLN0$Alarm","1","",""
"7169","137.945323571","ipcas_21:73:29","204","1","132","LIED21MEAS/LLN0$Measurement","465","470","460"
"7223","138.974588805","ipcas_21:73:29","150","1","133","LIED21CTRL/LLN0$Status","1","1","0"
"7224","138.975423475","ipcas_21:73:29","147","1","133","LIED21PROT/LLN0$Alarm","1","",""
"7225","138.975915735","ipcas_21:73:29","204","1","133","LIED21MEAS/LLN0$Measurement","465","469","465"
"7277","140.015412702","ipcas_21:73:29","150","1","134","LIED21CTRL/LLN0$Status","1","1","0"
"7278","140.015421335","ipcas_21:73:29","147","1","134","LIED21PROT/LLN0$Alarm","1","",""
"7279","140.015423076","ipcas_21:73:29","204","1","134","LIED21MEAS/LLN0$Measurement","465","462","463"
"7331","141.090832655","ipcas_21:73:29","150","1","135","LIED21CTRL/LLN0$Status","1","1","0"
"7332","141.091070071","ipcas_21:73:29","147","1","135","LIED21PROT/LLN0$Alarm","1","",""
"7333","141.091538819","ipcas_21:73:29","204","1","135","LIED21MEAS/LLN0$Measurement","465","467","465"
"7384","142.118771060","ipcas_21:73:29","150","1","136","LIED21CTRL/LLN0$Status","1","1","0"
"7385","142.118776271","ipcas_21:73:29","147","1","136","LIED21PROT/LLN0$Alarm","1","",""
"7386","142.118777113","ipcas_21:73:29","204","1","136","LIED21MEAS/LLN0$Measurement","465","467","465"
"7439","143.175148911","ipcas_21:73:29","150","1","137","LIED21CTRL/LLN0$Status","1","1","0"
"7440","143.175153173","ipcas_21:73:29","147","1","137","LIED21PROT/LLN0$Alarm","1","",""
"7441","143.175317918","ipcas_21:73:29","204","1","137","LIED21MEAS/LLN0$Measurement","465","465","460"
"7493","144.205346927","ipcas_21:73:29","150","1","138","LIED21CTRL/LLN0$Status","1","1","0"
"7494","144.205348243","ipcas_21:73:29","147","1","138","LIED21PROT/LLN0$Alarm","1","",""
"7495","144.205349262","ipcas_21:73:29","204","1","138","LIED21MEAS/LLN0$Measurement","463","465","462"
"7548","145.238107785","ipcas_21:73:29","150","1","139","LIED21CTRL/LLN0$Status","1","1","0"
"7549","145.239478141","ipcas_21:73:29","147","1","139","LIED21PROT/LLN0$Alarm","1","",""
"7550","145.239486220","ipcas_21:73:29","204","1","139","LIED21MEAS/LLN0$Measurement","467","465","465"
"7601","146.284684652","ipcas_21:73:29","150","1","140","LIED21CTRL/LLN0$Status","1","1","0"
"7602","146.284685227","ipcas_21:73:29","147","1","140","LIED21PROT/LLN0$Alarm","1","",""
"7603","146.284686141","ipcas_21:73:29","204","1","140","LIED21MEAS/LLN0$Measurement","469","467","465"
"7662","147.306184310","ipcas_21:73:29","150","1","141","LIED21CTRL/LLN0$Status","1","1","0"
"7663","147.306511841","ipcas_21:73:29","147","1","141","LIED21PROT/LLN0$Alarm","1","",""
"7664","147.306807066","ipcas_21:73:29","204","1","141","LIED21MEAS/LLN0$Measurement","461","468","466"
"7739","148.346566709","ipcas_21:73:29","150","1","142","LIED21CTRL/LLN0$Status","1","1","0"
"7740","148.346806824","ipcas_21:73:29","147","1","142","LIED21PROT/LLN0$Alarm","1","",""
"7741","148.347585368","ipcas_21:73:29","204","1","142","LIED21MEAS/LLN0$Measurement","465","470","464"
"7842","149.383132437","ipcas_21:73:29","150","1","143","LIED21CTRL/LLN0$Status","1","1","0"
"7843","149.384049663","ipcas_21:73:29","147","1","143","LIED21PROT/LLN0$Alarm","1","",""
"7844","149.384525426","ipcas_21:73:29","204","1","143","LIED21MEAS/LLN0$Measurement","464","470","465"
"7921","150.426902279","ipcas_21:73:29","150","1","144","LIED21CTRL/LLN0$Status","1","1","0"
"7922","150.426911426","ipcas_21:73:29","147","1","144","LIED21PROT/LLN0$Alarm","1","",""
"7923","150.426913785","ipcas_21:73:29","204","1","144","LIED21MEAS/LLN0$Measurement","470","469","465"
"7983","151.471682907","ipcas_21:73:29","150","1","145","LIED21CTRL/LLN0$Status","1","1","0"
"7984","151.472119241","ipcas_21:73:29","147","1","145","LIED21PROT/LLN0$Alarm","1","",""
"7985","151.472403622","ipcas_21:73:29","204","1","145","LIED21MEAS/LLN0$Measurement","467","469","465"
"8043","152.505982031","ipcas_21:73:29","150","1","146","LIED21CTRL/LLN0$Status","1","1","0"
"8044","152.505990283","ipcas_21:73:29","147","1","146","LIED21PROT/LLN0$Alarm","1","",""
"8045","152.505991900","ipcas_21:73:29","204","1","146","LIED21MEAS/LLN0$Measurement","467","460","465"
"8102","153.566091018","ipcas_21:73:29","150","1","147","LIED21CTRL/LLN0$Status","1","1","0"
"8103","153.566456187","ipcas_21:73:29","147","1","147","LIED21PROT/LLN0$Alarm","1","",""
"8104","153.566600695","ipcas_21:73:29","204","1","147","LIED21MEAS/LLN0$Measurement","460","469","465"
"8158","154.596861338","ipcas_21:73:29","150","1","148","LIED21CTRL/LLN0$Status","1","1","0"
"8159","154.597395195","ipcas_21:73:29","147","1","148","LIED21PROT/LLN0$Alarm","1","",""
"8160","154.597838460","ipcas_21:73:29","204","1","148","LIED21MEAS/LLN0$Measurement","469","470","462"
"8214","155.664189698","ipcas_21:73:29","150","1","149","LIED21CTRL/LLN0$Status","1","1","0"
"8215","155.664196903","ipcas_21:73:29","147","1","149","LIED21PROT/LLN0$Alarm","1","",""
"8216","155.664601709","ipcas_21:73:29","204","1","149","LIED21MEAS/LLN0$Measurement","467","468","467"
"8274","156.695037476","ipcas_21:73:29","150","1","150","LIED21CTRL/LLN0$Status","1","1","0"
"8275","156.695042060","ipcas_21:73:29","147","1","150","LIED21PROT/LLN0$Alarm","1","",""
"8276","156.695042500","ipcas_21:73:29","204","1","150","LIED21MEAS/LLN0$Measurement","464","470","461"
"8330","157.802276897","ipcas_21:73:29","150","1","151","LIED21CTRL/LLN0$Status","1","1","0"
"8331","157.802277678","ipcas_21:73:29","147","1","151","LIED21PROT/LLN0$Alarm","1","",""
"8332","157.802278194","ipcas_21:73:29","204","1","151","LIED21MEAS/LLN0$Measurement","465","466","464"
"8385","158.851176281","ipcas_21:73:29","150","1","152","LIED21CTRL/LLN0$Status","1","1","0"
"8386","158.851179526","ipcas_21:73:29","147","1","152","LIED21PROT/LLN0$Alarm","1","",""
"8387","158.851180377","ipcas_21:73:29","204","1","152","LIED21MEAS/LLN0$Measurement","465","464","465"
"8441","159.858749799","ipcas_21:73:29","150","1","153","LIED21CTRL/LLN0$Status","1","1","0"
"8442","159.858750695","ipcas_21:73:29","147","1","153","LIED21PROT/LLN0$Alarm","1","",""
"8443","159.858752265","ipcas_21:73:29","204","1","153","LIED21MEAS/LLN0$Measurement","470","462","463"
"8496","160.904543974","ipcas_21:73:29","150","1","154","LIED21CTRL/LLN0$Status","1","1","0"
"8497","160.904548622","ipcas_21:73:29","147","1","154","LIED21PROT/LLN0$Alarm","1","",""
"8498","160.904549545","ipcas_21:73:29","204","1","154","LIED21MEAS/LLN0$Measurement","465","464","464"
"8549","161.947106679","ipcas_21:73:29","150","1","155","LIED21CTRL/LLN0$Status","1","1","0"
"8550","161.947114597","ipcas_21:73:29","147","1","155","LIED21PROT/LLN0$Alarm","1","",""
"8551","161.947115943","ipcas_21:73:29","204","1","155","LIED21MEAS/LLN0$Measurement","466","469","465"
"8603","162.987375965","ipcas_21:73:29","150","1","156","LIED21CTRL/LLN0$Status","1","1","0"
"8604","162.988181929","ipcas_21:73:29","147","1","156","LIED21PROT/LLN0$Alarm","1","",""
"8605","162.988188130","ipcas_21:73:29","204","1","156","LIED21MEAS/LLN0$Measurement","465","465","467"
"8658","164.016268848","ipcas_21:73:29","150","1","157","LIED21CTRL/LLN0$Status","1","1","0"
"8659","164.016279313","ipcas_21:73:29","147","1","157","LIED21PROT/LLN0$Alarm","1","",""
"8660","164.016280183","ipcas_21:73:29","204","1","157","LIED21MEAS/LLN0$Measurement","465","465","469"
"8714","165.061774471","ipcas_21:73:29","150","1","158","LIED21CTRL/LLN0$Status","1","1","0"
"8715","165.061775088","ipcas_21:73:29","147","1","158","LIED21PROT/LLN0$Alarm","1","",""
"8716","165.061775532","ipcas_21:73:29","204","1","158","LIED21MEAS/LLN0$Measurement","468","465","469"
"8769","166.111719530","ipcas_21:73:29","150","1","159","LIED21CTRL/LLN0$Status","1","1","0"
"8770","166.111720358","ipcas_21:73:29","147","1","159","LIED21PROT/LLN0$Alarm","1","",""
"8771","166.111720928","ipcas_21:73:29","204","1","159","LIED21MEAS/LLN0$Measurement","465","465","466"
"8823","167.134823958","ipcas_21:73:29","150","1","160","LIED21CTRL/LLN0$Status","1","1","0"
"8824","167.134828196","ipcas_21:73:29","147","1","160","LIED21PROT/LLN0$Alarm","1","",""
"8825","167.134829194","ipcas_21:73:29","204","1","160","LIED21MEAS/LLN0$Measurement","467","466","465"
"8877","168.168636629","ipcas_21:73:29","150","1","161","LIED21CTRL/LLN0$Status","1","1","0"
"8878","168.170161303","ipcas_21:73:29","147","1","161","LIED21PROT/LLN0$Alarm","1","",""
"8879","168.170168767","ipcas_21:73:29","204","1","161","LIED21MEAS/LLN0$Measurement","465","465","460"
"8930","169.228854753","ipcas_21:73:29","150","1","162","LIED21CTRL/LLN0$Status","1","1","0"
"8931","169.228856230","ipcas_21:73:29","147","1","162","LIED21PROT/LLN0$Alarm","1","",""
"8932","169.228857787","ipcas_21:73:29","204","1","162","LIED21MEAS/LLN0$Measurement","465","465","470"
"8989","170.239356621","ipcas_21:73:29","150","1","163","LIED21CTRL/LLN0$Status","1","1","0"
"8990","170.239363437","ipcas_21:73:29","147","1","163","LIED21PROT/LLN0$Alarm","1","",""
"8991","170.239365077","ipcas_21:73:29","204","1","163","LIED21MEAS/LLN0$Measurement","465","465","465"
"9045","171.277350954","ipcas_21:73:29","150","1","164","LIED21CTRL/LLN0$Status","1","1","0"
"9046","171.277359440","ipcas_21:73:29","147","1","164","LIED21PROT/LLN0$Alarm","1","",""
"9047","171.277361047","ipcas_21:73:29","204","1","164","LIED21MEAS/LLN0$Measurement","465","464","465"
"9124","172.319560075","ipcas_21:73:29","150","1","165","LIED21CTRL/LLN0$Status","1","1","0"
"9125","172.319570472","ipcas_21:73:29","147","1","165","LIED21PROT/LLN0$Alarm","1","",""
"9126","172.319571929","ipcas_21:73:29","204","1","165","LIED21MEAS/LLN0$Measurement","469","468","462"
"9203","173.345817485","ipcas_21:73:29","150","1","166","LIED21CTRL/LLN0$Status","1","1","0"
"9204","173.345827591","ipcas_21:73:29","147","1","166","LIED21PROT/LLN0$Alarm","1","",""
"9205","173.345828622","ipcas_21:73:29","204","1","166","LIED21MEAS/LLN0$Measurement","465","460","465"
"9283","174.378510833","ipcas_21:73:29","150","1","167","LIED21CTRL/LLN0$Status","1","1","0"
"9284","174.378518110","ipcas_21:73:29","147","1","167","LIED21PROT/LLN0$Alarm","1","",""
"9285","174.378520064","ipcas_21:73:29","204","1","167","LIED21MEAS/LLN0$Measurement","469","467","467"
"9375","175.409725739","ipcas_21:73:29","150","1","168","LIED21CTRL/LLN0$Status","1","1","0"
"9376","175.409731093","ipcas_21:73:29","147","1","168","LIED21PROT/LLN0$Alarm","1","",""
"9377","175.409731914","ipcas_21:73:29","204","1","168","LIED21MEAS/LLN0$Measurement","462","462","467"
"9444","176.447996114","ipcas_21:73:29","150","1","169","LIED21CTRL/LLN0$Status","1","1","0"
"9445","176.448002008","ipcas_21:73:29","147","1","169","LIED21PROT/LLN0$Alarm","1","",""
"9446","176.448003130","ipcas_21:73:29","204","1","169","LIED21MEAS/LLN0$Measurement","464","470","469"
"9504","177.460917722","ipcas_21:73:29","150","1","170","LIED21CTRL/LLN0$Status","1","1","0"
"9505","177.460921468","ipcas_21:73:29","147","1","170","LIED21PROT/LLN0$Alarm","1","",""
"9506","177.460922642","ipcas_21:73:29","204","1","170","LIED21MEAS/LLN0$Measurement","461","469","465"
"9567","178.492317466","ipcas_21:73:29","150","1","171","LIED21CTRL/LLN0$Status","1","1","0"
"9568","178.492328181","ipcas_21:73:29","147","1","171","LIED21PROT/LLN0$Alarm","1","",""
"9569","178.492330690","ipcas_21:73:29","204","1","171","LIED21MEAS/LLN0$Measurement","465","467","467"
"9628","179.520492241","ipcas_21:73:29","150","1","172","LIED21CTRL/LLN0$Status","1","1","0"
"9629","179.520497211","ipcas_21:73:29","147","1","172","LIED21PROT/LLN0$Alarm","1","",""
"9630","179.521542338","ipcas_21:73:29","204","1","172","LIED21MEAS/LLN0$Measurement","465","465","469"
"9694","180.549282830","ipcas_21:73:29","150","1","173","LIED21CTRL/LLN0$Status","1","1","0"
"9695","180.549372332","ipcas_21:73:29","147","1","173","LIED21PROT/LLN0$Alarm","1","",""
"9696","180.549376044","ipcas_21:73:29","204","1","173","LIED21MEAS/LLN0$Measurement","469","469","468"
"9757","181.598290110","ipcas_21:73:29","150","1","174","LIED21CTRL/LLN0$Status","1","1","0"
"9758","181.598290563","ipcas_21:73:29","147","1","174","LIED21PROT/LLN0$Alarm","1","",""
"9759","181.598291042","ipcas_21:73:29","204","1","174","LIED21MEAS/LLN0$Measurement","465","468","466"
"9816","182.614968879","ipcas_21:73:29","150","1","175","LIED21CTRL/LLN0$Status","1","1","0"
"9817","182.614976694","ipcas_21:73:29","147","1","175","LIED21PROT/LLN0$Alarm","1","",""
"9818","182.614977789","ipcas_21:73:29","204","1","175","LIED21MEAS/LLN0$Measurement","469","463","466"
"9903","183.653327127","ipcas_21:73:29","150","1","176","LIED21CTRL/LLN0$Status","1","1","0"
"9904","183.653328393","ipcas_21:73:29","147","1","176","LIED21PROT/LLN0$Alarm","1","",""
"9905","183.653329670","ipcas_21:73:29","204","1","176","LIED21MEAS/LLN0$Measurement","467","462","460"
"10005","184.756702318","ipcas_21:73:29","150","1","177","LIED21CTRL/LLN0$Status","1","1","0"
"10006","184.756709743","ipcas_21:73:29","147","1","177","LIED21PROT/LLN0$Alarm","1","",""
"10007","184.756710670","ipcas_21:73:29","204","1","177","LIED21MEAS/LLN0$Measurement","467","465","461"
"10124","185.802975655","ipcas_21:73:29","150","1","178","LIED21CTRL/LLN0$Status","1","1","0"
"10125","185.802984585","ipcas_21:73:29","147","1","178","LIED21PROT/LLN0$Alarm","1","",""
"10126","185.802986052","ipcas_21:73:29","204","1","178","LIED21MEAS/LLN0$Measurement","467","465","470"
"10194","186.844580188","ipcas_21:73:29","150","1","179","LIED21CTRL/LLN0$Status","1","1","0"
"10195","186.844728283","ipcas_21:73:29","147","1","179","LIED21PROT/LLN0$Alarm","1","",""
"10196","186.844732374","ipcas_21:73:29","204","1","179","LIED21MEAS/LLN0$Measurement","465","468","462"
"10258","187.864854574","ipcas_21:73:29","150","1","180","LIED21CTRL/LLN0$Status","1","1","0"
"10259","187.864861953","ipcas_21:73:29","147","1","180","LIED21PROT/LLN0$Alarm","1","",""
"10260","187.866440362","ipcas_21:73:29","204","1","180","LIED21MEAS/LLN0$Measurement","465","465","463"
"10333","188.928017647","ipcas_21:73:29","150","1","181","LIED21CTRL/LLN0$Status","1","1","0"
"10334","188.928018634","ipcas_21:73:29","147","1","181","LIED21PROT/LLN0$Alarm","1","",""
"10335","188.928019101","ipcas_21:73:29","204","1","181","LIED21MEAS/LLN0$Measurement","469","467","465"
"10388","189.942858945","ipcas_21:73:29","150","1","182","LIED21CTRL/LLN0$Status","1","1","0"
"10389","189.942867140","ipcas_21:73:29","147","1","182","LIED21PROT/LLN0$Alarm","1","",""
"10390","189.942868390","ipcas_21:73:29","204","1","182","LIED21MEAS/LLN0$Measurement","468","461","465"
"10442","190.982546706","ipcas_21:73:29","150","1","183","LIED21CTRL/LLN0$Status","1","1","0"
"10443","190.982557965","ipcas_21:73:29","147","1","183","LIED21PROT/LLN0$Alarm","1","",""
"10444","190.982559121","ipcas_21:73:29","204","1","183","LIED21MEAS/LLN0$Measurement","467","468","464"
"10510","192.026186163","ipcas_21:73:29","150","1","184","LIED21CTRL/LLN0$Status","1","1","0"
"10511","192.026187039","ipcas_21:73:29","147","1","184","LIED21PROT/LLN0$Alarm","1","",""
"10512","192.026187363","ipcas_21:73:29","204","1","184","LIED21MEAS/LLN0$Measurement","462","465","462"
"10662","194.134198833","ipcas_21:73:29","150","1","185","LIED21CTRL/LLN0$Status","1","1","0"
"10663","194.134199295","ipcas_21:73:29","147","1","185","LIED21PROT/LLN0$Alarm","1","",""
"10664","194.134199888","ipcas_21:73:29","204","1","185","LIED21MEAS/LLN0$Measurement","463","465","460"
"10763","195.168261209","ipcas_21:73:29","150","1","186","LIED21CTRL/LLN0$Status","1","1","0"
"10764","195.168262006","ipcas_21:73:29","147","1","186","LIED21PROT/LLN0$Alarm","1","",""
"10765","195.168262805","ipcas_21:73:29","204","1","186","LIED21MEAS/LLN0$Measurement","465","462","461"
"10836","196.187737467","ipcas_21:73:29","150","1","187","LIED21CTRL/LLN0$Status","1","1","0"
"10837","196.187745819","ipcas_21:73:29","147","1","187","LIED21PROT/LLN0$Alarm","1","",""
"10838","196.187746922","ipcas_21:73:29","204","1","187","LIED21MEAS/LLN0$Measurement","470","468","465"
"10896","197.218358965","ipcas_21:73:29","150","1","188","LIED21CTRL/LLN0$Status","1","1","0"
"10897","197.218790633","ipcas_21:73:29","147","1","188","LIED21PROT/LLN0$Alarm","1","",""
"10898","197.219783808","ipcas_21:73:29","204","1","188","LIED21MEAS/LLN0$Measurement","465","468","465"
"10958","198.251124282","ipcas_21:73:29","150","1","189","LIED21CTRL/LLN0$Status","1","1","0"
"10959","198.251134663","ipcas_21:73:29","147","1","189","LIED21PROT/LLN0$Alarm","1","",""
"10960","198.251136096","ipcas_21:73:29","204","1","189","LIED21MEAS/LLN0$Measurement","465","465","465"
"11016","199.285540700","ipcas_21:73:29","150","1","190","LIED21CTRL/LLN0$Status","1","1","0"
"11017","199.285544410","ipcas_21:73:29","147","1","190","LIED21PROT/LLN0$Alarm","1","",""
"11018","199.285544845","ipcas_21:73:29","204","1","190","LIED21MEAS/LLN0$Measurement","465","465","466"
"11076","200.316654026","ipcas_21:73:29","150","1","191","LIED21CTRL/LLN0$Status","1","1","0"
"11077","200.316654476","ipcas_21:73:29","147","1","191","LIED21PROT/LLN0$Alarm","1","",""
"11078","200.316655321","ipcas_21:73:29","204","1","191","LIED21MEAS/LLN0$Measurement","465","462","465"
"11140","201.335228210","ipcas_21:73:29","150","1","192","LIED21CTRL/LLN0$Status","1","1","0"
"11141","201.335637900","ipcas_21:73:29","147","1","192","LIED21PROT/LLN0$Alarm","1","",""
"11142","201.335643212","ipcas_21:73:29","204","1","192","LIED21MEAS/LLN0$Measurement","460","469","465"
"11200","202.367969204","ipcas_21:73:29","150","1","193","LIED21CTRL/LLN0$Status","1","1","0"
"11201","202.367970279","ipcas_21:73:29","147","1","193","LIED21PROT/LLN0$Alarm","1","",""
"11202","202.367971387","ipcas_21:73:29","204","1","193","LIED21MEAS/LLN0$Measurement","462","465","467"
"11254","203.405570894","ipcas_21:73:29","150","1","194","LIED21CTRL/LLN0$Status","1","1","0"
"11255","203.405571830","ipcas_21:73:29","147","1","194","LIED21PROT/LLN0$Alarm","1","",""
"11256","203.405572625","ipcas_21:73:29","204","1","194","LIED21MEAS/LLN0$Measurement","465","465","465"
"11309","204.448107353","ipcas_21:73:29","150","1","195","LIED21CTRL/LLN0$Status","1","1","0"
"11310","204.448795198","ipcas_21:73:29","147","1","195","LIED21PROT/LLN0$Alarm","1","",""
"11311","204.449364053","ipcas_21:73:29","204","1","195","LIED21MEAS/LLN0$Measurement","465","465","465"
"11364","205.484670578","ipcas_21:73:29","150","1","196","LIED21CTRL/LLN0$Status","1","1","0"
"11365","205.485884910","ipcas_21:73:29","147","1","196","LIED21PROT/LLN0$Alarm","1","",""
"11366","205.485891428","ipcas_21:73:29","204","1","196","LIED21MEAS/LLN0$Measurement","465","465","467"
"11422","206.519333778","ipcas_21:73:29","150","1","197","LIED21CTRL/LLN0$Status","1","1","0"
"11423","206.520027577","ipcas_21:73:29","147","1","197","LIED21PROT/LLN0$Alarm","1","",""
"11424","206.521767152","ipcas_21:73:29","204","1","197","LIED21MEAS/LLN0$Measurement","465","463","465"
"11478","207.599718167","ipcas_21:73:29","150","1","198","LIED21CTRL/LLN0$Status","1","1","0"
"11479","207.599722961","ipcas_21:73:29","147","1","198","LIED21PROT/LLN0$Alarm","1","",""
"11480","207.599723923","ipcas_21:73:29","204","1","198","LIED21MEAS/LLN0$Measurement","465","465","467"
"11533","208.625010560","ipcas_21:73:29","150","1","199","LIED21CTRL/LLN0$Status","1","1","0"
"11534","208.625010997","ipcas_21:73:29","147","1","199","LIED21PROT/LLN0$Alarm","1","",""
"11535","208.625011741","ipcas_21:73:29","204","1","199","LIED21MEAS/LLN0$Measurement","465","465","464"
"11591","209.631152197","ipcas_21:73:29","150","1","200","LIED21CTRL/LLN0$Status","1","1","0"
"11592","209.631158288","ipcas_21:73:29","147","1","200","LIED21PROT/LLN0$Alarm","1","",""
"11593","209.631159537","ipcas_21:73:29","204","1","200","LIED21MEAS/LLN0$Measurement","467","465","462"
"11646","210.667297226","ipcas_21:73:29","150","1","201","LIED21CTRL/LLN0$Status","1","1","0"
"11647","210.667303295","ipcas_21:73:29","147","1","201","LIED21PROT/LLN0$Alarm","1","",""
"11648","210.667304398","ipcas_21:73:29","204","1","201","LIED21MEAS/LLN0$Measurement","462","465","469"
"11701","211.706628538","ipcas_21:73:29","150","1","202","LIED21CTRL/LLN0$Status","1","1","0"
"11702","211.707284751","ipcas_21:73:29","147","1","202","LIED21PROT/LLN0$Alarm","1","",""
"11703","211.708056293","ipcas_21:73:29","204","1","202","LIED21MEAS/LLN0$Measurement","469","469","465"
"11733","212.743114924","ipcas_21:73:29","150","1","203","LIED21CTRL/LLN0$Status","1","1","0"
"11734","212.743124102","ipcas_21:73:29","147","1","203","LIED21PROT/LLN0$Alarm","1","",""
"11735","212.744018625","ipcas_21:73:29","204","1","203","LIED21MEAS/LLN0$Measurement","467","465","465"
"11789","213.784907969","ipcas_21:73:29","150","1","204","LIED21CTRL/LLN0$Status","1","1","0"
"11790","213.784915342","ipcas_21:73:29","147","1","204","LIED21PROT/LLN0$Alarm","1","",""
"11791","213.784916432","ipcas_21:73:29","204","1","204","LIED21MEAS/LLN0$Measurement","469","469","465"
"11845","214.824159867","ipcas_21:73:29","150","1","205","LIED21CTRL/LLN0$Status","1","1","0"
"11846","214.824161407","ipcas_21:73:29","147","1","205","LIED21PROT/LLN0$Alarm","1","",""
"11847","214.824162480","ipcas_21:73:29","204","1","205","LIED21MEAS/LLN0$Measurement","466","465","465"
"11907","215.874093823","ipcas_21:73:29","150","1","206","LIED21CTRL/LLN0$Status","1","1","0"
"11908","215.874099562","ipcas_21:73:29","147","1","206","LIED21PROT/LLN0$Alarm","1","",""
"11909","215.874100912","ipcas_21:73:29","204","1","206","LIED21MEAS/LLN0$Measurement","465","468","462"
"11988","216.932402454","ipcas_21:73:29","150","1","207","LIED21CTRL/LLN0$Status","1","1","0"
"11989","216.932409801","ipcas_21:73:29","147","1","207","LIED21PROT/LLN0$Alarm","1","",""
"11990","216.932410570","ipcas_21:73:29","204","1","207","LIED21MEAS/LLN0$Measurement","465","469","462"
"12066","217.958958264","ipcas_21:73:29","150","1","208","LIED21CTRL/LLN0$Status","1","1","0"
"12067","217.958966466","ipcas_21:73:29","147","1","208","LIED21PROT/LLN0$Alarm","1","",""
"12068","217.958967946","ipcas_21:73:29","204","1","208","LIED21MEAS/LLN0$Measurement","465","464","465"
"12163","219.008098994","ipcas_21:73:29","150","1","209","LIED21CTRL/LLN0$Status","1","1","0"
"12164","219.008103729","ipcas_21:73:29","147","1","209","LIED21PROT/LLN0$Alarm","1","",""
"12165","219.008104584","ipcas_21:73:29","204","1","209","LIED21MEAS/LLN0$Measurement","462","465","464"
"12255","220.042158696","ipcas_21:73:29","150","1","210","LIED21CTRL/LLN0$Status","1","1","0"
"12256","220.042162905","ipcas_21:73:29","147","1","210","LIED21PROT/LLN0$Alarm","1","",""
"12257","220.042163984","ipcas_21:73:29","204","1","210","LIED21MEAS/LLN0$Measurement","465","462","465"
"12343","221.066610041","ipcas_21:73:29","150","1","211","LIED21CTRL/LLN0$Status","1","1","0"
"12344","221.066617693","ipcas_21:73:29","147","1","211","LIED21PROT/LLN0$Alarm","1","",""
"12345","221.066619654","ipcas_21:73:29","204","1","211","LIED21MEAS/LLN0$Measurement","465","469","462"
"12402","222.088607838","ipcas_21:73:29","150","1","212","LIED21CTRL/LLN0$Status","1","1","0"
"12403","222.088614080","ipcas_21:73:29","147","1","212","LIED21PROT/LLN0$Alarm","1","",""
"12404","222.088615058","ipcas_21:73:29","204","1","212","LIED21MEAS/LLN0$Measurement","469","465","465"
"12461","223.126466367","ipcas_21:73:29","150","1","213","LIED21CTRL/LLN0$Status","1","1","0"
"12462","223.126467831","ipcas_21:73:29","147","1","213","LIED21PROT/LLN0$Alarm","1","",""
"12463","223.126468810","ipcas_21:73:29","204","1","213","LIED21MEAS/LLN0$Measurement","465","463","464"
"12548","224.190151822","ipcas_21:73:29","150","1","214","LIED21CTRL/LLN0$Status","1","1","0"
"12549","224.190152237","ipcas_21:73:29","147","1","214","LIED21PROT/LLN0$Alarm","1","",""
"12550","224.190153308","ipcas_21:73:29","204","1","214","LIED21MEAS/LLN0$Measurement","466","467","465"
"12614","225.220146080","ipcas_21:73:29","150","1","215","LIED21CTRL/LLN0$Status","1","1","0"
"12615","225.220155628","ipcas_21:73:29","147","1","215","LIED21PROT/LLN0$Alarm","1","",""
"12616","225.220156660","ipcas_21:73:29","204","1","215","LIED21MEAS/LLN0$Measurement","467","468","467"
"12679","226.260876630","ipcas_21:73:29","150","1","216","LIED21CTRL/LLN0$Status","1","1","0"
"12680","226.260877161","ipcas_21:73:29","147","1","216","LIED21PROT/LLN0$Alarm","1","",""
"12681","226.260878198","ipcas_21:73:29","204","1","216","LIED21MEAS/LLN0$Measurement","469","468","465"
"12742","227.248209962","ipcas_21:73:29","150","1","217","LIED21CTRL/LLN0$Status","1","1","0"
"12743","227.248210473","ipcas_21:73:29","147","1","217","LIED21PROT/LLN0$Alarm","1","",""
"12744","227.248211033","ipcas_21:73:29","204","1","217","LIED21MEAS/LLN0$Measurement","461","470","465"
"12809","228.269326082","ipcas_21:73:29","150","1","218","LIED21CTRL/LLN0$Status","1","1","0"
"12810","228.269335074","ipcas_21:73:29","147","1","218","LIED21PROT/LLN0$Alarm","1","",""
"12811","228.269336315","ipcas_21:73:29","204","1","218","LIED21MEAS/LLN0$Measurement","464","467","469"
"12898","229.326627415","ipcas_21:73:29","150","1","219","LIED21CTRL/LLN0$Status","1","1","0"
"12899","229.326627908","ipcas_21:73:29","147","1","219","LIED21PROT/LLN0$Alarm","1","",""
"12900","229.326628311","ipcas_21:73:29","204","1","219","LIED21MEAS/LLN0$Measurement","464","469","460"
"13011","230.320582064","ipcas_21:73:29","150","1","220","LIED21CTRL/LLN0$Status","1","1","0"
"13012","230.320588210","ipcas_21:73:29","147","1","220","LIED21PROT/LLN0$Alarm","1","",""
"13013","230.320589468","ipcas_21:73:29","204","1","220","LIED21MEAS/LLN0$Measurement","465","462","469"
"13116","231.367127809","ipcas_21:73:29","150","1","221","LIED21CTRL/LLN0$Status","1","1","0"
"13117","231.367131476","ipcas_21:73:29","147","1","221","LIED21PROT/LLN0$Alarm","1","",""
"13118","231.367132210","ipcas_21:73:29","204","1","221","LIED21MEAS/LLN0$Measurement","465","465","465"
"13190","232.408935284","ipcas_21:73:29","150","1","222","LIED21CTRL/LLN0$Status","1","1","0"
"13191","232.408935641","ipcas_21:73:29","147","1","222","LIED21PROT/LLN0$Alarm","1","",""
"13192","232.408936076","ipcas_21:73:29","204","1","222","LIED21MEAS/LLN0$Measurement","470","465","467"
"13240","233.451056278","ipcas_21:73:29","150","1","223","LIED21CTRL/LLN0$Status","1","1","0"
"13241","233.451064311","ipcas_21:73:29","147","1","223","LIED21PROT/LLN0$Alarm","1","",""
"13242","233.451073072","ipcas_21:73:29","204","1","223","LIED21MEAS/LLN0$Measurement","465","468","465"
"13324","234.492599332","ipcas_21:73:29","150","1","224","LIED21CTRL/LLN0$Status","1","1","0"
"13325","234.492608637","ipcas_21:73:29","147","1","224","LIED21PROT/LLN0$Alarm","1","",""
"13326","234.492609509","ipcas_21:73:29","204","1","224","LIED21MEAS/LLN0$Measurement","462","464","467"
"13387","235.541931319","ipcas_21:73:29","150","1","225","LIED21CTRL/LLN0$Status","1","1","0"
"13388","235.541932122","ipcas_21:73:29","147","1","225","LIED21PROT/LLN0$Alarm","1","",""
"13389","235.541932461","ipcas_21:73:29","204","1","225","LIED21MEAS/LLN0$Measurement","465","465","467"
"13449","236.560414979","ipcas_21:73:29","150","1","226","LIED21CTRL/LLN0$Status","1","1","0"
"13450","236.560415962","ipcas_21:73:29","147","1","226","LIED21PROT/LLN0$Alarm","1","",""
"13451","236.560417385","ipcas_21:73:29","204","1","226","LIED21MEAS/LLN0$Measurement","468","461","469"
"13511","237.567747114","ipcas_21:73:29","150","1","227","LIED21CTRL/LLN0$Status","1","1","0"
"13512","237.567761299","ipcas_21:73:29","147","1","227","LIED21PROT/LLN0$Alarm","1","",""
"13513","237.567762460","ipcas_21:73:29","204","1","227","LIED21MEAS/LLN0$Measurement","469","465","469"
"13608","238.609115456","ipcas_21:73:29","150","1","228","LIED21CTRL/LLN0$Status","1","1","0"
"13609","238.609122479","ipcas_21:73:29","147","1","228","LIED21PROT/LLN0$Alarm","1","",""
"13610","238.609123231","ipcas_21:73:29","204","1","228","LIED21MEAS/LLN0$Measurement","461","465","463"
"13687","239.653369555","ipcas_21:73:29","150","1","229","LIED21CTRL/LLN0$Status","1","1","0"
"13688","239.653370333","ipcas_21:73:29","147","1","229","LIED21PROT/LLN0$Alarm","1","",""
"13689","239.653371383","ipcas_21:73:29","204","1","229","LIED21MEAS/LLN0$Measurement","461","465","460"
"13785","240.675274437","ipcas_21:73:29","150","1","230","LIED21CTRL/LLN0$Status","1","1","0"
"13786","240.675275119","ipcas_21:73:29","147","1","230","LIED21PROT/LLN0$Alarm","1","",""
"13787","240.675275854","ipcas_21:73:29","204","1","230","LIED21MEAS/LLN0$Measurement","468","469","465"
"13898","241.703436739","ipcas_21:73:29","150","1","231","LIED21CTRL/LLN0$Status","1","1","0"
"13899","241.703446666","ipcas_21:73:29","147","1","231","LIED21PROT/LLN0$Alarm","1","",""
"13900","241.703447533","ipcas_21:73:29","204","1","231","LIED21MEAS/LLN0$Measurement","465","465","462"
"13965","242.719155078","ipcas_21:73:29","150","1","232","LIED21CTRL/LLN0$Status","1","1","0"
"13966","242.719464504","ipcas_21:73:29","147","1","232","LIED21PROT/LLN0$Alarm","1","",""
"13967","242.719723119","ipcas_21:73:29","204","1","232","LIED21MEAS/LLN0$Measurement","465","468","464"
"14023","243.753903259","ipcas_21:73:29","150","1","233","LIED21CTRL/LLN0$Status","1","1","0"
"14024","243.754174527","ipcas_21:73:29","147","1","233","LIED21PROT/LLN0$Alarm","1","",""
"14025","243.754336356","ipcas_21:73:29","204","1","233","LIED21MEAS/LLN0$Measurement","464","464","468"
"14083","244.774103945","ipcas_21:73:29","150","1","234","LIED21CTRL/LLN0$Status","1","1","0"
"14084","244.774348488","ipcas_21:73:29","147","1","234","LIED21PROT/LLN0$Alarm","1","",""
"14087","244.774353764","ipcas_21:73:29","204","1","234","LIED21MEAS/LLN0$Measurement","461","468","470"
"14141","245.819892025","ipcas_21:73:29","150","1","235","LIED21CTRL/LLN0$Status","1","1","0"
"14142","245.819894275","ipcas_21:73:29","147","1","235","LIED21PROT/LLN0$Alarm","1","",""
"14143","245.819894994","ipcas_21:73:29","204","1","235","LIED21MEAS/LLN0$Measurement","468","468","469"
"14190","246.861618406","ipcas_21:73:29","150","1","236","LIED21CTRL/LLN0$Status","1","1","0"
"14191","246.861619324","ipcas_21:73:29","147","1","236","LIED21PROT/LLN0$Alarm","1","",""
"14192","246.861620263","ipcas_21:73:29","204","1","236","LIED21MEAS/LLN0$Measurement","465","461","465"
"14265","247.896289997","ipcas_21:73:29","150","1","237","LIED21CTRL/LLN0$Status","1","1","0"
"14266","247.896295601","ipcas_21:73:29","147","1","237","LIED21PROT/LLN0$Alarm","1","",""
"14267","247.896296218","ipcas_21:73:29","204","1","237","LIED21MEAS/LLN0$Measurement","470","465","469"
"14323","248.937761892","ipcas_21:73:29","150","1","238","LIED21CTRL/LLN0$Status","1","1","0"
"14324","248.938357003","ipcas_21:73:29","147","1","238","LIED21PROT/LLN0$Alarm","1","",""
"14325","248.938761542","ipcas_21:73:29","204","1","238","LIED21MEAS/LLN0$Measurement","467","465","461"
"14380","249.963303303","ipcas_21:73:29","150","1","239","LIED21CTRL/LLN0$Status","1","1","0"
"14381","249.963309337","ipcas_21:73:29","147","1","239","LIED21PROT/LLN0$Alarm","1","",""
"14382","249.963310586","ipcas_21:73:29","204","1","239","LIED21MEAS/LLN0$Measurement","462","463","465"
"14437","250.985536592","ipcas_21:73:29","150","1","240","LIED21CTRL/LLN0$Status","1","1","0"
"14438","250.985547209","ipcas_21:73:29","147","1","240","LIED21PROT/LLN0$Alarm","1","",""
"14439","250.985548480","ipcas_21:73:29","204","1","240","LIED21MEAS/LLN0$Measurement","465","463","470"
"14493","252.004050861","ipcas_21:73:29","150","1","241","LIED21CTRL/LLN0$Status","1","1","0"
"14494","252.004726310","ipcas_21:73:29","147","1","241","LIED21PROT/LLN0$Alarm","1","",""
"14495","252.004730919","ipcas_21:73:29","204","1","241","LIED21MEAS/LLN0$Measurement","464","465","465"
"14536","253.024343253","ipcas_21:73:29","150","1","242","LIED21CTRL/LLN0$Status","1","1","0"
"14537","253.024345324","ipcas_21:73:29","147","1","242","LIED21PROT/LLN0$Alarm","1","",""
"14538","253.024346505","ipcas_21:73:29","204","1","242","LIED21MEAS/LLN0$Measurement","461","460","465"
"14605","255.318174611","ipcas_21:73:29","150","1","243","LIED21CTRL/LLN0$Status","1","1","0"
"14606","255.318176198","ipcas_21:73:29","147","1","243","LIED21PROT/LLN0$Alarm","1","",""
"14607","255.318177845","ipcas_21:73:29","204","1","243","LIED21MEAS/LLN0$Measurement","466","465","465"
"14662","256.348324357","ipcas_21:73:29","150","1","244","LIED21CTRL/LLN0$Status","1","1","0"
"14663","256.348329196","ipcas_21:73:29","147","1","244","LIED21PROT/LLN0$Alarm","1","",""
"14664","256.348330251","ipcas_21:73:29","204","1","244","LIED21MEAS/LLN0$Measurement","465","462","463"
"14729","257.420632157","ipcas_21:73:29","150","1","245","LIED21CTRL/LLN0$Status","1","1","0"
"14730","257.420632979","ipcas_21:73:29","147","1","245","LIED21PROT/LLN0$Alarm","1","",""
"14731","257.420633614","ipcas_21:73:29","204","1","245","LIED21MEAS/LLN0$Measurement","465","465","465"
"14770","258.434549781","ipcas_21:73:29","150","1","246","LIED21CTRL/LLN0$Status","1","1","0"
"14771","258.434555514","ipcas_21:73:29","147","1","246","LIED21PROT/LLN0$Alarm","1","",""
"14772","258.434556940","ipcas_21:73:29","204","1","246","LIED21MEAS/LLN0$Measurement","469","465","468"
"14826","259.455268101","ipcas_21:73:29","150","1","247","LIED21CTRL/LLN0$Status","1","1","0"
"14827","259.455275452","ipcas_21:73:29","147","1","247","LIED21PROT/LLN0$Alarm","1","",""
"14828","259.455277179","ipcas_21:73:29","204","1","247","LIED21MEAS/LLN0$Measurement","465","465","465"
"14891","260.520403398","ipcas_21:73:29","150","1","248","LIED21CTRL/LLN0$Status","1","1","0"
"14892","260.520404502","ipcas_21:73:29","147","1","248","LIED21PROT/LLN0$Alarm","1","",""
"14893","260.520405240","ipcas_21:73:29","204","1","248","LIED21MEAS/LLN0$Measurement","465","465","465"
"14956","261.538754646","ipcas_21:73:29","150","1","249","LIED21CTRL/LLN0$Status","1","1","0"
"14957","261.538755303","ipcas_21:73:29","147","1","249","LIED21PROT/LLN0$Alarm","1","",""
"14958","261.538755880","ipcas_21:73:29","204","1","249","LIED21MEAS/LLN0$Measurement","468","465","465"
"15041","262.563023692","ipcas_21:73:29","150","1","250","LIED21CTRL/LLN0$Status","1","1","0"
"15042","262.563024374","ipcas_21:73:29","147","1","250","LIED21PROT/LLN0$Alarm","1","",""
"15043","262.563024979","ipcas_21:73:29","204","1","250","LIED21MEAS/LLN0$Measurement","463","466","465"
"15124","263.569062866","ipcas_21:73:29","150","1","251","LIED21CTRL/LLN0$Status","1","1","0"
"15125","263.569066426","ipcas_21:73:29","147","1","251","LIED21PROT/LLN0$Alarm","1","",""
"15126","263.569067534","ipcas_21:73:29","204","1","251","LIED21MEAS/LLN0$Measurement","466","465","467"
"15232","264.657404652","ipcas_21:73:29","150","1","252","LIED21CTRL/LLN0$Status","1","1","0"
"15233","264.657431026","ipcas_21:73:29","147","1","252","LIED21PROT/LLN0$Alarm","1","",""
"15234","264.657432232","ipcas_21:73:29","204","1","252","LIED21MEAS/LLN0$Measurement","465","465","465"
"15320","265.671409212","ipcas_21:73:29","150","1","253","LIED21CTRL/LLN0$Status","1","1","0"
"15321","265.671413963","ipcas_21:73:29","147","1","253","LIED21PROT/LLN0$Alarm","1","",""
"15322","265.671414938","ipcas_21:73:29","204","1","253","LIED21MEAS/LLN0$Measurement","466","470","465"
"15390","266.726086749","ipcas_21:73:29","150","1","254","LIED21CTRL/LLN0$Status","1","1","0"
"15391","266.726402037","ipcas_21:73:29","147","1","254","LIED21PROT/LLN0$Alarm","1","",""
"15392","266.726407647","ipcas_21:73:29","204","1","254","LIED21MEAS/LLN0$Measurement","468","468","465"
"15448","267.745501805","ipcas_21:73:29","150","1","255","LIED21CTRL/LLN0$Status","1","1","0"
"15449","267.745505444","ipcas_21:73:29","147","1","255","LIED21PROT/LLN0$Alarm","1","",""
"15450","267.745704607","ipcas_21:73:29","204","1","255","LIED21MEAS/LLN0$Measurement","461","462","468"
"15511","268.784127687","ipcas_21:73:29","150","1","256","LIED21CTRL/LLN0$Status","1","1","0"
"15512","268.784131236","ipcas_21:73:29","147","1","256","LIED21PROT/LLN0$Alarm","1","",""
"15513","268.784131775","ipcas_21:73:29","204","1","256","LIED21MEAS/LLN0$Measurement","465","467","465"
"15568","269.821119092","ipcas_21:73:29","150","1","257","LIED21CTRL/LLN0$Status","1","1","0"
"15569","269.821122358","ipcas_21:73:29","147","1","257","LIED21PROT/LLN0$Alarm","1","",""
"15570","269.821123310","ipcas_21:73:29","204","1","257","LIED21MEAS/LLN0$Measurement","465","464","461"
"15626","270.850276778","ipcas_21:73:29","150","1","258","LIED21CTRL/LLN0$Status","1","1","0"
"15627","270.850284409","ipcas_21:73:29","147","1","258","LIED21PROT/LLN0$Alarm","1","",""
"15628","270.850285550","ipcas_21:73:29","204","1","258","LIED21MEAS/LLN0$Measurement","462","461","467"
"15688","271.888917503","ipcas_21:73:29","150","1","259","LIED21CTRL/LLN0$Status","1","1","0"
"15689","271.888917958","ipcas_21:73:29","147","1","259","LIED21PROT/LLN0$Alarm","1","",""
"15690","271.888918389","ipcas_21:73:29","204","1","259","LIED21MEAS/LLN0$Measurement","462","465","465"
"15736","272.910362422","ipcas_21:73:29","150","1","260","LIED21CTRL/LLN0$Status","1","1","0"
"15737","272.910363339","ipcas_21:73:29","147","1","260","LIED21PROT/LLN0$Alarm","1","",""
"15738","272.910363731","ipcas_21:73:29","204","1","260","LIED21MEAS/LLN0$Measurement","465","465","460"
"15784","273.950823274","ipcas_21:73:29","150","1","261","LIED21CTRL/LLN0$Status","1","1","0"
"15785","273.950824216","ipcas_21:73:29","147","1","261","LIED21PROT/LLN0$Alarm","1","",""
"15786","273.950825525","ipcas_21:73:29","204","1","261","LIED21MEAS/LLN0$Measurement","467","463","465"
"15874","274.988877502","ipcas_21:73:29","150","1","262","LIED21CTRL/LLN0$Status","1","1","0"
"15875","274.988878313","ipcas_21:73:29","147","1","262","LIED21PROT/LLN0$Alarm","1","",""
"15876","274.988879077","ipcas_21:73:29","204","1","262","LIED21MEAS/LLN0$Measurement","463","465","465"
"15977","276.030712848","ipcas_21:73:29","150","1","263","LIED21CTRL/LLN0$Status","1","1","0"
"15978","276.030713461","ipcas_21:73:29","147","1","263","LIED21PROT/LLN0$Alarm","1","",""
"15979","276.030714494","ipcas_21:73:29","204","1","263","LIED21MEAS/LLN0$Measurement","460","466","470"
"16111","277.101010799","ipcas_21:73:29","150","1","264","LIED21CTRL/LLN0$Status","1","1","0"
"16112","277.101014668","ipcas_21:73:29","147","1","264","LIED21PROT/LLN0$Alarm","1","",""
"16113","277.101015618","ipcas_21:73:29","204","1","264","LIED21MEAS/LLN0$Measurement","464","469","461"
"16186","278.132251096","ipcas_21:73:29","150","1","265","LIED21CTRL/LLN0$Status","1","1","0"
"16187","278.132251557","ipcas_21:73:29","147","1","265","LIED21PROT/LLN0$Alarm","1","",""
"16188","278.132252219","ipcas_21:73:29","204","1","265","LIED21MEAS/LLN0$Measurement","466","465","465"
"16246","279.183258723","ipcas_21:73:29","150","1","266","LIED21CTRL/LLN0$Status","1","1","0"
"16247","279.183259494","ipcas_21:73:29","147","1","266","LIED21PROT/LLN0$Alarm","1","",""
"16248","279.183259955","ipcas_21:73:29","204","1","266","LIED21MEAS/LLN0$Measurement","465","465","465"
"16319","280.188446026","ipcas_21:73:29","150","1","267","LIED21CTRL/LLN0$Status","1","1","0"
"16320","280.188453372","ipcas_21:73:29","147","1","267","LIED21PROT/LLN0$Alarm","1","",""
"16321","280.188454387","ipcas_21:73:29","204","1","267","LIED21MEAS/LLN0$Measurement","465","460","469"
"16377","281.210505083","ipcas_21:73:29","150","1","268","LIED21CTRL/LLN0$Status","1","1","0"
"16378","281.210508320","ipcas_21:73:29","147","1","268","LIED21PROT/LLN0$Alarm","1","",""
"16379","281.210508810","ipcas_21:73:29","204","1","268","LIED21MEAS/LLN0$Measurement","465","464","467"
"16440","282.251500131","ipcas_21:73:29","150","1","269","LIED21CTRL/LLN0$Status","1","1","0"
"16441","282.251506005","ipcas_21:73:29","147","1","269","LIED21PROT/LLN0$Alarm","1","",""
"16442","282.251506660","ipcas_21:73:29","204","1","269","LIED21MEAS/LLN0$Measurement","465","461","465"
"16522","283.273391538","ipcas_21:73:29","150","1","270","LIED21CTRL/LLN0$Status","1","1","0"
"16523","283.273394900","ipcas_21:73:29","147","1","270","LIED21PROT/LLN0$Alarm","1","",""
"16524","283.273548203","ipcas_21:73:29","204","1","270","LIED21MEAS/LLN0$Measurement","468","470","465"
"16619","284.301294442","ipcas_21:73:29","150","1","271","LIED21CTRL/LLN0$Status","1","1","0"
"16620","284.301300415","ipcas_21:73:29","147","1","271","LIED21PROT/LLN0$Alarm","1","",""
"16621","284.301300829","ipcas_21:73:29","204","1","271","LIED21MEAS/LLN0$Measurement","469","465","465"
"16709","285.354826623","ipcas_21:73:29","150","1","272","LIED21CTRL/LLN0$Status","1","1","0"
"16710","285.354831529","ipcas_21:73:29","147","1","272","LIED21PROT/LLN0$Alarm","1","",""
"16711","285.355187620","ipcas_21:73:29","204","1","272","LIED21MEAS/LLN0$Measurement","465","465","465"
"16798","286.377723684","ipcas_21:73:29","150","1","273","LIED21CTRL/LLN0$Status","1","1","0"
"16799","286.377726985","ipcas_21:73:29","147","1","273","LIED21PROT/LLN0$Alarm","1","",""
"16800","286.377727914","ipcas_21:73:29","204","1","273","LIED21MEAS/LLN0$Measurement","462","467","465"
"16892","287.431421997","ipcas_21:73:29","150","1","274","LIED21CTRL/LLN0$Status","1","1","0"
"16893","287.431431204","ipcas_21:73:29","147","1","274","LIED21PROT/LLN0$Alarm","1","",""
"16894","287.431432310","ipcas_21:73:29","204","1","274","LIED21MEAS/LLN0$Measurement","467","468","465"
"16962","288.471569800","ipcas_21:73:29","150","1","275","LIED21CTRL/LLN0$Status","1","1","0"
"16963","288.472339905","ipcas_21:73:29","147","1","275","LIED21PROT/LLN0$Alarm","1","",""
"16964","288.472343409","ipcas_21:73:29","204","1","275","LIED21MEAS/LLN0$Measurement","465","466","465"
"17019","289.543218541","ipcas_21:73:29","150","1","276","LIED21CTRL/LLN0$Status","1","1","0"
"17020","289.543223691","ipcas_21:73:29","147","1","276","LIED21PROT/LLN0$Alarm","1","",""
"17021","289.543224329","ipcas_21:73:29","204","1","276","LIED21MEAS/LLN0$Measurement","469","470","468"
"17085","290.584485955","ipcas_21:73:29","150","1","277","LIED21CTRL/LLN0$Status","1","1","0"
"17086","290.584492517","ipcas_21:73:29","147","1","277","LIED21PROT/LLN0$Alarm","1","",""
"17087","290.584493576","ipcas_21:73:29","204","1","277","LIED21MEAS/LLN0$Measurement","463","468","466"
"17145","291.623826027","ipcas_21:73:29","150","1","278","LIED21CTRL/LLN0$Status","1","1","0"
"17146","291.624471123","ipcas_21:73:29","147","1","278","LIED21PROT/LLN0$Alarm","1","",""
"17147","291.624477991","ipcas_21:73:29","204","1","278","LIED21MEAS/LLN0$Measurement","465","465","462"
"17203","292.682055480","ipcas_21:73:29","150","1","279","LIED21CTRL/LLN0$Status","1","1","0"
"17204","292.682063888","ipcas_21:73:29","147","1","279","LIED21PROT/LLN0$Alarm","1","",""
"17205","292.682064368","ipcas_21:73:29","204","1","279","LIED21MEAS/LLN0$Measurement","461","465","465"
"17263","293.721496163","ipcas_21:73:29","150","1","280","LIED21CTRL/LLN0$Status","1","1","0"
"17264","293.721502681","ipcas_21:73:29","147","1","280","LIED21PROT/LLN0$Alarm","1","",""
"17265","293.722103591","ipcas_21:73:29","204","1","280","LIED21MEAS/LLN0$Measurement","465","463","464"
"17323","294.760872571","ipcas_21:73:29","150","1","281","LIED21CTRL/LLN0$Status","1","1","0"
"17324","294.760878261","ipcas_21:73:29","147","1","281","LIED21PROT/LLN0$Alarm","1","",""
"17325","294.761506970","ipcas_21:73:29","204","1","281","LIED21MEAS/LLN0$Measurement","465","466","465"
"17382","295.821248513","ipcas_21:73:29","150","1","282","LIED21CTRL/LLN0$Status","1","1","0"
"17383","295.821255245","ipcas_21:73:29","147","1","282","LIED21PROT/LLN0$Alarm","1","",""
"17384","295.821257577","ipcas_21:73:29","204","1","282","LIED21MEAS/LLN0$Measurement","465","462","466"
"17436","296.845126856","ipcas_21:73:29","150","1","283","LIED21CTRL/LLN0$Status","1","1","0"
"17437","296.845381804","ipcas_21:73:29","147","1","283","LIED21PROT/LLN0$Alarm","1","",""
"17438","296.845633450","ipcas_21:73:29","204","1","283","LIED21MEAS/LLN0$Measurement","464","465","465"
"17489","297.897615673","ipcas_21:73:29","150","1","284","LIED21CTRL/LLN0$Status","1","1","0"
"17490","297.897616677","ipcas_21:73:29","147","1","284","LIED21PROT/LLN0$Alarm","1","",""
"17491","297.897617220","ipcas_21:73:29","204","1","284","LIED21MEAS/LLN0$Measurement","466","461","462"
"17544","298.928123938","ipcas_21:73:29","150","1","285","LIED21CTRL/LLN0$Status","1","1","0"
"17545","298.928154204","ipcas_21:73:29","147","1","285","LIED21PROT/LLN0$Alarm","1","",""
"17546","298.928156476","ipcas_21:73:29","204","1","285","LIED21MEAS/LLN0$Measurement","465","460","469"
"17599","299.963552334","ipcas_21:73:29","150","1","286","LIED21CTRL/LLN0$Status","1","1","0"
"17600","299.963559634","ipcas_21:73:29","147","1","286","LIED21PROT/LLN0$Alarm","1","",""
"17601","299.963561268","ipcas_21:73:29","204","1","286","LIED21MEAS/LLN0$Measurement","463","465","465"
"17653","300.999665937","ipcas_21:73:29","150","1","287","LIED21CTRL/LLN0$Status","1","1","0"
"17654","301.000066244","ipcas_21:73:29","147","1","287","LIED21PROT/LLN0$Alarm","1","",""
"17655","301.000072267","ipcas_21:73:29","204","1","287","LIED21MEAS/LLN0$Measurement","465","465","465"
"17715","302.049573172","ipcas_21:73:29","150","1","288","LIED21CTRL/LLN0$Status","1","1","0"
"17716","302.049584531","ipcas_21:73:29","147","1","288","LIED21PROT/LLN0$Alarm","1","",""
"17717","302.049585215","ipcas_21:73:29","204","1","288","LIED21MEAS/LLN0$Measurement","465","469","461"
"17772","303.081946443","ipcas_21:73:29","150","1","289","LIED21CTRL/LLN0$Status","1","1","0"
"17773","303.082179441","ipcas_21:73:29","147","1","289","LIED21PROT/LLN0$Alarm","1","",""
"17774","303.082181804","ipcas_21:73:29","204","1","289","LIED21MEAS/LLN0$Measurement","467","469","466"
"17825","304.114468872","ipcas_21:73:29","150","1","290","LIED21CTRL/LLN0$Status","1","1","0"
"17826","304.114470392","ipcas_21:73:29","147","1","290","LIED21PROT/LLN0$Alarm","1","",""
"17827","304.114471180","ipcas_21:73:29","204","1","290","LIED21MEAS/LLN0$Measurement","465","465","465"
"17881","305.161369505","ipcas_21:73:29","150","1","291","LIED21CTRL/LLN0$Status","1","1","0"
"17882","305.161379917","ipcas_21:73:29","147","1","291","LIED21PROT/LLN0$Alarm","1","",""
"17883","305.161381340","ipcas_21:73:29","204","1","291","LIED21MEAS/LLN0$Measurement","468","466","464"
"17939","306.198087010","ipcas_21:73:29","150","1","292","LIED21CTRL/LLN0$Status","1","1","0"
"17940","306.198097253","ipcas_21:73:29","147","1","292","LIED21PROT/LLN0$Alarm","1","",""
"17941","306.198098038","ipcas_21:73:29","204","1","292","LIED21MEAS/LLN0$Measurement","465","465","467"
"18017","307.272366684","ipcas_21:73:29","150","1","293","LIED21CTRL/LLN0$Status","1","1","0"
"18018","307.272376527","ipcas_21:73:29","147","1","293","LIED21PROT/LLN0$Alarm","1","",""
"18019","307.272377661","ipcas_21:73:29","204","1","293","LIED21MEAS/LLN0$Measurement","469","465","463"
"18078","308.300593986","ipcas_21:73:29","150","1","294","LIED21CTRL/LLN0$Status","1","1","0"
"18079","308.300594868","ipcas_21:73:29","147","1","294","LIED21PROT/LLN0$Alarm","1","",""
"18080","308.300596434","ipcas_21:73:29","204","1","294","LIED21MEAS/LLN0$Measurement","470","466","464"
"18137","309.355772139","ipcas_21:73:29","150","1","295","LIED21CTRL/LLN0$Status","1","1","0"
"18138","309.356040349","ipcas_21:73:29","147","1","295","LIED21PROT/LLN0$Alarm","1","",""
"18139","309.356273464","ipcas_21:73:29","204","1","295","LIED21MEAS/LLN0$Measurement","465","467","465"
"18194","310.407689141","ipcas_21:73:29","150","1","296","LIED21CTRL/LLN0$Status","1","1","0"
"18195","310.407744188","ipcas_21:73:29","147","1","296","LIED21PROT/LLN0$Alarm","1","",""
"18196","310.407747710","ipcas_21:73:29","204","1","296","LIED21MEAS/LLN0$Measurement","465","465","469"
"18250","311.436765589","ipcas_21:73:29","150","1","297","LIED21CTRL/LLN0$Status","1","1","0"
"18251","311.436923915","ipcas_21:73:29","147","1","297","LIED21PROT/LLN0$Alarm","1","",""
"18252","311.436927148","ipcas_21:73:29","204","1","297","LIED21MEAS/LLN0$Measurement","461","465","463"
"18307","312.481584154","ipcas_21:73:29","150","1","298","LIED21CTRL/LLN0$Status","1","1","0"
"18308","312.481584570","ipcas_21:73:29","147","1","298","LIED21PROT/LLN0$Alarm","1","",""
"18309","312.481585107","ipcas_21:73:29","204","1","298","LIED21MEAS/LLN0$Measurement","461","465","467"
"18362","313.500053892","ipcas_21:73:29","150","1","299","LIED21CTRL/LLN0$Status","1","1","0"
"18363","313.500057775","ipcas_21:73:29","147","1","299","LIED21PROT/LLN0$Alarm","1","",""
"18364","313.500643931","ipcas_21:73:29","204","1","299","LIED21MEAS/LLN0$Measurement","466","464","463"
"18416","314.527851919","ipcas_21:73:29","150","1","300","LIED21CTRL/LLN0$Status","1","1","0"
"18417","314.528655160","ipcas_21:73:29","147","1","300","LIED21PROT/LLN0$Alarm","1","",""
"18418","314.528660763","ipcas_21:73:29","204","1","300","LIED21MEAS/LLN0$Measurement","463","465","468"
"18472","315.565821454","ipcas_21:73:29","150","1","301","LIED21CTRL/LLN0$Status","1","1","0"
"18473","315.566242172","ipcas_21:73:29","147","1","301","LIED21PROT/LLN0$Alarm","1","",""
"18474","315.566467086","ipcas_21:73:29","204","1","301","LIED21MEAS/LLN0$Measurement","465","469","465"
"18530","316.592791438","ipcas_21:73:29","150","1","302","LIED21CTRL/LLN0$Status","1","1","0"
"18531","316.592797331","ipcas_21:73:29","147","1","302","LIED21PROT/LLN0$Alarm","1","",""
"18532","316.593074898","ipcas_21:73:29","204","1","302","LIED21MEAS/LLN0$Measurement","466","465","465"
"18587","317.640542510","ipcas_21:73:29","150","1","303","LIED21CTRL/LLN0$Status","1","1","0"
"18588","317.640548474","ipcas_21:73:29","147","1","303","LIED21PROT/LLN0$Alarm","1","",""
"18589","317.640549182","ipcas_21:73:29","204","1","303","LIED21MEAS/LLN0$Measurement","469","465","461"
"18641","318.659964065","ipcas_21:73:29","150","1","304","LIED21CTRL/LLN0$Status","1","1","0"
"18642","318.659967829","ipcas_21:73:29","147","1","304","LIED21PROT/LLN0$Alarm","1","",""
"18643","318.659968717","ipcas_21:73:29","204","1","304","LIED21MEAS/LLN0$Measurement","466","463","465"
"18696","319.712127848","ipcas_21:73:29","150","1","305","LIED21CTRL/LLN0$Status","1","1","0"
"18697","319.712131937","ipcas_21:73:29","147","1","305","LIED21PROT/LLN0$Alarm","1","",""
"18698","319.712319403","ipcas_21:73:29","204","1","305","LIED21MEAS/LLN0$Measurement","467","465","469"
"18782","320.763227365","ipcas_21:73:29","150","1","306","LIED21CTRL/LLN0$Status","1","1","0"
"18783","320.763230943","ipcas_21:73:29","147","1","306","LIED21PROT/LLN0$Alarm","1","",""
"18784","320.763727711","ipcas_21:73:29","204","1","306","LIED21MEAS/LLN0$Measurement","468","468","467"
"18858","321.794133010","ipcas_21:73:29","150","1","307","LIED21CTRL/LLN0$Status","1","1","0"
"18859","321.794308272","ipcas_21:73:29","147","1","307","LIED21PROT/LLN0$Alarm","1","",""
"18860","321.794312095","ipcas_21:73:29","204","1","307","LIED21MEAS/LLN0$Measurement","467","463","460"
"18977","322.854324878","ipcas_21:73:29","150","1","308","LIED21CTRL/LLN0$Status","1","1","0"
"18978","322.854325796","ipcas_21:73:29","147","1","308","LIED21PROT/LLN0$Alarm","1","",""
"18979","322.854326674","ipcas_21:73:29","204","1","308","LIED21MEAS/LLN0$Measurement","460","465","467"
"19066","323.881355219","ipcas_21:73:29","150","1","309","LIED21CTRL/LLN0$Status","1","1","0"
"19067","323.881358788","ipcas_21:73:29","147","1","309","LIED21PROT/LLN0$Alarm","1","",""
"19068","323.890379101","ipcas_21:73:29","204","1","309","LIED21MEAS/LLN0$Measurement","465","465","465"
"19130","324.915521769","ipcas_21:73:29","150","1","310","LIED21CTRL/LLN0$Status","1","1","0"
"19131","324.916021416","ipcas_21:73:29","147","1","310","LIED21PROT/LLN0$Alarm","1","",""
"19132","324.916838302","ipcas_21:73:29","204","1","310","LIED21MEAS/LLN0$Measurement","465","465","468"
"19193","325.958920817","ipcas_21:73:29","150","1","311","LIED21CTRL/LLN0$Status","1","1","0"
"19194","325.958921902","ipcas_21:73:29","147","1","311","LIED21PROT/LLN0$Alarm","1","",""
"19195","325.958922561","ipcas_21:73:29","204","1","311","LIED21MEAS/LLN0$Measurement","464","462","468"
"19263","326.994386371","ipcas_21:73:29","150","1","312","LIED21CTRL/LLN0$Status","1","1","0"
"19264","326.994938439","ipcas_21:73:29","147","1","312","LIED21PROT/LLN0$Alarm","1","",""
"19265","326.995715112","ipcas_21:73:29","204","1","312","LIED21MEAS/LLN0$Measurement","465","465","465"
"19319","328.025460314","ipcas_21:73:29","150","1","313","LIED21CTRL/LLN0$Status","1","1","0"
"19320","328.025465419","ipcas_21:73:29","147","1","313","LIED21PROT/LLN0$Alarm","1","",""
"19321","328.025466980","ipcas_21:73:29","204","1","313","LIED21MEAS/LLN0$Measurement","466","468","468"
"19378","329.067260917","ipcas_21:73:29","150","1","314","LIED21CTRL/LLN0$Status","1","1","0"
"19379","329.067264469","ipcas_21:73:29","147","1","314","LIED21PROT/LLN0$Alarm","1","",""
"19380","329.067265633","ipcas_21:73:29","204","1","314","LIED21MEAS/LLN0$Measurement","465","464","469"
"19444","330.096597218","ipcas_21:73:29","150","1","315","LIED21CTRL/LLN0$Status","1","1","0"
"19445","330.096601734","ipcas_21:73:29","147","1","315","LIED21PROT/LLN0$Alarm","1","",""
"19446","330.096602532","ipcas_21:73:29","204","1","315","LIED21MEAS/LLN0$Measurement","461","463","467"
"19506","331.160072589","ipcas_21:73:29","150","1","316","LIED21CTRL/LLN0$Status","1","1","0"
"19507","331.160073540","ipcas_21:73:29","147","1","316","LIED21PROT/LLN0$Alarm","1","",""
"19508","331.160074210","ipcas_21:73:29","204","1","316","LIED21MEAS/LLN0$Measurement","462","467","461"
"19560","332.189944391","ipcas_21:73:29","150","1","317","LIED21CTRL/LLN0$Status","1","1","0"
"19561","332.189949572","ipcas_21:73:29","147","1","317","LIED21PROT/LLN0$Alarm","1","",""
"19562","332.190163810","ipcas_21:73:29","204","1","317","LIED21MEAS/LLN0$Measurement","460","465","460"
"19613","333.238759249","ipcas_21:73:29","150","1","318","LIED21CTRL/LLN0$Status","1","1","0"
"19614","333.238764127","ipcas_21:73:29","147","1","318","LIED21PROT/LLN0$Alarm","1","",""
"19615","333.238909539","ipcas_21:73:29","204","1","318","LIED21MEAS/LLN0$Measurement","466","465","467"
"19667","334.265707021","ipcas_21:73:29","150","1","319","LIED21CTRL/LLN0$Status","1","1","0"
"19668","334.265711537","ipcas_21:73:29","147","1","319","LIED21PROT/LLN0$Alarm","1","",""
"19669","334.265713101","ipcas_21:73:29","204","1","319","LIED21MEAS/LLN0$Measurement","467","469","463"
"19721","335.307466868","ipcas_21:73:29","150","1","320","LIED21CTRL/LLN0$Status","1","1","0"
"19722","335.307797964","ipcas_21:73:29","147","1","320","LIED21PROT/LLN0$Alarm","1","",""
"19723","335.307873209","ipcas_21:73:29","204","1","320","LIED21MEAS/LLN0$Measurement","465","465","465"
"19775","336.333686978","ipcas_21:73:29","150","1","321","LIED21CTRL/LLN0$Status","1","1","0"
"19776","336.335176872","ipcas_21:73:29","147","1","321","LIED21PROT/LLN0$Alarm","1","",""
"19777","336.335181931","ipcas_21:73:29","204","1","321","LIED21MEAS/LLN0$Measurement","461","465","465"
"19832","337.379711937","ipcas_21:73:29","150","1","322","LIED21CTRL/LLN0$Status","1","1","0"
"19833","337.379716297","ipcas_21:73:29","147","1","322","LIED21PROT/LLN0$Alarm","1","",""
"19834","337.379717207","ipcas_21:73:29","204","1","322","LIED21MEAS/LLN0$Measurement","464","467","463"
"19888","338.409864211","ipcas_21:73:29","150","1","323","LIED21CTRL/LLN0$Status","1","1","0"
"19889","338.410514802","ipcas_21:73:29","147","1","323","LIED21PROT/LLN0$Alarm","1","",""
"19890","338.410520134","ipcas_21:73:29","204","1","323","LIED21MEAS/LLN0$Measurement","465","465","465"
"19941","339.449143853","ipcas_21:73:29","150","1","324","LIED21CTRL/LLN0$Status","1","1","0"
"19942","339.449148229","ipcas_21:73:29","147","1","324","LIED21PROT/LLN0$Alarm","1","",""
"19943","339.449148648","ipcas_21:73:29","204","1","324","LIED21MEAS/LLN0$Measurement","465","461","469"
"19994","340.475981235","ipcas_21:73:29","150","1","325","LIED21CTRL/LLN0$Status","1","1","0"
"19995","340.475986107","ipcas_21:73:29","147","1","325","LIED21PROT/LLN0$Alarm","1","",""
"19996","340.475986999","ipcas_21:73:29","204","1","325","LIED21MEAS/LLN0$Measurement","469","466","465"
"20048","341.495737255","ipcas_21:73:29","150","1","326","LIED21CTRL/LLN0$Status","1","1","0"
"20049","341.497039101","ipcas_21:73:29","147","1","326","LIED21PROT/LLN0$Alarm","1","",""
"20050","341.497044374","ipcas_21:73:29","204","1","326","LIED21MEAS/LLN0$Measurement","464","462","460"
"20101","342.536450564","ipcas_21:73:29","150","1","327","LIED21CTRL/LLN0$Status","1","1","0"
"20102","342.536822608","ipcas_21:73:29","147","1","327","LIED21PROT/LLN0$Alarm","1","",""
"20103","342.537764942","ipcas_21:73:29","204","1","327","LIED21MEAS/LLN0$Measurement","465","465","469"
"20154","343.574018795","ipcas_21:73:29","150","1","328","LIED21CTRL/LLN0$Status","1","1","0"
"20155","343.574766479","ipcas_21:73:29","147","1","328","LIED21PROT/LLN0$Alarm","1","",""
"20156","343.574772233","ipcas_21:73:29","204","1","328","LIED21MEAS/LLN0$Measurement","465","461","465"
"20208","344.617229916","ipcas_21:73:29","150","1","329","LIED21CTRL/LLN0$Status","1","1","0"
"20209","344.617237791","ipcas_21:73:29","147","1","329","LIED21PROT/LLN0$Alarm","1","",""
"20210","344.617239364","ipcas_21:73:29","204","1","329","LIED21MEAS/LLN0$Measurement","464","465","468"
"20264","345.635079266","ipcas_21:73:29","150","1","330","LIED21CTRL/LLN0$Status","1","1","0"
"20265","345.635080299","ipcas_21:73:29","147","1","330","LIED21PROT/LLN0$Alarm","1","",""
"20266","345.635080863","ipcas_21:73:29","204","1","330","LIED21MEAS/LLN0$Measurement","465","465","466"
"20318","346.647746167","ipcas_21:73:29","150","1","331","LIED21CTRL/LLN0$Status","1","1","0"
"20319","346.647748484","ipcas_21:73:29","147","1","331","LIED21PROT/LLN0$Alarm","1","",""
"20320","346.647749065","ipcas_21:73:29","204","1","331","LIED21MEAS/LLN0$Measurement","461","469","466"
"20372","347.687480920","ipcas_21:73:29","150","1","332","LIED21CTRL/LLN0$Status","1","1","0"
"20373","347.687487314","ipcas_21:73:29","147","1","332","LIED21PROT/LLN0$Alarm","1","",""
"20374","347.687488360","ipcas_21:73:29","204","1","332","LIED21MEAS/LLN0$Measurement","461","465","467"
"20425","348.709122080","ipcas_21:73:29","150","1","333","LIED21CTRL/LLN0$Status","1","1","0"
"20426","348.709126991","ipcas_21:73:29","147","1","333","LIED21PROT/LLN0$Alarm","1","",""
"20427","348.709128602","ipcas_21:73:29","204","1","333","LIED21MEAS/LLN0$Measurement","465","468","468"
"20479","349.769055025","ipcas_21:73:29","150","1","334","LIED21CTRL/LLN0$Status","1","1","0"
"20480","349.769059788","ipcas_21:73:29","147","1","334","LIED21PROT/LLN0$Alarm","1","",""
"20481","349.769060684","ipcas_21:73:29","204","1","334","LIED21MEAS/LLN0$Measurement","462","465","469"
"20534","350.809741511","ipcas_21:73:29","150","1","335","LIED21CTRL/LLN0$Status","1","1","0"
"20535","350.809742266","ipcas_21:73:29","147","1","335","LIED21PROT/LLN0$Alarm","1","",""
"20536","350.809743064","ipcas_21:73:29","204","1","335","LIED21MEAS/LLN0$Measurement","465","465","465"
"20588","351.838834911","ipcas_21:73:29","150","1","336","LIED21CTRL/LLN0$Status","1","1","0"
"20589","351.838839526","ipcas_21:73:29","147","1","336","LIED21PROT/LLN0$Alarm","1","",""
"20590","351.838840361","ipcas_21:73:29","204","1","336","LIED21MEAS/LLN0$Measurement","469","465","462"
"20644","352.863891250","ipcas_21:73:29","150","1","337","LIED21CTRL/LLN0$Status","1","1","0"
"20645","352.863896780","ipcas_21:73:29","147","1","337","LIED21PROT/LLN0$Alarm","1","",""
"20646","352.863898203","ipcas_21:73:29","204","1","337","LIED21MEAS/LLN0$Measurement","466","462","461"
"20700","353.912172486","ipcas_21:73:29","150","1","338","LIED21CTRL/LLN0$Status","1","1","0"
"20701","353.912173419","ipcas_21:73:29","147","1","338","LIED21PROT/LLN0$Alarm","1","",""
"20702","353.912174595","ipcas_21:73:29","204","1","338","LIED21MEAS/LLN0$Measurement","467","465","470"
"20753","354.937281383","ipcas_21:73:29","150","1","339","LIED21CTRL/LLN0$Status","1","1","0"
"20754","354.937584192","ipcas_21:73:29","147","1","339","LIED21PROT/LLN0$Alarm","1","",""
"20755","354.937589684","ipcas_21:73:29","204","1","339","LIED21MEAS/LLN0$Measurement","465","469","465"
"20807","355.985488958","ipcas_21:73:29","150","1","340","LIED21CTRL/LLN0$Status","1","1","0"
"20808","355.985494039","ipcas_21:73:29","147","1","340","LIED21PROT/LLN0$Alarm","1","",""
"20809","355.985495176","ipcas_21:73:29","204","1","340","LIED21MEAS/LLN0$Measurement","469","470","466"
"20860","357.019746259","ipcas_21:73:29","150","1","341","LIED21CTRL/LLN0$Status","1","1","0"
"20861","357.019752646","ipcas_21:73:29","147","1","341","LIED21PROT/LLN0$Alarm","1","",""
"20862","357.019754274","ipcas_21:73:29","204","1","341","LIED21MEAS/LLN0$Measurement","467","462","465"
"20914","358.047064128","ipcas_21:73:29","150","1","342","LIED21CTRL/LLN0$Status","1","1","0"
"20915","358.047297151","ipcas_21:73:29","147","1","342","LIED21PROT/LLN0$Alarm","1","",""
"20916","358.047300640","ipcas_21:73:29","204","1","342","LIED21MEAS/LLN0$Measurement","465","461","465"
"20968","359.073448319","ipcas_21:73:29","150","1","343","LIED21CTRL/LLN0$Status","1","1","0"
"20969","359.073454069","ipcas_21:73:29","147","1","343","LIED21PROT/LLN0$Alarm","1","",""
"20970","359.073455195","ipcas_21:73:29","204","1","343","LIED21MEAS/LLN0$Measurement","461","461","465"
"21022","360.118172382","ipcas_21:73:29","150","1","344","LIED21CTRL/LLN0$Status","1","1","0"
"21023","360.118175994","ipcas_21:73:29","147","1","344","LIED21PROT/LLN0$Alarm","1","",""
"21024","360.118176987","ipcas_21:73:29","204","1","344","LIED21MEAS/LLN0$Measurement","469","461","465"
"21076","361.140821900","ipcas_21:73:29","150","1","345","LIED21CTRL/LLN0$Status","1","1","0"
"21077","361.140827646","ipcas_21:73:29","147","1","345","LIED21PROT/LLN0$Alarm","1","",""
"21078","361.140829020","ipcas_21:73:29","204","1","345","LIED21MEAS/LLN0$Measurement","462","465","466"
"21129","362.165602940","ipcas_21:73:29","150","1","346","LIED21CTRL/LLN0$Status","1","1","0"
"21130","362.165606327","ipcas_21:73:29","147","1","346","LIED21PROT/LLN0$Alarm","1","",""
"21131","362.165607028","ipcas_21:73:29","204","1","346","LIED21MEAS/LLN0$Measurement","465","465","467"
"21182","363.190234186","ipcas_21:73:29","150","1","347","LIED21CTRL/LLN0$Status","1","1","0"
"21183","363.190241650","ipcas_21:73:29","147","1","347","LIED21PROT/LLN0$Alarm","1","",""
"21184","363.191095563","ipcas_21:73:29","204","1","347","LIED21MEAS/LLN0$Measurement","465","460","465"
"21236","364.231034282","ipcas_21:73:29","150","1","348","LIED21CTRL/LLN0$Status","1","1","0"
"21237","364.231040238","ipcas_21:73:29","147","1","348","LIED21PROT/LLN0$Alarm","1","",""
"21238","364.231041388","ipcas_21:73:29","204","1","348","LIED21MEAS/LLN0$Measurement","464","463","465"
"21291","365.266640954","ipcas_21:73:29","150","1","349","LIED21CTRL/LLN0$Status","1","1","0"
"21292","365.266643980","ipcas_21:73:29","147","1","349","LIED21PROT/LLN0$Alarm","1","",""
"21293","365.266644665","ipcas_21:73:29","204","1","349","LIED21MEAS/LLN0$Measurement","465","467","468"
"21356","366.312823599","ipcas_21:73:29","150","1","350","LIED21CTRL/LLN0$Status","1","1","0"
"21357","366.312832386","ipcas_21:73:29","147","1","350","LIED21PROT/LLN0$Alarm","1","",""
"21358","366.312951295","ipcas_21:73:29","204","1","350","LIED21MEAS/LLN0$Measurement","467","461","465"
"21415","367.360414793","ipcas_21:73:29","150","1","351","LIED21CTRL/LLN0$Status","1","1","0"
"21416","367.360415234","ipcas_21:73:29","147","1","351","LIED21PROT/LLN0$Alarm","1","",""
"21417","367.360415701","ipcas_21:73:29","204","1","351","LIED21MEAS/LLN0$Measurement","463","463","465"
"21468","368.418369462","ipcas_21:73:29","150","1","352","LIED21CTRL/LLN0$Status","1","1","0"
"21469","368.418370271","ipcas_21:73:29","147","1","352","LIED21PROT/LLN0$Alarm","1","",""
"21470","368.418371137","ipcas_21:73:29","204","1","352","LIED21MEAS/LLN0$Measurement","462","460","465"
"21521","369.464154130","ipcas_21:73:29","150","1","353","LIED21CTRL/LLN0$Status","1","1","0"
"21522","369.464155037","ipcas_21:73:29","147","1","353","LIED21PROT/LLN0$Alarm","1","",""
"21523","369.464156180","ipcas_21:73:29","204","1","353","LIED21MEAS/LLN0$Measurement","468","465","468"
"21551","370.473128307","ipcas_21:73:29","150","1","354","LIED21CTRL/LLN0$Status","1","1","0"
"21552","370.473131114","ipcas_21:73:29","147","1","354","LIED21PROT/LLN0$Alarm","1","",""
"21553","370.473131468","ipcas_21:73:29","204","1","354","LIED21MEAS/LLN0$Measurement","467","464","465"
"21627","371.995434470","ipcas_21:73:29","150","1","355","LIED21CTRL/LLN0$Status","1","1","0"
"21628","371.995437664","ipcas_21:73:29","147","1","355","LIED21PROT/LLN0$Alarm","1","",""
"21629","371.995438012","ipcas_21:73:29","204","1","355","LIED21MEAS/LLN0$Measurement","467","465","465"
"21680","373.048245020","ipcas_21:73:29","150","1","356","LIED21CTRL/LLN0$Status","1","1","0"
"21681","373.048252973","ipcas_21:73:29","147","1","356","LIED21PROT/LLN0$Alarm","1","",""
"21682","373.048253903","ipcas_21:73:29","204","1","356","LIED21MEAS/LLN0$Measurement","465","465","465"
"21733","374.057328621","ipcas_21:73:29","150","1","357","LIED21CTRL/LLN0$Status","1","1","0"
"21734","374.057332426","ipcas_21:73:29","147","1","357","LIED21PROT/LLN0$Alarm","1","",""
"21735","374.057332878","ipcas_21:73:29","204","1","357","LIED21MEAS/LLN0$Measurement","465","468","465"
"21786","375.072411458","ipcas_21:73:29","150","1","358","LIED21CTRL/LLN0$Status","1","1","0"
"21787","375.072414850","ipcas_21:73:29","147","1","358","LIED21PROT/LLN0$Alarm","1","",""
"21788","375.072585272","ipcas_21:73:29","204","1","358","LIED21MEAS/LLN0$Measurement","465","464","469"
"21819","376.103383832","ipcas_21:73:29","150","1","359","LIED21CTRL/LLN0$Status","1","1","0"
"21820","376.104839651","ipcas_21:73:29","147","1","359","LIED21PROT/LLN0$Alarm","1","",""
"21821","376.104844967","ipcas_21:73:29","204","1","359","LIED21MEAS/LLN0$Measurement","465","465","460"
"21869","377.341891476","ipcas_21:73:29","150","1","360","LIED21CTRL/LLN0$Status","1","1","0"
"21870","377.341895070","ipcas_21:73:29","147","1","360","LIED21PROT/LLN0$Alarm","1","",""
"21871","377.341896048","ipcas_21:73:29","204","1","360","LIED21MEAS/LLN0$Measurement","462","465","469"
"21922","378.369809483","ipcas_21:73:29","150","1","361","LIED21CTRL/LLN0$Status","1","1","0"
"21923","378.369815264","ipcas_21:73:29","147","1","361","LIED21PROT/LLN0$Alarm","1","",""
"21924","378.369816670","ipcas_21:73:29","204","1","361","LIED21MEAS/LLN0$Measurement","465","470","464"
"21975","379.407044029","ipcas_21:73:29","150","1","362","LIED21CTRL/LLN0$Status","1","1","0"
"21976","379.407047163","ipcas_21:73:29","147","1","362","LIED21PROT/LLN0$Alarm","1","",""
"21977","379.407047619","ipcas_21:73:29","204","1","362","LIED21MEAS/LLN0$Measurement","465","462","466"
"22028","380.450898192","ipcas_21:73:29","150","1","363","LIED21CTRL/LLN0$Status","1","1","0"
"22029","380.450903822","ipcas_21:73:29","147","1","363","LIED21PROT/LLN0$Alarm","1","",""
"22030","380.450905502","ipcas_21:73:29","204","1","363","LIED21MEAS/LLN0$Measurement","460","465","467"
"22081","381.478682116","ipcas_21:73:29","150","1","364","LIED21CTRL/LLN0$Status","1","1","0"
"22082","381.478687571","ipcas_21:73:29","147","1","364","LIED21PROT/LLN0$Alarm","1","",""
"22083","381.478688876","ipcas_21:73:29","204","1","364","LIED21MEAS/LLN0$Measurement","464","465","470"
"22157","383.188558975","ipcas_21:73:29","150","1","365","LIED21CTRL/LLN0$Status","1","1","0"
"22158","383.188565466","ipcas_21:73:29","147","1","365","LIED21PROT/LLN0$Alarm","1","",""
"22159","383.188566722","ipcas_21:73:29","204","1","365","LIED21MEAS/LLN0$Measurement","467","465","465"
"22210","384.238813509","ipcas_21:73:29","150","1","366","LIED21CTRL/LLN0$Status","1","1","0"
"22211","384.238981349","ipcas_21:73:29","147","1","366","LIED21PROT/LLN0$Alarm","1","",""
"22212","384.239628821","ipcas_21:73:29","204","1","366","LIED21MEAS/LLN0$Measurement","461","468","465"
"22263","385.277319535","ipcas_21:73:29","150","1","367","LIED21CTRL/LLN0$Status","1","1","0"
"22264","385.277325355","ipcas_21:73:29","147","1","367","LIED21PROT/LLN0$Alarm","1","",""
"22265","385.277326898","ipcas_21:73:29","204","1","367","LIED21MEAS/LLN0$Measurement","462","465","470"
"22316","386.308757572","ipcas_21:73:29","150","1","368","LIED21CTRL/LLN0$Status","1","1","0"
"22317","386.308763128","ipcas_21:73:29","147","1","368","LIED21PROT/LLN0$Alarm","1","",""
"22318","386.309016307","ipcas_21:73:29","204","1","368","LIED21MEAS/LLN0$Measurement","465","469","463"
"22369","387.334387022","ipcas_21:73:29","150","1","369","LIED21CTRL/LLN0$Status","1","1","0"
"22370","387.334390627","ipcas_21:73:29","147","1","369","LIED21PROT/LLN0$Alarm","1","",""
"22371","387.334391342","ipcas_21:73:29","204","1","369","LIED21MEAS/LLN0$Measurement","464","469","464"
"22422","388.378294369","ipcas_21:73:29","150","1","370","LIED21CTRL/LLN0$Status","1","1","0"
"22423","388.378298192","ipcas_21:73:29","147","1","370","LIED21PROT/LLN0$Alarm","1","",""
"22424","388.378298711","ipcas_21:73:29","204","1","370","LIED21MEAS/LLN0$Measurement","467","465","465"
"22475","389.397346983","ipcas_21:73:29","150","1","371","LIED21CTRL/LLN0$Status","1","1","0"
"22476","389.397501849","ipcas_21:73:29","147","1","371","LIED21PROT/LLN0$Alarm","1","",""
"22477","389.397655275","ipcas_21:73:29","204","1","371","LIED21MEAS/LLN0$Measurement","469","464","465"
"22528","391.345676423","ipcas_21:73:29","150","1","372","LIED21CTRL/LLN0$Status","1","1","0"
"22529","391.345683973","ipcas_21:73:29","147","1","372","LIED21PROT/LLN0$Alarm","1","",""
"22530","391.345685511","ipcas_21:73:29","204","1","372","LIED21MEAS/LLN0$Measurement","465","460","464"
"22581","392.368713993","ipcas_21:73:29","150","1","373","LIED21CTRL/LLN0$Status","1","1","0"
"22582","392.368719837","ipcas_21:73:29","147","1","373","LIED21PROT/LLN0$Alarm","1","",""
"22583","392.368720235","ipcas_21:73:29","204","1","373","LIED21MEAS/LLN0$Measurement","470","460","466"
"22726","397.475533493","ipcas_21:73:29","150","1","374","LIED21CTRL/LLN0$Status","1","1","0"
"22727","397.475973952","ipcas_21:73:29","147","1","374","LIED21PROT/LLN0$Alarm","1","",""
"22728","397.476337657","ipcas_21:73:29","204","1","374","LIED21MEAS/LLN0$Measurement","466","465","463"
"22779","398.532273035","ipcas_21:73:29","150","1","375","LIED21CTRL/LLN0$Status","1","1","0"
"22780","398.532279102","ipcas_21:73:29","147","1","375","LIED21PROT/LLN0$Alarm","1","",""
"22781","398.532280419","ipcas_21:73:29","204","1","375","LIED21MEAS/LLN0$Measurement","465","461","465"
"22832","399.566866909","ipcas_21:73:29","150","1","376","LIED21CTRL/LLN0$Status","1","1","0"
"22833","399.566872288","ipcas_21:73:29","147","1","376","LIED21PROT/LLN0$Alarm","1","",""
"22834","399.567641103","ipcas_21:73:29","204","1","376","LIED21MEAS/LLN0$Measurement","465","469","465"
"22885","400.597189087","ipcas_21:73:29","150","1","377","LIED21CTRL/LLN0$Status","1","1","0"
"22886","400.597194800","ipcas_21:73:29","147","1","377","LIED21PROT/LLN0$Alarm","1","",""
"22887","400.597196494","ipcas_21:73:29","204","1","377","LIED21MEAS/LLN0$Measurement","463","464","468"
"22938","401.645958265","ipcas_21:73:29","150","1","378","LIED21CTRL/LLN0$Status","1","1","0"
"22939","401.646979834","ipcas_21:73:29","147","1","378","LIED21PROT/LLN0$Alarm","1","",""
"22940","401.646985106","ipcas_21:73:29","204","1","378","LIED21MEAS/LLN0$Measurement","462","465","463"
"22991","402.701945395","ipcas_21:73:29","150","1","379","LIED21CTRL/LLN0$Status","1","1","0"
"22992","402.701945900","ipcas_21:73:29","147","1","379","LIED21PROT/LLN0$Alarm","1","",""
"22993","402.701946195","ipcas_21:73:29","204","1","379","LIED21MEAS/LLN0$Measurement","469","465","465"
"23021","403.716974894","ipcas_21:73:29","150","1","380","LIED21CTRL/LLN0$Status","1","1","0"
"23022","403.717702382","ipcas_21:73:29","147","1","380","LIED21PROT/LLN0$Alarm","1","",""
"23023","403.718280653","ipcas_21:73:29","204","1","380","LIED21MEAS/LLN0$Measurement","463","462","463"
"23074","404.758937930","ipcas_21:73:29","150","1","381","LIED21CTRL/LLN0$Status","1","1","0"
"23075","404.759309393","ipcas_21:73:29","147","1","381","LIED21PROT/LLN0$Alarm","1","",""
"23076","404.759482684","ipcas_21:73:29","204","1","381","LIED21MEAS/LLN0$Measurement","465","464","465"
"23127","405.813206348","ipcas_21:73:29","150","1","382","LIED21CTRL/LLN0$Status","1","1","0"
"23128","405.813210384","ipcas_21:73:29","147","1","382","LIED21PROT/LLN0$Alarm","1","",""
"23129","405.813211337","ipcas_21:73:29","204","1","382","LIED21MEAS/LLN0$Measurement","463","462","460"
"23180","406.840883932","ipcas_21:73:29","150","1","383","LIED21CTRL/LLN0$Status","1","1","0"
"23181","406.840884981","ipcas_21:73:29","147","1","383","LIED21PROT/LLN0$Alarm","1","",""
"23182","406.840885987","ipcas_21:73:29","204","1","383","LIED21MEAS/LLN0$Measurement","465","465","463"
"23233","407.870481405","ipcas_21:73:29","150","1","384","LIED21CTRL/LLN0$Status","1","1","0"
"23234","407.870484653","ipcas_21:73:29","147","1","384","LIED21PROT/LLN0$Alarm","1","",""
"23235","407.871730898","ipcas_21:73:29","204","1","384","LIED21MEAS/LLN0$Measurement","469","465","465"
"23286","408.926940402","ipcas_21:73:29","150","1","385","LIED21CTRL/LLN0$Status","1","1","0"
"23287","408.927071391","ipcas_21:73:29","147","1","385","LIED21PROT/LLN0$Alarm","1","",""
"23288","408.927171744","ipcas_21:73:29","204","1","385","LIED21MEAS/LLN0$Measurement","465","464","469"
"23339","409.957986320","ipcas_21:73:29","150","1","386","LIED21CTRL/LLN0$Status","1","1","0"
"23340","409.958292626","ipcas_21:73:29","147","1","386","LIED21PROT/LLN0$Alarm","1","",""
"23341","409.958542837","ipcas_21:73:29","204","1","386","LIED21MEAS/LLN0$Measurement","465","465","462"
"23392","411.002505913","ipcas_21:73:29","150","1","387","LIED21CTRL/LLN0$Status","1","1","0"
"23393","411.002509287","ipcas_21:73:29","147","1","387","LIED21PROT/LLN0$Alarm","1","",""
"23394","411.002510039","ipcas_21:73:29","204","1","387","LIED21MEAS/LLN0$Measurement","465","468","460"
"23445","412.049912654","ipcas_21:73:29","150","1","388","LIED21CTRL/LLN0$Status","1","1","0"
"23446","412.049913808","ipcas_21:73:29","147","1","388","LIED21PROT/LLN0$Alarm","1","",""
"23447","412.049914957","ipcas_21:73:29","204","1","388","LIED21MEAS/LLN0$Measurement","465","463","469"
"23498","413.073050897","ipcas_21:73:29","150","1","389","LIED21CTRL/LLN0$Status","1","1","0"
"23499","413.073056048","ipcas_21:73:29","147","1","389","LIED21PROT/LLN0$Alarm","1","",""
"23500","413.073056821","ipcas_21:73:29","204","1","389","LIED21MEAS/LLN0$Measurement","465","465","465"
"23551","414.127589193","ipcas_21:73:29","150","1","390","LIED21CTRL/LLN0$Status","1","1","0"
"23552","414.127589560","ipcas_21:73:29","147","1","390","LIED21PROT/LLN0$Alarm","1","",""
"23553","414.127590083","ipcas_21:73:29","204","1","390","LIED21MEAS/LLN0$Measurement","465","468","467"
"23604","415.148323048","ipcas_21:73:29","150","1","391","LIED21CTRL/LLN0$Status","1","1","0"
"23605","415.149245338","ipcas_21:73:29","147","1","391","LIED21PROT/LLN0$Alarm","1","",""
"23606","415.149249114","ipcas_21:73:29","204","1","391","LIED21MEAS/LLN0$Measurement","465","465","470"
"23657","416.187862278","ipcas_21:73:29","150","1","392","LIED21CTRL/LLN0$Status","1","1","0"
"23658","416.188095875","ipcas_21:73:29","147","1","392","LIED21PROT/LLN0$Alarm","1","",""
"23659","416.188099026","ipcas_21:73:29","204","1","392","LIED21MEAS/LLN0$Measurement","465","467","463"
"23710","417.227334694","ipcas_21:73:29","150","1","393","LIED21CTRL/LLN0$Status","1","1","0"
"23711","417.227335122","ipcas_21:73:29","147","1","393","LIED21PROT/LLN0$Alarm","1","",""
"23712","417.227336060","ipcas_21:73:29","204","1","393","LIED21MEAS/LLN0$Measurement","465","467","465"
"23763","418.253098461","ipcas_21:73:29","150","1","394","LIED21CTRL/LLN0$Status","1","1","0"
"23764","418.254071187","ipcas_21:73:29","147","1","394","LIED21PROT/LLN0$Alarm","1","",""
"23765","418.254448512","ipcas_21:73:29","204","1","394","LIED21MEAS/LLN0$Measurement","462","464","468"
"23816","419.275533145","ipcas_21:73:29","150","1","395","LIED21CTRL/LLN0$Status","1","1","0"
"23817","419.275533588","ipcas_21:73:29","147","1","395","LIED21PROT/LLN0$Alarm","1","",""
"23818","419.275534607","ipcas_21:73:29","204","1","395","LIED21MEAS/LLN0$Measurement","463","469","469"
"23869","420.328446317","ipcas_21:73:29","150","1","396","LIED21CTRL/LLN0$Status","1","1","0"
"23870","420.328597490","ipcas_21:73:29","147","1","396","LIED21PROT/LLN0$Alarm","1","",""
"23871","420.328745559","ipcas_21:73:29","204","1","396","LIED21MEAS/LLN0$Measurement","468","468","465"
"23922","421.348080906","ipcas_21:73:29","150","1","397","LIED21CTRL/LLN0$Status","1","1","0"
"23923","421.348083669","ipcas_21:73:29","147","1","397","LIED21PROT/LLN0$Alarm","1","",""
"23924","421.348084469","ipcas_21:73:29","204","1","397","LIED21MEAS/LLN0$Measurement","465","465","469"
"23975","422.389522817","ipcas_21:73:29","150","1","398","LIED21CTRL/LLN0$Status","1","1","0"
"23976","422.389523259","ipcas_21:73:29","147","1","398","LIED21PROT/LLN0$Alarm","1","",""
"23977","422.389523749","ipcas_21:73:29","204","1","398","LIED21MEAS/LLN0$Measurement","468","463","462"
"24028","423.385621107","ipcas_21:73:29","150","1","399","LIED21CTRL/LLN0$Status","1","1","0"
"24029","423.385624227","ipcas_21:73:29","147","1","399","LIED21PROT/LLN0$Alarm","1","",""
"24030","423.385625068","ipcas_21:73:29","204","1","399","LIED21MEAS/LLN0$Measurement","466","467","465"
"24081","424.417452521","ipcas_21:73:29","150","1","400","LIED21CTRL/LLN0$Status","1","1","0"
"24082","424.418601566","ipcas_21:73:29","147","1","400","LIED21PROT/LLN0$Alarm","1","",""
"24083","424.418921327","ipcas_21:73:29","204","1","400","LIED21MEAS/LLN0$Measurement","468","467","468"
"24134","425.522855231","ipcas_21:73:29","150","1","401","LIED21CTRL/LLN0$Status","1","1","0"
"24135","425.522859074","ipcas_21:73:29","147","1","401","LIED21PROT/LLN0$Alarm","1","",""
"24136","425.523088061","ipcas_21:73:29","204","1","401","LIED21MEAS/LLN0$Measurement","467","465","462"
"24187","426.551976361","ipcas_21:73:29","150","1","402","LIED21CTRL/LLN0$Status","1","1","0"
"24188","426.551982749","ipcas_21:73:29","147","1","402","LIED21PROT/LLN0$Alarm","1","",""
"24189","426.552471668","ipcas_21:73:29","204","1","402","LIED21MEAS/LLN0$Measurement","466","463","468"
"24240","427.585176073","ipcas_21:73:29","150","1","403","LIED21CTRL/LLN0$Status","1","1","0"
"24241","427.585622335","ipcas_21:73:29","147","1","403","LIED21PROT/LLN0$Alarm","1","",""
"24242","427.586041012","ipcas_21:73:29","204","1","403","LIED21MEAS/LLN0$Measurement","465","465","464"
"24293","428.640551388","ipcas_21:73:29","150","1","404","LIED21CTRL/LLN0$Status","1","1","0"
"24294","428.640826926","ipcas_21:73:29","147","1","404","LIED21PROT/LLN0$Alarm","1","",""
"24295","428.641474084","ipcas_21:73:29","204","1","404","LIED21MEAS/LLN0$Measurement","464","465","465"
"24346","429.670208969","ipcas_21:73:29","150","1","405","LIED21CTRL/LLN0$Status","1","1","0"
"24347","429.670799067","ipcas_21:73:29","147","1","405","LIED21PROT/LLN0$Alarm","1","",""
"24348","429.671090613","ipcas_21:73:29","204","1","405","LIED21MEAS/LLN0$Measurement","467","461","467"
"24399","430.715909039","ipcas_21:73:29","150","1","406","LIED21CTRL/LLN0$Status","1","1","0"
"24400","430.716312956","ipcas_21:73:29","147","1","406","LIED21PROT/LLN0$Alarm","1","",""
"24401","430.716806784","ipcas_21:73:29","204","1","406","LIED21MEAS/LLN0$Measurement","464","465","465"
"24452","431.747571924","ipcas_21:73:29","150","1","407","LIED21CTRL/LLN0$Status","1","1","0"
"24453","431.747577587","ipcas_21:73:29","147","1","407","LIED21PROT/LLN0$Alarm","1","",""
"24454","431.747578823","ipcas_21:73:29","204","1","407","LIED21MEAS/LLN0$Measurement","470","470","462"
"24505","432.769659491","ipcas_21:73:29","150","1","408","LIED21CTRL/LLN0$Status","1","1","0"
"24506","432.769662855","ipcas_21:73:29","147","1","408","LIED21PROT/LLN0$Alarm","1","",""
"24507","432.769663724","ipcas_21:73:29","204","1","408","LIED21MEAS/LLN0$Measurement","464","465","465"
"24558","433.821303626","ipcas_21:73:29","150","1","409","LIED21CTRL/LLN0$Status","1","1","0"
"24559","433.821304139","ipcas_21:73:29","147","1","409","LIED21PROT/LLN0$Alarm","1","",""
"24560","433.821304798","ipcas_21:73:29","204","1","409","LIED21MEAS/LLN0$Measurement","467","469","470"
"24611","434.815097752","ipcas_21:73:29","150","1","410","LIED21CTRL/LLN0$Status","1","1","0"
"24612","434.815103919","ipcas_21:73:29","147","1","410","LIED21PROT/LLN0$Alarm","1","",""
"24613","434.815105863","ipcas_21:73:29","204","1","410","LIED21MEAS/LLN0$Measurement","467","467","462"
"24664","435.844909676","ipcas_21:73:29","150","1","411","LIED21CTRL/LLN0$Status","1","1","0"
"24665","435.844916041","ipcas_21:73:29","147","1","411","LIED21PROT/LLN0$Alarm","1","",""
"24666","435.844916564","ipcas_21:73:29","204","1","411","LIED21MEAS/LLN0$Measurement","469","465","467"
"24717","436.868638762","ipcas_21:73:29","150","1","412","LIED21CTRL/LLN0$Status","1","1","0"
"24718","436.868646436","ipcas_21:73:29","147","1","412","LIED21PROT/LLN0$Alarm","1","",""
"24719","436.869065418","ipcas_21:73:29","204","1","412","LIED21MEAS/LLN0$Measurement","465","465","466"
"24770","437.948155653","ipcas_21:73:29","150","1","413","LIED21CTRL/LLN0$Status","1","1","0"
"24771","437.948155919","ipcas_21:73:29","147","1","413","LIED21PROT/LLN0$Alarm","1","",""
"24772","437.948156474","ipcas_21:73:29","204","1","413","LIED21MEAS/LLN0$Measurement","468","465","463"
"24823","438.977265520","ipcas_21:73:29","150","1","414","LIED21CTRL/LLN0$Status","1","1","0"
"24824","438.977271647","ipcas_21:73:29","147","1","414","LIED21PROT/LLN0$Alarm","1","",""
"24825","438.977273257","ipcas_21:73:29","204","1","414","LIED21MEAS/LLN0$Measurement","465","465","468"
"24876","440.011720665","ipcas_21:73:29","150","1","415","LIED21CTRL/LLN0$Status","1","1","0"
"24877","440.011729316","ipcas_21:73:29","147","1","415","LIED21PROT/LLN0$Alarm","1","",""
"24878","440.011730390","ipcas_21:73:29","204","1","415","LIED21MEAS/LLN0$Measurement","465","470","466"
"24929","441.054927507","ipcas_21:73:29","150","1","416","LIED21CTRL/LLN0$Status","1","1","0"
"24930","441.054937242","ipcas_21:73:29","147","1","416","LIED21PROT/LLN0$Alarm","1","",""
"24931","441.054939023","ipcas_21:73:29","204","1","416","LIED21MEAS/LLN0$Measurement","467","462","465"
"24991","442.112822170","ipcas_21:73:29","150","1","417","LIED21CTRL/LLN0$Status","1","1","0"
"24992","442.112823242","ipcas_21:73:29","147","1","417","LIED21PROT/LLN0$Alarm","1","",""
"24993","442.112823858","ipcas_21:73:29","204","1","417","LIED21MEAS/LLN0$Measurement","466","467","469"
"25038","443.137695021","ipcas_21:73:29","150","1","418","LIED21CTRL/LLN0$Status","1","1","0"
"25039","443.137695839","ipcas_21:73:29","147","1","418","LIED21PROT/LLN0$Alarm","1","",""
"25040","443.137696592","ipcas_21:73:29","204","1","418","LIED21MEAS/LLN0$Measurement","469","465","465"
"25088","444.139788156","ipcas_21:73:29","150","1","419","LIED21CTRL/LLN0$Status","1","1","0"
"25089","444.139794777","ipcas_21:73:29","147","1","419","LIED21PROT/LLN0$Alarm","1","",""
"25090","444.139796374","ipcas_21:73:29","204","1","419","LIED21MEAS/LLN0$Measurement","465","465","468"
"25141","445.166894773","ipcas_21:73:29","150","1","420","LIED21CTRL/LLN0$Status","1","1","0"
"25142","445.166899467","ipcas_21:73:29","147","1","420","LIED21PROT/LLN0$Alarm","1","",""
"25143","445.166900039","ipcas_21:73:29","204","1","420","LIED21MEAS/LLN0$Measurement","465","464","468"
"25194","446.227894439","ipcas_21:73:29","150","1","421","LIED21CTRL/LLN0$Status","1","1","0"
"25195","446.227894729","ipcas_21:73:29","147","1","421","LIED21PROT/LLN0$Alarm","1","",""
"25197","446.227895771","ipcas_21:73:29","204","1","421","LIED21MEAS/LLN0$Measurement","468","465","467"
"25270","447.272256445","ipcas_21:73:29","150","1","422","LIED21CTRL/LLN0$Status","1","1","0"
"25271","447.272426124","ipcas_21:73:29","147","1","422","LIED21PROT/LLN0$Alarm","1","",""
"25272","447.273034406","ipcas_21:73:29","204","1","422","LIED21MEAS/LLN0$Measurement","461","470","470"
"25323","448.295576138","ipcas_21:73:29","150","1","423","LIED21CTRL/LLN0$Status","1","1","0"
"25324","448.295582674","ipcas_21:73:29","147","1","423","LIED21PROT/LLN0$Alarm","1","",""
"25325","448.295583294","ipcas_21:73:29","204","1","423","LIED21MEAS/LLN0$Measurement","461","468","465"
"25371","449.316734105","ipcas_21:73:29","150","1","424","LIED21CTRL/LLN0$Status","1","1","0"
"25372","449.316734547","ipcas_21:73:29","147","1","424","LIED21PROT/LLN0$Alarm","1","",""
"25373","449.316735042","ipcas_21:73:29","204","1","424","LIED21MEAS/LLN0$Measurement","468","462","463"
"25412","450.331045122","ipcas_21:73:29","150","1","425","LIED21CTRL/LLN0$Status","1","1","0"
"25413","450.331051677","ipcas_21:73:29","147","1","425","LIED21PROT/LLN0$Alarm","1","",""
"25414","450.331151199","ipcas_21:73:29","204","1","425","LIED21MEAS/LLN0$Measurement","460","465","463"
"25462","451.381230825","ipcas_21:73:29","150","1","426","LIED21CTRL/LLN0$Status","1","1","0"
"25463","451.381231301","ipcas_21:73:29","147","1","426","LIED21PROT/LLN0$Alarm","1","",""
"25464","451.381231596","ipcas_21:73:29","204","1","426","LIED21MEAS/LLN0$Measurement","467","465","461"
"25512","452.459963540","ipcas_21:73:29","150","1","427","LIED21CTRL/LLN0$Status","1","1","0"
"25513","452.459963901","ipcas_21:73:29","147","1","427","LIED21PROT/LLN0$Alarm","1","",""
"25514","452.459964394","ipcas_21:73:29","204","1","427","LIED21MEAS/LLN0$Measurement","465","461","466"
"25588","453.472283876","ipcas_21:73:29","150","1","428","LIED21CTRL/LLN0$Status","1","1","0"
"25589","453.472287894","ipcas_21:73:29","147","1","428","LIED21PROT/LLN0$Alarm","1","",""
"25590","453.472288970","ipcas_21:73:29","204","1","428","LIED21MEAS/LLN0$Measurement","465","463","465"
"25641","454.505079872","ipcas_21:73:29","150","1","429","LIED21CTRL/LLN0$Status","1","1","0"
"25642","454.505080463","ipcas_21:73:29","147","1","429","LIED21PROT/LLN0$Alarm","1","",""
"25643","454.505081426","ipcas_21:73:29","204","1","429","LIED21MEAS/LLN0$Measurement","465","469","465"
"25694","455.533217768","ipcas_21:73:29","150","1","430","LIED21CTRL/LLN0$Status","1","1","0"
"25695","455.533221749","ipcas_21:73:29","147","1","430","LIED21PROT/LLN0$Alarm","1","",""
"25696","455.533222470","ipcas_21:73:29","204","1","430","LIED21MEAS/LLN0$Measurement","465","466","465"
"25730","456.554653395","ipcas_21:73:29","150","1","431","LIED21CTRL/LLN0$Status","1","1","0"
"25731","456.554654481","ipcas_21:73:29","147","1","431","LIED21PROT/LLN0$Alarm","1","",""
"25732","456.554655266","ipcas_21:73:29","204","1","431","LIED21MEAS/LLN0$Measurement","465","465","461"
"25777","457.578189950","ipcas_21:73:29","150","1","432","LIED21CTRL/LLN0$Status","1","1","0"
"25778","457.578198189","ipcas_21:73:29","147","1","432","LIED21PROT/LLN0$Alarm","1","",""
"25779","457.578199626","ipcas_21:73:29","204","1","432","LIED21MEAS/LLN0$Measurement","467","465","465"
"25830","458.608369846","ipcas_21:73:29","150","1","433","LIED21CTRL/LLN0$Status","1","1","0"
"25831","458.608370240","ipcas_21:73:29","147","1","433","LIED21PROT/LLN0$Alarm","1","",""
"25832","458.608370954","ipcas_21:73:29","204","1","433","LIED21MEAS/LLN0$Measurement","469","465","465"
"25883","459.630761660","ipcas_21:73:29","150","1","434","LIED21CTRL/LLN0$Status","1","1","0"
"25884","459.630767771","ipcas_21:73:29","147","1","434","LIED21PROT/LLN0$Alarm","1","",""
"25885","459.630769020","ipcas_21:73:29","204","1","434","LIED21MEAS/LLN0$Measurement","464","468","463"
"25936","460.683883071","ipcas_21:73:29","150","1","435","LIED21CTRL/LLN0$Status","1","1","0"
"25937","460.683883819","ipcas_21:73:29","147","1","435","LIED21PROT/LLN0$Alarm","1","",""
"25938","460.683884620","ipcas_21:73:29","204","1","435","LIED21MEAS/LLN0$Measurement","468","465","467"
"25995","461.704704127","ipcas_21:73:29","150","1","436","LIED21CTRL/LLN0$Status","1","1","0"
"25996","461.704705083","ipcas_21:73:29","147","1","436","LIED21PROT/LLN0$Alarm","1","",""
"25997","461.704706179","ipcas_21:73:29","204","1","436","LIED21MEAS/LLN0$Measurement","470","465","468"
"26050","462.746836082","ipcas_21:73:29","150","1","437","LIED21CTRL/LLN0$Status","1","1","0"
"26051","462.746836391","ipcas_21:73:29","147","1","437","LIED21PROT/LLN0$Alarm","1","",""
"26052","462.746837101","ipcas_21:73:29","204","1","437","LIED21MEAS/LLN0$Measurement","468","462","470"
"26118","463.767932853","ipcas_21:73:29","150","1","438","LIED21CTRL/LLN0$Status","1","1","0"
"26119","463.767938316","ipcas_21:73:29","147","1","438","LIED21PROT/LLN0$Alarm","1","",""
"26120","463.767939332","ipcas_21:73:29","204","1","438","LIED21MEAS/LLN0$Measurement","470","461","467"
"26157","464.797131174","ipcas_21:73:29","150","1","439","LIED21CTRL/LLN0$Status","1","1","0"
"26158","464.797132933","ipcas_21:73:29","147","1","439","LIED21PROT/LLN0$Alarm","1","",""
"26159","464.797133677","ipcas_21:73:29","204","1","439","LIED21MEAS/LLN0$Measurement","465","462","460"
"26201","465.812566494","ipcas_21:73:29","150","1","440","LIED21CTRL/LLN0$Status","1","1","0"
"26202","465.812567322","ipcas_21:73:29","147","1","440","LIED21PROT/LLN0$Alarm","1","",""
"26203","465.812568188","ipcas_21:73:29","204","1","440","LIED21MEAS/LLN0$Measurement","461","464","464"
"26263","466.862904543","ipcas_21:73:29","150","1","441","LIED21CTRL/LLN0$Status","1","1","0"
"26264","466.862904941","ipcas_21:73:29","147","1","441","LIED21PROT/LLN0$Alarm","1","",""
"26265","466.862905343","ipcas_21:73:29","204","1","441","LIED21MEAS/LLN0$Measurement","470","461","465"
"26307","467.905108592","ipcas_21:73:29","150","1","442","LIED21CTRL/LLN0$Status","1","1","0"
"26308","467.905109232","ipcas_21:73:29","147","1","442","LIED21PROT/LLN0$Alarm","1","",""
"26309","467.905109649","ipcas_21:73:29","204","1","442","LIED21MEAS/LLN0$Measurement","465","462","467"
"26360","468.909194840","ipcas_21:73:29","150","1","443","LIED21CTRL/LLN0$Status","1","1","0"
"26361","468.909198630","ipcas_21:73:29","147","1","443","LIED21PROT/LLN0$Alarm","1","",""
"26362","468.909199350","ipcas_21:73:29","204","1","443","LIED21MEAS/LLN0$Measurement","464","465","464"
"26413","469.922253806","ipcas_21:73:29","150","1","444","LIED21CTRL/LLN0$Status","1","1","0"
"26414","469.922256988","ipcas_21:73:29","147","1","444","LIED21PROT/LLN0$Alarm","1","",""
"26415","469.922257979","ipcas_21:73:29","204","1","444","LIED21MEAS/LLN0$Measurement","470","465","465"
"26466","470.946049396","ipcas_21:73:29","150","1","445","LIED21CTRL/LLN0$Status","1","1","0"
"26467","470.946052836","ipcas_21:73:29","147","1","445","LIED21PROT/LLN0$Alarm","1","",""
"26468","470.946053608","ipcas_21:73:29","204","1","445","LIED21MEAS/LLN0$Measurement","461","468","465"
"26519","471.967971346","ipcas_21:73:29","150","1","446","LIED21CTRL/LLN0$Status","1","1","0"
"26520","471.967978349","ipcas_21:73:29","147","1","446","LIED21PROT/LLN0$Alarm","1","",""
"26521","471.967980129","ipcas_21:73:29","204","1","446","LIED21MEAS/LLN0$Measurement","462","469","465"
"26572","472.989899744","ipcas_21:73:29","150","1","447","LIED21CTRL/LLN0$Status","1","1","0"
"26573","472.989902166","ipcas_21:73:29","147","1","447","LIED21PROT/LLN0$Alarm","1","",""
"26574","472.989902621","ipcas_21:73:29","204","1","447","LIED21MEAS/LLN0$Measurement","465","461","465"
"26625","474.011501221","ipcas_21:73:29","150","1","448","LIED21CTRL/LLN0$Status","1","1","0"
"26626","474.011589591","ipcas_21:73:29","147","1","448","LIED21PROT/LLN0$Alarm","1","",""
"26627","474.011660364","ipcas_21:73:29","204","1","448","LIED21MEAS/LLN0$Measurement","465","465","468"
"26701","475.079541658","ipcas_21:73:29","150","1","449","LIED21CTRL/LLN0$Status","1","1","0"
"26702","475.079584355","ipcas_21:73:29","147","1","449","LIED21PROT/LLN0$Alarm","1","",""
"26703","475.079587454","ipcas_21:73:29","204","1","449","LIED21MEAS/LLN0$Measurement","465","465","464"
"26754","476.118384846","ipcas_21:73:29","150","1","450","LIED21CTRL/LLN0$Status","1","1","0"
"26755","476.118385496","ipcas_21:73:29","147","1","450","LIED21PROT/LLN0$Alarm","1","",""
"26756","476.118385905","ipcas_21:73:29","204","1","450","LIED21MEAS/LLN0$Measurement","462","465","464"
"26807","477.124406824","ipcas_21:73:29","150","1","451","LIED21CTRL/LLN0$Status","1","1","0"
"26808","477.125178443","ipcas_21:73:29","147","1","451","LIED21PROT/LLN0$Alarm","1","",""
"26809","477.125181562","ipcas_21:73:29","204","1","451","LIED21MEAS/LLN0$Measurement","463","468","466"
"26860","478.153959217","ipcas_21:73:29","150","1","452","LIED21CTRL/LLN0$Status","1","1","0"
"26861","478.153959672","ipcas_21:73:29","147","1","452","LIED21PROT/LLN0$Alarm","1","",""
"26862","478.153960052","ipcas_21:73:29","204","1","452","LIED21MEAS/LLN0$Measurement","468","465","465"
"26913","479.170774220","ipcas_21:73:29","150","1","453","LIED21CTRL/LLN0$Status","1","1","0"
"26914","479.173108480","ipcas_21:73:29","147","1","453","LIED21PROT/LLN0$Alarm","1","",""
"26915","479.173115102","ipcas_21:73:29","204","1","453","LIED21MEAS/LLN0$Measurement","462","469","460"
"26966","480.192151335","ipcas_21:73:29","150","1","454","LIED21CTRL/LLN0$Status","1","1","0"
"26967","480.192156851","ipcas_21:73:29","147","1","454","LIED21PROT/LLN0$Alarm","1","",""
"26968","480.192157649","ipcas_21:73:29","204","1","454","LIED21MEAS/LLN0$Measurement","465","470","467"
"27017","481.213233217","ipcas_21:73:29","150","1","455","LIED21CTRL/LLN0$Status","1","1","0"
"27018","481.213242786","ipcas_21:73:29","147","1","455","LIED21PROT/LLN0$Alarm","1","",""
"27019","481.213244119","ipcas_21:73:29","204","1","455","LIED21MEAS/LLN0$Measurement","462","463","468"
"27055","482.246908404","ipcas_21:73:29","150","1","456","LIED21CTRL/LLN0$Status","1","1","0"
"27056","482.246908933","ipcas_21:73:29","147","1","456","LIED21PROT/LLN0$Alarm","1","",""
"27057","482.246909675","ipcas_21:73:29","204","1","456","LIED21MEAS/LLN0$Measurement","463","464","465"
"27102","483.255114296","ipcas_21:73:29","150","1","457","LIED21CTRL/LLN0$Status","1","1","0"
"27103","483.255785594","ipcas_21:73:29","147","1","457","LIED21PROT/LLN0$Alarm","1","",""
"27104","483.256240833","ipcas_21:73:29","204","1","457","LIED21MEAS/LLN0$Measurement","465","465","464"
"27178","484.315176360","ipcas_21:73:29","150","1","458","LIED21CTRL/LLN0$Status","1","1","0"
"27179","484.315183994","ipcas_21:73:29","147","1","458","LIED21PROT/LLN0$Alarm","1","",""
"27180","484.315184929","ipcas_21:73:29","204","1","458","LIED21MEAS/LLN0$Measurement","465","463","462"
"27223","485.341605187","ipcas_21:73:29","150","1","459","LIED21CTRL/LLN0$Status","1","1","0"
"27224","485.341695946","ipcas_21:73:29","147","1","459","LIED21PROT/LLN0$Alarm","1","",""
"27227","485.341703122","ipcas_21:73:29","204","1","459","LIED21MEAS/LLN0$Measurement","466","465","463"
"27279","486.362933802","ipcas_21:73:29","150","1","460","LIED21CTRL/LLN0$Status","1","1","0"
"27280","486.362934113","ipcas_21:73:29","147","1","460","LIED21PROT/LLN0$Alarm","1","",""
"27281","486.362934710","ipcas_21:73:29","204","1","460","LIED21MEAS/LLN0$Measurement","462","463","465"
"27332","487.413135258","ipcas_21:73:29","150","1","461","LIED21CTRL/LLN0$Status","1","1","0"
"27333","487.413135848","ipcas_21:73:29","147","1","461","LIED21PROT/LLN0$Alarm","1","",""
"27334","487.413137059","ipcas_21:73:29","204","1","461","LIED21MEAS/LLN0$Measurement","461","465","468"
"27382","488.457966001","ipcas_21:73:29","150","1","462","LIED21CTRL/LLN0$Status","1","1","0"
"27383","488.458028146","ipcas_21:73:29","147","1","462","LIED21PROT/LLN0$Alarm","1","",""
"27384","488.458243281","ipcas_21:73:29","204","1","462","LIED21MEAS/LLN0$Measurement","467","466","460"
"27443","489.512780826","ipcas_21:73:29","150","1","463","LIED21CTRL/LLN0$Status","1","1","0"
"27444","489.512787386","ipcas_21:73:29","147","1","463","LIED21PROT/LLN0$Alarm","1","",""
"27445","489.512787757","ipcas_21:73:29","204","1","463","LIED21MEAS/LLN0$Measurement","469","466","469"
"27496","490.531519413","ipcas_21:73:29","150","1","464","LIED21CTRL/LLN0$Status","1","1","0"
"27497","490.531878516","ipcas_21:73:29","147","1","464","LIED21PROT/LLN0$Alarm","1","",""
"27498","490.531883978","ipcas_21:73:29","204","1","464","LIED21MEAS/LLN0$Measurement","466","465","465"
"27547","491.553316798","ipcas_21:73:29","150","1","465","LIED21CTRL/LLN0$Status","1","1","0"
"27548","491.553321520","ipcas_21:73:29","147","1","465","LIED21PROT/LLN0$Alarm","1","",""
"27549","491.553322605","ipcas_21:73:29","204","1","465","LIED21MEAS/LLN0$Measurement","467","460","465"
"27602","492.597675368","ipcas_21:73:29","150","1","466","LIED21CTRL/LLN0$Status","1","1","0"
"27603","492.597676226","ipcas_21:73:29","147","1","466","LIED21PROT/LLN0$Alarm","1","",""
"27604","492.597676687","ipcas_21:73:29","204","1","466","LIED21MEAS/LLN0$Measurement","465","462","469"
"27655","493.641012127","ipcas_21:73:29","150","1","467","LIED21CTRL/LLN0$Status","1","1","0"
"27656","493.641015781","ipcas_21:73:29","147","1","467","LIED21PROT/LLN0$Alarm","1","",""
"27657","493.641016149","ipcas_21:73:29","204","1","467","LIED21MEAS/LLN0$Measurement","467","465","465"
"27708","494.676649484","ipcas_21:73:29","150","1","468","LIED21CTRL/LLN0$Status","1","1","0"
"27709","494.676653875","ipcas_21:73:29","147","1","468","LIED21PROT/LLN0$Alarm","1","",""
"27710","494.677167068","ipcas_21:73:29","204","1","468","LIED21MEAS/LLN0$Measurement","465","467","464"
"27761","495.716741597","ipcas_21:73:29","150","1","469","LIED21CTRL/LLN0$Status","1","1","0"
"27762","495.716866292","ipcas_21:73:29","147","1","469","LIED21PROT/LLN0$Alarm","1","",""
"27763","495.717133842","ipcas_21:73:29","204","1","469","LIED21MEAS/LLN0$Measurement","461","466","465"
"27814","496.736806550","ipcas_21:73:29","150","1","470","LIED21CTRL/LLN0$Status","1","1","0"
"27815","496.736810934","ipcas_21:73:29","147","1","470","LIED21PROT/LLN0$Alarm","1","",""
"27816","496.737089021","ipcas_21:73:29","204","1","470","LIED21MEAS/LLN0$Measurement","466","468","465"
"27867","497.757194048","ipcas_21:73:29","150","1","471","LIED21CTRL/LLN0$Status","1","1","0"
"27868","497.757411744","ipcas_21:73:29","147","1","471","LIED21PROT/LLN0$Alarm","1","",""
"27869","497.757654691","ipcas_21:73:29","204","1","471","LIED21MEAS/LLN0$Measurement","465","463","469"
"27920","498.802437343","ipcas_21:73:29","150","1","472","LIED21CTRL/LLN0$Status","1","1","0"
"27921","498.802440968","ipcas_21:73:29","147","1","472","LIED21PROT/LLN0$Alarm","1","",""
"27922","498.802442044","ipcas_21:73:29","204","1","472","LIED21MEAS/LLN0$Measurement","465","465","465"
"27973","499.818123359","ipcas_21:73:29","150","1","473","LIED21CTRL/LLN0$Status","1","1","0"
"27974","499.818126449","ipcas_21:73:29","147","1","473","LIED21PROT/LLN0$Alarm","1","",""
"27975","499.818369528","ipcas_21:73:29","204","1","473","LIED21MEAS/LLN0$Measurement","467","465","466"
"28026","500.835528934","ipcas_21:73:29","150","1","474","LIED21CTRL/LLN0$Status","1","1","0"
"28027","500.835532701","ipcas_21:73:29","147","1","474","LIED21PROT/LLN0$Alarm","1","",""
"28028","500.835533651","ipcas_21:73:29","204","1","474","LIED21MEAS/LLN0$Measurement","470","465","469"
"28079","501.856066883","ipcas_21:73:29","150","1","475","LIED21CTRL/LLN0$Status","1","1","0"
"28080","501.856071387","ipcas_21:73:29","147","1","475","LIED21PROT/LLN0$Alarm","1","",""
"28081","501.856072553","ipcas_21:73:29","204","1","475","LIED21MEAS/LLN0$Measurement","465","468","465"
"28132","502.895244774","ipcas_21:73:29","150","1","476","LIED21CTRL/LLN0$Status","1","1","0"
"28133","502.895249286","ipcas_21:73:29","147","1","476","LIED21PROT/LLN0$Alarm","1","",""
"28134","502.895250797","ipcas_21:73:29","204","1","476","LIED21MEAS/LLN0$Measurement","467","465","461"
"28185","503.911826961","ipcas_21:73:29","150","1","477","LIED21CTRL/LLN0$Status","1","1","0"
"28186","503.911827853","ipcas_21:73:29","147","1","477","LIED21PROT/LLN0$Alarm","1","",""
"28187","503.911828576","ipcas_21:73:29","204","1","477","LIED21MEAS/LLN0$Measurement","466","464","462"
"28238","504.968089075","ipcas_21:73:29","150","1","478","LIED21CTRL/LLN0$Status","1","1","0"
"28239","504.968092752","ipcas_21:73:29","147","1","478","LIED21PROT/LLN0$Alarm","1","",""
"28240","504.968093809","ipcas_21:73:29","204","1","478","LIED21MEAS/LLN0$Measurement","467","465","465"
"28291","506.037102473","ipcas_21:73:29","150","1","479","LIED21CTRL/LLN0$Status","1","1","0"
"28292","506.037106397","ipcas_21:73:29","147","1","479","LIED21PROT/LLN0$Alarm","1","",""
"28293","506.037210395","ipcas_21:73:29","204","1","479","LIED21MEAS/LLN0$Measurement","465","465","463"
"28344","507.052819742","ipcas_21:73:29","150","1","480","LIED21CTRL/LLN0$Status","1","1","0"
"28345","507.052824131","ipcas_21:73:29","147","1","480","LIED21PROT/LLN0$Alarm","1","",""
"28346","507.052824813","ipcas_21:73:29","204","1","480","LIED21MEAS/LLN0$Measurement","466","465","467"
"28397","508.105301777","ipcas_21:73:29","150","1","481","LIED21CTRL/LLN0$Status","1","1","0"
"28398","508.105305593","ipcas_21:73:29","147","1","481","LIED21PROT/LLN0$Alarm","1","",""
"28399","508.105306110","ipcas_21:73:29","204","1","481","LIED21MEAS/LLN0$Measurement","461","460","467"
"28450","509.142425801","ipcas_21:73:29","150","1","482","LIED21CTRL/LLN0$Status","1","1","0"
"28451","509.144464352","ipcas_21:73:29","147","1","482","LIED21PROT/LLN0$Alarm","1","",""
"28452","509.144994074","ipcas_21:73:29","204","1","482","LIED21MEAS/LLN0$Measurement","469","463","469"
"28503","510.175151692","ipcas_21:73:29","150","1","483","LIED21CTRL/LLN0$Status","1","1","0"
"28504","510.175378093","ipcas_21:73:29","147","1","483","LIED21PROT/LLN0$Alarm","1","",""
"28505","510.175615653","ipcas_21:73:29","204","1","483","LIED21MEAS/LLN0$Measurement","465","469","462"
"28556","511.193378468","ipcas_21:73:29","150","1","484","LIED21CTRL/LLN0$Status","1","1","0"
"28557","511.193522010","ipcas_21:73:29","147","1","484","LIED21PROT/LLN0$Alarm","1","",""
"28558","511.194077117","ipcas_21:73:29","204","1","484","LIED21MEAS/LLN0$Measurement","460","469","467"
"28609","512.214291986","ipcas_21:73:29","150","1","485","LIED21CTRL/LLN0$Status","1","1","0"
"28610","512.214453629","ipcas_21:73:29","147","1","485","LIED21PROT/LLN0$Alarm","1","",""
"28611","512.214737289","ipcas_21:73:29","204","1","485","LIED21MEAS/LLN0$Measurement","465","465","467"
"28662","513.241550954","ipcas_21:73:29","150","1","486","LIED21CTRL/LLN0$Status","1","1","0"
"28663","513.241556445","ipcas_21:73:29","147","1","486","LIED21PROT/LLN0$Alarm","1","",""
"28664","513.241557416","ipcas_21:73:29","204","1","486","LIED21MEAS/LLN0$Measurement","465","461","463"
"28707","514.265042272","ipcas_21:73:29","150","1","487","LIED21CTRL/LLN0$Status","1","1","0"
"28708","514.265043069","ipcas_21:73:29","147","1","487","LIED21PROT/LLN0$Alarm","1","",""
"28709","514.265043726","ipcas_21:73:29","204","1","487","LIED21MEAS/LLN0$Measurement","470","470","464"
"28748","515.307770061","ipcas_21:73:29","150","1","488","LIED21CTRL/LLN0$Status","1","1","0"
"28749","515.307770715","ipcas_21:73:29","147","1","488","LIED21PROT/LLN0$Alarm","1","",""
"28750","515.307771157","ipcas_21:73:29","204","1","488","LIED21MEAS/LLN0$Measurement","470","465","463"
"28798","516.327131048","ipcas_21:73:29","150","1","489","LIED21CTRL/LLN0$Status","1","1","0"
"28799","516.327131663","ipcas_21:73:29","147","1","489","LIED21PROT/LLN0$Alarm","1","",""
"28800","516.327132528","ipcas_21:73:29","204","1","489","LIED21MEAS/LLN0$Measurement","460","463","469"
"28851","517.339392158","ipcas_21:73:29","150","1","490","LIED21CTRL/LLN0$Status","1","1","0"
"28852","517.339397011","ipcas_21:73:29","147","1","490","LIED21PROT/LLN0$Alarm","1","",""
"28853","517.339397780","ipcas_21:73:29","204","1","490","LIED21MEAS/LLN0$Measurement","461","461","461"
"28904","518.418735131","ipcas_21:73:29","150","1","491","LIED21CTRL/LLN0$Status","1","1","0"
"28905","518.418738257","ipcas_21:73:29","147","1","491","LIED21PROT/LLN0$Alarm","1","",""
"28906","518.418738719","ipcas_21:73:29","204","1","491","LIED21MEAS/LLN0$Measurement","460","460","467"
"28957","519.444219699","ipcas_21:73:29","150","1","492","LIED21CTRL/LLN0$Status","1","1","0"
"28958","519.444224390","ipcas_21:73:29","147","1","492","LIED21PROT/LLN0$Alarm","1","",""
"28959","519.444225118","ipcas_21:73:29","204","1","492","LIED21MEAS/LLN0$Measurement","461","465","464"
"29033","520.503164894","ipcas_21:73:29","150","1","493","LIED21CTRL/LLN0$Status","1","1","0"
"29034","520.503166175","ipcas_21:73:29","147","1","493","LIED21PROT/LLN0$Alarm","1","",""
"29035","520.503167198","ipcas_21:73:29","204","1","493","LIED21MEAS/LLN0$Measurement","465","464","465"
"29081","521.544888432","ipcas_21:73:29","150","1","494","LIED21CTRL/LLN0$Status","1","1","0"
"29082","521.544889588","ipcas_21:73:29","147","1","494","LIED21PROT/LLN0$Alarm","1","",""
"29083","521.544890191","ipcas_21:73:29","204","1","494","LIED21MEAS/LLN0$Measurement","466","466","464"
"29116","522.584760212","ipcas_21:73:29","150","1","495","LIED21CTRL/LLN0$Status","1","1","0"
"29117","522.584761200","ipcas_21:73:29","147","1","495","LIED21PROT/LLN0$Alarm","1","",""
"29118","522.584762366","ipcas_21:73:29","204","1","495","LIED21MEAS/LLN0$Measurement","463","464","465"
"29169","523.617327741","ipcas_21:73:29","150","1","496","LIED21CTRL/LLN0$Status","1","1","0"
"29170","523.617333932","ipcas_21:73:29","147","1","496","LIED21PROT/LLN0$Alarm","1","",""
"29171","523.617335445","ipcas_21:73:29","204","1","496","LIED21MEAS/LLN0$Measurement","465","463","466"
"29245","524.703124740","ipcas_21:73:29","150","1","497","LIED21CTRL/LLN0$Status","1","1","0"
"29246","524.703125929","ipcas_21:73:29","147","1","497","LIED21PROT/LLN0$Alarm","1","",""
"29247","524.703126831","ipcas_21:73:29","204","1","497","LIED21MEAS/LLN0$Measurement","464","465","465"
"29298","525.743109733","ipcas_21:73:29","150","1","498","LIED21CTRL/LLN0$Status","1","1","0"
"29299","525.743118794","ipcas_21:73:29","147","1","498","LIED21PROT/LLN0$Alarm","1","",""
"29300","525.743119739","ipcas_21:73:29","204","1","498","LIED21MEAS/LLN0$Measurement","464","464","466"
"29351","526.802727267","ipcas_21:73:29","150","1","499","LIED21CTRL/LLN0$Status","1","1","0"
"29352","526.802727587","ipcas_21:73:29","147","1","499","LIED21PROT/LLN0$Alarm","1","",""
"29353","526.802727871","ipcas_21:73:29","204","1","499","LIED21MEAS/LLN0$Measurement","463","468","465"
"29404","527.815028555","ipcas_21:73:29","150","1","500","LIED21CTRL/LLN0$Status","1","1","0"
"29405","527.815414180","ipcas_21:73:29","147","1","500","LIED21PROT/LLN0$Alarm","1","",""
"29406","527.815826734","ipcas_21:73:29","204","1","500","LIED21MEAS/LLN0$Measurement","466","467","465"
"29457","528.872760908","ipcas_21:73:29","150","1","501","LIED21CTRL/LLN0$Status","1","1","0"
"29458","528.872767125","ipcas_21:73:29","147","1","501","LIED21PROT/LLN0$Alarm","1","",""
"29459","528.872768697","ipcas_21:73:29","204","1","501","LIED21MEAS/LLN0$Measurement","466","462","466"
"29510","529.903104467","ipcas_21:73:29","150","1","502","LIED21CTRL/LLN0$Status","1","1","0"
"29511","529.904180045","ipcas_21:73:29","147","1","502","LIED21PROT/LLN0$Alarm","1","",""
"29512","529.904183838","ipcas_21:73:29","204","1","502","LIED21MEAS/LLN0$Measurement","463","462","466"
"29563","530.942584583","ipcas_21:73:29","150","1","503","LIED21CTRL/LLN0$Status","1","1","0"
"29564","530.943295846","ipcas_21:73:29","147","1","503","LIED21PROT/LLN0$Alarm","1","",""
"29565","530.943854778","ipcas_21:73:29","204","1","503","LIED21MEAS/LLN0$Measurement","466","461","467"
"29616","531.987307762","ipcas_21:73:29","150","1","504","LIED21CTRL/LLN0$Status","1","1","0"
"29617","531.987311541","ipcas_21:73:29","147","1","504","LIED21PROT/LLN0$Alarm","1","",""
"29618","531.987312250","ipcas_21:73:29","204","1","504","LIED21MEAS/LLN0$Measurement","466","467","463"
"29669","533.016590131","ipcas_21:73:29","150","1","505","LIED21CTRL/LLN0$Status","1","1","0"
"29670","533.016596932","ipcas_21:73:29","147","1","505","LIED21PROT/LLN0$Alarm","1","",""
"29671","533.016597788","ipcas_21:73:29","204","1","505","LIED21MEAS/LLN0$Measurement","464","465","468"
"29722","534.065837943","ipcas_21:73:29","150","1","506","LIED21CTRL/LLN0$Status","1","1","0"
"29723","534.065839232","ipcas_21:73:29","147","1","506","LIED21PROT/LLN0$Alarm","1","",""
"29724","534.065840061","ipcas_21:73:29","204","1","506","LIED21MEAS/LLN0$Measurement","470","464","466"
"29775","535.094235210","ipcas_21:73:29","150","1","507","LIED21CTRL/LLN0$Status","1","1","0"
"29776","535.094241365","ipcas_21:73:29","147","1","507","LIED21PROT/LLN0$Alarm","1","",""
"29777","535.094242784","ipcas_21:73:29","204","1","507","LIED21MEAS/LLN0$Measurement","463","460","465"
"29828","536.127756864","ipcas_21:73:29","150","1","508","LIED21CTRL/LLN0$Status","1","1","0"
"29829","536.127762311","ipcas_21:73:29","147","1","508","LIED21PROT/LLN0$Alarm","1","",""
"29830","536.127763104","ipcas_21:73:29","204","1","508","LIED21MEAS/LLN0$Measurement","469","465","461"
"29881","537.167637880","ipcas_21:73:29","150","1","509","LIED21CTRL/LLN0$Status","1","1","0"
"29882","537.167643988","ipcas_21:73:29","147","1","509","LIED21PROT/LLN0$Alarm","1","",""
"29883","537.167645263","ipcas_21:73:29","204","1","509","LIED21MEAS/LLN0$Measurement","461","465","465"
"29934","538.195459445","ipcas_21:73:29","150","1","510","LIED21CTRL/LLN0$Status","1","1","0"
"29935","538.195464539","ipcas_21:73:29","147","1","510","LIED21PROT/LLN0$Alarm","1","",""
"29936","538.195465371","ipcas_21:73:29","204","1","510","LIED21MEAS/LLN0$Measurement","466","465","463"
"29987","539.219021018","ipcas_21:73:29","150","1","511","LIED21CTRL/LLN0$Status","1","1","0"
"29988","539.219027752","ipcas_21:73:29","147","1","511","LIED21PROT/LLN0$Alarm","1","",""
"29989","539.219028781","ipcas_21:73:29","204","1","511","LIED21MEAS/LLN0$Measurement","464","463","461"
"30040","540.247428529","ipcas_21:73:29","150","1","512","LIED21CTRL/LLN0$Status","1","1","0"
"30041","540.249627318","ipcas_21:73:29","147","1","512","LIED21PROT/LLN0$Alarm","1","",""
"30042","540.249633553","ipcas_21:73:29","204","1","512","LIED21MEAS/LLN0$Measurement","470","465","467"
"30093","541.308995454","ipcas_21:73:29","150","1","513","LIED21CTRL/LLN0$Status","1","1","0"
"30094","541.308999625","ipcas_21:73:29","147","1","513","LIED21PROT/LLN0$Alarm","1","",""
"30095","541.309000321","ipcas_21:73:29","204","1","513","LIED21MEAS/LLN0$Measurement","465","469","465"
"30146","542.365190078","ipcas_21:73:29","150","1","514","LIED21CTRL/LLN0$Status","1","1","0"
"30147","542.365200003","ipcas_21:73:29","147","1","514","LIED21PROT/LLN0$Alarm","1","",""
"30148","542.365200969","ipcas_21:73:29","204","1","514","LIED21MEAS/LLN0$Measurement","465","465","466"
"30199","543.388534817","ipcas_21:73:29","150","1","515","LIED21CTRL/LLN0$Status","1","1","0"
"30200","543.388683008","ipcas_21:73:29","147","1","515","LIED21PROT/LLN0$Alarm","1","",""
"30201","543.388753118","ipcas_21:73:29","204","1","515","LIED21MEAS/LLN0$Measurement","463","465","469"
"30252","544.424020559","ipcas_21:73:29","150","1","516","LIED21CTRL/LLN0$Status","1","1","0"
"30253","544.424045266","ipcas_21:73:29","147","1","516","LIED21PROT/LLN0$Alarm","1","",""
"30254","544.424046961","ipcas_21:73:29","204","1","516","LIED21MEAS/LLN0$Measurement","465","466","464"
"30305","545.446774236","ipcas_21:73:29","150","1","517","LIED21CTRL/LLN0$Status","1","1","0"
"30306","545.446775244","ipcas_21:73:29","147","1","517","LIED21PROT/LLN0$Alarm","1","",""
"30307","545.446776417","ipcas_21:73:29","204","1","517","LIED21MEAS/LLN0$Measurement","465","468","464"
"30358","546.475405095","ipcas_21:73:29","150","1","518","LIED21CTRL/LLN0$Status","1","1","0"
"30359","546.475483991","ipcas_21:73:29","147","1","518","LIED21PROT/LLN0$Alarm","1","",""
"30360","546.475485652","ipcas_21:73:29","204","1","518","LIED21MEAS/LLN0$Measurement","460","463","463"
"30411","547.499119697","ipcas_21:73:29","150","1","519","LIED21CTRL/LLN0$Status","1","1","0"
"30412","547.499125765","ipcas_21:73:29","147","1","519","LIED21PROT/LLN0$Alarm","1","",""
"30413","547.499127409","ipcas_21:73:29","204","1","519","LIED21MEAS/LLN0$Measurement","465","463","465"
"30464","548.532878950","ipcas_21:73:29","150","1","520","LIED21CTRL/LLN0$Status","1","1","0"
"30465","548.532880147","ipcas_21:73:29","147","1","520","LIED21PROT/LLN0$Alarm","1","",""
"30466","548.532881393","ipcas_21:73:29","204","1","520","LIED21MEAS/LLN0$Measurement","463","465","469"
"30517","549.567195260","ipcas_21:73:29","150","1","521","LIED21CTRL/LLN0$Status","1","1","0"
"30518","549.567633616","ipcas_21:73:29","147","1","521","LIED21PROT/LLN0$Alarm","1","",""
"30519","549.568109301","ipcas_21:73:29","204","1","521","LIED21MEAS/LLN0$Measurement","465","463","462"
"30570","550.614798079","ipcas_21:73:29","150","1","522","LIED21CTRL/LLN0$Status","1","1","0"
"30571","550.614804728","ipcas_21:73:29","147","1","522","LIED21PROT/LLN0$Alarm","1","",""
"30572","550.614806084","ipcas_21:73:29","204","1","522","LIED21MEAS/LLN0$Measurement","465","465","461"
"30623","551.655961807","ipcas_21:73:29","150","1","523","LIED21CTRL/LLN0$Status","1","1","0"
"30624","551.655963290","ipcas_21:73:29","147","1","523","LIED21PROT/LLN0$Alarm","1","",""
"30625","551.655964075","ipcas_21:73:29","204","1","523","LIED21MEAS/LLN0$Measurement","465","465","465"
"30676","552.663348233","ipcas_21:73:29","150","1","524","LIED21CTRL/LLN0$Status","1","1","0"
"30677","552.663353509","ipcas_21:73:29","147","1","524","LIED21PROT/LLN0$Alarm","1","",""
"30678","552.663355183","ipcas_21:73:29","204","1","524","LIED21MEAS/LLN0$Measurement","462","466","462"
"30729","553.713586842","ipcas_21:73:29","150","1","525","LIED21CTRL/LLN0$Status","1","1","0"
"30730","553.713592610","ipcas_21:73:29","147","1","525","LIED21PROT/LLN0$Alarm","1","",""
"30731","553.713593440","ipcas_21:73:29","204","1","525","LIED21MEAS/LLN0$Measurement","465","465","467"
"30782","554.760247169","ipcas_21:73:29","150","1","526","LIED21CTRL/LLN0$Status","1","1","0"
"30783","554.760247869","ipcas_21:73:29","147","1","526","LIED21PROT/LLN0$Alarm","1","",""
"30784","554.760248784","ipcas_21:73:29","204","1","526","LIED21MEAS/LLN0$Measurement","465","460","468"
"30835","555.788833065","ipcas_21:73:29","150","1","527","LIED21CTRL/LLN0$Status","1","1","0"
"30836","555.789154727","ipcas_21:73:29","147","1","527","LIED21PROT/LLN0$Alarm","1","",""
"30837","555.789160654","ipcas_21:73:29","204","1","527","LIED21MEAS/LLN0$Measurement","465","468","465"
"30888","556.824887209","ipcas_21:73:29","150","1","528","LIED21CTRL/LLN0$Status","1","1","0"
"30889","556.824890482","ipcas_21:73:29","147","1","528","LIED21PROT/LLN0$Alarm","1","",""
"30890","556.824890838","ipcas_21:73:29","204","1","528","LIED21MEAS/LLN0$Measurement","465","465","468"
"30941","557.860023148","ipcas_21:73:29","150","1","529","LIED21CTRL/LLN0$Status","1","1","0"
"30942","557.860030832","ipcas_21:73:29","147","1","529","LIED21PROT/LLN0$Alarm","1","",""
"30943","557.860032693","ipcas_21:73:29","204","1","529","LIED21MEAS/LLN0$Measurement","470","465","469"
"30994","558.895442766","ipcas_21:73:29","150","1","530","LIED21CTRL/LLN0$Status","1","1","0"
"30995","558.895447337","ipcas_21:73:29","147","1","530","LIED21PROT/LLN0$Alarm","1","",""
"30996","558.895447988","ipcas_21:73:29","204","1","530","LIED21MEAS/LLN0$Measurement","465","465","465"
"31047","559.950468209","ipcas_21:73:29","150","1","531","LIED21CTRL/LLN0$Status","1","1","0"
"31048","559.950471335","ipcas_21:73:29","147","1","531","LIED21PROT/LLN0$Alarm","1","",""
"31049","559.950471851","ipcas_21:73:29","204","1","531","LIED21MEAS/LLN0$Measurement","465","463","461"
"31100","560.964997045","ipcas_21:73:29","150","1","532","LIED21CTRL/LLN0$Status","1","1","0"
"31101","560.965119101","ipcas_21:73:29","147","1","532","LIED21PROT/LLN0$Alarm","1","",""
"31102","560.965468245","ipcas_21:73:29","204","1","532","LIED21MEAS/LLN0$Measurement","465","468","467"
"31153","562.005467366","ipcas_21:73:29","150","1","533","LIED21CTRL/LLN0$Status","1","1","0"
"31154","562.005475438","ipcas_21:73:29","147","1","533","LIED21PROT/LLN0$Alarm","1","",""
"31155","562.005477132","ipcas_21:73:29","204","1","533","LIED21MEAS/LLN0$Measurement","465","465","460"
"31206","563.037314941","ipcas_21:73:29","150","1","534","LIED21CTRL/LLN0$Status","1","1","0"
"31207","563.037777276","ipcas_21:73:29","147","1","534","LIED21PROT/LLN0$Alarm","1","",""
"31208","563.038111440","ipcas_21:73:29","204","1","534","LIED21MEAS/LLN0$Measurement","462","465","461"
"31259","564.077312242","ipcas_21:73:29","150","1","535","LIED21CTRL/LLN0$Status","1","1","0"
"31260","564.077318519","ipcas_21:73:29","147","1","535","LIED21PROT/LLN0$Alarm","1","",""
"31261","564.077319953","ipcas_21:73:29","204","1","535","LIED21MEAS/LLN0$Measurement","461","465","465"
"31312","565.105035625","ipcas_21:73:29","150","1","536","LIED21CTRL/LLN0$Status","1","1","0"
"31313","565.105036430","ipcas_21:73:29","147","1","536","LIED21PROT/LLN0$Alarm","1","",""
"31314","565.105037162","ipcas_21:73:29","204","1","536","LIED21MEAS/LLN0$Measurement","468","465","466"
"31365","566.144540145","ipcas_21:73:29","150","1","537","LIED21CTRL/LLN0$Status","1","1","0"
"31366","566.144544119","ipcas_21:73:29","147","1","537","LIED21PROT/LLN0$Alarm","1","",""
"31367","566.144544933","ipcas_21:73:29","204","1","537","LIED21MEAS/LLN0$Measurement","463","465","466"
"31418","567.172304710","ipcas_21:73:29","150","1","538","LIED21CTRL/LLN0$Status","1","1","0"
"31419","567.172313637","ipcas_21:73:29","147","1","538","LIED21PROT/LLN0$Alarm","1","",""
"31420","567.172315144","ipcas_21:73:29","204","1","538","LIED21MEAS/LLN0$Measurement","466","467","461"
"31471","568.204820996","ipcas_21:73:29","150","1","539","LIED21CTRL/LLN0$Status","1","1","0"
"31472","568.204825321","ipcas_21:73:29","147","1","539","LIED21PROT/LLN0$Alarm","1","",""
"31473","568.204826251","ipcas_21:73:29","204","1","539","LIED21MEAS/LLN0$Measurement","465","468","460"
"31528","569.236107751","ipcas_21:73:29","150","1","540","LIED21CTRL/LLN0$Status","1","1","0"
"31529","569.236112325","ipcas_21:73:29","147","1","540","LIED21PROT/LLN0$Alarm","1","",""
"31530","569.236113828","ipcas_21:73:29","204","1","540","LIED21MEAS/LLN0$Measurement","466","465","469"
"31587","570.265487126","ipcas_21:73:29","150","1","541","LIED21CTRL/LLN0$Status","1","1","0"
"31588","570.265493056","ipcas_21:73:29","147","1","541","LIED21PROT/LLN0$Alarm","1","",""
"31589","570.265494142","ipcas_21:73:29","204","1","541","LIED21MEAS/LLN0$Measurement","465","465","468"
"31645","571.334325749","ipcas_21:73:29","150","1","542","LIED21CTRL/LLN0$Status","1","1","0"
"31646","571.334329814","ipcas_21:73:29","147","1","542","LIED21PROT/LLN0$Alarm","1","",""
"31647","571.334330690","ipcas_21:73:29","204","1","542","LIED21MEAS/LLN0$Measurement","462","465","465"
"31700","572.365708632","ipcas_21:73:29","150","1","543","LIED21CTRL/LLN0$Status","1","1","0"
"31701","572.365713785","ipcas_21:73:29","147","1","543","LIED21PROT/LLN0$Alarm","1","",""
"31702","572.365714289","ipcas_21:73:29","204","1","543","LIED21MEAS/LLN0$Measurement","462","463","465"
"31754","573.393987598","ipcas_21:73:29","150","1","544","LIED21CTRL/LLN0$Status","1","1","0"
"31755","573.393995873","ipcas_21:73:29","147","1","544","LIED21PROT/LLN0$Alarm","1","",""
"31756","573.393997718","ipcas_21:73:29","204","1","544","LIED21MEAS/LLN0$Measurement","468","468","470"
"31809","574.423144766","ipcas_21:73:29","150","1","545","LIED21CTRL/LLN0$Status","1","1","0"
"31810","574.423145174","ipcas_21:73:29","147","1","545","LIED21PROT/LLN0$Alarm","1","",""
"31811","574.423146019","ipcas_21:73:29","204","1","545","LIED21MEAS/LLN0$Measurement","467","461","469"
"31862","575.442855353","ipcas_21:73:29","150","1","546","LIED21CTRL/LLN0$Status","1","1","0"
"31863","575.442862690","ipcas_21:73:29","147","1","546","LIED21PROT/LLN0$Alarm","1","",""
"31864","575.442863997","ipcas_21:73:29","204","1","546","LIED21MEAS/LLN0$Measurement","465","466","467"
"31915","576.486569052","ipcas_21:73:29","150","1","547","LIED21CTRL/LLN0$Status","1","1","0"
"31916","576.486575815","ipcas_21:73:29","147","1","547","LIED21PROT/LLN0$Alarm","1","",""
"31917","576.487124391","ipcas_21:73:29","204","1","547","LIED21MEAS/LLN0$Measurement","465","465","467"
"31970","577.550228573","ipcas_21:73:29","150","1","548","LIED21CTRL/LLN0$Status","1","1","0"
"31971","577.550229800","ipcas_21:73:29","147","1","548","LIED21PROT/LLN0$Alarm","1","",""
"31972","577.550230995","ipcas_21:73:29","204","1","548","LIED21MEAS/LLN0$Measurement","464","465","464"
"32024","578.570111144","ipcas_21:73:29","150","1","549","LIED21CTRL/LLN0$Status","1","1","0"
"32025","578.570118631","ipcas_21:73:29","147","1","549","LIED21PROT/LLN0$Alarm","1","",""
"32026","578.570667872","ipcas_21:73:29","204","1","549","LIED21MEAS/LLN0$Measurement","466","468","465"
"32077","579.609085484","ipcas_21:73:29","150","1","550","LIED21CTRL/LLN0$Status","1","1","0"
"32078","579.609092494","ipcas_21:73:29","147","1","550","LIED21PROT/LLN0$Alarm","1","",""
"32079","579.609665556","ipcas_21:73:29","204","1","550","LIED21MEAS/LLN0$Measurement","468","465","465"
"32130","580.664689097","ipcas_21:73:29","150","1","551","LIED21CTRL/LLN0$Status","1","1","0"
"32131","580.664695867","ipcas_21:73:29","147","1","551","LIED21PROT/LLN0$Alarm","1","",""
"32132","580.664697423","ipcas_21:73:29","204","1","551","LIED21MEAS/LLN0$Measurement","468","465","463"
"32183","581.703350029","ipcas_21:73:29","150","1","552","LIED21CTRL/LLN0$Status","1","1","0"
"32184","581.703357633","ipcas_21:73:29","147","1","552","LIED21PROT/LLN0$Alarm","1","",""
"32185","581.703618218","ipcas_21:73:29","204","1","552","LIED21MEAS/LLN0$Measurement","469","468","470"
"32236","582.739323708","ipcas_21:73:29","150","1","553","LIED21CTRL/LLN0$Status","1","1","0"
"32237","582.739331291","ipcas_21:73:29","147","1","553","LIED21PROT/LLN0$Alarm","1","",""
"32238","582.739332079","ipcas_21:73:29","204","1","553","LIED21MEAS/LLN0$Measurement","465","462","461"
"32289","583.753642109","ipcas_21:73:29","150","1","554","LIED21CTRL/LLN0$Status","1","1","0"
"32290","583.753648540","ipcas_21:73:29","147","1","554","LIED21PROT/LLN0$Alarm","1","",""
"32291","583.753650184","ipcas_21:73:29","204","1","554","LIED21MEAS/LLN0$Measurement","465","466","467"
"32342","584.785337742","ipcas_21:73:29","150","1","555","LIED21CTRL/LLN0$Status","1","1","0"
"32343","584.785338580","ipcas_21:73:29","147","1","555","LIED21PROT/LLN0$Alarm","1","",""
"32344","584.785339075","ipcas_21:73:29","204","1","555","LIED21MEAS/LLN0$Measurement","465","462","464"
"32396","585.837070100","ipcas_21:73:29","150","1","556","LIED21CTRL/LLN0$Status","1","1","0"
"32397","585.837074308","ipcas_21:73:29","147","1","556","LIED21PROT/LLN0$Alarm","1","",""
"32398","585.837074939","ipcas_21:73:29","204","1","556","LIED21MEAS/LLN0$Measurement","465","470","465"
"32449","586.865849080","ipcas_21:73:29","150","1","557","LIED21CTRL/LLN0$Status","1","1","0"
"32450","586.865886175","ipcas_21:73:29","147","1","557","LIED21PROT/LLN0$Alarm","1","",""
"32451","586.865887401","ipcas_21:73:29","204","1","557","LIED21MEAS/LLN0$Measurement","467","461","462"
"32502","587.904442327","ipcas_21:73:29","150","1","558","LIED21CTRL/LLN0$Status","1","1","0"
"32503","587.904452899","ipcas_21:73:29","147","1","558","LIED21PROT/LLN0$Alarm","1","",""
"32504","587.904453466","ipcas_21:73:29","204","1","558","LIED21MEAS/LLN0$Measurement","463","465","468"
"32556","588.934293374","ipcas_21:73:29","150","1","559","LIED21CTRL/LLN0$Status","1","1","0"
"32557","588.934294312","ipcas_21:73:29","147","1","559","LIED21PROT/LLN0$Alarm","1","",""
"32558","588.934294763","ipcas_21:73:29","204","1","559","LIED21MEAS/LLN0$Measurement","467","464","465"
"32609","589.949891220","ipcas_21:73:29","150","1","560","LIED21CTRL/LLN0$Status","1","1","0"
"32610","589.949899361","ipcas_21:73:29","147","1","560","LIED21PROT/LLN0$Alarm","1","",""
"32611","589.949900411","ipcas_21:73:29","204","1","560","LIED21MEAS/LLN0$Measurement","465","469","461"
"32662","590.995298127","ipcas_21:73:29","150","1","561","LIED21CTRL/LLN0$Status","1","1","0"
"32663","590.995306191","ipcas_21:73:29","147","1","561","LIED21PROT/LLN0$Alarm","1","",""
"32664","590.995991954","ipcas_21:73:29","204","1","561","LIED21MEAS/LLN0$Measurement","465","460","464"
"32715","592.228719990","ipcas_21:73:29","150","1","562","LIED21CTRL/LLN0$Status","1","1","0"
"32716","592.228727529","ipcas_21:73:29","147","1","562","LIED21PROT/LLN0$Alarm","1","",""
"32717","592.228728362","ipcas_21:73:29","204","1","562","LIED21MEAS/LLN0$Measurement","463","465","469"
"32768","593.275607103","ipcas_21:73:29","150","1","563","LIED21CTRL/LLN0$Status","1","1","0"
"32769","593.275612369","ipcas_21:73:29","147","1","563","LIED21PROT/LLN0$Alarm","1","",""
"32770","593.275613225","ipcas_21:73:29","204","1","563","LIED21MEAS/LLN0$Measurement","461","465","465"
"32821","594.321905539","ipcas_21:73:29","150","1","564","LIED21CTRL/LLN0$Status","1","1","0"
"32822","594.321906732","ipcas_21:73:29","147","1","564","LIED21PROT/LLN0$Alarm","1","",""
"32823","594.321908169","ipcas_21:73:29","204","1","564","LIED21MEAS/LLN0$Measurement","465","465","463"
"32874","595.367838247","ipcas_21:73:29","150","1","565","LIED21CTRL/LLN0$Status","1","1","0"
"32875","595.367839744","ipcas_21:73:29","147","1","565","LIED21PROT/LLN0$Alarm","1","",""
"32876","595.367841258","ipcas_21:73:29","204","1","565","LIED21MEAS/LLN0$Measurement","468","465","469"
"32927","596.392009226","ipcas_21:73:29","150","1","566","LIED21CTRL/LLN0$Status","1","1","0"
"32928","596.392017131","ipcas_21:73:29","147","1","566","LIED21PROT/LLN0$Alarm","1","",""
"32929","596.392018771","ipcas_21:73:29","204","1","566","LIED21MEAS/LLN0$Measurement","468","468","465"
"32980","597.426905344","ipcas_21:73:29","150","1","567","LIED21CTRL/LLN0$Status","1","1","0"
"32981","597.426906163","ipcas_21:73:29","147","1","567","LIED21PROT/LLN0$Alarm","1","",""
"32982","597.426907218","ipcas_21:73:29","204","1","567","LIED21MEAS/LLN0$Measurement","465","462","461"
"33033","598.462593875","ipcas_21:73:29","150","1","568","LIED21CTRL/LLN0$Status","1","1","0"
"33034","598.462607579","ipcas_21:73:29","147","1","568","LIED21PROT/LLN0$Alarm","1","",""
"33035","598.462609607","ipcas_21:73:29","204","1","568","LIED21MEAS/LLN0$Measurement","460","469","463"
"33086","599.514766996","ipcas_21:73:29","150","1","569","LIED21CTRL/LLN0$Status","1","1","0"
"33087","599.514767816","ipcas_21:73:29","147","1","569","LIED21PROT/LLN0$Alarm","1","",""
"33088","599.514768776","ipcas_21:73:29","204","1","569","LIED21MEAS/LLN0$Measurement","465","468","467"
"33139","600.539116517","ipcas_21:73:29","150","1","570","LIED21CTRL/LLN0$Status","1","1","0"
"33140","600.539126788","ipcas_21:73:29","147","1","570","LIED21PROT/LLN0$Alarm","1","",""
"33141","600.539127838","ipcas_21:73:29","204","1","570","LIED21MEAS/LLN0$Measurement","467","465","465"
"33193","601.593431715","ipcas_21:73:29","150","1","571","LIED21CTRL/LLN0$Status","1","1","0"
"33194","601.593436364","ipcas_21:73:29","147","1","571","LIED21PROT/LLN0$Alarm","1","",""
"33195","601.593614904","ipcas_21:73:29","204","1","571","LIED21MEAS/LLN0$Measurement","465","465","463"
"33246","602.636133096","ipcas_21:73:29","150","1","572","LIED21CTRL/LLN0$Status","1","1","0"
"33247","602.636146032","ipcas_21:73:29","147","1","572","LIED21PROT/LLN0$Alarm","1","",""
"33248","602.636147506","ipcas_21:73:29","204","1","572","LIED21MEAS/LLN0$Measurement","465","465","466"
"33299","603.683969039","ipcas_21:73:29","150","1","573","LIED21CTRL/LLN0$Status","1","1","0"
"33300","603.683980346","ipcas_21:73:29","147","1","573","LIED21PROT/LLN0$Alarm","1","",""
"33301","603.683981352","ipcas_21:73:29","204","1","573","LIED21MEAS/LLN0$Measurement","465","469","465"
"33352","604.708916297","ipcas_21:73:29","150","1","574","LIED21CTRL/LLN0$Status","1","1","0"
"33353","604.708924527","ipcas_21:73:29","147","1","574","LIED21PROT/LLN0$Alarm","1","",""
"33354","604.708925316","ipcas_21:73:29","204","1","574","LIED21MEAS/LLN0$Measurement","465","468","465"
"33405","605.724090692","ipcas_21:73:29","150","1","575","LIED21CTRL/LLN0$Status","1","1","0"
"33406","605.724094577","ipcas_21:73:29","147","1","575","LIED21PROT/LLN0$Alarm","1","",""
"33407","605.724095569","ipcas_21:73:29","204","1","575","LIED21MEAS/LLN0$Measurement","465","465","466"
"33460","606.766527049","ipcas_21:73:29","150","1","576","LIED21CTRL/LLN0$Status","1","1","0"
"33461","606.766907058","ipcas_21:73:29","147","1","576","LIED21PROT/LLN0$Alarm","1","",""
"33462","606.766912724","ipcas_21:73:29","204","1","576","LIED21MEAS/LLN0$Measurement","466","465","465"
"33523","607.802199323","ipcas_21:73:29","150","1","577","LIED21CTRL/LLN0$Status","1","1","0"
"33524","607.802207521","ipcas_21:73:29","147","1","577","LIED21PROT/LLN0$Alarm","1","",""
"33525","607.802209091","ipcas_21:73:29","204","1","577","LIED21MEAS/LLN0$Measurement","466","461","465"
"33595","608.853844344","ipcas_21:73:29","150","1","578","LIED21CTRL/LLN0$Status","1","1","0"
"33596","608.853851355","ipcas_21:73:29","147","1","578","LIED21PROT/LLN0$Alarm","1","",""
"33597","608.853852709","ipcas_21:73:29","204","1","578","LIED21MEAS/LLN0$Measurement","463","462","465"
"33666","609.885145248","ipcas_21:73:29","150","1","579","LIED21CTRL/LLN0$Status","1","1","0"
"33667","609.885149120","ipcas_21:73:29","147","1","579","LIED21PROT/LLN0$Alarm","1","",""
"33668","609.885149680","ipcas_21:73:29","204","1","579","LIED21MEAS/LLN0$Measurement","469","468","465"
"33736","610.911076029","ipcas_21:73:29","150","1","580","LIED21CTRL/LLN0$Status","1","1","0"
"33737","610.911082608","ipcas_21:73:29","147","1","580","LIED21PROT/LLN0$Alarm","1","",""
"33738","610.911084495","ipcas_21:73:29","204","1","580","LIED21MEAS/LLN0$Measurement","461","465","465"
"33798","611.940695406","ipcas_21:73:29","150","1","581","LIED21CTRL/LLN0$Status","1","1","0"
"33799","611.940699816","ipcas_21:73:29","147","1","581","LIED21PROT/LLN0$Alarm","1","",""
"33800","611.940700279","ipcas_21:73:29","204","1","581","LIED21MEAS/LLN0$Measurement","464","464","465"
"33857","613.002129196","ipcas_21:73:29","150","1","582","LIED21CTRL/LLN0$Status","1","1","0"
"33858","613.002137507","ipcas_21:73:29","147","1","582","LIED21PROT/LLN0$Alarm","1","",""
"33859","613.002344759","ipcas_21:73:29","204","1","582","LIED21MEAS/LLN0$Measurement","468","465","465"
"33918","614.033689976","ipcas_21:73:29","150","1","583","LIED21CTRL/LLN0$Status","1","1","0"
"33919","614.033695307","ipcas_21:73:29","147","1","583","LIED21PROT/LLN0$Alarm","1","",""
"33920","614.033696097","ipcas_21:73:29","204","1","583","LIED21MEAS/LLN0$Measurement","468","464","469"
"33974","615.059445554","ipcas_21:73:29","150","1","584","LIED21CTRL/LLN0$Status","1","1","0"
"33975","615.059451039","ipcas_21:73:29","147","1","584","LIED21PROT/LLN0$Alarm","1","",""
"33976","615.059700830","ipcas_21:73:29","204","1","584","LIED21MEAS/LLN0$Measurement","467","464","465"
"34038","616.086498894","ipcas_21:73:29","150","1","585","LIED21CTRL/LLN0$Status","1","1","0"
"34039","616.086505630","ipcas_21:73:29","147","1","585","LIED21PROT/LLN0$Alarm","1","",""
"34040","616.086507310","ipcas_21:73:29","204","1","585","LIED21MEAS/LLN0$Measurement","468","465","469"
"34099","617.140960699","ipcas_21:73:29","150","1","586","LIED21CTRL/LLN0$Status","1","1","0"
"34100","617.140971572","ipcas_21:73:29","147","1","586","LIED21PROT/LLN0$Alarm","1","",""
"34101","617.140972526","ipcas_21:73:29","204","1","586","LIED21MEAS/LLN0$Measurement","463","465","462"
"34154","618.191546908","ipcas_21:73:29","150","1","587","LIED21CTRL/LLN0$Status","1","1","0"
"34155","618.191551760","ipcas_21:73:29","147","1","587","LIED21PROT/LLN0$Alarm","1","",""
"34156","618.191552762","ipcas_21:73:29","204","1","587","LIED21MEAS/LLN0$Measurement","469","469","464"
"34211","619.215846536","ipcas_21:73:29","150","1","588","LIED21CTRL/LLN0$Status","1","1","0"
"34212","619.215853041","ipcas_21:73:29","147","1","588","LIED21PROT/LLN0$Alarm","1","",""
"34213","619.215854047","ipcas_21:73:29","204","1","588","LIED21MEAS/LLN0$Measurement","463","469","461"
"34265","620.246888714","ipcas_21:73:29","150","1","589","LIED21CTRL/LLN0$Status","1","1","0"
"34266","620.246892370","ipcas_21:73:29","147","1","589","LIED21PROT/LLN0$Alarm","1","",""
"34267","620.246893231","ipcas_21:73:29","204","1","589","LIED21MEAS/LLN0$Measurement","460","465","463"
"34309","621.304501769","ipcas_21:73:29","150","1","590","LIED21CTRL/LLN0$Status","1","1","0"
"34310","621.304502695","ipcas_21:73:29","147","1","590","LIED21PROT/LLN0$Alarm","1","",""
"34311","621.304503232","ipcas_21:73:29","204","1","590","LIED21MEAS/LLN0$Measurement","465","465","465"
"34350","622.345822989","ipcas_21:73:29","150","1","591","LIED21CTRL/LLN0$Status","1","1","0"
"34351","622.345823495","ipcas_21:73:29","147","1","591","LIED21PROT/LLN0$Alarm","1","",""
"34352","622.345824120","ipcas_21:73:29","204","1","591","LIED21MEAS/LLN0$Measurement","468","469","465"
"34406","623.389841674","ipcas_21:73:29","150","1","592","LIED21CTRL/LLN0$Status","1","1","0"
"34407","623.389846344","ipcas_21:73:29","147","1","592","LIED21PROT/LLN0$Alarm","1","",""
"34408","623.389847342","ipcas_21:73:29","204","1","592","LIED21MEAS/LLN0$Measurement","462","464","465"
"34461","624.441503044","ipcas_21:73:29","150","1","593","LIED21CTRL/LLN0$Status","1","1","0"
"34462","624.441516545","ipcas_21:73:29","147","1","593","LIED21PROT/LLN0$Alarm","1","",""
"34463","624.441518492","ipcas_21:73:29","204","1","593","LIED21MEAS/LLN0$Measurement","465","465","467"
"34516","625.456872054","ipcas_21:73:29","150","1","594","LIED21CTRL/LLN0$Status","1","1","0"
"34517","625.456879030","ipcas_21:73:29","147","1","594","LIED21PROT/LLN0$Alarm","1","",""
"34518","625.456880554","ipcas_21:73:29","204","1","594","LIED21MEAS/LLN0$Measurement","465","465","465"
"34549","626.478525590","ipcas_21:73:29","150","1","595","LIED21CTRL/LLN0$Status","1","1","0"
"34550","626.478529986","ipcas_21:73:29","147","1","595","LIED21PROT/LLN0$Alarm","1","",""
"34551","626.478530718","ipcas_21:73:29","204","1","595","LIED21MEAS/LLN0$Measurement","468","465","466"
"34584","627.503417327","ipcas_21:73:29","150","1","596","LIED21CTRL/LLN0$Status","1","1","0"
"34585","627.503423855","ipcas_21:73:29","147","1","596","LIED21PROT/LLN0$Alarm","1","",""
"34586","627.503424293","ipcas_21:73:29","204","1","596","LIED21MEAS/LLN0$Measurement","465","466","465"
"34639","628.563070829","ipcas_21:73:29","150","1","597","LIED21CTRL/LLN0$Status","1","1","0"
"34640","628.563080329","ipcas_21:73:29","147","1","597","LIED21PROT/LLN0$Alarm","1","",""
"34641","628.563081533","ipcas_21:73:29","204","1","597","LIED21MEAS/LLN0$Measurement","463","461","464"
"34691","629.594321274","ipcas_21:73:29","150","1","598","LIED21CTRL/LLN0$Status","1","1","0"
"34692","629.594328147","ipcas_21:73:29","147","1","598","LIED21PROT/LLN0$Alarm","1","",""
"34693","629.594760497","ipcas_21:73:29","204","1","598","LIED21MEAS/LLN0$Measurement","466","470","463"
"34735","630.629480973","ipcas_21:73:29","150","1","599","LIED21CTRL/LLN0$Status","1","1","0"
"34736","630.629488484","ipcas_21:73:29","147","1","599","LIED21PROT/LLN0$Alarm","1","",""
"34737","630.629490021","ipcas_21:73:29","204","1","599","LIED21MEAS/LLN0$Measurement","465","464","468"
