"No.","Time","Source","Length","stNum","sqNum","goID","integer","integer","integer"
"4","2.523058260","ipcas_21:73:33","149","1","0","LIED10CTRL/LLN0$Status","1","1","0"
"5","2.523067680","ipcas_21:73:33","146","1","0","LIED10PROT/LLN0$Alarm","1","",""
"6","2.523068797","ipcas_21:73:33","203","1","0","LIED10MEAS/LLN0$Measurement","313","308","315"
"57","4.023791143","ipcas_21:73:33","149","1","1","LIED10CTRL/LLN0$Status","1","1","0"
"58","4.023856981","ipcas_21:73:33","146","1","1","LIED10PROT/LLN0$Alarm","1","",""
"59","4.023858705","ipcas_21:73:33","203","1","1","LIED10MEAS/LLN0$Measurement","308","312","313"
"112","5.106923600","ipcas_21:73:33","149","1","2","LIED10CTRL/LLN0$Status","1","1","0"
"113","5.106934371","ipcas_21:73:33","146","1","2","LIED10PROT/LLN0$Alarm","1","",""
"114","5.106936362","ipcas_21:73:33","203","1","2","LIED10MEAS/LLN0$Measurement","314","306","305"
"165","6.133457750","ipcas_21:73:33","149","1","3","LIED10CTRL/LLN0$Status","1","1","0"
"166","6.134163452","ipcas_21:73:33","146","1","3","LIED10PROT/LLN0$Alarm","1","",""
"167","6.134170766","ipcas_21:73:33","203","1","3","LIED10MEAS/LLN0$Measurement","310","315","307"
"221","7.179708597","ipcas_21:73:33","149","1","4","LIED10CTRL/LLN0$Status","1","1","0"
"222","7.179716265","ipcas_21:73:33","146","1","4","LIED10PROT/LLN0$Alarm","1","",""
"223","7.179717337","ipcas_21:73:33","203","1","4","LIED10MEAS/LLN0$Measurement","311","315","311"
"276","8.223878552","ipcas_21:73:33","149","1","5","LIED10CTRL/LLN0$Status","1","1","0"
"277","8.223886901","ipcas_21:73:33","146","1","5","LIED10PROT/LLN0$Alarm","1","",""
"278","8.223887910","ipcas_21:73:33","203","1","5","LIED10MEAS/LLN0$Measurement","314","314","315"
"332","9.256316610","ipcas_21:73:33","149","1","6","LIED10CTRL/LLN0$Status","1","1","0"
"333","9.256326098","ipcas_21:73:33","146","1","6","LIED10PROT/LLN0$Alarm","1","",""
"334","9.257455750","ipcas_21:73:33","203","1","6","LIED10MEAS/LLN0$Measurement","308","305","312"
"386","10.297029104","ipcas_21:73:33","149","1","7","LIED10CTRL/LLN0$Status","1","1","0"
"387","10.319134369","ipcas_21:73:33","146","1","7","LIED10PROT/LLN0$Alarm","1","",""
"388","10.319142938","ipcas_21:73:33","203","1","7","LIED10MEAS/LLN0$Measurement","314","313","308"
"439","11.322720726","ipcas_21:73:33","149","1","8","LIED10CTRL/LLN0$Status","1","1","0"
"440","11.322732593","ipcas_21:73:33","146","1","8","LIED10PROT/LLN0$Alarm","1","",""
"441","11.322734300","ipcas_21:73:33","203","1","8","LIED10MEAS/LLN0$Measurement","306","311","310"
"493","12.360691359","ipcas_21:73:33","149","1","9","LIED10CTRL/LLN0$Status","1","1","0"
"494","12.360698199","ipcas_21:73:33","146","1","9","LIED10PROT/LLN0$Alarm","1","",""
"495","12.360698550","ipcas_21:73:33","203","1","9","LIED10MEAS/LLN0$Measurement","314","305","309"
"546","13.403857371","ipcas_21:73:33","149","1","10","LIED10CTRL/LLN0$Status","1","1","0"
"547","13.403866779","ipcas_21:73:33","146","1","10","LIED10PROT/LLN0$Alarm","1","",""
"548","13.403868386","ipcas_21:73:33","203","1","10","LIED10MEAS/LLN0$Measurement","353","350","350"
"599","14.461503350","ipcas_21:73:33","149","1","11","LIED10CTRL/LLN0$Status","1","1","0"
"600","14.461511789","ipcas_21:73:33","146","1","11","LIED10PROT/LLN0$Alarm","1","",""
"601","14.461513232","ipcas_21:73:33","203","1","11","LIED10MEAS/LLN0$Measurement","350","349","350"
"653","15.501890099","ipcas_21:73:33","149","1","12","LIED10CTRL/LLN0$Status","1","1","0"
"654","15.502123130","ipcas_21:73:33","146","1","12","LIED10PROT/LLN0$Alarm","1","",""
"655","15.502127129","ipcas_21:73:33","203","1","12","LIED10MEAS/LLN0$Measurement","350","348","348"
"708","16.542283102","ipcas_21:73:33","149","1","13","LIED10CTRL/LLN0$Status","1","1","0"
"709","16.542292470","ipcas_21:73:33","146","1","13","LIED10PROT/LLN0$Alarm","1","",""
"710","16.542293462","ipcas_21:73:33","203","1","13","LIED10MEAS/LLN0$Measurement","350","347","350"
"761","17.587049358","ipcas_21:73:33","149","1","14","LIED10CTRL/LLN0$Status","1","1","0"
"762","17.587062088","ipcas_21:73:33","146","1","14","LIED10PROT/LLN0$Alarm","1","",""
"763","17.587366170","ipcas_21:73:33","203","1","14","LIED10MEAS/LLN0$Measurement","346","350","352"
"815","18.624131305","ipcas_21:73:33","149","1","15","LIED10CTRL/LLN0$Status","1","1","0"
"816","18.624825030","ipcas_21:73:33","146","1","15","LIED10PROT/LLN0$Alarm","1","",""
"817","18.625622403","ipcas_21:73:33","203","1","15","LIED10MEAS/LLN0$Measurement","204","210","210"
"869","19.666948434","ipcas_21:73:33","149","1","16","LIED10CTRL/LLN0$Status","1","1","0"
"870","19.667135919","ipcas_21:73:33","146","1","16","LIED10PROT/LLN0$Alarm","1","",""
"871","19.667142010","ipcas_21:73:33","203","1","16","LIED10MEAS/LLN0$Measurement","206","205","206"
"934","20.697589001","ipcas_21:73:33","149","1","17","LIED10CTRL/LLN0$Status","1","1","0"
"935","20.697621462","ipcas_21:73:33","146","1","17","LIED10PROT/LLN0$Alarm","1","",""
"936","20.697954615","ipcas_21:73:33","203","1","17","LIED10MEAS/LLN0$Measurement","206","204","206"
"993","21.726226219","ipcas_21:73:33","149","1","18","LIED10CTRL/LLN0$Status","1","1","0"
"994","21.726236235","ipcas_21:73:33","146","1","18","LIED10PROT/LLN0$Alarm","1","",""
"995","21.726237218","ipcas_21:73:33","203","1","18","LIED10MEAS/LLN0$Measurement","204","206","208"
"1046","22.753618466","ipcas_21:73:33","149","1","19","LIED10CTRL/LLN0$Status","1","1","0"
"1047","22.753629277","ipcas_21:73:33","146","1","19","LIED10PROT/LLN0$Alarm","1","",""
"1048","22.753630958","ipcas_21:73:33","203","1","19","LIED10MEAS/LLN0$Measurement","203","206","206"
"1099","23.811385863","ipcas_21:73:33","149","1","20","LIED10CTRL/LLN0$Status","1","1","0"
"1100","23.811396360","ipcas_21:73:33","146","1","20","LIED10PROT/LLN0$Alarm","1","",""
"1101","23.811397707","ipcas_21:73:33","203","1","20","LIED10MEAS/LLN0$Measurement","211","203","206"
"1152","24.851454834","ipcas_21:73:33","149","1","21","LIED10CTRL/LLN0$Status","1","1","0"
"1153","24.851463433","ipcas_21:73:33","146","1","21","LIED10PROT/LLN0$Alarm","1","",""
"1154","24.851463825","ipcas_21:73:33","203","1","21","LIED10MEAS/LLN0$Measurement","206","206","209"
"1205","25.908600064","ipcas_21:73:33","149","1","22","LIED10CTRL/LLN0$Status","1","1","0"
"1206","25.908610112","ipcas_21:73:33","146","1","22","LIED10PROT/LLN0$Alarm","1","",""
"1207","25.908610757","ipcas_21:73:33","203","1","22","LIED10MEAS/LLN0$Measurement","203","204","208"
"1258","26.927790654","ipcas_21:73:33","149","1","23","LIED10CTRL/LLN0$Status","1","1","0"
"1259","26.928373218","ipcas_21:73:33","146","1","23","LIED10PROT/LLN0$Alarm","1","",""
"1260","26.928377060","ipcas_21:73:33","203","1","23","LIED10MEAS/LLN0$Measurement","207","206","202"
"1311","27.944516526","ipcas_21:73:33","149","1","24","LIED10CTRL/LLN0$Status","1","1","0"
"1312","27.944696005","ipcas_21:73:33","146","1","24","LIED10PROT/LLN0$Alarm","1","",""
"1313","27.945180074","ipcas_21:73:33","203","1","24","LIED10MEAS/LLN0$Measurement","208","207","209"
"1364","29.003388701","ipcas_21:73:33","149","1","25","LIED10CTRL/LLN0$Status","1","1","0"
"1365","29.003397045","ipcas_21:73:33","146","1","25","LIED10PROT/LLN0$Alarm","1","",""
"1366","29.003398323","ipcas_21:73:33","203","1","25","LIED10MEAS/LLN0$Measurement","206","210","202"
"1417","30.035145854","ipcas_21:73:33","149","1","26","LIED10CTRL/LLN0$Status","1","1","0"
"1418","30.035506505","ipcas_21:73:33","146","1","26","LIED10PROT/LLN0$Alarm","1","",""
"1419","30.035833793","ipcas_21:73:33","203","1","26","LIED10MEAS/LLN0$Measurement","206","210","202"
"1470","31.065894330","ipcas_21:73:33","149","1","27","LIED10CTRL/LLN0$Status","1","1","0"
"1471","31.065905329","ipcas_21:73:33","146","1","27","LIED10PROT/LLN0$Alarm","1","",""
"1472","31.066667449","ipcas_21:73:33","203","1","27","LIED10MEAS/LLN0$Measurement","201","208","206"
"1523","32.104224965","ipcas_21:73:33","149","1","28","LIED10CTRL/LLN0$Status","1","1","0"
"1524","32.104233374","ipcas_21:73:33","146","1","28","LIED10PROT/LLN0$Alarm","1","",""
"1525","32.105144316","ipcas_21:73:33","203","1","28","LIED10MEAS/LLN0$Measurement","208","206","205"
"1576","33.173459297","ipcas_21:73:33","149","1","29","LIED10CTRL/LLN0$Status","1","1","0"
"1577","33.174219075","ipcas_21:73:33","146","1","29","LIED10PROT/LLN0$Alarm","1","",""
"1578","33.174645945","ipcas_21:73:33","203","1","29","LIED10MEAS/LLN0$Measurement","206","202","210"
"1629","34.236119175","ipcas_21:73:33","149","1","30","LIED10CTRL/LLN0$Status","1","1","0"
"1630","34.236129399","ipcas_21:73:33","146","1","30","LIED10PROT/LLN0$Alarm","1","",""
"1631","34.236849522","ipcas_21:73:33","203","1","30","LIED10MEAS/LLN0$Measurement","206","206","203"
"1682","35.265297126","ipcas_21:73:33","149","1","31","LIED10CTRL/LLN0$Status","1","1","0"
"1683","35.265829993","ipcas_21:73:33","146","1","31","LIED10PROT/LLN0$Alarm","1","",""
"1684","35.265835202","ipcas_21:73:33","203","1","31","LIED10MEAS/LLN0$Measurement","211","202","210"
"1735","36.317703316","ipcas_21:73:33","149","1","32","LIED10CTRL/LLN0$Status","1","1","0"
"1736","36.318022572","ipcas_21:73:33","146","1","32","LIED10PROT/LLN0$Alarm","1","",""
"1737","36.318730016","ipcas_21:73:33","203","1","32","LIED10MEAS/LLN0$Measurement","206","202","206"
"1788","37.358740185","ipcas_21:73:33","149","1","33","LIED10CTRL/LLN0$Status","1","1","0"
"1789","37.358749439","ipcas_21:73:33","146","1","33","LIED10PROT/LLN0$Alarm","1","",""
"1790","37.358750518","ipcas_21:73:33","203","1","33","LIED10MEAS/LLN0$Measurement","207","208","206"
"1841","38.388649450","ipcas_21:73:33","149","1","34","LIED10CTRL/LLN0$Status","1","1","0"
"1842","38.391680847","ipcas_21:73:33","146","1","34","LIED10PROT/LLN0$Alarm","1","",""
"1843","38.391687839","ipcas_21:73:33","203","1","34","LIED10MEAS/LLN0$Measurement","208","206","206"
"1894","39.431554930","ipcas_21:73:33","149","1","35","LIED10CTRL/LLN0$Status","1","1","0"
"1895","39.432362244","ipcas_21:73:33","146","1","35","LIED10PROT/LLN0$Alarm","1","",""
"1896","39.432367018","ipcas_21:73:33","203","1","35","LIED10MEAS/LLN0$Measurement","202","210","202"
"1947","40.471192827","ipcas_21:73:33","149","1","36","LIED10CTRL/LLN0$Status","1","1","0"
"1948","40.471771689","ipcas_21:73:33","146","1","36","LIED10PROT/LLN0$Alarm","1","",""
"1949","40.472654135","ipcas_21:73:33","203","1","36","LIED10MEAS/LLN0$Measurement","206","206","201"
"2000","41.529145366","ipcas_21:73:33","149","1","37","LIED10CTRL/LLN0$Status","1","1","0"
"2001","41.529154507","ipcas_21:73:33","146","1","37","LIED10PROT/LLN0$Alarm","1","",""
"2002","41.529155429","ipcas_21:73:33","203","1","37","LIED10MEAS/LLN0$Measurement","206","206","210"
"2053","42.583539915","ipcas_21:73:33","149","1","38","LIED10CTRL/LLN0$Status","1","1","0"
"2054","42.583548609","ipcas_21:73:33","146","1","38","LIED10PROT/LLN0$Alarm","1","",""
"2055","42.583549670","ipcas_21:73:33","203","1","38","LIED10MEAS/LLN0$Measurement","208","207","206"
"2106","43.589663635","ipcas_21:73:33","149","1","39","LIED10CTRL/LLN0$Status","1","1","0"
"2107","43.589675071","ipcas_21:73:33","146","1","39","LIED10PROT/LLN0$Alarm","1","",""
"2108","43.589851503","ipcas_21:73:33","203","1","39","LIED10MEAS/LLN0$Measurement","204","206","204"
"2159","44.641599020","ipcas_21:73:33","149","1","40","LIED10CTRL/LLN0$Status","1","1","0"
"2160","44.642131309","ipcas_21:73:33","146","1","40","LIED10PROT/LLN0$Alarm","1","",""
"2161","44.642136070","ipcas_21:73:33","203","1","40","LIED10MEAS/LLN0$Measurement","206","211","204"
"2212","45.670452883","ipcas_21:73:33","149","1","41","LIED10CTRL/LLN0$Status","1","1","0"
"2213","45.670465870","ipcas_21:73:33","146","1","41","LIED10PROT/LLN0$Alarm","1","",""
"2214","45.670582665","ipcas_21:73:33","203","1","41","LIED10MEAS/LLN0$Measurement","209","204","210"
"2265","46.705804837","ipcas_21:73:33","149","1","42","LIED10CTRL/LLN0$Status","1","1","0"
"2266","46.705815451","ipcas_21:73:33","146","1","42","LIED10PROT/LLN0$Alarm","1","",""
"2267","46.705992007","ipcas_21:73:33","203","1","42","LIED10MEAS/LLN0$Measurement","206","206","207"
"2318","47.760460125","ipcas_21:73:33","149","1","43","LIED10CTRL/LLN0$Status","1","1","0"
"2319","47.760849405","ipcas_21:73:33","146","1","43","LIED10PROT/LLN0$Alarm","1","",""
"2320","47.760853745","ipcas_21:73:33","203","1","43","LIED10MEAS/LLN0$Measurement","207","207","209"
"2371","48.791539090","ipcas_21:73:33","149","1","44","LIED10CTRL/LLN0$Status","1","1","0"
"2372","48.791549685","ipcas_21:73:33","146","1","44","LIED10PROT/LLN0$Alarm","1","",""
"2373","48.791550964","ipcas_21:73:33","203","1","44","LIED10MEAS/LLN0$Measurement","206","208","206"
"2424","49.838317881","ipcas_21:73:33","149","1","45","LIED10CTRL/LLN0$Status","1","1","0"
"2425","49.838327269","ipcas_21:73:33","146","1","45","LIED10PROT/LLN0$Alarm","1","",""
"2426","49.838328549","ipcas_21:73:33","203","1","45","LIED10MEAS/LLN0$Measurement","205","206","207"
"2477","50.867140624","ipcas_21:73:33","149","1","46","LIED10CTRL/LLN0$Status","1","1","0"
"2478","50.867147028","ipcas_21:73:33","146","1","46","LIED10PROT/LLN0$Alarm","1","",""
"2479","50.867147741","ipcas_21:73:33","203","1","46","LIED10MEAS/LLN0$Measurement","206","204","205"
"2530","51.908072924","ipcas_21:73:33","149","1","47","LIED10CTRL/LLN0$Status","1","1","0"
"2531","51.908081751","ipcas_21:73:33","146","1","47","LIED10PROT/LLN0$Alarm","1","",""
"2532","51.908083081","ipcas_21:73:33","203","1","47","LIED10MEAS/LLN0$Measurement","206","206","202"
"2583","52.934352519","ipcas_21:73:33","149","1","48","LIED10CTRL/LLN0$Status","1","1","0"
"2584","52.934361951","ipcas_21:73:33","146","1","48","LIED10PROT/LLN0$Alarm","1","",""
"2585","52.934363778","ipcas_21:73:33","203","1","48","LIED10MEAS/LLN0$Measurement","206","205","210"
"2636","53.989040090","ipcas_21:73:33","149","1","49","LIED10CTRL/LLN0$Status","1","1","0"
"2637","53.989050194","ipcas_21:73:33","146","1","49","LIED10PROT/LLN0$Alarm","1","",""
"2638","53.989051904","ipcas_21:73:33","203","1","49","LIED10MEAS/LLN0$Measurement","208","202","202"
"2689","55.024597932","ipcas_21:73:33","149","1","50","LIED10CTRL/LLN0$Status","1","1","0"
"2690","55.024618837","ipcas_21:73:33","146","1","50","LIED10PROT/LLN0$Alarm","1","",""
"2691","55.024619906","ipcas_21:73:33","203","1","50","LIED10MEAS/LLN0$Measurement","206","206","209"
"2742","56.047737452","ipcas_21:73:33","149","1","51","LIED10CTRL/LLN0$Status","1","1","0"
"2743","56.047748257","ipcas_21:73:33","146","1","51","LIED10PROT/LLN0$Alarm","1","",""
"2744","56.048921764","ipcas_21:73:33","203","1","51","LIED10MEAS/LLN0$Measurement","210","206","206"
"2795","57.103158431","ipcas_21:73:33","149","1","52","LIED10CTRL/LLN0$Status","1","1","0"
"2796","57.104286668","ipcas_21:73:33","146","1","52","LIED10PROT/LLN0$Alarm","1","",""
"2797","57.104291406","ipcas_21:73:33","203","1","52","LIED10MEAS/LLN0$Measurement","209","206","211"
"2848","58.155654190","ipcas_21:73:33","149","1","53","LIED10CTRL/LLN0$Status","1","1","0"
"2849","58.155664523","ipcas_21:73:33","146","1","53","LIED10PROT/LLN0$Alarm","1","",""
"2850","58.156360171","ipcas_21:73:33","203","1","53","LIED10MEAS/LLN0$Measurement","206","204","206"
"2901","59.197727906","ipcas_21:73:33","149","1","54","LIED10CTRL/LLN0$Status","1","1","0"
"2902","59.198233945","ipcas_21:73:33","146","1","54","LIED10PROT/LLN0$Alarm","1","",""
"2903","59.198864112","ipcas_21:73:33","203","1","54","LIED10MEAS/LLN0$Measurement","206","203","206"
"2954","60.226426883","ipcas_21:73:33","149","1","55","LIED10CTRL/LLN0$Status","1","1","0"
"2955","60.226737934","ipcas_21:73:33","146","1","55","LIED10PROT/LLN0$Alarm","1","",""
"2956","60.227721811","ipcas_21:73:33","203","1","55","LIED10MEAS/LLN0$Measurement","210","204","205"
"3007","61.271366741","ipcas_21:73:33","149","1","56","LIED10CTRL/LLN0$Status","1","1","0"
"3008","61.271886521","ipcas_21:73:33","146","1","56","LIED10PROT/LLN0$Alarm","1","",""
"3009","61.272473128","ipcas_21:73:33","203","1","56","LIED10MEAS/LLN0$Measurement","207","201","206"
"3060","62.357055675","ipcas_21:73:33","149","1","57","LIED10CTRL/LLN0$Status","1","1","0"
"3061","62.357066600","ipcas_21:73:33","146","1","57","LIED10PROT/LLN0$Alarm","1","",""
"3062","62.357067636","ipcas_21:73:33","203","1","57","LIED10MEAS/LLN0$Measurement","206","211","206"
"3113","63.397346395","ipcas_21:73:33","149","1","58","LIED10CTRL/LLN0$Status","1","1","0"
"3114","63.397364423","ipcas_21:73:33","146","1","58","LIED10PROT/LLN0$Alarm","1","",""
"3115","63.397365308","ipcas_21:73:33","203","1","58","LIED10MEAS/LLN0$Measurement","202","206","209"
"3166","64.418649058","ipcas_21:73:33","149","1","59","LIED10CTRL/LLN0$Status","1","1","0"
"3167","64.418656006","ipcas_21:73:33","146","1","59","LIED10PROT/LLN0$Alarm","1","",""
"3168","64.418656536","ipcas_21:73:33","203","1","59","LIED10MEAS/LLN0$Measurement","208","209","204"
"3219","65.442683732","ipcas_21:73:33","149","1","60","LIED10CTRL/LLN0$Status","1","1","0"
"3220","65.442692967","ipcas_21:73:33","146","1","60","LIED10PROT/LLN0$Alarm","1","",""
"3221","65.443584875","ipcas_21:73:33","203","1","60","LIED10MEAS/LLN0$Measurement","206","206","206"
"3272","66.498698203","ipcas_21:73:33","149","1","61","LIED10CTRL/LLN0$Status","1","1","0"
"3273","66.498707030","ipcas_21:73:33","146","1","61","LIED10PROT/LLN0$Alarm","1","",""
"3274","66.498708437","ipcas_21:73:33","203","1","61","LIED10MEAS/LLN0$Measurement","206","205","205"
"3325","67.542280378","ipcas_21:73:33","149","1","62","LIED10CTRL/LLN0$Status","1","1","0"
"3326","67.542288664","ipcas_21:73:33","146","1","62","LIED10PROT/LLN0$Alarm","1","",""
"3327","67.542868683","ipcas_21:73:33","203","1","62","LIED10MEAS/LLN0$Measurement","208","203","209"
"3378","68.586795835","ipcas_21:73:33","149","1","63","LIED10CTRL/LLN0$Status","1","1","0"
"3379","68.587373486","ipcas_21:73:33","146","1","63","LIED10PROT/LLN0$Alarm","1","",""
"3380","68.587379714","ipcas_21:73:33","203","1","63","LIED10MEAS/LLN0$Measurement","206","206","206"
"3431","69.643048915","ipcas_21:73:33","149","1","64","LIED10CTRL/LLN0$Status","1","1","0"
"3432","69.643059465","ipcas_21:73:33","146","1","64","LIED10PROT/LLN0$Alarm","1","",""
"3433","69.643060555","ipcas_21:73:33","203","1","64","LIED10MEAS/LLN0$Measurement","202","206","209"
"3484","70.657578528","ipcas_21:73:33","149","1","65","LIED10CTRL/LLN0$Status","1","1","0"
"3485","70.657767044","ipcas_21:73:33","146","1","65","LIED10PROT/LLN0$Alarm","1","",""
"3486","70.658225590","ipcas_21:73:33","203","1","65","LIED10MEAS/LLN0$Measurement","203","202","206"
"3537","71.695787389","ipcas_21:73:33","149","1","66","LIED10CTRL/LLN0$Status","1","1","0"
"3538","71.695796697","ipcas_21:73:33","146","1","66","LIED10PROT/LLN0$Alarm","1","",""
"3539","71.696953383","ipcas_21:73:33","203","1","66","LIED10MEAS/LLN0$Measurement","209","207","206"
"3590","72.741010090","ipcas_21:73:33","149","1","67","LIED10CTRL/LLN0$Status","1","1","0"
"3591","72.741416226","ipcas_21:73:33","146","1","67","LIED10PROT/LLN0$Alarm","1","",""
"3592","72.741419934","ipcas_21:73:33","203","1","67","LIED10MEAS/LLN0$Measurement","206","205","206"
"3643","73.779730329","ipcas_21:73:33","149","1","68","LIED10CTRL/LLN0$Status","1","1","0"
"3644","73.780175427","ipcas_21:73:33","146","1","68","LIED10PROT/LLN0$Alarm","1","",""
"3645","73.780688616","ipcas_21:73:33","203","1","68","LIED10MEAS/LLN0$Measurement","210","207","206"
"3696","74.830237564","ipcas_21:73:33","149","1","69","LIED10CTRL/LLN0$Status","1","1","0"
"3697","74.830247838","ipcas_21:73:33","146","1","69","LIED10PROT/LLN0$Alarm","1","",""
"3698","74.830249625","ipcas_21:73:33","203","1","69","LIED10MEAS/LLN0$Measurement","210","208","210"
"3767","75.904422381","ipcas_21:73:33","149","1","70","LIED10CTRL/LLN0$Status","1","1","0"
"3768","75.904423438","ipcas_21:73:33","146","1","70","LIED10PROT/LLN0$Alarm","1","",""
"3769","75.904424140","ipcas_21:73:33","203","1","70","LIED10MEAS/LLN0$Measurement","206","206","203"
"3805","76.967689795","ipcas_21:73:33","149","1","71","LIED10CTRL/LLN0$Status","1","1","0"
"3806","76.967700055","ipcas_21:73:33","146","1","71","LIED10PROT/LLN0$Alarm","1","",""
"3807","76.967701188","ipcas_21:73:33","203","1","71","LIED10MEAS/LLN0$Measurement","204","209","209"
"3867","78.015795921","ipcas_21:73:33","149","1","72","LIED10CTRL/LLN0$Status","1","1","0"
"3868","78.015796710","ipcas_21:73:33","146","1","72","LIED10PROT/LLN0$Alarm","1","",""
"3869","78.015797207","ipcas_21:73:33","203","1","72","LIED10MEAS/LLN0$Measurement","207","206","209"
"3908","78.997439368","ipcas_21:73:33","149","1","73","LIED10CTRL/LLN0$Status","1","1","0"
"3909","78.997448522","ipcas_21:73:33","146","1","73","LIED10PROT/LLN0$Alarm","1","",""
"3910","78.998130420","ipcas_21:73:33","203","1","73","LIED10MEAS/LLN0$Measurement","206","206","204"
"3961","80.058504219","ipcas_21:73:33","149","1","74","LIED10CTRL/LLN0$Status","1","1","0"
"3962","80.058514606","ipcas_21:73:33","146","1","74","LIED10PROT/LLN0$Alarm","1","",""
"3963","80.058516374","ipcas_21:73:33","203","1","74","LIED10MEAS/LLN0$Measurement","206","202","206"
"4014","81.084041323","ipcas_21:73:33","149","1","75","LIED10CTRL/LLN0$Status","1","1","0"
"4015","81.084052218","ipcas_21:73:33","146","1","75","LIED10PROT/LLN0$Alarm","1","",""
"4016","81.084053612","ipcas_21:73:33","203","1","75","LIED10MEAS/LLN0$Measurement","206","209","209"
"4070","82.167345720","ipcas_21:73:33","149","1","76","LIED10CTRL/LLN0$Status","1","1","0"
"4071","82.167354073","ipcas_21:73:33","146","1","76","LIED10PROT/LLN0$Alarm","1","",""
"4072","82.167355713","ipcas_21:73:33","203","1","76","LIED10MEAS/LLN0$Measurement","208","206","205"
"4120","83.198419614","ipcas_21:73:33","149","1","77","LIED10CTRL/LLN0$Status","1","1","0"
"4121","83.198726406","ipcas_21:73:33","146","1","77","LIED10PROT/LLN0$Alarm","1","",""
"4122","83.199092316","ipcas_21:73:33","203","1","77","LIED10MEAS/LLN0$Measurement","206","202","206"
"4179","84.264599175","ipcas_21:73:33","149","1","78","LIED10CTRL/LLN0$Status","1","1","0"
"4180","84.264600719","ipcas_21:73:33","146","1","78","LIED10PROT/LLN0$Alarm","1","",""
"4181","84.264601748","ipcas_21:73:33","203","1","78","LIED10MEAS/LLN0$Measurement","206","207","206"
"4249","85.325546084","ipcas_21:73:33","149","1","79","LIED10CTRL/LLN0$Status","1","1","0"
"4250","85.325546428","ipcas_21:73:33","146","1","79","LIED10PROT/LLN0$Alarm","1","",""
"4251","85.325546720","ipcas_21:73:33","203","1","79","LIED10MEAS/LLN0$Measurement","207","206","206"
"4302","86.345462174","ipcas_21:73:33","149","1","80","LIED10CTRL/LLN0$Status","1","1","0"
"4303","86.345470571","ipcas_21:73:33","146","1","80","LIED10PROT/LLN0$Alarm","1","",""
"4304","86.345471145","ipcas_21:73:33","203","1","80","LIED10MEAS/LLN0$Measurement","203","205","207"
"4355","87.361695491","ipcas_21:73:33","149","1","81","LIED10CTRL/LLN0$Status","1","1","0"
"4356","87.361704894","ipcas_21:73:33","146","1","81","LIED10PROT/LLN0$Alarm","1","",""
"4357","87.361844569","ipcas_21:73:33","203","1","81","LIED10MEAS/LLN0$Measurement","208","203","201"
"4408","88.379454845","ipcas_21:73:33","149","1","82","LIED10CTRL/LLN0$Status","1","1","0"
"4409","88.379458904","ipcas_21:73:33","146","1","82","LIED10PROT/LLN0$Alarm","1","",""
"4410","88.379459739","ipcas_21:73:33","203","1","82","LIED10MEAS/LLN0$Measurement","204","206","205"
"4461","89.430360373","ipcas_21:73:33","149","1","83","LIED10CTRL/LLN0$Status","1","1","0"
"4462","89.430369297","ipcas_21:73:33","146","1","83","LIED10PROT/LLN0$Alarm","1","",""
"4463","89.430621228","ipcas_21:73:33","203","1","83","LIED10MEAS/LLN0$Measurement","206","205","206"
"4514","90.449832078","ipcas_21:73:33","149","1","84","LIED10CTRL/LLN0$Status","1","1","0"
"4515","90.449840907","ipcas_21:73:33","146","1","84","LIED10PROT/LLN0$Alarm","1","",""
"4516","90.449841996","ipcas_21:73:33","203","1","84","LIED10MEAS/LLN0$Measurement","208","210","209"
"4567","91.499546822","ipcas_21:73:33","149","1","85","LIED10CTRL/LLN0$Status","1","1","0"
"4568","91.499554991","ipcas_21:73:33","146","1","85","LIED10PROT/LLN0$Alarm","1","",""
"4569","91.499555497","ipcas_21:73:33","203","1","85","LIED10MEAS/LLN0$Measurement","206","206","205"
"4620","92.526153523","ipcas_21:73:33","149","1","86","LIED10CTRL/LLN0$Status","1","1","0"
"4621","92.526162789","ipcas_21:73:33","146","1","86","LIED10PROT/LLN0$Alarm","1","",""
"4622","92.526163324","ipcas_21:73:33","203","1","86","LIED10MEAS/LLN0$Measurement","206","207","201"
"4673","93.541038240","ipcas_21:73:33","149","1","87","LIED10CTRL/LLN0$Status","1","1","0"
"4674","93.541047963","ipcas_21:73:33","146","1","87","LIED10PROT/LLN0$Alarm","1","",""
"4675","93.541048630","ipcas_21:73:33","203","1","87","LIED10MEAS/LLN0$Measurement","210","211","206"
"4726","94.559159340","ipcas_21:73:33","149","1","88","LIED10CTRL/LLN0$Status","1","1","0"
"4727","94.559169045","ipcas_21:73:33","146","1","88","LIED10PROT/LLN0$Alarm","1","",""
"4728","94.559169703","ipcas_21:73:33","203","1","88","LIED10MEAS/LLN0$Measurement","202","210","210"
"4779","95.578055684","ipcas_21:73:33","149","1","89","LIED10CTRL/LLN0$Status","1","1","0"
"4780","95.578062291","ipcas_21:73:33","146","1","89","LIED10PROT/LLN0$Alarm","1","",""
"4781","95.578062785","ipcas_21:73:33","203","1","89","LIED10MEAS/LLN0$Measurement","205","206","206"
"4832","96.602892690","ipcas_21:73:33","149","1","90","LIED10CTRL/LLN0$Status","1","1","0"
"4833","96.602898031","ipcas_21:73:33","146","1","90","LIED10PROT/LLN0$Alarm","1","",""
"4834","96.602899295","ipcas_21:73:33","203","1","90","LIED10MEAS/LLN0$Measurement","206","206","206"
"4885","97.650362909","ipcas_21:73:33","149","1","91","LIED10CTRL/LLN0$Status","1","1","0"
"4886","97.650371471","ipcas_21:73:33","146","1","91","LIED10PROT/LLN0$Alarm","1","",""
"4887","97.650372554","ipcas_21:73:33","203","1","91","LIED10MEAS/LLN0$Measurement","206","204","205"
"4938","98.697967800","ipcas_21:73:33","149","1","92","LIED10CTRL/LLN0$Status","1","1","0"
"4939","98.698240343","ipcas_21:73:33","146","1","92","LIED10PROT/LLN0$Alarm","1","",""
"4940","98.698243660","ipcas_21:73:33","203","1","92","LIED10MEAS/LLN0$Measurement","206","209","206"
"4991","99.750785288","ipcas_21:73:33","149","1","93","LIED10CTRL/LLN0$Status","1","1","0"
"4992","99.750792528","ipcas_21:73:33","146","1","93","LIED10PROT/LLN0$Alarm","1","",""
"4993","99.750853447","ipcas_21:73:33","203","1","93","LIED10MEAS/LLN0$Measurement","202","203","206"
"5044","100.779591509","ipcas_21:73:33","149","1","94","LIED10CTRL/LLN0$Status","1","1","0"
"5045","100.780531824","ipcas_21:73:33","146","1","94","LIED10PROT/LLN0$Alarm","1","",""
"5046","100.780537367","ipcas_21:73:33","203","1","94","LIED10MEAS/LLN0$Measurement","205","201","203"
"5097","101.819470754","ipcas_21:73:33","149","1","95","LIED10CTRL/LLN0$Status","1","1","0"
"5098","101.819481308","ipcas_21:73:33","146","1","95","LIED10PROT/LLN0$Alarm","1","",""
"5099","101.819482237","ipcas_21:73:33","203","1","95","LIED10MEAS/LLN0$Measurement","201","206","205"
"5150","102.855482159","ipcas_21:73:33","149","1","96","LIED10CTRL/LLN0$Status","1","1","0"
"5151","102.855491895","ipcas_21:73:33","146","1","96","LIED10PROT/LLN0$Alarm","1","",""
"5152","102.855493382","ipcas_21:73:33","203","1","96","LIED10MEAS/LLN0$Measurement","209","203","202"
"5203","103.885789398","ipcas_21:73:33","149","1","97","LIED10CTRL/LLN0$Status","1","1","0"
"5204","103.885800349","ipcas_21:73:33","146","1","97","LIED10PROT/LLN0$Alarm","1","",""
"5205","103.885801596","ipcas_21:73:33","203","1","97","LIED10MEAS/LLN0$Measurement","206","204","206"
"5256","104.921971697","ipcas_21:73:33","149","1","98","LIED10CTRL/LLN0$Status","1","1","0"
"5257","104.921982001","ipcas_21:73:33","146","1","98","LIED10PROT/LLN0$Alarm","1","",""
"5258","104.921983163","ipcas_21:73:33","203","1","98","LIED10MEAS/LLN0$Measurement","206","204","202"
"5309","105.971157303","ipcas_21:73:33","149","1","99","LIED10CTRL/LLN0$Status","1","1","0"
"5310","105.971619725","ipcas_21:73:33","146","1","99","LIED10PROT/LLN0$Alarm","1","",""
"5311","105.972405890","ipcas_21:73:33","203","1","99","LIED10MEAS/LLN0$Measurement","210","206","206"
"5362","107.008103598","ipcas_21:73:33","149","1","100","LIED10CTRL/LLN0$Status","1","1","0"
"5363","107.008113895","ipcas_21:73:33","146","1","100","LIED10PROT/LLN0$Alarm","1","",""
"5364","107.008114994","ipcas_21:73:33","203","1","100","LIED10MEAS/LLN0$Measurement","204","207","208"
"5415","108.043342698","ipcas_21:73:33","149","1","101","LIED10CTRL/LLN0$Status","1","1","0"
"5416","108.043349428","ipcas_21:73:33","146","1","101","LIED10PROT/LLN0$Alarm","1","",""
"5417","108.043350109","ipcas_21:73:33","203","1","101","LIED10MEAS/LLN0$Measurement","209","204","206"
"5468","109.060124148","ipcas_21:73:33","149","1","102","LIED10CTRL/LLN0$Status","1","1","0"
"5469","109.060146043","ipcas_21:73:33","146","1","102","LIED10PROT/LLN0$Alarm","1","",""
"5470","109.060216956","ipcas_21:73:33","203","1","102","LIED10MEAS/LLN0$Measurement","206","203","210"
"5521","110.079728245","ipcas_21:73:33","149","1","103","LIED10CTRL/LLN0$Status","1","1","0"
"5522","110.079737763","ipcas_21:73:33","146","1","103","LIED10PROT/LLN0$Alarm","1","",""
"5523","110.079738255","ipcas_21:73:33","203","1","103","LIED10MEAS/LLN0$Measurement","203","206","202"
"5574","111.096088456","ipcas_21:73:33","149","1","104","LIED10CTRL/LLN0$Status","1","1","0"
"5575","111.096918551","ipcas_21:73:33","146","1","104","LIED10PROT/LLN0$Alarm","1","",""
"5576","111.096923015","ipcas_21:73:33","203","1","104","LIED10MEAS/LLN0$Measurement","202","209","204"
"5627","112.127188610","ipcas_21:73:33","149","1","105","LIED10CTRL/LLN0$Status","1","1","0"
"5628","112.127199212","ipcas_21:73:33","146","1","105","LIED10PROT/LLN0$Alarm","1","",""
"5629","112.127200905","ipcas_21:73:33","203","1","105","LIED10MEAS/LLN0$Measurement","206","208","206"
"5680","113.170635773","ipcas_21:73:33","149","1","106","LIED10CTRL/LLN0$Status","1","1","0"
"5681","113.170641943","ipcas_21:73:33","146","1","106","LIED10PROT/LLN0$Alarm","1","",""
"5682","113.170928576","ipcas_21:73:33","203","1","106","LIED10MEAS/LLN0$Measurement","206","210","206"
"5733","114.203594128","ipcas_21:73:33","149","1","107","LIED10CTRL/LLN0$Status","1","1","0"
"5734","114.203603212","ipcas_21:73:33","146","1","107","LIED10PROT/LLN0$Alarm","1","",""
"5735","114.203604226","ipcas_21:73:33","203","1","107","LIED10MEAS/LLN0$Measurement","202","206","204"
"5786","115.223981188","ipcas_21:73:33","149","1","108","LIED10CTRL/LLN0$Status","1","1","0"
"5787","115.224480668","ipcas_21:73:33","146","1","108","LIED10PROT/LLN0$Alarm","1","",""
"5788","115.224483500","ipcas_21:73:33","203","1","108","LIED10MEAS/LLN0$Measurement","211","206","205"
"5839","116.251143513","ipcas_21:73:33","149","1","109","LIED10CTRL/LLN0$Status","1","1","0"
"5840","116.251150523","ipcas_21:73:33","146","1","109","LIED10PROT/LLN0$Alarm","1","",""
"5841","116.251151312","ipcas_21:73:33","203","1","109","LIED10MEAS/LLN0$Measurement","206","201","203"
"5892","117.280353917","ipcas_21:73:33","149","1","110","LIED10CTRL/LLN0$Status","1","1","0"
"5893","117.280354955","ipcas_21:73:33","146","1","110","LIED10PROT/LLN0$Alarm","1","",""
"5894","117.280355662","ipcas_21:73:33","203","1","110","LIED10MEAS/LLN0$Measurement","209","207","211"
"5945","118.311449867","ipcas_21:73:33","149","1","111","LIED10CTRL/LLN0$Status","1","1","0"
"5946","118.311458958","ipcas_21:73:33","146","1","111","LIED10PROT/LLN0$Alarm","1","",""
"5947","118.311459992","ipcas_21:73:33","203","1","111","LIED10MEAS/LLN0$Measurement","206","209","206"
"5993","119.345673902","ipcas_21:73:33","149","1","112","LIED10CTRL/LLN0$Status","1","1","0"
"5994","119.345680678","ipcas_21:73:33","146","1","112","LIED10PROT/LLN0$Alarm","1","",""
"5995","119.345681777","ipcas_21:73:33","203","1","112","LIED10MEAS/LLN0$Measurement","206","201","202"
"6028","120.350089976","ipcas_21:73:33","149","1","113","LIED10CTRL/LLN0$Status","1","1","0"
"6029","120.350421230","ipcas_21:73:33","146","1","113","LIED10PROT/LLN0$Alarm","1","",""
"6030","120.350425450","ipcas_21:73:33","203","1","113","LIED10MEAS/LLN0$Measurement","207","210","206"
"6081","121.387166444","ipcas_21:73:33","149","1","114","LIED10CTRL/LLN0$Status","1","1","0"
"6082","121.387675981","ipcas_21:73:33","146","1","114","LIED10PROT/LLN0$Alarm","1","",""
"6083","121.387680708","ipcas_21:73:33","203","1","114","LIED10MEAS/LLN0$Measurement","206","207","201"
"6154","122.467844319","ipcas_21:73:33","149","1","115","LIED10CTRL/LLN0$Status","1","1","0"
"6155","122.468035248","ipcas_21:73:33","146","1","115","LIED10PROT/LLN0$Alarm","1","",""
"6156","122.468039401","ipcas_21:73:33","203","1","115","LIED10MEAS/LLN0$Measurement","206","203","208"
"6210","123.501700089","ipcas_21:73:33","149","1","116","LIED10CTRL/LLN0$Status","1","1","0"
"6211","123.501700482","ipcas_21:73:33","146","1","116","LIED10PROT/LLN0$Alarm","1","",""
"6212","123.501700792","ipcas_21:73:33","203","1","116","LIED10MEAS/LLN0$Measurement","205","207","206"
"6263","124.537267319","ipcas_21:73:33","149","1","117","LIED10CTRL/LLN0$Status","1","1","0"
"6264","124.537273631","ipcas_21:73:33","146","1","117","LIED10PROT/LLN0$Alarm","1","",""
"6265","124.537274629","ipcas_21:73:33","203","1","117","LIED10MEAS/LLN0$Measurement","209","206","202"
"6316","125.543629788","ipcas_21:73:33","149","1","118","LIED10CTRL/LLN0$Status","1","1","0"
"6317","125.543635885","ipcas_21:73:33","146","1","118","LIED10PROT/LLN0$Alarm","1","",""
"6318","125.544108997","ipcas_21:73:33","203","1","118","LIED10MEAS/LLN0$Measurement","206","206","206"
"6369","126.569983864","ipcas_21:73:33","149","1","119","LIED10CTRL/LLN0$Status","1","1","0"
"6370","126.569988805","ipcas_21:73:33","146","1","119","LIED10PROT/LLN0$Alarm","1","",""
"6371","126.569989202","ipcas_21:73:33","203","1","119","LIED10MEAS/LLN0$Measurement","206","206","206"
"6414","127.600349078","ipcas_21:73:33","149","1","120","LIED10CTRL/LLN0$Status","1","1","0"
"6415","127.600349797","ipcas_21:73:33","146","1","120","LIED10PROT/LLN0$Alarm","1","",""
"6416","127.600350470","ipcas_21:73:33","203","1","120","LIED10MEAS/LLN0$Measurement","206","206","206"
"6452","128.675103603","ipcas_21:73:33","149","1","121","LIED10CTRL/LLN0$Status","1","1","0"
"6453","128.675113266","ipcas_21:73:33","146","1","121","LIED10PROT/LLN0$Alarm","1","",""
"6454","128.675114380","ipcas_21:73:33","203","1","121","LIED10MEAS/LLN0$Measurement","205","211","202"
"6505","129.667084920","ipcas_21:73:33","149","1","122","LIED10CTRL/LLN0$Status","1","1","0"
"6506","129.667632834","ipcas_21:73:33","146","1","122","LIED10PROT/LLN0$Alarm","1","",""
"6507","129.668605154","ipcas_21:73:33","203","1","122","LIED10MEAS/LLN0$Measurement","207","210","208"
"6558","130.709186343","ipcas_21:73:33","149","1","123","LIED10CTRL/LLN0$Status","1","1","0"
"6559","130.709195921","ipcas_21:73:33","146","1","123","LIED10PROT/LLN0$Alarm","1","",""
"6560","130.709197588","ipcas_21:73:33","203","1","123","LIED10MEAS/LLN0$Measurement","207","205","205"
"6611","131.740377550","ipcas_21:73:33","149","1","124","LIED10CTRL/LLN0$Status","1","1","0"
"6612","131.740975739","ipcas_21:73:33","146","1","124","LIED10PROT/LLN0$Alarm","1","",""
"6613","131.740979565","ipcas_21:73:33","203","1","124","LIED10MEAS/LLN0$Measurement","208","210","203"
"6682","132.790116942","ipcas_21:73:33","149","1","125","LIED10CTRL/LLN0$Status","1","1","0"
"6686","132.790121215","ipcas_21:73:33","146","1","125","LIED10PROT/LLN0$Alarm","1","",""
"6687","132.792782603","ipcas_21:73:33","203","1","125","LIED10MEAS/LLN0$Measurement","206","211","206"
"6740","133.821283184","ipcas_21:73:33","149","1","126","LIED10CTRL/LLN0$Status","1","1","0"
"6741","133.821290950","ipcas_21:73:33","146","1","126","LIED10PROT/LLN0$Alarm","1","",""
"6742","133.821291716","ipcas_21:73:33","203","1","126","LIED10MEAS/LLN0$Measurement","206","206","206"
"6793","134.842518201","ipcas_21:73:33","149","1","127","LIED10CTRL/LLN0$Status","1","1","0"
"6794","134.842523519","ipcas_21:73:33","146","1","127","LIED10PROT/LLN0$Alarm","1","",""
"6795","134.842523886","ipcas_21:73:33","203","1","127","LIED10MEAS/LLN0$Measurement","206","204","206"
"6838","135.895709207","ipcas_21:73:33","150","1","128","LIED10CTRL/LLN0$Status","1","1","0"
"6839","135.895709601","ipcas_21:73:33","147","1","128","LIED10PROT/LLN0$Alarm","1","",""
"6840","135.895710416","ipcas_21:73:33","204","1","128","LIED10MEAS/LLN0$Measurement","206","204","206"
"6876","136.899680314","ipcas_21:73:33","150","1","129","LIED10CTRL/LLN0$Status","1","1","0"
"6877","136.899690064","ipcas_21:73:33","147","1","129","LIED10PROT/LLN0$Alarm","1","",""
"6878","136.899691039","ipcas_21:73:33","204","1","129","LIED10MEAS/LLN0$Measurement","206","207","206"
"6946","137.964107585","ipcas_21:73:33","150","1","130","LIED10CTRL/LLN0$Status","1","1","0"
"6947","137.964108399","ipcas_21:73:33","147","1","130","LIED10PROT/LLN0$Alarm","1","",""
"6949","137.964109891","ipcas_21:73:33","204","1","130","LIED10MEAS/LLN0$Measurement","207","202","203"
"6994","139.003005653","ipcas_21:73:33","150","1","131","LIED10CTRL/LLN0$Status","1","1","0"
"6995","139.003006223","ipcas_21:73:33","147","1","131","LIED10PROT/LLN0$Alarm","1","",""
"6996","139.003007021","ipcas_21:73:33","204","1","131","LIED10MEAS/LLN0$Measurement","205","202","208"
"7035","139.994841759","ipcas_21:73:33","150","1","132","LIED10CTRL/LLN0$Status","1","1","0"
"7036","139.994850562","ipcas_21:73:33","147","1","132","LIED10PROT/LLN0$Alarm","1","",""
"7037","139.994852109","ipcas_21:73:33","204","1","132","LIED10MEAS/LLN0$Measurement","206","209","210"
"7109","141.052832911","ipcas_21:73:33","150","1","133","LIED10CTRL/LLN0$Status","1","1","0"
"7110","141.052833431","ipcas_21:73:33","147","1","133","LIED10PROT/LLN0$Alarm","1","",""
"7111","141.052833871","ipcas_21:73:33","204","1","133","LIED10MEAS/LLN0$Measurement","207","210","206"
"7141","142.067146338","ipcas_21:73:33","150","1","134","LIED10CTRL/LLN0$Status","1","1","0"
"7142","142.067157053","ipcas_21:73:33","147","1","134","LIED10PROT/LLN0$Alarm","1","",""
"7143","142.067158125","ipcas_21:73:33","204","1","134","LIED10MEAS/LLN0$Measurement","205","201","206"
"7194","143.108879740","ipcas_21:73:33","150","1","135","LIED10CTRL/LLN0$Status","1","1","0"
"7195","143.109524166","ipcas_21:73:33","147","1","135","LIED10PROT/LLN0$Alarm","1","",""
"7196","143.110059335","ipcas_21:73:33","204","1","135","LIED10MEAS/LLN0$Measurement","206","206","204"
"7247","144.196082219","ipcas_21:73:33","150","1","136","LIED10CTRL/LLN0$Status","1","1","0"
"7249","144.196094457","ipcas_21:73:33","147","1","136","LIED10PROT/LLN0$Alarm","1","",""
"7250","144.196095670","ipcas_21:73:33","204","1","136","LIED10MEAS/LLN0$Measurement","206","209","206"
"7306","145.261000767","ipcas_21:73:33","150","1","137","LIED10CTRL/LLN0$Status","1","1","0"
"7307","145.261001286","ipcas_21:73:33","147","1","137","LIED10PROT/LLN0$Alarm","1","",""
"7308","145.261002135","ipcas_21:73:33","204","1","137","LIED10MEAS/LLN0$Measurement","207","201","210"
"7368","146.278046974","ipcas_21:73:33","150","1","138","LIED10CTRL/LLN0$Status","1","1","0"
"7369","146.278052871","ipcas_21:73:33","147","1","138","LIED10PROT/LLN0$Alarm","1","",""
"7370","146.278053679","ipcas_21:73:33","204","1","138","LIED10MEAS/LLN0$Measurement","209","203","202"
"7406","147.282546943","ipcas_21:73:33","150","1","139","LIED10CTRL/LLN0$Status","1","1","0"
"7407","147.282557447","ipcas_21:73:33","147","1","139","LIED10PROT/LLN0$Alarm","1","",""
"7408","147.282558967","ipcas_21:73:33","204","1","139","LIED10MEAS/LLN0$Measurement","206","206","202"
"7482","148.358947225","ipcas_21:73:33","150","1","140","LIED10CTRL/LLN0$Status","1","1","0"
"7483","148.358956040","ipcas_21:73:33","147","1","140","LIED10PROT/LLN0$Alarm","1","",""
"7484","148.358956957","ipcas_21:73:33","204","1","140","LIED10MEAS/LLN0$Measurement","201","201","206"
"7535","149.389564864","ipcas_21:73:33","150","1","141","LIED10CTRL/LLN0$Status","1","1","0"
"7536","149.389572458","ipcas_21:73:33","147","1","141","LIED10PROT/LLN0$Alarm","1","",""
"7537","149.389573423","ipcas_21:73:33","204","1","141","LIED10MEAS/LLN0$Measurement","205","204","205"
"7586","150.418169426","ipcas_21:73:33","150","1","142","LIED10CTRL/LLN0$Status","1","1","0"
"7587","150.418170272","ipcas_21:73:33","147","1","142","LIED10PROT/LLN0$Alarm","1","",""
"7588","150.418170703","ipcas_21:73:33","204","1","142","LIED10MEAS/LLN0$Measurement","204","206","207"
"7630","151.464201845","ipcas_21:73:33","150","1","143","LIED10CTRL/LLN0$Status","1","1","0"
"7632","151.464202890","ipcas_21:73:33","147","1","143","LIED10PROT/LLN0$Alarm","1","",""
"7634","151.464204853","ipcas_21:73:33","204","1","143","LIED10MEAS/LLN0$Measurement","206","202","201"
"7686","152.472921443","ipcas_21:73:33","150","1","144","LIED10CTRL/LLN0$Status","1","1","0"
"7687","152.472922269","ipcas_21:73:33","147","1","144","LIED10PROT/LLN0$Alarm","1","",""
"7688","152.472923157","ipcas_21:73:33","204","1","144","LIED10MEAS/LLN0$Measurement","204","206","206"
"7747","153.512346362","ipcas_21:73:33","150","1","145","LIED10CTRL/LLN0$Status","1","1","0"
"7748","153.512354823","ipcas_21:73:33","147","1","145","LIED10PROT/LLN0$Alarm","1","",""
"7749","153.512355410","ipcas_21:73:33","204","1","145","LIED10MEAS/LLN0$Measurement","209","208","209"
"7800","154.529632720","ipcas_21:73:33","150","1","146","LIED10CTRL/LLN0$Status","1","1","0"
"7801","154.529639678","ipcas_21:73:33","147","1","146","LIED10PROT/LLN0$Alarm","1","",""
"7802","154.529640154","ipcas_21:73:33","204","1","146","LIED10MEAS/LLN0$Measurement","206","207","206"
"7853","155.557673467","ipcas_21:73:33","150","1","147","LIED10CTRL/LLN0$Status","1","1","0"
"7854","155.557681779","ipcas_21:73:33","147","1","147","LIED10PROT/LLN0$Alarm","1","",""
"7855","155.557682860","ipcas_21:73:33","204","1","147","LIED10MEAS/LLN0$Measurement","208","211","206"
"7906","156.577602114","ipcas_21:73:33","150","1","148","LIED10CTRL/LLN0$Status","1","1","0"
"7907","156.577612347","ipcas_21:73:33","147","1","148","LIED10PROT/LLN0$Alarm","1","",""
"7908","156.577613453","ipcas_21:73:33","204","1","148","LIED10MEAS/LLN0$Measurement","206","202","209"
"7957","157.622520033","ipcas_21:73:33","150","1","149","LIED10CTRL/LLN0$Status","1","1","0"
"7958","157.622520597","ipcas_21:73:33","147","1","149","LIED10PROT/LLN0$Alarm","1","",""
"7959","157.622521995","ipcas_21:73:33","204","1","149","LIED10MEAS/LLN0$Measurement","208","206","206"
"7995","158.653133567","ipcas_21:73:33","150","1","150","LIED10CTRL/LLN0$Status","1","1","0"
"7996","158.653141545","ipcas_21:73:33","147","1","150","LIED10PROT/LLN0$Alarm","1","",""
"7997","158.653142541","ipcas_21:73:33","204","1","150","LIED10MEAS/LLN0$Measurement","203","201","203"
"8042","159.644230362","ipcas_21:73:33","150","1","151","LIED10CTRL/LLN0$Status","1","1","0"
"8043","159.644239587","ipcas_21:73:33","147","1","151","LIED10PROT/LLN0$Alarm","1","",""
"8044","159.644240602","ipcas_21:73:33","204","1","151","LIED10MEAS/LLN0$Measurement","206","208","206"
"8095","160.664280542","ipcas_21:73:33","150","1","152","LIED10CTRL/LLN0$Status","1","1","0"
"8096","160.664290394","ipcas_21:73:33","147","1","152","LIED10PROT/LLN0$Alarm","1","",""
"8097","160.664291680","ipcas_21:73:33","204","1","152","LIED10MEAS/LLN0$Measurement","211","210","206"
"8148","161.706831854","ipcas_21:73:33","150","1","153","LIED10CTRL/LLN0$Status","1","1","0"
"8149","161.707279055","ipcas_21:73:33","147","1","153","LIED10PROT/LLN0$Alarm","1","",""
"8150","161.742475550","ipcas_21:73:33","204","1","153","LIED10MEAS/LLN0$Measurement","211","206","210"
"8201","162.758251890","ipcas_21:73:33","150","1","154","LIED10CTRL/LLN0$Status","1","1","0"
"8202","162.758258652","ipcas_21:73:33","147","1","154","LIED10PROT/LLN0$Alarm","1","",""
"8203","162.758259551","ipcas_21:73:33","204","1","154","LIED10MEAS/LLN0$Measurement","204","205","206"
"8254","163.787983578","ipcas_21:73:33","150","1","155","LIED10CTRL/LLN0$Status","1","1","0"
"8255","163.787992860","ipcas_21:73:33","147","1","155","LIED10PROT/LLN0$Alarm","1","",""
"8256","163.788204152","ipcas_21:73:33","204","1","155","LIED10MEAS/LLN0$Measurement","206","206","207"
"8319","164.854874733","ipcas_21:73:33","150","1","156","LIED10CTRL/LLN0$Status","1","1","0"
"8320","164.855296756","ipcas_21:73:33","147","1","156","LIED10PROT/LLN0$Alarm","1","",""
"8321","164.855300668","ipcas_21:73:33","204","1","156","LIED10MEAS/LLN0$Measurement","210","206","206"
"8362","165.886679255","ipcas_21:73:33","150","1","157","LIED10CTRL/LLN0$Status","1","1","0"
"8364","165.886681851","ipcas_21:73:33","147","1","157","LIED10PROT/LLN0$Alarm","1","",""
"8365","165.886682800","ipcas_21:73:33","204","1","157","LIED10MEAS/LLN0$Measurement","210","208","206"
"8431","166.965517017","ipcas_21:73:33","150","1","158","LIED10CTRL/LLN0$Status","1","1","0"
"8432","166.965517537","ipcas_21:73:33","147","1","158","LIED10PROT/LLN0$Alarm","1","",""
"8433","166.965518228","ipcas_21:73:33","204","1","158","LIED10MEAS/LLN0$Measurement","211","202","206"
"8466","167.962313766","ipcas_21:73:33","150","1","159","LIED10CTRL/LLN0$Status","1","1","0"
"8467","167.962323164","ipcas_21:73:33","147","1","159","LIED10PROT/LLN0$Alarm","1","",""
"8468","167.962324494","ipcas_21:73:33","204","1","159","LIED10MEAS/LLN0$Measurement","208","210","206"
"8538","169.012371749","ipcas_21:73:33","150","1","160","LIED10CTRL/LLN0$Status","1","1","0"
"8539","169.012372671","ipcas_21:73:33","147","1","160","LIED10PROT/LLN0$Alarm","1","",""
"8540","169.012373666","ipcas_21:73:33","204","1","160","LIED10MEAS/LLN0$Measurement","206","206","206"
"8587","170.035250388","ipcas_21:73:33","150","1","161","LIED10CTRL/LLN0$Status","1","1","0"
"8588","170.035255116","ipcas_21:73:33","147","1","161","LIED10PROT/LLN0$Alarm","1","",""
"8589","170.035256168","ipcas_21:73:33","204","1","161","LIED10MEAS/LLN0$Measurement","206","204","207"
"8638","171.089991901","ipcas_21:73:33","150","1","162","LIED10CTRL/LLN0$Status","1","1","0"
"8639","171.089992886","ipcas_21:73:33","147","1","162","LIED10PROT/LLN0$Alarm","1","",""
"8640","171.089994108","ipcas_21:73:33","204","1","162","LIED10MEAS/LLN0$Measurement","210","203","207"
"8684","172.098220167","ipcas_21:73:33","150","1","163","LIED10CTRL/LLN0$Status","1","1","0"
"8685","172.098592796","ipcas_21:73:33","147","1","163","LIED10PROT/LLN0$Alarm","1","",""
"8686","172.101218472","ipcas_21:73:33","204","1","163","LIED10MEAS/LLN0$Measurement","206","206","206"
"8731","173.148941912","ipcas_21:73:33","150","1","164","LIED10CTRL/LLN0$Status","1","1","0"
"8732","173.148952296","ipcas_21:73:33","147","1","164","LIED10PROT/LLN0$Alarm","1","",""
"8733","173.148954294","ipcas_21:73:33","204","1","164","LIED10MEAS/LLN0$Measurement","211","205","209"
"8784","174.193134484","ipcas_21:73:33","150","1","165","LIED10CTRL/LLN0$Status","1","1","0"
"8785","174.193882064","ipcas_21:73:33","147","1","165","LIED10PROT/LLN0$Alarm","1","",""
"8786","174.193887236","ipcas_21:73:33","204","1","165","LIED10MEAS/LLN0$Measurement","206","205","206"
"8837","175.253571357","ipcas_21:73:33","150","1","166","LIED10CTRL/LLN0$Status","1","1","0"
"8838","175.253581554","ipcas_21:73:33","147","1","166","LIED10PROT/LLN0$Alarm","1","",""
"8839","175.253582987","ipcas_21:73:33","204","1","166","LIED10MEAS/LLN0$Measurement","206","208","202"
"8890","176.287832192","ipcas_21:73:33","150","1","167","LIED10CTRL/LLN0$Status","1","1","0"
"8891","176.287840119","ipcas_21:73:33","147","1","167","LIED10PROT/LLN0$Alarm","1","",""
"8892","176.287840500","ipcas_21:73:33","204","1","167","LIED10MEAS/LLN0$Measurement","203","206","207"
"8966","177.343229936","ipcas_21:73:33","150","1","168","LIED10CTRL/LLN0$Status","1","1","0"
"8967","177.343230753","ipcas_21:73:33","147","1","168","LIED10PROT/LLN0$Alarm","1","",""
"8968","177.343231506","ipcas_21:73:33","204","1","168","LIED10MEAS/LLN0$Measurement","208","203","207"
"9019","178.360287390","ipcas_21:73:33","150","1","169","LIED10CTRL/LLN0$Status","1","1","0"
"9020","178.360295816","ipcas_21:73:33","147","1","169","LIED10PROT/LLN0$Alarm","1","",""
"9021","178.360296581","ipcas_21:73:33","204","1","169","LIED10MEAS/LLN0$Measurement","204","206","202"
"9072","179.402435166","ipcas_21:73:33","150","1","170","LIED10CTRL/LLN0$Status","1","1","0"
"9073","179.402443540","ipcas_21:73:33","147","1","170","LIED10PROT/LLN0$Alarm","1","",""
"9074","179.402444785","ipcas_21:73:33","204","1","170","LIED10MEAS/LLN0$Measurement","211","206","209"
"9125","180.431601784","ipcas_21:73:33","150","1","171","LIED10CTRL/LLN0$Status","1","1","0"
"9126","180.431610548","ipcas_21:73:33","147","1","171","LIED10PROT/LLN0$Alarm","1","",""
"9127","180.431780781","ipcas_21:73:33","204","1","171","LIED10MEAS/LLN0$Measurement","206","208","203"
"9178","181.469449315","ipcas_21:73:33","150","1","172","LIED10CTRL/LLN0$Status","1","1","0"
"9179","181.469476307","ipcas_21:73:33","147","1","172","LIED10PROT/LLN0$Alarm","1","",""
"9180","181.469477396","ipcas_21:73:33","204","1","172","LIED10MEAS/LLN0$Measurement","202","209","209"
"9231","182.503417301","ipcas_21:73:33","150","1","173","LIED10CTRL/LLN0$Status","1","1","0"
"9232","182.503426058","ipcas_21:73:33","147","1","173","LIED10PROT/LLN0$Alarm","1","",""
"9233","182.503427107","ipcas_21:73:33","204","1","173","LIED10MEAS/LLN0$Measurement","203","202","207"
"9284","183.557632167","ipcas_21:73:33","150","1","174","LIED10CTRL/LLN0$Status","1","1","0"
"9285","183.557643049","ipcas_21:73:33","147","1","174","LIED10PROT/LLN0$Alarm","1","",""
"9286","183.557644974","ipcas_21:73:33","204","1","174","LIED10MEAS/LLN0$Measurement","208","206","206"
"9337","184.599469551","ipcas_21:73:33","150","1","175","LIED10CTRL/LLN0$Status","1","1","0"
"9338","184.599477450","ipcas_21:73:33","147","1","175","LIED10PROT/LLN0$Alarm","1","",""
"9339","184.599478750","ipcas_21:73:33","204","1","175","LIED10MEAS/LLN0$Measurement","203","206","208"
"9390","185.621147339","ipcas_21:73:33","150","1","176","LIED10CTRL/LLN0$Status","1","1","0"
"9391","185.621159752","ipcas_21:73:33","147","1","176","LIED10PROT/LLN0$Alarm","1","",""
"9392","185.621337343","ipcas_21:73:33","204","1","176","LIED10MEAS/LLN0$Measurement","206","206","209"
"9443","186.666750243","ipcas_21:73:33","150","1","177","LIED10CTRL/LLN0$Status","1","1","0"
"9444","186.666931609","ipcas_21:73:33","147","1","177","LIED10PROT/LLN0$Alarm","1","",""
"9445","186.666934750","ipcas_21:73:33","204","1","177","LIED10MEAS/LLN0$Measurement","206","204","206"
"9496","187.724692997","ipcas_21:73:33","150","1","178","LIED10CTRL/LLN0$Status","1","1","0"
"9497","187.725163457","ipcas_21:73:33","147","1","178","LIED10PROT/LLN0$Alarm","1","",""
"9498","187.725461177","ipcas_21:73:33","204","1","178","LIED10MEAS/LLN0$Measurement","206","210","205"
"9549","188.766067510","ipcas_21:73:33","150","1","179","LIED10CTRL/LLN0$Status","1","1","0"
"9550","188.766078295","ipcas_21:73:33","147","1","179","LIED10PROT/LLN0$Alarm","1","",""
"9551","188.766079929","ipcas_21:73:33","204","1","179","LIED10MEAS/LLN0$Measurement","206","203","207"
"9602","189.818311033","ipcas_21:73:33","150","1","180","LIED10CTRL/LLN0$Status","1","1","0"
"9603","189.818321320","ipcas_21:73:33","147","1","180","LIED10PROT/LLN0$Alarm","1","",""
"9604","189.818322440","ipcas_21:73:33","204","1","180","LIED10MEAS/LLN0$Measurement","207","206","205"
"9635","190.867351178","ipcas_21:73:33","150","1","181","LIED10CTRL/LLN0$Status","1","1","0"
"9636","190.867358397","ipcas_21:73:33","147","1","181","LIED10PROT/LLN0$Alarm","1","",""
"9637","190.867359381","ipcas_21:73:33","204","1","181","LIED10MEAS/LLN0$Measurement","206","208","202"
"9677","191.886151890","ipcas_21:73:33","150","1","182","LIED10CTRL/LLN0$Status","1","1","0"
"9678","191.886188579","ipcas_21:73:33","147","1","182","LIED10PROT/LLN0$Alarm","1","",""
"9679","191.886313179","ipcas_21:73:33","204","1","182","LIED10MEAS/LLN0$Measurement","202","206","201"
"9715","192.913978204","ipcas_21:73:33","150","1","183","LIED10CTRL/LLN0$Status","1","1","0"
"9716","192.913988210","ipcas_21:73:33","147","1","183","LIED10PROT/LLN0$Alarm","1","",""
"9717","192.914422040","ipcas_21:73:33","204","1","183","LIED10MEAS/LLN0$Measurement","208","201","206"
"9768","193.962648311","ipcas_21:73:33","150","1","184","LIED10CTRL/LLN0$Status","1","1","0"
"9769","193.962657753","ipcas_21:73:33","147","1","184","LIED10PROT/LLN0$Alarm","1","",""
"9770","193.962659437","ipcas_21:73:33","204","1","184","LIED10MEAS/LLN0$Measurement","211","206","202"
"9821","195.005366931","ipcas_21:73:33","150","1","185","LIED10CTRL/LLN0$Status","1","1","0"
"9822","195.005999758","ipcas_21:73:33","147","1","185","LIED10PROT/LLN0$Alarm","1","",""
"9823","195.006006005","ipcas_21:73:33","204","1","185","LIED10MEAS/LLN0$Measurement","210","209","206"
"9874","196.036750700","ipcas_21:73:33","150","1","186","LIED10CTRL/LLN0$Status","1","1","0"
"9875","196.036760333","ipcas_21:73:33","147","1","186","LIED10PROT/LLN0$Alarm","1","",""
"9876","196.036761719","ipcas_21:73:33","204","1","186","LIED10MEAS/LLN0$Measurement","206","208","206"
"9927","197.077288523","ipcas_21:73:33","150","1","187","LIED10CTRL/LLN0$Status","1","1","0"
"9928","197.077298733","ipcas_21:73:33","147","1","187","LIED10PROT/LLN0$Alarm","1","",""
"9929","197.077776718","ipcas_21:73:33","204","1","187","LIED10MEAS/LLN0$Measurement","205","207","206"
"9980","198.121542563","ipcas_21:73:33","150","1","188","LIED10CTRL/LLN0$Status","1","1","0"
"9981","198.121550782","ipcas_21:73:33","147","1","188","LIED10PROT/LLN0$Alarm","1","",""
"9982","198.122604273","ipcas_21:73:33","204","1","188","LIED10MEAS/LLN0$Measurement","206","206","209"
"10033","199.143592599","ipcas_21:73:33","150","1","189","LIED10CTRL/LLN0$Status","1","1","0"
"10034","199.143601689","ipcas_21:73:33","147","1","189","LIED10PROT/LLN0$Alarm","1","",""
"10035","199.144744989","ipcas_21:73:33","204","1","189","LIED10MEAS/LLN0$Measurement","202","203","205"
"10086","200.177594455","ipcas_21:73:33","150","1","190","LIED10CTRL/LLN0$Status","1","1","0"
"10087","200.177604578","ipcas_21:73:33","147","1","190","LIED10PROT/LLN0$Alarm","1","",""
"10088","200.178765243","ipcas_21:73:33","204","1","190","LIED10MEAS/LLN0$Measurement","210","206","206"
"10139","201.218703049","ipcas_21:73:33","150","1","191","LIED10CTRL/LLN0$Status","1","1","0"
"10140","201.218961827","ipcas_21:73:33","147","1","191","LIED10PROT/LLN0$Alarm","1","",""
"10141","201.219644795","ipcas_21:73:33","204","1","191","LIED10MEAS/LLN0$Measurement","206","206","206"
"10192","202.277703448","ipcas_21:73:33","150","1","192","LIED10CTRL/LLN0$Status","1","1","0"
"10193","202.277712712","ipcas_21:73:33","147","1","192","LIED10PROT/LLN0$Alarm","1","",""
"10194","202.277713685","ipcas_21:73:33","204","1","192","LIED10MEAS/LLN0$Measurement","206","203","202"
"10245","203.340339903","ipcas_21:73:33","150","1","193","LIED10CTRL/LLN0$Status","1","1","0"
"10246","203.342368247","ipcas_21:73:33","147","1","193","LIED10PROT/LLN0$Alarm","1","",""
"10247","203.342374268","ipcas_21:73:33","204","1","193","LIED10MEAS/LLN0$Measurement","202","203","206"
"10298","204.374416742","ipcas_21:73:33","150","1","194","LIED10CTRL/LLN0$Status","1","1","0"
"10299","204.374838615","ipcas_21:73:33","147","1","194","LIED10PROT/LLN0$Alarm","1","",""
"10300","204.375377425","ipcas_21:73:33","204","1","194","LIED10MEAS/LLN0$Measurement","205","206","207"
"10351","205.415930826","ipcas_21:73:33","150","1","195","LIED10CTRL/LLN0$Status","1","1","0"
"10352","205.415940274","ipcas_21:73:33","147","1","195","LIED10PROT/LLN0$Alarm","1","",""
"10353","205.415941734","ipcas_21:73:33","204","1","195","LIED10MEAS/LLN0$Measurement","205","206","207"
"10404","206.456917400","ipcas_21:73:33","150","1","196","LIED10CTRL/LLN0$Status","1","1","0"
"10405","206.457378913","ipcas_21:73:33","147","1","196","LIED10PROT/LLN0$Alarm","1","",""
"10406","206.457980562","ipcas_21:73:33","204","1","196","LIED10MEAS/LLN0$Measurement","206","206","206"
"10457","207.507384718","ipcas_21:73:33","150","1","197","LIED10CTRL/LLN0$Status","1","1","0"
"10458","207.507391071","ipcas_21:73:33","147","1","197","LIED10PROT/LLN0$Alarm","1","",""
"10459","207.507391541","ipcas_21:73:33","204","1","197","LIED10MEAS/LLN0$Measurement","206","203","205"
"10510","208.527460269","ipcas_21:73:33","150","1","198","LIED10CTRL/LLN0$Status","1","1","0"
"10511","208.527552339","ipcas_21:73:33","147","1","198","LIED10PROT/LLN0$Alarm","1","",""
"10512","208.527554325","ipcas_21:73:33","204","1","198","LIED10MEAS/LLN0$Measurement","206","203","203"
"10563","209.543693738","ipcas_21:73:33","150","1","199","LIED10CTRL/LLN0$Status","1","1","0"
"10564","209.543703119","ipcas_21:73:33","147","1","199","LIED10PROT/LLN0$Alarm","1","",""
"10565","209.543704246","ipcas_21:73:33","204","1","199","LIED10MEAS/LLN0$Measurement","208","205","206"
"10616","210.576610059","ipcas_21:73:33","150","1","200","LIED10CTRL/LLN0$Status","1","1","0"
"10617","210.576620691","ipcas_21:73:33","147","1","200","LIED10PROT/LLN0$Alarm","1","",""
"10618","210.576621816","ipcas_21:73:33","204","1","200","LIED10MEAS/LLN0$Measurement","206","211","206"
"10669","211.622629291","ipcas_21:73:33","150","1","201","LIED10CTRL/LLN0$Status","1","1","0"
"10670","211.623178671","ipcas_21:73:33","147","1","201","LIED10PROT/LLN0$Alarm","1","",""
"10671","211.623181949","ipcas_21:73:33","204","1","201","LIED10MEAS/LLN0$Measurement","206","207","206"
"10722","212.705146193","ipcas_21:73:33","150","1","202","LIED10CTRL/LLN0$Status","1","1","0"
"10723","212.705155437","ipcas_21:73:33","147","1","202","LIED10PROT/LLN0$Alarm","1","",""
"10724","212.705156543","ipcas_21:73:33","204","1","202","LIED10MEAS/LLN0$Measurement","206","206","206"
"10775","213.760957217","ipcas_21:73:33","150","1","203","LIED10CTRL/LLN0$Status","1","1","0"
"10776","213.760966696","ipcas_21:73:33","147","1","203","LIED10PROT/LLN0$Alarm","1","",""
"10777","213.760968433","ipcas_21:73:33","204","1","203","LIED10MEAS/LLN0$Measurement","210","208","205"
"10828","214.804758995","ipcas_21:73:33","150","1","204","LIED10CTRL/LLN0$Status","1","1","0"
"10829","214.806082387","ipcas_21:73:33","147","1","204","LIED10PROT/LLN0$Alarm","1","",""
"10830","214.806087636","ipcas_21:73:33","204","1","204","LIED10MEAS/LLN0$Measurement","206","202","206"
"10881","215.861017879","ipcas_21:73:33","150","1","205","LIED10CTRL/LLN0$Status","1","1","0"
"10882","215.861028406","ipcas_21:73:33","147","1","205","LIED10PROT/LLN0$Alarm","1","",""
"10883","215.861029385","ipcas_21:73:33","204","1","205","LIED10MEAS/LLN0$Measurement","206","206","210"
"10934","216.905262209","ipcas_21:73:33","150","1","206","LIED10CTRL/LLN0$Status","1","1","0"
"10935","216.905271848","ipcas_21:73:33","147","1","206","LIED10PROT/LLN0$Alarm","1","",""
"10936","216.905273318","ipcas_21:73:33","204","1","206","LIED10MEAS/LLN0$Measurement","206","207","203"
"10987","217.934929657","ipcas_21:73:33","150","1","207","LIED10CTRL/LLN0$Status","1","1","0"
"10988","217.934938293","ipcas_21:73:33","147","1","207","LIED10PROT/LLN0$Alarm","1","",""
"10989","217.934939489","ipcas_21:73:33","204","1","207","LIED10MEAS/LLN0$Measurement","206","210","203"
"11040","218.972399097","ipcas_21:73:33","150","1","208","LIED10CTRL/LLN0$Status","1","1","0"
"11041","218.972416013","ipcas_21:73:33","147","1","208","LIED10PROT/LLN0$Alarm","1","",""
"11042","218.972618668","ipcas_21:73:33","204","1","208","LIED10MEAS/LLN0$Measurement","206","206","208"
"11097","219.999853008","ipcas_21:73:33","150","1","209","LIED10CTRL/LLN0$Status","1","1","0"
"11098","219.999866483","ipcas_21:73:33","147","1","209","LIED10PROT/LLN0$Alarm","1","",""
"11099","219.999867976","ipcas_21:73:33","204","1","209","LIED10MEAS/LLN0$Measurement","201","209","202"
"11154","221.048275289","ipcas_21:73:33","150","1","210","LIED10CTRL/LLN0$Status","1","1","0"
"11155","221.048287678","ipcas_21:73:33","147","1","210","LIED10PROT/LLN0$Alarm","1","",""
"11156","221.049059280","ipcas_21:73:33","204","1","210","LIED10MEAS/LLN0$Measurement","211","205","206"
"11214","222.072884455","ipcas_21:73:33","150","1","211","LIED10CTRL/LLN0$Status","1","1","0"
"11215","222.072896512","ipcas_21:73:33","147","1","211","LIED10PROT/LLN0$Alarm","1","",""
"11216","222.072898176","ipcas_21:73:33","204","1","211","LIED10MEAS/LLN0$Measurement","206","206","206"
"11268","223.126988153","ipcas_21:73:33","150","1","212","LIED10CTRL/LLN0$Status","1","1","0"
"11269","223.127001173","ipcas_21:73:33","147","1","212","LIED10PROT/LLN0$Alarm","1","",""
"11270","223.128084624","ipcas_21:73:33","204","1","212","LIED10MEAS/LLN0$Measurement","206","209","202"
"11323","224.174649148","ipcas_21:73:33","150","1","213","LIED10CTRL/LLN0$Status","1","1","0"
"11324","224.174661520","ipcas_21:73:33","147","1","213","LIED10PROT/LLN0$Alarm","1","",""
"11325","224.174662619","ipcas_21:73:33","204","1","213","LIED10MEAS/LLN0$Measurement","206","206","208"
"11377","225.212503133","ipcas_21:73:33","150","1","214","LIED10CTRL/LLN0$Status","1","1","0"
"11378","225.212725342","ipcas_21:73:33","147","1","214","LIED10PROT/LLN0$Alarm","1","",""
"11379","225.212727213","ipcas_21:73:33","204","1","214","LIED10MEAS/LLN0$Measurement","206","208","206"
"11431","226.244447201","ipcas_21:73:33","150","1","215","LIED10CTRL/LLN0$Status","1","1","0"
"11432","226.244458364","ipcas_21:73:33","147","1","215","LIED10PROT/LLN0$Alarm","1","",""
"11433","226.244831741","ipcas_21:73:33","204","1","215","LIED10MEAS/LLN0$Measurement","211","206","208"
"11484","227.285741688","ipcas_21:73:33","150","1","216","LIED10CTRL/LLN0$Status","1","1","0"
"11485","227.285753569","ipcas_21:73:33","147","1","216","LIED10PROT/LLN0$Alarm","1","",""
"11486","227.285755072","ipcas_21:73:33","204","1","216","LIED10MEAS/LLN0$Measurement","205","206","206"
"11538","228.326924024","ipcas_21:73:33","150","1","217","LIED10CTRL/LLN0$Status","1","1","0"
"11539","228.326936790","ipcas_21:73:33","147","1","217","LIED10PROT/LLN0$Alarm","1","",""
"11540","228.326937896","ipcas_21:73:33","204","1","217","LIED10MEAS/LLN0$Measurement","206","206","210"
"11591","229.386888069","ipcas_21:73:33","150","1","218","LIED10CTRL/LLN0$Status","1","1","0"
"11592","229.386899672","ipcas_21:73:33","147","1","218","LIED10PROT/LLN0$Alarm","1","",""
"11593","229.387764505","ipcas_21:73:33","204","1","218","LIED10MEAS/LLN0$Measurement","203","202","205"
"11646","230.427894590","ipcas_21:73:33","150","1","219","LIED10CTRL/LLN0$Status","1","1","0"
"11647","230.427904873","ipcas_21:73:33","147","1","219","LIED10PROT/LLN0$Alarm","1","",""
"11648","230.427906209","ipcas_21:73:33","204","1","219","LIED10MEAS/LLN0$Measurement","210","204","201"
"11699","231.459070618","ipcas_21:73:33","150","1","220","LIED10CTRL/LLN0$Status","1","1","0"
"11700","231.459114035","ipcas_21:73:33","147","1","220","LIED10PROT/LLN0$Alarm","1","",""
"11701","231.459115728","ipcas_21:73:33","204","1","220","LIED10MEAS/LLN0$Measurement","206","206","210"
"11752","232.502811758","ipcas_21:73:33","150","1","221","LIED10CTRL/LLN0$Status","1","1","0"
"11753","232.503079644","ipcas_21:73:33","147","1","221","LIED10PROT/LLN0$Alarm","1","",""
"11754","232.503833939","ipcas_21:73:33","204","1","221","LIED10MEAS/LLN0$Measurement","206","206","206"
"11805","233.555390657","ipcas_21:73:33","150","1","222","LIED10CTRL/LLN0$Status","1","1","0"
"11806","233.555401084","ipcas_21:73:33","147","1","222","LIED10PROT/LLN0$Alarm","1","",""
"11807","233.555402291","ipcas_21:73:33","204","1","222","LIED10MEAS/LLN0$Measurement","206","206","203"
"11858","234.585668495","ipcas_21:73:33","150","1","223","LIED10CTRL/LLN0$Status","1","1","0"
"11859","234.585679715","ipcas_21:73:33","147","1","223","LIED10PROT/LLN0$Alarm","1","",""
"11860","234.585681328","ipcas_21:73:33","204","1","223","LIED10MEAS/LLN0$Measurement","207","202","206"
"11911","235.629921775","ipcas_21:73:33","150","1","224","LIED10CTRL/LLN0$Status","1","1","0"
"11912","235.630587225","ipcas_21:73:33","147","1","224","LIED10PROT/LLN0$Alarm","1","",""
"11913","235.630595119","ipcas_21:73:33","204","1","224","LIED10MEAS/LLN0$Measurement","206","202","206"
"11965","236.672636423","ipcas_21:73:33","150","1","225","LIED10CTRL/LLN0$Status","1","1","0"
"11966","236.673310374","ipcas_21:73:33","147","1","225","LIED10PROT/LLN0$Alarm","1","",""
"11967","236.673316672","ipcas_21:73:33","204","1","225","LIED10MEAS/LLN0$Measurement","202","205","206"
"12018","237.699371637","ipcas_21:73:33","150","1","226","LIED10CTRL/LLN0$Status","1","1","0"
"12019","237.699383465","ipcas_21:73:33","147","1","226","LIED10PROT/LLN0$Alarm","1","",""
"12020","237.700748514","ipcas_21:73:33","204","1","226","LIED10MEAS/LLN0$Measurement","202","204","210"
"12071","238.774860108","ipcas_21:73:33","150","1","227","LIED10CTRL/LLN0$Status","1","1","0"
"12072","238.774871213","ipcas_21:73:33","147","1","227","LIED10PROT/LLN0$Alarm","1","",""
"12073","238.774871799","ipcas_21:73:33","204","1","227","LIED10MEAS/LLN0$Measurement","210","206","206"
"12124","239.849057608","ipcas_21:73:33","150","1","228","LIED10CTRL/LLN0$Status","1","1","0"
"12125","239.849069772","ipcas_21:73:33","147","1","228","LIED10PROT/LLN0$Alarm","1","",""
"12126","239.849071640","ipcas_21:73:33","204","1","228","LIED10MEAS/LLN0$Measurement","210","203","210"
"12177","240.878822395","ipcas_21:73:33","150","1","229","LIED10CTRL/LLN0$Status","1","1","0"
"12178","240.878835646","ipcas_21:73:33","147","1","229","LIED10PROT/LLN0$Alarm","1","",""
"12179","240.878837573","ipcas_21:73:33","204","1","229","LIED10MEAS/LLN0$Measurement","206","205","205"
"12230","241.919959077","ipcas_21:73:33","150","1","230","LIED10CTRL/LLN0$Status","1","1","0"
"12231","241.920743277","ipcas_21:73:33","147","1","230","LIED10PROT/LLN0$Alarm","1","",""
"12232","241.920749425","ipcas_21:73:33","204","1","230","LIED10MEAS/LLN0$Measurement","206","206","206"
"12283","242.951535905","ipcas_21:73:33","150","1","231","LIED10CTRL/LLN0$Status","1","1","0"
"12284","242.951546339","ipcas_21:73:33","147","1","231","LIED10PROT/LLN0$Alarm","1","",""
"12285","242.951547565","ipcas_21:73:33","204","1","231","LIED10MEAS/LLN0$Measurement","202","209","206"
"12336","244.015015012","ipcas_21:73:33","150","1","232","LIED10CTRL/LLN0$Status","1","1","0"
"12337","244.015025807","ipcas_21:73:33","147","1","232","LIED10PROT/LLN0$Alarm","1","",""
"12338","244.015026425","ipcas_21:73:33","204","1","232","LIED10MEAS/LLN0$Measurement","210","207","207"
"12390","245.018431185","ipcas_21:73:33","150","1","233","LIED10CTRL/LLN0$Status","1","1","0"
"12391","245.018444428","ipcas_21:73:33","147","1","233","LIED10PROT/LLN0$Alarm","1","",""
"12392","245.018446567","ipcas_21:73:33","204","1","233","LIED10MEAS/LLN0$Measurement","207","203","203"
"12458","246.073552133","ipcas_21:73:33","150","1","234","LIED10CTRL/LLN0$Status","1","1","0"
"12459","246.073553019","ipcas_21:73:33","147","1","234","LIED10PROT/LLN0$Alarm","1","",""
"12460","246.073553987","ipcas_21:73:33","204","1","234","LIED10MEAS/LLN0$Measurement","206","204","207"
"12519","247.105183892","ipcas_21:73:33","150","1","235","LIED10CTRL/LLN0$Status","1","1","0"
"12520","247.105189484","ipcas_21:73:33","147","1","235","LIED10PROT/LLN0$Alarm","1","",""
"12521","247.105189930","ipcas_21:73:33","204","1","235","LIED10MEAS/LLN0$Measurement","207","201","202"
"12572","248.143930794","ipcas_21:73:33","150","1","236","LIED10CTRL/LLN0$Status","1","1","0"
"12573","248.143942641","ipcas_21:73:33","147","1","236","LIED10PROT/LLN0$Alarm","1","",""
"12574","248.143944812","ipcas_21:73:33","204","1","236","LIED10MEAS/LLN0$Measurement","210","209","206"
"12625","249.180134498","ipcas_21:73:33","150","1","237","LIED10CTRL/LLN0$Status","1","1","0"
"12626","249.180144832","ipcas_21:73:33","147","1","237","LIED10PROT/LLN0$Alarm","1","",""
"12627","249.180145605","ipcas_21:73:33","204","1","237","LIED10MEAS/LLN0$Measurement","209","206","206"
"12678","250.254594807","ipcas_21:73:33","150","1","238","LIED10CTRL/LLN0$Status","1","1","0"
"12679","250.254605505","ipcas_21:73:33","147","1","238","LIED10PROT/LLN0$Alarm","1","",""
"12680","250.254607032","ipcas_21:73:33","204","1","238","LIED10MEAS/LLN0$Measurement","209","206","207"
"12731","251.287580284","ipcas_21:73:33","150","1","239","LIED10CTRL/LLN0$Status","1","1","0"
"12732","251.287591443","ipcas_21:73:33","147","1","239","LIED10PROT/LLN0$Alarm","1","",""
"12733","251.287940875","ipcas_21:73:33","204","1","239","LIED10MEAS/LLN0$Measurement","206","206","207"
"12785","252.374387257","ipcas_21:73:33","150","1","240","LIED10CTRL/LLN0$Status","1","1","0"
"12786","252.374401594","ipcas_21:73:33","147","1","240","LIED10PROT/LLN0$Alarm","1","",""
"12787","252.374403258","ipcas_21:73:33","204","1","240","LIED10MEAS/LLN0$Measurement","203","205","208"
"12838","253.418051811","ipcas_21:73:33","150","1","241","LIED10CTRL/LLN0$Status","1","1","0"
"12839","253.418064848","ipcas_21:73:33","147","1","241","LIED10PROT/LLN0$Alarm","1","",""
"12840","253.418066094","ipcas_21:73:33","204","1","241","LIED10MEAS/LLN0$Measurement","208","204","206"
"12891","254.455876090","ipcas_21:73:33","150","1","242","LIED10CTRL/LLN0$Status","1","1","0"
"12892","254.455887161","ipcas_21:73:33","147","1","242","LIED10PROT/LLN0$Alarm","1","",""
"12893","254.455888391","ipcas_21:73:33","204","1","242","LIED10MEAS/LLN0$Measurement","202","203","208"
"12944","255.504487589","ipcas_21:73:33","150","1","243","LIED10CTRL/LLN0$Status","1","1","0"
"12945","255.505313949","ipcas_21:73:33","147","1","243","LIED10PROT/LLN0$Alarm","1","",""
"12946","255.505319512","ipcas_21:73:33","204","1","243","LIED10MEAS/LLN0$Measurement","206","206","205"
"12997","256.550642711","ipcas_21:73:33","150","1","244","LIED10CTRL/LLN0$Status","1","1","0"
"12998","256.552320847","ipcas_21:73:33","147","1","244","LIED10PROT/LLN0$Alarm","1","",""
"12999","256.552328698","ipcas_21:73:33","204","1","244","LIED10MEAS/LLN0$Measurement","201","203","206"
"13050","257.587742229","ipcas_21:73:33","150","1","245","LIED10CTRL/LLN0$Status","1","1","0"
"13051","257.587774216","ipcas_21:73:33","147","1","245","LIED10PROT/LLN0$Alarm","1","",""
"13052","257.587776271","ipcas_21:73:33","204","1","245","LIED10MEAS/LLN0$Measurement","207","206","207"
"13107","258.633613225","ipcas_21:73:33","150","1","246","LIED10CTRL/LLN0$Status","1","1","0"
"13108","258.634127576","ipcas_21:73:33","147","1","246","LIED10PROT/LLN0$Alarm","1","",""
"13109","258.634130929","ipcas_21:73:33","204","1","246","LIED10MEAS/LLN0$Measurement","206","209","210"
"13174","259.664335298","ipcas_21:73:33","150","1","247","LIED10CTRL/LLN0$Status","1","1","0"
"13175","259.664347278","ipcas_21:73:33","147","1","247","LIED10PROT/LLN0$Alarm","1","",""
"13176","259.664348097","ipcas_21:73:33","204","1","247","LIED10MEAS/LLN0$Measurement","205","207","206"
"13246","260.716154043","ipcas_21:73:33","150","1","248","LIED10CTRL/LLN0$Status","1","1","0"
"13247","260.716167460","ipcas_21:73:33","147","1","248","LIED10PROT/LLN0$Alarm","1","",""
"13248","260.716168495","ipcas_21:73:33","204","1","248","LIED10MEAS/LLN0$Measurement","207","206","206"
"13322","261.758923669","ipcas_21:73:33","150","1","249","LIED10CTRL/LLN0$Status","1","1","0"
"13323","261.759546803","ipcas_21:73:33","147","1","249","LIED10PROT/LLN0$Alarm","1","",""
"13324","261.759553585","ipcas_21:73:33","204","1","249","LIED10MEAS/LLN0$Measurement","208","208","206"
"13387","262.802838325","ipcas_21:73:33","150","1","250","LIED10CTRL/LLN0$Status","1","1","0"
"13388","262.803361914","ipcas_21:73:33","147","1","250","LIED10PROT/LLN0$Alarm","1","",""
"13389","262.803722269","ipcas_21:73:33","204","1","250","LIED10MEAS/LLN0$Measurement","206","207","206"
"13445","263.840398808","ipcas_21:73:33","150","1","251","LIED10CTRL/LLN0$Status","1","1","0"
"13446","263.840411156","ipcas_21:73:33","147","1","251","LIED10PROT/LLN0$Alarm","1","",""
"13447","263.840412376","ipcas_21:73:33","204","1","251","LIED10MEAS/LLN0$Measurement","208","206","206"
"13506","264.882311815","ipcas_21:73:33","150","1","252","LIED10CTRL/LLN0$Status","1","1","0"
"13507","264.882324270","ipcas_21:73:33","147","1","252","LIED10PROT/LLN0$Alarm","1","",""
"13508","264.882325837","ipcas_21:73:33","204","1","252","LIED10MEAS/LLN0$Measurement","206","202","211"
"13564","265.938070451","ipcas_21:73:33","150","1","253","LIED10CTRL/LLN0$Status","1","1","0"
"13565","265.938082171","ipcas_21:73:33","147","1","253","LIED10PROT/LLN0$Alarm","1","",""
"13566","265.938083505","ipcas_21:73:33","204","1","253","LIED10MEAS/LLN0$Measurement","206","211","206"
"13626","266.981951372","ipcas_21:73:33","150","1","254","LIED10CTRL/LLN0$Status","1","1","0"
"13627","266.982526349","ipcas_21:73:33","147","1","254","LIED10PROT/LLN0$Alarm","1","",""
"13628","266.983138819","ipcas_21:73:33","204","1","254","LIED10MEAS/LLN0$Measurement","203","208","203"
"13686","268.025575760","ipcas_21:73:33","150","1","255","LIED10CTRL/LLN0$Status","1","1","0"
"13687","268.026470561","ipcas_21:73:33","147","1","255","LIED10PROT/LLN0$Alarm","1","",""
"13688","268.026477230","ipcas_21:73:33","204","1","255","LIED10MEAS/LLN0$Measurement","201","205","203"
"13744","269.047979617","ipcas_21:73:33","150","1","256","LIED10CTRL/LLN0$Status","1","1","0"
"13745","269.047989629","ipcas_21:73:33","147","1","256","LIED10PROT/LLN0$Alarm","1","",""
"13746","269.048120447","ipcas_21:73:33","204","1","256","LIED10MEAS/LLN0$Measurement","206","210","210"
"13799","270.084085026","ipcas_21:73:33","150","1","257","LIED10CTRL/LLN0$Status","1","1","0"
"13800","270.084096234","ipcas_21:73:33","147","1","257","LIED10PROT/LLN0$Alarm","1","",""
"13801","270.084098002","ipcas_21:73:33","204","1","257","LIED10MEAS/LLN0$Measurement","201","201","210"
"13854","271.122678159","ipcas_21:73:33","150","1","258","LIED10CTRL/LLN0$Status","1","1","0"
"13855","271.122691356","ipcas_21:73:33","147","1","258","LIED10PROT/LLN0$Alarm","1","",""
"13856","271.122692519","ipcas_21:73:33","204","1","258","LIED10MEAS/LLN0$Measurement","209","206","204"
"13909","272.172161567","ipcas_21:73:33","150","1","259","LIED10CTRL/LLN0$Status","1","1","0"
"13910","272.173901793","ipcas_21:73:33","147","1","259","LIED10PROT/LLN0$Alarm","1","",""
"13911","272.173908763","ipcas_21:73:33","204","1","259","LIED10MEAS/LLN0$Measurement","204","206","210"
"13962","273.214830551","ipcas_21:73:33","150","1","260","LIED10CTRL/LLN0$Status","1","1","0"
"13963","273.214842762","ipcas_21:73:33","147","1","260","LIED10PROT/LLN0$Alarm","1","",""
"13964","273.214844389","ipcas_21:73:33","204","1","260","LIED10MEAS/LLN0$Measurement","211","207","203"
"14017","274.241530764","ipcas_21:73:33","150","1","261","LIED10CTRL/LLN0$Status","1","1","0"
"14018","274.241543697","ipcas_21:73:33","147","1","261","LIED10PROT/LLN0$Alarm","1","",""
"14019","274.241544840","ipcas_21:73:33","204","1","261","LIED10MEAS/LLN0$Measurement","207","206","210"
"14073","275.278738514","ipcas_21:73:33","150","1","262","LIED10CTRL/LLN0$Status","1","1","0"
"14074","275.278750712","ipcas_21:73:33","147","1","262","LIED10PROT/LLN0$Alarm","1","",""
"14075","275.278752011","ipcas_21:73:33","204","1","262","LIED10MEAS/LLN0$Measurement","206","209","206"
"14128","276.313850668","ipcas_21:73:33","150","1","263","LIED10CTRL/LLN0$Status","1","1","0"
"14129","276.313863480","ipcas_21:73:33","147","1","263","LIED10PROT/LLN0$Alarm","1","",""
"14130","276.313864543","ipcas_21:73:33","204","1","263","LIED10MEAS/LLN0$Measurement","206","206","206"
"14182","277.355917195","ipcas_21:73:33","150","1","264","LIED10CTRL/LLN0$Status","1","1","0"
"14183","277.355928962","ipcas_21:73:33","147","1","264","LIED10PROT/LLN0$Alarm","1","",""
"14184","277.355929744","ipcas_21:73:33","204","1","264","LIED10MEAS/LLN0$Measurement","201","205","205"
"14240","278.387140805","ipcas_21:73:33","150","1","265","LIED10CTRL/LLN0$Status","1","1","0"
"14241","278.387153684","ipcas_21:73:33","147","1","265","LIED10PROT/LLN0$Alarm","1","",""
"14242","278.387155305","ipcas_21:73:33","204","1","265","LIED10MEAS/LLN0$Measurement","206","211","210"
"14301","279.425999665","ipcas_21:73:33","150","1","266","LIED10CTRL/LLN0$Status","1","1","0"
"14302","279.426008175","ipcas_21:73:33","147","1","266","LIED10PROT/LLN0$Alarm","1","",""
"14303","279.426009789","ipcas_21:73:33","204","1","266","LIED10MEAS/LLN0$Measurement","201","206","206"
"14382","280.480071398","ipcas_21:73:33","150","1","267","LIED10CTRL/LLN0$Status","1","1","0"
"14383","280.480599933","ipcas_21:73:33","147","1","267","LIED10PROT/LLN0$Alarm","1","",""
"14384","280.480846991","ipcas_21:73:33","204","1","267","LIED10MEAS/LLN0$Measurement","209","208","206"
"14439","281.521984544","ipcas_21:73:33","150","1","268","LIED10CTRL/LLN0$Status","1","1","0"
"14440","281.521995817","ipcas_21:73:33","147","1","268","LIED10PROT/LLN0$Alarm","1","",""
"14441","281.522919544","ipcas_21:73:33","204","1","268","LIED10MEAS/LLN0$Measurement","203","205","208"
"14499","282.554081500","ipcas_21:73:33","150","1","269","LIED10CTRL/LLN0$Status","1","1","0"
"14500","282.554094149","ipcas_21:73:33","147","1","269","LIED10PROT/LLN0$Alarm","1","",""
"14501","282.554095773","ipcas_21:73:33","204","1","269","LIED10MEAS/LLN0$Measurement","202","209","205"
"14577","283.599208691","ipcas_21:73:33","150","1","270","LIED10CTRL/LLN0$Status","1","1","0"
"14578","283.599220990","ipcas_21:73:33","147","1","270","LIED10PROT/LLN0$Alarm","1","",""
"14579","283.599222596","ipcas_21:73:33","204","1","270","LIED10MEAS/LLN0$Measurement","206","201","206"
"14659","284.623369103","ipcas_21:73:33","150","1","271","LIED10CTRL/LLN0$Status","1","1","0"
"14660","284.623757750","ipcas_21:73:33","147","1","271","LIED10PROT/LLN0$Alarm","1","",""
"14661","284.623763175","ipcas_21:73:33","204","1","271","LIED10MEAS/LLN0$Measurement","209","204","202"
"14748","285.662127583","ipcas_21:73:33","150","1","272","LIED10CTRL/LLN0$Status","1","1","0"
"14749","285.662136494","ipcas_21:73:33","147","1","272","LIED10PROT/LLN0$Alarm","1","",""
"14750","285.662299472","ipcas_21:73:33","204","1","272","LIED10MEAS/LLN0$Measurement","208","206","203"
"14807","286.688220874","ipcas_21:73:33","150","1","273","LIED10CTRL/LLN0$Status","1","1","0"
"14808","286.688551173","ipcas_21:73:33","147","1","273","LIED10PROT/LLN0$Alarm","1","",""
"14809","286.689076689","ipcas_21:73:33","204","1","273","LIED10MEAS/LLN0$Measurement","208","206","202"
"14869","287.737268167","ipcas_21:73:33","150","1","274","LIED10CTRL/LLN0$Status","1","1","0"
"14870","287.737634468","ipcas_21:73:33","147","1","274","LIED10PROT/LLN0$Alarm","1","",""
"14871","287.738564698","ipcas_21:73:33","204","1","274","LIED10MEAS/LLN0$Measurement","203","210","206"
"14926","288.761078732","ipcas_21:73:33","150","1","275","LIED10CTRL/LLN0$Status","1","1","0"
"14927","288.761656165","ipcas_21:73:33","147","1","275","LIED10PROT/LLN0$Alarm","1","",""
"14928","288.761804986","ipcas_21:73:33","204","1","275","LIED10MEAS/LLN0$Measurement","206","206","208"
"14981","289.806501833","ipcas_21:73:33","150","1","276","LIED10CTRL/LLN0$Status","1","1","0"
"14982","289.807270043","ipcas_21:73:33","147","1","276","LIED10PROT/LLN0$Alarm","1","",""
"14983","289.807633916","ipcas_21:73:33","204","1","276","LIED10MEAS/LLN0$Measurement","206","206","206"
"15036","290.856880875","ipcas_21:73:33","150","1","277","LIED10CTRL/LLN0$Status","1","1","0"
"15037","290.856890670","ipcas_21:73:33","147","1","277","LIED10PROT/LLN0$Alarm","1","",""
"15038","290.856891588","ipcas_21:73:33","204","1","277","LIED10MEAS/LLN0$Measurement","206","205","209"
"15093","291.878492704","ipcas_21:73:33","150","1","278","LIED10CTRL/LLN0$Status","1","1","0"
"15094","291.878506248","ipcas_21:73:33","147","1","278","LIED10PROT/LLN0$Alarm","1","",""
"15095","291.878508159","ipcas_21:73:33","204","1","278","LIED10MEAS/LLN0$Measurement","201","206","207"
"15150","292.899984162","ipcas_21:73:33","150","1","279","LIED10CTRL/LLN0$Status","1","1","0"
"15151","292.899995959","ipcas_21:73:33","147","1","279","LIED10PROT/LLN0$Alarm","1","",""
"15152","292.899996987","ipcas_21:73:33","204","1","279","LIED10MEAS/LLN0$Measurement","206","206","206"
"15206","293.944638038","ipcas_21:73:33","150","1","280","LIED10CTRL/LLN0$Status","1","1","0"
"15207","293.944848672","ipcas_21:73:33","147","1","280","LIED10PROT/LLN0$Alarm","1","",""
"15208","293.945221213","ipcas_21:73:33","204","1","280","LIED10MEAS/LLN0$Measurement","207","204","206"
"15262","294.997981205","ipcas_21:73:33","150","1","281","LIED10CTRL/LLN0$Status","1","1","0"
"15263","294.997994453","ipcas_21:73:33","147","1","281","LIED10PROT/LLN0$Alarm","1","",""
"15264","294.997996207","ipcas_21:73:33","204","1","281","LIED10MEAS/LLN0$Measurement","206","206","206"
"15316","296.023123033","ipcas_21:73:33","150","1","282","LIED10CTRL/LLN0$Status","1","1","0"
"15317","296.024048828","ipcas_21:73:33","147","1","282","LIED10PROT/LLN0$Alarm","1","",""
"15318","296.024665743","ipcas_21:73:33","204","1","282","LIED10MEAS/LLN0$Measurement","208","205","205"
"15372","297.065723781","ipcas_21:73:33","150","1","283","LIED10CTRL/LLN0$Status","1","1","0"
"15373","297.066254987","ipcas_21:73:33","147","1","283","LIED10PROT/LLN0$Alarm","1","",""
"15374","297.066993022","ipcas_21:73:33","204","1","283","LIED10MEAS/LLN0$Measurement","206","211","204"
"15427","298.116746480","ipcas_21:73:33","150","1","284","LIED10CTRL/LLN0$Status","1","1","0"
"15428","298.117690596","ipcas_21:73:33","147","1","284","LIED10PROT/LLN0$Alarm","1","",""
"15429","298.117701064","ipcas_21:73:33","204","1","284","LIED10MEAS/LLN0$Measurement","206","206","206"
"15481","299.188732138","ipcas_21:73:33","150","1","285","LIED10CTRL/LLN0$Status","1","1","0"
"15482","299.189800262","ipcas_21:73:33","147","1","285","LIED10PROT/LLN0$Alarm","1","",""
"15483","299.189805871","ipcas_21:73:33","204","1","285","LIED10MEAS/LLN0$Measurement","206","208","203"
"15536","300.232408831","ipcas_21:73:33","150","1","286","LIED10CTRL/LLN0$Status","1","1","0"
"15537","300.233452688","ipcas_21:73:33","147","1","286","LIED10PROT/LLN0$Alarm","1","",""
"15538","300.233799040","ipcas_21:73:33","204","1","286","LIED10MEAS/LLN0$Measurement","210","207","210"
"15593","301.270148769","ipcas_21:73:33","150","1","287","LIED10CTRL/LLN0$Status","1","1","0"
"15594","301.270156280","ipcas_21:73:33","147","1","287","LIED10PROT/LLN0$Alarm","1","",""
"15595","301.270615144","ipcas_21:73:33","204","1","287","LIED10MEAS/LLN0$Measurement","210","206","206"
"15649","302.311270555","ipcas_21:73:33","150","1","288","LIED10CTRL/LLN0$Status","1","1","0"
"15650","302.311282590","ipcas_21:73:33","147","1","288","LIED10PROT/LLN0$Alarm","1","",""
"15651","302.311283712","ipcas_21:73:33","204","1","288","LIED10MEAS/LLN0$Measurement","204","206","201"
"15726","303.347673841","ipcas_21:73:33","150","1","289","LIED10CTRL/LLN0$Status","1","1","0"
"15727","303.348556542","ipcas_21:73:33","147","1","289","LIED10PROT/LLN0$Alarm","1","",""
"15728","303.349375256","ipcas_21:73:33","204","1","289","LIED10MEAS/LLN0$Measurement","202","203","202"
"15807","304.387321477","ipcas_21:73:33","150","1","290","LIED10CTRL/LLN0$Status","1","1","0"
"15808","304.387334163","ipcas_21:73:33","147","1","290","LIED10PROT/LLN0$Alarm","1","",""
"15809","304.387995565","ipcas_21:73:33","204","1","290","LIED10MEAS/LLN0$Measurement","209","205","201"
"15886","305.437883615","ipcas_21:73:33","150","1","291","LIED10CTRL/LLN0$Status","1","1","0"
"15887","305.437897066","ipcas_21:73:33","147","1","291","LIED10PROT/LLN0$Alarm","1","",""
"15888","305.438355809","ipcas_21:73:33","204","1","291","LIED10MEAS/LLN0$Measurement","206","204","202"
"15971","306.481139690","ipcas_21:73:33","150","1","292","LIED10CTRL/LLN0$Status","1","1","0"
"15972","306.481151617","ipcas_21:73:33","147","1","292","LIED10PROT/LLN0$Alarm","1","",""
"15973","306.481152973","ipcas_21:73:33","204","1","292","LIED10MEAS/LLN0$Measurement","204","210","206"
"16054","307.513064464","ipcas_21:73:33","150","1","293","LIED10CTRL/LLN0$Status","1","1","0"
"16055","307.513079305","ipcas_21:73:33","147","1","293","LIED10PROT/LLN0$Alarm","1","",""
"16056","307.513351233","ipcas_21:73:33","204","1","293","LIED10MEAS/LLN0$Measurement","208","206","202"
"16112","308.558603070","ipcas_21:73:33","150","1","294","LIED10CTRL/LLN0$Status","1","1","0"
"16113","308.558615703","ipcas_21:73:33","147","1","294","LIED10PROT/LLN0$Alarm","1","",""
"16114","308.558617006","ipcas_21:73:33","204","1","294","LIED10MEAS/LLN0$Measurement","206","206","207"
"16172","309.581726865","ipcas_21:73:33","150","1","295","LIED10CTRL/LLN0$Status","1","1","0"
"16173","309.581733577","ipcas_21:73:33","147","1","295","LIED10PROT/LLN0$Alarm","1","",""
"16174","309.581734092","ipcas_21:73:33","204","1","295","LIED10MEAS/LLN0$Measurement","206","206","206"
"16236","310.608268669","ipcas_21:73:33","150","1","296","LIED10CTRL/LLN0$Status","1","1","0"
"16237","310.608278992","ipcas_21:73:33","147","1","296","LIED10PROT/LLN0$Alarm","1","",""
"16238","310.608280773","ipcas_21:73:33","204","1","296","LIED10MEAS/LLN0$Measurement","206","201","202"
"16299","311.645706259","ipcas_21:73:33","150","1","297","LIED10CTRL/LLN0$Status","1","1","0"
"16300","311.645719516","ipcas_21:73:33","147","1","297","LIED10PROT/LLN0$Alarm","1","",""
"16301","311.645720842","ipcas_21:73:33","204","1","297","LIED10MEAS/LLN0$Measurement","206","203","208"
"16362","312.685264307","ipcas_21:73:33","150","1","298","LIED10CTRL/LLN0$Status","1","1","0"
"16363","312.685272151","ipcas_21:73:33","147","1","298","LIED10PROT/LLN0$Alarm","1","",""
"16364","312.685273005","ipcas_21:73:33","204","1","298","LIED10MEAS/LLN0$Measurement","205","204","206"
"16424","313.720817672","ipcas_21:73:33","150","1","299","LIED10CTRL/LLN0$Status","1","1","0"
"16425","313.720826910","ipcas_21:73:33","147","1","299","LIED10PROT/LLN0$Alarm","1","",""
"16426","313.720827406","ipcas_21:73:33","204","1","299","LIED10MEAS/LLN0$Measurement","206","203","202"
"16480","314.724966774","ipcas_21:73:33","150","1","300","LIED10CTRL/LLN0$Status","1","1","0"
"16481","314.724979577","ipcas_21:73:33","147","1","300","LIED10PROT/LLN0$Alarm","1","",""
"16482","314.725353352","ipcas_21:73:33","204","1","300","LIED10MEAS/LLN0$Measurement","205","211","209"
"16540","315.760312712","ipcas_21:73:33","150","1","301","LIED10CTRL/LLN0$Status","1","1","0"
"16541","315.760321873","ipcas_21:73:33","147","1","301","LIED10PROT/LLN0$Alarm","1","",""
"16542","315.760323259","ipcas_21:73:33","204","1","301","LIED10MEAS/LLN0$Measurement","211","208","209"
"16595","316.781565977","ipcas_21:73:33","150","1","302","LIED10CTRL/LLN0$Status","1","1","0"
"16596","316.781819332","ipcas_21:73:33","147","1","302","LIED10PROT/LLN0$Alarm","1","",""
"16597","316.781825139","ipcas_21:73:33","204","1","302","LIED10MEAS/LLN0$Measurement","206","209","207"
"16650","317.822654857","ipcas_21:73:33","150","1","303","LIED10CTRL/LLN0$Status","1","1","0"
"16651","317.822666414","ipcas_21:73:33","147","1","303","LIED10PROT/LLN0$Alarm","1","",""
"16652","317.822667526","ipcas_21:73:33","204","1","303","LIED10MEAS/LLN0$Measurement","210","205","206"
"16705","318.849676996","ipcas_21:73:33","150","1","304","LIED10CTRL/LLN0$Status","1","1","0"
"16706","318.849688906","ipcas_21:73:33","147","1","304","LIED10PROT/LLN0$Alarm","1","",""
"16707","318.850924517","ipcas_21:73:33","204","1","304","LIED10MEAS/LLN0$Measurement","206","207","202"
"16760","319.869497598","ipcas_21:73:33","150","1","305","LIED10CTRL/LLN0$Status","1","1","0"
"16761","319.869509723","ipcas_21:73:33","147","1","305","LIED10PROT/LLN0$Alarm","1","",""
"16762","319.869511200","ipcas_21:73:33","204","1","305","LIED10MEAS/LLN0$Measurement","202","203","202"
"16844","320.907712976","ipcas_21:73:33","150","1","306","LIED10CTRL/LLN0$Status","1","1","0"
"16845","320.907722185","ipcas_21:73:33","147","1","306","LIED10PROT/LLN0$Alarm","1","",""
"16846","320.907722651","ipcas_21:73:33","204","1","306","LIED10MEAS/LLN0$Measurement","203","206","206"
"16935","321.973097261","ipcas_21:73:33","150","1","307","LIED10CTRL/LLN0$Status","1","1","0"
"16936","321.973107317","ipcas_21:73:33","147","1","307","LIED10PROT/LLN0$Alarm","1","",""
"16937","321.973108764","ipcas_21:73:33","204","1","307","LIED10MEAS/LLN0$Measurement","202","206","206"
"17073","323.011797439","ipcas_21:73:33","150","1","308","LIED10CTRL/LLN0$Status","1","1","0"
"17074","323.011805988","ipcas_21:73:33","147","1","308","LIED10PROT/LLN0$Alarm","1","",""
"17075","323.011807121","ipcas_21:73:33","204","1","308","LIED10MEAS/LLN0$Measurement","202","207","206"
"17150","324.043618346","ipcas_21:73:33","150","1","309","LIED10CTRL/LLN0$Status","1","1","0"
"17151","324.043648305","ipcas_21:73:33","147","1","309","LIED10PROT/LLN0$Alarm","1","",""
"17152","324.043650053","ipcas_21:73:33","204","1","309","LIED10MEAS/LLN0$Measurement","211","208","207"
"17244","325.085791463","ipcas_21:73:33","150","1","310","LIED10CTRL/LLN0$Status","1","1","0"
"17245","325.085998260","ipcas_21:73:33","147","1","310","LIED10PROT/LLN0$Alarm","1","",""
"17246","325.086004946","ipcas_21:73:33","204","1","310","LIED10MEAS/LLN0$Measurement","209","206","206"
"17312","326.126241591","ipcas_21:73:33","150","1","311","LIED10CTRL/LLN0$Status","1","1","0"
"17313","326.126253392","ipcas_21:73:33","147","1","311","LIED10PROT/LLN0$Alarm","1","",""
"17314","326.126254868","ipcas_21:73:33","204","1","311","LIED10MEAS/LLN0$Measurement","205","201","206"
"17384","327.162630306","ipcas_21:73:33","150","1","312","LIED10CTRL/LLN0$Status","1","1","0"
"17385","327.162928173","ipcas_21:73:33","147","1","312","LIED10PROT/LLN0$Alarm","1","",""
"17386","327.162934194","ipcas_21:73:33","204","1","312","LIED10MEAS/LLN0$Measurement","203","206","207"
"17506","328.863068508","ipcas_21:73:33","150","1","313","LIED10CTRL/LLN0$Status","1","1","0"
"17507","328.863170171","ipcas_21:73:33","147","1","313","LIED10PROT/LLN0$Alarm","1","",""
"17508","328.863206438","ipcas_21:73:33","204","1","313","LIED10MEAS/LLN0$Measurement","203","210","206"
"17570","330.356614695","ipcas_21:73:33","150","1","314","LIED10CTRL/LLN0$Status","1","1","0"
"17571","330.356616540","ipcas_21:73:33","147","1","314","LIED10PROT/LLN0$Alarm","1","",""
"17572","330.356618067","ipcas_21:73:33","204","1","314","LIED10MEAS/LLN0$Measurement","207","209","202"
"17673","330.719000130","ipcas_21:73:33","150","1","315","LIED10CTRL/LLN0$Status","1","1","0"
"17674","330.719014192","ipcas_21:73:33","147","1","315","LIED10PROT/LLN0$Alarm","1","",""
"17675","330.719641560","ipcas_21:73:33","204","1","315","LIED10MEAS/LLN0$Measurement","206","210","206"
"17746","331.739826508","ipcas_21:73:33","150","1","316","LIED10CTRL/LLN0$Status","1","1","0"
"17747","331.742253055","ipcas_21:73:33","147","1","316","LIED10PROT/LLN0$Alarm","1","",""
"17748","331.742261186","ipcas_21:73:33","204","1","316","LIED10MEAS/LLN0$Measurement","206","209","206"
"17812","332.855232884","ipcas_21:73:33","150","1","317","LIED10CTRL/LLN0$Status","1","1","0"
"17813","332.855238911","ipcas_21:73:33","147","1","317","LIED10PROT/LLN0$Alarm","1","",""
"17814","332.855240023","ipcas_21:73:33","204","1","317","LIED10MEAS/LLN0$Measurement","208","206","204"
"17870","333.882320461","ipcas_21:73:33","150","1","318","LIED10CTRL/LLN0$Status","1","1","0"
"17871","333.882329464","ipcas_21:73:33","147","1","318","LIED10PROT/LLN0$Alarm","1","",""
"17872","333.882331379","ipcas_21:73:33","204","1","318","LIED10MEAS/LLN0$Measurement","202","206","206"
"17946","334.950490043","ipcas_21:73:33","150","1","319","LIED10CTRL/LLN0$Status","1","1","0"
"17947","334.950496842","ipcas_21:73:33","147","1","319","LIED10PROT/LLN0$Alarm","1","",""
"17948","334.950497856","ipcas_21:73:33","204","1","319","LIED10MEAS/LLN0$Measurement","208","206","203"
"18002","335.993649361","ipcas_21:73:33","150","1","320","LIED10CTRL/LLN0$Status","1","1","0"
"18003","335.993649942","ipcas_21:73:33","147","1","320","LIED10PROT/LLN0$Alarm","1","",""
"18004","335.993650603","ipcas_21:73:33","204","1","320","LIED10MEAS/LLN0$Measurement","206","203","208"
"18067","337.021901241","ipcas_21:73:33","150","1","321","LIED10CTRL/LLN0$Status","1","1","0"
"18068","337.021907999","ipcas_21:73:33","147","1","321","LIED10PROT/LLN0$Alarm","1","",""
"18069","337.021909296","ipcas_21:73:33","204","1","321","LIED10MEAS/LLN0$Measurement","206","202","206"
"18129","338.047699347","ipcas_21:73:33","150","1","322","LIED10CTRL/LLN0$Status","1","1","0"
"18130","338.047707124","ipcas_21:73:33","147","1","322","LIED10PROT/LLN0$Alarm","1","",""
"18131","338.047708310","ipcas_21:73:33","204","1","322","LIED10MEAS/LLN0$Measurement","208","202","206"
"18172","339.090446274","ipcas_21:73:33","150","1","323","LIED10CTRL/LLN0$Status","1","1","0"
"18173","339.090447353","ipcas_21:73:33","147","1","323","LIED10PROT/LLN0$Alarm","1","",""
"18174","339.090448161","ipcas_21:73:33","204","1","323","LIED10MEAS/LLN0$Measurement","211","206","206"
"18222","340.120009028","ipcas_21:73:33","150","1","324","LIED10CTRL/LLN0$Status","1","1","0"
"18223","340.120018841","ipcas_21:73:33","147","1","324","LIED10PROT/LLN0$Alarm","1","",""
"18224","340.120019700","ipcas_21:73:33","204","1","324","LIED10MEAS/LLN0$Measurement","206","207","206"
"18273","341.132161136","ipcas_21:73:33","150","1","325","LIED10CTRL/LLN0$Status","1","1","0"
"18274","341.132168433","ipcas_21:73:33","147","1","325","LIED10PROT/LLN0$Alarm","1","",""
"18275","341.132169605","ipcas_21:73:33","204","1","325","LIED10MEAS/LLN0$Measurement","204","206","206"
"18326","342.169647929","ipcas_21:73:33","150","1","326","LIED10CTRL/LLN0$Status","1","1","0"
"18327","342.170460822","ipcas_21:73:33","147","1","326","LIED10PROT/LLN0$Alarm","1","",""
"18328","342.170995253","ipcas_21:73:33","204","1","326","LIED10MEAS/LLN0$Measurement","205","206","206"
"18379","343.248372364","ipcas_21:73:33","150","1","327","LIED10CTRL/LLN0$Status","1","1","0"
"18380","343.248382424","ipcas_21:73:33","147","1","327","LIED10PROT/LLN0$Alarm","1","",""
"18381","343.248384054","ipcas_21:73:33","204","1","327","LIED10MEAS/LLN0$Measurement","206","206","203"
"18450","344.322552172","ipcas_21:73:33","150","1","328","LIED10CTRL/LLN0$Status","1","1","0"
"18451","344.322558496","ipcas_21:73:33","147","1","328","LIED10PROT/LLN0$Alarm","1","",""
"18452","344.322559473","ipcas_21:73:33","204","1","328","LIED10MEAS/LLN0$Measurement","204","207","206"
"18513","345.353251041","ipcas_21:73:33","150","1","329","LIED10CTRL/LLN0$Status","1","1","0"
"18514","345.353260912","ipcas_21:73:33","147","1","329","LIED10PROT/LLN0$Alarm","1","",""
"18515","345.353262056","ipcas_21:73:33","204","1","329","LIED10MEAS/LLN0$Measurement","208","201","206"
"18576","346.369310320","ipcas_21:73:33","150","1","330","LIED10CTRL/LLN0$Status","1","1","0"
"18577","346.369314948","ipcas_21:73:33","147","1","330","LIED10PROT/LLN0$Alarm","1","",""
"18578","346.369315669","ipcas_21:73:33","204","1","330","LIED10MEAS/LLN0$Measurement","206","206","209"
"18624","347.389559156","ipcas_21:73:33","150","1","331","LIED10CTRL/LLN0$Status","1","1","0"
"18625","347.389559697","ipcas_21:73:33","147","1","331","LIED10PROT/LLN0$Alarm","1","",""
"18627","347.389560765","ipcas_21:73:33","204","1","331","LIED10MEAS/LLN0$Measurement","206","209","209"
"18711","348.405068168","ipcas_21:73:33","150","1","332","LIED10CTRL/LLN0$Status","1","1","0"
"18712","348.405078141","ipcas_21:73:33","147","1","332","LIED10PROT/LLN0$Alarm","1","",""
"18713","348.405079057","ipcas_21:73:33","204","1","332","LIED10MEAS/LLN0$Measurement","209","206","206"
"18797","349.430836877","ipcas_21:73:33","150","1","333","LIED10CTRL/LLN0$Status","1","1","0"
"18798","349.430840919","ipcas_21:73:33","147","1","333","LIED10PROT/LLN0$Alarm","1","",""
"18799","349.430841824","ipcas_21:73:33","204","1","333","LIED10MEAS/LLN0$Measurement","211","202","206"
"18892","350.465430648","ipcas_21:73:33","150","1","334","LIED10CTRL/LLN0$Status","1","1","0"
"18895","350.465432571","ipcas_21:73:33","147","1","334","LIED10PROT/LLN0$Alarm","1","",""
"18896","350.465433792","ipcas_21:73:33","204","1","334","LIED10MEAS/LLN0$Measurement","203","204","203"
"18971","351.472993198","ipcas_21:73:33","150","1","335","LIED10CTRL/LLN0$Status","1","1","0"
"18972","351.473033711","ipcas_21:73:33","147","1","335","LIED10PROT/LLN0$Alarm","1","",""
"18973","351.473035946","ipcas_21:73:33","204","1","335","LIED10MEAS/LLN0$Measurement","205","206","202"
"19076","352.532979133","ipcas_21:73:33","150","1","336","LIED10CTRL/LLN0$Status","1","1","0"
"19077","352.532989938","ipcas_21:73:33","147","1","336","LIED10PROT/LLN0$Alarm","1","",""
"19078","352.532991936","ipcas_21:73:33","204","1","336","LIED10MEAS/LLN0$Measurement","203","206","203"
"19138","353.566757026","ipcas_21:73:33","150","1","337","LIED10CTRL/LLN0$Status","1","1","0"
"19139","353.566767260","ipcas_21:73:33","147","1","337","LIED10PROT/LLN0$Alarm","1","",""
"19140","353.566767874","ipcas_21:73:33","204","1","337","LIED10MEAS/LLN0$Measurement","210","205","206"
"19199","355.656467286","ipcas_21:73:33","150","1","338","LIED10CTRL/LLN0$Status","1","1","0"
"19200","355.656468065","ipcas_21:73:33","147","1","338","LIED10PROT/LLN0$Alarm","1","",""
"19201","355.656468595","ipcas_21:73:33","204","1","338","LIED10MEAS/LLN0$Measurement","206","206","206"
"19260","355.656734582","ipcas_21:73:33","150","1","339","LIED10CTRL/LLN0$Status","1","1","0"
"19261","355.656735104","ipcas_21:73:33","147","1","339","LIED10PROT/LLN0$Alarm","1","",""
"19262","355.656735597","ipcas_21:73:33","204","1","339","LIED10MEAS/LLN0$Measurement","206","201","206"
"19321","356.645841225","ipcas_21:73:33","150","1","340","LIED10CTRL/LLN0$Status","1","1","0"
"19322","356.645850411","ipcas_21:73:33","147","1","340","LIED10PROT/LLN0$Alarm","1","",""
"19323","356.645856957","ipcas_21:73:33","204","1","340","LIED10MEAS/LLN0$Measurement","205","207","206"
"19382","357.690656241","ipcas_21:73:33","150","1","341","LIED10CTRL/LLN0$Status","1","1","0"
"19383","357.690666906","ipcas_21:73:33","147","1","341","LIED10PROT/LLN0$Alarm","1","",""
"19384","357.690668750","ipcas_21:73:33","204","1","341","LIED10MEAS/LLN0$Measurement","206","206","206"
"19448","358.720612159","ipcas_21:73:33","150","1","342","LIED10CTRL/LLN0$Status","1","1","0"
"19449","358.721822455","ipcas_21:73:33","147","1","342","LIED10PROT/LLN0$Alarm","1","",""
"19450","358.721831315","ipcas_21:73:33","204","1","342","LIED10MEAS/LLN0$Measurement","206","205","206"
"19506","359.749414521","ipcas_21:73:33","150","1","343","LIED10CTRL/LLN0$Status","1","1","0"
"19507","359.749427731","ipcas_21:73:33","147","1","343","LIED10PROT/LLN0$Alarm","1","",""
"19508","359.749428894","ipcas_21:73:33","204","1","343","LIED10MEAS/LLN0$Measurement","209","206","206"
"19565","360.769158687","ipcas_21:73:33","150","1","344","LIED10CTRL/LLN0$Status","1","1","0"
"19566","360.770957013","ipcas_21:73:33","147","1","344","LIED10PROT/LLN0$Alarm","1","",""
"19567","360.770964303","ipcas_21:73:33","204","1","344","LIED10MEAS/LLN0$Measurement","207","209","204"
"19621","361.810051023","ipcas_21:73:33","150","1","345","LIED10CTRL/LLN0$Status","1","1","0"
"19622","361.810747653","ipcas_21:73:33","147","1","345","LIED10PROT/LLN0$Alarm","1","",""
"19623","361.811046135","ipcas_21:73:33","204","1","345","LIED10MEAS/LLN0$Measurement","209","209","211"
"19678","362.852332293","ipcas_21:73:33","150","1","346","LIED10CTRL/LLN0$Status","1","1","0"
"19679","362.852565021","ipcas_21:73:33","147","1","346","LIED10PROT/LLN0$Alarm","1","",""
"19680","362.852951953","ipcas_21:73:33","204","1","346","LIED10MEAS/LLN0$Measurement","205","206","206"
"19735","363.904324618","ipcas_21:73:33","150","1","347","LIED10CTRL/LLN0$Status","1","1","0"
"19736","363.905565258","ipcas_21:73:33","147","1","347","LIED10PROT/LLN0$Alarm","1","",""
"19737","363.905573447","ipcas_21:73:33","204","1","347","LIED10MEAS/LLN0$Measurement","206","206","206"
"19793","364.951521225","ipcas_21:73:33","150","1","348","LIED10CTRL/LLN0$Status","1","1","0"
"19794","364.951531009","ipcas_21:73:33","147","1","348","LIED10PROT/LLN0$Alarm","1","",""
"19795","364.951531649","ipcas_21:73:33","204","1","348","LIED10MEAS/LLN0$Measurement","208","210","208"
"19882","365.969220337","ipcas_21:73:33","150","1","349","LIED10CTRL/LLN0$Status","1","1","0"
"19883","365.969479665","ipcas_21:73:33","147","1","349","LIED10PROT/LLN0$Alarm","1","",""
"19884","365.969815662","ipcas_21:73:33","204","1","349","LIED10MEAS/LLN0$Measurement","211","206","203"
"19957","367.006372883","ipcas_21:73:33","150","1","350","LIED10CTRL/LLN0$Status","1","1","0"
"19958","367.006384095","ipcas_21:73:33","147","1","350","LIED10PROT/LLN0$Alarm","1","",""
"19959","367.006385682","ipcas_21:73:33","204","1","350","LIED10MEAS/LLN0$Measurement","206","206","206"
"20083","368.045321947","ipcas_21:73:33","150","1","351","LIED10CTRL/LLN0$Status","1","1","0"
"20084","368.045331159","ipcas_21:73:33","147","1","351","LIED10PROT/LLN0$Alarm","1","",""
"20085","368.045332775","ipcas_21:73:33","204","1","351","LIED10MEAS/LLN0$Measurement","206","207","206"
"20193","369.098750120","ipcas_21:73:33","150","1","352","LIED10CTRL/LLN0$Status","1","1","0"
"20194","369.099310250","ipcas_21:73:33","147","1","352","LIED10PROT/LLN0$Alarm","1","",""
"20195","369.099315622","ipcas_21:73:33","204","1","352","LIED10MEAS/LLN0$Measurement","206","207","201"
"20289","370.134045785","ipcas_21:73:33","150","1","353","LIED10CTRL/LLN0$Status","1","1","0"
"20290","370.136125869","ipcas_21:73:33","147","1","353","LIED10PROT/LLN0$Alarm","1","",""
"20291","370.136133202","ipcas_21:73:33","204","1","353","LIED10MEAS/LLN0$Measurement","210","202","210"
"20359","371.167293391","ipcas_21:73:33","150","1","354","LIED10CTRL/LLN0$Status","1","1","0"
"20360","371.167870032","ipcas_21:73:33","147","1","354","LIED10PROT/LLN0$Alarm","1","",""
"20361","371.167875444","ipcas_21:73:33","204","1","354","LIED10MEAS/LLN0$Measurement","202","201","210"
"20433","372.205029430","ipcas_21:73:33","150","1","355","LIED10CTRL/LLN0$Status","1","1","0"
"20434","372.205037284","ipcas_21:73:33","147","1","355","LIED10PROT/LLN0$Alarm","1","",""
"20435","372.205920319","ipcas_21:73:33","204","1","355","LIED10MEAS/LLN0$Measurement","205","206","204"
"20507","373.242596087","ipcas_21:73:33","150","1","356","LIED10CTRL/LLN0$Status","1","1","0"
"20508","373.242822406","ipcas_21:73:33","147","1","356","LIED10PROT/LLN0$Alarm","1","",""
"20509","373.243473110","ipcas_21:73:33","204","1","356","LIED10MEAS/LLN0$Measurement","210","205","211"
"20595","374.282764519","ipcas_21:73:33","150","1","357","LIED10CTRL/LLN0$Status","1","1","0"
"20596","374.282774211","ipcas_21:73:33","147","1","357","LIED10PROT/LLN0$Alarm","1","",""
"20597","374.282776126","ipcas_21:73:33","204","1","357","LIED10MEAS/LLN0$Measurement","208","207","206"
"20706","375.309362337","ipcas_21:73:33","150","1","358","LIED10CTRL/LLN0$Status","1","1","0"
"20707","375.309893871","ipcas_21:73:33","147","1","358","LIED10PROT/LLN0$Alarm","1","",""
"20709","375.310797893","ipcas_21:73:33","204","1","358","LIED10MEAS/LLN0$Measurement","203","209","206"
"20786","376.349088151","ipcas_21:73:33","150","1","359","LIED10CTRL/LLN0$Status","1","1","0"
"20787","376.349100186","ipcas_21:73:33","147","1","359","LIED10PROT/LLN0$Alarm","1","",""
"20788","376.349769967","ipcas_21:73:33","204","1","359","LIED10MEAS/LLN0$Measurement","206","206","204"
"20845","377.395165979","ipcas_21:73:33","150","1","360","LIED10CTRL/LLN0$Status","1","1","0"
"20846","377.395661818","ipcas_21:73:33","147","1","360","LIED10PROT/LLN0$Alarm","1","",""
"20847","377.396191785","ipcas_21:73:33","204","1","360","LIED10MEAS/LLN0$Measurement","210","206","205"
"20907","378.427637525","ipcas_21:73:33","150","1","361","LIED10CTRL/LLN0$Status","1","1","0"
"20908","378.427647525","ipcas_21:73:33","147","1","361","LIED10PROT/LLN0$Alarm","1","",""
"20909","378.427648455","ipcas_21:73:33","204","1","361","LIED10MEAS/LLN0$Measurement","211","210","206"
"20970","379.467894250","ipcas_21:73:33","150","1","362","LIED10CTRL/LLN0$Status","1","1","0"
"20971","379.467906501","ipcas_21:73:33","147","1","362","LIED10PROT/LLN0$Alarm","1","",""
"20972","379.467907887","ipcas_21:73:33","204","1","362","LIED10MEAS/LLN0$Measurement","206","208","206"
"21025","380.499456376","ipcas_21:73:33","150","1","363","LIED10CTRL/LLN0$Status","1","1","0"
"21026","380.499470051","ipcas_21:73:33","147","1","363","LIED10PROT/LLN0$Alarm","1","",""
"21027","380.499471788","ipcas_21:73:33","204","1","363","LIED10MEAS/LLN0$Measurement","204","208","205"
"21085","381.542038726","ipcas_21:73:33","150","1","364","LIED10CTRL/LLN0$Status","1","1","0"
"21086","381.542050990","ipcas_21:73:33","147","1","364","LIED10PROT/LLN0$Alarm","1","",""
"21087","381.542052170","ipcas_21:73:33","204","1","364","LIED10MEAS/LLN0$Measurement","208","206","208"
"21147","382.567720598","ipcas_21:73:33","150","1","365","LIED10CTRL/LLN0$Status","1","1","0"
"21148","382.567732943","ipcas_21:73:33","147","1","365","LIED10PROT/LLN0$Alarm","1","",""
"21149","382.567734821","ipcas_21:73:33","204","1","365","LIED10MEAS/LLN0$Measurement","203","205","204"
"21206","383.585390021","ipcas_21:73:33","150","1","366","LIED10CTRL/LLN0$Status","1","1","0"
"21207","383.585473748","ipcas_21:73:33","147","1","366","LIED10PROT/LLN0$Alarm","1","",""
"21208","383.585566283","ipcas_21:73:33","204","1","366","LIED10MEAS/LLN0$Measurement","206","206","205"
"21262","384.612109208","ipcas_21:73:33","150","1","367","LIED10CTRL/LLN0$Status","1","1","0"
"21263","384.612905463","ipcas_21:73:33","147","1","367","LIED10PROT/LLN0$Alarm","1","",""
"21264","384.612912105","ipcas_21:73:33","204","1","367","LIED10MEAS/LLN0$Measurement","203","203","209"
"21316","385.662528844","ipcas_21:73:33","150","1","368","LIED10CTRL/LLN0$Status","1","1","0"
"21317","385.663568009","ipcas_21:73:33","147","1","368","LIED10PROT/LLN0$Alarm","1","",""
"21318","385.663576950","ipcas_21:73:33","204","1","368","LIED10MEAS/LLN0$Measurement","211","206","206"
"21372","386.716890734","ipcas_21:73:33","150","1","369","LIED10CTRL/LLN0$Status","1","1","0"
"21373","386.716900638","ipcas_21:73:33","147","1","369","LIED10PROT/LLN0$Alarm","1","",""
"21374","386.716901707","ipcas_21:73:33","204","1","369","LIED10MEAS/LLN0$Measurement","206","206","202"
"21427","387.733681662","ipcas_21:73:33","150","1","370","LIED10CTRL/LLN0$Status","1","1","0"
"21428","387.734588421","ipcas_21:73:33","147","1","370","LIED10PROT/LLN0$Alarm","1","",""
"21429","387.734596259","ipcas_21:73:33","204","1","370","LIED10MEAS/LLN0$Measurement","204","210","211"
"21484","388.772330993","ipcas_21:73:33","150","1","371","LIED10CTRL/LLN0$Status","1","1","0"
"21485","388.773003867","ipcas_21:73:33","147","1","371","LIED10PROT/LLN0$Alarm","1","",""
"21486","388.773011605","ipcas_21:73:33","204","1","371","LIED10MEAS/LLN0$Measurement","211","206","205"
"21542","389.800497289","ipcas_21:73:33","150","1","372","LIED10CTRL/LLN0$Status","1","1","0"
"21543","389.800510352","ipcas_21:73:33","147","1","372","LIED10PROT/LLN0$Alarm","1","",""
"21544","389.800512146","ipcas_21:73:33","204","1","372","LIED10MEAS/LLN0$Measurement","206","206","206"
"21598","390.878856311","ipcas_21:73:33","150","1","373","LIED10CTRL/LLN0$Status","1","1","0"
"21599","390.878867583","ipcas_21:73:33","147","1","373","LIED10PROT/LLN0$Alarm","1","",""
"21600","390.879483602","ipcas_21:73:33","204","1","373","LIED10MEAS/LLN0$Measurement","206","211","206"
"21667","391.922636579","ipcas_21:73:33","150","1","374","LIED10CTRL/LLN0$Status","1","1","0"
"21668","391.922646589","ipcas_21:73:33","147","1","374","LIED10PROT/LLN0$Alarm","1","",""
"21669","391.922648190","ipcas_21:73:33","204","1","374","LIED10MEAS/LLN0$Measurement","206","206","203"
"21749","392.943860344","ipcas_21:73:33","150","1","375","LIED10CTRL/LLN0$Status","1","1","0"
"21750","392.944232311","ipcas_21:73:33","147","1","375","LIED10PROT/LLN0$Alarm","1","",""
"21751","392.944873027","ipcas_21:73:33","204","1","375","LIED10MEAS/LLN0$Measurement","206","206","206"
"21817","393.967879079","ipcas_21:73:33","150","1","376","LIED10CTRL/LLN0$Status","1","1","0"
"21818","393.969901131","ipcas_21:73:33","147","1","376","LIED10PROT/LLN0$Alarm","1","",""
"21819","393.969908159","ipcas_21:73:33","204","1","376","LIED10MEAS/LLN0$Measurement","202","205","206"
"21910","394.991481115","ipcas_21:73:33","150","1","377","LIED10CTRL/LLN0$Status","1","1","0"
"21911","394.991488004","ipcas_21:73:33","147","1","377","LIED10PROT/LLN0$Alarm","1","",""
"21912","394.991489578","ipcas_21:73:33","204","1","377","LIED10MEAS/LLN0$Measurement","206","201","206"
"22028","396.037152887","ipcas_21:73:33","150","1","378","LIED10CTRL/LLN0$Status","1","1","0"
"22029","396.037159395","ipcas_21:73:33","147","1","378","LIED10PROT/LLN0$Alarm","1","",""
"22030","396.037160491","ipcas_21:73:33","204","1","378","LIED10MEAS/LLN0$Measurement","209","206","210"
"22125","397.078427810","ipcas_21:73:33","150","1","379","LIED10CTRL/LLN0$Status","1","1","0"
"22126","397.078434950","ipcas_21:73:33","147","1","379","LIED10PROT/LLN0$Alarm","1","",""
"22127","397.078436564","ipcas_21:73:33","204","1","379","LIED10MEAS/LLN0$Measurement","203","210","204"
"22186","398.108424868","ipcas_21:73:33","150","1","380","LIED10CTRL/LLN0$Status","1","1","0"
"22187","398.108437286","ipcas_21:73:33","147","1","380","LIED10PROT/LLN0$Alarm","1","",""
"22188","398.108438847","ipcas_21:73:33","204","1","380","LIED10MEAS/LLN0$Measurement","206","207","201"
"22249","399.153039202","ipcas_21:73:33","150","1","381","LIED10CTRL/LLN0$Status","1","1","0"
"22250","399.153049479","ipcas_21:73:33","147","1","381","LIED10PROT/LLN0$Alarm","1","",""
"22251","399.153050993","ipcas_21:73:33","204","1","381","LIED10MEAS/LLN0$Measurement","210","201","209"
"22312","400.180656272","ipcas_21:73:33","150","1","382","LIED10CTRL/LLN0$Status","1","1","0"
"22313","400.180673575","ipcas_21:73:33","147","1","382","LIED10PROT/LLN0$Alarm","1","",""
"22314","400.180676131","ipcas_21:73:33","204","1","382","LIED10MEAS/LLN0$Measurement","201","206","211"
"22373","401.225912041","ipcas_21:73:33","150","1","383","LIED10CTRL/LLN0$Status","1","1","0"
"22374","401.225922806","ipcas_21:73:33","147","1","383","LIED10PROT/LLN0$Alarm","1","",""
"22375","401.225924006","ipcas_21:73:33","204","1","383","LIED10MEAS/LLN0$Measurement","206","206","205"
"22430","402.247561959","ipcas_21:73:33","150","1","384","LIED10CTRL/LLN0$Status","1","1","0"
"22431","402.247571403","ipcas_21:73:33","147","1","384","LIED10PROT/LLN0$Alarm","1","",""
"22432","402.247931771","ipcas_21:73:33","204","1","384","LIED10MEAS/LLN0$Measurement","207","206","206"
"22488","403.290010175","ipcas_21:73:33","150","1","385","LIED10CTRL/LLN0$Status","1","1","0"
"22489","403.290020141","ipcas_21:73:33","147","1","385","LIED10PROT/LLN0$Alarm","1","",""
"22490","403.290021915","ipcas_21:73:33","204","1","385","LIED10MEAS/LLN0$Measurement","211","209","206"
"22546","404.343149648","ipcas_21:73:33","150","1","386","LIED10CTRL/LLN0$Status","1","1","0"
"22547","404.343159985","ipcas_21:73:33","147","1","386","LIED10PROT/LLN0$Alarm","1","",""
"22548","404.343161569","ipcas_21:73:33","204","1","386","LIED10MEAS/LLN0$Measurement","207","210","206"
"22605","405.394938921","ipcas_21:73:33","150","1","387","LIED10CTRL/LLN0$Status","1","1","0"
"22606","405.395787934","ipcas_21:73:33","147","1","387","LIED10PROT/LLN0$Alarm","1","",""
"22607","405.395793420","ipcas_21:73:33","204","1","387","LIED10MEAS/LLN0$Measurement","210","209","206"
"22661","406.418344403","ipcas_21:73:33","150","1","388","LIED10CTRL/LLN0$Status","1","1","0"
"22662","406.418353747","ipcas_21:73:33","147","1","388","LIED10PROT/LLN0$Alarm","1","",""
"22663","406.418354983","ipcas_21:73:33","204","1","388","LIED10MEAS/LLN0$Measurement","203","203","206"
"22715","407.459612343","ipcas_21:73:33","150","1","389","LIED10CTRL/LLN0$Status","1","1","0"
"22716","407.459622754","ipcas_21:73:33","147","1","389","LIED10PROT/LLN0$Alarm","1","",""
"22717","407.459623786","ipcas_21:73:33","204","1","389","LIED10MEAS/LLN0$Measurement","205","208","206"
"22771","408.485394218","ipcas_21:73:33","150","1","390","LIED10CTRL/LLN0$Status","1","1","0"
"22772","408.485403627","ipcas_21:73:33","147","1","390","LIED10PROT/LLN0$Alarm","1","",""
"22773","408.485404858","ipcas_21:73:33","204","1","390","LIED10MEAS/LLN0$Measurement","206","206","206"
"22827","409.505907437","ipcas_21:73:33","150","1","391","LIED10CTRL/LLN0$Status","1","1","0"
"22828","409.506113708","ipcas_21:73:33","147","1","391","LIED10PROT/LLN0$Alarm","1","",""
"22829","409.506544427","ipcas_21:73:33","204","1","391","LIED10MEAS/LLN0$Measurement","210","208","206"
"22884","410.552355951","ipcas_21:73:33","150","1","392","LIED10CTRL/LLN0$Status","1","1","0"
"22885","410.552384957","ipcas_21:73:33","147","1","392","LIED10PROT/LLN0$Alarm","1","",""
"22886","410.552386644","ipcas_21:73:33","204","1","392","LIED10MEAS/LLN0$Measurement","207","207","206"
"22953","411.747151125","ipcas_21:73:33","150","1","393","LIED10CTRL/LLN0$Status","1","1","0"
"22954","411.747158471","ipcas_21:73:33","147","1","393","LIED10PROT/LLN0$Alarm","1","",""
"22955","411.747159324","ipcas_21:73:33","204","1","393","LIED10MEAS/LLN0$Measurement","206","210","210"
"23048","412.809224453","ipcas_21:73:33","150","1","394","LIED10CTRL/LLN0$Status","1","1","0"
"23049","412.809226105","ipcas_21:73:33","147","1","394","LIED10PROT/LLN0$Alarm","1","",""
"23050","412.809226927","ipcas_21:73:33","204","1","394","LIED10MEAS/LLN0$Measurement","207","210","206"
"23168","413.832768875","ipcas_21:73:33","150","1","395","LIED10CTRL/LLN0$Status","1","1","0"
"23169","413.832853881","ipcas_21:73:33","147","1","395","LIED10PROT/LLN0$Alarm","1","",""
"23170","413.833320689","ipcas_21:73:33","204","1","395","LIED10MEAS/LLN0$Measurement","210","207","203"
"23299","414.858858590","ipcas_21:73:33","150","1","396","LIED10CTRL/LLN0$Status","1","1","0"
"23300","414.858865749","ipcas_21:73:33","147","1","396","LIED10PROT/LLN0$Alarm","1","",""
"23301","414.858866269","ipcas_21:73:33","204","1","396","LIED10MEAS/LLN0$Measurement","210","206","204"
"23375","415.897741867","ipcas_21:73:33","150","1","397","LIED10CTRL/LLN0$Status","1","1","0"
"23376","415.898196992","ipcas_21:73:33","147","1","397","LIED10PROT/LLN0$Alarm","1","",""
"23377","415.898671652","ipcas_21:73:33","204","1","397","LIED10MEAS/LLN0$Measurement","202","206","205"
"23439","416.947241757","ipcas_21:73:33","150","1","398","LIED10CTRL/LLN0$Status","1","1","0"
"23440","416.947252835","ipcas_21:73:33","147","1","398","LIED10PROT/LLN0$Alarm","1","",""
"23441","416.948265307","ipcas_21:73:33","204","1","398","LIED10MEAS/LLN0$Measurement","206","206","211"
"23527","418.091489179","ipcas_21:73:33","150","1","399","LIED10CTRL/LLN0$Status","1","1","0"
"23528","418.091880760","ipcas_21:73:33","147","1","399","LIED10PROT/LLN0$Alarm","1","",""
"23529","418.091887161","ipcas_21:73:33","204","1","399","LIED10MEAS/LLN0$Measurement","206","206","206"
"23615","419.133195909","ipcas_21:73:33","150","1","400","LIED10CTRL/LLN0$Status","1","1","0"
"23616","419.133205014","ipcas_21:73:33","147","1","400","LIED10PROT/LLN0$Alarm","1","",""
"23617","419.134229559","ipcas_21:73:33","204","1","400","LIED10MEAS/LLN0$Measurement","204","204","209"
"23721","420.179447750","ipcas_21:73:33","150","1","401","LIED10CTRL/LLN0$Status","1","1","0"
"23722","420.179454479","ipcas_21:73:33","147","1","401","LIED10PROT/LLN0$Alarm","1","",""
"23723","420.179951349","ipcas_21:73:33","204","1","401","LIED10MEAS/LLN0$Measurement","211","211","206"
"23817","421.211162936","ipcas_21:73:33","150","1","402","LIED10CTRL/LLN0$Status","1","1","0"
"23818","421.211169912","ipcas_21:73:33","147","1","402","LIED10PROT/LLN0$Alarm","1","",""
"23819","421.211465939","ipcas_21:73:33","204","1","402","LIED10MEAS/LLN0$Measurement","210","206","206"
"23880","422.259188866","ipcas_21:73:33","150","1","403","LIED10CTRL/LLN0$Status","1","1","0"
"23881","422.259198606","ipcas_21:73:33","147","1","403","LIED10PROT/LLN0$Alarm","1","",""
"23882","422.259215516","ipcas_21:73:33","204","1","403","LIED10MEAS/LLN0$Measurement","206","204","206"
"23942","423.280282126","ipcas_21:73:33","150","1","404","LIED10CTRL/LLN0$Status","1","1","0"
"23943","423.280292971","ipcas_21:73:33","147","1","404","LIED10PROT/LLN0$Alarm","1","",""
"23944","423.280294524","ipcas_21:73:33","204","1","404","LIED10MEAS/LLN0$Measurement","206","205","201"
"24005","424.320832060","ipcas_21:73:33","150","1","405","LIED10CTRL/LLN0$Status","1","1","0"
"24006","424.321649771","ipcas_21:73:33","147","1","405","LIED10PROT/LLN0$Alarm","1","",""
"24007","424.321655424","ipcas_21:73:33","204","1","405","LIED10MEAS/LLN0$Measurement","206","206","206"
"24062","425.364256655","ipcas_21:73:33","150","1","406","LIED10CTRL/LLN0$Status","1","1","0"
"24063","425.364968433","ipcas_21:73:33","147","1","406","LIED10PROT/LLN0$Alarm","1","",""
"24064","425.365584624","ipcas_21:73:33","204","1","406","LIED10MEAS/LLN0$Measurement","210","205","206"
"24118","426.429272345","ipcas_21:73:33","150","1","407","LIED10CTRL/LLN0$Status","1","1","0"
"24119","426.429283283","ipcas_21:73:33","147","1","407","LIED10PROT/LLN0$Alarm","1","",""
"24120","426.429285175","ipcas_21:73:33","204","1","407","LIED10MEAS/LLN0$Measurement","206","206","203"
"24178","427.441507648","ipcas_21:73:33","150","1","408","LIED10CTRL/LLN0$Status","1","1","0"
"24179","427.441516819","ipcas_21:73:33","147","1","408","LIED10PROT/LLN0$Alarm","1","",""
"24180","427.441894547","ipcas_21:73:33","204","1","408","LIED10MEAS/LLN0$Measurement","208","204","206"
"24237","428.469355447","ipcas_21:73:33","150","1","409","LIED10CTRL/LLN0$Status","1","1","0"
"24238","428.469366225","ipcas_21:73:33","147","1","409","LIED10PROT/LLN0$Alarm","1","",""
"24239","428.469367926","ipcas_21:73:33","204","1","409","LIED10MEAS/LLN0$Measurement","204","209","203"
"24299","429.495916989","ipcas_21:73:33","150","1","410","LIED10CTRL/LLN0$Status","1","1","0"
"24300","429.495924941","ipcas_21:73:33","147","1","410","LIED10PROT/LLN0$Alarm","1","",""
"24301","429.496043991","ipcas_21:73:33","204","1","410","LIED10MEAS/LLN0$Measurement","206","201","201"
"24354","430.533497624","ipcas_21:73:33","150","1","411","LIED10CTRL/LLN0$Status","1","1","0"
"24355","430.533506975","ipcas_21:73:33","147","1","411","LIED10PROT/LLN0$Alarm","1","",""
"24356","430.533508699","ipcas_21:73:33","204","1","411","LIED10MEAS/LLN0$Measurement","206","208","202"
"24408","431.568234530","ipcas_21:73:33","150","1","412","LIED10CTRL/LLN0$Status","1","1","0"
"24409","431.568243918","ipcas_21:73:33","147","1","412","LIED10PROT/LLN0$Alarm","1","",""
"24410","431.569490728","ipcas_21:73:33","204","1","412","LIED10MEAS/LLN0$Measurement","204","206","204"
"24464","432.605576805","ipcas_21:73:33","150","1","413","LIED10CTRL/LLN0$Status","1","1","0"
"24465","432.605587325","ipcas_21:73:33","147","1","413","LIED10PROT/LLN0$Alarm","1","",""
"24466","432.605971828","ipcas_21:73:33","204","1","413","LIED10MEAS/LLN0$Measurement","209","206","206"
"24520","433.648307542","ipcas_21:73:33","150","1","414","LIED10CTRL/LLN0$Status","1","1","0"
"24521","433.648317739","ipcas_21:73:33","147","1","414","LIED10PROT/LLN0$Alarm","1","",""
"24522","433.648319196","ipcas_21:73:33","204","1","414","LIED10MEAS/LLN0$Measurement","206","206","210"
"24577","434.681556271","ipcas_21:73:33","150","1","415","LIED10CTRL/LLN0$Status","1","1","0"
"24578","434.681563802","ipcas_21:73:33","147","1","415","LIED10PROT/LLN0$Alarm","1","",""
"24579","434.682109732","ipcas_21:73:33","204","1","415","LIED10MEAS/LLN0$Measurement","208","210","206"
"24633","435.723072036","ipcas_21:73:33","150","1","416","LIED10CTRL/LLN0$Status","1","1","0"
"24634","435.723080786","ipcas_21:73:33","147","1","416","LIED10PROT/LLN0$Alarm","1","",""
"24635","435.723082089","ipcas_21:73:33","204","1","416","LIED10MEAS/LLN0$Measurement","206","205","206"
"24690","436.747339123","ipcas_21:73:33","150","1","417","LIED10CTRL/LLN0$Status","1","1","0"
"24691","436.747909005","ipcas_21:73:33","147","1","417","LIED10PROT/LLN0$Alarm","1","",""
"24692","436.747913792","ipcas_21:73:33","204","1","417","LIED10MEAS/LLN0$Measurement","205","209","206"
"24748","437.793647478","ipcas_21:73:33","150","1","418","LIED10CTRL/LLN0$Status","1","1","0"
"24749","437.793654651","ipcas_21:73:33","147","1","418","LIED10PROT/LLN0$Alarm","1","",""
"24750","437.793655921","ipcas_21:73:33","204","1","418","LIED10MEAS/LLN0$Measurement","205","210","204"
"24835","438.833858013","ipcas_21:73:33","150","1","419","LIED10CTRL/LLN0$Status","1","1","0"
"24836","438.833866616","ipcas_21:73:33","147","1","419","LIED10PROT/LLN0$Alarm","1","",""
"24837","438.834393332","ipcas_21:73:33","204","1","419","LIED10MEAS/LLN0$Measurement","208","206","203"
"24895","439.867274396","ipcas_21:73:33","150","1","420","LIED10CTRL/LLN0$Status","1","1","0"
"24896","439.868052393","ipcas_21:73:33","147","1","420","LIED10PROT/LLN0$Alarm","1","",""
"24897","439.868058891","ipcas_21:73:33","204","1","420","LIED10MEAS/LLN0$Measurement","207","207","206"
"24951","440.911523823","ipcas_21:73:33","150","1","421","LIED10CTRL/LLN0$Status","1","1","0"
"24952","440.911996078","ipcas_21:73:33","147","1","421","LIED10PROT/LLN0$Alarm","1","",""
"24953","440.912000789","ipcas_21:73:33","204","1","421","LIED10MEAS/LLN0$Measurement","204","206","205"
"25006","441.956354022","ipcas_21:73:33","150","1","422","LIED10CTRL/LLN0$Status","1","1","0"
"25007","441.956363520","ipcas_21:73:33","147","1","422","LIED10PROT/LLN0$Alarm","1","",""
"25008","441.956364503","ipcas_21:73:33","204","1","422","LIED10MEAS/LLN0$Measurement","209","206","208"
"25062","442.988351504","ipcas_21:73:33","150","1","423","LIED10CTRL/LLN0$Status","1","1","0"
"25063","442.988360084","ipcas_21:73:33","147","1","423","LIED10PROT/LLN0$Alarm","1","",""
"25064","442.988362005","ipcas_21:73:33","204","1","423","LIED10MEAS/LLN0$Measurement","206","201","208"
"25116","444.040396248","ipcas_21:73:33","150","1","424","LIED10CTRL/LLN0$Status","1","1","0"
"25117","444.040402993","ipcas_21:73:33","147","1","424","LIED10PROT/LLN0$Alarm","1","",""
"25118","444.040403794","ipcas_21:73:33","204","1","424","LIED10MEAS/LLN0$Measurement","203","210","202"
"25174","445.049786635","ipcas_21:73:33","150","1","425","LIED10CTRL/LLN0$Status","1","1","0"
"25175","445.049951898","ipcas_21:73:33","147","1","425","LIED10PROT/LLN0$Alarm","1","",""
"25176","445.050284488","ipcas_21:73:33","204","1","425","LIED10MEAS/LLN0$Measurement","210","205","206"
"25231","446.089130787","ipcas_21:73:33","150","1","426","LIED10CTRL/LLN0$Status","1","1","0"
"25232","446.089138209","ipcas_21:73:33","147","1","426","LIED10PROT/LLN0$Alarm","1","",""
"25233","446.089138968","ipcas_21:73:33","204","1","426","LIED10MEAS/LLN0$Measurement","206","210","206"
"25287","447.098817910","ipcas_21:73:33","150","1","427","LIED10CTRL/LLN0$Status","1","1","0"
"25288","447.099758528","ipcas_21:73:33","147","1","427","LIED10PROT/LLN0$Alarm","1","",""
"25289","447.099764859","ipcas_21:73:33","204","1","427","LIED10MEAS/LLN0$Measurement","203","206","209"
"25341","448.127788290","ipcas_21:73:33","150","1","428","LIED10CTRL/LLN0$Status","1","1","0"
"25342","448.129388709","ipcas_21:73:33","147","1","428","LIED10PROT/LLN0$Alarm","1","",""
"25343","448.130916049","ipcas_21:73:33","204","1","428","LIED10MEAS/LLN0$Measurement","208","202","206"
"25396","449.167755947","ipcas_21:73:33","150","1","429","LIED10CTRL/LLN0$Status","1","1","0"
"25397","449.167765202","ipcas_21:73:33","147","1","429","LIED10PROT/LLN0$Alarm","1","",""
"25398","449.167766411","ipcas_21:73:33","204","1","429","LIED10MEAS/LLN0$Measurement","209","205","206"
"25451","450.210448334","ipcas_21:73:33","150","1","430","LIED10CTRL/LLN0$Status","1","1","0"
"25452","450.210458591","ipcas_21:73:33","147","1","430","LIED10PROT/LLN0$Alarm","1","",""
"25453","450.211977415","ipcas_21:73:33","204","1","430","LIED10MEAS/LLN0$Measurement","208","204","203"
"25507","451.235802203","ipcas_21:73:33","150","1","431","LIED10CTRL/LLN0$Status","1","1","0"
"25508","451.235811625","ipcas_21:73:33","147","1","431","LIED10PROT/LLN0$Alarm","1","",""
"25509","451.235813228","ipcas_21:73:33","204","1","431","LIED10MEAS/LLN0$Measurement","201","206","206"
"25563","452.277665409","ipcas_21:73:33","150","1","432","LIED10CTRL/LLN0$Status","1","1","0"
"25564","452.277675519","ipcas_21:73:33","147","1","432","LIED10PROT/LLN0$Alarm","1","",""
"25565","452.277676969","ipcas_21:73:33","204","1","432","LIED10MEAS/LLN0$Measurement","206","206","201"
"25618","453.297661765","ipcas_21:73:33","150","1","433","LIED10CTRL/LLN0$Status","1","1","0"
"25619","453.298278328","ipcas_21:73:33","147","1","433","LIED10PROT/LLN0$Alarm","1","",""
"25620","453.298659012","ipcas_21:73:33","204","1","433","LIED10MEAS/LLN0$Measurement","208","206","206"
"25672","454.333391060","ipcas_21:73:33","150","1","434","LIED10CTRL/LLN0$Status","1","1","0"
"25673","454.333401567","ipcas_21:73:33","147","1","434","LIED10PROT/LLN0$Alarm","1","",""
"25674","454.333403057","ipcas_21:73:33","204","1","434","LIED10MEAS/LLN0$Measurement","203","211","209"
"25725","455.369870523","ipcas_21:73:33","150","1","435","LIED10CTRL/LLN0$Status","1","1","0"
"25726","455.369880323","ipcas_21:73:33","147","1","435","LIED10PROT/LLN0$Alarm","1","",""
"25727","455.369881569","ipcas_21:73:33","204","1","435","LIED10MEAS/LLN0$Measurement","205","210","209"
"25780","456.421912269","ipcas_21:73:33","150","1","436","LIED10CTRL/LLN0$Status","1","1","0"
"25781","456.421922112","ipcas_21:73:33","147","1","436","LIED10PROT/LLN0$Alarm","1","",""
"25782","456.421923061","ipcas_21:73:33","204","1","436","LIED10MEAS/LLN0$Measurement","210","206","201"
"25834","457.471347232","ipcas_21:73:33","150","1","437","LIED10CTRL/LLN0$Status","1","1","0"
"25835","457.471353127","ipcas_21:73:33","147","1","437","LIED10PROT/LLN0$Alarm","1","",""
"25836","457.471354014","ipcas_21:73:33","204","1","437","LIED10MEAS/LLN0$Measurement","206","203","206"
"25932","458.518312669","ipcas_21:73:33","150","1","438","LIED10CTRL/LLN0$Status","1","1","0"
"25933","458.518322404","ipcas_21:73:33","147","1","438","LIED10PROT/LLN0$Alarm","1","",""
"25934","458.518323520","ipcas_21:73:33","204","1","438","LIED10MEAS/LLN0$Measurement","204","206","206"
"26028","459.553876018","ipcas_21:73:33","150","1","439","LIED10CTRL/LLN0$Status","1","1","0"
"26029","459.553882002","ipcas_21:73:33","147","1","439","LIED10PROT/LLN0$Alarm","1","",""
"26030","459.553883198","ipcas_21:73:33","204","1","439","LIED10MEAS/LLN0$Measurement","206","206","206"
"26149","460.571205427","ipcas_21:73:33","150","1","440","LIED10CTRL/LLN0$Status","1","1","0"
"26150","460.571212802","ipcas_21:73:33","147","1","440","LIED10PROT/LLN0$Alarm","1","",""
"26151","460.571213144","ipcas_21:73:33","204","1","440","LIED10MEAS/LLN0$Measurement","209","208","206"
"26222","461.636117431","ipcas_21:73:33","150","1","441","LIED10CTRL/LLN0$Status","1","1","0"
"26223","461.636124278","ipcas_21:73:33","147","1","441","LIED10PROT/LLN0$Alarm","1","",""
"26224","461.636125271","ipcas_21:73:33","204","1","441","LIED10MEAS/LLN0$Measurement","206","201","209"
"26282","462.635722810","ipcas_21:73:33","150","1","442","LIED10CTRL/LLN0$Status","1","1","0"
"26283","462.635732047","ipcas_21:73:33","147","1","442","LIED10PROT/LLN0$Alarm","1","",""
"26284","462.635733337","ipcas_21:73:33","204","1","442","LIED10MEAS/LLN0$Measurement","207","201","204"
"26355","463.703160048","ipcas_21:73:33","150","1","443","LIED10CTRL/LLN0$Status","1","1","0"
"26356","463.703169962","ipcas_21:73:33","147","1","443","LIED10PROT/LLN0$Alarm","1","",""
"26357","463.703171233","ipcas_21:73:33","204","1","443","LIED10MEAS/LLN0$Measurement","206","202","206"
"26417","464.729809242","ipcas_21:73:33","150","1","444","LIED10CTRL/LLN0$Status","1","1","0"
"26418","464.729819355","ipcas_21:73:33","147","1","444","LIED10PROT/LLN0$Alarm","1","",""
"26419","464.729820866","ipcas_21:73:33","204","1","444","LIED10MEAS/LLN0$Measurement","206","201","206"
"26471","465.752516063","ipcas_21:73:33","150","1","445","LIED10CTRL/LLN0$Status","1","1","0"
"26472","465.752526754","ipcas_21:73:33","147","1","445","LIED10PROT/LLN0$Alarm","1","",""
"26473","465.752528648","ipcas_21:73:33","204","1","445","LIED10MEAS/LLN0$Measurement","211","202","208"
"26531","466.781304121","ipcas_21:73:33","150","1","446","LIED10CTRL/LLN0$Status","1","1","0"
"26532","466.781313703","ipcas_21:73:33","147","1","446","LIED10PROT/LLN0$Alarm","1","",""
"26533","466.781614039","ipcas_21:73:33","204","1","446","LIED10MEAS/LLN0$Measurement","206","206","209"
"26590","467.824467756","ipcas_21:73:33","150","1","447","LIED10CTRL/LLN0$Status","1","1","0"
"26591","467.824477723","ipcas_21:73:33","147","1","447","LIED10PROT/LLN0$Alarm","1","",""
"26592","467.824478822","ipcas_21:73:33","204","1","447","LIED10MEAS/LLN0$Measurement","206","204","206"
"26652","468.875680440","ipcas_21:73:33","150","1","448","LIED10CTRL/LLN0$Status","1","1","0"
"26653","468.875688191","ipcas_21:73:33","147","1","448","LIED10PROT/LLN0$Alarm","1","",""
"26654","468.875689246","ipcas_21:73:33","204","1","448","LIED10MEAS/LLN0$Measurement","205","206","205"
"26706","469.893521926","ipcas_21:73:33","150","1","449","LIED10CTRL/LLN0$Status","1","1","0"
"26707","469.894065898","ipcas_21:73:33","147","1","449","LIED10PROT/LLN0$Alarm","1","",""
"26708","469.894069220","ipcas_21:73:33","204","1","449","LIED10MEAS/LLN0$Measurement","201","206","210"
"26759","470.920497229","ipcas_21:73:33","150","1","450","LIED10CTRL/LLN0$Status","1","1","0"
"26760","470.920508044","ipcas_21:73:33","147","1","450","LIED10PROT/LLN0$Alarm","1","",""
"26761","470.920509260","ipcas_21:73:33","204","1","450","LIED10MEAS/LLN0$Measurement","206","209","209"
"26812","471.971486545","ipcas_21:73:33","150","1","451","LIED10CTRL/LLN0$Status","1","1","0"
"26813","471.971888993","ipcas_21:73:33","147","1","451","LIED10PROT/LLN0$Alarm","1","",""
"26814","471.972114153","ipcas_21:73:33","204","1","451","LIED10MEAS/LLN0$Measurement","206","209","207"
"26866","473.013926690","ipcas_21:73:33","150","1","452","LIED10CTRL/LLN0$Status","1","1","0"
"26867","473.013937668","ipcas_21:73:33","147","1","452","LIED10PROT/LLN0$Alarm","1","",""
"26868","473.013938748","ipcas_21:73:33","204","1","452","LIED10MEAS/LLN0$Measurement","209","209","210"
"26922","474.069841676","ipcas_21:73:33","150","1","453","LIED10CTRL/LLN0$Status","1","1","0"
"26923","474.069849350","ipcas_21:73:33","147","1","453","LIED10PROT/LLN0$Alarm","1","",""
"26924","474.069850442","ipcas_21:73:33","204","1","453","LIED10MEAS/LLN0$Measurement","206","202","209"
"26978","475.081784220","ipcas_21:73:33","150","1","454","LIED10CTRL/LLN0$Status","1","1","0"
"26979","475.145826718","ipcas_21:73:33","147","1","454","LIED10PROT/LLN0$Alarm","1","",""
"26980","475.145832629","ipcas_21:73:33","204","1","454","LIED10MEAS/LLN0$Measurement","206","208","202"
"27032","476.222650416","ipcas_21:73:33","150","1","455","LIED10CTRL/LLN0$Status","1","1","0"
"27033","476.222660884","ipcas_21:73:33","147","1","455","LIED10PROT/LLN0$Alarm","1","",""
"27034","476.222661866","ipcas_21:73:33","204","1","455","LIED10MEAS/LLN0$Measurement","211","208","204"
"27085","477.249097736","ipcas_21:73:33","150","1","456","LIED10CTRL/LLN0$Status","1","1","0"
"27086","477.249352432","ipcas_21:73:33","147","1","456","LIED10PROT/LLN0$Alarm","1","",""
"27087","477.249455068","ipcas_21:73:33","204","1","456","LIED10MEAS/LLN0$Measurement","206","209","206"
"27139","478.288300004","ipcas_21:73:33","150","1","457","LIED10CTRL/LLN0$Status","1","1","0"
"27140","478.288636386","ipcas_21:73:33","147","1","457","LIED10PROT/LLN0$Alarm","1","",""
"27141","478.288639852","ipcas_21:73:33","204","1","457","LIED10MEAS/LLN0$Measurement","206","206","206"
"27192","479.311811432","ipcas_21:73:33","150","1","458","LIED10CTRL/LLN0$Status","1","1","0"
"27193","479.311820543","ipcas_21:73:33","147","1","458","LIED10PROT/LLN0$Alarm","1","",""
"27194","479.311821171","ipcas_21:73:33","204","1","458","LIED10MEAS/LLN0$Measurement","204","206","206"
"27247","480.347028141","ipcas_21:73:33","150","1","459","LIED10CTRL/LLN0$Status","1","1","0"
"27248","480.347037713","ipcas_21:73:33","147","1","459","LIED10PROT/LLN0$Alarm","1","",""
"27249","480.347038980","ipcas_21:73:33","204","1","459","LIED10MEAS/LLN0$Measurement","206","206","209"
"27301","481.384498995","ipcas_21:73:33","150","1","460","LIED10CTRL/LLN0$Status","1","1","0"
"27302","481.385113640","ipcas_21:73:33","147","1","460","LIED10PROT/LLN0$Alarm","1","",""
"27303","481.385625131","ipcas_21:73:33","204","1","460","LIED10MEAS/LLN0$Measurement","211","208","204"
"27356","482.421584380","ipcas_21:73:33","150","1","461","LIED10CTRL/LLN0$Status","1","1","0"
"27357","482.422233432","ipcas_21:73:33","147","1","461","LIED10PROT/LLN0$Alarm","1","",""
"27358","482.422237920","ipcas_21:73:33","204","1","461","LIED10MEAS/LLN0$Measurement","209","205","206"
"27411","483.455899447","ipcas_21:73:33","150","1","462","LIED10CTRL/LLN0$Status","1","1","0"
"27412","483.455909032","ipcas_21:73:33","147","1","462","LIED10PROT/LLN0$Alarm","1","",""
"27413","483.457032819","ipcas_21:73:33","204","1","462","LIED10MEAS/LLN0$Measurement","203","206","202"
"27464","484.504749791","ipcas_21:73:33","150","1","463","LIED10CTRL/LLN0$Status","1","1","0"
"27465","484.505160270","ipcas_21:73:33","147","1","463","LIED10PROT/LLN0$Alarm","1","",""
"27466","484.505449688","ipcas_21:73:33","204","1","463","LIED10MEAS/LLN0$Measurement","210","210","201"
"27518","485.549524713","ipcas_21:73:33","150","1","464","LIED10CTRL/LLN0$Status","1","1","0"
"27519","485.550041741","ipcas_21:73:33","147","1","464","LIED10PROT/LLN0$Alarm","1","",""
"27520","485.550046552","ipcas_21:73:33","204","1","464","LIED10MEAS/LLN0$Measurement","205","202","210"
"27572","486.571738121","ipcas_21:73:33","150","1","465","LIED10CTRL/LLN0$Status","1","1","0"
"27573","486.571749570","ipcas_21:73:33","147","1","465","LIED10PROT/LLN0$Alarm","1","",""
"27574","486.571996631","ipcas_21:73:33","204","1","465","LIED10MEAS/LLN0$Measurement","207","205","202"
"27625","487.629454598","ipcas_21:73:33","150","1","466","LIED10CTRL/LLN0$Status","1","1","0"
"27626","487.629622330","ipcas_21:73:33","147","1","466","LIED10PROT/LLN0$Alarm","1","",""
"27627","487.629909148","ipcas_21:73:33","204","1","466","LIED10MEAS/LLN0$Measurement","206","209","202"
"27679","488.680333998","ipcas_21:73:33","150","1","467","LIED10CTRL/LLN0$Status","1","1","0"
"27680","488.680345448","ipcas_21:73:33","147","1","467","LIED10PROT/LLN0$Alarm","1","",""
"27681","488.680346854","ipcas_21:73:33","204","1","467","LIED10MEAS/LLN0$Measurement","208","206","206"
"27733","489.710762223","ipcas_21:73:33","150","1","468","LIED10CTRL/LLN0$Status","1","1","0"
"27734","489.711038741","ipcas_21:73:33","147","1","468","LIED10PROT/LLN0$Alarm","1","",""
"27735","489.711230982","ipcas_21:73:33","204","1","468","LIED10MEAS/LLN0$Measurement","209","202","203"
"27791","490.773694794","ipcas_21:73:33","150","1","469","LIED10CTRL/LLN0$Status","1","1","0"
"27792","490.775240739","ipcas_21:73:33","147","1","469","LIED10PROT/LLN0$Alarm","1","",""
"27793","490.775247120","ipcas_21:73:33","204","1","469","LIED10MEAS/LLN0$Measurement","206","205","206"
"27845","491.821931570","ipcas_21:73:33","150","1","470","LIED10CTRL/LLN0$Status","1","1","0"
"27846","491.822218341","ipcas_21:73:33","147","1","470","LIED10PROT/LLN0$Alarm","1","",""
"27847","491.822413356","ipcas_21:73:33","204","1","470","LIED10MEAS/LLN0$Measurement","201","205","211"
"27900","492.874809252","ipcas_21:73:33","150","1","471","LIED10CTRL/LLN0$Status","1","1","0"
"27901","492.876340386","ipcas_21:73:33","147","1","471","LIED10PROT/LLN0$Alarm","1","",""
"27902","492.876346884","ipcas_21:73:33","204","1","471","LIED10MEAS/LLN0$Measurement","202","207","206"
"27954","493.943402721","ipcas_21:73:33","150","1","472","LIED10CTRL/LLN0$Status","1","1","0"
"27955","493.943410579","ipcas_21:73:33","147","1","472","LIED10PROT/LLN0$Alarm","1","",""
"27956","493.943411646","ipcas_21:73:33","204","1","472","LIED10MEAS/LLN0$Measurement","206","205","209"
"28007","494.962059189","ipcas_21:73:33","150","1","473","LIED10CTRL/LLN0$Status","1","1","0"
"28008","494.962068460","ipcas_21:73:33","147","1","473","LIED10PROT/LLN0$Alarm","1","",""
"28009","494.962070017","ipcas_21:73:33","204","1","473","LIED10MEAS/LLN0$Measurement","201","209","209"
"28060","495.994409576","ipcas_21:73:33","150","1","474","LIED10CTRL/LLN0$Status","1","1","0"
"28061","495.994415790","ipcas_21:73:33","147","1","474","LIED10PROT/LLN0$Alarm","1","",""
"28062","495.994416565","ipcas_21:73:33","204","1","474","LIED10MEAS/LLN0$Measurement","206","206","206"
"28114","497.015377337","ipcas_21:73:33","150","1","475","LIED10CTRL/LLN0$Status","1","1","0"
"28115","497.015386659","ipcas_21:73:33","147","1","475","LIED10PROT/LLN0$Alarm","1","",""
"28116","497.015387785","ipcas_21:73:33","204","1","475","LIED10MEAS/LLN0$Measurement","201","206","205"
"28167","498.045043162","ipcas_21:73:33","150","1","476","LIED10CTRL/LLN0$Status","1","1","0"
"28168","498.045047902","ipcas_21:73:33","147","1","476","LIED10PROT/LLN0$Alarm","1","",""
"28169","498.045048718","ipcas_21:73:33","204","1","476","LIED10MEAS/LLN0$Measurement","205","207","206"
"28221","499.085421359","ipcas_21:73:33","150","1","477","LIED10CTRL/LLN0$Status","1","1","0"
"28222","499.085427419","ipcas_21:73:33","147","1","477","LIED10PROT/LLN0$Alarm","1","",""
"28223","499.085428206","ipcas_21:73:33","204","1","477","LIED10MEAS/LLN0$Measurement","204","205","202"
"28274","500.103572160","ipcas_21:73:33","150","1","478","LIED10CTRL/LLN0$Status","1","1","0"
"28275","500.103797490","ipcas_21:73:33","147","1","478","LIED10PROT/LLN0$Alarm","1","",""
"28276","500.104188551","ipcas_21:73:33","204","1","478","LIED10MEAS/LLN0$Measurement","208","208","202"
"28327","501.143336173","ipcas_21:73:33","150","1","479","LIED10CTRL/LLN0$Status","1","1","0"
"28328","501.143345876","ipcas_21:73:33","147","1","479","LIED10PROT/LLN0$Alarm","1","",""
"28329","501.143347723","ipcas_21:73:33","204","1","479","LIED10MEAS/LLN0$Measurement","206","207","206"
"28382","502.177589005","ipcas_21:73:33","150","1","480","LIED10CTRL/LLN0$Status","1","1","0"
"28383","502.178536568","ipcas_21:73:33","147","1","480","LIED10PROT/LLN0$Alarm","1","",""
"28384","502.178543090","ipcas_21:73:33","204","1","480","LIED10MEAS/LLN0$Measurement","208","203","206"
"28435","503.226277899","ipcas_21:73:33","150","1","481","LIED10CTRL/LLN0$Status","1","1","0"
"28436","503.226988738","ipcas_21:73:33","147","1","481","LIED10PROT/LLN0$Alarm","1","",""
"28437","503.226993342","ipcas_21:73:33","204","1","481","LIED10MEAS/LLN0$Measurement","206","203","206"
"28505","504.277871987","ipcas_21:73:33","150","1","482","LIED10CTRL/LLN0$Status","1","1","0"
"28506","504.277880607","ipcas_21:73:33","147","1","482","LIED10PROT/LLN0$Alarm","1","",""
"28507","504.277882130","ipcas_21:73:33","204","1","482","LIED10MEAS/LLN0$Measurement","206","208","206"
"28560","505.315318264","ipcas_21:73:33","150","1","483","LIED10CTRL/LLN0$Status","1","1","0"
"28561","505.316220212","ipcas_21:73:33","147","1","483","LIED10PROT/LLN0$Alarm","1","",""
"28562","505.316227105","ipcas_21:73:33","204","1","483","LIED10MEAS/LLN0$Measurement","206","201","206"
"28613","506.344562069","ipcas_21:73:33","150","1","484","LIED10CTRL/LLN0$Status","1","1","0"
"28614","506.344763325","ipcas_21:73:33","147","1","484","LIED10PROT/LLN0$Alarm","1","",""
"28615","506.345156282","ipcas_21:73:33","204","1","484","LIED10MEAS/LLN0$Measurement","206","206","206"
"28666","507.369861426","ipcas_21:73:33","150","1","485","LIED10CTRL/LLN0$Status","1","1","0"
"28667","507.370148646","ipcas_21:73:33","147","1","485","LIED10PROT/LLN0$Alarm","1","",""
"28668","507.370153073","ipcas_21:73:33","204","1","485","LIED10MEAS/LLN0$Measurement","206","202","207"
"28719","508.404434271","ipcas_21:73:33","150","1","486","LIED10CTRL/LLN0$Status","1","1","0"
"28720","508.406804306","ipcas_21:73:33","147","1","486","LIED10PROT/LLN0$Alarm","1","",""
"28721","508.406811399","ipcas_21:73:33","204","1","486","LIED10MEAS/LLN0$Measurement","206","210","203"
"28772","509.438338014","ipcas_21:73:33","150","1","487","LIED10CTRL/LLN0$Status","1","1","0"
"28773","509.438345700","ipcas_21:73:33","147","1","487","LIED10PROT/LLN0$Alarm","1","",""
"28774","509.438346521","ipcas_21:73:33","204","1","487","LIED10MEAS/LLN0$Measurement","208","210","201"
"28825","510.476324432","ipcas_21:73:33","150","1","488","LIED10CTRL/LLN0$Status","1","1","0"
"28826","510.476334305","ipcas_21:73:33","147","1","488","LIED10PROT/LLN0$Alarm","1","",""
"28827","510.476335541","ipcas_21:73:33","204","1","488","LIED10MEAS/LLN0$Measurement","206","205","206"
"28878","511.530633567","ipcas_21:73:33","150","1","489","LIED10CTRL/LLN0$Status","1","1","0"
"28879","511.531041076","ipcas_21:73:33","147","1","489","LIED10PROT/LLN0$Alarm","1","",""
"28880","511.531201378","ipcas_21:73:33","204","1","489","LIED10MEAS/LLN0$Measurement","206","202","201"
"28931","512.567207478","ipcas_21:73:33","150","1","490","LIED10CTRL/LLN0$Status","1","1","0"
"28932","512.567462074","ipcas_21:73:33","147","1","490","LIED10PROT/LLN0$Alarm","1","",""
"28933","512.567654814","ipcas_21:73:33","204","1","490","LIED10MEAS/LLN0$Measurement","202","206","206"
"28984","513.590295329","ipcas_21:73:33","150","1","491","LIED10CTRL/LLN0$Status","1","1","0"
"28985","513.590715380","ipcas_21:73:33","147","1","491","LIED10PROT/LLN0$Alarm","1","",""
"28986","513.591092366","ipcas_21:73:33","204","1","491","LIED10MEAS/LLN0$Measurement","209","206","206"
"29037","514.629587101","ipcas_21:73:33","150","1","492","LIED10CTRL/LLN0$Status","1","1","0"
"29038","514.629595490","ipcas_21:73:33","147","1","492","LIED10PROT/LLN0$Alarm","1","",""
"29039","514.629596455","ipcas_21:73:33","204","1","492","LIED10MEAS/LLN0$Measurement","208","205","209"
"29090","515.645797467","ipcas_21:73:33","150","1","493","LIED10CTRL/LLN0$Status","1","1","0"
"29091","515.645989214","ipcas_21:73:33","147","1","493","LIED10PROT/LLN0$Alarm","1","",""
"29092","515.645995177","ipcas_21:73:33","204","1","493","LIED10MEAS/LLN0$Measurement","206","206","206"
"29143","516.687805681","ipcas_21:73:33","150","1","494","LIED10CTRL/LLN0$Status","1","1","0"
"29144","516.687815099","ipcas_21:73:33","147","1","494","LIED10PROT/LLN0$Alarm","1","",""
"29145","516.687816435","ipcas_21:73:33","204","1","494","LIED10MEAS/LLN0$Measurement","206","208","205"
"29196","517.716132378","ipcas_21:73:33","150","1","495","LIED10CTRL/LLN0$Status","1","1","0"
"29197","517.716141811","ipcas_21:73:33","147","1","495","LIED10PROT/LLN0$Alarm","1","",""
"29198","517.716142200","ipcas_21:73:33","204","1","495","LIED10MEAS/LLN0$Measurement","206","205","206"
"29249","518.758743719","ipcas_21:73:33","150","1","496","LIED10CTRL/LLN0$Status","1","1","0"
"29250","518.758755800","ipcas_21:73:33","147","1","496","LIED10PROT/LLN0$Alarm","1","",""
"29251","518.758757574","ipcas_21:73:33","204","1","496","LIED10MEAS/LLN0$Measurement","208","206","210"
"29302","519.791578462","ipcas_21:73:33","150","1","497","LIED10CTRL/LLN0$Status","1","1","0"
"29303","519.791588101","ipcas_21:73:33","147","1","497","LIED10PROT/LLN0$Alarm","1","",""
"29304","519.791589608","ipcas_21:73:33","204","1","497","LIED10MEAS/LLN0$Measurement","210","208","209"
"29355","520.838479760","ipcas_21:73:33","150","1","498","LIED10CTRL/LLN0$Status","1","1","0"
"29356","520.838489157","ipcas_21:73:33","147","1","498","LIED10PROT/LLN0$Alarm","1","",""
"29357","520.838490861","ipcas_21:73:33","204","1","498","LIED10MEAS/LLN0$Measurement","205","206","209"
"29408","521.885075779","ipcas_21:73:33","150","1","499","LIED10CTRL/LLN0$Status","1","1","0"
"29409","521.885086320","ipcas_21:73:33","147","1","499","LIED10PROT/LLN0$Alarm","1","",""
"29410","521.885088208","ipcas_21:73:33","204","1","499","LIED10MEAS/LLN0$Measurement","207","202","209"
"29461","522.932659424","ipcas_21:73:33","150","1","500","LIED10CTRL/LLN0$Status","1","1","0"
"29462","522.932669600","ipcas_21:73:33","147","1","500","LIED10PROT/LLN0$Alarm","1","",""
"29463","522.932670687","ipcas_21:73:33","204","1","500","LIED10MEAS/LLN0$Measurement","206","206","210"
"29514","524.021702975","ipcas_21:73:33","150","1","501","LIED10CTRL/LLN0$Status","1","1","0"
"29515","524.021712828","ipcas_21:73:33","147","1","501","LIED10PROT/LLN0$Alarm","1","",""
"29516","524.021714011","ipcas_21:73:33","204","1","501","LIED10MEAS/LLN0$Measurement","207","206","209"
"29567","525.054201721","ipcas_21:73:33","150","1","502","LIED10CTRL/LLN0$Status","1","1","0"
"29568","525.054211644","ipcas_21:73:33","147","1","502","LIED10PROT/LLN0$Alarm","1","",""
"29569","525.054212860","ipcas_21:73:33","204","1","502","LIED10MEAS/LLN0$Measurement","206","206","206"
"29620","526.085640971","ipcas_21:73:33","150","1","503","LIED10CTRL/LLN0$Status","1","1","0"
"29621","526.085652417","ipcas_21:73:33","147","1","503","LIED10PROT/LLN0$Alarm","1","",""
"29622","526.085653533","ipcas_21:73:33","204","1","503","LIED10MEAS/LLN0$Measurement","205","206","205"
"29673","527.118244510","ipcas_21:73:33","150","1","504","LIED10CTRL/LLN0$Status","1","1","0"
"29674","527.118255536","ipcas_21:73:33","147","1","504","LIED10PROT/LLN0$Alarm","1","",""
"29675","527.118257199","ipcas_21:73:33","204","1","504","LIED10MEAS/LLN0$Measurement","209","205","206"
"29726","528.157918000","ipcas_21:73:33","150","1","505","LIED10CTRL/LLN0$Status","1","1","0"
"29727","528.157928891","ipcas_21:73:33","147","1","505","LIED10PROT/LLN0$Alarm","1","",""
"29728","528.157930408","ipcas_21:73:33","204","1","505","LIED10MEAS/LLN0$Measurement","206","206","201"
"29779","529.200218071","ipcas_21:73:33","150","1","506","LIED10CTRL/LLN0$Status","1","1","0"
"29780","529.200540816","ipcas_21:73:33","147","1","506","LIED10PROT/LLN0$Alarm","1","",""
"29781","529.200806228","ipcas_21:73:33","204","1","506","LIED10MEAS/LLN0$Measurement","206","206","201"
"29832","530.254200320","ipcas_21:73:33","150","1","507","LIED10CTRL/LLN0$Status","1","1","0"
"29833","530.255667325","ipcas_21:73:33","147","1","507","LIED10PROT/LLN0$Alarm","1","",""
"29834","530.255672607","ipcas_21:73:33","204","1","507","LIED10MEAS/LLN0$Measurement","206","205","211"
"29885","531.295258763","ipcas_21:73:33","150","1","508","LIED10CTRL/LLN0$Status","1","1","0"
"29886","531.295454786","ipcas_21:73:33","147","1","508","LIED10PROT/LLN0$Alarm","1","",""
"29887","531.297072310","ipcas_21:73:33","204","1","508","LIED10MEAS/LLN0$Measurement","206","206","206"
"29938","532.328845766","ipcas_21:73:33","150","1","509","LIED10CTRL/LLN0$Status","1","1","0"
"29939","532.328856514","ipcas_21:73:33","147","1","509","LIED10PROT/LLN0$Alarm","1","",""
"29940","532.328857689","ipcas_21:73:33","204","1","509","LIED10MEAS/LLN0$Measurement","206","206","206"
"29991","533.366327902","ipcas_21:73:33","150","1","510","LIED10CTRL/LLN0$Status","1","1","0"
"29992","533.367291081","ipcas_21:73:33","147","1","510","LIED10PROT/LLN0$Alarm","1","",""
"29993","533.367988455","ipcas_21:73:33","204","1","510","LIED10MEAS/LLN0$Measurement","207","206","205"
"30044","534.402219478","ipcas_21:73:33","150","1","511","LIED10CTRL/LLN0$Status","1","1","0"
"30045","534.402229979","ipcas_21:73:33","147","1","511","LIED10PROT/LLN0$Alarm","1","",""
"30046","534.402231479","ipcas_21:73:33","204","1","511","LIED10MEAS/LLN0$Measurement","210","210","206"
"30097","535.442684519","ipcas_21:73:33","150","1","512","LIED10CTRL/LLN0$Status","1","1","0"
"30098","535.442693928","ipcas_21:73:33","147","1","512","LIED10PROT/LLN0$Alarm","1","",""
"30099","535.442695591","ipcas_21:73:33","204","1","512","LIED10MEAS/LLN0$Measurement","211","207","204"
"30150","536.482371127","ipcas_21:73:33","150","1","513","LIED10CTRL/LLN0$Status","1","1","0"
"30151","536.482380827","ipcas_21:73:33","147","1","513","LIED10PROT/LLN0$Alarm","1","",""
"30152","536.482382059","ipcas_21:73:33","204","1","513","LIED10MEAS/LLN0$Measurement","203","205","204"
"30203","537.536027196","ipcas_21:73:33","150","1","514","LIED10CTRL/LLN0$Status","1","1","0"
"30204","537.536035792","ipcas_21:73:33","147","1","514","LIED10PROT/LLN0$Alarm","1","",""
"30205","537.536037529","ipcas_21:73:33","204","1","514","LIED10MEAS/LLN0$Measurement","210","202","211"
"30256","538.603708884","ipcas_21:73:33","150","1","515","LIED10CTRL/LLN0$Status","1","1","0"
"30257","538.603740318","ipcas_21:73:33","147","1","515","LIED10PROT/LLN0$Alarm","1","",""
"30258","538.603741593","ipcas_21:73:33","204","1","515","LIED10MEAS/LLN0$Measurement","204","207","208"
"30309","539.605864013","ipcas_21:73:33","150","1","516","LIED10CTRL/LLN0$Status","1","1","0"
"30310","539.605874988","ipcas_21:73:33","147","1","516","LIED10PROT/LLN0$Alarm","1","",""
"30311","539.606262512","ipcas_21:73:33","204","1","516","LIED10MEAS/LLN0$Measurement","206","209","207"
"30362","540.666340729","ipcas_21:73:33","150","1","517","LIED10CTRL/LLN0$Status","1","1","0"
"30363","540.666349185","ipcas_21:73:33","147","1","517","LIED10PROT/LLN0$Alarm","1","",""
"30364","540.666350612","ipcas_21:73:33","204","1","517","LIED10MEAS/LLN0$Measurement","204","204","202"
"30415","541.716961782","ipcas_21:73:33","150","1","518","LIED10CTRL/LLN0$Status","1","1","0"
"30416","541.716972115","ipcas_21:73:33","147","1","518","LIED10PROT/LLN0$Alarm","1","",""
"30417","541.716974063","ipcas_21:73:33","204","1","518","LIED10MEAS/LLN0$Measurement","204","203","210"
"30468","542.744335006","ipcas_21:73:33","150","1","519","LIED10CTRL/LLN0$Status","1","1","0"
"30469","542.744343425","ipcas_21:73:33","147","1","519","LIED10PROT/LLN0$Alarm","1","",""
"30470","542.744344353","ipcas_21:73:33","204","1","519","LIED10MEAS/LLN0$Measurement","203","203","206"
"30521","543.782477281","ipcas_21:73:33","150","1","520","LIED10CTRL/LLN0$Status","1","1","0"
"30522","543.782485560","ipcas_21:73:33","147","1","520","LIED10PROT/LLN0$Alarm","1","",""
"30523","543.782486999","ipcas_21:73:33","204","1","520","LIED10MEAS/LLN0$Measurement","211","211","201"
"30574","544.825651931","ipcas_21:73:33","150","1","521","LIED10CTRL/LLN0$Status","1","1","0"
"30575","544.825659550","ipcas_21:73:33","147","1","521","LIED10PROT/LLN0$Alarm","1","",""
"30576","544.825660410","ipcas_21:73:33","204","1","521","LIED10MEAS/LLN0$Measurement","201","206","210"
"30627","545.870804738","ipcas_21:73:33","150","1","522","LIED10CTRL/LLN0$Status","1","1","0"
"30628","545.870813531","ipcas_21:73:33","147","1","522","LIED10PROT/LLN0$Alarm","1","",""
"30629","545.871440585","ipcas_21:73:33","204","1","522","LIED10MEAS/LLN0$Measurement","206","206","209"
"30680","546.903066089","ipcas_21:73:33","150","1","523","LIED10CTRL/LLN0$Status","1","1","0"
"30681","546.903075938","ipcas_21:73:33","147","1","523","LIED10PROT/LLN0$Alarm","1","",""
"30682","546.903460361","ipcas_21:73:33","204","1","523","LIED10MEAS/LLN0$Measurement","206","206","211"
"30733","547.946216643","ipcas_21:73:33","150","1","524","LIED10CTRL/LLN0$Status","1","1","0"
"30734","547.946225744","ipcas_21:73:33","147","1","524","LIED10PROT/LLN0$Alarm","1","",""
"30735","547.946227354","ipcas_21:73:33","204","1","524","LIED10MEAS/LLN0$Measurement","206","202","206"
"30786","548.987652286","ipcas_21:73:33","150","1","525","LIED10CTRL/LLN0$Status","1","1","0"
"30787","548.987663144","ipcas_21:73:33","147","1","525","LIED10PROT/LLN0$Alarm","1","",""
"30788","548.987664558","ipcas_21:73:33","204","1","525","LIED10MEAS/LLN0$Measurement","205","206","209"
"30839","550.029879608","ipcas_21:73:33","150","1","526","LIED10CTRL/LLN0$Status","1","1","0"
"30840","550.029889447","ipcas_21:73:33","147","1","526","LIED10PROT/LLN0$Alarm","1","",""
"30841","550.029891321","ipcas_21:73:33","204","1","526","LIED10MEAS/LLN0$Measurement","201","206","206"
"30892","551.072477253","ipcas_21:73:33","150","1","527","LIED10CTRL/LLN0$Status","1","1","0"
"30893","551.073964877","ipcas_21:73:33","147","1","527","LIED10PROT/LLN0$Alarm","1","",""
"30894","551.073971719","ipcas_21:73:33","204","1","527","LIED10MEAS/LLN0$Measurement","205","207","206"
"30945","552.128086168","ipcas_21:73:33","150","1","528","LIED10CTRL/LLN0$Status","1","1","0"
"30946","552.128628744","ipcas_21:73:33","147","1","528","LIED10PROT/LLN0$Alarm","1","",""
"30947","552.129248043","ipcas_21:73:33","204","1","528","LIED10MEAS/LLN0$Measurement","208","202","208"
"30998","553.175235153","ipcas_21:73:33","150","1","529","LIED10CTRL/LLN0$Status","1","1","0"
"30999","553.175245306","ipcas_21:73:33","147","1","529","LIED10PROT/LLN0$Alarm","1","",""
"31000","553.175246836","ipcas_21:73:33","204","1","529","LIED10MEAS/LLN0$Measurement","201","207","206"
"31051","554.198754699","ipcas_21:73:33","150","1","530","LIED10CTRL/LLN0$Status","1","1","0"
"31052","554.198766092","ipcas_21:73:33","147","1","530","LIED10PROT/LLN0$Alarm","1","",""
"31053","554.198767976","ipcas_21:73:33","204","1","530","LIED10MEAS/LLN0$Measurement","201","209","206"
"31104","555.240215338","ipcas_21:73:33","150","1","531","LIED10CTRL/LLN0$Status","1","1","0"
"31105","555.240225354","ipcas_21:73:33","147","1","531","LIED10PROT/LLN0$Alarm","1","",""
"31106","555.240600185","ipcas_21:73:33","204","1","531","LIED10MEAS/LLN0$Measurement","201","206","209"
"31157","556.279252074","ipcas_21:73:33","150","1","532","LIED10CTRL/LLN0$Status","1","1","0"
"31158","556.279263433","ipcas_21:73:33","147","1","532","LIED10PROT/LLN0$Alarm","1","",""
"31159","556.279265114","ipcas_21:73:33","204","1","532","LIED10MEAS/LLN0$Measurement","205","206","210"
"31210","557.332043769","ipcas_21:73:33","150","1","533","LIED10CTRL/LLN0$Status","1","1","0"
"31211","557.332052308","ipcas_21:73:33","147","1","533","LIED10PROT/LLN0$Alarm","1","",""
"31212","557.332053822","ipcas_21:73:33","204","1","533","LIED10MEAS/LLN0$Measurement","204","206","206"
"31263","558.366452688","ipcas_21:73:33","150","1","534","LIED10CTRL/LLN0$Status","1","1","0"
"31264","558.366462581","ipcas_21:73:33","147","1","534","LIED10PROT/LLN0$Alarm","1","",""
"31265","558.366464108","ipcas_21:73:33","204","1","534","LIED10MEAS/LLN0$Measurement","205","204","206"
"31316","559.422940212","ipcas_21:73:33","150","1","535","LIED10CTRL/LLN0$Status","1","1","0"
"31317","559.422949263","ipcas_21:73:33","147","1","535","LIED10PROT/LLN0$Alarm","1","",""
"31318","559.422950790","ipcas_21:73:33","204","1","535","LIED10MEAS/LLN0$Measurement","206","208","209"
"31369","560.461231279","ipcas_21:73:33","150","1","536","LIED10CTRL/LLN0$Status","1","1","0"
"31370","560.461432962","ipcas_21:73:33","147","1","536","LIED10PROT/LLN0$Alarm","1","",""
"31371","560.461438585","ipcas_21:73:33","204","1","536","LIED10MEAS/LLN0$Measurement","210","206","209"
"31422","561.485848540","ipcas_21:73:33","150","1","537","LIED10CTRL/LLN0$Status","1","1","0"
"31423","561.485856374","ipcas_21:73:33","147","1","537","LIED10PROT/LLN0$Alarm","1","",""
"31424","561.485856944","ipcas_21:73:33","204","1","537","LIED10MEAS/LLN0$Measurement","206","203","206"
"31475","562.512203675","ipcas_21:73:33","150","1","538","LIED10CTRL/LLN0$Status","1","1","0"
"31476","562.512779360","ipcas_21:73:33","147","1","538","LIED10PROT/LLN0$Alarm","1","",""
"31477","562.512784174","ipcas_21:73:33","204","1","538","LIED10MEAS/LLN0$Measurement","206","209","207"
"31528","563.559423189","ipcas_21:73:33","150","1","539","LIED10CTRL/LLN0$Status","1","1","0"
"31529","563.559434201","ipcas_21:73:33","147","1","539","LIED10PROT/LLN0$Alarm","1","",""
"31530","563.560216812","ipcas_21:73:33","204","1","539","LIED10MEAS/LLN0$Measurement","209","207","206"
"31581","564.609880981","ipcas_21:73:33","150","1","540","LIED10CTRL/LLN0$Status","1","1","0"
"31582","564.609889454","ipcas_21:73:33","147","1","540","LIED10PROT/LLN0$Alarm","1","",""
"31583","564.609889963","ipcas_21:73:33","204","1","540","LIED10MEAS/LLN0$Measurement","206","211","207"
"31634","565.653544788","ipcas_21:73:33","150","1","541","LIED10CTRL/LLN0$Status","1","1","0"
"31635","565.653553813","ipcas_21:73:33","147","1","541","LIED10PROT/LLN0$Alarm","1","",""
"31636","565.653555027","ipcas_21:73:33","204","1","541","LIED10MEAS/LLN0$Measurement","206","206","202"
"31687","566.699798843","ipcas_21:73:33","150","1","542","LIED10CTRL/LLN0$Status","1","1","0"
"31688","566.699807516","ipcas_21:73:33","147","1","542","LIED10PROT/LLN0$Alarm","1","",""
"31689","566.700030164","ipcas_21:73:33","204","1","542","LIED10MEAS/LLN0$Measurement","208","205","204"
"31740","567.767494836","ipcas_21:73:33","150","1","543","LIED10CTRL/LLN0$Status","1","1","0"
"31741","567.767505437","ipcas_21:73:33","147","1","543","LIED10PROT/LLN0$Alarm","1","",""
"31742","567.767507031","ipcas_21:73:33","204","1","543","LIED10MEAS/LLN0$Measurement","206","207","206"
"31793","568.874351557","ipcas_21:73:33","150","1","544","LIED10CTRL/LLN0$Status","1","1","0"
"31794","568.874358852","ipcas_21:73:33","147","1","544","LIED10PROT/LLN0$Alarm","1","",""
"31795","568.874359551","ipcas_21:73:33","204","1","544","LIED10MEAS/LLN0$Measurement","211","206","206"
"31846","569.950888144","ipcas_21:73:33","150","1","545","LIED10CTRL/LLN0$Status","1","1","0"
"31847","569.950896133","ipcas_21:73:33","147","1","545","LIED10PROT/LLN0$Alarm","1","",""
"31848","569.951114564","ipcas_21:73:33","204","1","545","LIED10MEAS/LLN0$Measurement","204","207","204"
"31899","571.008597302","ipcas_21:73:33","150","1","546","LIED10CTRL/LLN0$Status","1","1","0"
"31900","571.008605995","ipcas_21:73:33","147","1","546","LIED10PROT/LLN0$Alarm","1","",""
"31901","571.008606970","ipcas_21:73:33","204","1","546","LIED10MEAS/LLN0$Measurement","211","210","203"
"31952","572.089321670","ipcas_21:73:33","150","1","547","LIED10CTRL/LLN0$Status","1","1","0"
"31953","572.089946976","ipcas_21:73:33","147","1","547","LIED10PROT/LLN0$Alarm","1","",""
"31954","572.090586778","ipcas_21:73:33","204","1","547","LIED10MEAS/LLN0$Measurement","207","207","203"
"32005","573.208144600","ipcas_21:73:33","150","1","548","LIED10CTRL/LLN0$Status","1","1","0"
"32006","573.208153104","ipcas_21:73:33","147","1","548","LIED10PROT/LLN0$Alarm","1","",""
"32007","573.208154015","ipcas_21:73:33","204","1","548","LIED10MEAS/LLN0$Measurement","210","207","206"
"32058","574.485080085","ipcas_21:73:33","150","1","549","LIED10CTRL/LLN0$Status","1","1","0"
"32059","574.485089593","ipcas_21:73:33","147","1","549","LIED10PROT/LLN0$Alarm","1","",""
"32060","574.485091064","ipcas_21:73:33","204","1","549","LIED10MEAS/LLN0$Measurement","202","206","206"
"32111","575.546504037","ipcas_21:73:33","150","1","550","LIED10CTRL/LLN0$Status","1","1","0"
"32112","575.546510826","ipcas_21:73:33","147","1","550","LIED10PROT/LLN0$Alarm","1","",""
"32113","575.546511371","ipcas_21:73:33","204","1","550","LIED10MEAS/LLN0$Measurement","208","208","206"
"32164","576.652129865","ipcas_21:73:33","150","1","551","LIED10CTRL/LLN0$Status","1","1","0"
"32165","576.652840707","ipcas_21:73:33","147","1","551","LIED10PROT/LLN0$Alarm","1","",""
"32166","576.652845217","ipcas_21:73:33","204","1","551","LIED10MEAS/LLN0$Measurement","206","203","208"
"32217","577.748170352","ipcas_21:73:33","150","1","552","LIED10CTRL/LLN0$Status","1","1","0"
"32218","577.748294919","ipcas_21:73:33","147","1","552","LIED10PROT/LLN0$Alarm","1","",""
"32219","577.748298828","ipcas_21:73:33","204","1","552","LIED10MEAS/LLN0$Measurement","205","206","206"
"32270","578.859889465","ipcas_21:73:33","150","1","553","LIED10CTRL/LLN0$Status","1","1","0"
"32271","578.859901122","ipcas_21:73:33","147","1","553","LIED10PROT/LLN0$Alarm","1","",""
"32272","578.859903161","ipcas_21:73:33","204","1","553","LIED10MEAS/LLN0$Measurement","210","203","206"
"32323","579.915408859","ipcas_21:73:33","150","1","554","LIED10CTRL/LLN0$Status","1","1","0"
"32324","579.915422570","ipcas_21:73:33","147","1","554","LIED10PROT/LLN0$Alarm","1","",""
"32325","579.915423612","ipcas_21:73:33","204","1","554","LIED10MEAS/LLN0$Measurement","205","206","203"
"32376","581.193041176","ipcas_21:73:33","150","1","555","LIED10CTRL/LLN0$Status","1","1","0"
"32377","581.193050985","ipcas_21:73:33","147","1","555","LIED10PROT/LLN0$Alarm","1","",""
"32378","581.194730445","ipcas_21:73:33","204","1","555","LIED10MEAS/LLN0$Measurement","206","202","202"
"32429","582.304755640","ipcas_21:73:33","150","1","556","LIED10CTRL/LLN0$Status","1","1","0"
"32430","582.304766227","ipcas_21:73:33","147","1","556","LIED10PROT/LLN0$Alarm","1","",""
"32431","582.304767377","ipcas_21:73:33","204","1","556","LIED10MEAS/LLN0$Measurement","206","204","206"
"32505","583.416465720","ipcas_21:73:33","150","1","557","LIED10CTRL/LLN0$Status","1","1","0"
"32506","583.416466093","ipcas_21:73:33","147","1","557","LIED10PROT/LLN0$Alarm","1","",""
"32507","583.416466454","ipcas_21:73:33","204","1","557","LIED10MEAS/LLN0$Measurement","203","201","211"
"32558","584.440090576","ipcas_21:73:33","150","1","558","LIED10CTRL/LLN0$Status","1","1","0"
"32559","584.440351220","ipcas_21:73:33","147","1","558","LIED10PROT/LLN0$Alarm","1","",""
"32560","584.440708553","ipcas_21:73:33","204","1","558","LIED10MEAS/LLN0$Measurement","207","201","206"
"32611","585.507848554","ipcas_21:73:33","150","1","559","LIED10CTRL/LLN0$Status","1","1","0"
"32612","585.509651103","ipcas_21:73:33","147","1","559","LIED10PROT/LLN0$Alarm","1","",""
"32613","585.509657878","ipcas_21:73:33","204","1","559","LIED10MEAS/LLN0$Measurement","203","202","209"
"32664","586.621911207","ipcas_21:73:33","150","1","560","LIED10CTRL/LLN0$Status","1","1","0"
"32665","586.621921625","ipcas_21:73:33","147","1","560","LIED10PROT/LLN0$Alarm","1","",""
"32666","586.621922550","ipcas_21:73:33","204","1","560","LIED10MEAS/LLN0$Measurement","207","204","206"
"32717","587.719697019","ipcas_21:73:33","150","1","561","LIED10CTRL/LLN0$Status","1","1","0"
"32718","587.719707279","ipcas_21:73:33","147","1","561","LIED10PROT/LLN0$Alarm","1","",""
"32719","587.719709173","ipcas_21:73:33","204","1","561","LIED10MEAS/LLN0$Measurement","206","204","206"
"32770","588.824627080","ipcas_21:73:33","150","1","562","LIED10CTRL/LLN0$Status","1","1","0"
"32771","588.824637464","ipcas_21:73:33","147","1","562","LIED10PROT/LLN0$Alarm","1","",""
"32772","588.824638843","ipcas_21:73:33","204","1","562","LIED10MEAS/LLN0$Measurement","207","202","202"
"32823","589.971229868","ipcas_21:73:33","150","1","563","LIED10CTRL/LLN0$Status","1","1","0"
"32824","589.971916375","ipcas_21:73:33","147","1","563","LIED10PROT/LLN0$Alarm","1","",""
"32825","589.972817785","ipcas_21:73:33","204","1","563","LIED10MEAS/LLN0$Measurement","210","204","206"
"32876","591.044129320","ipcas_21:73:33","150","1","564","LIED10CTRL/LLN0$Status","1","1","0"
"32877","591.044140416","ipcas_21:73:33","147","1","564","LIED10PROT/LLN0$Alarm","1","",""
"32878","591.044142089","ipcas_21:73:33","204","1","564","LIED10MEAS/LLN0$Measurement","206","210","206"
"32929","592.334169645","ipcas_21:73:33","150","1","565","LIED10CTRL/LLN0$Status","1","1","0"
"32930","592.334177981","ipcas_21:73:33","147","1","565","LIED10PROT/LLN0$Alarm","1","",""
"32931","592.334178795","ipcas_21:73:33","204","1","565","LIED10MEAS/LLN0$Measurement","206","208","206"
"32982","593.445859664","ipcas_21:73:33","150","1","566","LIED10CTRL/LLN0$Status","1","1","0"
"32983","593.445869861","ipcas_21:73:33","147","1","566","LIED10PROT/LLN0$Alarm","1","",""
"32984","593.445870930","ipcas_21:73:33","204","1","566","LIED10MEAS/LLN0$Measurement","206","202","206"
"33035","594.525431221","ipcas_21:73:33","150","1","567","LIED10CTRL/LLN0$Status","1","1","0"
"33036","594.525441505","ipcas_21:73:33","147","1","567","LIED10PROT/LLN0$Alarm","1","",""
"33037","594.525443098","ipcas_21:73:33","204","1","567","LIED10MEAS/LLN0$Measurement","206","206","206"
"33103","595.726398414","ipcas_21:73:33","150","1","568","LIED10CTRL/LLN0$Status","1","1","0"
"33107","595.726401359","ipcas_21:73:33","147","1","568","LIED10PROT/LLN0$Alarm","1","",""
"33108","595.726401703","ipcas_21:73:33","204","1","568","LIED10MEAS/LLN0$Measurement","206","206","210"
"33164","596.765296962","ipcas_21:73:33","150","1","569","LIED10CTRL/LLN0$Status","1","1","0"
"33165","596.765305056","ipcas_21:73:33","147","1","569","LIED10PROT/LLN0$Alarm","1","",""
"33166","596.765822900","ipcas_21:73:33","204","1","569","LIED10MEAS/LLN0$Measurement","207","206","210"
"33217","598.001671421","ipcas_21:73:33","150","1","570","LIED10CTRL/LLN0$Status","1","1","0"
"33218","598.001680848","ipcas_21:73:33","147","1","570","LIED10PROT/LLN0$Alarm","1","",""
"33219","598.001682009","ipcas_21:73:33","204","1","570","LIED10MEAS/LLN0$Measurement","208","206","202"
"33270","599.132552251","ipcas_21:73:33","150","1","571","LIED10CTRL/LLN0$Status","1","1","0"
"33271","599.132683676","ipcas_21:73:33","147","1","571","LIED10PROT/LLN0$Alarm","1","",""
"33272","599.133167574","ipcas_21:73:33","204","1","571","LIED10MEAS/LLN0$Measurement","208","206","207"
"33323","600.221255483","ipcas_21:73:33","150","1","572","LIED10CTRL/LLN0$Status","1","1","0"
"33324","600.221266799","ipcas_21:73:33","147","1","572","LIED10PROT/LLN0$Alarm","1","",""
"33325","600.221268437","ipcas_21:73:33","204","1","572","LIED10MEAS/LLN0$Measurement","204","205","202"
"33376","601.325446361","ipcas_21:73:33","150","1","573","LIED10CTRL/LLN0$Status","1","1","0"
"33377","601.325456698","ipcas_21:73:33","147","1","573","LIED10PROT/LLN0$Alarm","1","",""
"33378","601.326193757","ipcas_21:73:33","204","1","573","LIED10MEAS/LLN0$Measurement","209","208","206"
"33429","602.415323446","ipcas_21:73:33","150","1","574","LIED10CTRL/LLN0$Status","1","1","0"
"33430","602.415333249","ipcas_21:73:33","147","1","574","LIED10PROT/LLN0$Alarm","1","",""
"33431","602.415334799","ipcas_21:73:33","204","1","574","LIED10MEAS/LLN0$Measurement","209","206","206"
"33482","603.560013361","ipcas_21:73:33","150","1","575","LIED10CTRL/LLN0$Status","1","1","0"
"33483","603.560025018","ipcas_21:73:33","147","1","575","LIED10PROT/LLN0$Alarm","1","",""
"33484","603.560026819","ipcas_21:73:33","204","1","575","LIED10MEAS/LLN0$Measurement","210","207","208"
"33535","604.751999583","ipcas_21:73:33","150","1","576","LIED10CTRL/LLN0$Status","1","1","0"
"33536","604.752006087","ipcas_21:73:33","147","1","576","LIED10PROT/LLN0$Alarm","1","",""
"33537","604.752006854","ipcas_21:73:33","204","1","576","LIED10MEAS/LLN0$Measurement","206","203","206"
"33588","605.884922339","ipcas_21:73:33","150","1","577","LIED10CTRL/LLN0$Status","1","1","0"
"33589","605.884932906","ipcas_21:73:33","147","1","577","LIED10PROT/LLN0$Alarm","1","",""
"33590","605.884934300","ipcas_21:73:33","204","1","577","LIED10MEAS/LLN0$Measurement","206","208","205"
"33664","607.005631893","ipcas_21:73:33","150","1","578","LIED10CTRL/LLN0$Status","1","1","0"
"33665","607.005902341","ipcas_21:73:33","147","1","578","LIED10PROT/LLN0$Alarm","1","",""
"33666","607.006732478","ipcas_21:73:33","204","1","578","LIED10MEAS/LLN0$Measurement","206","205","203"
"33717","608.085006840","ipcas_21:73:33","150","1","579","LIED10CTRL/LLN0$Status","1","1","0"
"33718","608.085019038","ipcas_21:73:33","147","1","579","LIED10PROT/LLN0$Alarm","1","",""
"33719","608.085020641","ipcas_21:73:33","204","1","579","LIED10MEAS/LLN0$Measurement","206","206","209"
"33770","609.179860293","ipcas_21:73:33","150","1","580","LIED10CTRL/LLN0$Status","1","1","0"
"33771","609.179870487","ipcas_21:73:33","147","1","580","LIED10PROT/LLN0$Alarm","1","",""
"33772","609.179872271","ipcas_21:73:33","204","1","580","LIED10MEAS/LLN0$Measurement","206","207","206"
"33823","610.337185325","ipcas_21:73:33","150","1","581","LIED10CTRL/LLN0$Status","1","1","0"
"33824","610.337762400","ipcas_21:73:33","147","1","581","LIED10PROT/LLN0$Alarm","1","",""
"33825","610.337766647","ipcas_21:73:33","204","1","581","LIED10MEAS/LLN0$Measurement","210","206","206"
"33876","611.427296559","ipcas_21:73:33","150","1","582","LIED10CTRL/LLN0$Status","1","1","0"
"33877","611.427307053","ipcas_21:73:33","147","1","582","LIED10PROT/LLN0$Alarm","1","",""
"33878","611.427308420","ipcas_21:73:33","204","1","582","LIED10MEAS/LLN0$Measurement","206","202","206"
"33929","612.527935005","ipcas_21:73:33","150","1","583","LIED10CTRL/LLN0$Status","1","1","0"
"33930","612.527944510","ipcas_21:73:33","147","1","583","LIED10PROT/LLN0$Alarm","1","",""
"33931","612.527946144","ipcas_21:73:33","204","1","583","LIED10MEAS/LLN0$Measurement","208","206","206"
"33982","613.703563032","ipcas_21:73:33","150","1","584","LIED10CTRL/LLN0$Status","1","1","0"
"33983","613.703573722","ipcas_21:73:33","147","1","584","LIED10PROT/LLN0$Alarm","1","",""
"33984","613.703574875","ipcas_21:73:33","204","1","584","LIED10MEAS/LLN0$Measurement","206","210","201"
"34117","618.497911403","ipcas_21:73:33","150","1","585","LIED10CTRL/LLN0$Status","1","1","0"
"34120","618.497913879","ipcas_21:73:33","147","1","585","LIED10PROT/LLN0$Alarm","1","",""
"34121","618.497914375","ipcas_21:73:33","204","1","585","LIED10MEAS/LLN0$Measurement","203","211","203"
"34180","619.683641464","ipcas_21:73:33","150","1","586","LIED10CTRL/LLN0$Status","1","1","0"
"34181","619.683652272","ipcas_21:73:33","147","1","586","LIED10PROT/LLN0$Alarm","1","",""
"34182","619.683653231","ipcas_21:73:33","204","1","586","LIED10MEAS/LLN0$Measurement","207","210","204"
"34233","620.777359475","ipcas_21:73:33","150","1","587","LIED10CTRL/LLN0$Status","1","1","0"
"34234","620.777368747","ipcas_21:73:33","147","1","587","LIED10PROT/LLN0$Alarm","1","",""
"34235","620.777370310","ipcas_21:73:33","204","1","587","LIED10MEAS/LLN0$Measurement","205","206","206"
"34286","621.868776316","ipcas_21:73:33","150","1","588","LIED10CTRL/LLN0$Status","1","1","0"
"34287","621.868807818","ipcas_21:73:33","147","1","588","LIED10PROT/LLN0$Alarm","1","",""
"34288","621.868810110","ipcas_21:73:33","204","1","588","LIED10MEAS/LLN0$Measurement","203","201","206"
"34339","623.003270884","ipcas_21:73:33","150","1","589","LIED10CTRL/LLN0$Status","1","1","0"
"34340","623.003281174","ipcas_21:73:33","147","1","589","LIED10PROT/LLN0$Alarm","1","",""
"34341","623.003282768","ipcas_21:73:33","204","1","589","LIED10MEAS/LLN0$Measurement","206","205","206"
"34438","636.943067400","ipcas_21:73:33","150","1","590","LIED10CTRL/LLN0$Status","1","1","0"
"34439","636.943077216","ipcas_21:73:33","147","1","590","LIED10PROT/LLN0$Alarm","1","",""
"34440","636.943078676","ipcas_21:73:33","204","1","590","LIED10MEAS/LLN0$Measurement","206","206","205"
"34468","638.153623081","ipcas_21:73:33","150","1","591","LIED10CTRL/LLN0$Status","1","1","0"
"34469","638.154458142","ipcas_21:73:33","147","1","591","LIED10PROT/LLN0$Alarm","1","",""
"34470","638.154465232","ipcas_21:73:33","204","1","591","LIED10MEAS/LLN0$Measurement","211","210","204"
"34498","639.244882087","ipcas_21:73:33","150","1","592","LIED10CTRL/LLN0$Status","1","1","0"
"34499","639.245532326","ipcas_21:73:33","147","1","592","LIED10PROT/LLN0$Alarm","1","",""
"34500","639.245539115","ipcas_21:73:33","204","1","592","LIED10MEAS/LLN0$Measurement","203","205","204"
"34528","640.346957435","ipcas_21:73:33","150","1","593","LIED10CTRL/LLN0$Status","1","1","0"
"34529","640.346967074","ipcas_21:73:33","147","1","593","LIED10PROT/LLN0$Alarm","1","",""
"34530","640.346968638","ipcas_21:73:33","204","1","593","LIED10MEAS/LLN0$Measurement","203","202","209"
"34558","641.731630258","ipcas_21:73:33","150","1","594","LIED10CTRL/LLN0$Status","1","1","0"
"34559","641.731641838","ipcas_21:73:33","147","1","594","LIED10PROT/LLN0$Alarm","1","",""
"34560","641.731643128","ipcas_21:73:33","204","1","594","LIED10MEAS/LLN0$Measurement","206","206","206"
"34588","642.885997306","ipcas_21:73:33","150","1","595","LIED10CTRL/LLN0$Status","1","1","0"
"34589","642.886007863","ipcas_21:73:33","147","1","595","LIED10PROT/LLN0$Alarm","1","",""
"34590","642.886009550","ipcas_21:73:33","204","1","595","LIED10MEAS/LLN0$Measurement","202","207","203"
"34618","643.979709578","ipcas_21:73:33","150","1","596","LIED10CTRL/LLN0$Status","1","1","0"
"34619","643.979719156","ipcas_21:73:33","147","1","596","LIED10PROT/LLN0$Alarm","1","",""
"34620","643.979720780","ipcas_21:73:33","204","1","596","LIED10MEAS/LLN0$Measurement","204","206","208"
"34648","645.087826274","ipcas_21:73:33","150","1","597","LIED10CTRL/LLN0$Status","1","1","0"
"34649","645.087836240","ipcas_21:73:33","147","1","597","LIED10PROT/LLN0$Alarm","1","",""
"34650","645.087837607","ipcas_21:73:33","204","1","597","LIED10MEAS/LLN0$Measurement","205","209","206"
"34678","646.182724023","ipcas_21:73:33","150","1","598","LIED10CTRL/LLN0$Status","1","1","0"
"34679","646.182735065","ipcas_21:73:33","147","1","598","LIED10PROT/LLN0$Alarm","1","",""
"34680","646.184233219","ipcas_21:73:33","204","1","598","LIED10MEAS/LLN0$Measurement","203","202","206"
"34708","647.274565462","ipcas_21:73:33","150","1","599","LIED10CTRL/LLN0$Status","1","1","0"
"34709","647.274575452","ipcas_21:73:33","147","1","599","LIED10PROT/LLN0$Alarm","1","",""
"34710","647.274577012","ipcas_21:73:33","204","1","599","LIED10MEAS/LLN0$Measurement","206","206","206"
