"No.","Time","Source","Length","stNum","sqNum","goID","integer","integer","integer"
"22","2.523078421","ipcas_21:73:27","149","1","0","TIED13CTRL/LLN0$Status","1","1","0"
"23","2.523078738","ipcas_21:73:27","149","1","0","TIED13PROT/LLN0$Alarm","1","",""
"24","2.523079657","ipcas_21:73:27","206","1","0","TIED13MEAS/LLN0$Measurement","154","158","151"
"75","4.047247903","ipcas_21:73:27","149","1","1","TIED13CTRL/LLN0$Status","1","1","0"
"76","4.047605255","ipcas_21:73:27","149","1","1","TIED13PROT/LLN0$Alarm","1","",""
"77","4.047608941","ipcas_21:73:27","206","1","1","TIED13MEAS/LLN0$Measurement","159","158","152"
"130","5.131639916","ipcas_21:73:27","149","1","2","TIED13CTRL/LLN0$Status","1","1","0"
"131","5.131640300","ipcas_21:73:27","149","1","2","TIED13PROT/LLN0$Alarm","1","",""
"132","5.131640688","ipcas_21:73:27","206","1","2","TIED13MEAS/LLN0$Measurement","158","153","149"
"183","6.164258187","ipcas_21:73:27","149","1","3","TIED13CTRL/LLN0$Status","1","1","0"
"184","6.164265951","ipcas_21:73:27","149","1","3","TIED13PROT/LLN0$Alarm","1","",""
"185","6.164267745","ipcas_21:73:27","206","1","3","TIED13MEAS/LLN0$Measurement","158","150","155"
"239","7.207463709","ipcas_21:73:27","149","1","4","TIED13CTRL/LLN0$Status","1","1","0"
"240","7.207472769","ipcas_21:73:27","149","1","4","TIED13PROT/LLN0$Alarm","1","",""
"241","7.207473849","ipcas_21:73:27","206","1","4","TIED13MEAS/LLN0$Measurement","153","152","158"
"294","8.246652505","ipcas_21:73:27","149","1","5","TIED13CTRL/LLN0$Status","1","1","0"
"295","8.246656042","ipcas_21:73:27","149","1","5","TIED13PROT/LLN0$Alarm","1","",""
"296","8.246760087","ipcas_21:73:27","206","1","5","TIED13MEAS/LLN0$Measurement","153","152","159"
"350","9.293363613","ipcas_21:73:27","149","1","6","TIED13CTRL/LLN0$Status","1","1","0"
"351","9.293370779","ipcas_21:73:27","149","1","6","TIED13PROT/LLN0$Alarm","1","",""
"352","9.293371280","ipcas_21:73:27","206","1","6","TIED13MEAS/LLN0$Measurement","152","149","156"
"404","10.319154500","ipcas_21:73:27","149","1","7","TIED13CTRL/LLN0$Status","1","1","0"
"405","10.319155461","ipcas_21:73:27","149","1","7","TIED13PROT/LLN0$Alarm","1","",""
"406","10.319155969","ipcas_21:73:27","206","1","7","TIED13MEAS/LLN0$Measurement","158","153","154"
"457","11.345939644","ipcas_21:73:27","149","1","8","TIED13CTRL/LLN0$Status","1","1","0"
"458","11.346314087","ipcas_21:73:27","149","1","8","TIED13PROT/LLN0$Alarm","1","",""
"459","11.346645877","ipcas_21:73:27","206","1","8","TIED13MEAS/LLN0$Measurement","149","155","152"
"511","12.368431590","ipcas_21:73:27","149","1","9","TIED13CTRL/LLN0$Status","1","1","0"
"512","12.396548180","ipcas_21:73:27","149","1","9","TIED13PROT/LLN0$Alarm","1","",""
"513","12.396551612","ipcas_21:73:27","206","1","9","TIED13MEAS/LLN0$Measurement","159","150","149"
"564","13.446623813","ipcas_21:73:27","149","1","10","TIED13CTRL/LLN0$Status","1","1","0"
"565","13.446627963","ipcas_21:73:27","149","1","10","TIED13PROT/LLN0$Alarm","1","",""
"566","13.446628814","ipcas_21:73:27","206","1","10","TIED13MEAS/LLN0$Measurement","171","177","175"
"617","14.499497029","ipcas_21:73:27","149","1","11","TIED13CTRL/LLN0$Status","1","1","0"
"618","14.499497660","ipcas_21:73:27","149","1","11","TIED13PROT/LLN0$Alarm","1","",""
"619","14.499498703","ipcas_21:73:27","206","1","11","TIED13MEAS/LLN0$Measurement","179","175","175"
"671","15.530085845","ipcas_21:73:27","149","1","12","TIED13CTRL/LLN0$Status","1","1","0"
"672","15.530091558","ipcas_21:73:27","149","1","12","TIED13PROT/LLN0$Alarm","1","",""
"673","15.530707559","ipcas_21:73:27","206","1","12","TIED13MEAS/LLN0$Measurement","179","180","179"
"726","16.567764336","ipcas_21:73:27","149","1","13","TIED13CTRL/LLN0$Status","1","1","0"
"727","16.567769766","ipcas_21:73:27","149","1","13","TIED13PROT/LLN0$Alarm","1","",""
"728","16.567770590","ipcas_21:73:27","206","1","13","TIED13MEAS/LLN0$Measurement","173","174","172"
"779","17.610336550","ipcas_21:73:27","149","1","14","TIED13CTRL/LLN0$Status","1","1","0"
"780","17.610340426","ipcas_21:73:27","149","1","14","TIED13PROT/LLN0$Alarm","1","",""
"781","17.611474559","ipcas_21:73:27","206","1","14","TIED13MEAS/LLN0$Measurement","175","178","175"
"833","18.654018129","ipcas_21:73:27","149","1","15","TIED13CTRL/LLN0$Status","1","1","0"
"834","18.654387642","ipcas_21:73:27","149","1","15","TIED13PROT/LLN0$Alarm","1","",""
"835","18.654766551","ipcas_21:73:27","201","1","15","TIED13MEAS/LLN0$Measurement","60","61","62"
"887","19.686811451","ipcas_21:73:27","149","1","16","TIED13CTRL/LLN0$Status","1","1","0"
"888","19.686819105","ipcas_21:73:27","149","1","16","TIED13PROT/LLN0$Alarm","1","",""
"889","19.686821320","ipcas_21:73:27","201","1","16","TIED13MEAS/LLN0$Measurement","62","64","63"
"952","20.715011053","ipcas_21:73:27","149","1","17","TIED13CTRL/LLN0$Status","1","1","0"
"953","20.715016375","ipcas_21:73:27","149","1","17","TIED13PROT/LLN0$Alarm","1","",""
"954","20.715017160","ipcas_21:73:27","201","1","17","TIED13MEAS/LLN0$Measurement","59","62","61"
"1011","21.744765116","ipcas_21:73:27","149","1","18","TIED13CTRL/LLN0$Status","1","1","0"
"1012","21.744768093","ipcas_21:73:27","149","1","18","TIED13PROT/LLN0$Alarm","1","",""
"1013","21.745147770","ipcas_21:73:27","201","1","18","TIED13MEAS/LLN0$Measurement","60","62","62"
"1064","22.800386711","ipcas_21:73:27","149","1","19","TIED13CTRL/LLN0$Status","1","1","0"
"1065","22.800720644","ipcas_21:73:27","149","1","19","TIED13PROT/LLN0$Alarm","1","",""
"1066","22.800724390","ipcas_21:73:27","201","1","19","TIED13MEAS/LLN0$Measurement","61","62","59"
"1117","23.838802901","ipcas_21:73:27","149","1","20","TIED13CTRL/LLN0$Status","1","1","0"
"1118","23.838808841","ipcas_21:73:27","149","1","20","TIED13PROT/LLN0$Alarm","1","",""
"1119","23.838809811","ipcas_21:73:27","201","1","20","TIED13MEAS/LLN0$Measurement","60","61","61"
"1170","24.900062233","ipcas_21:73:27","149","1","21","TIED13CTRL/LLN0$Status","1","1","0"
"1171","24.900067214","ipcas_21:73:27","149","1","21","TIED13PROT/LLN0$Alarm","1","",""
"1172","24.900068023","ipcas_21:73:27","201","1","21","TIED13MEAS/LLN0$Measurement","62","62","62"
"1223","25.919007145","ipcas_21:73:27","149","1","22","TIED13CTRL/LLN0$Status","1","1","0"
"1224","25.919007554","ipcas_21:73:27","149","1","22","TIED13PROT/LLN0$Alarm","1","",""
"1225","25.919007973","ipcas_21:73:27","201","1","22","TIED13MEAS/LLN0$Measurement","64","60","61"
"1276","26.937223705","ipcas_21:73:27","149","1","23","TIED13CTRL/LLN0$Status","1","1","0"
"1277","26.937228529","ipcas_21:73:27","149","1","23","TIED13PROT/LLN0$Alarm","1","",""
"1278","26.937229559","ipcas_21:73:27","201","1","23","TIED13MEAS/LLN0$Measurement","62","62","62"
"1329","27.976088984","ipcas_21:73:27","149","1","24","TIED13CTRL/LLN0$Status","1","1","0"
"1330","27.976090641","ipcas_21:73:27","149","1","24","TIED13PROT/LLN0$Alarm","1","",""
"1331","27.976091917","ipcas_21:73:27","201","1","24","TIED13MEAS/LLN0$Measurement","62","63","62"
"1382","29.022465550","ipcas_21:73:27","149","1","25","TIED13CTRL/LLN0$Status","1","1","0"
"1383","29.022468998","ipcas_21:73:27","149","1","25","TIED13PROT/LLN0$Alarm","1","",""
"1384","29.022618778","ipcas_21:73:27","201","1","25","TIED13MEAS/LLN0$Measurement","65","62","62"
"1435","30.055023496","ipcas_21:73:27","149","1","26","TIED13CTRL/LLN0$Status","1","1","0"
"1436","30.055322789","ipcas_21:73:27","149","1","26","TIED13PROT/LLN0$Alarm","1","",""
"1437","30.055617668","ipcas_21:73:27","201","1","26","TIED13MEAS/LLN0$Measurement","60","62","64"
"1488","31.085814807","ipcas_21:73:27","149","1","27","TIED13CTRL/LLN0$Status","1","1","0"
"1489","31.085820257","ipcas_21:73:27","149","1","27","TIED13PROT/LLN0$Alarm","1","",""
"1490","31.086490659","ipcas_21:73:27","201","1","27","TIED13MEAS/LLN0$Measurement","62","62","60"
"1541","32.162911132","ipcas_21:73:27","149","1","28","TIED13CTRL/LLN0$Status","1","1","0"
"1542","32.162915279","ipcas_21:73:27","149","1","28","TIED13PROT/LLN0$Alarm","1","",""
"1543","32.163520365","ipcas_21:73:27","201","1","28","TIED13MEAS/LLN0$Measurement","62","62","62"
"1594","33.224847368","ipcas_21:73:27","149","1","29","TIED13CTRL/LLN0$Status","1","1","0"
"1595","33.224925764","ipcas_21:73:27","149","1","29","TIED13PROT/LLN0$Alarm","1","",""
"1596","33.225090179","ipcas_21:73:27","201","1","29","TIED13MEAS/LLN0$Measurement","60","65","62"
"1647","34.255579886","ipcas_21:73:27","149","1","30","TIED13CTRL/LLN0$Status","1","1","0"
"1648","34.255583166","ipcas_21:73:27","149","1","30","TIED13PROT/LLN0$Alarm","1","",""
"1649","34.255584258","ipcas_21:73:27","201","1","30","TIED13MEAS/LLN0$Measurement","62","62","62"
"1700","35.307762540","ipcas_21:73:27","149","1","31","TIED13CTRL/LLN0$Status","1","1","0"
"1701","35.308110418","ipcas_21:73:27","149","1","31","TIED13PROT/LLN0$Alarm","1","",""
"1702","35.308114687","ipcas_21:73:27","201","1","31","TIED13MEAS/LLN0$Measurement","61","61","62"
"1753","36.353850067","ipcas_21:73:27","149","1","32","TIED13CTRL/LLN0$Status","1","1","0"
"1754","36.353850566","ipcas_21:73:27","149","1","32","TIED13PROT/LLN0$Alarm","1","",""
"1755","36.353851073","ipcas_21:73:27","201","1","32","TIED13MEAS/LLN0$Measurement","62","62","64"
"1806","37.379821136","ipcas_21:73:27","149","1","33","TIED13CTRL/LLN0$Status","1","1","0"
"1807","37.379826525","ipcas_21:73:27","149","1","33","TIED13PROT/LLN0$Alarm","1","",""
"1808","37.379827517","ipcas_21:73:27","201","1","33","TIED13MEAS/LLN0$Measurement","62","64","62"
"1859","38.421114676","ipcas_21:73:27","149","1","34","TIED13CTRL/LLN0$Status","1","1","0"
"1860","38.421115192","ipcas_21:73:27","149","1","34","TIED13PROT/LLN0$Alarm","1","",""
"1861","38.421115810","ipcas_21:73:27","201","1","34","TIED13MEAS/LLN0$Measurement","63","62","63"
"1912","39.458173241","ipcas_21:73:27","149","1","35","TIED13CTRL/LLN0$Status","1","1","0"
"1913","39.458177520","ipcas_21:73:27","149","1","35","TIED13PROT/LLN0$Alarm","1","",""
"1914","39.458177910","ipcas_21:73:27","201","1","35","TIED13MEAS/LLN0$Measurement","62","62","63"
"1965","40.519164032","ipcas_21:73:27","149","1","36","TIED13CTRL/LLN0$Status","1","1","0"
"1966","40.519167547","ipcas_21:73:27","149","1","36","TIED13PROT/LLN0$Alarm","1","",""
"1967","40.519840343","ipcas_21:73:27","201","1","36","TIED13MEAS/LLN0$Measurement","63","64","62"
"2018","41.549470440","ipcas_21:73:27","149","1","37","TIED13CTRL/LLN0$Status","1","1","0"
"2019","41.549475212","ipcas_21:73:27","149","1","37","TIED13PROT/LLN0$Alarm","1","",""
"2020","41.549475936","ipcas_21:73:27","201","1","37","TIED13MEAS/LLN0$Measurement","64","62","63"
"2071","42.583560266","ipcas_21:73:27","149","1","38","TIED13CTRL/LLN0$Status","1","1","0"
"2072","42.583561167","ipcas_21:73:27","149","1","38","TIED13PROT/LLN0$Alarm","1","",""
"2073","42.583561567","ipcas_21:73:27","201","1","38","TIED13MEAS/LLN0$Measurement","62","62","59"
"2124","43.633513683","ipcas_21:73:27","149","1","39","TIED13CTRL/LLN0$Status","1","1","0"
"2125","43.633514228","ipcas_21:73:27","149","1","39","TIED13PROT/LLN0$Alarm","1","",""
"2126","43.633515023","ipcas_21:73:27","201","1","39","TIED13MEAS/LLN0$Measurement","64","62","62"
"2177","44.662162983","ipcas_21:73:27","149","1","40","TIED13CTRL/LLN0$Status","1","1","0"
"2178","44.662167188","ipcas_21:73:27","149","1","40","TIED13PROT/LLN0$Alarm","1","",""
"2179","44.662167706","ipcas_21:73:27","201","1","40","TIED13MEAS/LLN0$Measurement","61","61","64"
"2230","45.691959851","ipcas_21:73:27","149","1","41","TIED13CTRL/LLN0$Status","1","1","0"
"2231","45.691966804","ipcas_21:73:27","149","1","41","TIED13PROT/LLN0$Alarm","1","",""
"2232","45.692154169","ipcas_21:73:27","201","1","41","TIED13MEAS/LLN0$Measurement","60","62","62"
"2283","46.751757097","ipcas_21:73:27","149","1","42","TIED13CTRL/LLN0$Status","1","1","0"
"2284","46.751757945","ipcas_21:73:27","149","1","42","TIED13PROT/LLN0$Alarm","1","",""
"2285","46.751758459","ipcas_21:73:27","201","1","42","TIED13MEAS/LLN0$Measurement","61","64","61"
"2336","47.783018325","ipcas_21:73:27","149","1","43","TIED13CTRL/LLN0$Status","1","1","0"
"2337","47.783022974","ipcas_21:73:27","149","1","43","TIED13PROT/LLN0$Alarm","1","",""
"2338","47.783023804","ipcas_21:73:27","201","1","43","TIED13MEAS/LLN0$Measurement","64","61","60"
"2389","48.815044763","ipcas_21:73:27","149","1","44","TIED13CTRL/LLN0$Status","1","1","0"
"2390","48.816627412","ipcas_21:73:27","149","1","44","TIED13PROT/LLN0$Alarm","1","",""
"2391","48.816632821","ipcas_21:73:27","201","1","44","TIED13MEAS/LLN0$Measurement","62","62","63"
"2442","49.858266734","ipcas_21:73:27","149","1","45","TIED13CTRL/LLN0$Status","1","1","0"
"2443","49.858269739","ipcas_21:73:27","149","1","45","TIED13PROT/LLN0$Alarm","1","",""
"2444","49.858270461","ipcas_21:73:27","201","1","45","TIED13MEAS/LLN0$Measurement","60","64","62"
"2495","50.888888532","ipcas_21:73:27","149","1","46","TIED13CTRL/LLN0$Status","1","1","0"
"2496","50.888889242","ipcas_21:73:27","149","1","46","TIED13PROT/LLN0$Alarm","1","",""
"2497","50.888889624","ipcas_21:73:27","201","1","46","TIED13MEAS/LLN0$Measurement","62","63","64"
"2548","51.938675739","ipcas_21:73:27","149","1","47","TIED13CTRL/LLN0$Status","1","1","0"
"2549","51.938676929","ipcas_21:73:27","149","1","47","TIED13PROT/LLN0$Alarm","1","",""
"2550","51.938677435","ipcas_21:73:27","201","1","47","TIED13MEAS/LLN0$Measurement","64","62","63"
"2601","52.979272769","ipcas_21:73:27","149","1","48","TIED13CTRL/LLN0$Status","1","1","0"
"2602","52.979281698","ipcas_21:73:27","149","1","48","TIED13PROT/LLN0$Alarm","1","",""
"2603","52.979282344","ipcas_21:73:27","201","1","48","TIED13MEAS/LLN0$Measurement","61","60","64"
"2654","54.021161307","ipcas_21:73:27","149","1","49","TIED13CTRL/LLN0$Status","1","1","0"
"2655","54.021161765","ipcas_21:73:27","149","1","49","TIED13PROT/LLN0$Alarm","1","",""
"2656","54.021162356","ipcas_21:73:27","201","1","49","TIED13MEAS/LLN0$Measurement","61","62","65"
"2707","55.059474594","ipcas_21:73:27","149","1","50","TIED13CTRL/LLN0$Status","1","1","0"
"2708","55.059475038","ipcas_21:73:27","149","1","50","TIED13PROT/LLN0$Alarm","1","",""
"2709","55.059475922","ipcas_21:73:27","201","1","50","TIED13MEAS/LLN0$Measurement","62","62","62"
"2760","56.091225067","ipcas_21:73:27","149","1","51","TIED13CTRL/LLN0$Status","1","1","0"
"2761","56.091229996","ipcas_21:73:27","149","1","51","TIED13PROT/LLN0$Alarm","1","",""
"2762","56.091231113","ipcas_21:73:27","201","1","51","TIED13MEAS/LLN0$Measurement","63","64","59"
"2813","57.145330034","ipcas_21:73:27","149","1","52","TIED13CTRL/LLN0$Status","1","1","0"
"2814","57.145334947","ipcas_21:73:27","149","1","52","TIED13PROT/LLN0$Alarm","1","",""
"2815","57.145335345","ipcas_21:73:27","201","1","52","TIED13MEAS/LLN0$Measurement","64","61","62"
"2866","58.193114594","ipcas_21:73:27","149","1","53","TIED13CTRL/LLN0$Status","1","1","0"
"2867","58.193114927","ipcas_21:73:27","149","1","53","TIED13PROT/LLN0$Alarm","1","",""
"2868","58.193115362","ipcas_21:73:27","201","1","53","TIED13MEAS/LLN0$Measurement","60","63","60"
"2919","59.216935750","ipcas_21:73:27","149","1","54","TIED13CTRL/LLN0$Status","1","1","0"
"2920","59.216940985","ipcas_21:73:27","149","1","54","TIED13PROT/LLN0$Alarm","1","",""
"2921","59.216942031","ipcas_21:73:27","201","1","54","TIED13MEAS/LLN0$Measurement","60","61","62"
"2972","60.257758204","ipcas_21:73:27","149","1","55","TIED13CTRL/LLN0$Status","1","1","0"
"2973","60.257764165","ipcas_21:73:27","149","1","55","TIED13PROT/LLN0$Alarm","1","",""
"2974","60.260028608","ipcas_21:73:27","201","1","55","TIED13MEAS/LLN0$Measurement","61","62","60"
"3025","61.350368329","ipcas_21:73:27","149","1","56","TIED13CTRL/LLN0$Status","1","1","0"
"3026","61.350378572","ipcas_21:73:27","149","1","56","TIED13PROT/LLN0$Alarm","1","",""
"3027","61.350379700","ipcas_21:73:27","201","1","56","TIED13MEAS/LLN0$Measurement","62","65","63"
"3078","62.377813752","ipcas_21:73:27","149","1","57","TIED13CTRL/LLN0$Status","1","1","0"
"3079","62.377819742","ipcas_21:73:27","149","1","57","TIED13PROT/LLN0$Alarm","1","",""
"3080","62.377820664","ipcas_21:73:27","201","1","57","TIED13MEAS/LLN0$Measurement","62","61","63"
"3131","63.405093822","ipcas_21:73:27","149","1","58","TIED13CTRL/LLN0$Status","1","1","0"
"3132","63.405094605","ipcas_21:73:27","149","1","58","TIED13PROT/LLN0$Alarm","1","",""
"3133","63.405095450","ipcas_21:73:27","201","1","58","TIED13MEAS/LLN0$Measurement","65","64","64"
"3184","64.431438599","ipcas_21:73:27","149","1","59","TIED13CTRL/LLN0$Status","1","1","0"
"3185","64.431439321","ipcas_21:73:27","149","1","59","TIED13PROT/LLN0$Alarm","1","",""
"3186","64.431440325","ipcas_21:73:27","201","1","59","TIED13MEAS/LLN0$Measurement","60","59","59"
"3237","65.481484037","ipcas_21:73:27","149","1","60","TIED13CTRL/LLN0$Status","1","1","0"
"3238","65.481490067","ipcas_21:73:27","149","1","60","TIED13PROT/LLN0$Alarm","1","",""
"3239","65.481490819","ipcas_21:73:27","201","1","60","TIED13MEAS/LLN0$Measurement","61","63","62"
"3290","66.525110325","ipcas_21:73:27","149","1","61","TIED13CTRL/LLN0$Status","1","1","0"
"3291","66.525117191","ipcas_21:73:27","149","1","61","TIED13PROT/LLN0$Alarm","1","",""
"3292","66.525118300","ipcas_21:73:27","201","1","61","TIED13MEAS/LLN0$Measurement","64","65","62"
"3343","67.563991231","ipcas_21:73:27","149","1","62","TIED13CTRL/LLN0$Status","1","1","0"
"3344","67.564388731","ipcas_21:73:27","149","1","62","TIED13PROT/LLN0$Alarm","1","",""
"3345","67.564820514","ipcas_21:73:27","201","1","62","TIED13MEAS/LLN0$Measurement","62","61","62"
"3396","68.611332807","ipcas_21:73:27","149","1","63","TIED13CTRL/LLN0$Status","1","1","0"
"3397","68.611333500","ipcas_21:73:27","149","1","63","TIED13PROT/LLN0$Alarm","1","",""
"3398","68.611333986","ipcas_21:73:27","201","1","63","TIED13MEAS/LLN0$Measurement","61","62","64"
"3449","69.652441595","ipcas_21:73:27","149","1","64","TIED13CTRL/LLN0$Status","1","1","0"
"3450","69.652443714","ipcas_21:73:27","149","1","64","TIED13PROT/LLN0$Alarm","1","",""
"3451","69.652444227","ipcas_21:73:27","201","1","64","TIED13MEAS/LLN0$Measurement","61","63","60"
"3502","70.677542959","ipcas_21:73:27","149","1","65","TIED13CTRL/LLN0$Status","1","1","0"
"3503","70.677549113","ipcas_21:73:27","149","1","65","TIED13PROT/LLN0$Alarm","1","",""
"3504","70.678053542","ipcas_21:73:27","201","1","65","TIED13MEAS/LLN0$Measurement","63","62","62"
"3555","71.731033113","ipcas_21:73:27","149","1","66","TIED13CTRL/LLN0$Status","1","1","0"
"3556","71.731038182","ipcas_21:73:27","149","1","66","TIED13PROT/LLN0$Alarm","1","",""
"3557","71.731237127","ipcas_21:73:27","201","1","66","TIED13MEAS/LLN0$Measurement","65","62","59"
"3608","72.770115908","ipcas_21:73:27","149","1","67","TIED13CTRL/LLN0$Status","1","1","0"
"3609","72.770119788","ipcas_21:73:27","149","1","67","TIED13PROT/LLN0$Alarm","1","",""
"3610","72.770120165","ipcas_21:73:27","201","1","67","TIED13MEAS/LLN0$Measurement","60","62","62"
"3661","73.817934117","ipcas_21:73:27","149","1","68","TIED13CTRL/LLN0$Status","1","1","0"
"3662","73.817935811","ipcas_21:73:27","149","1","68","TIED13PROT/LLN0$Alarm","1","",""
"3663","73.817937514","ipcas_21:73:27","201","1","68","TIED13MEAS/LLN0$Measurement","64","62","62"
"3737","74.868111749","ipcas_21:73:27","149","1","69","TIED13CTRL/LLN0$Status","1","1","0"
"3738","74.868112725","ipcas_21:73:27","149","1","69","TIED13PROT/LLN0$Alarm","1","",""
"3739","74.868113587","ipcas_21:73:27","201","1","69","TIED13MEAS/LLN0$Measurement","64","62","63"
"3785","75.925110437","ipcas_21:73:27","149","1","70","TIED13CTRL/LLN0$Status","1","1","0"
"3786","75.925119558","ipcas_21:73:27","149","1","70","TIED13PROT/LLN0$Alarm","1","",""
"3787","75.925120583","ipcas_21:73:27","201","1","70","TIED13MEAS/LLN0$Measurement","61","61","64"
"3843","76.975918319","ipcas_21:73:27","149","1","71","TIED13CTRL/LLN0$Status","1","1","0"
"3844","76.975918773","ipcas_21:73:27","149","1","71","TIED13PROT/LLN0$Alarm","1","",""
"3845","76.975920072","ipcas_21:73:27","201","1","71","TIED13MEAS/LLN0$Measurement","64","61","65"
"3885","78.015807187","ipcas_21:73:27","149","1","72","TIED13CTRL/LLN0$Status","1","1","0"
"3886","78.015807582","ipcas_21:73:27","149","1","72","TIED13PROT/LLN0$Alarm","1","",""
"3887","78.015807963","ipcas_21:73:27","201","1","72","TIED13MEAS/LLN0$Measurement","62","64","64"
"3926","79.025869081","ipcas_21:73:27","149","1","73","TIED13CTRL/LLN0$Status","1","1","0"
"3927","79.025873574","ipcas_21:73:27","149","1","73","TIED13PROT/LLN0$Alarm","1","",""
"3929","79.025874822","ipcas_21:73:27","201","1","73","TIED13MEAS/LLN0$Measurement","63","59","61"
"3991","80.081425750","ipcas_21:73:27","149","1","74","TIED13CTRL/LLN0$Status","1","1","0"
"3992","80.081426153","ipcas_21:73:27","149","1","74","TIED13PROT/LLN0$Alarm","1","",""
"3993","80.081426835","ipcas_21:73:27","201","1","74","TIED13MEAS/LLN0$Measurement","60","60","60"
"4035","81.152723777","ipcas_21:73:27","149","1","75","TIED13CTRL/LLN0$Status","1","1","0"
"4036","81.152732687","ipcas_21:73:27","149","1","75","TIED13PROT/LLN0$Alarm","1","",""
"4037","81.152733825","ipcas_21:73:27","201","1","75","TIED13MEAS/LLN0$Measurement","62","62","62"
"4091","82.184968084","ipcas_21:73:27","149","1","76","TIED13CTRL/LLN0$Status","1","1","0"
"4092","82.184968896","ipcas_21:73:27","149","1","76","TIED13PROT/LLN0$Alarm","1","",""
"4093","82.184970149","ipcas_21:73:27","201","1","76","TIED13MEAS/LLN0$Measurement","62","64","59"
"4141","83.224075411","ipcas_21:73:27","149","1","77","TIED13CTRL/LLN0$Status","1","1","0"
"4142","83.224082100","ipcas_21:73:27","149","1","77","TIED13PROT/LLN0$Alarm","1","",""
"4143","83.224083173","ipcas_21:73:27","201","1","77","TIED13MEAS/LLN0$Measurement","62","62","62"
"4214","84.290790352","ipcas_21:73:27","149","1","78","TIED13CTRL/LLN0$Status","1","1","0"
"4215","84.290796340","ipcas_21:73:27","149","1","78","TIED13PROT/LLN0$Alarm","1","",""
"4216","84.290796904","ipcas_21:73:27","201","1","78","TIED13MEAS/LLN0$Measurement","62","62","63"
"4267","85.338768739","ipcas_21:73:27","149","1","79","TIED13CTRL/LLN0$Status","1","1","0"
"4268","85.338772123","ipcas_21:73:27","149","1","79","TIED13PROT/LLN0$Alarm","1","",""
"4269","85.339024019","ipcas_21:73:27","201","1","79","TIED13MEAS/LLN0$Measurement","61","62","61"
"4320","86.354329454","ipcas_21:73:27","149","1","80","TIED13CTRL/LLN0$Status","1","1","0"
"4321","86.354332454","ipcas_21:73:27","149","1","80","TIED13PROT/LLN0$Alarm","1","",""
"4322","86.354333334","ipcas_21:73:27","201","1","80","TIED13MEAS/LLN0$Measurement","60","61","62"
"4373","87.372298747","ipcas_21:73:27","149","1","81","TIED13CTRL/LLN0$Status","1","1","0"
"4374","87.372302106","ipcas_21:73:27","149","1","81","TIED13PROT/LLN0$Alarm","1","",""
"4375","87.372612056","ipcas_21:73:27","201","1","81","TIED13MEAS/LLN0$Measurement","62","62","65"
"4426","88.424556854","ipcas_21:73:27","149","1","82","TIED13CTRL/LLN0$Status","1","1","0"
"4427","88.424565333","ipcas_21:73:27","149","1","82","TIED13PROT/LLN0$Alarm","1","",""
"4428","88.424566404","ipcas_21:73:27","201","1","82","TIED13MEAS/LLN0$Measurement","62","62","62"
"4479","89.467991561","ipcas_21:73:27","149","1","83","TIED13CTRL/LLN0$Status","1","1","0"
"4480","89.467991962","ipcas_21:73:27","149","1","83","TIED13PROT/LLN0$Alarm","1","",""
"4481","89.467992584","ipcas_21:73:27","201","1","83","TIED13MEAS/LLN0$Measurement","62","62","62"
"4532","90.492465269","ipcas_21:73:27","149","1","84","TIED13CTRL/LLN0$Status","1","1","0"
"4533","90.492468142","ipcas_21:73:27","149","1","84","TIED13PROT/LLN0$Alarm","1","",""
"4534","90.492468676","ipcas_21:73:27","201","1","84","TIED13MEAS/LLN0$Measurement","62","64","62"
"4585","91.520236253","ipcas_21:73:27","149","1","85","TIED13CTRL/LLN0$Status","1","1","0"
"4586","91.520242242","ipcas_21:73:27","149","1","85","TIED13PROT/LLN0$Alarm","1","",""
"4587","91.520242826","ipcas_21:73:27","201","1","85","TIED13MEAS/LLN0$Measurement","61","63","62"
"4638","92.534829346","ipcas_21:73:27","149","1","86","TIED13CTRL/LLN0$Status","1","1","0"
"4639","92.534832477","ipcas_21:73:27","149","1","86","TIED13PROT/LLN0$Alarm","1","",""
"4640","92.534833612","ipcas_21:73:27","201","1","86","TIED13MEAS/LLN0$Measurement","62","64","62"
"4691","93.553707837","ipcas_21:73:27","149","1","87","TIED13CTRL/LLN0$Status","1","1","0"
"4692","93.553712349","ipcas_21:73:27","149","1","87","TIED13PROT/LLN0$Alarm","1","",""
"4693","93.553713164","ipcas_21:73:27","201","1","87","TIED13MEAS/LLN0$Measurement","64","62","60"
"4744","94.568844310","ipcas_21:73:27","149","1","88","TIED13CTRL/LLN0$Status","1","1","0"
"4745","94.568847405","ipcas_21:73:27","149","1","88","TIED13PROT/LLN0$Alarm","1","",""
"4746","94.568847805","ipcas_21:73:27","201","1","88","TIED13MEAS/LLN0$Measurement","59","62","62"
"4797","95.594121595","ipcas_21:73:27","149","1","89","TIED13CTRL/LLN0$Status","1","1","0"
"4798","95.594405566","ipcas_21:73:27","149","1","89","TIED13PROT/LLN0$Alarm","1","",""
"4799","95.594795695","ipcas_21:73:27","201","1","89","TIED13MEAS/LLN0$Measurement","60","61","62"
"4850","96.641971163","ipcas_21:73:27","149","1","90","TIED13CTRL/LLN0$Status","1","1","0"
"4851","96.642160967","ipcas_21:73:27","149","1","90","TIED13PROT/LLN0$Alarm","1","",""
"4852","96.642339535","ipcas_21:73:27","201","1","90","TIED13MEAS/LLN0$Measurement","59","62","62"
"4903","97.690472354","ipcas_21:73:27","149","1","91","TIED13CTRL/LLN0$Status","1","1","0"
"4904","97.690742250","ipcas_21:73:27","149","1","91","TIED13PROT/LLN0$Alarm","1","",""
"4905","97.691021120","ipcas_21:73:27","201","1","91","TIED13MEAS/LLN0$Measurement","62","62","59"
"4956","98.741435297","ipcas_21:73:27","149","1","92","TIED13CTRL/LLN0$Status","1","1","0"
"4957","98.741829921","ipcas_21:73:27","149","1","92","TIED13PROT/LLN0$Alarm","1","",""
"4958","98.741832736","ipcas_21:73:27","201","1","92","TIED13MEAS/LLN0$Measurement","62","63","64"
"5009","99.769819618","ipcas_21:73:27","149","1","93","TIED13CTRL/LLN0$Status","1","1","0"
"5010","99.769822109","ipcas_21:73:27","149","1","93","TIED13PROT/LLN0$Alarm","1","",""
"5011","99.769822617","ipcas_21:73:27","201","1","93","TIED13MEAS/LLN0$Measurement","64","61","60"
"5062","100.809577900","ipcas_21:73:27","149","1","94","TIED13CTRL/LLN0$Status","1","1","0"
"5063","100.809578687","ipcas_21:73:27","149","1","94","TIED13PROT/LLN0$Alarm","1","",""
"5064","100.809579369","ipcas_21:73:27","201","1","94","TIED13MEAS/LLN0$Measurement","65","62","64"
"5115","101.844420306","ipcas_21:73:27","149","1","95","TIED13CTRL/LLN0$Status","1","1","0"
"5116","101.844426302","ipcas_21:73:27","149","1","95","TIED13PROT/LLN0$Alarm","1","",""
"5117","101.845165859","ipcas_21:73:27","201","1","95","TIED13MEAS/LLN0$Measurement","62","61","62"
"5168","102.876154401","ipcas_21:73:27","149","1","96","TIED13CTRL/LLN0$Status","1","1","0"
"5169","102.876161604","ipcas_21:73:27","149","1","96","TIED13PROT/LLN0$Alarm","1","",""
"5170","102.876163004","ipcas_21:73:27","201","1","96","TIED13MEAS/LLN0$Measurement","63","62","62"
"5221","103.911837050","ipcas_21:73:27","149","1","97","TIED13CTRL/LLN0$Status","1","1","0"
"5222","103.911840879","ipcas_21:73:27","149","1","97","TIED13PROT/LLN0$Alarm","1","",""
"5223","103.911841640","ipcas_21:73:27","201","1","97","TIED13MEAS/LLN0$Measurement","60","60","62"
"5274","104.959994396","ipcas_21:73:27","149","1","98","TIED13CTRL/LLN0$Status","1","1","0"
"5275","104.960182724","ipcas_21:73:27","149","1","98","TIED13PROT/LLN0$Alarm","1","",""
"5276","104.960477764","ipcas_21:73:27","201","1","98","TIED13MEAS/LLN0$Measurement","60","65","64"
"5327","105.991443941","ipcas_21:73:27","149","1","99","TIED13CTRL/LLN0$Status","1","1","0"
"5328","105.992594870","ipcas_21:73:27","149","1","99","TIED13PROT/LLN0$Alarm","1","",""
"5329","105.992600056","ipcas_21:73:27","201","1","99","TIED13MEAS/LLN0$Measurement","60","62","64"
"5380","107.035550582","ipcas_21:73:27","149","1","100","TIED13CTRL/LLN0$Status","1","1","0"
"5381","107.035560135","ipcas_21:73:27","149","1","100","TIED13PROT/LLN0$Alarm","1","",""
"5382","107.035912647","ipcas_21:73:27","201","1","100","TIED13MEAS/LLN0$Measurement","62","62","62"
"5433","108.052826858","ipcas_21:73:27","149","1","101","TIED13CTRL/LLN0$Status","1","1","0"
"5434","108.052829535","ipcas_21:73:27","149","1","101","TIED13PROT/LLN0$Alarm","1","",""
"5435","108.052830997","ipcas_21:73:27","201","1","101","TIED13MEAS/LLN0$Measurement","64","63","64"
"5486","109.069873142","ipcas_21:73:27","149","1","102","TIED13CTRL/LLN0$Status","1","1","0"
"5487","109.070000289","ipcas_21:73:27","149","1","102","TIED13PROT/LLN0$Alarm","1","",""
"5488","109.070179287","ipcas_21:73:27","201","1","102","TIED13MEAS/LLN0$Measurement","62","65","62"
"5539","110.087573405","ipcas_21:73:27","149","1","103","TIED13CTRL/LLN0$Status","1","1","0"
"5540","110.087576380","ipcas_21:73:27","149","1","103","TIED13PROT/LLN0$Alarm","1","",""
"5541","110.087577267","ipcas_21:73:27","201","1","103","TIED13MEAS/LLN0$Measurement","64","63","62"
"5592","111.115453931","ipcas_21:73:27","149","1","104","TIED13CTRL/LLN0$Status","1","1","0"
"5593","111.115458985","ipcas_21:73:27","149","1","104","TIED13PROT/LLN0$Alarm","1","",""
"5594","111.115459581","ipcas_21:73:27","201","1","104","TIED13MEAS/LLN0$Measurement","61","62","60"
"5645","112.165132072","ipcas_21:73:27","149","1","105","TIED13CTRL/LLN0$Status","1","1","0"
"5646","112.165140237","ipcas_21:73:27","149","1","105","TIED13PROT/LLN0$Alarm","1","",""
"5647","112.165140794","ipcas_21:73:27","201","1","105","TIED13MEAS/LLN0$Measurement","62","64","60"
"5698","113.185411852","ipcas_21:73:27","149","1","106","TIED13CTRL/LLN0$Status","1","1","0"
"5699","113.185416638","ipcas_21:73:27","149","1","106","TIED13PROT/LLN0$Alarm","1","",""
"5700","113.185417213","ipcas_21:73:27","201","1","106","TIED13MEAS/LLN0$Measurement","60","61","61"
"5751","114.215015072","ipcas_21:73:27","149","1","107","TIED13CTRL/LLN0$Status","1","1","0"
"5752","114.215019173","ipcas_21:73:27","149","1","107","TIED13PROT/LLN0$Alarm","1","",""
"5753","114.215019985","ipcas_21:73:27","201","1","107","TIED13MEAS/LLN0$Measurement","62","63","64"
"5804","115.235832285","ipcas_21:73:27","149","1","108","TIED13CTRL/LLN0$Status","1","1","0"
"5805","115.235839971","ipcas_21:73:27","149","1","108","TIED13PROT/LLN0$Alarm","1","",""
"5806","115.235840964","ipcas_21:73:27","201","1","108","TIED13MEAS/LLN0$Measurement","59","61","65"
"5857","116.266216056","ipcas_21:73:27","149","1","109","TIED13CTRL/LLN0$Status","1","1","0"
"5858","116.266218671","ipcas_21:73:27","149","1","109","TIED13PROT/LLN0$Alarm","1","",""
"5859","116.266219074","ipcas_21:73:27","201","1","109","TIED13MEAS/LLN0$Measurement","62","63","62"
"5910","117.298014385","ipcas_21:73:27","149","1","110","TIED13CTRL/LLN0$Status","1","1","0"
"5911","117.298015665","ipcas_21:73:27","149","1","110","TIED13PROT/LLN0$Alarm","1","",""
"5912","117.298016486","ipcas_21:73:27","201","1","110","TIED13MEAS/LLN0$Measurement","62","59","59"
"5963","118.323840524","ipcas_21:73:27","149","1","111","TIED13CTRL/LLN0$Status","1","1","0"
"5964","118.323857338","ipcas_21:73:27","149","1","111","TIED13PROT/LLN0$Alarm","1","",""
"5965","118.324071669","ipcas_21:73:27","201","1","111","TIED13MEAS/LLN0$Measurement","59","62","61"
"6011","119.345691691","ipcas_21:73:27","149","1","112","TIED13CTRL/LLN0$Status","1","1","0"
"6012","119.345691977","ipcas_21:73:27","149","1","112","TIED13PROT/LLN0$Alarm","1","",""
"6013","119.345692726","ipcas_21:73:27","201","1","112","TIED13MEAS/LLN0$Measurement","64","61","63"
"6052","120.385111755","ipcas_21:73:27","149","1","113","TIED13CTRL/LLN0$Status","1","1","0"
"6053","120.385113126","ipcas_21:73:27","149","1","113","TIED13PROT/LLN0$Alarm","1","",""
"6054","120.385113915","ipcas_21:73:27","201","1","113","TIED13MEAS/LLN0$Measurement","63","62","62"
"6122","121.439162742","ipcas_21:73:27","149","1","114","TIED13CTRL/LLN0$Status","1","1","0"
"6123","121.439166712","ipcas_21:73:27","149","1","114","TIED13PROT/LLN0$Alarm","1","",""
"6124","121.439167378","ipcas_21:73:27","201","1","114","TIED13MEAS/LLN0$Measurement","63","60","62"
"6175","122.478498882","ipcas_21:73:27","149","1","115","TIED13CTRL/LLN0$Status","1","1","0"
"6176","122.478503646","ipcas_21:73:27","149","1","115","TIED13PROT/LLN0$Alarm","1","",""
"6177","122.478504615","ipcas_21:73:27","201","1","115","TIED13MEAS/LLN0$Measurement","65","62","59"
"6228","123.513209999","ipcas_21:73:27","149","1","116","TIED13CTRL/LLN0$Status","1","1","0"
"6229","123.513210544","ipcas_21:73:27","149","1","116","TIED13PROT/LLN0$Alarm","1","",""
"6230","123.513210998","ipcas_21:73:27","201","1","116","TIED13MEAS/LLN0$Measurement","62","60","60"
"6281","124.537282334","ipcas_21:73:27","149","1","117","TIED13CTRL/LLN0$Status","1","1","0"
"6282","124.537282765","ipcas_21:73:27","149","1","117","TIED13PROT/LLN0$Alarm","1","",""
"6283","124.537283245","ipcas_21:73:27","201","1","117","TIED13MEAS/LLN0$Measurement","63","62","59"
"6334","125.561637139","ipcas_21:73:27","149","1","118","TIED13CTRL/LLN0$Status","1","1","0"
"6335","125.561753532","ipcas_21:73:27","149","1","118","TIED13PROT/LLN0$Alarm","1","",""
"6336","125.561756130","ipcas_21:73:27","201","1","118","TIED13MEAS/LLN0$Measurement","63","62","60"
"6387","126.580864470","ipcas_21:73:27","149","1","119","TIED13CTRL/LLN0$Status","1","1","0"
"6388","126.580867698","ipcas_21:73:27","149","1","119","TIED13PROT/LLN0$Alarm","1","",""
"6389","126.580868746","ipcas_21:73:27","201","1","119","TIED13MEAS/LLN0$Measurement","59","62","60"
"6432","127.609349488","ipcas_21:73:27","149","1","120","TIED13CTRL/LLN0$Status","1","1","0"
"6433","127.609350553","ipcas_21:73:27","149","1","120","TIED13PROT/LLN0$Alarm","1","",""
"6434","127.609351157","ipcas_21:73:27","201","1","120","TIED13MEAS/LLN0$Measurement","61","62","63"
"6473","128.675129740","ipcas_21:73:27","149","1","121","TIED13CTRL/LLN0$Status","1","1","0"
"6474","128.675130786","ipcas_21:73:27","149","1","121","TIED13PROT/LLN0$Alarm","1","",""
"6475","128.675131314","ipcas_21:73:27","201","1","121","TIED13MEAS/LLN0$Measurement","62","62","62"
"6532","129.706587737","ipcas_21:73:27","149","1","122","TIED13CTRL/LLN0$Status","1","1","0"
"6533","129.706588696","ipcas_21:73:27","149","1","122","TIED13PROT/LLN0$Alarm","1","",""
"6534","129.706589585","ipcas_21:73:27","201","1","122","TIED13MEAS/LLN0$Measurement","62","62","62"
"6580","130.731859645","ipcas_21:73:27","149","1","123","TIED13CTRL/LLN0$Status","1","1","0"
"6581","130.731860019","ipcas_21:73:27","149","1","123","TIED13PROT/LLN0$Alarm","1","",""
"6582","130.731860568","ipcas_21:73:27","201","1","123","TIED13MEAS/LLN0$Measurement","62","64","64"
"6652","131.777602963","ipcas_21:73:27","149","1","124","TIED13CTRL/LLN0$Status","1","1","0"
"6653","131.777610602","ipcas_21:73:27","149","1","124","TIED13PROT/LLN0$Alarm","1","",""
"6654","131.777611379","ipcas_21:73:27","201","1","124","TIED13MEAS/LLN0$Measurement","62","63","62"
"6705","132.806746115","ipcas_21:73:27","149","1","125","TIED13CTRL/LLN0$Status","1","1","0"
"6706","132.806751077","ipcas_21:73:27","149","1","125","TIED13PROT/LLN0$Alarm","1","",""
"6707","132.806751430","ipcas_21:73:27","201","1","125","TIED13MEAS/LLN0$Measurement","62","62","60"
"6758","133.836415114","ipcas_21:73:27","149","1","126","TIED13CTRL/LLN0$Status","1","1","0"
"6759","133.836415781","ipcas_21:73:27","149","1","126","TIED13PROT/LLN0$Alarm","1","",""
"6760","133.836416430","ipcas_21:73:27","201","1","126","TIED13MEAS/LLN0$Measurement","60","62","60"
"6811","134.855395830","ipcas_21:73:27","149","1","127","TIED13CTRL/LLN0$Status","1","1","0"
"6812","134.855396441","ipcas_21:73:27","149","1","127","TIED13PROT/LLN0$Alarm","1","",""
"6813","134.855397328","ipcas_21:73:27","201","1","127","TIED13MEAS/LLN0$Measurement","59","60","65"
"6856","135.901820173","ipcas_21:73:27","150","1","128","TIED13CTRL/LLN0$Status","1","1","0"
"6857","135.901820630","ipcas_21:73:27","150","1","128","TIED13PROT/LLN0$Alarm","1","",""
"6858","135.901821222","ipcas_21:73:27","202","1","128","TIED13MEAS/LLN0$Measurement","62","62","61"
"6917","136.952152843","ipcas_21:73:27","150","1","129","TIED13CTRL/LLN0$Status","1","1","0"
"6918","136.952160025","ipcas_21:73:27","150","1","129","TIED13PROT/LLN0$Alarm","1","",""
"6919","136.952161141","ipcas_21:73:27","202","1","129","TIED13MEAS/LLN0$Measurement","62","65","63"
"6970","137.971690070","ipcas_21:73:27","150","1","130","TIED13CTRL/LLN0$Status","1","1","0"
"6971","137.971691166","ipcas_21:73:27","150","1","130","TIED13PROT/LLN0$Alarm","1","",""
"6972","137.971691901","ipcas_21:73:27","202","1","130","TIED13MEAS/LLN0$Measurement","64","60","64"
"7012","139.003018282","ipcas_21:73:27","150","1","131","TIED13CTRL/LLN0$Status","1","1","0"
"7013","139.003018969","ipcas_21:73:27","150","1","131","TIED13PROT/LLN0$Alarm","1","",""
"7014","139.003019713","ipcas_21:73:27","202","1","131","TIED13MEAS/LLN0$Measurement","59","60","62"
"7076","140.043240304","ipcas_21:73:27","150","1","132","TIED13CTRL/LLN0$Status","1","1","0"
"7077","140.043241149","ipcas_21:73:27","150","1","132","TIED13PROT/LLN0$Alarm","1","",""
"7078","140.043241759","ipcas_21:73:27","202","1","132","TIED13MEAS/LLN0$Measurement","60","61","62"
"7127","141.065946044","ipcas_21:73:27","150","1","133","TIED13CTRL/LLN0$Status","1","1","0"
"7128","141.065946533","ipcas_21:73:27","150","1","133","TIED13PROT/LLN0$Alarm","1","",""
"7129","141.065948479","ipcas_21:73:27","202","1","133","TIED13MEAS/LLN0$Measurement","63","62","62"
"7171","142.098832895","ipcas_21:73:27","150","1","134","TIED13CTRL/LLN0$Status","1","1","0"
"7172","142.098833169","ipcas_21:73:27","150","1","134","TIED13PROT/LLN0$Alarm","1","",""
"7173","142.098834153","ipcas_21:73:27","202","1","134","TIED13MEAS/LLN0$Measurement","61","61","64"
"7227","143.188970562","ipcas_21:73:27","150","1","135","TIED13CTRL/LLN0$Status","1","1","0"
"7228","143.188971379","ipcas_21:73:27","150","1","135","TIED13PROT/LLN0$Alarm","1","",""
"7229","143.188972213","ipcas_21:73:27","202","1","135","TIED13MEAS/LLN0$Measurement","62","64","60"
"7288","144.237399216","ipcas_21:73:27","150","1","136","TIED13CTRL/LLN0$Status","1","1","0"
"7289","144.237400071","ipcas_21:73:27","150","1","136","TIED13PROT/LLN0$Alarm","1","",""
"7290","144.237401785","ipcas_21:73:27","202","1","136","TIED13MEAS/LLN0$Measurement","63","62","62"
"7341","145.261021356","ipcas_21:73:27","150","1","137","TIED13CTRL/LLN0$Status","1","1","0"
"7342","145.261022052","ipcas_21:73:27","150","1","137","TIED13PROT/LLN0$Alarm","1","",""
"7343","145.261023244","ipcas_21:73:27","202","1","137","TIED13MEAS/LLN0$Measurement","63","63","59"
"7386","146.289453521","ipcas_21:73:27","150","1","138","TIED13CTRL/LLN0$Status","1","1","0"
"7387","146.289454863","ipcas_21:73:27","150","1","138","TIED13PROT/LLN0$Alarm","1","",""
"7388","146.289455169","ipcas_21:73:27","202","1","138","TIED13MEAS/LLN0$Measurement","62","62","62"
"7447","147.351290999","ipcas_21:73:27","150","1","139","TIED13CTRL/LLN0$Status","1","1","0"
"7448","147.351298891","ipcas_21:73:27","150","1","139","TIED13PROT/LLN0$Alarm","1","",""
"7449","147.351299857","ipcas_21:73:27","202","1","139","TIED13MEAS/LLN0$Measurement","62","61","60"
"7500","148.368738379","ipcas_21:73:27","150","1","140","TIED13CTRL/LLN0$Status","1","1","0"
"7501","148.368742915","ipcas_21:73:27","150","1","140","TIED13PROT/LLN0$Alarm","1","",""
"7502","148.368743744","ipcas_21:73:27","202","1","140","TIED13MEAS/LLN0$Measurement","62","65","60"
"7553","149.397542326","ipcas_21:73:27","150","1","141","TIED13CTRL/LLN0$Status","1","1","0"
"7554","149.397546506","ipcas_21:73:27","150","1","141","TIED13PROT/LLN0$Alarm","1","",""
"7555","149.397547122","ipcas_21:73:27","202","1","141","TIED13MEAS/LLN0$Measurement","61","65","62"
"7606","150.441869197","ipcas_21:73:27","150","1","142","TIED13CTRL/LLN0$Status","1","1","0"
"7607","150.441875820","ipcas_21:73:27","150","1","142","TIED13PROT/LLN0$Alarm","1","",""
"7608","150.441876592","ipcas_21:73:27","202","1","142","TIED13MEAS/LLN0$Measurement","64","62","62"
"7659","151.466012272","ipcas_21:73:27","150","1","143","TIED13CTRL/LLN0$Status","1","1","0"
"7660","151.466012744","ipcas_21:73:27","150","1","143","TIED13PROT/LLN0$Alarm","1","",""
"7661","151.466013406","ipcas_21:73:27","202","1","143","TIED13MEAS/LLN0$Measurement","59","62","63"
"7712","152.499499619","ipcas_21:73:27","150","1","144","TIED13CTRL/LLN0$Status","1","1","0"
"7713","152.499502670","ipcas_21:73:27","150","1","144","TIED13PROT/LLN0$Alarm","1","",""
"7714","152.499503711","ipcas_21:73:27","202","1","144","TIED13MEAS/LLN0$Measurement","63","62","62"
"7765","153.522169082","ipcas_21:73:27","150","1","145","TIED13CTRL/LLN0$Status","1","1","0"
"7766","153.522172509","ipcas_21:73:27","150","1","145","TIED13PROT/LLN0$Alarm","1","",""
"7767","153.522173221","ipcas_21:73:27","202","1","145","TIED13MEAS/LLN0$Measurement","63","62","64"
"7818","154.547558962","ipcas_21:73:27","150","1","146","TIED13CTRL/LLN0$Status","1","1","0"
"7819","154.547668242","ipcas_21:73:27","150","1","146","TIED13PROT/LLN0$Alarm","1","",""
"7820","154.548058616","ipcas_21:73:27","202","1","146","TIED13MEAS/LLN0$Measurement","62","64","62"
"7871","155.572163291","ipcas_21:73:27","150","1","147","TIED13CTRL/LLN0$Status","1","1","0"
"7872","155.572164312","ipcas_21:73:27","150","1","147","TIED13PROT/LLN0$Alarm","1","",""
"7873","155.572165011","ipcas_21:73:27","202","1","147","TIED13MEAS/LLN0$Measurement","62","64","61"
"7924","156.588327800","ipcas_21:73:27","150","1","148","TIED13CTRL/LLN0$Status","1","1","0"
"7925","156.588333259","ipcas_21:73:27","150","1","148","TIED13PROT/LLN0$Alarm","1","",""
"7926","156.588334168","ipcas_21:73:27","202","1","148","TIED13MEAS/LLN0$Measurement","62","61","59"
"7977","157.622541683","ipcas_21:73:27","150","1","149","TIED13CTRL/LLN0$Status","1","1","0"
"7978","157.622542791","ipcas_21:73:27","150","1","149","TIED13PROT/LLN0$Alarm","1","",""
"7979","157.622543402","ipcas_21:73:27","202","1","149","TIED13MEAS/LLN0$Measurement","60","63","60"
"8013","158.653151580","ipcas_21:73:27","150","1","150","TIED13CTRL/LLN0$Status","1","1","0"
"8014","158.653152390","ipcas_21:73:27","150","1","150","TIED13PROT/LLN0$Alarm","1","",""
"8015","158.653152776","ipcas_21:73:27","202","1","150","TIED13MEAS/LLN0$Measurement","63","60","60"
"8060","159.660078526","ipcas_21:73:27","150","1","151","TIED13CTRL/LLN0$Status","1","1","0"
"8061","159.660084767","ipcas_21:73:27","150","1","151","TIED13PROT/LLN0$Alarm","1","",""
"8062","159.660085765","ipcas_21:73:27","202","1","151","TIED13MEAS/LLN0$Measurement","60","62","61"
"8113","160.702609911","ipcas_21:73:27","150","1","152","TIED13CTRL/LLN0$Status","1","1","0"
"8114","160.702610273","ipcas_21:73:27","150","1","152","TIED13PROT/LLN0$Alarm","1","",""
"8115","160.702610699","ipcas_21:73:27","202","1","152","TIED13MEAS/LLN0$Measurement","62","59","63"
"8166","161.752046590","ipcas_21:73:27","150","1","153","TIED13CTRL/LLN0$Status","1","1","0"
"8167","161.752050861","ipcas_21:73:27","150","1","153","TIED13PROT/LLN0$Alarm","1","",""
"8168","161.752051928","ipcas_21:73:27","202","1","153","TIED13MEAS/LLN0$Measurement","64","62","65"
"8219","162.776687734","ipcas_21:73:27","150","1","154","TIED13CTRL/LLN0$Status","1","1","0"
"8220","162.776691373","ipcas_21:73:27","150","1","154","TIED13PROT/LLN0$Alarm","1","",""
"8221","162.776860080","ipcas_21:73:27","202","1","154","TIED13MEAS/LLN0$Measurement","64","62","64"
"8281","163.830679617","ipcas_21:73:27","150","1","155","TIED13CTRL/LLN0$Status","1","1","0"
"8282","163.830706392","ipcas_21:73:27","150","1","155","TIED13PROT/LLN0$Alarm","1","",""
"8283","163.830708297","ipcas_21:73:27","202","1","155","TIED13MEAS/LLN0$Measurement","60","62","63"
"8340","164.881728051","ipcas_21:73:27","150","1","156","TIED13CTRL/LLN0$Status","1","1","0"
"8341","164.881730175","ipcas_21:73:27","150","1","156","TIED13PROT/LLN0$Alarm","1","",""
"8342","164.881730477","ipcas_21:73:27","202","1","156","TIED13MEAS/LLN0$Measurement","59","62","65"
"8401","165.929060847","ipcas_21:73:27","150","1","157","TIED13CTRL/LLN0$Status","1","1","0"
"8402","165.929065685","ipcas_21:73:27","150","1","157","TIED13PROT/LLN0$Alarm","1","",""
"8403","165.929066878","ipcas_21:73:27","202","1","157","TIED13MEAS/LLN0$Measurement","64","62","62"
"8452","166.965531187","ipcas_21:73:27","150","1","158","TIED13CTRL/LLN0$Status","1","1","0"
"8453","166.965532229","ipcas_21:73:27","150","1","158","TIED13PROT/LLN0$Alarm","1","",""
"8454","166.965533034","ipcas_21:73:27","202","1","158","TIED13MEAS/LLN0$Measurement","59","64","63"
"8507","168.003359731","ipcas_21:73:27","150","1","159","TIED13CTRL/LLN0$Status","1","1","0"
"8508","168.003365264","ipcas_21:73:27","150","1","159","TIED13PROT/LLN0$Alarm","1","",""
"8509","168.003366172","ipcas_21:73:27","202","1","159","TIED13MEAS/LLN0$Measurement","60","62","62"
"8560","169.025336409","ipcas_21:73:27","150","1","160","TIED13CTRL/LLN0$Status","1","1","0"
"8561","169.025339544","ipcas_21:73:27","150","1","160","TIED13PROT/LLN0$Alarm","1","",""
"8562","169.025340334","ipcas_21:73:27","202","1","160","TIED13MEAS/LLN0$Measurement","62","64","62"
"8613","170.058740378","ipcas_21:73:27","150","1","161","TIED13CTRL/LLN0$Status","1","1","0"
"8614","170.058745128","ipcas_21:73:27","150","1","161","TIED13PROT/LLN0$Alarm","1","",""
"8615","170.058746100","ipcas_21:73:27","202","1","161","TIED13MEAS/LLN0$Measurement","63","62","62"
"8666","171.090018416","ipcas_21:73:27","150","1","162","TIED13CTRL/LLN0$Status","1","1","0"
"8667","171.090018703","ipcas_21:73:27","150","1","162","TIED13PROT/LLN0$Alarm","1","",""
"8668","171.090019104","ipcas_21:73:27","202","1","162","TIED13MEAS/LLN0$Measurement","64","63","60"
"8702","172.142649844","ipcas_21:73:27","150","1","163","TIED13CTRL/LLN0$Status","1","1","0"
"8703","172.142659271","ipcas_21:73:27","150","1","163","TIED13PROT/LLN0$Alarm","1","",""
"8704","172.142659847","ipcas_21:73:27","202","1","163","TIED13MEAS/LLN0$Measurement","64","60","62"
"8761","173.187257665","ipcas_21:73:27","150","1","164","TIED13CTRL/LLN0$Status","1","1","0"
"8762","173.187258364","ipcas_21:73:27","150","1","164","TIED13PROT/LLN0$Alarm","1","",""
"8763","173.187259368","ipcas_21:73:27","202","1","164","TIED13MEAS/LLN0$Measurement","59","62","61"
"8817","174.243500660","ipcas_21:73:27","150","1","165","TIED13CTRL/LLN0$Status","1","1","0"
"8818","174.243507457","ipcas_21:73:27","150","1","165","TIED13PROT/LLN0$Alarm","1","",""
"8819","174.243508102","ipcas_21:73:27","202","1","165","TIED13MEAS/LLN0$Measurement","64","62","64"
"8858","175.279884601","ipcas_21:73:27","150","1","166","TIED13CTRL/LLN0$Status","1","1","0"
"8859","175.279894172","ipcas_21:73:27","150","1","166","TIED13PROT/LLN0$Alarm","1","",""
"8860","175.279894737","ipcas_21:73:27","202","1","166","TIED13MEAS/LLN0$Measurement","62","62","62"
"8931","176.325858490","ipcas_21:73:27","150","1","167","TIED13CTRL/LLN0$Status","1","1","0"
"8932","176.325858806","ipcas_21:73:27","150","1","167","TIED13PROT/LLN0$Alarm","1","",""
"8933","176.325859107","ipcas_21:73:27","202","1","167","TIED13MEAS/LLN0$Measurement","62","62","62"
"8984","177.352732505","ipcas_21:73:27","150","1","168","TIED13CTRL/LLN0$Status","1","1","0"
"8985","177.352738167","ipcas_21:73:27","150","1","168","TIED13PROT/LLN0$Alarm","1","",""
"8986","177.352738550","ipcas_21:73:27","202","1","168","TIED13MEAS/LLN0$Measurement","63","62","62"
"9037","178.373700821","ipcas_21:73:27","150","1","169","TIED13CTRL/LLN0$Status","1","1","0"
"9038","178.373708960","ipcas_21:73:27","150","1","169","TIED13PROT/LLN0$Alarm","1","",""
"9039","178.373709968","ipcas_21:73:27","202","1","169","TIED13MEAS/LLN0$Measurement","64","63","60"
"9090","179.424922124","ipcas_21:73:27","150","1","170","TIED13CTRL/LLN0$Status","1","1","0"
"9091","179.424926270","ipcas_21:73:27","150","1","170","TIED13PROT/LLN0$Alarm","1","",""
"9092","179.424926833","ipcas_21:73:27","202","1","170","TIED13MEAS/LLN0$Measurement","65","60","63"
"9143","180.453183319","ipcas_21:73:27","150","1","171","TIED13CTRL/LLN0$Status","1","1","0"
"9144","180.453190876","ipcas_21:73:27","150","1","171","TIED13PROT/LLN0$Alarm","1","",""
"9145","180.453191716","ipcas_21:73:27","202","1","171","TIED13MEAS/LLN0$Measurement","63","65","61"
"9196","181.509669448","ipcas_21:73:27","150","1","172","TIED13CTRL/LLN0$Status","1","1","0"
"9197","181.509669984","ipcas_21:73:27","150","1","172","TIED13PROT/LLN0$Alarm","1","",""
"9198","181.509670413","ipcas_21:73:27","202","1","172","TIED13MEAS/LLN0$Measurement","62","62","59"
"9249","182.545945229","ipcas_21:73:27","150","1","173","TIED13CTRL/LLN0$Status","1","1","0"
"9250","182.545945817","ipcas_21:73:27","150","1","173","TIED13PROT/LLN0$Alarm","1","",""
"9251","182.545946715","ipcas_21:73:27","202","1","173","TIED13MEAS/LLN0$Measurement","63","62","63"
"9302","183.588720009","ipcas_21:73:27","150","1","174","TIED13CTRL/LLN0$Status","1","1","0"
"9303","183.588723493","ipcas_21:73:27","150","1","174","TIED13PROT/LLN0$Alarm","1","",""
"9304","183.588724236","ipcas_21:73:27","202","1","174","TIED13MEAS/LLN0$Measurement","62","62","62"
"9355","184.611529093","ipcas_21:73:27","150","1","175","TIED13CTRL/LLN0$Status","1","1","0"
"9356","184.611532143","ipcas_21:73:27","150","1","175","TIED13PROT/LLN0$Alarm","1","",""
"9357","184.611532617","ipcas_21:73:27","202","1","175","TIED13MEAS/LLN0$Measurement","60","62","62"
"9408","185.651933200","ipcas_21:73:27","150","1","176","TIED13CTRL/LLN0$Status","1","1","0"
"9409","185.652117501","ipcas_21:73:27","150","1","176","TIED13PROT/LLN0$Alarm","1","",""
"9410","185.652739061","ipcas_21:73:27","202","1","176","TIED13MEAS/LLN0$Measurement","61","62","59"
"9461","186.707294472","ipcas_21:73:27","150","1","177","TIED13CTRL/LLN0$Status","1","1","0"
"9462","186.707299373","ipcas_21:73:27","150","1","177","TIED13PROT/LLN0$Alarm","1","",""
"9463","186.707300299","ipcas_21:73:27","202","1","177","TIED13MEAS/LLN0$Measurement","62","62","62"
"9514","187.760280713","ipcas_21:73:27","150","1","178","TIED13CTRL/LLN0$Status","1","1","0"
"9515","187.760281005","ipcas_21:73:27","150","1","178","TIED13PROT/LLN0$Alarm","1","",""
"9516","187.760281823","ipcas_21:73:27","202","1","178","TIED13MEAS/LLN0$Measurement","62","63","60"
"9567","188.797076364","ipcas_21:73:27","150","1","179","TIED13CTRL/LLN0$Status","1","1","0"
"9568","188.797081395","ipcas_21:73:27","150","1","179","TIED13PROT/LLN0$Alarm","1","",""
"9569","188.797082714","ipcas_21:73:27","202","1","179","TIED13MEAS/LLN0$Measurement","60","61","62"
"9620","189.853544312","ipcas_21:73:27","150","1","180","TIED13CTRL/LLN0$Status","1","1","0"
"9621","189.853545791","ipcas_21:73:27","150","1","180","TIED13PROT/LLN0$Alarm","1","",""
"9622","189.853546837","ipcas_21:73:27","202","1","180","TIED13MEAS/LLN0$Measurement","60","63","62"
"9653","190.879830796","ipcas_21:73:27","150","1","181","TIED13CTRL/LLN0$Status","1","1","0"
"9654","190.879834030","ipcas_21:73:27","150","1","181","TIED13PROT/LLN0$Alarm","1","",""
"9655","190.879834385","ipcas_21:73:27","202","1","181","TIED13MEAS/LLN0$Measurement","62","62","64"
"9698","191.903389271","ipcas_21:73:27","150","1","182","TIED13CTRL/LLN0$Status","1","1","0"
"9699","191.903393156","ipcas_21:73:27","150","1","182","TIED13PROT/LLN0$Alarm","1","",""
"9700","191.903393744","ipcas_21:73:27","202","1","182","TIED13MEAS/LLN0$Measurement","64","60","64"
"9733","192.948621563","ipcas_21:73:27","150","1","183","TIED13CTRL/LLN0$Status","1","1","0"
"9734","192.948992705","ipcas_21:73:27","150","1","183","TIED13PROT/LLN0$Alarm","1","",""
"9735","192.948996753","ipcas_21:73:27","202","1","183","TIED13MEAS/LLN0$Measurement","62","60","62"
"9786","193.987990190","ipcas_21:73:27","150","1","184","TIED13CTRL/LLN0$Status","1","1","0"
"9787","193.987996926","ipcas_21:73:27","150","1","184","TIED13PROT/LLN0$Alarm","1","",""
"9788","193.988093187","ipcas_21:73:27","202","1","184","TIED13MEAS/LLN0$Measurement","65","62","62"
"9839","195.024407354","ipcas_21:73:27","150","1","185","TIED13CTRL/LLN0$Status","1","1","0"
"9840","195.024411274","ipcas_21:73:27","150","1","185","TIED13PROT/LLN0$Alarm","1","",""
"9841","195.024412160","ipcas_21:73:27","202","1","185","TIED13MEAS/LLN0$Measurement","62","61","62"
"9892","196.063194524","ipcas_21:73:27","150","1","186","TIED13CTRL/LLN0$Status","1","1","0"
"9893","196.063200461","ipcas_21:73:27","150","1","186","TIED13PROT/LLN0$Alarm","1","",""
"9894","196.063201754","ipcas_21:73:27","202","1","186","TIED13MEAS/LLN0$Measurement","64","62","64"
"9945","197.104541017","ipcas_21:73:27","150","1","187","TIED13CTRL/LLN0$Status","1","1","0"
"9946","197.104547679","ipcas_21:73:27","150","1","187","TIED13PROT/LLN0$Alarm","1","",""
"9947","197.104548868","ipcas_21:73:27","202","1","187","TIED13MEAS/LLN0$Measurement","64","61","62"
"9998","198.141280324","ipcas_21:73:27","150","1","188","TIED13CTRL/LLN0$Status","1","1","0"
"9999","198.141280593","ipcas_21:73:27","150","1","188","TIED13PROT/LLN0$Alarm","1","",""
"10000","198.141280885","ipcas_21:73:27","202","1","188","TIED13MEAS/LLN0$Measurement","60","62","60"
"10051","199.164849426","ipcas_21:73:27","150","1","189","TIED13CTRL/LLN0$Status","1","1","0"
"10052","199.164852599","ipcas_21:73:27","150","1","189","TIED13PROT/LLN0$Alarm","1","",""
"10053","199.165154652","ipcas_21:73:27","202","1","189","TIED13MEAS/LLN0$Measurement","60","61","62"
"10104","200.208431869","ipcas_21:73:27","150","1","190","TIED13CTRL/LLN0$Status","1","1","0"
"10105","200.208432819","ipcas_21:73:27","150","1","190","TIED13PROT/LLN0$Alarm","1","",""
"10106","200.208433224","ipcas_21:73:27","202","1","190","TIED13MEAS/LLN0$Measurement","62","61","62"
"10157","201.266217376","ipcas_21:73:27","150","1","191","TIED13CTRL/LLN0$Status","1","1","0"
"10158","201.266484145","ipcas_21:73:27","150","1","191","TIED13PROT/LLN0$Alarm","1","",""
"10159","201.266686146","ipcas_21:73:27","202","1","191","TIED13MEAS/LLN0$Measurement","62","62","62"
"10216","202.338088427","ipcas_21:73:27","150","1","192","TIED13CTRL/LLN0$Status","1","1","0"
"10217","202.338089249","ipcas_21:73:27","150","1","192","TIED13PROT/LLN0$Alarm","1","",""
"10218","202.338089933","ipcas_21:73:27","202","1","192","TIED13MEAS/LLN0$Measurement","63","65","61"
"10272","203.365159184","ipcas_21:73:27","150","1","193","TIED13CTRL/LLN0$Status","1","1","0"
"10273","203.365159967","ipcas_21:73:27","150","1","193","TIED13PROT/LLN0$Alarm","1","",""
"10274","203.365160814","ipcas_21:73:27","202","1","193","TIED13MEAS/LLN0$Measurement","62","62","64"
"10316","204.403387702","ipcas_21:73:27","150","1","194","TIED13CTRL/LLN0$Status","1","1","0"
"10317","204.403393339","ipcas_21:73:27","150","1","194","TIED13PROT/LLN0$Alarm","1","",""
"10318","204.403395069","ipcas_21:73:27","202","1","194","TIED13MEAS/LLN0$Measurement","59","62","62"
"10369","205.446855742","ipcas_21:73:27","150","1","195","TIED13CTRL/LLN0$Status","1","1","0"
"10370","205.446865441","ipcas_21:73:27","150","1","195","TIED13PROT/LLN0$Alarm","1","",""
"10371","205.446866440","ipcas_21:73:27","202","1","195","TIED13MEAS/LLN0$Measurement","62","63","62"
"10422","206.498057555","ipcas_21:73:27","150","1","196","TIED13CTRL/LLN0$Status","1","1","0"
"10423","206.498061414","ipcas_21:73:27","150","1","196","TIED13PROT/LLN0$Alarm","1","",""
"10424","206.498062196","ipcas_21:73:27","202","1","196","TIED13MEAS/LLN0$Measurement","65","60","65"
"10475","207.521621833","ipcas_21:73:27","150","1","197","TIED13CTRL/LLN0$Status","1","1","0"
"10476","207.521628777","ipcas_21:73:27","150","1","197","TIED13PROT/LLN0$Alarm","1","",""
"10477","207.521629213","ipcas_21:73:27","202","1","197","TIED13MEAS/LLN0$Measurement","62","65","62"
"10528","208.535381679","ipcas_21:73:27","150","1","198","TIED13CTRL/LLN0$Status","1","1","0"
"10529","208.535384896","ipcas_21:73:27","150","1","198","TIED13PROT/LLN0$Alarm","1","",""
"10530","208.535385869","ipcas_21:73:27","202","1","198","TIED13MEAS/LLN0$Measurement","65","60","62"
"10581","209.564458721","ipcas_21:73:27","150","1","199","TIED13CTRL/LLN0$Status","1","1","0"
"10582","209.564465065","ipcas_21:73:27","150","1","199","TIED13PROT/LLN0$Alarm","1","",""
"10583","209.564466449","ipcas_21:73:27","202","1","199","TIED13MEAS/LLN0$Measurement","62","62","62"
"10634","210.601320357","ipcas_21:73:27","150","1","200","TIED13CTRL/LLN0$Status","1","1","0"
"10635","210.601454571","ipcas_21:73:27","150","1","200","TIED13PROT/LLN0$Alarm","1","",""
"10636","210.601917986","ipcas_21:73:27","202","1","200","TIED13MEAS/LLN0$Measurement","65","62","63"
"10687","211.696417386","ipcas_21:73:27","150","1","201","TIED13CTRL/LLN0$Status","1","1","0"
"10688","211.696422747","ipcas_21:73:27","150","1","201","TIED13PROT/LLN0$Alarm","1","",""
"10689","211.696423685","ipcas_21:73:27","202","1","201","TIED13MEAS/LLN0$Measurement","60","64","62"
"10740","212.749227022","ipcas_21:73:27","150","1","202","TIED13CTRL/LLN0$Status","1","1","0"
"10741","212.750387371","ipcas_21:73:27","150","1","202","TIED13PROT/LLN0$Alarm","1","",""
"10742","212.750392686","ipcas_21:73:27","202","1","202","TIED13MEAS/LLN0$Measurement","60","62","62"
"10793","213.781772532","ipcas_21:73:27","150","1","203","TIED13CTRL/LLN0$Status","1","1","0"
"10794","213.781778050","ipcas_21:73:27","150","1","203","TIED13PROT/LLN0$Alarm","1","",""
"10795","213.781778995","ipcas_21:73:27","202","1","203","TIED13MEAS/LLN0$Measurement","62","63","62"
"10846","214.851858490","ipcas_21:73:27","150","1","204","TIED13CTRL/LLN0$Status","1","1","0"
"10847","214.851861742","ipcas_21:73:27","150","1","204","TIED13PROT/LLN0$Alarm","1","",""
"10848","214.851862164","ipcas_21:73:27","202","1","204","TIED13MEAS/LLN0$Measurement","63","61","62"
"10899","215.889459623","ipcas_21:73:27","150","1","205","TIED13CTRL/LLN0$Status","1","1","0"
"10900","215.889468320","ipcas_21:73:27","150","1","205","TIED13PROT/LLN0$Alarm","1","",""
"10901","215.889470037","ipcas_21:73:27","202","1","205","TIED13MEAS/LLN0$Measurement","63","61","60"
"10952","216.940095495","ipcas_21:73:27","150","1","206","TIED13CTRL/LLN0$Status","1","1","0"
"10953","216.940096400","ipcas_21:73:27","150","1","206","TIED13PROT/LLN0$Alarm","1","",""
"10954","216.940097495","ipcas_21:73:27","202","1","206","TIED13MEAS/LLN0$Measurement","61","62","63"
"11005","217.956116569","ipcas_21:73:27","150","1","207","TIED13CTRL/LLN0$Status","1","1","0"
"11006","217.956122192","ipcas_21:73:27","150","1","207","TIED13PROT/LLN0$Alarm","1","",""
"11007","217.956123228","ipcas_21:73:27","202","1","207","TIED13MEAS/LLN0$Measurement","59","62","63"
"11058","218.992022216","ipcas_21:73:27","150","1","208","TIED13CTRL/LLN0$Status","1","1","0"
"11059","218.992025278","ipcas_21:73:27","150","1","208","TIED13PROT/LLN0$Alarm","1","",""
"11060","218.992025643","ipcas_21:73:27","202","1","208","TIED13MEAS/LLN0$Measurement","64","62","62"
"11115","220.039926932","ipcas_21:73:27","150","1","209","TIED13CTRL/LLN0$Status","1","1","0"
"11116","220.039933332","ipcas_21:73:27","150","1","209","TIED13PROT/LLN0$Alarm","1","",""
"11117","220.039934099","ipcas_21:73:27","202","1","209","TIED13MEAS/LLN0$Measurement","62","65","60"
"11172","221.062977928","ipcas_21:73:27","150","1","210","TIED13CTRL/LLN0$Status","1","1","0"
"11173","221.062979392","ipcas_21:73:27","150","1","210","TIED13PROT/LLN0$Alarm","1","",""
"11174","221.062980327","ipcas_21:73:27","202","1","210","TIED13MEAS/LLN0$Measurement","62","62","63"
"11232","222.116725948","ipcas_21:73:27","150","1","211","TIED13CTRL/LLN0$Status","1","1","0"
"11233","222.116733827","ipcas_21:73:27","150","1","211","TIED13PROT/LLN0$Alarm","1","",""
"11234","222.116735008","ipcas_21:73:27","202","1","211","TIED13MEAS/LLN0$Measurement","60","59","61"
"11287","223.164699925","ipcas_21:73:27","150","1","212","TIED13CTRL/LLN0$Status","1","1","0"
"11288","223.164705220","ipcas_21:73:27","150","1","212","TIED13PROT/LLN0$Alarm","1","",""
"11289","223.164705916","ipcas_21:73:27","202","1","212","TIED13MEAS/LLN0$Measurement","62","59","64"
"11341","224.199524150","ipcas_21:73:27","150","1","213","TIED13CTRL/LLN0$Status","1","1","0"
"11342","224.199531173","ipcas_21:73:27","150","1","213","TIED13PROT/LLN0$Alarm","1","",""
"11343","224.199532623","ipcas_21:73:27","202","1","213","TIED13MEAS/LLN0$Measurement","62","62","59"
"11395","225.237056093","ipcas_21:73:27","150","1","214","TIED13CTRL/LLN0$Status","1","1","0"
"11396","225.237057007","ipcas_21:73:27","150","1","214","TIED13PROT/LLN0$Alarm","1","",""
"11397","225.237057413","ipcas_21:73:27","202","1","214","TIED13MEAS/LLN0$Measurement","62","59","61"
"11449","226.265896633","ipcas_21:73:27","150","1","215","TIED13CTRL/LLN0$Status","1","1","0"
"11450","226.265903314","ipcas_21:73:27","150","1","215","TIED13PROT/LLN0$Alarm","1","",""
"11451","226.265904745","ipcas_21:73:27","202","1","215","TIED13MEAS/LLN0$Measurement","65","62","61"
"11502","227.309430630","ipcas_21:73:27","150","1","216","TIED13CTRL/LLN0$Status","1","1","0"
"11503","227.309434700","ipcas_21:73:27","150","1","216","TIED13PROT/LLN0$Alarm","1","",""
"11504","227.309435108","ipcas_21:73:27","202","1","216","TIED13MEAS/LLN0$Measurement","62","64","61"
"11556","228.354839340","ipcas_21:73:27","150","1","217","TIED13CTRL/LLN0$Status","1","1","0"
"11557","228.355381777","ipcas_21:73:27","150","1","217","TIED13PROT/LLN0$Alarm","1","",""
"11558","228.355385305","ipcas_21:73:27","202","1","217","TIED13MEAS/LLN0$Measurement","64","64","65"
"11609","229.410643389","ipcas_21:73:27","150","1","218","TIED13CTRL/LLN0$Status","1","1","0"
"11610","229.410649867","ipcas_21:73:27","150","1","218","TIED13PROT/LLN0$Alarm","1","",""
"11611","229.410969986","ipcas_21:73:27","202","1","218","TIED13MEAS/LLN0$Measurement","65","62","60"
"11664","230.449952812","ipcas_21:73:27","150","1","219","TIED13CTRL/LLN0$Status","1","1","0"
"11665","230.449953160","ipcas_21:73:27","150","1","219","TIED13PROT/LLN0$Alarm","1","",""
"11666","230.449953494","ipcas_21:73:27","202","1","219","TIED13MEAS/LLN0$Measurement","62","62","62"
"11717","231.483365876","ipcas_21:73:27","150","1","220","TIED13CTRL/LLN0$Status","1","1","0"
"11718","231.483367510","ipcas_21:73:27","150","1","220","TIED13PROT/LLN0$Alarm","1","",""
"11719","231.483368422","ipcas_21:73:27","202","1","220","TIED13MEAS/LLN0$Measurement","60","61","64"
"11770","232.546260189","ipcas_21:73:27","150","1","221","TIED13CTRL/LLN0$Status","1","1","0"
"11771","232.546260785","ipcas_21:73:27","150","1","221","TIED13PROT/LLN0$Alarm","1","",""
"11772","232.546261217","ipcas_21:73:27","202","1","221","TIED13MEAS/LLN0$Measurement","64","61","60"
"11823","233.576007717","ipcas_21:73:27","150","1","222","TIED13CTRL/LLN0$Status","1","1","0"
"11824","233.576011492","ipcas_21:73:27","150","1","222","TIED13PROT/LLN0$Alarm","1","",""
"11825","233.576012010","ipcas_21:73:27","202","1","222","TIED13MEAS/LLN0$Measurement","61","62","62"
"11876","234.619632996","ipcas_21:73:27","150","1","223","TIED13CTRL/LLN0$Status","1","1","0"
"11877","234.619642028","ipcas_21:73:27","150","1","223","TIED13PROT/LLN0$Alarm","1","",""
"11878","234.619643106","ipcas_21:73:27","202","1","223","TIED13MEAS/LLN0$Measurement","62","60","63"
"11929","235.652446813","ipcas_21:73:27","150","1","224","TIED13CTRL/LLN0$Status","1","1","0"
"11930","235.652453983","ipcas_21:73:27","150","1","224","TIED13PROT/LLN0$Alarm","1","",""
"11931","235.652455199","ipcas_21:73:27","202","1","224","TIED13MEAS/LLN0$Measurement","62","64","60"
"11983","236.690199871","ipcas_21:73:27","150","1","225","TIED13CTRL/LLN0$Status","1","1","0"
"11984","236.690204327","ipcas_21:73:27","150","1","225","TIED13PROT/LLN0$Alarm","1","",""
"11985","236.690205026","ipcas_21:73:27","202","1","225","TIED13MEAS/LLN0$Measurement","60","61","65"
"12036","237.767730860","ipcas_21:73:27","150","1","226","TIED13CTRL/LLN0$Status","1","1","0"
"12037","237.767735098","ipcas_21:73:27","150","1","226","TIED13PROT/LLN0$Alarm","1","",""
"12038","237.767735871","ipcas_21:73:27","202","1","226","TIED13MEAS/LLN0$Measurement","62","62","63"
"12089","238.822961842","ipcas_21:73:27","150","1","227","TIED13CTRL/LLN0$Status","1","1","0"
"12090","238.822967572","ipcas_21:73:27","150","1","227","TIED13PROT/LLN0$Alarm","1","",""
"12091","238.822968397","ipcas_21:73:27","202","1","227","TIED13MEAS/LLN0$Measurement","62","64","61"
"12154","239.871218814","ipcas_21:73:27","150","1","228","TIED13CTRL/LLN0$Status","1","1","0"
"12155","239.871219712","ipcas_21:73:27","150","1","228","TIED13PROT/LLN0$Alarm","1","",""
"12156","239.871220862","ipcas_21:73:27","202","1","228","TIED13MEAS/LLN0$Measurement","63","64","60"
"12195","240.913192286","ipcas_21:73:27","150","1","229","TIED13CTRL/LLN0$Status","1","1","0"
"12196","240.913196235","ipcas_21:73:27","150","1","229","TIED13PROT/LLN0$Alarm","1","",""
"12197","240.913197284","ipcas_21:73:27","202","1","229","TIED13MEAS/LLN0$Measurement","62","59","61"
"12248","241.939519867","ipcas_21:73:27","150","1","230","TIED13CTRL/LLN0$Status","1","1","0"
"12249","241.939523415","ipcas_21:73:27","150","1","230","TIED13PROT/LLN0$Alarm","1","",""
"12250","241.939523960","ipcas_21:73:27","202","1","230","TIED13MEAS/LLN0$Measurement","62","62","64"
"12307","242.982726121","ipcas_21:73:27","150","1","231","TIED13CTRL/LLN0$Status","1","1","0"
"12308","242.982732954","ipcas_21:73:27","150","1","231","TIED13PROT/LLN0$Alarm","1","",""
"12309","242.982734460","ipcas_21:73:27","202","1","231","TIED13MEAS/LLN0$Measurement","65","59","60"
"12360","244.015042801","ipcas_21:73:27","150","1","232","TIED13CTRL/LLN0$Status","1","1","0"
"12361","244.015043838","ipcas_21:73:27","150","1","232","TIED13PROT/LLN0$Alarm","1","",""
"12362","244.015044475","ipcas_21:73:27","202","1","232","TIED13MEAS/LLN0$Measurement","64","64","61"
"12423","245.050244355","ipcas_21:73:27","150","1","233","TIED13CTRL/LLN0$Status","1","1","0"
"12424","245.050245427","ipcas_21:73:27","150","1","233","TIED13PROT/LLN0$Alarm","1","",""
"12425","245.050246446","ipcas_21:73:27","202","1","233","TIED13MEAS/LLN0$Measurement","64","59","64"
"12484","246.091644573","ipcas_21:73:27","150","1","234","TIED13CTRL/LLN0$Status","1","1","0"
"12485","246.091654693","ipcas_21:73:27","150","1","234","TIED13PROT/LLN0$Alarm","1","",""
"12486","246.091655319","ipcas_21:73:27","202","1","234","TIED13MEAS/LLN0$Measurement","62","61","62"
"12537","247.138099633","ipcas_21:73:27","150","1","235","TIED13CTRL/LLN0$Status","1","1","0"
"12538","247.138108200","ipcas_21:73:27","150","1","235","TIED13PROT/LLN0$Alarm","1","",""
"12539","247.138109373","ipcas_21:73:27","202","1","235","TIED13MEAS/LLN0$Measurement","62","60","62"
"12590","248.154482412","ipcas_21:73:27","150","1","236","TIED13CTRL/LLN0$Status","1","1","0"
"12591","248.154485974","ipcas_21:73:27","150","1","236","TIED13PROT/LLN0$Alarm","1","",""
"12592","248.154486905","ipcas_21:73:27","202","1","236","TIED13MEAS/LLN0$Measurement","62","61","62"
"12643","249.243828267","ipcas_21:73:27","150","1","237","TIED13CTRL/LLN0$Status","1","1","0"
"12644","249.243835150","ipcas_21:73:27","150","1","237","TIED13PROT/LLN0$Alarm","1","",""
"12645","249.244203265","ipcas_21:73:27","202","1","237","TIED13MEAS/LLN0$Measurement","60","63","64"
"12696","250.283668386","ipcas_21:73:27","150","1","238","TIED13CTRL/LLN0$Status","1","1","0"
"12697","250.283676663","ipcas_21:73:27","150","1","238","TIED13PROT/LLN0$Alarm","1","",""
"12698","250.283677870","ipcas_21:73:27","202","1","238","TIED13MEAS/LLN0$Measurement","59","63","64"
"12749","251.331095588","ipcas_21:73:27","150","1","239","TIED13CTRL/LLN0$Status","1","1","0"
"12750","251.331758003","ipcas_21:73:27","150","1","239","TIED13PROT/LLN0$Alarm","1","",""
"12751","251.331857312","ipcas_21:73:27","202","1","239","TIED13MEAS/LLN0$Measurement","60","61","62"
"12803","252.410399551","ipcas_21:73:27","150","1","240","TIED13CTRL/LLN0$Status","1","1","0"
"12804","252.410400095","ipcas_21:73:27","150","1","240","TIED13PROT/LLN0$Alarm","1","",""
"12805","252.410400738","ipcas_21:73:27","202","1","240","TIED13MEAS/LLN0$Measurement","62","62","60"
"12856","253.439367671","ipcas_21:73:27","150","1","241","TIED13CTRL/LLN0$Status","1","1","0"
"12857","253.439373110","ipcas_21:73:27","150","1","241","TIED13PROT/LLN0$Alarm","1","",""
"12858","253.439374102","ipcas_21:73:27","202","1","241","TIED13MEAS/LLN0$Measurement","62","63","62"
"12909","254.496525465","ipcas_21:73:27","150","1","242","TIED13CTRL/LLN0$Status","1","1","0"
"12910","254.496532958","ipcas_21:73:27","150","1","242","TIED13PROT/LLN0$Alarm","1","",""
"12911","254.496533670","ipcas_21:73:27","202","1","242","TIED13MEAS/LLN0$Measurement","64","64","59"
"12962","255.544717363","ipcas_21:73:27","150","1","243","TIED13CTRL/LLN0$Status","1","1","0"
"12963","255.544726596","ipcas_21:73:27","150","1","243","TIED13PROT/LLN0$Alarm","1","",""
"12964","255.544727273","ipcas_21:73:27","202","1","243","TIED13MEAS/LLN0$Measurement","62","62","62"
"13015","256.574123283","ipcas_21:73:27","150","1","244","TIED13CTRL/LLN0$Status","1","1","0"
"13016","256.574129447","ipcas_21:73:27","150","1","244","TIED13PROT/LLN0$Alarm","1","",""
"13017","256.574130863","ipcas_21:73:27","202","1","244","TIED13MEAS/LLN0$Measurement","61","62","64"
"13068","257.609822077","ipcas_21:73:27","150","1","245","TIED13CTRL/LLN0$Status","1","1","0"
"13069","257.610229315","ipcas_21:73:27","150","1","245","TIED13PROT/LLN0$Alarm","1","",""
"13070","257.610471806","ipcas_21:73:27","202","1","245","TIED13MEAS/LLN0$Measurement","62","60","64"
"13125","258.654646312","ipcas_21:73:27","150","1","246","TIED13CTRL/LLN0$Status","1","1","0"
"13126","258.654728258","ipcas_21:73:27","150","1","246","TIED13PROT/LLN0$Alarm","1","",""
"13127","258.654825433","ipcas_21:73:27","202","1","246","TIED13MEAS/LLN0$Measurement","62","63","62"
"13192","259.705048534","ipcas_21:73:27","150","1","247","TIED13CTRL/LLN0$Status","1","1","0"
"13193","259.705057712","ipcas_21:73:27","150","1","247","TIED13PROT/LLN0$Alarm","1","",""
"13194","259.705299486","ipcas_21:73:27","202","1","247","TIED13MEAS/LLN0$Measurement","65","64","62"
"13264","260.748589537","ipcas_21:73:27","150","1","248","TIED13CTRL/LLN0$Status","1","1","0"
"13265","260.748598875","ipcas_21:73:27","150","1","248","TIED13PROT/LLN0$Alarm","1","",""
"13266","260.748599866","ipcas_21:73:27","202","1","248","TIED13MEAS/LLN0$Measurement","60","62","62"
"13340","261.784039693","ipcas_21:73:27","150","1","249","TIED13CTRL/LLN0$Status","1","1","0"
"13341","261.784048423","ipcas_21:73:27","150","1","249","TIED13PROT/LLN0$Alarm","1","",""
"13342","261.785560520","ipcas_21:73:27","202","1","249","TIED13MEAS/LLN0$Measurement","62","62","61"
"13405","262.825555916","ipcas_21:73:27","150","1","250","TIED13CTRL/LLN0$Status","1","1","0"
"13406","262.825853412","ipcas_21:73:27","150","1","250","TIED13PROT/LLN0$Alarm","1","",""
"13407","262.826052551","ipcas_21:73:27","202","1","250","TIED13MEAS/LLN0$Measurement","62","62","60"
"13463","263.869278127","ipcas_21:73:27","150","1","251","TIED13CTRL/LLN0$Status","1","1","0"
"13464","263.869287757","ipcas_21:73:27","150","1","251","TIED13PROT/LLN0$Alarm","1","",""
"13465","263.869288343","ipcas_21:73:27","202","1","251","TIED13MEAS/LLN0$Measurement","63","63","62"
"13524","264.924004454","ipcas_21:73:27","150","1","252","TIED13CTRL/LLN0$Status","1","1","0"
"13525","264.924013363","ipcas_21:73:27","150","1","252","TIED13PROT/LLN0$Alarm","1","",""
"13526","264.924305153","ipcas_21:73:27","202","1","252","TIED13MEAS/LLN0$Measurement","62","62","62"
"13582","265.964433471","ipcas_21:73:27","150","1","253","TIED13CTRL/LLN0$Status","1","1","0"
"13583","265.964861344","ipcas_21:73:27","150","1","253","TIED13PROT/LLN0$Alarm","1","",""
"13584","265.965177018","ipcas_21:73:27","202","1","253","TIED13MEAS/LLN0$Measurement","63","61","62"
"13644","267.015206757","ipcas_21:73:27","150","1","254","TIED13CTRL/LLN0$Status","1","1","0"
"13645","267.015213423","ipcas_21:73:27","150","1","254","TIED13PROT/LLN0$Alarm","1","",""
"13646","267.015214695","ipcas_21:73:27","202","1","254","TIED13MEAS/LLN0$Measurement","65","62","64"
"13704","268.046076009","ipcas_21:73:27","150","1","255","TIED13CTRL/LLN0$Status","1","1","0"
"13705","268.046076340","ipcas_21:73:27","150","1","255","TIED13PROT/LLN0$Alarm","1","",""
"13706","268.046076700","ipcas_21:73:27","202","1","255","TIED13MEAS/LLN0$Measurement","61","61","62"
"13762","269.074685915","ipcas_21:73:27","150","1","256","TIED13CTRL/LLN0$Status","1","1","0"
"13763","269.074690935","ipcas_21:73:27","150","1","256","TIED13PROT/LLN0$Alarm","1","",""
"13764","269.074691607","ipcas_21:73:27","202","1","256","TIED13MEAS/LLN0$Measurement","62","64","64"
"13817","270.109483090","ipcas_21:73:27","150","1","257","TIED13CTRL/LLN0$Status","1","1","0"
"13818","270.109724037","ipcas_21:73:27","150","1","257","TIED13PROT/LLN0$Alarm","1","",""
"13819","270.110086804","ipcas_21:73:27","202","1","257","TIED13MEAS/LLN0$Measurement","63","61","60"
"13872","271.162805126","ipcas_21:73:27","150","1","258","TIED13CTRL/LLN0$Status","1","1","0"
"13873","271.162812034","ipcas_21:73:27","150","1","258","TIED13PROT/LLN0$Alarm","1","",""
"13874","271.162812622","ipcas_21:73:27","202","1","258","TIED13MEAS/LLN0$Measurement","64","62","62"
"13927","272.201026043","ipcas_21:73:27","150","1","259","TIED13CTRL/LLN0$Status","1","1","0"
"13928","272.201034275","ipcas_21:73:27","150","1","259","TIED13PROT/LLN0$Alarm","1","",""
"13929","272.201035475","ipcas_21:73:27","202","1","259","TIED13MEAS/LLN0$Measurement","61","64","62"
"13980","273.240522243","ipcas_21:73:27","150","1","260","TIED13CTRL/LLN0$Status","1","1","0"
"13981","273.240523192","ipcas_21:73:27","150","1","260","TIED13PROT/LLN0$Alarm","1","",""
"13982","273.240524589","ipcas_21:73:27","202","1","260","TIED13MEAS/LLN0$Measurement","62","64","62"
"14035","274.266513679","ipcas_21:73:27","150","1","261","TIED13CTRL/LLN0$Status","1","1","0"
"14036","274.266521023","ipcas_21:73:27","150","1","261","TIED13PROT/LLN0$Alarm","1","",""
"14037","274.266523021","ipcas_21:73:27","202","1","261","TIED13MEAS/LLN0$Measurement","63","63","62"
"14091","275.299519265","ipcas_21:73:27","150","1","262","TIED13CTRL/LLN0$Status","1","1","0"
"14092","275.299523446","ipcas_21:73:27","150","1","262","TIED13PROT/LLN0$Alarm","1","",""
"14093","275.299921486","ipcas_21:73:27","202","1","262","TIED13MEAS/LLN0$Measurement","63","61","61"
"14146","276.346915041","ipcas_21:73:27","150","1","263","TIED13CTRL/LLN0$Status","1","1","0"
"14147","276.346923582","ipcas_21:73:27","150","1","263","TIED13PROT/LLN0$Alarm","1","",""
"14148","276.346924124","ipcas_21:73:27","202","1","263","TIED13MEAS/LLN0$Measurement","62","62","61"
"14200","277.373754205","ipcas_21:73:27","150","1","264","TIED13CTRL/LLN0$Status","1","1","0"
"14201","277.373758525","ipcas_21:73:27","150","1","264","TIED13PROT/LLN0$Alarm","1","",""
"14202","277.374063569","ipcas_21:73:27","202","1","264","TIED13MEAS/LLN0$Measurement","59","62","61"
"14258","278.423985876","ipcas_21:73:27","150","1","265","TIED13CTRL/LLN0$Status","1","1","0"
"14259","278.423986435","ipcas_21:73:27","150","1","265","TIED13PROT/LLN0$Alarm","1","",""
"14260","278.423986960","ipcas_21:73:27","202","1","265","TIED13MEAS/LLN0$Measurement","62","62","62"
"14322","279.473090380","ipcas_21:73:27","150","1","266","TIED13CTRL/LLN0$Status","1","1","0"
"14324","279.473126436","ipcas_21:73:27","150","1","266","TIED13PROT/LLN0$Alarm","1","",""
"14325","279.473127698","ipcas_21:73:27","202","1","266","TIED13MEAS/LLN0$Measurement","62","60","62"
"14400","280.514975905","ipcas_21:73:27","150","1","267","TIED13CTRL/LLN0$Status","1","1","0"
"14401","280.514976917","ipcas_21:73:27","150","1","267","TIED13PROT/LLN0$Alarm","1","",""
"14402","280.514977873","ipcas_21:73:27","202","1","267","TIED13MEAS/LLN0$Measurement","64","62","59"
"14457","281.543442852","ipcas_21:73:27","150","1","268","TIED13CTRL/LLN0$Status","1","1","0"
"14458","281.543447128","ipcas_21:73:27","150","1","268","TIED13PROT/LLN0$Alarm","1","",""
"14459","281.543447519","ipcas_21:73:27","202","1","268","TIED13MEAS/LLN0$Measurement","65","63","62"
"14517","282.593329783","ipcas_21:73:27","150","1","269","TIED13CTRL/LLN0$Status","1","1","0"
"14518","282.593330196","ipcas_21:73:27","150","1","269","TIED13PROT/LLN0$Alarm","1","",""
"14519","282.593330680","ipcas_21:73:27","202","1","269","TIED13MEAS/LLN0$Measurement","65","59","62"
"14595","283.618340103","ipcas_21:73:27","150","1","270","TIED13CTRL/LLN0$Status","1","1","0"
"14596","283.618346400","ipcas_21:73:27","150","1","270","TIED13PROT/LLN0$Alarm","1","",""
"14597","283.618347670","ipcas_21:73:27","202","1","270","TIED13MEAS/LLN0$Measurement","64","62","64"
"14681","284.638819859","ipcas_21:73:27","150","1","271","TIED13CTRL/LLN0$Status","1","1","0"
"14682","284.638823596","ipcas_21:73:27","150","1","271","TIED13PROT/LLN0$Alarm","1","",""
"14683","284.639289367","ipcas_21:73:27","202","1","271","TIED13MEAS/LLN0$Measurement","60","63","62"
"14766","285.679624887","ipcas_21:73:27","150","1","272","TIED13CTRL/LLN0$Status","1","1","0"
"14767","285.679630222","ipcas_21:73:27","150","1","272","TIED13PROT/LLN0$Alarm","1","",""
"14768","285.679659110","ipcas_21:73:27","202","1","272","TIED13MEAS/LLN0$Measurement","63","65","63"
"14826","286.730825323","ipcas_21:73:27","150","1","273","TIED13CTRL/LLN0$Status","1","1","0"
"14827","286.730825785","ipcas_21:73:27","150","1","273","TIED13PROT/LLN0$Alarm","1","",""
"14828","286.730826294","ipcas_21:73:27","202","1","273","TIED13MEAS/LLN0$Measurement","59","63","61"
"14887","287.763838520","ipcas_21:73:27","150","1","274","TIED13CTRL/LLN0$Status","1","1","0"
"14888","287.763840132","ipcas_21:73:27","150","1","274","TIED13PROT/LLN0$Alarm","1","",""
"14889","287.763840530","ipcas_21:73:27","202","1","274","TIED13MEAS/LLN0$Measurement","62","63","61"
"14944","288.789190569","ipcas_21:73:27","150","1","275","TIED13CTRL/LLN0$Status","1","1","0"
"14945","288.789197799","ipcas_21:73:27","150","1","275","TIED13PROT/LLN0$Alarm","1","",""
"14946","288.789199095","ipcas_21:73:27","202","1","275","TIED13MEAS/LLN0$Measurement","64","64","62"
"14999","289.840261897","ipcas_21:73:27","150","1","276","TIED13CTRL/LLN0$Status","1","1","0"
"15000","289.840263761","ipcas_21:73:27","150","1","276","TIED13PROT/LLN0$Alarm","1","",""
"15001","289.840265184","ipcas_21:73:27","202","1","276","TIED13MEAS/LLN0$Measurement","64","62","63"
"15054","290.874490392","ipcas_21:73:27","150","1","277","TIED13CTRL/LLN0$Status","1","1","0"
"15055","290.874490811","ipcas_21:73:27","150","1","277","TIED13PROT/LLN0$Alarm","1","",""
"15056","290.874491167","ipcas_21:73:27","202","1","277","TIED13MEAS/LLN0$Measurement","62","62","63"
"15111","291.887394571","ipcas_21:73:27","150","1","278","TIED13CTRL/LLN0$Status","1","1","0"
"15112","291.887403686","ipcas_21:73:27","150","1","278","TIED13PROT/LLN0$Alarm","1","",""
"15113","291.887404230","ipcas_21:73:27","202","1","278","TIED13MEAS/LLN0$Measurement","62","62","63"
"15168","292.941714264","ipcas_21:73:27","150","1","279","TIED13CTRL/LLN0$Status","1","1","0"
"15169","292.941723844","ipcas_21:73:27","150","1","279","TIED13PROT/LLN0$Alarm","1","",""
"15170","292.941725023","ipcas_21:73:27","202","1","279","TIED13MEAS/LLN0$Measurement","59","62","62"
"15224","293.967054882","ipcas_21:73:27","150","1","280","TIED13CTRL/LLN0$Status","1","1","0"
"15225","293.967060778","ipcas_21:73:27","150","1","280","TIED13PROT/LLN0$Alarm","1","",""
"15226","293.967355936","ipcas_21:73:27","202","1","280","TIED13MEAS/LLN0$Measurement","64","60","63"
"15280","295.013183636","ipcas_21:73:27","150","1","281","TIED13CTRL/LLN0$Status","1","1","0"
"15281","295.013187946","ipcas_21:73:27","150","1","281","TIED13PROT/LLN0$Alarm","1","",""
"15282","295.013780905","ipcas_21:73:27","202","1","281","TIED13MEAS/LLN0$Measurement","64","63","59"
"15334","296.054861195","ipcas_21:73:27","150","1","282","TIED13CTRL/LLN0$Status","1","1","0"
"15335","296.054867346","ipcas_21:73:27","150","1","282","TIED13PROT/LLN0$Alarm","1","",""
"15336","296.054868666","ipcas_21:73:27","202","1","282","TIED13MEAS/LLN0$Measurement","61","62","65"
"15390","297.104403405","ipcas_21:73:27","150","1","283","TIED13CTRL/LLN0$Status","1","1","0"
"15391","297.104595933","ipcas_21:73:27","150","1","283","TIED13PROT/LLN0$Alarm","1","",""
"15392","297.105630245","ipcas_21:73:27","202","1","283","TIED13MEAS/LLN0$Measurement","62","62","59"
"15445","298.167140904","ipcas_21:73:27","150","1","284","TIED13CTRL/LLN0$Status","1","1","0"
"15446","298.167428401","ipcas_21:73:27","150","1","284","TIED13PROT/LLN0$Alarm","1","",""
"15447","298.167432170","ipcas_21:73:27","202","1","284","TIED13MEAS/LLN0$Measurement","62","62","63"
"15500","299.210152421","ipcas_21:73:27","150","1","285","TIED13CTRL/LLN0$Status","1","1","0"
"15501","299.210156525","ipcas_21:73:27","150","1","285","TIED13PROT/LLN0$Alarm","1","",""
"15502","299.210846202","ipcas_21:73:27","202","1","285","TIED13MEAS/LLN0$Measurement","62","60","62"
"15554","300.260735076","ipcas_21:73:27","150","1","286","TIED13CTRL/LLN0$Status","1","1","0"
"15555","300.260744593","ipcas_21:73:27","150","1","286","TIED13PROT/LLN0$Alarm","1","",""
"15556","300.260745282","ipcas_21:73:27","202","1","286","TIED13MEAS/LLN0$Measurement","62","62","62"
"15611","301.295141051","ipcas_21:73:27","150","1","287","TIED13CTRL/LLN0$Status","1","1","0"
"15612","301.295146762","ipcas_21:73:27","150","1","287","TIED13PROT/LLN0$Alarm","1","",""
"15613","301.295816099","ipcas_21:73:27","202","1","287","TIED13MEAS/LLN0$Measurement","64","62","60"
"15667","302.333128342","ipcas_21:73:27","150","1","288","TIED13CTRL/LLN0$Status","1","1","0"
"15668","302.333132433","ipcas_21:73:27","150","1","288","TIED13PROT/LLN0$Alarm","1","",""
"15669","302.333507215","ipcas_21:73:27","202","1","288","TIED13MEAS/LLN0$Measurement","60","64","60"
"15744","303.376141235","ipcas_21:73:27","150","1","289","TIED13CTRL/LLN0$Status","1","1","0"
"15745","303.376151990","ipcas_21:73:27","150","1","289","TIED13PROT/LLN0$Alarm","1","",""
"15746","303.376152822","ipcas_21:73:27","202","1","289","TIED13MEAS/LLN0$Measurement","64","63","61"
"15825","304.424147542","ipcas_21:73:27","150","1","290","TIED13CTRL/LLN0$Status","1","1","0"
"15826","304.424160703","ipcas_21:73:27","150","1","290","TIED13PROT/LLN0$Alarm","1","",""
"15827","304.424161962","ipcas_21:73:27","202","1","290","TIED13MEAS/LLN0$Measurement","61","62","61"
"15904","305.462417042","ipcas_21:73:27","150","1","291","TIED13CTRL/LLN0$Status","1","1","0"
"15905","305.462516504","ipcas_21:73:27","150","1","291","TIED13PROT/LLN0$Alarm","1","",""
"15906","305.462797156","ipcas_21:73:27","202","1","291","TIED13MEAS/LLN0$Measurement","62","60","60"
"15989","306.501491193","ipcas_21:73:27","150","1","292","TIED13CTRL/LLN0$Status","1","1","0"
"15990","306.501732126","ipcas_21:73:27","150","1","292","TIED13PROT/LLN0$Alarm","1","",""
"15991","306.502051873","ipcas_21:73:27","202","1","292","TIED13MEAS/LLN0$Measurement","64","62","62"
"16072","307.541623836","ipcas_21:73:27","150","1","293","TIED13CTRL/LLN0$Status","1","1","0"
"16073","307.541629828","ipcas_21:73:27","150","1","293","TIED13PROT/LLN0$Alarm","1","",""
"16074","307.542141618","ipcas_21:73:27","202","1","293","TIED13MEAS/LLN0$Measurement","62","64","61"
"16130","308.591975563","ipcas_21:73:27","150","1","294","TIED13CTRL/LLN0$Status","1","1","0"
"16131","308.591975921","ipcas_21:73:27","150","1","294","TIED13PROT/LLN0$Alarm","1","",""
"16132","308.591976934","ipcas_21:73:27","202","1","294","TIED13MEAS/LLN0$Measurement","62","62","64"
"16191","309.596302505","ipcas_21:73:27","150","1","295","TIED13CTRL/LLN0$Status","1","1","0"
"16192","309.596311210","ipcas_21:73:27","150","1","295","TIED13PROT/LLN0$Alarm","1","",""
"16193","309.596312060","ipcas_21:73:27","202","1","295","TIED13MEAS/LLN0$Measurement","62","62","62"
"16254","310.637020230","ipcas_21:73:27","150","1","296","TIED13CTRL/LLN0$Status","1","1","0"
"16255","310.637020754","ipcas_21:73:27","150","1","296","TIED13PROT/LLN0$Alarm","1","",""
"16256","310.637021323","ipcas_21:73:27","202","1","296","TIED13MEAS/LLN0$Measurement","65","61","62"
"16317","311.669400912","ipcas_21:73:27","150","1","297","TIED13CTRL/LLN0$Status","1","1","0"
"16318","311.669419288","ipcas_21:73:27","150","1","297","TIED13PROT/LLN0$Alarm","1","",""
"16319","311.670035543","ipcas_21:73:27","202","1","297","TIED13MEAS/LLN0$Measurement","62","61","61"
"16380","312.699667718","ipcas_21:73:27","150","1","298","TIED13CTRL/LLN0$Status","1","1","0"
"16381","312.699675318","ipcas_21:73:27","150","1","298","TIED13PROT/LLN0$Alarm","1","",""
"16382","312.699676354","ipcas_21:73:27","202","1","298","TIED13MEAS/LLN0$Measurement","62","62","62"
"16442","313.720837292","ipcas_21:73:27","150","1","299","TIED13CTRL/LLN0$Status","1","1","0"
"16443","313.720837915","ipcas_21:73:27","150","1","299","TIED13PROT/LLN0$Alarm","1","",""
"16444","313.720838388","ipcas_21:73:27","202","1","299","TIED13MEAS/LLN0$Measurement","62","62","60"
"16498","314.753544902","ipcas_21:73:27","150","1","300","TIED13CTRL/LLN0$Status","1","1","0"
"16499","314.753621668","ipcas_21:73:27","150","1","300","TIED13PROT/LLN0$Alarm","1","",""
"16500","314.754172590","ipcas_21:73:27","202","1","300","TIED13MEAS/LLN0$Measurement","62","62","64"
"16559","315.773581000","ipcas_21:73:27","150","1","301","TIED13CTRL/LLN0$Status","1","1","0"
"16560","315.773582433","ipcas_21:73:27","150","1","301","TIED13PROT/LLN0$Alarm","1","",""
"16561","315.773583753","ipcas_21:73:27","202","1","301","TIED13MEAS/LLN0$Measurement","62","64","64"
"16613","316.807175151","ipcas_21:73:27","150","1","302","TIED13CTRL/LLN0$Status","1","1","0"
"16614","316.807182117","ipcas_21:73:27","150","1","302","TIED13PROT/LLN0$Alarm","1","",""
"16615","316.807183761","ipcas_21:73:27","202","1","302","TIED13MEAS/LLN0$Measurement","62","61","62"
"16668","317.840322312","ipcas_21:73:27","150","1","303","TIED13CTRL/LLN0$Status","1","1","0"
"16669","317.840744377","ipcas_21:73:27","150","1","303","TIED13PROT/LLN0$Alarm","1","",""
"16670","317.840748008","ipcas_21:73:27","202","1","303","TIED13MEAS/LLN0$Measurement","62","62","64"
"16723","318.860980228","ipcas_21:73:27","150","1","304","TIED13CTRL/LLN0$Status","1","1","0"
"16724","318.860986041","ipcas_21:73:27","150","1","304","TIED13PROT/LLN0$Alarm","1","",""
"16725","318.860987381","ipcas_21:73:27","202","1","304","TIED13MEAS/LLN0$Measurement","62","62","59"
"16778","319.895826792","ipcas_21:73:27","150","1","305","TIED13CTRL/LLN0$Status","1","1","0"
"16779","319.895832490","ipcas_21:73:27","150","1","305","TIED13PROT/LLN0$Alarm","1","",""
"16780","319.895832915","ipcas_21:73:27","202","1","305","TIED13MEAS/LLN0$Measurement","61","65","62"
"16862","320.956430787","ipcas_21:73:27","150","1","306","TIED13CTRL/LLN0$Status","1","1","0"
"16863","320.956431810","ipcas_21:73:27","150","1","306","TIED13PROT/LLN0$Alarm","1","",""
"16864","320.956432536","ipcas_21:73:27","202","1","306","TIED13MEAS/LLN0$Measurement","60","63","62"
"16953","322.008293248","ipcas_21:73:27","150","1","307","TIED13CTRL/LLN0$Status","1","1","0"
"16954","322.008294104","ipcas_21:73:27","150","1","307","TIED13PROT/LLN0$Alarm","1","",""
"16955","322.008294564","ipcas_21:73:27","202","1","307","TIED13MEAS/LLN0$Measurement","62","62","62"
"17091","323.032363652","ipcas_21:73:27","150","1","308","TIED13CTRL/LLN0$Status","1","1","0"
"17092","323.033479482","ipcas_21:73:27","150","1","308","TIED13PROT/LLN0$Alarm","1","",""
"17093","323.033487326","ipcas_21:73:27","202","1","308","TIED13MEAS/LLN0$Measurement","60","61","61"
"17179","324.077565547","ipcas_21:73:27","150","1","309","TIED13CTRL/LLN0$Status","1","1","0"
"17180","324.077569387","ipcas_21:73:27","150","1","309","TIED13PROT/LLN0$Alarm","1","",""
"17181","324.077570207","ipcas_21:73:27","202","1","309","TIED13MEAS/LLN0$Measurement","61","63","63"
"17262","325.110568746","ipcas_21:73:27","150","1","310","TIED13CTRL/LLN0$Status","1","1","0"
"17263","325.110575064","ipcas_21:73:27","150","1","310","TIED13PROT/LLN0$Alarm","1","",""
"17264","325.110576043","ipcas_21:73:27","202","1","310","TIED13MEAS/LLN0$Measurement","64","62","63"
"17340","326.151328360","ipcas_21:73:27","150","1","311","TIED13CTRL/LLN0$Status","1","1","0"
"17341","326.151331922","ipcas_21:73:27","150","1","311","TIED13PROT/LLN0$Alarm","1","",""
"17342","326.151332519","ipcas_21:73:27","202","1","311","TIED13MEAS/LLN0$Measurement","62","62","62"
"17402","327.185664543","ipcas_21:73:27","150","1","312","TIED13CTRL/LLN0$Status","1","1","0"
"17403","327.185671362","ipcas_21:73:27","150","1","312","TIED13PROT/LLN0$Alarm","1","",""
"17404","327.185672822","ipcas_21:73:27","202","1","312","TIED13MEAS/LLN0$Measurement","62","62","62"
"17524","328.864860182","ipcas_21:73:27","150","1","313","TIED13CTRL/LLN0$Status","1","1","0"
"17525","328.864863096","ipcas_21:73:27","150","1","313","TIED13PROT/LLN0$Alarm","1","",""
"17526","328.864864108","ipcas_21:73:27","202","1","313","TIED13MEAS/LLN0$Measurement","61","64","63"
"17588","330.357123168","ipcas_21:73:27","150","1","314","TIED13CTRL/LLN0$Status","1","1","0"
"17589","330.357124718","ipcas_21:73:27","150","1","314","TIED13PROT/LLN0$Alarm","1","",""
"17590","330.357125867","ipcas_21:73:27","202","1","314","TIED13MEAS/LLN0$Measurement","62","59","61"
"17691","330.732839510","ipcas_21:73:27","150","1","315","TIED13CTRL/LLN0$Status","1","1","0"
"17692","330.732847799","ipcas_21:73:27","150","1","315","TIED13PROT/LLN0$Alarm","1","",""
"17693","330.732849947","ipcas_21:73:27","202","1","315","TIED13MEAS/LLN0$Measurement","62","62","61"
"17764","331.758922295","ipcas_21:73:27","150","1","316","TIED13CTRL/LLN0$Status","1","1","0"
"17765","331.758926086","ipcas_21:73:27","150","1","316","TIED13PROT/LLN0$Alarm","1","",""
"17766","331.758926553","ipcas_21:73:27","202","1","316","TIED13MEAS/LLN0$Measurement","64","63","63"
"17837","332.889171445","ipcas_21:73:27","150","1","317","TIED13CTRL/LLN0$Status","1","1","0"
"17838","332.889173678","ipcas_21:73:27","150","1","317","TIED13PROT/LLN0$Alarm","1","",""
"17839","332.889174071","ipcas_21:73:27","202","1","317","TIED13MEAS/LLN0$Measurement","62","63","62"
"17897","333.918735592","ipcas_21:73:27","150","1","318","TIED13CTRL/LLN0$Status","1","1","0"
"17898","333.918737107","ipcas_21:73:27","150","1","318","TIED13PROT/LLN0$Alarm","1","",""
"17899","333.918737945","ipcas_21:73:27","202","1","318","TIED13MEAS/LLN0$Measurement","60","62","59"
"17964","334.969775711","ipcas_21:73:27","150","1","319","TIED13CTRL/LLN0$Status","1","1","0"
"17965","334.969780265","ipcas_21:73:27","150","1","319","TIED13PROT/LLN0$Alarm","1","",""
"17966","334.969781560","ipcas_21:73:27","202","1","319","TIED13MEAS/LLN0$Measurement","62","62","62"
"18021","336.002978038","ipcas_21:73:27","150","1","320","TIED13CTRL/LLN0$Status","1","1","0"
"18022","336.002981618","ipcas_21:73:27","150","1","320","TIED13PROT/LLN0$Alarm","1","",""
"18023","336.002982109","ipcas_21:73:27","202","1","320","TIED13MEAS/LLN0$Measurement","63","62","62"
"18085","337.040159920","ipcas_21:73:27","150","1","321","TIED13CTRL/LLN0$Status","1","1","0"
"18086","337.040350447","ipcas_21:73:27","150","1","321","TIED13PROT/LLN0$Alarm","1","",""
"18087","337.040355598","ipcas_21:73:27","202","1","321","TIED13MEAS/LLN0$Measurement","59","61","61"
"18147","338.061590325","ipcas_21:73:27","150","1","322","TIED13CTRL/LLN0$Status","1","1","0"
"18148","338.061594059","ipcas_21:73:27","150","1","322","TIED13PROT/LLN0$Alarm","1","",""
"18149","338.061594974","ipcas_21:73:27","202","1","322","TIED13MEAS/LLN0$Measurement","61","62","63"
"18201","339.093320615","ipcas_21:73:27","150","1","323","TIED13CTRL/LLN0$Status","1","1","0"
"18202","339.093328813","ipcas_21:73:27","150","1","323","TIED13PROT/LLN0$Alarm","1","",""
"18203","339.093329476","ipcas_21:73:27","202","1","323","TIED13MEAS/LLN0$Measurement","62","64","62"
"18249","340.120041534","ipcas_21:73:27","150","1","324","TIED13CTRL/LLN0$Status","1","1","0"
"18250","340.120041998","ipcas_21:73:27","150","1","324","TIED13PROT/LLN0$Alarm","1","",""
"18251","340.120042433","ipcas_21:73:27","202","1","324","TIED13MEAS/LLN0$Measurement","59","61","62"
"18300","341.152576496","ipcas_21:73:27","150","1","325","TIED13CTRL/LLN0$Status","1","1","0"
"18301","341.152577154","ipcas_21:73:27","150","1","325","TIED13PROT/LLN0$Alarm","1","",""
"18302","341.152577598","ipcas_21:73:27","202","1","325","TIED13MEAS/LLN0$Measurement","61","63","62"
"18353","342.213366750","ipcas_21:73:27","150","1","326","TIED13CTRL/LLN0$Status","1","1","0"
"18354","342.213368122","ipcas_21:73:27","150","1","326","TIED13PROT/LLN0$Alarm","1","",""
"18355","342.213369246","ipcas_21:73:27","202","1","326","TIED13MEAS/LLN0$Measurement","62","62","60"
"18420","343.281976343","ipcas_21:73:27","150","1","327","TIED13CTRL/LLN0$Status","1","1","0"
"18421","343.281981344","ipcas_21:73:27","150","1","327","TIED13PROT/LLN0$Alarm","1","",""
"18422","343.282059257","ipcas_21:73:27","202","1","327","TIED13MEAS/LLN0$Measurement","62","62","64"
"18477","344.334695176","ipcas_21:73:27","150","1","328","TIED13CTRL/LLN0$Status","1","1","0"
"18478","344.334792728","ipcas_21:73:27","150","1","328","TIED13PROT/LLN0$Alarm","1","",""
"18479","344.334796372","ipcas_21:73:27","202","1","328","TIED13MEAS/LLN0$Measurement","62","62","60"
"18536","345.362699198","ipcas_21:73:27","150","1","329","TIED13CTRL/LLN0$Status","1","1","0"
"18537","345.362798040","ipcas_21:73:27","150","1","329","TIED13PROT/LLN0$Alarm","1","",""
"18538","345.362801321","ipcas_21:73:27","202","1","329","TIED13MEAS/LLN0$Measurement","59","59","65"
"18594","346.377652088","ipcas_21:73:27","150","1","330","TIED13CTRL/LLN0$Status","1","1","0"
"18595","346.377656070","ipcas_21:73:27","150","1","330","TIED13PROT/LLN0$Alarm","1","",""
"18596","346.377656922","ipcas_21:73:27","202","1","330","TIED13MEAS/LLN0$Measurement","62","63","65"
"18650","347.404146770","ipcas_21:73:27","150","1","331","TIED13CTRL/LLN0$Status","1","1","0"
"18651","347.404147140","ipcas_21:73:27","150","1","331","TIED13PROT/LLN0$Alarm","1","",""
"18652","347.404147847","ipcas_21:73:27","202","1","331","TIED13MEAS/LLN0$Measurement","62","62","63"
"18729","348.417792423","ipcas_21:73:27","150","1","332","TIED13CTRL/LLN0$Status","1","1","0"
"18730","348.418049346","ipcas_21:73:27","150","1","332","TIED13PROT/LLN0$Alarm","1","",""
"18731","348.418277210","ipcas_21:73:27","202","1","332","TIED13MEAS/LLN0$Measurement","61","63","62"
"18815","349.440854457","ipcas_21:73:27","150","1","333","TIED13CTRL/LLN0$Status","1","1","0"
"18816","349.440858327","ipcas_21:73:27","150","1","333","TIED13PROT/LLN0$Alarm","1","",""
"18817","349.440859378","ipcas_21:73:27","202","1","333","TIED13MEAS/LLN0$Measurement","61","62","60"
"18912","350.467710260","ipcas_21:73:27","150","1","334","TIED13CTRL/LLN0$Status","1","1","0"
"18913","350.467711022","ipcas_21:73:27","150","1","334","TIED13PROT/LLN0$Alarm","1","",""
"18914","350.467711490","ipcas_21:73:27","202","1","334","TIED13MEAS/LLN0$Measurement","63","62","63"
"18992","351.497550985","ipcas_21:73:27","150","1","335","TIED13CTRL/LLN0$Status","1","1","0"
"18993","351.497551348","ipcas_21:73:27","150","1","335","TIED13PROT/LLN0$Alarm","1","",""
"18994","351.497552513","ipcas_21:73:27","202","1","335","TIED13MEAS/LLN0$Measurement","62","62","62"
"19094","352.556806114","ipcas_21:73:27","150","1","336","TIED13CTRL/LLN0$Status","1","1","0"
"19095","352.556809867","ipcas_21:73:27","150","1","336","TIED13PROT/LLN0$Alarm","1","",""
"19096","352.556810270","ipcas_21:73:27","202","1","336","TIED13MEAS/LLN0$Measurement","65","62","62"
"19156","353.586460694","ipcas_21:73:27","150","1","337","TIED13CTRL/LLN0$Status","1","1","0"
"19157","353.586832977","ipcas_21:73:27","150","1","337","TIED13PROT/LLN0$Alarm","1","",""
"19158","353.587248407","ipcas_21:73:27","202","1","337","TIED13MEAS/LLN0$Measurement","62","62","65"
"19217","355.656477806","ipcas_21:73:27","150","1","338","TIED13CTRL/LLN0$Status","1","1","0"
"19218","355.656478501","ipcas_21:73:27","150","1","338","TIED13PROT/LLN0$Alarm","1","",""
"19219","355.656478933","ipcas_21:73:27","202","1","338","TIED13MEAS/LLN0$Measurement","64","62","62"
"19278","355.656746150","ipcas_21:73:27","150","1","339","TIED13CTRL/LLN0$Status","1","1","0"
"19279","355.656746624","ipcas_21:73:27","150","1","339","TIED13PROT/LLN0$Alarm","1","",""
"19280","355.656747108","ipcas_21:73:27","202","1","339","TIED13MEAS/LLN0$Measurement","62","61","65"
"19339","356.679405220","ipcas_21:73:27","150","1","340","TIED13CTRL/LLN0$Status","1","1","0"
"19340","356.679408840","ipcas_21:73:27","150","1","340","TIED13PROT/LLN0$Alarm","1","",""
"19341","356.679409683","ipcas_21:73:27","202","1","340","TIED13MEAS/LLN0$Measurement","60","62","60"
"19400","357.707815685","ipcas_21:73:27","150","1","341","TIED13CTRL/LLN0$Status","1","1","0"
"19401","357.707818455","ipcas_21:73:27","150","1","341","TIED13PROT/LLN0$Alarm","1","",""
"19402","357.707818850","ipcas_21:73:27","202","1","341","TIED13MEAS/LLN0$Measurement","62","65","62"
"19466","358.739566338","ipcas_21:73:27","150","1","342","TIED13CTRL/LLN0$Status","1","1","0"
"19467","358.739570352","ipcas_21:73:27","150","1","342","TIED13PROT/LLN0$Alarm","1","",""
"19468","358.739570968","ipcas_21:73:27","202","1","342","TIED13MEAS/LLN0$Measurement","62","62","61"
"19524","359.767634418","ipcas_21:73:27","150","1","343","TIED13CTRL/LLN0$Status","1","1","0"
"19525","359.767635354","ipcas_21:73:27","150","1","343","TIED13PROT/LLN0$Alarm","1","",""
"19526","359.767636339","ipcas_21:73:27","202","1","343","TIED13MEAS/LLN0$Measurement","59","59","62"
"19583","360.795727448","ipcas_21:73:27","150","1","344","TIED13CTRL/LLN0$Status","1","1","0"
"19584","360.796062050","ipcas_21:73:27","150","1","344","TIED13PROT/LLN0$Alarm","1","",""
"19585","360.796351068","ipcas_21:73:27","202","1","344","TIED13MEAS/LLN0$Measurement","60","64","61"
"19639","361.836165160","ipcas_21:73:27","150","1","345","TIED13CTRL/LLN0$Status","1","1","0"
"19640","361.836171608","ipcas_21:73:27","150","1","345","TIED13PROT/LLN0$Alarm","1","",""
"19641","361.840662107","ipcas_21:73:27","202","1","345","TIED13MEAS/LLN0$Measurement","62","62","62"
"19698","362.873235024","ipcas_21:73:27","150","1","346","TIED13CTRL/LLN0$Status","1","1","0"
"19699","362.873239167","ipcas_21:73:27","150","1","346","TIED13PROT/LLN0$Alarm","1","",""
"19700","362.873240076","ipcas_21:73:27","202","1","346","TIED13MEAS/LLN0$Measurement","63","62","62"
"19753","363.935607912","ipcas_21:73:27","150","1","347","TIED13CTRL/LLN0$Status","1","1","0"
"19754","363.936043509","ipcas_21:73:27","150","1","347","TIED13PROT/LLN0$Alarm","1","",""
"19755","363.936569687","ipcas_21:73:27","202","1","347","TIED13MEAS/LLN0$Measurement","62","61","64"
"19811","364.960075144","ipcas_21:73:27","150","1","348","TIED13CTRL/LLN0$Status","1","1","0"
"19812","364.960079709","ipcas_21:73:27","150","1","348","TIED13PROT/LLN0$Alarm","1","",""
"19813","364.960080540","ipcas_21:73:27","202","1","348","TIED13MEAS/LLN0$Measurement","65","64","65"
"19901","365.992918622","ipcas_21:73:27","150","1","349","TIED13CTRL/LLN0$Status","1","1","0"
"19902","365.993014361","ipcas_21:73:27","150","1","349","TIED13PROT/LLN0$Alarm","1","",""
"19903","365.993148163","ipcas_21:73:27","202","1","349","TIED13MEAS/LLN0$Measurement","62","62","64"
"19976","367.029562232","ipcas_21:73:27","150","1","350","TIED13CTRL/LLN0$Status","1","1","0"
"19977","367.029563645","ipcas_21:73:27","150","1","350","TIED13PROT/LLN0$Alarm","1","",""
"19978","367.029565019","ipcas_21:73:27","202","1","350","TIED13MEAS/LLN0$Measurement","62","59","62"
"20107","368.090384150","ipcas_21:73:27","150","1","351","TIED13CTRL/LLN0$Status","1","1","0"
"20108","368.090387683","ipcas_21:73:27","150","1","351","TIED13PROT/LLN0$Alarm","1","",""
"20109","368.090388162","ipcas_21:73:27","202","1","351","TIED13MEAS/LLN0$Measurement","62","62","62"
"20211","369.119181948","ipcas_21:73:27","150","1","352","TIED13CTRL/LLN0$Status","1","1","0"
"20212","369.119954485","ipcas_21:73:27","150","1","352","TIED13PROT/LLN0$Alarm","1","",""
"20213","369.119960233","ipcas_21:73:27","202","1","352","TIED13MEAS/LLN0$Measurement","59","62","59"
"20308","370.157196614","ipcas_21:73:27","150","1","353","TIED13CTRL/LLN0$Status","1","1","0"
"20309","370.157200691","ipcas_21:73:27","150","1","353","TIED13PROT/LLN0$Alarm","1","",""
"20310","370.157201103","ipcas_21:73:27","202","1","353","TIED13MEAS/LLN0$Measurement","60","62","60"
"20379","371.189803739","ipcas_21:73:27","150","1","354","TIED13CTRL/LLN0$Status","1","1","0"
"20380","371.189809627","ipcas_21:73:27","150","1","354","TIED13PROT/LLN0$Alarm","1","",""
"20381","371.189811302","ipcas_21:73:27","202","1","354","TIED13MEAS/LLN0$Measurement","62","64","60"
"20451","372.232196009","ipcas_21:73:27","150","1","355","TIED13CTRL/LLN0$Status","1","1","0"
"20452","372.232200290","ipcas_21:73:27","150","1","355","TIED13PROT/LLN0$Alarm","1","",""
"20453","372.232201246","ipcas_21:73:27","202","1","355","TIED13MEAS/LLN0$Measurement","63","64","62"
"20525","373.275416465","ipcas_21:73:27","150","1","356","TIED13CTRL/LLN0$Status","1","1","0"
"20526","373.275418918","ipcas_21:73:27","150","1","356","TIED13PROT/LLN0$Alarm","1","",""
"20527","373.275419761","ipcas_21:73:27","202","1","356","TIED13MEAS/LLN0$Measurement","62","62","62"
"20614","374.305268517","ipcas_21:73:27","150","1","357","TIED13CTRL/LLN0$Status","1","1","0"
"20615","374.305284367","ipcas_21:73:27","150","1","357","TIED13PROT/LLN0$Alarm","1","",""
"20616","374.305285359","ipcas_21:73:27","202","1","357","TIED13MEAS/LLN0$Measurement","62","62","63"
"20725","375.335043301","ipcas_21:73:27","150","1","358","TIED13CTRL/LLN0$Status","1","1","0"
"20726","375.336107823","ipcas_21:73:27","150","1","358","TIED13PROT/LLN0$Alarm","1","",""
"20727","375.336115257","ipcas_21:73:27","202","1","358","TIED13MEAS/LLN0$Measurement","62","62","64"
"20804","376.384809907","ipcas_21:73:27","150","1","359","TIED13CTRL/LLN0$Status","1","1","0"
"20805","376.384813999","ipcas_21:73:27","150","1","359","TIED13PROT/LLN0$Alarm","1","",""
"20806","376.384815054","ipcas_21:73:27","202","1","359","TIED13MEAS/LLN0$Measurement","61","63","62"
"20863","377.420247543","ipcas_21:73:27","150","1","360","TIED13CTRL/LLN0$Status","1","1","0"
"20864","377.420347172","ipcas_21:73:27","150","1","360","TIED13PROT/LLN0$Alarm","1","",""
"20865","377.420350804","ipcas_21:73:27","202","1","360","TIED13MEAS/LLN0$Measurement","62","62","64"
"20925","378.457809305","ipcas_21:73:27","150","1","361","TIED13CTRL/LLN0$Status","1","1","0"
"20926","378.457813133","ipcas_21:73:27","150","1","361","TIED13PROT/LLN0$Alarm","1","",""
"20927","378.457813874","ipcas_21:73:27","202","1","361","TIED13MEAS/LLN0$Measurement","63","62","62"
"20988","379.488183076","ipcas_21:73:27","150","1","362","TIED13CTRL/LLN0$Status","1","1","0"
"20989","379.488367359","ipcas_21:73:27","150","1","362","TIED13PROT/LLN0$Alarm","1","",""
"20990","379.488448763","ipcas_21:73:27","202","1","362","TIED13MEAS/LLN0$Measurement","65","62","62"
"21043","380.520487295","ipcas_21:73:27","150","1","363","TIED13CTRL/LLN0$Status","1","1","0"
"21044","380.521416815","ipcas_21:73:27","150","1","363","TIED13PROT/LLN0$Alarm","1","",""
"21045","380.521422459","ipcas_21:73:27","202","1","363","TIED13MEAS/LLN0$Measurement","62","62","62"
"21103","381.559777885","ipcas_21:73:27","150","1","364","TIED13CTRL/LLN0$Status","1","1","0"
"21104","381.559782268","ipcas_21:73:27","150","1","364","TIED13PROT/LLN0$Alarm","1","",""
"21105","381.559782969","ipcas_21:73:27","202","1","364","TIED13MEAS/LLN0$Measurement","62","62","62"
"21165","382.582418028","ipcas_21:73:27","150","1","365","TIED13CTRL/LLN0$Status","1","1","0"
"21166","382.582424135","ipcas_21:73:27","150","1","365","TIED13PROT/LLN0$Alarm","1","",""
"21167","382.582425662","ipcas_21:73:27","202","1","365","TIED13MEAS/LLN0$Measurement","61","62","60"
"21224","383.599175458","ipcas_21:73:27","150","1","366","TIED13CTRL/LLN0$Status","1","1","0"
"21225","383.599542855","ipcas_21:73:27","150","1","366","TIED13PROT/LLN0$Alarm","1","",""
"21226","383.601392682","ipcas_21:73:27","202","1","366","TIED13MEAS/LLN0$Measurement","61","62","60"
"21280","384.635625165","ipcas_21:73:27","150","1","367","TIED13CTRL/LLN0$Status","1","1","0"
"21281","384.635632652","ipcas_21:73:27","150","1","367","TIED13PROT/LLN0$Alarm","1","",""
"21282","384.635634222","ipcas_21:73:27","202","1","367","TIED13MEAS/LLN0$Measurement","59","62","62"
"21334","385.690878329","ipcas_21:73:27","150","1","368","TIED13CTRL/LLN0$Status","1","1","0"
"21335","385.690884770","ipcas_21:73:27","150","1","368","TIED13PROT/LLN0$Alarm","1","",""
"21336","385.691078726","ipcas_21:73:27","202","1","368","TIED13MEAS/LLN0$Measurement","62","62","64"
"21390","386.737373719","ipcas_21:73:27","150","1","369","TIED13CTRL/LLN0$Status","1","1","0"
"21391","386.737374055","ipcas_21:73:27","150","1","369","TIED13PROT/LLN0$Alarm","1","",""
"21392","386.737374362","ipcas_21:73:27","202","1","369","TIED13MEAS/LLN0$Measurement","60","60","60"
"21445","387.759616991","ipcas_21:73:27","150","1","370","TIED13CTRL/LLN0$Status","1","1","0"
"21446","387.759623907","ipcas_21:73:27","150","1","370","TIED13PROT/LLN0$Alarm","1","",""
"21447","387.759625264","ipcas_21:73:27","202","1","370","TIED13MEAS/LLN0$Measurement","62","62","61"
"21502","388.790968329","ipcas_21:73:27","150","1","371","TIED13CTRL/LLN0$Status","1","1","0"
"21503","388.790974503","ipcas_21:73:27","150","1","371","TIED13PROT/LLN0$Alarm","1","",""
"21504","388.790975715","ipcas_21:73:27","202","1","371","TIED13MEAS/LLN0$Measurement","61","63","61"
"21560","389.870533939","ipcas_21:73:27","150","1","372","TIED13CTRL/LLN0$Status","1","1","0"
"21561","389.870537785","ipcas_21:73:27","150","1","372","TIED13PROT/LLN0$Alarm","1","",""
"21562","389.870538510","ipcas_21:73:27","202","1","372","TIED13MEAS/LLN0$Measurement","64","64","62"
"21616","390.908867946","ipcas_21:73:27","150","1","373","TIED13CTRL/LLN0$Status","1","1","0"
"21617","390.908877288","ipcas_21:73:27","150","1","373","TIED13PROT/LLN0$Alarm","1","",""
"21618","390.910683567","ipcas_21:73:27","202","1","373","TIED13MEAS/LLN0$Measurement","64","62","62"
"21685","391.929200366","ipcas_21:73:27","150","1","374","TIED13CTRL/LLN0$Status","1","1","0"
"21686","391.929205738","ipcas_21:73:27","150","1","374","TIED13PROT/LLN0$Alarm","1","",""
"21687","391.929206773","ipcas_21:73:27","202","1","374","TIED13MEAS/LLN0$Measurement","62","62","62"
"21767","392.956666833","ipcas_21:73:27","150","1","375","TIED13CTRL/LLN0$Status","1","1","0"
"21768","392.956667669","ipcas_21:73:27","150","1","375","TIED13PROT/LLN0$Alarm","1","",""
"21769","392.956668611","ipcas_21:73:27","202","1","375","TIED13MEAS/LLN0$Measurement","62","61","60"
"21835","393.981993627","ipcas_21:73:27","150","1","376","TIED13CTRL/LLN0$Status","1","1","0"
"21836","393.981997738","ipcas_21:73:27","150","1","376","TIED13PROT/LLN0$Alarm","1","",""
"21837","393.981998997","ipcas_21:73:27","202","1","376","TIED13MEAS/LLN0$Measurement","61","61","62"
"21937","395.025268418","ipcas_21:73:27","150","1","377","TIED13CTRL/LLN0$Status","1","1","0"
"21938","395.025270670","ipcas_21:73:27","150","1","377","TIED13PROT/LLN0$Alarm","1","",""
"21939","395.025462408","ipcas_21:73:27","202","1","377","TIED13MEAS/LLN0$Measurement","61","62","62"
"22046","396.060090366","ipcas_21:73:27","150","1","378","TIED13CTRL/LLN0$Status","1","1","0"
"22047","396.060095514","ipcas_21:73:27","150","1","378","TIED13PROT/LLN0$Alarm","1","",""
"22048","396.060096400","ipcas_21:73:27","202","1","378","TIED13MEAS/LLN0$Measurement","62","65","62"
"22143","397.098056232","ipcas_21:73:27","150","1","379","TIED13CTRL/LLN0$Status","1","1","0"
"22144","397.098441007","ipcas_21:73:27","150","1","379","TIED13PROT/LLN0$Alarm","1","",""
"22145","397.098444606","ipcas_21:73:27","202","1","379","TIED13MEAS/LLN0$Measurement","62","65","61"
"22204","398.135235728","ipcas_21:73:27","150","1","380","TIED13CTRL/LLN0$Status","1","1","0"
"22205","398.135244435","ipcas_21:73:27","150","1","380","TIED13PROT/LLN0$Alarm","1","",""
"22206","398.135383578","ipcas_21:73:27","202","1","380","TIED13MEAS/LLN0$Measurement","63","62","62"
"22267","399.169256900","ipcas_21:73:27","150","1","381","TIED13CTRL/LLN0$Status","1","1","0"
"22268","399.169456247","ipcas_21:73:27","150","1","381","TIED13PROT/LLN0$Alarm","1","",""
"22269","399.169652556","ipcas_21:73:27","202","1","381","TIED13MEAS/LLN0$Measurement","63","61","65"
"22330","400.218820653","ipcas_21:73:27","150","1","382","TIED13CTRL/LLN0$Status","1","1","0"
"22331","400.218825763","ipcas_21:73:27","150","1","382","TIED13PROT/LLN0$Alarm","1","",""
"22332","400.218826624","ipcas_21:73:27","202","1","382","TIED13MEAS/LLN0$Measurement","60","62","60"
"22391","401.236071652","ipcas_21:73:27","150","1","383","TIED13CTRL/LLN0$Status","1","1","0"
"22392","401.236075324","ipcas_21:73:27","150","1","383","TIED13PROT/LLN0$Alarm","1","",""
"22393","401.236076421","ipcas_21:73:27","202","1","383","TIED13MEAS/LLN0$Measurement","62","63","62"
"22448","402.280341869","ipcas_21:73:27","150","1","384","TIED13CTRL/LLN0$Status","1","1","0"
"22449","402.280343413","ipcas_21:73:27","150","1","384","TIED13PROT/LLN0$Alarm","1","",""
"22450","402.280344492","ipcas_21:73:27","202","1","384","TIED13MEAS/LLN0$Measurement","62","63","59"
"22506","403.328641768","ipcas_21:73:27","150","1","385","TIED13CTRL/LLN0$Status","1","1","0"
"22507","403.328642879","ipcas_21:73:27","150","1","385","TIED13PROT/LLN0$Alarm","1","",""
"22508","403.328643868","ipcas_21:73:27","202","1","385","TIED13MEAS/LLN0$Measurement","60","64","62"
"22565","404.378148450","ipcas_21:73:27","150","1","386","TIED13CTRL/LLN0$Status","1","1","0"
"22566","404.378149146","ipcas_21:73:27","150","1","386","TIED13PROT/LLN0$Alarm","1","",""
"22567","404.378149455","ipcas_21:73:27","202","1","386","TIED13MEAS/LLN0$Measurement","64","62","59"
"22623","405.410502005","ipcas_21:73:27","150","1","387","TIED13CTRL/LLN0$Status","1","1","0"
"22624","405.410505238","ipcas_21:73:27","150","1","387","TIED13PROT/LLN0$Alarm","1","",""
"22625","405.410506377","ipcas_21:73:27","202","1","387","TIED13MEAS/LLN0$Measurement","63","59","62"
"22679","406.441385138","ipcas_21:73:27","150","1","388","TIED13CTRL/LLN0$Status","1","1","0"
"22680","406.441393304","ipcas_21:73:27","150","1","388","TIED13PROT/LLN0$Alarm","1","",""
"22681","406.441394727","ipcas_21:73:27","202","1","388","TIED13MEAS/LLN0$Measurement","60","64","60"
"22733","407.476933551","ipcas_21:73:27","150","1","389","TIED13CTRL/LLN0$Status","1","1","0"
"22734","407.477537901","ipcas_21:73:27","150","1","389","TIED13PROT/LLN0$Alarm","1","",""
"22735","407.477541401","ipcas_21:73:27","202","1","389","TIED13MEAS/LLN0$Measurement","62","62","62"
"22789","408.496199090","ipcas_21:73:27","150","1","390","TIED13CTRL/LLN0$Status","1","1","0"
"22790","408.496202035","ipcas_21:73:27","150","1","390","TIED13PROT/LLN0$Alarm","1","",""
"22791","408.496202771","ipcas_21:73:27","202","1","390","TIED13MEAS/LLN0$Measurement","63","64","60"
"22845","409.534193043","ipcas_21:73:27","150","1","391","TIED13CTRL/LLN0$Status","1","1","0"
"22846","409.534199328","ipcas_21:73:27","150","1","391","TIED13PROT/LLN0$Alarm","1","",""
"22847","409.534563257","ipcas_21:73:27","202","1","391","TIED13MEAS/LLN0$Measurement","62","62","63"
"22902","410.572232874","ipcas_21:73:27","150","1","392","TIED13CTRL/LLN0$Status","1","1","0"
"22903","410.572237176","ipcas_21:73:27","150","1","392","TIED13PROT/LLN0$Alarm","1","",""
"22904","410.572237884","ipcas_21:73:27","202","1","392","TIED13MEAS/LLN0$Measurement","63","60","60"
"22971","411.772163611","ipcas_21:73:27","150","1","393","TIED13CTRL/LLN0$Status","1","1","0"
"22972","411.772171594","ipcas_21:73:27","150","1","393","TIED13PROT/LLN0$Alarm","1","",""
"22973","411.772475513","ipcas_21:73:27","202","1","393","TIED13MEAS/LLN0$Measurement","62","62","62"
"23067","412.822650003","ipcas_21:73:27","150","1","394","TIED13CTRL/LLN0$Status","1","1","0"
"23068","412.822655355","ipcas_21:73:27","150","1","394","TIED13PROT/LLN0$Alarm","1","",""
"23069","412.822656343","ipcas_21:73:27","202","1","394","TIED13MEAS/LLN0$Measurement","64","62","60"
"23190","413.846517424","ipcas_21:73:27","150","1","395","TIED13CTRL/LLN0$Status","1","1","0"
"23191","413.846750913","ipcas_21:73:27","150","1","395","TIED13PROT/LLN0$Alarm","1","",""
"23192","413.847056393","ipcas_21:73:27","202","1","395","TIED13MEAS/LLN0$Measurement","60","62","62"
"23317","414.885930186","ipcas_21:73:27","150","1","396","TIED13CTRL/LLN0$Status","1","1","0"
"23318","414.885935054","ipcas_21:73:27","150","1","396","TIED13PROT/LLN0$Alarm","1","",""
"23319","414.886208013","ipcas_21:73:27","202","1","396","TIED13MEAS/LLN0$Measurement","65","62","62"
"23394","415.936158524","ipcas_21:73:27","150","1","397","TIED13CTRL/LLN0$Status","1","1","0"
"23395","415.936161619","ipcas_21:73:27","150","1","397","TIED13PROT/LLN0$Alarm","1","",""
"23396","415.936162079","ipcas_21:73:27","202","1","397","TIED13MEAS/LLN0$Measurement","61","62","61"
"23461","417.080474528","ipcas_21:73:27","150","1","398","TIED13CTRL/LLN0$Status","1","1","0"
"23462","417.080481611","ipcas_21:73:27","150","1","398","TIED13PROT/LLN0$Alarm","1","",""
"23463","417.080483793","ipcas_21:73:27","202","1","398","TIED13MEAS/LLN0$Measurement","62","63","59"
"23545","418.115373684","ipcas_21:73:27","150","1","399","TIED13CTRL/LLN0$Status","1","1","0"
"23546","418.116144413","ipcas_21:73:27","150","1","399","TIED13PROT/LLN0$Alarm","1","",""
"23547","418.116152555","ipcas_21:73:27","202","1","399","TIED13MEAS/LLN0$Measurement","60","60","62"
"23633","419.160390005","ipcas_21:73:27","150","1","400","TIED13CTRL/LLN0$Status","1","1","0"
"23634","419.160913647","ipcas_21:73:27","150","1","400","TIED13PROT/LLN0$Alarm","1","",""
"23635","419.161329631","ipcas_21:73:27","202","1","400","TIED13MEAS/LLN0$Measurement","60","62","60"
"23739","420.199923942","ipcas_21:73:27","150","1","401","TIED13CTRL/LLN0$Status","1","1","0"
"23740","420.200466288","ipcas_21:73:27","150","1","401","TIED13PROT/LLN0$Alarm","1","",""
"23741","420.200469067","ipcas_21:73:27","202","1","401","TIED13MEAS/LLN0$Measurement","62","65","62"
"23835","421.250196128","ipcas_21:73:27","150","1","402","TIED13CTRL/LLN0$Status","1","1","0"
"23836","421.250371253","ipcas_21:73:27","150","1","402","TIED13PROT/LLN0$Alarm","1","",""
"23837","421.250588940","ipcas_21:73:27","202","1","402","TIED13MEAS/LLN0$Measurement","59","63","60"
"23898","422.270912063","ipcas_21:73:27","150","1","403","TIED13CTRL/LLN0$Status","1","1","0"
"23899","422.270914746","ipcas_21:73:27","150","1","403","TIED13PROT/LLN0$Alarm","1","",""
"23900","422.271078852","ipcas_21:73:27","202","1","403","TIED13MEAS/LLN0$Measurement","62","64","65"
"23960","423.302809924","ipcas_21:73:27","150","1","404","TIED13CTRL/LLN0$Status","1","1","0"
"23961","423.303126842","ipcas_21:73:27","150","1","404","TIED13PROT/LLN0$Alarm","1","",""
"23962","423.303751890","ipcas_21:73:27","202","1","404","TIED13MEAS/LLN0$Measurement","62","60","60"
"24023","424.347647773","ipcas_21:73:27","150","1","405","TIED13CTRL/LLN0$Status","1","1","0"
"24024","424.347902367","ipcas_21:73:27","150","1","405","TIED13PROT/LLN0$Alarm","1","",""
"24025","424.348272133","ipcas_21:73:27","202","1","405","TIED13MEAS/LLN0$Measurement","61","62","62"
"24080","425.391108858","ipcas_21:73:27","150","1","406","TIED13CTRL/LLN0$Status","1","1","0"
"24081","425.391112228","ipcas_21:73:27","150","1","406","TIED13PROT/LLN0$Alarm","1","",""
"24082","425.391274064","ipcas_21:73:27","202","1","406","TIED13MEAS/LLN0$Measurement","64","62","64"
"24136","426.429306410","ipcas_21:73:27","150","1","407","TIED13CTRL/LLN0$Status","1","1","0"
"24137","426.429307873","ipcas_21:73:27","150","1","407","TIED13PROT/LLN0$Alarm","1","",""
"24138","426.429309223","ipcas_21:73:27","202","1","407","TIED13MEAS/LLN0$Measurement","62","64","62"
"24197","427.459125741","ipcas_21:73:27","150","1","408","TIED13CTRL/LLN0$Status","1","1","0"
"24198","427.459128754","ipcas_21:73:27","150","1","408","TIED13PROT/LLN0$Alarm","1","",""
"24199","427.459129564","ipcas_21:73:27","202","1","408","TIED13MEAS/LLN0$Measurement","62","62","63"
"24255","428.492414846","ipcas_21:73:27","150","1","409","TIED13CTRL/LLN0$Status","1","1","0"
"24256","428.492415654","ipcas_21:73:27","150","1","409","TIED13PROT/LLN0$Alarm","1","",""
"24257","428.492416513","ipcas_21:73:27","202","1","409","TIED13MEAS/LLN0$Measurement","62","63","62"
"24317","429.521726753","ipcas_21:73:27","150","1","410","TIED13CTRL/LLN0$Status","1","1","0"
"24318","429.522464173","ipcas_21:73:27","150","1","410","TIED13PROT/LLN0$Alarm","1","",""
"24319","429.523055521","ipcas_21:73:27","202","1","410","TIED13MEAS/LLN0$Measurement","64","63","62"
"24372","430.558637161","ipcas_21:73:27","150","1","411","TIED13CTRL/LLN0$Status","1","1","0"
"24373","430.558638418","ipcas_21:73:27","150","1","411","TIED13PROT/LLN0$Alarm","1","",""
"24374","430.558639340","ipcas_21:73:27","202","1","411","TIED13MEAS/LLN0$Measurement","61","61","64"
"24426","431.594763254","ipcas_21:73:27","150","1","412","TIED13CTRL/LLN0$Status","1","1","0"
"24427","431.595020736","ipcas_21:73:27","150","1","412","TIED13PROT/LLN0$Alarm","1","",""
"24428","431.595337755","ipcas_21:73:27","202","1","412","TIED13MEAS/LLN0$Measurement","60","64","60"
"24482","432.635525871","ipcas_21:73:27","150","1","413","TIED13CTRL/LLN0$Status","1","1","0"
"24483","432.635529726","ipcas_21:73:27","150","1","413","TIED13PROT/LLN0$Alarm","1","",""
"24484","432.635531233","ipcas_21:73:27","202","1","413","TIED13MEAS/LLN0$Measurement","64","61","62"
"24538","433.670146074","ipcas_21:73:27","150","1","414","TIED13CTRL/LLN0$Status","1","1","0"
"24539","433.672115225","ipcas_21:73:27","150","1","414","TIED13PROT/LLN0$Alarm","1","",""
"24540","433.672118659","ipcas_21:73:27","202","1","414","TIED13MEAS/LLN0$Measurement","60","62","60"
"24595","434.711278869","ipcas_21:73:27","150","1","415","TIED13CTRL/LLN0$Status","1","1","0"
"24596","434.711945528","ipcas_21:73:27","150","1","415","TIED13PROT/LLN0$Alarm","1","",""
"24597","434.712661104","ipcas_21:73:27","202","1","415","TIED13MEAS/LLN0$Measurement","59","64","64"
"24651","435.739972736","ipcas_21:73:27","150","1","416","TIED13CTRL/LLN0$Status","1","1","0"
"24652","435.739974982","ipcas_21:73:27","150","1","416","TIED13PROT/LLN0$Alarm","1","",""
"24653","435.739975600","ipcas_21:73:27","202","1","416","TIED13MEAS/LLN0$Measurement","61","59","64"
"24708","436.777683436","ipcas_21:73:27","150","1","417","TIED13CTRL/LLN0$Status","1","1","0"
"24709","436.778280494","ipcas_21:73:27","150","1","417","TIED13PROT/LLN0$Alarm","1","",""
"24710","436.778681324","ipcas_21:73:27","202","1","417","TIED13MEAS/LLN0$Measurement","62","61","60"
"24766","437.819829948","ipcas_21:73:27","150","1","418","TIED13CTRL/LLN0$Status","1","1","0"
"24767","437.820268754","ipcas_21:73:27","150","1","418","TIED13PROT/LLN0$Alarm","1","",""
"24768","437.820910273","ipcas_21:73:27","202","1","418","TIED13MEAS/LLN0$Measurement","62","62","63"
"24854","438.857811295","ipcas_21:73:27","150","1","419","TIED13CTRL/LLN0$Status","1","1","0"
"24855","438.858191384","ipcas_21:73:27","150","1","419","TIED13PROT/LLN0$Alarm","1","",""
"24856","438.858194472","ipcas_21:73:27","202","1","419","TIED13MEAS/LLN0$Measurement","62","62","63"
"24913","439.893440618","ipcas_21:73:27","150","1","420","TIED13CTRL/LLN0$Status","1","1","0"
"24914","439.893446448","ipcas_21:73:27","150","1","420","TIED13PROT/LLN0$Alarm","1","",""
"24915","439.893447788","ipcas_21:73:27","202","1","420","TIED13MEAS/LLN0$Measurement","61","62","62"
"24969","440.937477184","ipcas_21:73:27","150","1","421","TIED13CTRL/LLN0$Status","1","1","0"
"24970","440.937484998","ipcas_21:73:27","150","1","421","TIED13PROT/LLN0$Alarm","1","",""
"24971","440.937486482","ipcas_21:73:27","202","1","421","TIED13MEAS/LLN0$Measurement","62","62","61"
"25024","441.976827522","ipcas_21:73:27","150","1","422","TIED13CTRL/LLN0$Status","1","1","0"
"25025","441.976831118","ipcas_21:73:27","150","1","422","TIED13PROT/LLN0$Alarm","1","",""
"25026","441.977461652","ipcas_21:73:27","202","1","422","TIED13MEAS/LLN0$Measurement","62","62","62"
"25080","443.016443002","ipcas_21:73:27","150","1","423","TIED13CTRL/LLN0$Status","1","1","0"
"25081","443.016446252","ipcas_21:73:27","150","1","423","TIED13PROT/LLN0$Alarm","1","",""
"25082","443.016446620","ipcas_21:73:27","202","1","423","TIED13MEAS/LLN0$Measurement","61","64","62"
"25134","444.040413963","ipcas_21:73:27","150","1","424","TIED13CTRL/LLN0$Status","1","1","0"
"25135","444.040414335","ipcas_21:73:27","150","1","424","TIED13PROT/LLN0$Alarm","1","",""
"25136","444.040414758","ipcas_21:73:27","202","1","424","TIED13MEAS/LLN0$Measurement","64","63","62"
"25192","445.068640336","ipcas_21:73:27","150","1","425","TIED13CTRL/LLN0$Status","1","1","0"
"25193","445.068774970","ipcas_21:73:27","150","1","425","TIED13PROT/LLN0$Alarm","1","",""
"25194","445.068911402","ipcas_21:73:27","202","1","425","TIED13MEAS/LLN0$Measurement","60","60","63"
"25249","446.091390543","ipcas_21:73:27","150","1","426","TIED13CTRL/LLN0$Status","1","1","0"
"25250","446.091391716","ipcas_21:73:27","150","1","426","TIED13PROT/LLN0$Alarm","1","",""
"25251","446.091392604","ipcas_21:73:27","202","1","426","TIED13MEAS/LLN0$Measurement","59","62","62"
"25305","447.119093891","ipcas_21:73:27","150","1","427","TIED13CTRL/LLN0$Status","1","1","0"
"25306","447.119098032","ipcas_21:73:27","150","1","427","TIED13PROT/LLN0$Alarm","1","",""
"25307","447.119099109","ipcas_21:73:27","202","1","427","TIED13MEAS/LLN0$Measurement","61","62","65"
"25359","448.156210010","ipcas_21:73:27","150","1","428","TIED13CTRL/LLN0$Status","1","1","0"
"25360","448.156697575","ipcas_21:73:27","150","1","428","TIED13PROT/LLN0$Alarm","1","",""
"25361","448.156946022","ipcas_21:73:27","202","1","428","TIED13MEAS/LLN0$Measurement","63","59","64"
"25414","449.194179811","ipcas_21:73:27","150","1","429","TIED13CTRL/LLN0$Status","1","1","0"
"25415","449.194228590","ipcas_21:73:27","150","1","429","TIED13PROT/LLN0$Alarm","1","",""
"25416","449.194232244","ipcas_21:73:27","202","1","429","TIED13MEAS/LLN0$Measurement","60","63","62"
"25469","450.223429002","ipcas_21:73:27","150","1","430","TIED13CTRL/LLN0$Status","1","1","0"
"25470","450.224066869","ipcas_21:73:27","150","1","430","TIED13PROT/LLN0$Alarm","1","",""
"25471","450.224586232","ipcas_21:73:27","202","1","430","TIED13MEAS/LLN0$Measurement","62","65","65"
"25525","451.263907023","ipcas_21:73:27","150","1","431","TIED13CTRL/LLN0$Status","1","1","0"
"25526","451.263911952","ipcas_21:73:27","150","1","431","TIED13PROT/LLN0$Alarm","1","",""
"25527","451.263912556","ipcas_21:73:27","202","1","431","TIED13MEAS/LLN0$Measurement","62","61","62"
"25581","452.291013641","ipcas_21:73:27","150","1","432","TIED13CTRL/LLN0$Status","1","1","0"
"25582","452.291014703","ipcas_21:73:27","150","1","432","TIED13PROT/LLN0$Alarm","1","",""
"25583","452.291016036","ipcas_21:73:27","202","1","432","TIED13MEAS/LLN0$Measurement","62","61","61"
"25636","453.318552084","ipcas_21:73:27","150","1","433","TIED13CTRL/LLN0$Status","1","1","0"
"25637","453.318555743","ipcas_21:73:27","150","1","433","TIED13PROT/LLN0$Alarm","1","",""
"25638","453.318556481","ipcas_21:73:27","202","1","433","TIED13MEAS/LLN0$Measurement","60","63","61"
"25690","454.353398797","ipcas_21:73:27","150","1","434","TIED13CTRL/LLN0$Status","1","1","0"
"25691","454.353404510","ipcas_21:73:27","150","1","434","TIED13PROT/LLN0$Alarm","1","",""
"25692","454.353825607","ipcas_21:73:27","202","1","434","TIED13MEAS/LLN0$Measurement","60","65","62"
"25743","455.412556717","ipcas_21:73:27","150","1","435","TIED13CTRL/LLN0$Status","1","1","0"
"25744","455.412559708","ipcas_21:73:27","150","1","435","TIED13PROT/LLN0$Alarm","1","",""
"25745","455.412560281","ipcas_21:73:27","202","1","435","TIED13MEAS/LLN0$Measurement","63","61","59"
"25798","456.465022752","ipcas_21:73:27","150","1","436","TIED13CTRL/LLN0$Status","1","1","0"
"25799","456.465027234","ipcas_21:73:27","150","1","436","TIED13PROT/LLN0$Alarm","1","",""
"25800","456.465027951","ipcas_21:73:27","202","1","436","TIED13MEAS/LLN0$Measurement","64","62","62"
"25853","457.512370324","ipcas_21:73:27","150","1","437","TIED13CTRL/LLN0$Status","1","1","0"
"25854","457.512373672","ipcas_21:73:27","150","1","437","TIED13PROT/LLN0$Alarm","1","",""
"25855","457.512374542","ipcas_21:73:27","202","1","437","TIED13MEAS/LLN0$Measurement","64","59","62"
"25950","458.546729363","ipcas_21:73:27","150","1","438","TIED13CTRL/LLN0$Status","1","1","0"
"25951","458.546735067","ipcas_21:73:27","150","1","438","TIED13PROT/LLN0$Alarm","1","",""
"25952","458.546735768","ipcas_21:73:27","202","1","438","TIED13MEAS/LLN0$Measurement","62","62","62"
"26046","459.565155376","ipcas_21:73:27","150","1","439","TIED13CTRL/LLN0$Status","1","1","0"
"26047","459.565156220","ipcas_21:73:27","150","1","439","TIED13PROT/LLN0$Alarm","1","",""
"26048","459.565156548","ipcas_21:73:27","202","1","439","TIED13MEAS/LLN0$Measurement","61","62","62"
"26168","460.604294768","ipcas_21:73:27","150","1","440","TIED13CTRL/LLN0$Status","1","1","0"
"26169","460.604295923","ipcas_21:73:27","150","1","440","TIED13PROT/LLN0$Alarm","1","",""
"26170","460.605088027","ipcas_21:73:27","202","1","440","TIED13MEAS/LLN0$Measurement","62","62","59"
"26240","461.636137792","ipcas_21:73:27","150","1","441","TIED13CTRL/LLN0$Status","1","1","0"
"26241","461.636138259","ipcas_21:73:27","150","1","441","TIED13PROT/LLN0$Alarm","1","",""
"26242","461.636139146","ipcas_21:73:27","202","1","441","TIED13MEAS/LLN0$Measurement","59","60","61"
"26301","462.658084264","ipcas_21:73:27","150","1","442","TIED13CTRL/LLN0$Status","1","1","0"
"26302","462.658087575","ipcas_21:73:27","150","1","442","TIED13PROT/LLN0$Alarm","1","",""
"26303","462.658088427","ipcas_21:73:27","202","1","442","TIED13MEAS/LLN0$Measurement","62","65","59"
"26373","463.741778837","ipcas_21:73:27","150","1","443","TIED13CTRL/LLN0$Status","1","1","0"
"26374","463.741779172","ipcas_21:73:27","150","1","443","TIED13PROT/LLN0$Alarm","1","",""
"26375","463.741779668","ipcas_21:73:27","202","1","443","TIED13MEAS/LLN0$Measurement","64","63","62"
"26436","464.746914381","ipcas_21:73:27","150","1","444","TIED13CTRL/LLN0$Status","1","1","0"
"26437","464.746917246","ipcas_21:73:27","150","1","444","TIED13PROT/LLN0$Alarm","1","",""
"26438","464.746917619","ipcas_21:73:27","202","1","444","TIED13MEAS/LLN0$Measurement","62","59","62"
"26489","465.771702953","ipcas_21:73:27","150","1","445","TIED13CTRL/LLN0$Status","1","1","0"
"26490","465.771705815","ipcas_21:73:27","150","1","445","TIED13PROT/LLN0$Alarm","1","",""
"26491","465.771706772","ipcas_21:73:27","202","1","445","TIED13MEAS/LLN0$Measurement","59","62","64"
"26549","466.810215711","ipcas_21:73:27","150","1","446","TIED13CTRL/LLN0$Status","1","1","0"
"26550","466.810906674","ipcas_21:73:27","150","1","446","TIED13PROT/LLN0$Alarm","1","",""
"26551","466.811577401","ipcas_21:73:27","202","1","446","TIED13MEAS/LLN0$Measurement","60","64","62"
"26608","467.864265783","ipcas_21:73:27","150","1","447","TIED13CTRL/LLN0$Status","1","1","0"
"26609","467.864272615","ipcas_21:73:27","150","1","447","TIED13PROT/LLN0$Alarm","1","",""
"26610","467.864274629","ipcas_21:73:27","202","1","447","TIED13MEAS/LLN0$Measurement","64","63","62"
"26670","468.884642449","ipcas_21:73:27","150","1","448","TIED13CTRL/LLN0$Status","1","1","0"
"26671","468.884643390","ipcas_21:73:27","150","1","448","TIED13PROT/LLN0$Alarm","1","",""
"26672","468.884643734","ipcas_21:73:27","202","1","448","TIED13MEAS/LLN0$Measurement","64","65","62"
"26724","469.915028379","ipcas_21:73:27","150","1","449","TIED13CTRL/LLN0$Status","1","1","0"
"26725","469.915029857","ipcas_21:73:27","150","1","449","TIED13PROT/LLN0$Alarm","1","",""
"26726","469.915030190","ipcas_21:73:27","202","1","449","TIED13MEAS/LLN0$Measurement","60","62","63"
"26777","470.956198694","ipcas_21:73:27","150","1","450","TIED13CTRL/LLN0$Status","1","1","0"
"26778","470.956217746","ipcas_21:73:27","150","1","450","TIED13PROT/LLN0$Alarm","1","",""
"26779","470.956230016","ipcas_21:73:27","202","1","450","TIED13MEAS/LLN0$Measurement","62","62","62"
"26830","471.997619563","ipcas_21:73:27","150","1","451","TIED13CTRL/LLN0$Status","1","1","0"
"26831","471.997626399","ipcas_21:73:27","150","1","451","TIED13PROT/LLN0$Alarm","1","",""
"26832","471.997627608","ipcas_21:73:27","202","1","451","TIED13MEAS/LLN0$Measurement","63","62","62"
"26884","473.053572464","ipcas_21:73:27","150","1","452","TIED13CTRL/LLN0$Status","1","1","0"
"26885","473.053572898","ipcas_21:73:27","150","1","452","TIED13PROT/LLN0$Alarm","1","",""
"26886","473.053573292","ipcas_21:73:27","202","1","452","TIED13MEAS/LLN0$Measurement","60","63","62"
"26940","474.079945287","ipcas_21:73:27","150","1","453","TIED13CTRL/LLN0$Status","1","1","0"
"26941","474.079946372","ipcas_21:73:27","150","1","453","TIED13PROT/LLN0$Alarm","1","",""
"26942","474.079947051","ipcas_21:73:27","202","1","453","TIED13MEAS/LLN0$Measurement","59","65","63"
"26996","475.209714444","ipcas_21:73:27","150","1","454","TIED13CTRL/LLN0$Status","1","1","0"
"26997","475.209717002","ipcas_21:73:27","150","1","454","TIED13PROT/LLN0$Alarm","1","",""
"26998","475.209956326","ipcas_21:73:27","202","1","454","TIED13MEAS/LLN0$Measurement","62","62","61"
"27050","476.239558523","ipcas_21:73:27","150","1","455","TIED13CTRL/LLN0$Status","1","1","0"
"27051","476.239665472","ipcas_21:73:27","150","1","455","TIED13PROT/LLN0$Alarm","1","",""
"27052","476.239823165","ipcas_21:73:27","202","1","455","TIED13MEAS/LLN0$Measurement","62","62","64"
"27103","477.271519838","ipcas_21:73:27","150","1","456","TIED13CTRL/LLN0$Status","1","1","0"
"27104","477.271712131","ipcas_21:73:27","150","1","456","TIED13PROT/LLN0$Alarm","1","",""
"27105","477.271969271","ipcas_21:73:27","202","1","456","TIED13MEAS/LLN0$Measurement","62","60","61"
"27157","478.299817402","ipcas_21:73:27","150","1","457","TIED13CTRL/LLN0$Status","1","1","0"
"27158","478.299821138","ipcas_21:73:27","150","1","457","TIED13PROT/LLN0$Alarm","1","",""
"27159","478.299821487","ipcas_21:73:27","202","1","457","TIED13MEAS/LLN0$Measurement","62","62","61"
"27210","479.333323438","ipcas_21:73:27","150","1","458","TIED13CTRL/LLN0$Status","1","1","0"
"27211","479.333334488","ipcas_21:73:27","150","1","458","TIED13PROT/LLN0$Alarm","1","",""
"27212","479.333335270","ipcas_21:73:27","202","1","458","TIED13MEAS/LLN0$Measurement","61","62","62"
"27265","480.370915638","ipcas_21:73:27","150","1","459","TIED13CTRL/LLN0$Status","1","1","0"
"27266","480.371339689","ipcas_21:73:27","150","1","459","TIED13PROT/LLN0$Alarm","1","",""
"27267","480.371342635","ipcas_21:73:27","202","1","459","TIED13MEAS/LLN0$Measurement","60","59","63"
"27319","481.411085437","ipcas_21:73:27","150","1","460","TIED13CTRL/LLN0$Status","1","1","0"
"27320","481.411086196","ipcas_21:73:27","150","1","460","TIED13PROT/LLN0$Alarm","1","",""
"27321","481.411087033","ipcas_21:73:27","202","1","460","TIED13MEAS/LLN0$Measurement","62","62","62"
"27374","482.444979369","ipcas_21:73:27","150","1","461","TIED13CTRL/LLN0$Status","1","1","0"
"27375","482.445314468","ipcas_21:73:27","150","1","461","TIED13PROT/LLN0$Alarm","1","",""
"27376","482.445317181","ipcas_21:73:27","202","1","461","TIED13MEAS/LLN0$Measurement","62","62","60"
"27429","483.498146592","ipcas_21:73:27","150","1","462","TIED13CTRL/LLN0$Status","1","1","0"
"27430","483.498153456","ipcas_21:73:27","150","1","462","TIED13PROT/LLN0$Alarm","1","",""
"27431","483.498153869","ipcas_21:73:27","202","1","462","TIED13MEAS/LLN0$Measurement","64","62","60"
"27482","484.545721548","ipcas_21:73:27","150","1","463","TIED13CTRL/LLN0$Status","1","1","0"
"27483","484.545725402","ipcas_21:73:27","150","1","463","TIED13PROT/LLN0$Alarm","1","",""
"27484","484.545725903","ipcas_21:73:27","202","1","463","TIED13MEAS/LLN0$Measurement","62","64","59"
"27536","485.562885501","ipcas_21:73:27","150","1","464","TIED13CTRL/LLN0$Status","1","1","0"
"27537","485.562888528","ipcas_21:73:27","150","1","464","TIED13PROT/LLN0$Alarm","1","",""
"27538","485.563404456","ipcas_21:73:27","202","1","464","TIED13MEAS/LLN0$Measurement","60","61","60"
"27590","486.615295045","ipcas_21:73:27","150","1","465","TIED13CTRL/LLN0$Status","1","1","0"
"27591","486.615749829","ipcas_21:73:27","150","1","465","TIED13PROT/LLN0$Alarm","1","",""
"27592","486.615753224","ipcas_21:73:27","202","1","465","TIED13MEAS/LLN0$Measurement","64","59","64"
"27643","487.653653683","ipcas_21:73:27","150","1","466","TIED13CTRL/LLN0$Status","1","1","0"
"27644","487.653862062","ipcas_21:73:27","150","1","466","TIED13PROT/LLN0$Alarm","1","",""
"27645","487.654045496","ipcas_21:73:27","202","1","466","TIED13MEAS/LLN0$Measurement","62","62","63"
"27697","488.707347951","ipcas_21:73:27","150","1","467","TIED13CTRL/LLN0$Status","1","1","0"
"27698","488.707348762","ipcas_21:73:27","150","1","467","TIED13PROT/LLN0$Alarm","1","",""
"27699","488.707350116","ipcas_21:73:27","202","1","467","TIED13MEAS/LLN0$Measurement","61","64","59"
"27751","489.757631065","ipcas_21:73:27","150","1","468","TIED13CTRL/LLN0$Status","1","1","0"
"27752","489.757928318","ipcas_21:73:27","150","1","468","TIED13PROT/LLN0$Alarm","1","",""
"27753","489.758148649","ipcas_21:73:27","202","1","468","TIED13MEAS/LLN0$Measurement","63","62","62"
"27809","490.800115461","ipcas_21:73:27","150","1","469","TIED13CTRL/LLN0$Status","1","1","0"
"27810","490.800121682","ipcas_21:73:27","150","1","469","TIED13PROT/LLN0$Alarm","1","",""
"27811","490.800123042","ipcas_21:73:27","202","1","469","TIED13MEAS/LLN0$Measurement","63","62","61"
"27863","491.865281882","ipcas_21:73:27","150","1","470","TIED13CTRL/LLN0$Status","1","1","0"
"27864","491.865289184","ipcas_21:73:27","150","1","470","TIED13PROT/LLN0$Alarm","1","",""
"27865","491.865289942","ipcas_21:73:27","202","1","470","TIED13MEAS/LLN0$Measurement","62","64","59"
"27918","492.929371378","ipcas_21:73:27","150","1","471","TIED13CTRL/LLN0$Status","1","1","0"
"27919","492.929377051","ipcas_21:73:27","150","1","471","TIED13PROT/LLN0$Alarm","1","",""
"27920","492.929378208","ipcas_21:73:27","202","1","471","TIED13MEAS/LLN0$Measurement","62","60","61"
"27972","493.950672966","ipcas_21:73:27","150","1","472","TIED13CTRL/LLN0$Status","1","1","0"
"27973","493.952884702","ipcas_21:73:27","150","1","472","TIED13PROT/LLN0$Alarm","1","",""
"27974","493.952888099","ipcas_21:73:27","202","1","472","TIED13MEAS/LLN0$Measurement","62","62","62"
"28025","494.984349233","ipcas_21:73:27","150","1","473","TIED13CTRL/LLN0$Status","1","1","0"
"28026","494.984354378","ipcas_21:73:27","150","1","473","TIED13PROT/LLN0$Alarm","1","",""
"28027","494.984355304","ipcas_21:73:27","202","1","473","TIED13MEAS/LLN0$Measurement","64","62","62"
"28078","496.005525648","ipcas_21:73:27","150","1","474","TIED13CTRL/LLN0$Status","1","1","0"
"28079","496.005525987","ipcas_21:73:27","150","1","474","TIED13PROT/LLN0$Alarm","1","",""
"28080","496.005526281","ipcas_21:73:27","202","1","474","TIED13MEAS/LLN0$Measurement","62","60","63"
"28132","497.031357260","ipcas_21:73:27","150","1","475","TIED13CTRL/LLN0$Status","1","1","0"
"28133","497.031478785","ipcas_21:73:27","150","1","475","TIED13PROT/LLN0$Alarm","1","",""
"28134","497.031481351","ipcas_21:73:27","202","1","475","TIED13MEAS/LLN0$Measurement","61","62","65"
"28185","498.073965395","ipcas_21:73:27","150","1","476","TIED13CTRL/LLN0$Status","1","1","0"
"28186","498.073965773","ipcas_21:73:27","150","1","476","TIED13PROT/LLN0$Alarm","1","",""
"28187","498.073966111","ipcas_21:73:27","202","1","476","TIED13MEAS/LLN0$Measurement","61","61","61"
"28239","499.095152017","ipcas_21:73:27","150","1","477","TIED13CTRL/LLN0$Status","1","1","0"
"28240","499.095155055","ipcas_21:73:27","150","1","477","TIED13PROT/LLN0$Alarm","1","",""
"28241","499.095155847","ipcas_21:73:27","202","1","477","TIED13MEAS/LLN0$Measurement","60","63","62"
"28292","500.131058175","ipcas_21:73:27","150","1","478","TIED13CTRL/LLN0$Status","1","1","0"
"28293","500.131066440","ipcas_21:73:27","150","1","478","TIED13PROT/LLN0$Alarm","1","",""
"28294","500.131067531","ipcas_21:73:27","202","1","478","TIED13MEAS/LLN0$Measurement","62","62","63"
"28345","501.164615385","ipcas_21:73:27","150","1","479","TIED13CTRL/LLN0$Status","1","1","0"
"28346","501.164701469","ipcas_21:73:27","150","1","479","TIED13PROT/LLN0$Alarm","1","",""
"28347","501.164975604","ipcas_21:73:27","202","1","479","TIED13MEAS/LLN0$Measurement","62","59","64"
"28400","502.203748653","ipcas_21:73:27","150","1","480","TIED13CTRL/LLN0$Status","1","1","0"
"28401","502.204140479","ipcas_21:73:27","150","1","480","TIED13PROT/LLN0$Alarm","1","",""
"28402","502.204589036","ipcas_21:73:27","202","1","480","TIED13MEAS/LLN0$Measurement","65","62","65"
"28453","503.256418629","ipcas_21:73:27","150","1","481","TIED13CTRL/LLN0$Status","1","1","0"
"28454","503.256424054","ipcas_21:73:27","150","1","481","TIED13PROT/LLN0$Alarm","1","",""
"28455","503.256425094","ipcas_21:73:27","202","1","481","TIED13MEAS/LLN0$Measurement","62","65","60"
"28523","504.291616767","ipcas_21:73:27","150","1","482","TIED13CTRL/LLN0$Status","1","1","0"
"28524","504.291888814","ipcas_21:73:27","150","1","482","TIED13PROT/LLN0$Alarm","1","",""
"28525","504.291892480","ipcas_21:73:27","202","1","482","TIED13MEAS/LLN0$Measurement","61","62","62"
"28578","505.335764407","ipcas_21:73:27","150","1","483","TIED13CTRL/LLN0$Status","1","1","0"
"28579","505.337538238","ipcas_21:73:27","150","1","483","TIED13PROT/LLN0$Alarm","1","",""
"28580","505.337541586","ipcas_21:73:27","202","1","483","TIED13MEAS/LLN0$Measurement","63","61","64"
"28631","506.358364633","ipcas_21:73:27","150","1","484","TIED13CTRL/LLN0$Status","1","1","0"
"28632","506.358512066","ipcas_21:73:27","150","1","484","TIED13PROT/LLN0$Alarm","1","",""
"28633","506.358829706","ipcas_21:73:27","202","1","484","TIED13MEAS/LLN0$Measurement","63","62","62"
"28684","507.387689592","ipcas_21:73:27","150","1","485","TIED13CTRL/LLN0$Status","1","1","0"
"28685","507.388911250","ipcas_21:73:27","150","1","485","TIED13PROT/LLN0$Alarm","1","",""
"28686","507.388916563","ipcas_21:73:27","202","1","485","TIED13MEAS/LLN0$Measurement","64","64","62"
"28737","508.429495686","ipcas_21:73:27","150","1","486","TIED13CTRL/LLN0$Status","1","1","0"
"28738","508.429500724","ipcas_21:73:27","150","1","486","TIED13PROT/LLN0$Alarm","1","",""
"28739","508.429501087","ipcas_21:73:27","202","1","486","TIED13MEAS/LLN0$Measurement","61","61","65"
"28790","509.474368598","ipcas_21:73:27","150","1","487","TIED13CTRL/LLN0$Status","1","1","0"
"28791","509.474369285","ipcas_21:73:27","150","1","487","TIED13PROT/LLN0$Alarm","1","",""
"28792","509.474370048","ipcas_21:73:27","202","1","487","TIED13MEAS/LLN0$Measurement","62","60","59"
"28843","510.515936873","ipcas_21:73:27","150","1","488","TIED13CTRL/LLN0$Status","1","1","0"
"28844","510.515940473","ipcas_21:73:27","150","1","488","TIED13PROT/LLN0$Alarm","1","",""
"28845","510.515941495","ipcas_21:73:27","202","1","488","TIED13MEAS/LLN0$Measurement","64","62","64"
"28896","511.554072188","ipcas_21:73:27","150","1","489","TIED13CTRL/LLN0$Status","1","1","0"
"28897","511.554547769","ipcas_21:73:27","150","1","489","TIED13PROT/LLN0$Alarm","1","",""
"28898","511.554769893","ipcas_21:73:27","202","1","489","TIED13MEAS/LLN0$Measurement","64","62","60"
"28949","512.579562394","ipcas_21:73:27","150","1","490","TIED13CTRL/LLN0$Status","1","1","0"
"28950","512.579566034","ipcas_21:73:27","150","1","490","TIED13PROT/LLN0$Alarm","1","",""
"28951","512.579566638","ipcas_21:73:27","202","1","490","TIED13MEAS/LLN0$Measurement","62","62","64"
"29002","513.619287629","ipcas_21:73:27","150","1","491","TIED13CTRL/LLN0$Status","1","1","0"
"29003","513.619291078","ipcas_21:73:27","150","1","491","TIED13PROT/LLN0$Alarm","1","",""
"29004","513.619435980","ipcas_21:73:27","202","1","491","TIED13MEAS/LLN0$Measurement","62","62","62"
"29055","514.638434347","ipcas_21:73:27","150","1","492","TIED13CTRL/LLN0$Status","1","1","0"
"29056","514.638437729","ipcas_21:73:27","150","1","492","TIED13PROT/LLN0$Alarm","1","",""
"29057","514.638438174","ipcas_21:73:27","202","1","492","TIED13MEAS/LLN0$Measurement","61","60","62"
"29108","515.669708472","ipcas_21:73:27","150","1","493","TIED13CTRL/LLN0$Status","1","1","0"
"29109","515.670351649","ipcas_21:73:27","150","1","493","TIED13PROT/LLN0$Alarm","1","",""
"29110","515.670355952","ipcas_21:73:27","202","1","493","TIED13MEAS/LLN0$Measurement","62","60","59"
"29161","516.708239734","ipcas_21:73:27","150","1","494","TIED13CTRL/LLN0$Status","1","1","0"
"29162","516.708240427","ipcas_21:73:27","150","1","494","TIED13PROT/LLN0$Alarm","1","",""
"29163","516.708241280","ipcas_21:73:27","202","1","494","TIED13MEAS/LLN0$Measurement","59","61","62"
"29214","517.733455324","ipcas_21:73:27","150","1","495","TIED13CTRL/LLN0$Status","1","1","0"
"29215","517.733506309","ipcas_21:73:27","150","1","495","TIED13PROT/LLN0$Alarm","1","",""
"29216","517.733981973","ipcas_21:73:27","202","1","495","TIED13MEAS/LLN0$Measurement","62","62","64"
"29267","518.779004459","ipcas_21:73:27","150","1","496","TIED13CTRL/LLN0$Status","1","1","0"
"29268","518.779009734","ipcas_21:73:27","150","1","496","TIED13PROT/LLN0$Alarm","1","",""
"29269","518.779010883","ipcas_21:73:27","202","1","496","TIED13MEAS/LLN0$Measurement","60","62","62"
"29320","519.830407748","ipcas_21:73:27","150","1","497","TIED13CTRL/LLN0$Status","1","1","0"
"29321","519.830417334","ipcas_21:73:27","150","1","497","TIED13PROT/LLN0$Alarm","1","",""
"29322","519.830418433","ipcas_21:73:27","202","1","497","TIED13MEAS/LLN0$Measurement","63","61","63"
"29373","520.862491256","ipcas_21:73:27","150","1","498","TIED13CTRL/LLN0$Status","1","1","0"
"29374","520.862497019","ipcas_21:73:27","150","1","498","TIED13PROT/LLN0$Alarm","1","",""
"29375","520.862498505","ipcas_21:73:27","202","1","498","TIED13MEAS/LLN0$Measurement","62","62","61"
"29426","521.924576750","ipcas_21:73:27","150","1","499","TIED13CTRL/LLN0$Status","1","1","0"
"29427","521.924577767","ipcas_21:73:27","150","1","499","TIED13PROT/LLN0$Alarm","1","",""
"29428","521.924578390","ipcas_21:73:27","202","1","499","TIED13MEAS/LLN0$Measurement","62","62","62"
"29479","523.011807024","ipcas_21:73:27","150","1","500","TIED13CTRL/LLN0$Status","1","1","0"
"29480","523.011813692","ipcas_21:73:27","150","1","500","TIED13PROT/LLN0$Alarm","1","",""
"29481","523.011814582","ipcas_21:73:27","202","1","500","TIED13MEAS/LLN0$Measurement","62","64","62"
"29532","524.050577838","ipcas_21:73:27","150","1","501","TIED13CTRL/LLN0$Status","1","1","0"
"29533","524.050578826","ipcas_21:73:27","150","1","501","TIED13PROT/LLN0$Alarm","1","",""
"29534","524.050579963","ipcas_21:73:27","202","1","501","TIED13MEAS/LLN0$Measurement","61","62","65"
"29585","525.076592031","ipcas_21:73:27","150","1","502","TIED13CTRL/LLN0$Status","1","1","0"
"29586","525.076595985","ipcas_21:73:27","150","1","502","TIED13PROT/LLN0$Alarm","1","",""
"29587","525.076596822","ipcas_21:73:27","202","1","502","TIED13MEAS/LLN0$Measurement","60","62","64"
"29638","526.098924122","ipcas_21:73:27","150","1","503","TIED13CTRL/LLN0$Status","1","1","0"
"29639","526.098929738","ipcas_21:73:27","150","1","503","TIED13PROT/LLN0$Alarm","1","",""
"29640","526.099748898","ipcas_21:73:27","202","1","503","TIED13MEAS/LLN0$Measurement","62","61","59"
"29691","527.147837178","ipcas_21:73:27","150","1","504","TIED13CTRL/LLN0$Status","1","1","0"
"29692","527.147846307","ipcas_21:73:27","150","1","504","TIED13PROT/LLN0$Alarm","1","",""
"29693","527.147847439","ipcas_21:73:27","202","1","504","TIED13MEAS/LLN0$Measurement","62","61","62"
"29744","528.182702882","ipcas_21:73:27","150","1","505","TIED13CTRL/LLN0$Status","1","1","0"
"29745","528.182708899","ipcas_21:73:27","150","1","505","TIED13PROT/LLN0$Alarm","1","",""
"29746","528.184331626","ipcas_21:73:27","202","1","505","TIED13MEAS/LLN0$Measurement","61","62","62"
"29797","529.239782306","ipcas_21:73:27","150","1","506","TIED13CTRL/LLN0$Status","1","1","0"
"29798","529.239787325","ipcas_21:73:27","150","1","506","TIED13PROT/LLN0$Alarm","1","",""
"29799","529.239788483","ipcas_21:73:27","202","1","506","TIED13MEAS/LLN0$Measurement","62","60","62"
"29850","530.280171416","ipcas_21:73:27","150","1","507","TIED13CTRL/LLN0$Status","1","1","0"
"29851","530.280175997","ipcas_21:73:27","150","1","507","TIED13PROT/LLN0$Alarm","1","",""
"29852","530.280176919","ipcas_21:73:27","202","1","507","TIED13MEAS/LLN0$Measurement","63","62","62"
"29903","531.327033868","ipcas_21:73:27","150","1","508","TIED13CTRL/LLN0$Status","1","1","0"
"29904","531.327034129","ipcas_21:73:27","150","1","508","TIED13PROT/LLN0$Alarm","1","",""
"29905","531.327034705","ipcas_21:73:27","202","1","508","TIED13MEAS/LLN0$Measurement","62","64","61"
"29956","532.351093968","ipcas_21:73:27","150","1","509","TIED13CTRL/LLN0$Status","1","1","0"
"29957","532.351099728","ipcas_21:73:27","150","1","509","TIED13PROT/LLN0$Alarm","1","",""
"29958","532.351100723","ipcas_21:73:27","202","1","509","TIED13MEAS/LLN0$Measurement","62","62","64"
"30009","533.398615550","ipcas_21:73:27","150","1","510","TIED13CTRL/LLN0$Status","1","1","0"
"30010","533.398623913","ipcas_21:73:27","150","1","510","TIED13PROT/LLN0$Alarm","1","",""
"30011","533.398624982","ipcas_21:73:27","202","1","510","TIED13MEAS/LLN0$Measurement","63","64","62"
"30062","534.424057443","ipcas_21:73:27","150","1","511","TIED13CTRL/LLN0$Status","1","1","0"
"30063","534.424062457","ipcas_21:73:27","150","1","511","TIED13PROT/LLN0$Alarm","1","",""
"30064","534.424063914","ipcas_21:73:27","202","1","511","TIED13MEAS/LLN0$Measurement","64","62","62"
"30115","535.465204501","ipcas_21:73:27","150","1","512","TIED13CTRL/LLN0$Status","1","1","0"
"30116","535.465208032","ipcas_21:73:27","150","1","512","TIED13PROT/LLN0$Alarm","1","",""
"30117","535.465208536","ipcas_21:73:27","202","1","512","TIED13MEAS/LLN0$Measurement","62","62","62"
"30168","536.528019707","ipcas_21:73:27","150","1","513","TIED13CTRL/LLN0$Status","1","1","0"
"30169","536.528020101","ipcas_21:73:27","150","1","513","TIED13PROT/LLN0$Alarm","1","",""
"30170","536.528020813","ipcas_21:73:27","202","1","513","TIED13MEAS/LLN0$Measurement","63","65","65"
"30221","537.556867576","ipcas_21:73:27","150","1","514","TIED13CTRL/LLN0$Status","1","1","0"
"30222","537.556906276","ipcas_21:73:27","150","1","514","TIED13PROT/LLN0$Alarm","1","",""
"30223","537.556907628","ipcas_21:73:27","202","1","514","TIED13MEAS/LLN0$Measurement","62","61","60"
"30274","538.603754337","ipcas_21:73:27","150","1","515","TIED13CTRL/LLN0$Status","1","1","0"
"30275","538.603754722","ipcas_21:73:27","150","1","515","TIED13PROT/LLN0$Alarm","1","",""
"30276","538.603755234","ipcas_21:73:27","202","1","515","TIED13MEAS/LLN0$Measurement","62","63","61"
"30327","539.655521374","ipcas_21:73:27","150","1","516","TIED13CTRL/LLN0$Status","1","1","0"
"30328","539.655521942","ipcas_21:73:27","150","1","516","TIED13PROT/LLN0$Alarm","1","",""
"30329","539.655522975","ipcas_21:73:27","202","1","516","TIED13MEAS/LLN0$Measurement","62","65","62"
"30380","540.708437264","ipcas_21:73:27","150","1","517","TIED13CTRL/LLN0$Status","1","1","0"
"30381","540.708438139","ipcas_21:73:27","150","1","517","TIED13PROT/LLN0$Alarm","1","",""
"30382","540.708438867","ipcas_21:73:27","202","1","517","TIED13MEAS/LLN0$Measurement","64","62","60"
"30433","541.734384146","ipcas_21:73:27","150","1","518","TIED13CTRL/LLN0$Status","1","1","0"
"30434","541.734387623","ipcas_21:73:27","150","1","518","TIED13PROT/LLN0$Alarm","1","",""
"30435","541.734388098","ipcas_21:73:27","202","1","518","TIED13MEAS/LLN0$Measurement","62","62","62"
"30486","542.773999917","ipcas_21:73:27","150","1","519","TIED13CTRL/LLN0$Status","1","1","0"
"30487","542.774156241","ipcas_21:73:27","150","1","519","TIED13PROT/LLN0$Alarm","1","",""
"30488","542.774159937","ipcas_21:73:27","202","1","519","TIED13MEAS/LLN0$Measurement","63","64","63"
"30539","543.807469542","ipcas_21:73:27","150","1","520","TIED13CTRL/LLN0$Status","1","1","0"
"30540","543.807472919","ipcas_21:73:27","150","1","520","TIED13PROT/LLN0$Alarm","1","",""
"30541","543.807474005","ipcas_21:73:27","202","1","520","TIED13MEAS/LLN0$Measurement","62","60","64"
"30592","544.902902509","ipcas_21:73:27","150","1","521","TIED13CTRL/LLN0$Status","1","1","0"
"30593","544.902902928","ipcas_21:73:27","150","1","521","TIED13PROT/LLN0$Alarm","1","",""
"30594","544.902903465","ipcas_21:73:27","202","1","521","TIED13MEAS/LLN0$Measurement","63","62","62"
"30645","545.899532923","ipcas_21:73:27","150","1","522","TIED13CTRL/LLN0$Status","1","1","0"
"30646","545.899533348","ipcas_21:73:27","150","1","522","TIED13PROT/LLN0$Alarm","1","",""
"30647","545.899533752","ipcas_21:73:27","202","1","522","TIED13MEAS/LLN0$Measurement","62","62","62"
"30698","546.927655972","ipcas_21:73:27","150","1","523","TIED13CTRL/LLN0$Status","1","1","0"
"30699","546.927662490","ipcas_21:73:27","150","1","523","TIED13PROT/LLN0$Alarm","1","",""
"30700","546.927664304","ipcas_21:73:27","202","1","523","TIED13MEAS/LLN0$Measurement","62","60","62"
"30751","547.972842179","ipcas_21:73:27","150","1","524","TIED13CTRL/LLN0$Status","1","1","0"
"30752","547.972845736","ipcas_21:73:27","150","1","524","TIED13PROT/LLN0$Alarm","1","",""
"30753","547.974887825","ipcas_21:73:27","202","1","524","TIED13MEAS/LLN0$Measurement","63","62","62"
"30804","549.016242059","ipcas_21:73:27","150","1","525","TIED13CTRL/LLN0$Status","1","1","0"
"30805","549.016251259","ipcas_21:73:27","150","1","525","TIED13PROT/LLN0$Alarm","1","",""
"30806","549.016252123","ipcas_21:73:27","202","1","525","TIED13MEAS/LLN0$Measurement","60","61","62"
"30857","550.052977458","ipcas_21:73:27","150","1","526","TIED13CTRL/LLN0$Status","1","1","0"
"30858","550.052982153","ipcas_21:73:27","150","1","526","TIED13PROT/LLN0$Alarm","1","",""
"30859","550.052983743","ipcas_21:73:27","202","1","526","TIED13MEAS/LLN0$Measurement","63","60","60"
"30910","551.120652116","ipcas_21:73:27","150","1","527","TIED13CTRL/LLN0$Status","1","1","0"
"30911","551.120652975","ipcas_21:73:27","150","1","527","TIED13PROT/LLN0$Alarm","1","",""
"30912","551.120653439","ipcas_21:73:27","202","1","527","TIED13MEAS/LLN0$Measurement","62","65","62"
"30963","552.164507259","ipcas_21:73:27","150","1","528","TIED13CTRL/LLN0$Status","1","1","0"
"30964","552.164826019","ipcas_21:73:27","150","1","528","TIED13PROT/LLN0$Alarm","1","",""
"30965","552.164928144","ipcas_21:73:27","202","1","528","TIED13MEAS/LLN0$Measurement","61","62","62"
"31016","553.187042433","ipcas_21:73:27","150","1","529","TIED13CTRL/LLN0$Status","1","1","0"
"31017","553.187051171","ipcas_21:73:27","150","1","529","TIED13PROT/LLN0$Alarm","1","",""
"31018","553.187051842","ipcas_21:73:27","202","1","529","TIED13MEAS/LLN0$Measurement","63","60","62"
"31069","554.221118890","ipcas_21:73:27","150","1","530","TIED13CTRL/LLN0$Status","1","1","0"
"31070","554.221125392","ipcas_21:73:27","150","1","530","TIED13PROT/LLN0$Alarm","1","",""
"31071","554.222157948","ipcas_21:73:27","202","1","530","TIED13MEAS/LLN0$Measurement","62","62","60"
"31122","555.266563729","ipcas_21:73:27","150","1","531","TIED13CTRL/LLN0$Status","1","1","0"
"31123","555.266972420","ipcas_21:73:27","150","1","531","TIED13PROT/LLN0$Alarm","1","",""
"31124","555.266977973","ipcas_21:73:27","202","1","531","TIED13MEAS/LLN0$Measurement","62","61","61"
"31175","556.326248409","ipcas_21:73:27","150","1","532","TIED13CTRL/LLN0$Status","1","1","0"
"31176","556.326249341","ipcas_21:73:27","150","1","532","TIED13PROT/LLN0$Alarm","1","",""
"31177","556.326250135","ipcas_21:73:27","202","1","532","TIED13MEAS/LLN0$Measurement","62","61","59"
"31228","557.354563205","ipcas_21:73:27","150","1","533","TIED13CTRL/LLN0$Status","1","1","0"
"31229","557.354567223","ipcas_21:73:27","150","1","533","TIED13PROT/LLN0$Alarm","1","",""
"31230","557.354567974","ipcas_21:73:27","202","1","533","TIED13MEAS/LLN0$Measurement","62","62","62"
"31281","558.411949524","ipcas_21:73:27","150","1","534","TIED13CTRL/LLN0$Status","1","1","0"
"31282","558.412227339","ipcas_21:73:27","150","1","534","TIED13PROT/LLN0$Alarm","1","",""
"31283","558.412230834","ipcas_21:73:27","202","1","534","TIED13MEAS/LLN0$Measurement","64","62","62"
"31334","559.447206453","ipcas_21:73:27","150","1","535","TIED13CTRL/LLN0$Status","1","1","0"
"31335","559.447211946","ipcas_21:73:27","150","1","535","TIED13PROT/LLN0$Alarm","1","",""
"31336","559.447213436","ipcas_21:73:27","202","1","535","TIED13MEAS/LLN0$Measurement","64","65","62"
"31387","560.478689743","ipcas_21:73:27","150","1","536","TIED13CTRL/LLN0$Status","1","1","0"
"31388","560.478691510","ipcas_21:73:27","150","1","536","TIED13PROT/LLN0$Alarm","1","",""
"31389","560.478693375","ipcas_21:73:27","202","1","536","TIED13MEAS/LLN0$Measurement","62","62","62"
"31440","561.504610439","ipcas_21:73:27","150","1","537","TIED13CTRL/LLN0$Status","1","1","0"
"31441","561.504611194","ipcas_21:73:27","150","1","537","TIED13PROT/LLN0$Alarm","1","",""
"31442","561.504611950","ipcas_21:73:27","202","1","537","TIED13MEAS/LLN0$Measurement","60","61","61"
"31493","562.543603301","ipcas_21:73:27","150","1","538","TIED13CTRL/LLN0$Status","1","1","0"
"31494","562.543608675","ipcas_21:73:27","150","1","538","TIED13PROT/LLN0$Alarm","1","",""
"31495","562.543899559","ipcas_21:73:27","202","1","538","TIED13MEAS/LLN0$Measurement","62","65","62"
"31546","563.599098669","ipcas_21:73:27","150","1","539","TIED13CTRL/LLN0$Status","1","1","0"
"31547","563.599108024","ipcas_21:73:27","150","1","539","TIED13PROT/LLN0$Alarm","1","",""
"31548","563.599108949","ipcas_21:73:27","202","1","539","TIED13MEAS/LLN0$Measurement","62","61","63"
"31599","564.634315736","ipcas_21:73:27","150","1","540","TIED13CTRL/LLN0$Status","1","1","0"
"31600","564.635356390","ipcas_21:73:27","150","1","540","TIED13PROT/LLN0$Alarm","1","",""
"31601","564.635359934","ipcas_21:73:27","202","1","540","TIED13MEAS/LLN0$Measurement","63","62","60"
"31652","565.683739627","ipcas_21:73:27","150","1","541","TIED13CTRL/LLN0$Status","1","1","0"
"31653","565.684831749","ipcas_21:73:27","150","1","541","TIED13PROT/LLN0$Alarm","1","",""
"31654","565.684835867","ipcas_21:73:27","202","1","541","TIED13MEAS/LLN0$Measurement","65","62","62"
"31705","566.751710613","ipcas_21:73:27","150","1","542","TIED13CTRL/LLN0$Status","1","1","0"
"31706","566.751716258","ipcas_21:73:27","150","1","542","TIED13PROT/LLN0$Alarm","1","",""
"31707","566.751716971","ipcas_21:73:27","202","1","542","TIED13MEAS/LLN0$Measurement","62","62","64"
"31758","567.804795837","ipcas_21:73:27","150","1","543","TIED13CTRL/LLN0$Status","1","1","0"
"31759","567.805072176","ipcas_21:73:27","150","1","543","TIED13PROT/LLN0$Alarm","1","",""
"31760","567.805354592","ipcas_21:73:27","202","1","543","TIED13MEAS/LLN0$Measurement","61","59","61"
"31811","568.928025726","ipcas_21:73:27","150","1","544","TIED13CTRL/LLN0$Status","1","1","0"
"31812","568.928026150","ipcas_21:73:27","150","1","544","TIED13PROT/LLN0$Alarm","1","",""
"31813","568.928026670","ipcas_21:73:27","202","1","544","TIED13MEAS/LLN0$Measurement","63","62","64"
"31864","569.981899224","ipcas_21:73:27","150","1","545","TIED13CTRL/LLN0$Status","1","1","0"
"31865","569.981903752","ipcas_21:73:27","150","1","545","TIED13PROT/LLN0$Alarm","1","",""
"31866","569.981904498","ipcas_21:73:27","202","1","545","TIED13MEAS/LLN0$Measurement","62","62","62"
"31917","571.039863430","ipcas_21:73:27","150","1","546","TIED13CTRL/LLN0$Status","1","1","0"
"31918","571.039872587","ipcas_21:73:27","150","1","546","TIED13PROT/LLN0$Alarm","1","",""
"31919","571.039873146","ipcas_21:73:27","202","1","546","TIED13MEAS/LLN0$Measurement","62","62","62"
"31970","572.184260238","ipcas_21:73:27","150","1","547","TIED13CTRL/LLN0$Status","1","1","0"
"31971","572.185259865","ipcas_21:73:27","150","1","547","TIED13PROT/LLN0$Alarm","1","",""
"31972","572.185263131","ipcas_21:73:27","202","1","547","TIED13MEAS/LLN0$Measurement","60","61","61"
"32023","573.316088871","ipcas_21:73:27","150","1","548","TIED13CTRL/LLN0$Status","1","1","0"
"32024","573.316101557","ipcas_21:73:27","150","1","548","TIED13PROT/LLN0$Alarm","1","",""
"32025","573.316102809","ipcas_21:73:27","202","1","548","TIED13MEAS/LLN0$Measurement","62","64","59"
"32076","574.525318509","ipcas_21:73:27","150","1","549","TIED13CTRL/LLN0$Status","1","1","0"
"32077","574.525481242","ipcas_21:73:27","150","1","549","TIED13PROT/LLN0$Alarm","1","",""
"32078","574.525727774","ipcas_21:73:27","202","1","549","TIED13MEAS/LLN0$Measurement","63","62","62"
"32129","575.602096650","ipcas_21:73:27","150","1","550","TIED13CTRL/LLN0$Status","1","1","0"
"32130","575.602203143","ipcas_21:73:27","150","1","550","TIED13PROT/LLN0$Alarm","1","",""
"32131","575.602205415","ipcas_21:73:27","202","1","550","TIED13MEAS/LLN0$Measurement","63","65","62"
"32182","576.708287344","ipcas_21:73:27","150","1","551","TIED13CTRL/LLN0$Status","1","1","0"
"32183","576.708387113","ipcas_21:73:27","150","1","551","TIED13PROT/LLN0$Alarm","1","",""
"32184","576.708390138","ipcas_21:73:27","202","1","551","TIED13MEAS/LLN0$Measurement","59","60","62"
"32235","577.826558721","ipcas_21:73:27","150","1","552","TIED13CTRL/LLN0$Status","1","1","0"
"32236","577.826563748","ipcas_21:73:27","150","1","552","TIED13PROT/LLN0$Alarm","1","",""
"32237","577.827302392","ipcas_21:73:27","202","1","552","TIED13MEAS/LLN0$Measurement","64","65","60"
"32288","578.895697263","ipcas_21:73:27","150","1","553","TIED13CTRL/LLN0$Status","1","1","0"
"32289","578.895707173","ipcas_21:73:27","150","1","553","TIED13PROT/LLN0$Alarm","1","",""
"32290","578.895954203","ipcas_21:73:27","202","1","553","TIED13MEAS/LLN0$Measurement","63","62","61"
"32341","579.953509371","ipcas_21:73:27","150","1","554","TIED13CTRL/LLN0$Status","1","1","0"
"32342","579.953920739","ipcas_21:73:27","150","1","554","TIED13PROT/LLN0$Alarm","1","",""
"32343","579.953924407","ipcas_21:73:27","202","1","554","TIED13MEAS/LLN0$Measurement","63","62","62"
"32394","581.278422233","ipcas_21:73:27","150","1","555","TIED13CTRL/LLN0$Status","1","1","0"
"32395","581.278430858","ipcas_21:73:27","150","1","555","TIED13PROT/LLN0$Alarm","1","",""
"32396","581.278431723","ipcas_21:73:27","202","1","555","TIED13MEAS/LLN0$Measurement","64","62","60"
"32465","582.347478916","ipcas_21:73:27","150","1","556","TIED13CTRL/LLN0$Status","1","1","0"
"32471","582.347484828","ipcas_21:73:27","150","1","556","TIED13PROT/LLN0$Alarm","1","",""
"32472","582.347485286","ipcas_21:73:27","202","1","556","TIED13MEAS/LLN0$Measurement","62","62","62"
"32523","583.426764089","ipcas_21:73:27","150","1","557","TIED13CTRL/LLN0$Status","1","1","0"
"32524","583.426870608","ipcas_21:73:27","150","1","557","TIED13PROT/LLN0$Alarm","1","",""
"32525","583.427141910","ipcas_21:73:27","202","1","557","TIED13MEAS/LLN0$Measurement","64","62","62"
"32576","584.473470344","ipcas_21:73:27","150","1","558","TIED13CTRL/LLN0$Status","1","1","0"
"32577","584.473835194","ipcas_21:73:27","150","1","558","TIED13PROT/LLN0$Alarm","1","",""
"32578","584.473839531","ipcas_21:73:27","202","1","558","TIED13MEAS/LLN0$Measurement","60","63","60"
"32629","585.589211117","ipcas_21:73:27","150","1","559","TIED13CTRL/LLN0$Status","1","1","0"
"32630","585.589220366","ipcas_21:73:27","150","1","559","TIED13PROT/LLN0$Alarm","1","",""
"32631","585.589221137","ipcas_21:73:27","202","1","559","TIED13MEAS/LLN0$Measurement","62","65","62"
"32682","586.662999666","ipcas_21:73:27","150","1","560","TIED13CTRL/LLN0$Status","1","1","0"
"32683","586.663002977","ipcas_21:73:27","150","1","560","TIED13PROT/LLN0$Alarm","1","",""
"32684","586.663236334","ipcas_21:73:27","202","1","560","TIED13MEAS/LLN0$Measurement","62","59","64"
"32735","587.787466313","ipcas_21:73:27","150","1","561","TIED13CTRL/LLN0$Status","1","1","0"
"32736","587.787474973","ipcas_21:73:27","150","1","561","TIED13PROT/LLN0$Alarm","1","",""
"32737","587.787475450","ipcas_21:73:27","202","1","561","TIED13MEAS/LLN0$Measurement","62","60","62"
"32788","588.948979513","ipcas_21:73:27","150","1","562","TIED13CTRL/LLN0$Status","1","1","0"
"32789","588.948982849","ipcas_21:73:27","150","1","562","TIED13PROT/LLN0$Alarm","1","",""
"32790","588.949240888","ipcas_21:73:27","202","1","562","TIED13MEAS/LLN0$Measurement","62","62","65"
"32841","590.006708696","ipcas_21:73:27","150","1","563","TIED13CTRL/LLN0$Status","1","1","0"
"32842","590.006774026","ipcas_21:73:27","150","1","563","TIED13PROT/LLN0$Alarm","1","",""
"32843","590.006776127","ipcas_21:73:27","202","1","563","TIED13MEAS/LLN0$Measurement","59","64","62"
"32894","591.301904709","ipcas_21:73:27","150","1","564","TIED13CTRL/LLN0$Status","1","1","0"
"32895","591.301908125","ipcas_21:73:27","150","1","564","TIED13PROT/LLN0$Alarm","1","",""
"32896","591.302741147","ipcas_21:73:27","202","1","564","TIED13MEAS/LLN0$Measurement","62","62","61"
"32947","592.430084180","ipcas_21:73:27","150","1","565","TIED13CTRL/LLN0$Status","1","1","0"
"32948","592.430093939","ipcas_21:73:27","150","1","565","TIED13PROT/LLN0$Alarm","1","",""
"32949","592.430740738","ipcas_21:73:27","202","1","565","TIED13MEAS/LLN0$Measurement","63","60","63"
"33000","593.479365565","ipcas_21:73:27","150","1","566","TIED13CTRL/LLN0$Status","1","1","0"
"33001","593.479370823","ipcas_21:73:27","150","1","566","TIED13PROT/LLN0$Alarm","1","",""
"33002","593.479773342","ipcas_21:73:27","202","1","566","TIED13MEAS/LLN0$Measurement","62","60","60"
"33053","594.658132328","ipcas_21:73:27","150","1","567","TIED13CTRL/LLN0$Status","1","1","0"
"33054","594.658139529","ipcas_21:73:27","150","1","567","TIED13PROT/LLN0$Alarm","1","",""
"33055","594.659182610","ipcas_21:73:27","202","1","567","TIED13MEAS/LLN0$Measurement","64","62","62"
"33129","595.748266207","ipcas_21:73:27","150","1","568","TIED13CTRL/LLN0$Status","1","1","0"
"33130","595.748270792","ipcas_21:73:27","150","1","568","TIED13PROT/LLN0$Alarm","1","",""
"33131","595.748271639","ipcas_21:73:27","202","1","568","TIED13MEAS/LLN0$Measurement","62","65","59"
"33182","596.956655733","ipcas_21:73:27","150","1","569","TIED13CTRL/LLN0$Status","1","1","0"
"33183","596.956663248","ipcas_21:73:27","150","1","569","TIED13PROT/LLN0$Alarm","1","",""
"33184","596.956663900","ipcas_21:73:27","202","1","569","TIED13MEAS/LLN0$Measurement","61","60","59"
"33235","598.090575992","ipcas_21:73:27","150","1","570","TIED13CTRL/LLN0$Status","1","1","0"
"33236","598.090584518","ipcas_21:73:27","150","1","570","TIED13PROT/LLN0$Alarm","1","",""
"33237","598.090585094","ipcas_21:73:27","202","1","570","TIED13MEAS/LLN0$Measurement","61","62","64"
"33288","599.168324999","ipcas_21:73:27","150","1","571","TIED13CTRL/LLN0$Status","1","1","0"
"33289","599.169917641","ipcas_21:73:27","150","1","571","TIED13PROT/LLN0$Alarm","1","",""
"33290","599.169924627","ipcas_21:73:27","202","1","571","TIED13MEAS/LLN0$Measurement","62","60","61"
"33341","600.295812547","ipcas_21:73:27","150","1","572","TIED13CTRL/LLN0$Status","1","1","0"
"33342","600.296069056","ipcas_21:73:27","150","1","572","TIED13PROT/LLN0$Alarm","1","",""
"33343","600.296169466","ipcas_21:73:27","202","1","572","TIED13MEAS/LLN0$Measurement","62","62","62"
"33394","601.367142263","ipcas_21:73:27","150","1","573","TIED13CTRL/LLN0$Status","1","1","0"
"33395","601.367146828","ipcas_21:73:27","150","1","573","TIED13PROT/LLN0$Alarm","1","",""
"33396","601.367287967","ipcas_21:73:27","202","1","573","TIED13MEAS/LLN0$Measurement","59","63","63"
"33447","602.520456008","ipcas_21:73:27","150","1","574","TIED13CTRL/LLN0$Status","1","1","0"
"33448","602.520462082","ipcas_21:73:27","150","1","574","TIED13PROT/LLN0$Alarm","1","",""
"33449","602.520463104","ipcas_21:73:27","202","1","574","TIED13MEAS/LLN0$Measurement","64","64","64"
"33500","603.714503278","ipcas_21:73:27","150","1","575","TIED13CTRL/LLN0$Status","1","1","0"
"33501","603.714513617","ipcas_21:73:27","150","1","575","TIED13PROT/LLN0$Alarm","1","",""
"33502","603.714514517","ipcas_21:73:27","202","1","575","TIED13MEAS/LLN0$Measurement","60","64","59"
"33553","604.789159290","ipcas_21:73:27","150","1","576","TIED13CTRL/LLN0$Status","1","1","0"
"33554","604.789165819","ipcas_21:73:27","150","1","576","TIED13PROT/LLN0$Alarm","1","",""
"33555","604.789166584","ipcas_21:73:27","202","1","576","TIED13MEAS/LLN0$Measurement","60","63","60"
"33629","605.979236230","ipcas_21:73:27","150","1","577","TIED13CTRL/LLN0$Status","1","1","0"
"33630","605.979242709","ipcas_21:73:27","150","1","577","TIED13PROT/LLN0$Alarm","1","",""
"33631","605.979243199","ipcas_21:73:27","202","1","577","TIED13MEAS/LLN0$Measurement","61","62","62"
"33682","607.033393769","ipcas_21:73:27","150","1","578","TIED13CTRL/LLN0$Status","1","1","0"
"33683","607.033398444","ipcas_21:73:27","150","1","578","TIED13PROT/LLN0$Alarm","1","",""
"33684","607.033399536","ipcas_21:73:27","202","1","578","TIED13MEAS/LLN0$Measurement","59","64","63"
"33735","608.139881049","ipcas_21:73:27","150","1","579","TIED13CTRL/LLN0$Status","1","1","0"
"33736","608.139884007","ipcas_21:73:27","150","1","579","TIED13PROT/LLN0$Alarm","1","",""
"33737","608.139884776","ipcas_21:73:27","202","1","579","TIED13MEAS/LLN0$Measurement","63","60","62"
"33788","609.294580871","ipcas_21:73:27","150","1","580","TIED13CTRL/LLN0$Status","1","1","0"
"33789","609.294590539","ipcas_21:73:27","150","1","580","TIED13PROT/LLN0$Alarm","1","",""
"33790","609.294591836","ipcas_21:73:27","202","1","580","TIED13MEAS/LLN0$Measurement","64","62","62"
"33841","610.378912325","ipcas_21:73:27","150","1","581","TIED13CTRL/LLN0$Status","1","1","0"
"33842","610.379145628","ipcas_21:73:27","150","1","581","TIED13PROT/LLN0$Alarm","1","",""
"33843","610.379467979","ipcas_21:73:27","202","1","581","TIED13MEAS/LLN0$Measurement","59","60","62"
"33894","611.505835855","ipcas_21:73:27","150","1","582","TIED13CTRL/LLN0$Status","1","1","0"
"33895","611.505841469","ipcas_21:73:27","150","1","582","TIED13PROT/LLN0$Alarm","1","",""
"33896","611.505842350","ipcas_21:73:27","202","1","582","TIED13MEAS/LLN0$Measurement","61","62","59"
"33947","612.571473860","ipcas_21:73:27","150","1","583","TIED13CTRL/LLN0$Status","1","1","0"
"33948","612.571480610","ipcas_21:73:27","150","1","583","TIED13PROT/LLN0$Alarm","1","",""
"33949","612.571481501","ipcas_21:73:27","202","1","583","TIED13MEAS/LLN0$Measurement","60","63","61"
"34069","617.436581045","ipcas_21:73:27","150","1","584","TIED13CTRL/LLN0$Status","1","1","0"
"34070","617.436779273","ipcas_21:73:27","150","1","584","TIED13PROT/LLN0$Alarm","1","",""
"34071","617.436782885","ipcas_21:73:27","202","1","584","TIED13MEAS/LLN0$Measurement","64","60","62"
"34145","618.639886330","ipcas_21:73:27","150","1","585","TIED13CTRL/LLN0$Status","1","1","0"
"34146","618.639897639","ipcas_21:73:27","150","1","585","TIED13PROT/LLN0$Alarm","1","",""
"34147","618.639898778","ipcas_21:73:27","202","1","585","TIED13MEAS/LLN0$Measurement","64","62","64"
"34198","619.753824356","ipcas_21:73:27","150","1","586","TIED13CTRL/LLN0$Status","1","1","0"
"34199","619.753829152","ipcas_21:73:27","150","1","586","TIED13PROT/LLN0$Alarm","1","",""
"34200","619.753829847","ipcas_21:73:27","202","1","586","TIED13MEAS/LLN0$Measurement","60","62","62"
"34251","620.815910406","ipcas_21:73:27","150","1","587","TIED13CTRL/LLN0$Status","1","1","0"
"34252","620.815916251","ipcas_21:73:27","150","1","587","TIED13PROT/LLN0$Alarm","1","",""
"34253","620.816304833","ipcas_21:73:27","202","1","587","TIED13MEAS/LLN0$Measurement","62","62","63"
"34304","621.961226837","ipcas_21:73:27","150","1","588","TIED13CTRL/LLN0$Status","1","1","0"
"34305","621.961233247","ipcas_21:73:27","150","1","588","TIED13PROT/LLN0$Alarm","1","",""
"34306","621.961233743","ipcas_21:73:27","202","1","588","TIED13MEAS/LLN0$Measurement","64","62","64"
"34426","635.556177563","ipcas_21:73:27","150","1","589","TIED13CTRL/LLN0$Status","1","1","0"
"34427","635.556189070","ipcas_21:73:27","150","1","589","TIED13PROT/LLN0$Alarm","1","",""
"34428","635.556190513","ipcas_21:73:27","202","1","589","TIED13MEAS/LLN0$Measurement","60","61","61"
"34456","637.091996629","ipcas_21:73:27","150","1","590","TIED13CTRL/LLN0$Status","1","1","0"
"34457","637.092829927","ipcas_21:73:27","150","1","590","TIED13PROT/LLN0$Alarm","1","",""
"34458","637.093425151","ipcas_21:73:27","202","1","590","TIED13MEAS/LLN0$Measurement","60","63","61"
"34486","638.216858460","ipcas_21:73:27","150","1","591","TIED13CTRL/LLN0$Status","1","1","0"
"34487","638.216864050","ipcas_21:73:27","150","1","591","TIED13PROT/LLN0$Alarm","1","",""
"34488","638.216865209","ipcas_21:73:27","202","1","591","TIED13MEAS/LLN0$Measurement","64","65","62"
"34516","639.300164037","ipcas_21:73:27","150","1","592","TIED13CTRL/LLN0$Status","1","1","0"
"34517","639.300399506","ipcas_21:73:27","150","1","592","TIED13PROT/LLN0$Alarm","1","",""
"34518","639.300644435","ipcas_21:73:27","202","1","592","TIED13MEAS/LLN0$Measurement","63","60","62"
"34546","640.436916621","ipcas_21:73:27","150","1","593","TIED13CTRL/LLN0$Status","1","1","0"
"34547","640.436924552","ipcas_21:73:27","150","1","593","TIED13PROT/LLN0$Alarm","1","",""
"34548","640.436925091","ipcas_21:73:27","202","1","593","TIED13MEAS/LLN0$Measurement","62","59","61"
"34576","641.833149248","ipcas_21:73:27","150","1","594","TIED13CTRL/LLN0$Status","1","1","0"
"34577","641.833160661","ipcas_21:73:27","150","1","594","TIED13PROT/LLN0$Alarm","1","",""
"34578","641.833162268","ipcas_21:73:27","202","1","594","TIED13MEAS/LLN0$Measurement","61","60","62"
"34606","642.925307862","ipcas_21:73:27","150","1","595","TIED13CTRL/LLN0$Status","1","1","0"
"34607","642.925478298","ipcas_21:73:27","150","1","595","TIED13PROT/LLN0$Alarm","1","",""
"34608","642.925764007","ipcas_21:73:27","202","1","595","TIED13MEAS/LLN0$Measurement","62","60","62"
"34636","644.058846800","ipcas_21:73:27","150","1","596","TIED13CTRL/LLN0$Status","1","1","0"
"34637","644.058852731","ipcas_21:73:27","150","1","596","TIED13PROT/LLN0$Alarm","1","",""
"34638","644.058853549","ipcas_21:73:27","202","1","596","TIED13MEAS/LLN0$Measurement","62","62","61"
"34666","645.122265319","ipcas_21:73:27","150","1","597","TIED13CTRL/LLN0$Status","1","1","0"
"34667","645.122274206","ipcas_21:73:27","150","1","597","TIED13PROT/LLN0$Alarm","1","",""
"34668","645.122274921","ipcas_21:73:27","202","1","597","TIED13MEAS/LLN0$Measurement","62","63","60"
"34696","646.237048074","ipcas_21:73:27","150","1","598","TIED13CTRL/LLN0$Status","1","1","0"
"34697","646.237052671","ipcas_21:73:27","150","1","598","TIED13PROT/LLN0$Alarm","1","",""
"34698","646.237053344","ipcas_21:73:27","202","1","598","TIED13MEAS/LLN0$Measurement","62","62","62"
"34726","647.365391602","ipcas_21:73:27","150","1","599","TIED13CTRL/LLN0$Status","1","1","0"
"34727","647.365969150","ipcas_21:73:27","150","1","599","TIED13PROT/LLN0$Alarm","1","",""
"34728","647.365973520","ipcas_21:73:27","202","1","599","TIED13MEAS/LLN0$Measurement","62","62","61"
