Source,Length,stNum,sqNum,goID,heartbeat,dif_stNum,dif_sqNum,Circuit breaker Open/Close Status,I-high VT,I-high VT- Tran,I-low VT- Tran,I-amongst-feeders,Label
ipcas_21:73:33,142,0,0,LIED10CTRL/LLN0$Status,0.006275869999999628,-1.0,-10.0,1,618.0,1551.0,1844.0,308.3333333333333,DoS
ipcas_21:73:33,142,0,1,LIED10CTRL/LLN0$Status,0.002006622999999763,0.0,1.0,1,618.0,1551.0,1844.0,308.3333333333333,DoS
ipcas_21:73:33,142,0,2,LIED10CTRL/LLN0$Status,0.0018485049999998893,0.0,1.0,1,618.0,1551.0,1844.0,308.3333333333333,DoS
ipcas_21:73:33,142,0,3,LIED10CTRL/LLN0$Status,0.0020980750000010318,0.0,1.0,1,618.0,1551.0,1844.0,308.3333333333333,DoS
ipcas_21:73:33,142,0,4,LIED10CTRL/LLN0$Status,0.002122453000000135,0.0,1.0,1,618.0,1551.0,1844.0,308.3333333333333,DoS
ipcas_21:73:33,142,0,5,LIED10CTRL/LLN0$Status,0.0019075799999992427,0.0,1.0,1,618.0,1551.0,1844.0,308.3333333333333,DoS
ipcas_21:73:33,142,0,6,LIED10CTRL/LLN0$Status,0.002070797000000013,0.0,1.0,1,618.0,1551.0,1844.0,308.3333333333333,DoS
ipcas_21:73:33,142,0,7,LIED10CTRL/LLN0$Status,0.0020116629999993307,0.0,1.0,1,618.0,1551.0,1844.0,308.3333333333333,DoS
ipcas_21:73:33,142,0,8,LIED10CTRL/LLN0$Status,0.0018722000000011008,0.0,1.0,1,618.0,1551.0,1844.0,308.3333333333333,DoS
ipcas_21:73:33,142,0,9,LIED10CTRL/LLN0$Status,0.002056804999998718,0.0,1.0,1,618.0,1551.0,1844.0,308.3333333333333,DoS
ipcas_21:73:33,142,0,10,LIED10CTRL/LLN0$Status,0.0019880060000012634,0.0,1.0,1,618.0,1551.0,1844.0,308.3333333333333,DoS
ipcas_21:73:33,142,0,11,LIED10CTRL/LLN0$Status,0.0020003779999999693,0.0,1.0,1,618.0,1551.0,1844.0,308.3333333333333,DoS
ipcas_21:73:33,142,0,12,LIED10CTRL/LLN0$Status,0.002098358999999661,0.0,1.0,1,618.0,1551.0,1844.0,308.3333333333333,DoS
ipcas_21:73:33,142,0,13,LIED10CTRL/LLN0$Status,0.002187129999999371,0.0,1.0,1,618.0,1551.0,1844.0,308.3333333333333,DoS
ipcas_21:73:33,142,0,14,LIED10CTRL/LLN0$Status,0.0018189270000004143,0.0,1.0,1,618.0,1551.0,1844.0,308.3333333333333,DoS
ipcas_21:73:33,142,0,15,LIED10CTRL/LLN0$Status,0.0020894489999996324,0.0,1.0,1,618.0,1551.0,1844.0,308.3333333333333,DoS
ipcas_21:73:33,142,0,16,LIED10CTRL/LLN0$Status,0.001804898000001387,0.0,1.0,1,618.0,1551.0,1844.0,308.3333333333333,DoS
ipcas_21:73:33,142,0,17,LIED10CTRL/LLN0$Status,0.0019793669999987884,0.0,1.0,1,618.0,1551.0,1844.0,308.3333333333333,DoS
ipcas_21:73:33,142,0,18,LIED10CTRL/LLN0$Status,0.001968128999999763,0.0,1.0,1,618.0,1551.0,1844.0,308.3333333333333,DoS
ipcas_21:73:33,142,0,19,LIED10CTRL/LLN0$Status,0.0020662600000012077,0.0,1.0,1,618.0,1551.0,1844.0,308.3333333333333,DoS
ipcas_21:73:33,142,0,20,LIED10CTRL/LLN0$Status,0.0019747369999993936,0.0,1.0,1,618.0,1551.0,1844.0,308.3333333333333,DoS
ipcas_21:73:33,142,0,21,LIED10CTRL/LLN0$Status,0.002729891999999623,0.0,1.0,1,618.0,1551.0,1844.0,308.3333333333333,DoS
ipcas_21:73:33,142,0,22,LIED10CTRL/LLN0$Status,0.0013020590000003551,0.0,1.0,1,618.0,1551.0,1844.0,308.3333333333333,DoS
ipcas_21:73:33,142,0,23,LIED10CTRL/LLN0$Status,0.002881147000000084,0.0,1.0,1,618.0,1551.0,1844.0,308.3333333333333,DoS
ipcas_21:73:33,142,0,24,LIED10CTRL/LLN0$Status,0.001123296999999468,0.0,1.0,1,618.0,1551.0,1844.0,308.3333333333333,DoS
ipcas_21:73:33,142,0,25,LIED10CTRL/LLN0$Status,0.001626121000001035,0.0,1.0,1,618.0,1551.0,1844.0,308.3333333333333,DoS
ipcas_21:73:33,142,0,26,LIED10CTRL/LLN0$Status,0.0013595339999987743,0.0,1.0,1,618.0,1551.0,1844.0,308.3333333333333,DoS
ipcas_21:73:33,142,0,27,LIED10CTRL/LLN0$Status,0.0019448240000006223,0.0,1.0,1,618.0,1551.0,1844.0,308.3333333333333,DoS
ipcas_21:73:33,142,0,28,LIED10CTRL/LLN0$Status,0.0022537000000006913,0.0,1.0,1,618.0,1551.0,1844.0,308.3333333333333,DoS
ipcas_21:73:33,142,0,29,LIED10CTRL/LLN0$Status,0.0017654489999987533,0.0,1.0,1,618.0,1551.0,1844.0,308.3333333333333,DoS
ipcas_21:73:33,142,0,30,LIED10CTRL/LLN0$Status,0.00222331500000017,0.0,1.0,1,618.0,1551.0,1844.0,308.3333333333333,DoS
ipcas_21:73:33,142,0,31,LIED10CTRL/LLN0$Status,0.0016456590000011317,0.0,1.0,1,618.0,1551.0,1844.0,308.3333333333333,DoS
ipcas_21:73:33,142,0,32,LIED10CTRL/LLN0$Status,0.002047060999998962,0.0,1.0,1,618.0,1551.0,1844.0,308.3333333333333,DoS
ipcas_21:73:33,142,0,33,LIED10CTRL/LLN0$Status,0.0019713699999996948,0.0,1.0,1,618.0,1551.0,1844.0,308.3333333333333,DoS
ipcas_21:73:33,142,0,34,LIED10CTRL/LLN0$Status,0.0021272050000007425,0.0,1.0,1,618.0,1551.0,1844.0,308.3333333333333,DoS
ipcas_21:73:33,142,0,35,LIED10CTRL/LLN0$Status,0.0020355329999990346,0.0,1.0,1,618.0,1551.0,1844.0,308.3333333333333,DoS
ipcas_21:73:33,142,0,36,LIED10CTRL/LLN0$Status,0.0018328230000008716,0.0,1.0,1,618.0,1551.0,1844.0,308.3333333333333,DoS
ipcas_21:73:33,142,0,37,LIED10CTRL/LLN0$Status,0.002045239999999282,0.0,1.0,1,618.0,1551.0,1844.0,308.3333333333333,DoS
ipcas_21:73:33,142,0,38,LIED10CTRL/LLN0$Status,0.002018357000000748,0.0,1.0,1,618.0,1551.0,1844.0,308.3333333333333,DoS
ipcas_21:73:33,142,0,39,LIED10CTRL/LLN0$Status,0.002007498999999413,0.0,1.0,1,618.0,1551.0,1844.0,308.3333333333333,DoS
ipcas_21:73:33,142,0,40,LIED10CTRL/LLN0$Status,0.002081564000000924,0.0,1.0,1,618.0,1551.0,1844.0,308.3333333333333,DoS
ipcas_21:73:33,142,0,41,LIED10CTRL/LLN0$Status,0.0020502919999998426,0.0,1.0,1,618.0,1551.0,1844.0,308.3333333333333,DoS
ipcas_21:73:33,142,0,42,LIED10CTRL/LLN0$Status,0.001964837999999247,0.0,1.0,1,618.0,1551.0,1844.0,308.3333333333333,DoS
ipcas_21:73:33,142,0,43,LIED10CTRL/LLN0$Status,0.0020342810000002487,0.0,1.0,1,618.0,1551.0,1844.0,308.3333333333333,DoS
ipcas_21:73:33,142,0,44,LIED10CTRL/LLN0$Status,0.0018342000000011183,0.0,1.0,1,618.0,1551.0,1844.0,308.3333333333333,DoS
ipcas_21:73:33,142,0,45,LIED10CTRL/LLN0$Status,0.002075125999999372,0.0,1.0,1,618.0,1551.0,1844.0,308.3333333333333,DoS
ipcas_21:73:33,142,0,46,LIED10CTRL/LLN0$Status,0.0020754410000005663,0.0,1.0,1,618.0,1551.0,1844.0,308.3333333333333,DoS
ipcas_21:73:33,142,0,47,LIED10CTRL/LLN0$Status,0.001846426999998485,0.0,1.0,1,618.0,1551.0,1844.0,308.3333333333333,DoS
ipcas_21:73:33,142,0,48,LIED10CTRL/LLN0$Status,0.00206583500000157,0.0,1.0,1,618.0,1551.0,1844.0,308.3333333333333,DoS
ipcas_21:73:33,142,0,49,LIED10CTRL/LLN0$Status,0.0021285149999989983,0.0,1.0,1,618.0,1551.0,1844.0,308.3333333333333,DoS
ipcas_21:73:33,142,0,50,LIED10CTRL/LLN0$Status,0.0019411350000009264,0.0,1.0,1,618.0,1551.0,1844.0,308.3333333333333,DoS
ipcas_21:73:33,142,0,51,LIED10CTRL/LLN0$Status,0.0018500009999993239,0.0,1.0,1,618.0,1551.0,1844.0,308.3333333333333,DoS
ipcas_21:73:33,142,0,52,LIED10CTRL/LLN0$Status,0.001956773999999939,0.0,1.0,1,618.0,1551.0,1844.0,308.3333333333333,DoS
ipcas_21:73:33,142,0,53,LIED10CTRL/LLN0$Status,0.0020847719999999015,0.0,1.0,1,618.0,1551.0,1844.0,308.3333333333333,DoS
ipcas_21:73:33,142,0,54,LIED10CTRL/LLN0$Status,0.0019653549999993913,0.0,1.0,1,618.0,1551.0,1844.0,308.3333333333333,DoS
ipcas_21:73:33,142,0,55,LIED10CTRL/LLN0$Status,0.002137173000001269,0.0,1.0,1,618.0,1551.0,1844.0,308.3333333333333,DoS
ipcas_21:73:33,142,0,56,LIED10CTRL/LLN0$Status,0.002052921999998958,0.0,1.0,1,618.0,1551.0,1844.0,308.3333333333333,DoS
ipcas_21:73:33,142,0,57,LIED10CTRL/LLN0$Status,0.0018645510000006027,0.0,1.0,1,618.0,1551.0,1844.0,308.3333333333333,DoS
ipcas_21:73:33,142,0,58,LIED10CTRL/LLN0$Status,0.0020022129999990312,0.0,1.0,1,618.0,1551.0,1844.0,308.3333333333333,DoS
ipcas_21:73:33,142,0,59,LIED10CTRL/LLN0$Status,0.0019346340000012674,0.0,1.0,1,618.0,1551.0,1844.0,308.3333333333333,DoS
ipcas_21:73:33,142,0,60,LIED10CTRL/LLN0$Status,0.0019870769999990046,0.0,1.0,1,618.0,1551.0,1844.0,308.3333333333333,DoS
ipcas_21:73:33,142,0,61,LIED10CTRL/LLN0$Status,0.0020693180000002087,0.0,1.0,1,618.0,1551.0,1844.0,308.3333333333333,DoS
ipcas_21:73:33,142,0,62,LIED10CTRL/LLN0$Status,0.0020915190000003747,0.0,1.0,1,618.0,1551.0,1844.0,308.3333333333333,DoS
ipcas_21:73:33,142,0,63,LIED10CTRL/LLN0$Status,0.0019389360000001687,0.0,1.0,1,618.0,1551.0,1844.0,308.3333333333333,DoS
ipcas_21:73:33,142,0,64,LIED10CTRL/LLN0$Status,0.0020611309999996053,0.0,1.0,1,618.0,1551.0,1844.0,308.3333333333333,DoS
ipcas_21:73:33,142,0,65,LIED10CTRL/LLN0$Status,0.0018290109999998805,0.0,1.0,1,618.0,1551.0,1844.0,308.3333333333333,DoS
ipcas_21:73:33,142,0,66,LIED10CTRL/LLN0$Status,0.002038420999999957,0.0,1.0,1,618.0,1551.0,1844.0,308.3333333333333,DoS
ipcas_21:73:33,142,0,67,LIED10CTRL/LLN0$Status,0.0019998210000000682,0.0,1.0,1,618.0,1551.0,1844.0,308.3333333333333,DoS
ipcas_21:73:33,142,0,68,LIED10CTRL/LLN0$Status,0.001981452000000772,0.0,1.0,1,618.0,1551.0,1844.0,308.3333333333333,DoS
ipcas_21:73:33,142,0,69,LIED10CTRL/LLN0$Status,0.002149483000000174,0.0,1.0,1,618.0,1551.0,1844.0,308.3333333333333,DoS
ipcas_21:73:33,142,0,70,LIED10CTRL/LLN0$Status,0.0018798219999993648,0.0,1.0,1,618.0,1551.0,1844.0,308.3333333333333,DoS
ipcas_21:73:33,142,0,71,LIED10CTRL/LLN0$Status,0.001982894999999374,0.0,1.0,1,618.0,1551.0,1844.0,308.3333333333333,DoS
ipcas_21:73:33,142,0,72,LIED10CTRL/LLN0$Status,0.001970567000000756,0.0,1.0,1,618.0,1551.0,1844.0,308.3333333333333,DoS
ipcas_21:73:33,142,0,73,LIED10CTRL/LLN0$Status,0.002103113000000434,0.0,1.0,1,618.0,1551.0,1844.0,308.3333333333333,DoS
ipcas_21:73:33,142,0,74,LIED10CTRL/LLN0$Status,0.0019947350000002473,0.0,1.0,1,618.0,1551.0,1844.0,308.3333333333333,DoS
ipcas_21:73:33,142,0,75,LIED10CTRL/LLN0$Status,0.0020657009999993647,0.0,1.0,1,618.0,1551.0,1844.0,308.3333333333333,DoS
ipcas_21:73:33,142,0,76,LIED10CTRL/LLN0$Status,0.0019794659999998743,0.0,1.0,1,618.0,1551.0,1844.0,308.3333333333333,DoS
ipcas_21:73:33,142,0,77,LIED10CTRL/LLN0$Status,0.0020405439999997554,0.0,1.0,1,618.0,1551.0,1844.0,308.3333333333333,DoS
ipcas_21:73:33,142,0,78,LIED10CTRL/LLN0$Status,0.002013149999999797,0.0,1.0,1,618.0,1551.0,1844.0,308.3333333333333,DoS
ipcas_21:73:33,142,0,79,LIED10CTRL/LLN0$Status,0.0020136009999998095,0.0,1.0,1,618.0,1551.0,1844.0,308.3333333333333,DoS
ipcas_21:73:33,142,0,80,LIED10CTRL/LLN0$Status,0.0018948020000006949,0.0,1.0,1,618.0,1551.0,1844.0,308.3333333333333,DoS
ipcas_21:73:33,142,0,81,LIED10CTRL/LLN0$Status,0.002058306000000343,0.0,1.0,1,618.0,1551.0,1844.0,308.3333333333333,DoS
ipcas_21:73:33,142,0,82,LIED10CTRL/LLN0$Status,0.002101743999999073,0.0,1.0,1,618.0,1551.0,1844.0,308.3333333333333,DoS
ipcas_21:73:33,142,0,83,LIED10CTRL/LLN0$Status,0.0019616490000000653,0.0,1.0,1,618.0,1551.0,1844.0,308.3333333333333,DoS
ipcas_21:73:33,142,0,84,LIED10CTRL/LLN0$Status,0.0020072080000002046,0.0,1.0,1,618.0,1551.0,1844.0,308.3333333333333,DoS
ipcas_21:73:33,142,0,85,LIED10CTRL/LLN0$Status,0.0019061340000003923,0.0,1.0,1,618.0,1551.0,1844.0,308.3333333333333,DoS
ipcas_21:73:33,142,0,86,LIED10CTRL/LLN0$Status,0.0028933719999990615,0.0,1.0,1,618.0,1551.0,1844.0,308.3333333333333,DoS
ipcas_21:73:33,142,0,87,LIED10CTRL/LLN0$Status,0.0010345560000004639,0.0,1.0,1,618.0,1551.0,1844.0,308.3333333333333,DoS
ipcas_21:73:33,142,0,88,LIED10CTRL/LLN0$Status,0.0020771560000003575,0.0,1.0,1,618.0,1551.0,1844.0,308.3333333333333,DoS
ipcas_21:73:33,142,0,89,LIED10CTRL/LLN0$Status,0.001961597999999398,0.0,1.0,1,618.0,1551.0,1844.0,308.3333333333333,DoS
ipcas_21:73:33,142,0,90,LIED10CTRL/LLN0$Status,0.002232572000000488,0.0,1.0,1,618.0,1551.0,1844.0,308.3333333333333,DoS
ipcas_21:73:33,142,0,91,LIED10CTRL/LLN0$Status,0.0018108800000007363,0.0,1.0,1,618.0,1551.0,1844.0,308.3333333333333,DoS
ipcas_21:73:33,142,0,92,LIED10CTRL/LLN0$Status,0.0021124569999990683,0.0,1.0,1,618.0,1551.0,1844.0,308.3333333333333,DoS
ipcas_21:73:33,142,0,93,LIED10CTRL/LLN0$Status,0.0021167480000006123,0.0,1.0,1,618.0,1551.0,1844.0,308.3333333333333,DoS
ipcas_21:73:33,142,0,94,LIED10CTRL/LLN0$Status,0.001860964999998771,0.0,1.0,1,618.0,1551.0,1844.0,308.3333333333333,DoS
ipcas_21:73:33,142,0,95,LIED10CTRL/LLN0$Status,0.0018956290000016196,0.0,1.0,1,618.0,1551.0,1844.0,308.3333333333333,DoS
ipcas_21:73:33,142,0,96,LIED10CTRL/LLN0$Status,0.002160848999999132,0.0,1.0,1,618.0,1551.0,1844.0,308.3333333333333,DoS
ipcas_21:73:33,142,0,97,LIED10CTRL/LLN0$Status,0.0018119330000008205,0.0,1.0,1,618.0,1551.0,1844.0,308.3333333333333,DoS
ipcas_21:73:33,142,0,98,LIED10CTRL/LLN0$Status,0.002000101000000143,0.0,1.0,1,618.0,1551.0,1844.0,308.3333333333333,DoS
ipcas_21:73:33,142,0,99,LIED10CTRL/LLN0$Status,0.0020734829999984328,0.0,1.0,1,618.0,1551.0,1844.0,308.3333333333333,DoS
ipcas_21:73:33,142,0,100,LIED10CTRL/LLN0$Status,0.001983815000000888,0.0,1.0,1,618.0,1551.0,1844.0,308.3333333333333,DoS
ipcas_21:73:33,142,0,101,LIED10CTRL/LLN0$Status,0.0019447669999994588,0.0,1.0,1,618.0,1551.0,1844.0,308.3333333333333,DoS
ipcas_21:73:33,142,0,102,LIED10CTRL/LLN0$Status,0.0020634610000005438,0.0,1.0,1,618.0,1551.0,1844.0,308.3333333333333,DoS
ipcas_21:73:33,142,0,103,LIED10CTRL/LLN0$Status,0.0018538009999993221,0.0,1.0,1,618.0,1551.0,1844.0,308.3333333333333,DoS
ipcas_21:73:33,142,0,104,LIED10CTRL/LLN0$Status,0.002076226999999875,0.0,1.0,1,618.0,1551.0,1844.0,308.3333333333333,DoS
ipcas_21:73:33,142,0,105,LIED10CTRL/LLN0$Status,0.0020079470000009536,0.0,1.0,1,618.0,1551.0,1844.0,308.3333333333333,DoS
ipcas_21:73:33,142,0,106,LIED10CTRL/LLN0$Status,0.002061185999998827,0.0,1.0,1,618.0,1551.0,1844.0,308.3333333333333,DoS
ipcas_21:73:33,142,0,107,LIED10CTRL/LLN0$Status,0.0019423899999999605,0.0,1.0,1,618.0,1551.0,1844.0,308.3333333333333,DoS
ipcas_21:73:33,142,0,108,LIED10CTRL/LLN0$Status,0.002088869000001381,0.0,1.0,1,618.0,1551.0,1844.0,308.3333333333333,DoS
ipcas_21:73:33,142,0,109,LIED10CTRL/LLN0$Status,0.0018661980000000966,0.0,1.0,1,618.0,1551.0,1844.0,308.3333333333333,DoS
ipcas_21:73:33,142,0,110,LIED10CTRL/LLN0$Status,0.0019660510000001352,0.0,1.0,1,618.0,1551.0,1844.0,308.3333333333333,DoS
ipcas_21:73:33,142,0,111,LIED10CTRL/LLN0$Status,0.002210301999999942,0.0,1.0,1,618.0,1551.0,1844.0,308.3333333333333,DoS
ipcas_21:73:33,142,0,112,LIED10CTRL/LLN0$Status,0.0019934450000000936,0.0,1.0,1,618.0,1551.0,1844.0,308.3333333333333,DoS
ipcas_21:73:33,142,0,113,LIED10CTRL/LLN0$Status,0.0019270019999986232,0.0,1.0,1,618.0,1551.0,1844.0,308.3333333333333,DoS
ipcas_21:73:33,142,0,114,LIED10CTRL/LLN0$Status,0.001992442000000594,0.0,1.0,1,618.0,1551.0,1844.0,308.3333333333333,DoS
ipcas_21:73:33,142,0,115,LIED10CTRL/LLN0$Status,0.002002548000000104,0.0,1.0,1,618.0,1551.0,1844.0,308.3333333333333,DoS
ipcas_21:73:33,142,0,116,LIED10CTRL/LLN0$Status,0.0020234329999997414,0.0,1.0,1,618.0,1551.0,1844.0,308.3333333333333,DoS
ipcas_21:73:33,142,0,117,LIED10CTRL/LLN0$Status,0.0018856039999999297,0.0,1.0,1,618.0,1551.0,1844.0,308.3333333333333,DoS
ipcas_21:73:33,142,0,118,LIED10CTRL/LLN0$Status,0.0019869319999994417,0.0,1.0,1,618.0,1551.0,1844.0,308.3333333333333,DoS
ipcas_21:73:33,142,0,119,LIED10CTRL/LLN0$Status,0.0020579710000010465,0.0,1.0,1,618.0,1551.0,1844.0,308.3333333333333,DoS
ipcas_21:73:33,142,0,120,LIED10CTRL/LLN0$Status,0.0020599489999995058,0.0,1.0,1,618.0,1551.0,1844.0,308.3333333333333,DoS
ipcas_21:73:33,142,0,121,LIED10CTRL/LLN0$Status,0.002070319999999626,0.0,1.0,1,618.0,1551.0,1844.0,308.3333333333333,DoS
ipcas_21:73:33,142,0,122,LIED10CTRL/LLN0$Status,0.0018848230000010346,0.0,1.0,1,618.0,1551.0,1844.0,308.3333333333333,DoS
ipcas_21:73:33,142,0,123,LIED10CTRL/LLN0$Status,0.0021950709999991602,0.0,1.0,1,618.0,1551.0,1844.0,308.3333333333333,DoS
ipcas_21:73:33,142,0,124,LIED10CTRL/LLN0$Status,0.0017134229999999917,0.0,1.0,1,618.0,1551.0,1844.0,308.3333333333333,DoS
ipcas_21:73:33,142,0,125,LIED10CTRL/LLN0$Status,0.002141871000000961,0.0,1.0,1,618.0,1551.0,1844.0,308.3333333333333,DoS
ipcas_21:73:33,142,0,126,LIED10CTRL/LLN0$Status,0.0020524919999989066,0.0,1.0,1,618.0,1551.0,1844.0,308.3333333333333,DoS
ipcas_21:73:33,142,0,127,LIED10CTRL/LLN0$Status,0.0019200880000003195,0.0,1.0,1,618.0,1551.0,1844.0,308.3333333333333,DoS
ipcas_21:73:33,143,0,128,LIED10CTRL/LLN0$Status,0.0020029949999997854,0.0,1.0,1,618.0,1551.0,1844.0,308.3333333333333,DoS
ipcas_21:73:33,143,0,129,LIED10CTRL/LLN0$Status,0.001989554999999754,0.0,1.0,1,618.0,1551.0,1844.0,308.3333333333333,DoS
ipcas_21:73:33,143,0,130,LIED10CTRL/LLN0$Status,0.0019393540000010034,0.0,1.0,1,618.0,1551.0,1844.0,308.3333333333333,DoS
ipcas_21:73:33,143,0,131,LIED10CTRL/LLN0$Status,0.0021553470000004182,0.0,1.0,1,618.0,1551.0,1844.0,308.3333333333333,DoS
ipcas_21:73:33,143,0,132,LIED10CTRL/LLN0$Status,0.0018732029999988242,0.0,1.0,1,618.0,1551.0,1844.0,308.3333333333333,DoS
ipcas_21:73:33,143,0,133,LIED10CTRL/LLN0$Status,0.00203911300000037,0.0,1.0,1,618.0,1551.0,1844.0,308.3333333333333,DoS
ipcas_21:73:33,143,0,134,LIED10CTRL/LLN0$Status,0.0019968240000007853,0.0,1.0,1,618.0,1551.0,1844.0,308.3333333333333,DoS
ipcas_21:73:33,143,0,135,LIED10CTRL/LLN0$Status,0.0020251189999989094,0.0,1.0,1,618.0,1551.0,1844.0,308.3333333333333,DoS
ipcas_21:73:33,143,0,136,LIED10CTRL/LLN0$Status,0.0019710059999997753,0.0,1.0,1,618.0,1551.0,1844.0,308.3333333333333,DoS
ipcas_21:73:33,143,0,137,LIED10CTRL/LLN0$Status,0.0019989480000006665,0.0,1.0,1,618.0,1551.0,1844.0,308.3333333333333,DoS
ipcas_21:73:33,143,0,138,LIED10CTRL/LLN0$Status,0.001927522000000792,0.0,1.0,1,618.0,1551.0,1844.0,308.3333333333333,DoS
ipcas_21:73:33,143,0,139,LIED10CTRL/LLN0$Status,0.0020902669999998125,0.0,1.0,1,618.0,1551.0,1844.0,308.3333333333333,DoS
ipcas_21:73:33,143,0,140,LIED10CTRL/LLN0$Status,0.002009615999998715,0.0,1.0,1,618.0,1551.0,1844.0,308.3333333333333,DoS
ipcas_21:73:33,143,0,141,LIED10CTRL/LLN0$Status,0.0019160560000006654,0.0,1.0,1,618.0,1551.0,1844.0,308.3333333333333,DoS
ipcas_21:73:33,143,0,142,LIED10CTRL/LLN0$Status,0.0020078849999993764,0.0,1.0,1,618.0,1551.0,1844.0,308.3333333333333,DoS
ipcas_21:73:33,143,0,143,LIED10CTRL/LLN0$Status,0.0020483560000013057,0.0,1.0,1,618.0,1551.0,1844.0,308.3333333333333,DoS
ipcas_21:73:33,143,0,144,LIED10CTRL/LLN0$Status,0.0019680969999988918,0.0,1.0,1,618.0,1551.0,1844.0,308.3333333333333,DoS
ipcas_21:73:33,143,0,145,LIED10CTRL/LLN0$Status,0.002070683000001239,0.0,1.0,1,618.0,1551.0,1844.0,308.3333333333333,DoS
ipcas_21:73:33,143,0,146,LIED10CTRL/LLN0$Status,0.001988829999998387,0.0,1.0,1,618.0,1551.0,1844.0,308.3333333333333,DoS
ipcas_21:73:33,143,0,147,LIED10CTRL/LLN0$Status,0.0019837590000015837,0.0,1.0,1,618.0,1551.0,1844.0,308.3333333333333,DoS
ipcas_21:73:33,143,0,148,LIED10CTRL/LLN0$Status,0.0019683419999996232,0.0,1.0,1,618.0,1551.0,1844.0,308.3333333333333,DoS
ipcas_21:73:33,143,0,149,LIED10CTRL/LLN0$Status,0.002007708999999025,0.0,1.0,1,618.0,1551.0,1844.0,308.3333333333333,DoS
ipcas_21:73:33,143,0,150,LIED10CTRL/LLN0$Status,0.0019566239999999624,0.0,1.0,1,618.0,1551.0,1844.0,308.3333333333333,DoS
ipcas_21:73:33,143,0,151,LIED10CTRL/LLN0$Status,0.001969530000000219,0.0,1.0,1,618.0,1551.0,1844.0,308.3333333333333,DoS
ipcas_21:73:33,143,0,152,LIED10CTRL/LLN0$Status,0.002064069000001112,0.0,1.0,1,618.0,1551.0,1844.0,308.3333333333333,DoS
ipcas_21:73:33,143,0,153,LIED10CTRL/LLN0$Status,0.0021051729999985724,0.0,1.0,1,618.0,1551.0,1844.0,308.3333333333333,DoS
ipcas_21:73:33,143,0,154,LIED10CTRL/LLN0$Status,0.0019790110000013073,0.0,1.0,1,618.0,1551.0,1844.0,308.3333333333333,DoS
ipcas_21:73:33,143,0,155,LIED10CTRL/LLN0$Status,0.001986343999998752,0.0,1.0,1,618.0,1551.0,1844.0,308.3333333333333,DoS
ipcas_21:73:33,143,0,156,LIED10CTRL/LLN0$Status,0.0019145090000005638,0.0,1.0,1,618.0,1551.0,1844.0,308.3333333333333,DoS
ipcas_21:73:33,143,0,157,LIED10CTRL/LLN0$Status,0.001983288999999999,0.0,1.0,1,618.0,1551.0,1844.0,308.3333333333333,DoS
ipcas_21:73:33,143,0,158,LIED10CTRL/LLN0$Status,0.002155574999999743,0.0,1.0,1,618.0,1551.0,1844.0,308.3333333333333,DoS
ipcas_21:73:33,143,0,159,LIED10CTRL/LLN0$Status,0.0019964170000008608,0.0,1.0,1,618.0,1551.0,1844.0,308.3333333333333,DoS
ipcas_21:73:33,143,0,160,LIED10CTRL/LLN0$Status,0.0019339560000002365,0.0,1.0,1,618.0,1551.0,1844.0,308.3333333333333,DoS
ipcas_21:73:33,143,0,161,LIED10CTRL/LLN0$Status,0.0020377839999987657,0.0,1.0,1,618.0,1551.0,1844.0,308.3333333333333,DoS
ipcas_21:73:33,143,0,162,LIED10CTRL/LLN0$Status,0.0018210920000001352,0.0,1.0,1,618.0,1551.0,1844.0,308.3333333333333,DoS
ipcas_21:73:33,143,0,163,LIED10CTRL/LLN0$Status,0.0020560740000004074,0.0,1.0,1,618.0,1551.0,1844.0,308.3333333333333,DoS
ipcas_21:73:33,143,0,164,LIED10CTRL/LLN0$Status,0.0020307870000007,0.0,1.0,1,618.0,1551.0,1844.0,308.3333333333333,DoS
ipcas_21:73:33,143,0,165,LIED10CTRL/LLN0$Status,0.001984001999998597,0.0,1.0,1,618.0,1551.0,1844.0,308.3333333333333,DoS
ipcas_21:73:33,143,0,166,LIED10CTRL/LLN0$Status,0.0019943940000004545,0.0,1.0,1,618.0,1551.0,1844.0,308.3333333333333,DoS
ipcas_21:73:33,143,0,167,LIED10CTRL/LLN0$Status,0.001961942999999522,0.0,1.0,1,618.0,1551.0,1844.0,308.3333333333333,DoS
ipcas_21:73:33,143,0,168,LIED10CTRL/LLN0$Status,0.0021142850000011038,0.0,1.0,1,618.0,1551.0,1844.0,308.3333333333333,DoS
ipcas_21:73:33,143,0,169,LIED10CTRL/LLN0$Status,0.0018961559999990385,0.0,1.0,1,618.0,1551.0,1844.0,308.3333333333333,DoS
ipcas_21:73:33,143,0,170,LIED10CTRL/LLN0$Status,0.0020005479999998244,0.0,1.0,1,618.0,1551.0,1844.0,308.3333333333333,DoS
ipcas_21:73:33,143,0,171,LIED10CTRL/LLN0$Status,0.0022705540000007574,0.0,1.0,1,618.0,1551.0,1844.0,308.3333333333333,DoS
ipcas_21:73:33,143,0,172,LIED10CTRL/LLN0$Status,0.0018433749999999804,0.0,1.0,1,618.0,1551.0,1844.0,308.3333333333333,DoS
ipcas_21:73:33,143,0,173,LIED10CTRL/LLN0$Status,0.001995546999999931,0.0,1.0,1,618.0,1551.0,1844.0,308.3333333333333,DoS
ipcas_21:73:33,143,0,174,LIED10CTRL/LLN0$Status,0.00200577000000024,0.0,1.0,1,618.0,1551.0,1844.0,308.3333333333333,DoS
ipcas_21:73:33,143,0,175,LIED10CTRL/LLN0$Status,0.001990692999999766,0.0,1.0,1,618.0,1551.0,1844.0,308.3333333333333,DoS
ipcas_21:73:33,143,0,176,LIED10CTRL/LLN0$Status,0.0021638500000005223,0.0,1.0,1,618.0,1551.0,1844.0,308.3333333333333,DoS
ipcas_21:73:33,143,0,177,LIED10CTRL/LLN0$Status,0.001869793999999203,0.0,1.0,1,618.0,1551.0,1844.0,308.3333333333333,DoS
ipcas_21:73:33,143,0,178,LIED10CTRL/LLN0$Status,0.0018887349999996417,0.0,1.0,1,618.0,1551.0,1844.0,308.3333333333333,DoS
ipcas_21:73:33,143,0,179,LIED10CTRL/LLN0$Status,0.0021018560000012343,0.0,1.0,1,618.0,1551.0,1844.0,308.3333333333333,DoS
ipcas_21:73:33,143,0,180,LIED10CTRL/LLN0$Status,0.001995212999998941,0.0,1.0,1,618.0,1551.0,1844.0,308.3333333333333,DoS
ipcas_21:73:33,143,0,181,LIED10CTRL/LLN0$Status,0.0019860779999998357,0.0,1.0,1,618.0,1551.0,1844.0,308.3333333333333,DoS
ipcas_21:73:33,143,0,182,LIED10CTRL/LLN0$Status,0.001988600000000673,0.0,1.0,1,618.0,1551.0,1844.0,308.3333333333333,DoS
ipcas_21:73:33,143,0,183,LIED10CTRL/LLN0$Status,0.0019726769999994787,0.0,1.0,1,618.0,1551.0,1844.0,308.3333333333333,DoS
ipcas_21:73:33,143,0,184,LIED10CTRL/LLN0$Status,0.002080253000000809,0.0,1.0,1,618.0,1551.0,1844.0,308.3333333333333,DoS
ipcas_21:73:33,143,0,185,LIED10CTRL/LLN0$Status,0.001903379999999899,0.0,1.0,1,618.0,1551.0,1844.0,308.3333333333333,DoS
ipcas_21:73:33,143,0,186,LIED10CTRL/LLN0$Status,0.0019772449999990727,0.0,1.0,1,618.0,1551.0,1844.0,308.3333333333333,DoS
ipcas_21:73:33,143,0,187,LIED10CTRL/LLN0$Status,0.0021211160000014218,0.0,1.0,1,618.0,1551.0,1844.0,308.3333333333333,DoS
ipcas_21:73:33,143,0,188,LIED10CTRL/LLN0$Status,0.0018809089999987094,0.0,1.0,1,618.0,1551.0,1844.0,308.3333333333333,DoS
ipcas_21:73:33,143,0,189,LIED10CTRL/LLN0$Status,0.0020556999999996606,0.0,1.0,1,618.0,1551.0,1844.0,308.3333333333333,DoS
ipcas_21:73:33,143,0,190,LIED10CTRL/LLN0$Status,0.0018692900000001345,0.0,1.0,1,618.0,1551.0,1844.0,308.3333333333333,DoS
ipcas_21:73:33,143,0,191,LIED10CTRL/LLN0$Status,0.002010353000001075,0.0,1.0,1,618.0,1551.0,1844.0,308.3333333333333,DoS
ipcas_21:73:33,143,0,192,LIED10CTRL/LLN0$Status,0.002274343999999928,0.0,1.0,1,618.0,1551.0,1844.0,308.3333333333333,DoS
ipcas_21:73:33,143,0,193,LIED10CTRL/LLN0$Status,0.001784005999999394,0.0,1.0,1,618.0,1551.0,1844.0,308.3333333333333,DoS
ipcas_21:73:33,143,0,194,LIED10CTRL/LLN0$Status,0.0020837080000006836,0.0,1.0,1,618.0,1551.0,1844.0,308.3333333333333,DoS
ipcas_21:73:33,143,0,195,LIED10CTRL/LLN0$Status,0.001975374999998891,0.0,1.0,1,618.0,1551.0,1844.0,308.3333333333333,DoS
ipcas_21:73:33,143,0,196,LIED10CTRL/LLN0$Status,0.0019896200000015796,0.0,1.0,1,618.0,1551.0,1844.0,308.3333333333333,DoS
ipcas_21:73:33,143,0,197,LIED10CTRL/LLN0$Status,0.0020169709999997565,0.0,1.0,1,618.0,1551.0,1844.0,308.3333333333333,DoS
ipcas_21:73:33,143,0,198,LIED10CTRL/LLN0$Status,0.0019026159999988579,0.0,1.0,1,618.0,1551.0,1844.0,308.3333333333333,DoS
ipcas_21:73:33,143,0,199,LIED10CTRL/LLN0$Status,0.002077324000000047,0.0,1.0,1,618.0,1551.0,1844.0,308.3333333333333,DoS
ipcas_21:73:33,143,0,200,LIED10CTRL/LLN0$Status,0.0019978290000004506,0.0,1.0,1,618.0,1551.0,1844.0,308.3333333333333,DoS
ipcas_21:73:33,143,0,201,LIED10CTRL/LLN0$Status,0.002214763999999647,0.0,1.0,1,618.0,1551.0,1844.0,308.3333333333333,DoS
ipcas_21:73:33,143,0,202,LIED10CTRL/LLN0$Status,0.0018265030000002014,0.0,1.0,1,618.0,1551.0,1844.0,308.3333333333333,DoS
ipcas_21:73:33,143,0,203,LIED10CTRL/LLN0$Status,0.001947804000000275,0.0,1.0,1,618.0,1551.0,1844.0,308.3333333333333,DoS
ipcas_21:73:33,143,0,204,LIED10CTRL/LLN0$Status,0.002016484000000318,0.0,1.0,1,618.0,1551.0,1844.0,308.3333333333333,DoS
ipcas_21:73:33,143,0,205,LIED10CTRL/LLN0$Status,0.0020631529999999287,0.0,1.0,1,618.0,1551.0,1844.0,308.3333333333333,DoS
ipcas_21:73:33,143,0,206,LIED10CTRL/LLN0$Status,0.0019563599999994352,0.0,1.0,1,618.0,1551.0,1844.0,308.3333333333333,DoS
ipcas_21:73:33,143,0,207,LIED10CTRL/LLN0$Status,0.001980542000000085,0.0,1.0,1,618.0,1551.0,1844.0,308.3333333333333,DoS
ipcas_21:73:33,143,0,208,LIED10CTRL/LLN0$Status,0.0020228430000006625,0.0,1.0,1,618.0,1551.0,1844.0,308.3333333333333,DoS
ipcas_21:73:33,143,0,209,LIED10CTRL/LLN0$Status,0.002144294999999019,0.0,1.0,1,618.0,1551.0,1844.0,308.3333333333333,DoS
ipcas_21:73:33,143,0,210,LIED10CTRL/LLN0$Status,0.0026699119999999965,0.0,1.0,1,618.0,1551.0,1844.0,308.3333333333333,DoS
ipcas_21:73:33,143,0,211,LIED10CTRL/LLN0$Status,0.0019982170000005794,0.0,1.0,1,618.0,1551.0,1844.0,308.3333333333333,DoS
ipcas_21:73:33,143,0,212,LIED10CTRL/LLN0$Status,0.0012747639999997062,0.0,1.0,1,618.0,1551.0,1844.0,308.3333333333333,DoS
ipcas_21:73:33,143,0,213,LIED10CTRL/LLN0$Status,0.0018953970000001874,0.0,1.0,1,618.0,1551.0,1844.0,308.3333333333333,DoS
ipcas_21:73:33,143,0,214,LIED10CTRL/LLN0$Status,0.0024646090000004506,0.0,1.0,1,618.0,1551.0,1844.0,308.3333333333333,DoS
ipcas_21:73:33,143,0,215,LIED10CTRL/LLN0$Status,0.001533169000000001,0.0,1.0,1,618.0,1551.0,1844.0,308.3333333333333,DoS
ipcas_21:73:33,143,0,216,LIED10CTRL/LLN0$Status,0.0023989110000002256,0.0,1.0,1,618.0,1551.0,1844.0,308.3333333333333,DoS
ipcas_21:73:33,143,0,217,LIED10CTRL/LLN0$Status,0.0022365469999989784,0.0,1.0,1,618.0,1551.0,1844.0,308.3333333333333,DoS
ipcas_21:73:33,143,0,218,LIED10CTRL/LLN0$Status,0.0012898989999996502,0.0,1.0,1,618.0,1551.0,1844.0,308.3333333333333,DoS
ipcas_21:73:33,143,0,219,LIED10CTRL/LLN0$Status,0.0027950670000009836,0.0,1.0,1,618.0,1551.0,1844.0,308.3333333333333,DoS
ipcas_21:73:33,143,0,220,LIED10CTRL/LLN0$Status,0.0008744249999992348,0.0,1.0,1,618.0,1551.0,1844.0,308.3333333333333,DoS
ipcas_21:73:33,143,0,221,LIED10CTRL/LLN0$Status,0.0020556870000003613,0.0,1.0,1,618.0,1551.0,1844.0,308.3333333333333,DoS
ipcas_21:73:33,143,0,222,LIED10CTRL/LLN0$Status,0.0017466769999998633,0.0,1.0,1,618.0,1551.0,1844.0,308.3333333333333,DoS
ipcas_21:73:33,143,0,223,LIED10CTRL/LLN0$Status,0.0018509909999995244,0.0,1.0,1,618.0,1551.0,1844.0,308.3333333333333,DoS
ipcas_21:73:33,143,0,224,LIED10CTRL/LLN0$Status,0.0025696890000013184,0.0,1.0,1,618.0,1551.0,1844.0,308.3333333333333,DoS
ipcas_21:73:33,143,0,225,LIED10CTRL/LLN0$Status,0.0019896069999987276,0.0,1.0,1,618.0,1551.0,1844.0,308.3333333333333,DoS
ipcas_21:73:33,143,0,226,LIED10CTRL/LLN0$Status,0.0029141190000014916,0.0,1.0,1,618.0,1551.0,1844.0,308.3333333333333,DoS
ipcas_21:73:33,143,0,227,LIED10CTRL/LLN0$Status,0.0011639739999989018,0.0,1.0,1,618.0,1551.0,1844.0,308.3333333333333,DoS
ipcas_21:73:33,143,0,228,LIED10CTRL/LLN0$Status,0.0020590259999995197,0.0,1.0,1,618.0,1551.0,1844.0,308.3333333333333,DoS
ipcas_21:73:33,143,0,229,LIED10CTRL/LLN0$Status,0.0019224290000003919,0.0,1.0,1,618.0,1551.0,1844.0,308.3333333333333,DoS
ipcas_21:73:33,143,0,230,LIED10CTRL/LLN0$Status,0.0019793139999997322,0.0,1.0,1,618.0,1551.0,1844.0,308.3333333333333,DoS
ipcas_21:73:33,143,0,231,LIED10CTRL/LLN0$Status,0.002005212000000256,0.0,1.0,1,618.0,1551.0,1844.0,308.3333333333333,DoS
ipcas_21:73:33,143,0,232,LIED10CTRL/LLN0$Status,0.0019887910000004894,0.0,1.0,1,618.0,1551.0,1844.0,308.3333333333333,DoS
ipcas_21:73:33,143,0,233,LIED10CTRL/LLN0$Status,0.002007520999999457,0.0,1.0,1,618.0,1551.0,1844.0,308.3333333333333,DoS
ipcas_21:73:33,143,0,234,LIED10CTRL/LLN0$Status,0.001995584000001216,0.0,1.0,1,618.0,1551.0,1844.0,308.3333333333333,DoS
ipcas_21:73:33,143,0,235,LIED10CTRL/LLN0$Status,0.002014339999998782,0.0,1.0,1,618.0,1551.0,1844.0,308.3333333333333,DoS
ipcas_21:73:33,143,0,236,LIED10CTRL/LLN0$Status,0.0019888160000007815,0.0,1.0,1,618.0,1551.0,1844.0,308.3333333333333,DoS
ipcas_21:73:33,143,0,237,LIED10CTRL/LLN0$Status,0.0019948240000005057,0.0,1.0,1,618.0,1551.0,1844.0,308.3333333333333,DoS
ipcas_21:73:33,143,0,238,LIED10CTRL/LLN0$Status,0.0020001479999987026,0.0,1.0,1,618.0,1551.0,1844.0,308.3333333333333,DoS
ipcas_21:73:33,143,0,239,LIED10CTRL/LLN0$Status,0.002013918000001169,0.0,1.0,1,618.0,1551.0,1844.0,308.3333333333333,DoS
ipcas_21:73:33,143,0,240,LIED10CTRL/LLN0$Status,0.0013758089999988954,0.0,1.0,1,618.0,1551.0,1844.0,308.3333333333333,DoS
ipcas_21:73:33,143,0,241,LIED10CTRL/LLN0$Status,0.0017637770000007436,0.0,1.0,1,618.0,1551.0,1844.0,308.3333333333333,DoS
ipcas_21:73:33,143,0,242,LIED10CTRL/LLN0$Status,0.001984982999999829,0.0,1.0,1,618.0,1551.0,1844.0,308.3333333333333,DoS
ipcas_21:73:33,143,0,243,LIED10CTRL/LLN0$Status,0.0021067509999994627,0.0,1.0,1,618.0,1551.0,1844.0,308.3333333333333,DoS
ipcas_21:73:33,143,0,244,LIED10CTRL/LLN0$Status,0.0019704090000001173,0.0,1.0,1,618.0,1551.0,1844.0,308.3333333333333,DoS
ipcas_21:73:33,143,0,245,LIED10CTRL/LLN0$Status,0.0022193559999994505,0.0,1.0,1,618.0,1551.0,1844.0,308.3333333333333,DoS
ipcas_21:73:33,143,0,246,LIED10CTRL/LLN0$Status,0.002089557000001463,0.0,1.0,1,618.0,1551.0,1844.0,308.3333333333333,DoS
ipcas_21:73:33,143,0,247,LIED10CTRL/LLN0$Status,0.001955426999998622,0.0,1.0,1,618.0,1551.0,1844.0,308.3333333333333,DoS
ipcas_21:73:33,143,0,248,LIED10CTRL/LLN0$Status,0.0021183580000005975,0.0,1.0,1,618.0,1551.0,1844.0,308.3333333333333,DoS
ipcas_21:73:33,143,0,249,LIED10CTRL/LLN0$Status,0.001975634000000781,0.0,1.0,1,618.0,1551.0,1844.0,308.3333333333333,DoS
ipcas_21:73:33,143,0,250,LIED10CTRL/LLN0$Status,0.00226274299999929,0.0,1.0,1,618.0,1551.0,1844.0,308.3333333333333,DoS
ipcas_21:73:33,143,0,251,LIED10CTRL/LLN0$Status,0.002091574999999679,0.0,1.0,1,618.0,1551.0,1844.0,308.3333333333333,DoS
ipcas_21:73:33,143,0,252,LIED10CTRL/LLN0$Status,0.001552313999999555,0.0,1.0,1,618.0,1551.0,1844.0,308.3333333333333,DoS
ipcas_21:73:33,143,0,253,LIED10CTRL/LLN0$Status,0.002033231000000413,0.0,1.0,1,618.0,1551.0,1844.0,308.3333333333333,DoS
ipcas_21:73:33,143,0,254,LIED10CTRL/LLN0$Status,0.0019837000000002547,0.0,1.0,1,618.0,1551.0,1844.0,308.3333333333333,DoS
ipcas_21:73:33,143,0,255,LIED10CTRL/LLN0$Status,0.002249860000000936,0.0,1.0,1,618.0,1551.0,1844.0,308.3333333333333,DoS
ipcas_21:73:33,143,0,256,LIED10CTRL/LLN0$Status,0.001289490999999643,0.0,1.0,1,618.0,1551.0,1844.0,308.3333333333333,DoS
ipcas_21:73:33,143,0,257,LIED10CTRL/LLN0$Status,0.0019608729999998076,0.0,1.0,1,618.0,1551.0,1844.0,308.3333333333333,DoS
ipcas_21:73:33,143,0,258,LIED10CTRL/LLN0$Status,0.0020412029999992143,0.0,1.0,1,618.0,1551.0,1844.0,308.3333333333333,DoS
ipcas_21:73:33,143,0,259,LIED10CTRL/LLN0$Status,0.0020737250000006924,0.0,1.0,1,618.0,1551.0,1844.0,308.3333333333333,DoS
ipcas_21:73:33,143,0,260,LIED10CTRL/LLN0$Status,0.0018966379999998395,0.0,1.0,1,618.0,1551.0,1844.0,308.3333333333333,DoS
ipcas_21:73:33,143,0,261,LIED10CTRL/LLN0$Status,0.0019851989999999375,0.0,1.0,1,618.0,1551.0,1844.0,308.3333333333333,DoS
ipcas_21:73:33,143,0,262,LIED10CTRL/LLN0$Status,0.0020537049999997947,0.0,1.0,1,618.0,1551.0,1844.0,308.3333333333333,DoS
ipcas_21:73:33,143,0,263,LIED10CTRL/LLN0$Status,0.0020585210000003684,0.0,1.0,1,618.0,1551.0,1844.0,308.3333333333333,DoS
ipcas_21:73:33,143,0,264,LIED10CTRL/LLN0$Status,0.0019630589999994896,0.0,1.0,1,618.0,1551.0,1844.0,308.3333333333333,DoS
ipcas_21:73:33,143,0,265,LIED10CTRL/LLN0$Status,0.001917008999999581,0.0,1.0,1,618.0,1551.0,1844.0,308.3333333333333,DoS
ipcas_21:73:33,143,0,266,LIED10CTRL/LLN0$Status,0.0020414570000006904,0.0,1.0,1,618.0,1551.0,1844.0,308.3333333333333,DoS
ipcas_21:73:33,143,0,267,LIED10CTRL/LLN0$Status,0.0019618870000002175,0.0,1.0,1,618.0,1551.0,1844.0,308.3333333333333,DoS
ipcas_21:73:33,143,0,268,LIED10CTRL/LLN0$Status,0.002045255000000523,0.0,1.0,1,618.0,1551.0,1844.0,308.3333333333333,DoS
ipcas_21:73:33,143,0,269,LIED10CTRL/LLN0$Status,0.0020018069999991894,0.0,1.0,1,618.0,1551.0,1844.0,308.3333333333333,DoS
ipcas_21:73:33,143,0,270,LIED10CTRL/LLN0$Status,0.002192963000000603,0.0,1.0,1,618.0,1551.0,1844.0,308.3333333333333,DoS
ipcas_21:73:33,143,0,271,LIED10CTRL/LLN0$Status,0.004151253999999938,0.0,1.0,1,618.0,1551.0,1844.0,308.3333333333333,DoS
ipcas_21:73:33,143,0,272,LIED10CTRL/LLN0$Status,5.706999999688378e-06,0.0,1.0,1,618.0,1551.0,1844.0,308.3333333333333,DoS
ipcas_21:73:33,143,0,273,LIED10CTRL/LLN0$Status,0.001801621000000253,0.0,1.0,1,618.0,1551.0,1844.0,308.3333333333333,DoS
ipcas_21:73:33,143,0,274,LIED10CTRL/LLN0$Status,0.0019708000000004944,0.0,1.0,1,618.0,1551.0,1844.0,308.3333333333333,DoS
ipcas_21:73:33,143,0,275,LIED10CTRL/LLN0$Status,0.001988606999999476,0.0,1.0,1,618.0,1551.0,1844.0,308.3333333333333,DoS
ipcas_21:73:33,143,0,276,LIED10CTRL/LLN0$Status,0.0020373039999999065,0.0,1.0,1,618.0,1551.0,1844.0,308.3333333333333,DoS
ipcas_21:73:33,143,0,277,LIED10CTRL/LLN0$Status,0.0022683479999994205,0.0,1.0,1,618.0,1551.0,1844.0,308.3333333333333,DoS
ipcas_21:73:33,143,0,278,LIED10CTRL/LLN0$Status,0.0016978920000010334,0.0,1.0,1,618.0,1551.0,1844.0,308.3333333333333,DoS
ipcas_21:73:33,143,0,279,LIED10CTRL/LLN0$Status,0.0019977019999988244,0.0,1.0,1,618.0,1551.0,1844.0,308.3333333333333,DoS
ipcas_21:73:33,143,0,280,LIED10CTRL/LLN0$Status,0.0018722880000012765,0.0,1.0,1,618.0,1551.0,1844.0,308.3333333333333,DoS
ipcas_21:73:33,143,0,281,LIED10CTRL/LLN0$Status,0.0020131019999993782,0.0,1.0,1,618.0,1551.0,1844.0,308.3333333333333,DoS
ipcas_21:73:33,143,0,282,LIED10CTRL/LLN0$Status,0.002003887000000759,0.0,1.0,1,618.0,1551.0,1844.0,308.3333333333333,DoS
ipcas_21:73:33,143,0,283,LIED10CTRL/LLN0$Status,0.0021902019999995304,0.0,1.0,1,618.0,1551.0,1844.0,308.3333333333333,DoS
ipcas_21:73:33,143,0,284,LIED10CTRL/LLN0$Status,0.0020120079999994545,0.0,1.0,1,618.0,1551.0,1844.0,308.3333333333333,DoS
ipcas_21:73:33,143,0,285,LIED10CTRL/LLN0$Status,0.0020735649999998884,0.0,1.0,1,618.0,1551.0,1844.0,308.3333333333333,DoS
ipcas_21:73:33,143,0,286,LIED10CTRL/LLN0$Status,0.0019091289999995098,0.0,1.0,1,618.0,1551.0,1844.0,308.3333333333333,DoS
ipcas_21:73:33,143,0,287,LIED10CTRL/LLN0$Status,0.001996112000000494,0.0,1.0,1,618.0,1551.0,1844.0,308.3333333333333,DoS
ipcas_21:73:33,143,0,288,LIED10CTRL/LLN0$Status,0.0019944990000002605,0.0,1.0,1,618.0,1551.0,1844.0,308.3333333333333,DoS
ipcas_21:73:33,143,0,289,LIED10CTRL/LLN0$Status,0.001980006000000145,0.0,1.0,1,618.0,1551.0,1844.0,308.3333333333333,DoS
ipcas_21:73:33,143,0,290,LIED10CTRL/LLN0$Status,0.0022754480000006794,0.0,1.0,1,618.0,1551.0,1844.0,308.3333333333333,DoS
ipcas_21:73:33,143,0,291,LIED10CTRL/LLN0$Status,0.001756236999998606,0.0,1.0,1,618.0,1551.0,1844.0,308.3333333333333,DoS
ipcas_21:73:33,143,0,292,LIED10CTRL/LLN0$Status,0.0020026330000000314,0.0,1.0,1,618.0,1551.0,1844.0,308.3333333333333,DoS
ipcas_21:73:33,143,0,293,LIED10CTRL/LLN0$Status,0.0018045300000011366,0.0,1.0,1,618.0,1551.0,1844.0,308.3333333333333,DoS
ipcas_21:73:33,143,0,294,LIED10CTRL/LLN0$Status,0.0020080399999997667,0.0,1.0,1,618.0,1551.0,1844.0,308.3333333333333,DoS
ipcas_21:73:33,143,0,295,LIED10CTRL/LLN0$Status,0.0019992119999994173,0.0,1.0,1,618.0,1551.0,1844.0,308.3333333333333,DoS
ipcas_21:73:33,143,0,296,LIED10CTRL/LLN0$Status,0.0020708870000003543,0.0,1.0,1,618.0,1551.0,1844.0,308.3333333333333,DoS
ipcas_21:73:33,143,0,297,LIED10CTRL/LLN0$Status,0.0019447469999995803,0.0,1.0,1,618.0,1551.0,1844.0,308.3333333333333,DoS
ipcas_21:73:33,143,0,298,LIED10CTRL/LLN0$Status,0.0020804500000011217,0.0,1.0,1,618.0,1551.0,1844.0,308.3333333333333,DoS
ipcas_21:73:33,143,0,299,LIED10CTRL/LLN0$Status,0.0019378809999999191,0.0,1.0,1,618.0,1551.0,1844.0,308.3333333333333,DoS
ipcas_21:73:33,143,0,300,LIED10CTRL/LLN0$Status,0.002154470999998992,0.0,1.0,1,618.0,1551.0,1844.0,308.3333333333333,DoS
ipcas_21:73:33,143,0,301,LIED10CTRL/LLN0$Status,0.001984795000000261,0.0,1.0,1,618.0,1551.0,1844.0,308.3333333333333,DoS
ipcas_21:73:33,143,0,302,LIED10CTRL/LLN0$Status,0.002004210000000839,0.0,1.0,1,618.0,1551.0,1844.0,308.3333333333333,DoS
ipcas_21:73:33,143,0,303,LIED10CTRL/LLN0$Status,0.0020300769999987978,0.0,1.0,1,618.0,1551.0,1844.0,308.3333333333333,DoS
ipcas_21:73:33,143,0,304,LIED10CTRL/LLN0$Status,0.0019168589999996044,0.0,1.0,1,618.0,1551.0,1844.0,308.3333333333333,DoS
ipcas_21:73:33,143,0,305,LIED10CTRL/LLN0$Status,0.0020817620000013193,0.0,1.0,1,618.0,1551.0,1844.0,308.3333333333333,DoS
ipcas_21:73:33,143,0,306,LIED10CTRL/LLN0$Status,0.0019408969999989978,0.0,1.0,1,618.0,1551.0,1844.0,308.3333333333333,DoS
ipcas_21:73:33,143,0,307,LIED10CTRL/LLN0$Status,0.00205483100000059,0.0,1.0,1,618.0,1551.0,1844.0,308.3333333333333,DoS
ipcas_21:73:33,143,0,308,LIED10CTRL/LLN0$Status,0.0018975189999999031,0.0,1.0,1,618.0,1551.0,1844.0,308.3333333333333,DoS
ipcas_21:73:33,143,0,309,LIED10CTRL/LLN0$Status,0.002086237000000324,0.0,1.0,1,618.0,1551.0,1844.0,308.3333333333333,DoS
ipcas_21:73:33,143,0,310,LIED10CTRL/LLN0$Status,0.0018878909999990867,0.0,1.0,1,618.0,1551.0,1844.0,308.3333333333333,DoS
ipcas_21:73:33,143,0,311,LIED10CTRL/LLN0$Status,0.0020948020000002288,0.0,1.0,1,618.0,1551.0,1844.0,308.3333333333333,DoS
ipcas_21:73:33,143,0,312,LIED10CTRL/LLN0$Status,0.0020047870000006185,0.0,1.0,1,618.0,1551.0,1844.0,308.3333333333333,DoS
ipcas_21:73:33,143,0,313,LIED10CTRL/LLN0$Status,0.001988984000000471,0.0,1.0,1,618.0,1551.0,1844.0,308.3333333333333,DoS
ipcas_21:73:33,143,0,314,LIED10CTRL/LLN0$Status,0.0020777309999999716,0.0,1.0,1,618.0,1551.0,1844.0,308.3333333333333,DoS
ipcas_21:73:33,143,0,315,LIED10CTRL/LLN0$Status,0.0019500089999997527,0.0,1.0,1,618.0,1551.0,1844.0,308.3333333333333,DoS
ipcas_21:73:33,143,0,316,LIED10CTRL/LLN0$Status,0.0020542490000003966,0.0,1.0,1,618.0,1551.0,1844.0,308.3333333333333,DoS
ipcas_21:73:33,143,0,317,LIED10CTRL/LLN0$Status,0.002210409999999996,0.0,1.0,1,618.0,1551.0,1844.0,308.3333333333333,DoS
ipcas_21:73:33,143,0,318,LIED10CTRL/LLN0$Status,0.0017389999999988248,0.0,1.0,1,618.0,1551.0,1844.0,308.3333333333333,DoS
ipcas_21:73:33,143,0,319,LIED10CTRL/LLN0$Status,0.0020280960000000903,0.0,1.0,1,618.0,1551.0,1844.0,308.3333333333333,DoS
ipcas_21:73:33,143,0,320,LIED10CTRL/LLN0$Status,0.001972760000001017,0.0,1.0,1,618.0,1551.0,1844.0,308.3333333333333,DoS
ipcas_21:73:33,143,0,321,LIED10CTRL/LLN0$Status,0.001998724999999979,0.0,1.0,1,618.0,1551.0,1844.0,308.3333333333333,DoS
ipcas_21:73:33,143,0,322,LIED10CTRL/LLN0$Status,0.0022633679999994882,0.0,1.0,1,618.0,1551.0,1844.0,308.3333333333333,DoS
ipcas_21:73:33,143,0,323,LIED10CTRL/LLN0$Status,0.0017408499999991278,0.0,1.0,1,618.0,1551.0,1844.0,308.3333333333333,DoS
ipcas_21:73:33,143,0,324,LIED10CTRL/LLN0$Status,0.0019962080000013316,0.0,1.0,1,618.0,1551.0,1844.0,308.3333333333333,DoS
ipcas_21:73:33,143,0,325,LIED10CTRL/LLN0$Status,0.001997113999999911,0.0,1.0,1,618.0,1551.0,1844.0,308.3333333333333,DoS
ipcas_21:73:33,143,0,326,LIED10CTRL/LLN0$Status,0.002001279999999994,0.0,1.0,1,618.0,1551.0,1844.0,308.3333333333333,DoS
ipcas_21:73:33,143,0,327,LIED10CTRL/LLN0$Status,0.0019917839999994413,0.0,1.0,1,618.0,1551.0,1844.0,308.3333333333333,DoS
ipcas_21:73:33,143,0,328,LIED10CTRL/LLN0$Status,0.0019904890000006503,0.0,1.0,1,618.0,1551.0,1844.0,308.3333333333333,DoS
ipcas_21:73:33,143,0,329,LIED10CTRL/LLN0$Status,0.0019658509999995744,0.0,1.0,1,618.0,1551.0,1844.0,308.3333333333333,DoS
ipcas_21:73:33,143,0,330,LIED10CTRL/LLN0$Status,0.0020271499999999776,0.0,1.0,1,618.0,1551.0,1844.0,308.3333333333333,DoS
ipcas_21:73:33,143,0,331,LIED10CTRL/LLN0$Status,0.0019937060000003726,0.0,1.0,1,618.0,1551.0,1844.0,308.3333333333333,DoS
ipcas_21:73:33,143,0,332,LIED10CTRL/LLN0$Status,0.0020038229999990165,0.0,1.0,1,618.0,1551.0,1844.0,308.3333333333333,DoS
ipcas_21:73:33,143,0,333,LIED10CTRL/LLN0$Status,0.002017721999999722,0.0,1.0,1,618.0,1551.0,1844.0,308.3333333333333,DoS
ipcas_21:73:33,143,0,334,LIED10CTRL/LLN0$Status,0.0020279120000008533,0.0,1.0,1,618.0,1551.0,1844.0,308.3333333333333,DoS
ipcas_21:73:33,143,0,335,LIED10CTRL/LLN0$Status,0.002004438000000164,0.0,1.0,1,618.0,1551.0,1844.0,308.3333333333333,DoS
ipcas_21:73:33,143,0,336,LIED10CTRL/LLN0$Status,0.001983524999999986,0.0,1.0,1,618.0,1551.0,1844.0,308.3333333333333,DoS
ipcas_21:73:33,143,0,337,LIED10CTRL/LLN0$Status,0.001992465999999027,0.0,1.0,1,618.0,1551.0,1844.0,308.3333333333333,DoS
ipcas_21:73:33,143,0,338,LIED10CTRL/LLN0$Status,0.00203397300000141,0.0,1.0,1,618.0,1551.0,1844.0,308.3333333333333,DoS
ipcas_21:73:33,143,0,339,LIED10CTRL/LLN0$Status,0.0019653369999996784,0.0,1.0,1,618.0,1551.0,1844.0,308.3333333333333,DoS
ipcas_21:73:33,143,0,340,LIED10CTRL/LLN0$Status,0.00241895999999997,0.0,1.0,1,618.0,1551.0,1844.0,308.3333333333333,DoS
ipcas_21:73:33,143,0,341,LIED10CTRL/LLN0$Status,0.0015836969999991624,0.0,1.0,1,618.0,1551.0,1844.0,308.3333333333333,DoS
ipcas_21:73:33,143,0,342,LIED10CTRL/LLN0$Status,0.0020025900000000263,0.0,1.0,1,618.0,1551.0,1844.0,308.3333333333333,DoS
ipcas_21:73:33,143,0,343,LIED10CTRL/LLN0$Status,0.001995967000000931,0.0,1.0,1,618.0,1551.0,1844.0,308.3333333333333,DoS
ipcas_21:73:33,143,0,344,LIED10CTRL/LLN0$Status,0.00200664599999989,0.0,1.0,1,618.0,1551.0,1844.0,308.3333333333333,DoS
ipcas_21:73:33,143,0,345,LIED10CTRL/LLN0$Status,0.0019969169999995984,0.0,1.0,1,618.0,1551.0,1844.0,308.3333333333333,DoS
ipcas_21:73:33,143,0,346,LIED10CTRL/LLN0$Status,0.0020111830000004716,0.0,1.0,1,618.0,1551.0,1844.0,308.3333333333333,DoS
ipcas_21:73:33,143,0,347,LIED10CTRL/LLN0$Status,0.002335506999999737,0.0,1.0,1,618.0,1551.0,1844.0,308.3333333333333,DoS
ipcas_21:73:33,143,0,348,LIED10CTRL/LLN0$Status,0.0021002360000004217,0.0,1.0,1,618.0,1551.0,1844.0,308.3333333333333,DoS
ipcas_21:73:33,143,0,349,LIED10CTRL/LLN0$Status,0.0015197689999997266,0.0,1.0,1,618.0,1551.0,1844.0,308.3333333333333,DoS
ipcas_21:73:33,143,0,350,LIED10CTRL/LLN0$Status,0.002026965999998964,0.0,1.0,1,618.0,1551.0,1844.0,308.3333333333333,DoS
ipcas_21:73:33,143,0,351,LIED10CTRL/LLN0$Status,0.0020562870000002675,0.0,1.0,1,618.0,1551.0,1844.0,308.3333333333333,DoS
ipcas_21:73:33,143,0,352,LIED10CTRL/LLN0$Status,0.001994340999999622,0.0,1.0,1,618.0,1551.0,1844.0,308.3333333333333,DoS
ipcas_21:73:33,143,0,353,LIED10CTRL/LLN0$Status,0.0021746480000004453,0.0,1.0,1,618.0,1551.0,1844.0,308.3333333333333,DoS
ipcas_21:73:33,143,0,354,LIED10CTRL/LLN0$Status,0.0017728350000005832,0.0,1.0,1,618.0,1551.0,1844.0,308.3333333333333,DoS
ipcas_21:73:33,143,0,355,LIED10CTRL/LLN0$Status,0.002543699000000288,0.0,1.0,1,618.0,1551.0,1844.0,308.3333333333333,DoS
ipcas_21:73:33,143,0,356,LIED10CTRL/LLN0$Status,0.0014654599999985862,0.0,1.0,1,618.0,1551.0,1844.0,308.3333333333333,DoS
ipcas_21:73:33,143,0,357,LIED10CTRL/LLN0$Status,0.0019713000000010084,0.0,1.0,1,618.0,1551.0,1844.0,308.3333333333333,DoS
ipcas_21:73:33,143,0,358,LIED10CTRL/LLN0$Status,0.002033234000000661,0.0,1.0,1,618.0,1551.0,1844.0,308.3333333333333,DoS
ipcas_21:73:33,143,0,359,LIED10CTRL/LLN0$Status,0.0023216859999983797,0.0,1.0,1,618.0,1551.0,1844.0,308.3333333333333,DoS
ipcas_21:73:33,143,0,360,LIED10CTRL/LLN0$Status,0.0015876230000007041,0.0,1.0,1,618.0,1551.0,1844.0,308.3333333333333,DoS
ipcas_21:73:33,143,0,361,LIED10CTRL/LLN0$Status,0.0018769360000003843,0.0,1.0,1,618.0,1551.0,1844.0,308.3333333333333,DoS
ipcas_21:73:33,143,0,362,LIED10CTRL/LLN0$Status,0.00214728899999983,0.0,1.0,1,618.0,1551.0,1844.0,308.3333333333333,DoS
ipcas_21:73:33,143,0,363,LIED10CTRL/LLN0$Status,0.0019679860000003657,0.0,1.0,1,618.0,1551.0,1844.0,308.3333333333333,DoS
ipcas_21:73:33,143,0,364,LIED10CTRL/LLN0$Status,0.0020513070000003353,0.0,1.0,1,618.0,1551.0,1844.0,308.3333333333333,DoS
ipcas_21:73:33,143,0,365,LIED10CTRL/LLN0$Status,0.0019788829999995983,0.0,1.0,1,618.0,1551.0,1844.0,308.3333333333333,DoS
ipcas_21:73:33,143,0,366,LIED10CTRL/LLN0$Status,0.0018689529999988963,0.0,1.0,1,618.0,1551.0,1844.0,308.3333333333333,DoS
ipcas_21:73:33,143,0,367,LIED10CTRL/LLN0$Status,0.0021272020000004943,0.0,1.0,1,618.0,1551.0,1844.0,308.3333333333333,DoS
ipcas_21:73:33,143,0,368,LIED10CTRL/LLN0$Status,0.0018646400000008612,0.0,1.0,1,618.0,1551.0,1844.0,308.3333333333333,DoS
ipcas_21:73:33,143,0,369,LIED10CTRL/LLN0$Status,0.0020654009999994116,0.0,1.0,1,618.0,1551.0,1844.0,308.3333333333333,DoS
ipcas_21:73:33,143,0,370,LIED10CTRL/LLN0$Status,0.0019344579999991396,0.0,1.0,1,618.0,1551.0,1844.0,308.3333333333333,DoS
ipcas_21:73:33,143,0,371,LIED10CTRL/LLN0$Status,0.0020731560000015747,0.0,1.0,1,618.0,1551.0,1844.0,308.3333333333333,DoS
ipcas_21:73:33,143,0,372,LIED10CTRL/LLN0$Status,0.0019941399999989784,0.0,1.0,1,618.0,1551.0,1844.0,308.3333333333333,DoS
ipcas_21:73:33,143,0,373,LIED10CTRL/LLN0$Status,0.0019223969999995205,0.0,1.0,1,618.0,1551.0,1844.0,308.3333333333333,DoS
ipcas_21:73:33,143,0,374,LIED10CTRL/LLN0$Status,0.0021587350000000782,0.0,1.0,1,618.0,1551.0,1844.0,308.3333333333333,DoS
ipcas_21:73:33,143,0,375,LIED10CTRL/LLN0$Status,0.002000752000000716,0.0,1.0,1,618.0,1551.0,1844.0,308.3333333333333,DoS
ipcas_21:73:33,143,0,376,LIED10CTRL/LLN0$Status,0.0018770549999995723,0.0,1.0,1,618.0,1551.0,1844.0,308.3333333333333,DoS
ipcas_21:73:33,143,0,377,LIED10CTRL/LLN0$Status,0.0019786590000006044,0.0,1.0,1,618.0,1551.0,1844.0,308.3333333333333,DoS
ipcas_21:73:33,143,0,378,LIED10CTRL/LLN0$Status,0.001996469999999917,0.0,1.0,1,618.0,1551.0,1844.0,308.3333333333333,DoS
ipcas_21:73:33,143,0,379,LIED10CTRL/LLN0$Status,0.002008845999998954,0.0,1.0,1,618.0,1551.0,1844.0,308.3333333333333,DoS
ipcas_21:73:33,143,0,380,LIED10CTRL/LLN0$Status,0.00199167100000075,0.0,1.0,1,618.0,1551.0,1844.0,308.3333333333333,DoS
ipcas_21:73:33,143,0,381,LIED10CTRL/LLN0$Status,0.002009676000000127,0.0,1.0,1,618.0,1551.0,1844.0,308.3333333333333,DoS
ipcas_21:73:33,143,0,382,LIED10CTRL/LLN0$Status,0.001983926999999497,0.0,1.0,1,618.0,1551.0,1844.0,308.3333333333333,DoS
ipcas_21:73:33,143,0,383,LIED10CTRL/LLN0$Status,0.002020307000000443,0.0,1.0,1,618.0,1551.0,1844.0,308.3333333333333,DoS
ipcas_21:73:33,143,0,384,LIED10CTRL/LLN0$Status,0.0019994289999996084,0.0,1.0,1,618.0,1551.0,1844.0,308.3333333333333,DoS
ipcas_21:73:33,143,0,385,LIED10CTRL/LLN0$Status,0.002032794999999865,0.0,1.0,1,618.0,1551.0,1844.0,308.3333333333333,DoS
ipcas_21:73:33,143,0,386,LIED10CTRL/LLN0$Status,0.001952354000000156,0.0,1.0,1,618.0,1551.0,1844.0,308.3333333333333,DoS
ipcas_21:73:33,143,0,387,LIED10CTRL/LLN0$Status,0.0019787880000006197,0.0,1.0,1,618.0,1551.0,1844.0,308.3333333333333,DoS
ipcas_21:73:33,143,0,388,LIED10CTRL/LLN0$Status,0.00200054999999999,0.0,1.0,1,618.0,1551.0,1844.0,308.3333333333333,DoS
ipcas_21:73:33,143,0,389,LIED10CTRL/LLN0$Status,0.00205315999999911,0.0,1.0,1,618.0,1551.0,1844.0,308.3333333333333,DoS
ipcas_21:73:33,143,0,390,LIED10CTRL/LLN0$Status,0.0020890700000002482,0.0,1.0,1,618.0,1551.0,1844.0,308.3333333333333,DoS
ipcas_21:73:33,143,0,391,LIED10CTRL/LLN0$Status,0.001988915000000091,0.0,1.0,1,618.0,1551.0,1844.0,308.3333333333333,DoS
ipcas_21:73:33,143,0,392,LIED10CTRL/LLN0$Status,0.0019024700000009886,0.0,1.0,1,618.0,1551.0,1844.0,308.3333333333333,DoS
ipcas_21:73:33,143,0,393,LIED10CTRL/LLN0$Status,0.002003667999998626,0.0,1.0,1,618.0,1551.0,1844.0,308.3333333333333,DoS
ipcas_21:73:33,143,0,394,LIED10CTRL/LLN0$Status,0.001991304000000582,0.0,1.0,1,618.0,1551.0,1844.0,308.3333333333333,DoS
ipcas_21:73:33,143,0,395,LIED10CTRL/LLN0$Status,0.002008267000000785,0.0,1.0,1,618.0,1551.0,1844.0,308.3333333333333,DoS
ipcas_21:73:33,143,0,396,LIED10CTRL/LLN0$Status,0.0020361779999991114,0.0,1.0,1,618.0,1551.0,1844.0,308.3333333333333,DoS
ipcas_21:73:33,143,0,397,LIED10CTRL/LLN0$Status,0.001982684999999762,0.0,1.0,1,618.0,1551.0,1844.0,308.3333333333333,DoS
ipcas_21:73:33,143,0,398,LIED10CTRL/LLN0$Status,0.001981664000000549,0.0,1.0,1,618.0,1551.0,1844.0,308.3333333333333,DoS
ipcas_21:73:33,143,0,399,LIED10CTRL/LLN0$Status,0.0020544590000000085,0.0,1.0,1,618.0,1551.0,1844.0,308.3333333333333,DoS
ipcas_21:73:33,143,0,400,LIED10CTRL/LLN0$Status,0.0020323100000005923,0.0,1.0,1,618.0,1551.0,1844.0,308.3333333333333,DoS
ipcas_21:73:33,143,0,401,LIED10CTRL/LLN0$Status,0.001902763999998669,0.0,1.0,1,618.0,1551.0,1844.0,308.3333333333333,DoS
ipcas_21:73:33,143,0,402,LIED10CTRL/LLN0$Status,0.002020020999999872,0.0,1.0,1,618.0,1551.0,1844.0,308.3333333333333,DoS
ipcas_21:73:33,143,0,403,LIED10CTRL/LLN0$Status,0.0019767160000014883,0.0,1.0,1,618.0,1551.0,1844.0,308.3333333333333,DoS
ipcas_21:73:33,143,0,404,LIED10CTRL/LLN0$Status,0.002100975999999477,0.0,1.0,1,618.0,1551.0,1844.0,308.3333333333333,DoS
ipcas_21:73:33,143,0,405,LIED10CTRL/LLN0$Status,0.0021260919999992467,0.0,1.0,1,618.0,1551.0,1844.0,308.3333333333333,DoS
ipcas_21:73:33,143,0,406,LIED10CTRL/LLN0$Status,0.0018805799999999095,0.0,1.0,1,618.0,1551.0,1844.0,308.3333333333333,DoS
ipcas_21:73:33,143,0,407,LIED10CTRL/LLN0$Status,0.001945292000000265,0.0,1.0,1,618.0,1551.0,1844.0,308.3333333333333,DoS
ipcas_21:73:33,143,0,408,LIED10CTRL/LLN0$Status,0.0021565110000008048,0.0,1.0,1,618.0,1551.0,1844.0,308.3333333333333,DoS
ipcas_21:73:33,143,0,409,LIED10CTRL/LLN0$Status,0.001961743999999044,0.0,1.0,1,618.0,1551.0,1844.0,308.3333333333333,DoS
ipcas_21:73:33,143,0,410,LIED10CTRL/LLN0$Status,0.001964984000000669,0.0,1.0,1,618.0,1551.0,1844.0,308.3333333333333,DoS
ipcas_21:73:33,143,0,411,LIED10CTRL/LLN0$Status,0.002167208999999559,0.0,1.0,1,618.0,1551.0,1844.0,308.3333333333333,DoS
ipcas_21:73:33,143,0,412,LIED10CTRL/LLN0$Status,0.0018596630000011771,0.0,1.0,1,618.0,1551.0,1844.0,308.3333333333333,DoS
ipcas_21:73:33,143,0,413,LIED10CTRL/LLN0$Status,0.002014615999998526,0.0,1.0,1,618.0,1551.0,1844.0,308.3333333333333,DoS
ipcas_21:73:33,143,0,414,LIED10CTRL/LLN0$Status,0.0019190529999999484,0.0,1.0,1,618.0,1551.0,1844.0,308.3333333333333,DoS
ipcas_21:73:33,143,0,415,LIED10CTRL/LLN0$Status,0.0020004580000012595,0.0,1.0,1,618.0,1551.0,1844.0,308.3333333333333,DoS
ipcas_21:73:33,143,0,416,LIED10CTRL/LLN0$Status,0.0024446259999990616,0.0,1.0,1,618.0,1551.0,1844.0,308.3333333333333,DoS
ipcas_21:73:33,143,0,417,LIED10CTRL/LLN0$Status,0.0017131990000009978,0.0,1.0,1,618.0,1551.0,1844.0,308.3333333333333,DoS
ipcas_21:73:33,143,0,418,LIED10CTRL/LLN0$Status,0.0019069009999999054,0.0,1.0,1,618.0,1551.0,1844.0,308.3333333333333,DoS
ipcas_21:73:33,143,0,419,LIED10CTRL/LLN0$Status,0.002054862999999685,0.0,1.0,1,618.0,1551.0,1844.0,308.3333333333333,DoS
ipcas_21:73:33,143,0,420,LIED10CTRL/LLN0$Status,0.0019154040000000094,0.0,1.0,1,618.0,1551.0,1844.0,308.3333333333333,DoS
ipcas_21:73:33,143,0,421,LIED10CTRL/LLN0$Status,0.001958018999999922,0.0,1.0,1,618.0,1551.0,1844.0,308.3333333333333,DoS
ipcas_21:73:33,143,0,422,LIED10CTRL/LLN0$Status,0.0022584549999997705,0.0,1.0,1,618.0,1551.0,1844.0,308.3333333333333,DoS
ipcas_21:73:33,143,0,423,LIED10CTRL/LLN0$Status,0.0017485629999995922,0.0,1.0,1,618.0,1551.0,1844.0,308.3333333333333,DoS
ipcas_21:73:33,143,0,424,LIED10CTRL/LLN0$Status,0.0020769210000004534,0.0,1.0,1,618.0,1551.0,1844.0,308.3333333333333,DoS
ipcas_21:73:33,143,0,425,LIED10CTRL/LLN0$Status,0.001956263000000291,0.0,1.0,1,618.0,1551.0,1844.0,308.3333333333333,DoS
ipcas_21:73:33,143,0,426,LIED10CTRL/LLN0$Status,0.0020040259999998256,0.0,1.0,1,618.0,1551.0,1844.0,308.3333333333333,DoS
ipcas_21:73:33,143,0,427,LIED10CTRL/LLN0$Status,0.002013076999999086,0.0,1.0,1,618.0,1551.0,1844.0,308.3333333333333,DoS
ipcas_21:73:33,143,0,428,LIED10CTRL/LLN0$Status,0.002002841000001254,0.0,1.0,1,618.0,1551.0,1844.0,308.3333333333333,DoS
ipcas_21:73:33,143,0,429,LIED10CTRL/LLN0$Status,0.001978330000000028,0.0,1.0,1,618.0,1551.0,1844.0,308.3333333333333,DoS
ipcas_21:73:33,143,0,430,LIED10CTRL/LLN0$Status,0.002026421000000056,0.0,1.0,1,618.0,1551.0,1844.0,308.3333333333333,DoS
ipcas_21:73:33,143,0,431,LIED10CTRL/LLN0$Status,0.0015541349999992349,0.0,1.0,1,618.0,1551.0,1844.0,308.3333333333333,DoS
ipcas_21:73:33,143,0,432,LIED10CTRL/LLN0$Status,0.0015287560000007971,0.0,1.0,1,618.0,1551.0,1844.0,308.3333333333333,DoS
ipcas_21:73:33,143,0,433,LIED10CTRL/LLN0$Status,0.0018635129999999833,0.0,1.0,1,618.0,1551.0,1844.0,308.3333333333333,DoS
ipcas_21:73:33,143,0,434,LIED10CTRL/LLN0$Status,0.0019994469999993214,0.0,1.0,1,618.0,1551.0,1844.0,308.3333333333333,DoS
ipcas_21:73:33,143,0,435,LIED10CTRL/LLN0$Status,0.002115377000000862,0.0,1.0,1,618.0,1551.0,1844.0,308.3333333333333,DoS
ipcas_21:73:33,143,0,436,LIED10CTRL/LLN0$Status,0.001961428999999626,0.0,1.0,1,618.0,1551.0,1844.0,308.3333333333333,DoS
ipcas_21:73:33,143,0,437,LIED10CTRL/LLN0$Status,0.00200254299999969,0.0,1.0,1,618.0,1551.0,1844.0,308.3333333333333,DoS
ipcas_21:73:33,143,0,438,LIED10CTRL/LLN0$Status,0.0021156789999992043,0.0,1.0,1,618.0,1551.0,1844.0,308.3333333333333,DoS
ipcas_21:73:33,143,0,439,LIED10CTRL/LLN0$Status,0.002175146000000794,0.0,1.0,1,618.0,1551.0,1844.0,308.3333333333333,DoS
ipcas_21:73:33,143,0,440,LIED10CTRL/LLN0$Status,0.0022156469999998762,0.0,1.0,1,618.0,1551.0,1844.0,308.3333333333333,DoS
ipcas_21:73:33,143,0,441,LIED10CTRL/LLN0$Status,0.0009922360000000907,0.0,1.0,1,618.0,1551.0,1844.0,308.3333333333333,DoS
ipcas_21:73:33,143,0,442,LIED10CTRL/LLN0$Status,0.0029601340000002807,0.0,1.0,1,618.0,1551.0,1844.0,308.3333333333333,DoS
ipcas_21:73:33,143,0,443,LIED10CTRL/LLN0$Status,0.0017931440000005239,0.0,1.0,1,618.0,1551.0,1844.0,308.3333333333333,DoS
ipcas_21:73:33,143,0,444,LIED10CTRL/LLN0$Status,0.002550474999999608,0.0,1.0,1,618.0,1551.0,1844.0,308.3333333333333,DoS
ipcas_21:73:33,143,0,445,LIED10CTRL/LLN0$Status,0.0022017999999999205,0.0,1.0,1,618.0,1551.0,1844.0,308.3333333333333,DoS
ipcas_21:73:33,143,0,446,LIED10CTRL/LLN0$Status,0.0018954119999996522,0.0,1.0,1,618.0,1551.0,1844.0,308.3333333333333,DoS
ipcas_21:73:33,143,0,447,LIED10CTRL/LLN0$Status,0.002079883000000393,0.0,1.0,1,618.0,1551.0,1844.0,308.3333333333333,DoS
ipcas_21:73:33,143,0,448,LIED10CTRL/LLN0$Status,0.0020923169999989,0.0,1.0,1,618.0,1551.0,1844.0,308.3333333333333,DoS
ipcas_21:73:33,143,0,449,LIED10CTRL/LLN0$Status,0.002276648000000492,0.0,1.0,1,618.0,1551.0,1844.0,308.3333333333333,DoS
ipcas_21:73:33,143,0,450,LIED10CTRL/LLN0$Status,0.0015130560000002902,0.0,1.0,1,618.0,1551.0,1844.0,308.3333333333333,DoS
ipcas_21:73:33,143,0,451,LIED10CTRL/LLN0$Status,0.001963593999999347,0.0,1.0,1,618.0,1551.0,1844.0,308.3333333333333,DoS
ipcas_21:73:33,143,0,452,LIED10CTRL/LLN0$Status,0.002132868000000343,0.0,1.0,1,618.0,1551.0,1844.0,308.3333333333333,DoS
ipcas_21:73:33,143,0,453,LIED10CTRL/LLN0$Status,0.001954705999999362,0.0,1.0,1,618.0,1551.0,1844.0,308.3333333333333,DoS
ipcas_21:73:33,143,0,454,LIED10CTRL/LLN0$Status,0.001954147000001072,0.0,1.0,1,618.0,1551.0,1844.0,308.3333333333333,DoS
ipcas_21:73:33,143,0,455,LIED10CTRL/LLN0$Status,0.002492555999999979,0.0,1.0,1,618.0,1551.0,1844.0,308.3333333333333,DoS
ipcas_21:73:33,143,0,456,LIED10CTRL/LLN0$Status,0.0019519999999992876,0.0,1.0,1,618.0,1551.0,1844.0,308.3333333333333,DoS
ipcas_21:73:33,143,0,457,LIED10CTRL/LLN0$Status,0.0019123749999998552,0.0,1.0,1,618.0,1551.0,1844.0,308.3333333333333,DoS
ipcas_21:73:33,143,0,458,LIED10CTRL/LLN0$Status,0.0036811770000007016,0.0,1.0,1,618.0,1551.0,1844.0,308.3333333333333,DoS
ipcas_21:73:33,143,0,459,LIED10CTRL/LLN0$Status,0.00031251599999926327,0.0,1.0,1,618.0,1551.0,1844.0,308.3333333333333,DoS
ipcas_21:73:33,143,0,460,LIED10CTRL/LLN0$Status,0.0018447430000012588,0.0,1.0,1,618.0,1551.0,1844.0,308.3333333333333,DoS
ipcas_21:73:33,143,0,461,LIED10CTRL/LLN0$Status,0.0028351139999998054,0.0,1.0,1,618.0,1551.0,1844.0,308.3333333333333,DoS
ipcas_21:73:33,143,0,462,LIED10CTRL/LLN0$Status,0.002027447999999765,0.0,1.0,1,618.0,1551.0,1844.0,308.3333333333333,DoS
ipcas_21:73:33,143,0,463,LIED10CTRL/LLN0$Status,0.002076683000000301,0.0,1.0,1,618.0,1551.0,1844.0,308.3333333333333,DoS
ipcas_21:73:33,143,0,464,LIED10CTRL/LLN0$Status,0.0020633229999997837,0.0,1.0,1,618.0,1551.0,1844.0,308.3333333333333,DoS
ipcas_21:73:33,143,0,465,LIED10CTRL/LLN0$Status,0.0019497600000004667,0.0,1.0,1,618.0,1551.0,1844.0,308.3333333333333,DoS
ipcas_21:73:33,143,0,466,LIED10CTRL/LLN0$Status,0.0019727319999987003,0.0,1.0,1,618.0,1551.0,1844.0,308.3333333333333,DoS
ipcas_21:73:33,143,0,467,LIED10CTRL/LLN0$Status,0.00189965600000086,0.0,1.0,1,618.0,1551.0,1844.0,308.3333333333333,DoS
ipcas_21:73:33,143,0,468,LIED10CTRL/LLN0$Status,0.002156842999999853,0.0,1.0,1,618.0,1551.0,1844.0,308.3333333333333,DoS
ipcas_21:73:33,143,0,469,LIED10CTRL/LLN0$Status,0.0018336350000005552,0.0,1.0,1,618.0,1551.0,1844.0,308.3333333333333,DoS
ipcas_21:73:33,143,0,470,LIED10CTRL/LLN0$Status,0.001973760999998575,0.0,1.0,1,618.0,1551.0,1844.0,308.3333333333333,DoS
ipcas_21:73:33,143,0,471,LIED10CTRL/LLN0$Status,0.002236869000000752,0.0,1.0,1,618.0,1551.0,1844.0,308.3333333333333,DoS
ipcas_21:73:33,143,0,472,LIED10CTRL/LLN0$Status,0.0018278009999992406,0.0,1.0,1,618.0,1551.0,1844.0,308.3333333333333,DoS
ipcas_21:73:33,143,0,473,LIED10CTRL/LLN0$Status,0.001912148000000613,0.0,1.0,1,618.0,1551.0,1844.0,308.3333333333333,DoS
ipcas_21:73:33,143,0,474,LIED10CTRL/LLN0$Status,0.0020802209999999377,0.0,1.0,1,618.0,1551.0,1844.0,308.3333333333333,DoS
ipcas_21:73:33,143,0,475,LIED10CTRL/LLN0$Status,0.0019666730000000854,0.0,1.0,1,618.0,1551.0,1844.0,308.3333333333333,DoS
ipcas_21:73:33,143,0,476,LIED10CTRL/LLN0$Status,0.00817971600000078,0.0,1.0,1,618.0,1551.0,1844.0,308.3333333333333,DoS
ipcas_21:73:33,143,0,477,LIED10CTRL/LLN0$Status,0.001793981999998806,0.0,1.0,1,618.0,1551.0,1844.0,308.3333333333333,DoS
ipcas_21:73:33,143,0,478,LIED10CTRL/LLN0$Status,0.0023249600000010417,0.0,1.0,1,618.0,1551.0,1844.0,308.3333333333333,DoS
ipcas_21:73:33,143,0,479,LIED10CTRL/LLN0$Status,0.0025891659999999206,0.0,1.0,1,618.0,1551.0,1844.0,308.3333333333333,DoS
ipcas_21:73:33,143,0,480,LIED10CTRL/LLN0$Status,0.0019980220000004323,0.0,1.0,1,618.0,1551.0,1844.0,308.3333333333333,DoS
ipcas_21:73:33,143,0,481,LIED10CTRL/LLN0$Status,0.0013852119999988588,0.0,1.0,1,618.0,1551.0,1844.0,308.3333333333333,DoS
ipcas_21:73:33,143,0,482,LIED10CTRL/LLN0$Status,0.0018673900000010235,0.0,1.0,1,618.0,1551.0,1844.0,308.3333333333333,DoS
ipcas_21:73:33,143,0,483,LIED10CTRL/LLN0$Status,0.001971570999998562,0.0,1.0,1,618.0,1551.0,1844.0,308.3333333333333,DoS
ipcas_21:73:33,143,0,484,LIED10CTRL/LLN0$Status,0.0018141020000008723,0.0,1.0,1,618.0,1551.0,1844.0,308.3333333333333,DoS
ipcas_21:73:33,143,0,485,LIED10CTRL/LLN0$Status,0.0019968919999993062,0.0,1.0,1,618.0,1551.0,1844.0,308.3333333333333,DoS
ipcas_21:73:33,143,0,486,LIED10CTRL/LLN0$Status,0.001999808000000769,0.0,1.0,1,618.0,1551.0,1844.0,308.3333333333333,DoS
ipcas_21:73:33,143,0,487,LIED10CTRL/LLN0$Status,0.001215824999999171,0.0,1.0,1,618.0,1551.0,1844.0,308.3333333333333,DoS
ipcas_21:73:33,143,0,488,LIED10CTRL/LLN0$Status,0.0027404760000013795,0.0,1.0,1,618.0,1551.0,1844.0,308.3333333333333,DoS
ipcas_21:73:33,143,0,489,LIED10CTRL/LLN0$Status,0.0019961239999997105,0.0,1.0,1,618.0,1551.0,1844.0,308.3333333333333,DoS
ipcas_21:73:33,143,0,490,LIED10CTRL/LLN0$Status,0.002013973000000391,0.0,1.0,1,618.0,1551.0,1844.0,308.3333333333333,DoS
ipcas_21:73:33,143,0,491,LIED10CTRL/LLN0$Status,0.0012643989999983063,0.0,1.0,1,618.0,1551.0,1844.0,308.3333333333333,DoS
ipcas_21:73:33,143,0,492,LIED10CTRL/LLN0$Status,0.0018766610000007233,0.0,1.0,1,618.0,1551.0,1844.0,308.3333333333333,DoS
ipcas_21:73:33,143,0,493,LIED10CTRL/LLN0$Status,0.001912322000000799,0.0,1.0,1,618.0,1551.0,1844.0,308.3333333333333,DoS
ipcas_21:73:33,143,0,494,LIED10CTRL/LLN0$Status,0.002011368999999874,0.0,1.0,1,618.0,1551.0,1844.0,308.3333333333333,DoS
ipcas_21:73:33,143,0,495,LIED10CTRL/LLN0$Status,0.0019990769999989055,0.0,1.0,1,618.0,1551.0,1844.0,308.3333333333333,DoS
ipcas_21:73:33,143,0,496,LIED10CTRL/LLN0$Status,0.001999603999999877,0.0,1.0,1,618.0,1551.0,1844.0,308.3333333333333,DoS
ipcas_21:73:33,143,0,497,LIED10CTRL/LLN0$Status,0.002135689000001051,0.0,1.0,1,618.0,1551.0,1844.0,308.3333333333333,DoS
ipcas_21:73:33,143,0,498,LIED10CTRL/LLN0$Status,0.001965320000000048,0.0,1.0,1,618.0,1551.0,1844.0,308.3333333333333,DoS
ipcas_21:73:33,143,0,499,LIED10CTRL/LLN0$Status,0.0019888609999991758,0.0,1.0,1,618.0,1551.0,1844.0,308.3333333333333,DoS
ipcas_21:73:33,143,0,500,LIED10CTRL/LLN0$Status,0.0019161519999997267,0.0,1.0,1,618.0,1551.0,1844.0,308.3333333333333,DoS
ipcas_21:73:33,143,0,501,LIED10CTRL/LLN0$Status,0.002082356000000729,0.0,1.0,1,618.0,1551.0,1844.0,308.3333333333333,DoS
ipcas_21:73:33,143,0,502,LIED10CTRL/LLN0$Status,0.001958695999999094,0.0,1.0,1,618.0,1551.0,1844.0,308.3333333333333,DoS
ipcas_21:73:33,143,0,503,LIED10CTRL/LLN0$Status,0.002038006000001147,0.0,1.0,1,618.0,1551.0,1844.0,308.3333333333333,DoS
ipcas_21:73:33,143,0,504,LIED10CTRL/LLN0$Status,0.0020170279999991436,0.0,1.0,1,618.0,1551.0,1844.0,308.3333333333333,DoS
ipcas_21:73:33,143,0,505,LIED10CTRL/LLN0$Status,0.001869155000001399,0.0,1.0,1,618.0,1551.0,1844.0,308.3333333333333,DoS
ipcas_21:73:33,143,0,506,LIED10CTRL/LLN0$Status,0.0020534379999990193,0.0,1.0,1,618.0,1551.0,1844.0,308.3333333333333,DoS
ipcas_21:73:33,143,0,507,LIED10CTRL/LLN0$Status,0.001977869999999271,0.0,1.0,1,618.0,1551.0,1844.0,308.3333333333333,DoS
ipcas_21:73:33,143,0,508,LIED10CTRL/LLN0$Status,0.002004210000000839,0.0,1.0,1,618.0,1551.0,1844.0,308.3333333333333,DoS
ipcas_21:73:33,143,0,509,LIED10CTRL/LLN0$Status,0.0020866169999997908,0.0,1.0,1,618.0,1551.0,1844.0,308.3333333333333,DoS
ipcas_21:73:33,143,0,510,LIED10CTRL/LLN0$Status,0.001992072000000178,0.0,1.0,1,618.0,1551.0,1844.0,308.3333333333333,DoS
ipcas_21:73:33,143,0,511,LIED10CTRL/LLN0$Status,0.0019998500000006914,0.0,1.0,1,618.0,1551.0,1844.0,308.3333333333333,DoS
ipcas_21:73:33,143,0,512,LIED10CTRL/LLN0$Status,0.0019247870000000944,0.0,1.0,1,618.0,1551.0,1844.0,308.3333333333333,DoS
ipcas_21:73:33,143,0,513,LIED10CTRL/LLN0$Status,0.0021414979999985206,0.0,1.0,1,618.0,1551.0,1844.0,308.3333333333333,DoS
ipcas_21:73:33,143,0,514,LIED10CTRL/LLN0$Status,0.0020247250000000605,0.0,1.0,1,618.0,1551.0,1844.0,308.3333333333333,DoS
ipcas_21:73:33,143,0,515,LIED10CTRL/LLN0$Status,0.0018375999999999948,0.0,1.0,1,618.0,1551.0,1844.0,308.3333333333333,DoS
ipcas_21:73:33,143,0,516,LIED10CTRL/LLN0$Status,0.0021558890000008546,0.0,1.0,1,618.0,1551.0,1844.0,308.3333333333333,DoS
ipcas_21:73:33,143,0,517,LIED10CTRL/LLN0$Status,0.0019336370000004877,0.0,1.0,1,618.0,1551.0,1844.0,308.3333333333333,DoS
ipcas_21:73:33,143,0,518,LIED10CTRL/LLN0$Status,0.0019444849999992186,0.0,1.0,1,618.0,1551.0,1844.0,308.3333333333333,DoS
ipcas_21:73:33,143,0,519,LIED10CTRL/LLN0$Status,0.0021105470000009063,0.0,1.0,1,618.0,1551.0,1844.0,308.3333333333333,DoS
ipcas_21:73:33,143,0,520,LIED10CTRL/LLN0$Status,0.001869724999998823,0.0,1.0,1,618.0,1551.0,1844.0,308.3333333333333,DoS
ipcas_21:73:33,143,0,521,LIED10CTRL/LLN0$Status,0.00211521399999981,0.0,1.0,1,618.0,1551.0,1844.0,308.3333333333333,DoS
ipcas_21:73:33,143,0,522,LIED10CTRL/LLN0$Status,0.0020594620000000674,0.0,1.0,1,618.0,1551.0,1844.0,308.3333333333333,DoS
ipcas_21:73:33,143,0,523,LIED10CTRL/LLN0$Status,0.0019916280000007447,0.0,1.0,1,618.0,1551.0,1844.0,308.3333333333333,DoS
ipcas_21:73:33,143,0,524,LIED10CTRL/LLN0$Status,0.002025275999999465,0.0,1.0,1,618.0,1551.0,1844.0,308.3333333333333,DoS
ipcas_21:73:33,143,0,525,LIED10CTRL/LLN0$Status,0.0019760980000000927,0.0,1.0,1,618.0,1551.0,1844.0,308.3333333333333,DoS
ipcas_21:73:33,143,0,526,LIED10CTRL/LLN0$Status,0.002005613999999767,0.0,1.0,1,618.0,1551.0,1844.0,308.3333333333333,DoS
ipcas_21:73:33,143,0,527,LIED10CTRL/LLN0$Status,0.0015641650000013385,-1.0,516.0,1,618.0,1551.0,1844.0,308.3333333333333,DoS
ipcas_21:73:33,143,0,528,LIED10CTRL/LLN0$Status,0.0020145159999991336,0.0,1.0,1,619.6666666666666,1550.6666666666667,1843.3333333333333,306.5,DoS
ipcas_21:73:33,143,0,529,LIED10CTRL/LLN0$Status,0.0020698760000001926,0.0,1.0,1,619.6666666666666,1550.6666666666667,1843.3333333333333,306.5,DoS
ipcas_21:73:33,143,0,530,LIED10CTRL/LLN0$Status,0.001919216999999307,0.0,1.0,1,619.6666666666666,1550.6666666666667,1843.3333333333333,306.5,DoS
ipcas_21:73:33,143,0,531,LIED10CTRL/LLN0$Status,0.0022944340000012886,0.0,1.0,1,619.6666666666666,1550.6666666666667,1843.3333333333333,306.5,DoS
ipcas_21:73:33,143,0,532,LIED10CTRL/LLN0$Status,0.0017162749999997118,0.0,1.0,1,619.6666666666666,1550.6666666666667,1843.3333333333333,306.5,DoS
ipcas_21:73:33,143,0,533,LIED10CTRL/LLN0$Status,0.0019942200000002686,0.0,1.0,1,619.6666666666666,1550.6666666666667,1843.3333333333333,306.5,DoS
ipcas_21:73:33,143,0,534,LIED10CTRL/LLN0$Status,0.0020084589999989078,0.0,1.0,1,619.6666666666666,1550.6666666666667,1843.3333333333333,306.5,DoS
ipcas_21:73:33,143,0,535,LIED10CTRL/LLN0$Status,0.0016666210000000348,0.0,1.0,1,619.6666666666666,1550.6666666666667,1843.3333333333333,306.5,DoS
ipcas_21:73:33,143,0,536,LIED10CTRL/LLN0$Status,0.0013266870000006037,0.0,1.0,1,619.6666666666666,1550.6666666666667,1843.3333333333333,306.5,DoS
ipcas_21:73:33,143,0,537,LIED10CTRL/LLN0$Status,0.0019621870000001707,0.0,1.0,1,619.6666666666666,1550.6666666666667,1843.3333333333333,306.5,DoS
ipcas_21:73:33,143,0,538,LIED10CTRL/LLN0$Status,0.0013716319999996784,0.0,1.0,1,619.6666666666666,1550.6666666666667,1843.3333333333333,306.5,DoS
ipcas_21:73:33,143,0,539,LIED10CTRL/LLN0$Status,0.0016238529999998974,0.0,1.0,1,619.6666666666666,1550.6666666666667,1843.3333333333333,306.5,DoS
ipcas_21:73:33,143,0,540,LIED10CTRL/LLN0$Status,0.0020310489999992853,0.0,1.0,1,619.6666666666666,1550.6666666666667,1843.3333333333333,306.5,DoS
ipcas_21:73:33,143,0,541,LIED10CTRL/LLN0$Status,0.0019704560000004534,0.0,1.0,1,619.6666666666666,1550.6666666666667,1843.3333333333333,306.5,DoS
ipcas_21:73:33,143,0,542,LIED10CTRL/LLN0$Status,0.001907641000000737,0.0,1.0,1,619.6666666666666,1550.6666666666667,1843.3333333333333,306.5,DoS
ipcas_21:73:33,143,0,543,LIED10CTRL/LLN0$Status,0.0021381619999996104,0.0,1.0,1,619.6666666666666,1550.6666666666667,1843.3333333333333,306.5,DoS
ipcas_21:73:33,143,0,544,LIED10CTRL/LLN0$Status,0.001966334000000458,0.0,1.0,1,619.6666666666666,1550.6666666666667,1843.3333333333333,306.5,DoS
ipcas_21:73:33,143,0,545,LIED10CTRL/LLN0$Status,0.0019864920000003394,0.0,1.0,1,619.6666666666666,1550.6666666666667,1843.3333333333333,306.5,DoS
ipcas_21:73:33,143,0,546,LIED10CTRL/LLN0$Status,0.001996208999999638,0.0,1.0,1,619.6666666666666,1550.6666666666667,1843.3333333333333,306.5,DoS
ipcas_21:73:33,143,0,547,LIED10CTRL/LLN0$Status,0.0020075399999992527,0.0,1.0,1,619.6666666666666,1550.6666666666667,1843.3333333333333,306.5,DoS
ipcas_21:73:33,143,0,548,LIED10CTRL/LLN0$Status,0.0015018250000000677,0.0,1.0,1,619.6666666666666,1550.6666666666667,1843.3333333333333,306.5,DoS
ipcas_21:73:33,143,0,549,LIED10CTRL/LLN0$Status,0.0015587169999999873,0.0,1.0,1,619.6666666666666,1550.6666666666667,1843.3333333333333,306.5,DoS
ipcas_21:73:33,143,0,550,LIED10CTRL/LLN0$Status,0.0019581620000010957,0.0,1.0,1,619.6666666666666,1550.6666666666667,1843.3333333333333,306.5,DoS
ipcas_21:73:33,143,0,551,LIED10CTRL/LLN0$Status,0.0019192699999983631,0.0,1.0,1,619.6666666666666,1550.6666666666667,1843.3333333333333,306.5,DoS
ipcas_21:73:33,143,0,552,LIED10CTRL/LLN0$Status,0.0021667390000015274,0.0,1.0,1,619.6666666666666,1550.6666666666667,1843.3333333333333,306.5,DoS
ipcas_21:73:33,143,0,553,LIED10CTRL/LLN0$Status,0.0019023950000001122,0.0,1.0,1,619.6666666666666,1550.6666666666667,1843.3333333333333,306.5,DoS
ipcas_21:73:33,143,0,554,LIED10CTRL/LLN0$Status,0.002656304999998582,0.0,1.0,1,619.6666666666666,1550.6666666666667,1843.3333333333333,306.5,DoS
ipcas_21:73:33,143,0,555,LIED10CTRL/LLN0$Status,0.0013532950000012534,0.0,1.0,1,619.6666666666666,1550.6666666666667,1843.3333333333333,306.5,DoS
ipcas_21:73:33,143,0,556,LIED10CTRL/LLN0$Status,0.002011792999999429,0.0,1.0,1,619.6666666666666,1550.6666666666667,1843.3333333333333,306.5,DoS
ipcas_21:73:33,143,0,557,LIED10CTRL/LLN0$Status,0.002011513999999437,0.0,1.0,1,619.6666666666666,1550.6666666666667,1843.3333333333333,306.5,DoS
ipcas_21:73:33,143,0,558,LIED10CTRL/LLN0$Status,0.0020078420000011477,0.0,1.0,1,619.6666666666666,1550.6666666666667,1843.3333333333333,306.5,DoS
ipcas_21:73:33,143,0,559,LIED10CTRL/LLN0$Status,0.0019574389999998942,0.0,1.0,1,619.6666666666666,1550.6666666666667,1843.3333333333333,306.5,DoS
ipcas_21:73:33,143,0,560,LIED10CTRL/LLN0$Status,0.0019983840000001862,0.0,1.0,1,619.6666666666666,1550.6666666666667,1843.3333333333333,306.5,DoS
ipcas_21:73:33,143,0,561,LIED10CTRL/LLN0$Status,0.0019368149999987594,0.0,1.0,1,619.6666666666666,1550.6666666666667,1843.3333333333333,306.5,DoS
ipcas_21:73:33,143,0,562,LIED10CTRL/LLN0$Status,0.0021237950000010386,0.0,1.0,1,619.6666666666666,1550.6666666666667,1843.3333333333333,306.5,DoS
ipcas_21:73:33,143,0,563,LIED10CTRL/LLN0$Status,0.001976663999998962,0.0,1.0,1,619.6666666666666,1550.6666666666667,1843.3333333333333,306.5,DoS
ipcas_21:73:33,143,0,564,LIED10CTRL/LLN0$Status,0.002004837000001203,0.0,1.0,1,619.6666666666666,1550.6666666666667,1843.3333333333333,306.5,DoS
ipcas_21:73:33,143,0,565,LIED10CTRL/LLN0$Status,0.0019870129999990382,0.0,1.0,1,619.6666666666666,1550.6666666666667,1843.3333333333333,306.5,DoS
ipcas_21:73:33,143,0,566,LIED10CTRL/LLN0$Status,0.00201839900000067,0.0,1.0,1,619.6666666666666,1550.6666666666667,1843.3333333333333,306.5,DoS
ipcas_21:73:33,143,0,567,LIED10CTRL/LLN0$Status,0.0018874550000003154,0.0,1.0,1,619.6666666666666,1550.6666666666667,1843.3333333333333,306.5,DoS
ipcas_21:73:33,143,0,568,LIED10CTRL/LLN0$Status,0.002118933999998518,0.0,1.0,1,619.6666666666666,1550.6666666666667,1843.3333333333333,306.5,DoS
ipcas_21:73:33,143,0,569,LIED10CTRL/LLN0$Status,0.0019813270000010874,0.0,1.0,1,619.6666666666666,1550.6666666666667,1843.3333333333333,306.5,DoS
ipcas_21:73:33,143,0,570,LIED10CTRL/LLN0$Status,0.0020113070000000732,0.0,1.0,1,619.6666666666666,1550.6666666666667,1843.3333333333333,306.5,DoS
ipcas_21:73:33,143,0,571,LIED10CTRL/LLN0$Status,0.001990749999999153,0.0,1.0,1,619.6666666666666,1550.6666666666667,1843.3333333333333,306.5,DoS
ipcas_21:73:33,143,0,572,LIED10CTRL/LLN0$Status,0.0019706980000009366,0.0,1.0,1,619.6666666666666,1550.6666666666667,1843.3333333333333,306.5,DoS
ipcas_21:73:33,143,0,573,LIED10CTRL/LLN0$Status,0.0019476239999995926,0.0,1.0,1,619.6666666666666,1550.6666666666667,1843.3333333333333,306.5,DoS
ipcas_21:73:33,143,0,574,LIED10CTRL/LLN0$Status,0.0020513680000000534,0.0,1.0,1,619.6666666666666,1550.6666666666667,1843.3333333333333,306.5,DoS
ipcas_21:73:33,143,0,575,LIED10CTRL/LLN0$Status,0.001989193,0.0,1.0,1,619.6666666666666,1550.6666666666667,1843.3333333333333,306.5,DoS
ipcas_21:73:33,143,0,576,LIED10CTRL/LLN0$Status,0.002005282999999025,0.0,1.0,1,619.6666666666666,1550.6666666666667,1843.3333333333333,306.5,DoS
ipcas_21:73:33,143,0,577,LIED10CTRL/LLN0$Status,0.001993107000000549,0.0,1.0,1,619.6666666666666,1550.6666666666667,1843.3333333333333,306.5,DoS
ipcas_21:73:33,143,0,578,LIED10CTRL/LLN0$Status,0.0020155089999995823,0.0,1.0,1,619.6666666666666,1550.6666666666667,1843.3333333333333,306.5,DoS
ipcas_21:73:33,143,0,579,LIED10CTRL/LLN0$Status,0.0020294530000004585,0.0,1.0,1,619.6666666666666,1550.6666666666667,1843.3333333333333,306.5,DoS
ipcas_21:73:33,143,0,580,LIED10CTRL/LLN0$Status,0.002009475999999566,0.0,1.0,1,619.6666666666666,1550.6666666666667,1843.3333333333333,306.5,DoS
ipcas_21:73:33,143,0,581,LIED10CTRL/LLN0$Status,0.0018743940000014447,0.0,1.0,1,619.6666666666666,1550.6666666666667,1843.3333333333333,306.5,DoS
ipcas_21:73:33,143,0,582,LIED10CTRL/LLN0$Status,0.0020757249999991956,0.0,1.0,1,619.6666666666666,1550.6666666666667,1843.3333333333333,306.5,DoS
ipcas_21:73:33,143,0,583,LIED10CTRL/LLN0$Status,0.0019995089999991222,0.0,1.0,1,619.6666666666666,1550.6666666666667,1843.3333333333333,306.5,DoS
ipcas_21:73:33,143,0,584,LIED10CTRL/LLN0$Status,0.0019715270000002505,0.0,1.0,1,619.6666666666666,1550.6666666666667,1843.3333333333333,306.5,DoS
ipcas_21:73:33,143,0,585,LIED10CTRL/LLN0$Status,0.0019717910000007777,0.0,1.0,1,619.6666666666666,1550.6666666666667,1843.3333333333333,306.5,DoS
ipcas_21:73:33,143,0,586,LIED10CTRL/LLN0$Status,0.0020834070000006477,0.0,1.0,1,619.6666666666666,1550.6666666666667,1843.3333333333333,306.5,DoS
ipcas_21:73:33,143,0,587,LIED10CTRL/LLN0$Status,0.0019868389999988523,0.0,1.0,1,619.6666666666666,1550.6666666666667,1843.3333333333333,306.5,DoS
ipcas_21:73:33,143,0,588,LIED10CTRL/LLN0$Status,0.0019246470000009452,0.0,1.0,1,619.6666666666666,1550.6666666666667,1843.3333333333333,306.5,DoS
ipcas_21:73:33,143,0,589,LIED10CTRL/LLN0$Status,0.002361791000000224,0.0,1.0,1,619.6666666666666,1550.6666666666667,1843.3333333333333,306.5,DoS
ipcas_21:73:33,143,0,590,LIED10CTRL/LLN0$Status,0.0016441709999988063,0.0,1.0,1,619.6666666666666,1550.6666666666667,1843.3333333333333,306.5,DoS
ipcas_21:73:33,143,0,591,LIED10CTRL/LLN0$Status,0.001616235000000188,0.0,1.0,1,619.6666666666666,1550.6666666666667,1843.3333333333333,306.5,DoS
ipcas_21:73:33,143,0,592,LIED10CTRL/LLN0$Status,0.0016198870000003751,0.0,1.0,1,619.6666666666666,1550.6666666666667,1843.3333333333333,306.5,DoS
ipcas_21:73:33,143,0,593,LIED10CTRL/LLN0$Status,0.0019820290000005514,0.0,1.0,1,619.6666666666666,1550.6666666666667,1843.3333333333333,306.5,DoS
ipcas_21:73:33,143,0,594,LIED10CTRL/LLN0$Status,0.0014816759999991547,0.0,1.0,1,619.6666666666666,1550.6666666666667,1843.3333333333333,306.5,DoS
ipcas_21:73:33,143,0,595,LIED10CTRL/LLN0$Status,0.0013829560000004903,0.0,1.0,1,619.6666666666666,1550.6666666666667,1843.3333333333333,306.5,DoS
ipcas_21:73:33,143,0,596,LIED10CTRL/LLN0$Status,0.0018699749999999682,0.0,1.0,1,619.6666666666666,1550.6666666666667,1843.3333333333333,306.5,DoS
ipcas_21:73:33,143,0,597,LIED10CTRL/LLN0$Status,0.002121160999999816,0.0,1.0,1,619.6666666666666,1550.6666666666667,1843.3333333333333,306.5,DoS
ipcas_21:73:33,143,0,598,LIED10CTRL/LLN0$Status,0.0019349969999993277,0.0,1.0,1,619.6666666666666,1550.6666666666667,1843.3333333333333,306.5,DoS
ipcas_21:73:33,143,0,599,LIED10CTRL/LLN0$Status,0.002156507000000474,0.0,1.0,1,619.6666666666666,1550.6666666666667,1843.3333333333333,306.5,DoS
ipcas_21:73:33,143,0,600,LIED10CTRL/LLN0$Status,0.0017474069999998676,0.0,1.0,1,619.6666666666666,1550.6666666666667,1843.3333333333333,306.5,DoS
ipcas_21:73:33,143,0,601,LIED10CTRL/LLN0$Status,0.002135532000000495,0.0,1.0,1,619.6666666666666,1550.6666666666667,1843.3333333333333,306.5,DoS
ipcas_21:73:33,143,0,602,LIED10CTRL/LLN0$Status,0.001859469999999419,0.0,1.0,1,619.6666666666666,1550.6666666666667,1843.3333333333333,306.5,DoS
ipcas_21:73:33,143,0,603,LIED10CTRL/LLN0$Status,0.0021573190000001574,0.0,1.0,1,619.6666666666666,1550.6666666666667,1843.3333333333333,306.5,DoS
ipcas_21:73:33,143,0,604,LIED10CTRL/LLN0$Status,0.0020069869999996826,0.0,1.0,1,619.6666666666666,1550.6666666666667,1843.3333333333333,306.5,DoS
ipcas_21:73:33,143,0,605,LIED10CTRL/LLN0$Status,0.002622960000000063,0.0,1.0,1,619.6666666666666,1550.6666666666667,1843.3333333333333,306.5,DoS
ipcas_21:73:33,143,0,606,LIED10CTRL/LLN0$Status,0.0012770040000003036,0.0,1.0,1,619.6666666666666,1550.6666666666667,1843.3333333333333,306.5,DoS
ipcas_21:73:33,143,0,607,LIED10CTRL/LLN0$Status,0.0019233849999995556,0.0,1.0,1,619.6666666666666,1550.6666666666667,1843.3333333333333,306.5,DoS
ipcas_21:73:33,143,0,608,LIED10CTRL/LLN0$Status,0.0020112619999999026,0.0,1.0,1,619.6666666666666,1550.6666666666667,1843.3333333333333,306.5,DoS
ipcas_21:73:33,143,0,609,LIED10CTRL/LLN0$Status,0.002103404999999725,0.0,1.0,1,619.6666666666666,1550.6666666666667,1843.3333333333333,306.5,DoS
ipcas_21:73:33,143,0,610,LIED10CTRL/LLN0$Status,0.0019495389999999446,0.0,1.0,1,619.6666666666666,1550.6666666666667,1843.3333333333333,306.5,DoS
ipcas_21:73:33,143,0,611,LIED10CTRL/LLN0$Status,0.0020353170000007026,0.0,1.0,1,619.6666666666666,1550.6666666666667,1843.3333333333333,306.5,DoS
ipcas_21:73:33,143,0,612,LIED10CTRL/LLN0$Status,0.0019253369999994163,0.0,1.0,1,619.6666666666666,1550.6666666666667,1843.3333333333333,306.5,DoS
ipcas_21:73:33,143,0,613,LIED10CTRL/LLN0$Status,0.0020859230000009887,0.0,1.0,1,619.6666666666666,1550.6666666666667,1843.3333333333333,306.5,DoS
ipcas_21:73:33,143,0,614,LIED10CTRL/LLN0$Status,0.001953904000000506,0.0,1.0,1,619.6666666666666,1550.6666666666667,1843.3333333333333,306.5,DoS
ipcas_21:73:33,143,0,615,LIED10CTRL/LLN0$Status,0.001336823999999126,0.0,1.0,1,619.6666666666666,1550.6666666666667,1843.3333333333333,306.5,DoS
ipcas_21:73:33,143,0,616,LIED10CTRL/LLN0$Status,0.029204134000000437,0.0,1.0,1,619.6666666666666,1550.6666666666667,1843.3333333333333,306.5,DoS
ipcas_21:73:33,143,0,617,LIED10CTRL/LLN0$Status,2.89299999955972e-06,0.0,1.0,1,619.6666666666666,1550.6666666666667,1843.3333333333333,306.5,DoS
ipcas_21:73:33,143,0,618,LIED10CTRL/LLN0$Status,0.0013136019999997472,0.0,1.0,1,619.6666666666666,1550.6666666666667,1843.3333333333333,306.5,DoS
ipcas_21:73:33,143,0,619,LIED10CTRL/LLN0$Status,0.0011989630000002194,0.0,1.0,1,619.6666666666666,1550.6666666666667,1843.3333333333333,306.5,DoS
ipcas_21:73:33,143,0,620,LIED10CTRL/LLN0$Status,0.0018782149999996278,0.0,1.0,1,619.6666666666666,1550.6666666666667,1843.3333333333333,306.5,DoS
ipcas_21:73:33,143,0,621,LIED10CTRL/LLN0$Status,0.001400896999999901,0.0,1.0,1,619.6666666666666,1550.6666666666667,1843.3333333333333,306.5,DoS
ipcas_21:73:33,143,0,622,LIED10CTRL/LLN0$Status,0.0017496750000010053,0.0,1.0,1,619.6666666666666,1550.6666666666667,1843.3333333333333,306.5,DoS
ipcas_21:73:33,143,0,623,LIED10CTRL/LLN0$Status,0.001954709999999693,0.0,1.0,1,619.6666666666666,1550.6666666666667,1843.3333333333333,306.5,DoS
ipcas_21:73:33,143,0,624,LIED10CTRL/LLN0$Status,0.0020821980000000906,0.0,1.0,1,619.6666666666666,1550.6666666666667,1843.3333333333333,306.5,DoS
ipcas_21:73:33,143,0,625,LIED10CTRL/LLN0$Status,0.001175227999999251,0.0,1.0,1,619.6666666666666,1550.6666666666667,1843.3333333333333,306.5,DoS
ipcas_21:73:33,143,0,626,LIED10CTRL/LLN0$Status,0.0016737820000010117,0.0,1.0,1,619.6666666666666,1550.6666666666667,1843.3333333333333,306.5,DoS
ipcas_21:73:33,143,0,627,LIED10CTRL/LLN0$Status,0.001341887999998903,0.0,1.0,1,619.6666666666666,1550.6666666666667,1843.3333333333333,306.5,DoS
ipcas_21:73:33,143,0,628,LIED10CTRL/LLN0$Status,0.0014015780000011802,0.0,1.0,1,619.6666666666666,1550.6666666666667,1843.3333333333333,306.5,DoS
ipcas_21:73:33,143,0,629,LIED10CTRL/LLN0$Status,0.0012637229999992172,0.0,1.0,1,619.6666666666666,1550.6666666666667,1843.3333333333333,306.5,DoS
ipcas_21:73:33,143,0,630,LIED10CTRL/LLN0$Status,0.0011647820000000308,0.0,1.0,1,619.6666666666666,1550.6666666666667,1843.3333333333333,306.5,DoS
ipcas_21:73:33,143,0,631,LIED10CTRL/LLN0$Status,0.0017893799999999516,0.0,1.0,1,619.6666666666666,1550.6666666666667,1843.3333333333333,306.5,DoS
ipcas_21:73:33,143,0,632,LIED10CTRL/LLN0$Status,0.0020032420000006823,0.0,1.0,1,619.6666666666666,1550.6666666666667,1843.3333333333333,306.5,DoS
ipcas_21:73:33,143,0,633,LIED10CTRL/LLN0$Status,0.0020043479999998226,0.0,1.0,1,619.6666666666666,1550.6666666666667,1843.3333333333333,306.5,DoS
ipcas_21:73:33,143,0,634,LIED10CTRL/LLN0$Status,0.0011860600000002108,0.0,1.0,1,619.6666666666666,1550.6666666666667,1843.3333333333333,306.5,DoS
ipcas_21:73:33,143,0,635,LIED10CTRL/LLN0$Status,0.0018079929999998967,0.0,1.0,1,619.6666666666666,1550.6666666666667,1843.3333333333333,306.5,DoS
ipcas_21:73:33,143,0,636,LIED10CTRL/LLN0$Status,0.002117659999999688,0.0,1.0,1,619.6666666666666,1550.6666666666667,1843.3333333333333,306.5,DoS
ipcas_21:73:33,143,0,637,LIED10CTRL/LLN0$Status,0.001876619000000801,0.0,1.0,1,619.6666666666666,1550.6666666666667,1843.3333333333333,306.5,DoS
ipcas_21:73:33,143,0,638,LIED10CTRL/LLN0$Status,0.0021291449999996104,0.0,1.0,1,619.6666666666666,1550.6666666666667,1843.3333333333333,306.5,DoS
ipcas_21:73:33,143,0,639,LIED10CTRL/LLN0$Status,0.0012153349999994845,0.0,1.0,1,619.6666666666666,1550.6666666666667,1843.3333333333333,306.5,DoS
ipcas_21:73:33,143,0,640,LIED10CTRL/LLN0$Status,0.0017629299999999404,0.0,1.0,1,619.6666666666666,1550.6666666666667,1843.3333333333333,306.5,DoS
ipcas_21:73:33,143,0,641,LIED10CTRL/LLN0$Status,0.00103169900000033,0.0,1.0,1,619.6666666666666,1550.6666666666667,1843.3333333333333,306.5,DoS
ipcas_21:73:33,143,0,642,LIED10CTRL/LLN0$Status,0.0018824300000002125,0.0,1.0,1,619.6666666666666,1550.6666666666667,1843.3333333333333,306.5,DoS
ipcas_21:73:33,143,0,643,LIED10CTRL/LLN0$Status,0.002035209999998955,0.0,1.0,1,619.6666666666666,1550.6666666666667,1843.3333333333333,306.5,DoS
ipcas_21:73:33,143,0,644,LIED10CTRL/LLN0$Status,0.0013740890000004669,0.0,1.0,1,619.6666666666666,1550.6666666666667,1843.3333333333333,306.5,DoS
ipcas_21:73:33,143,0,645,LIED10CTRL/LLN0$Status,0.0012039799999996603,0.0,1.0,1,619.6666666666666,1550.6666666666667,1843.3333333333333,306.5,DoS
ipcas_21:73:33,143,0,646,LIED10CTRL/LLN0$Status,0.0014494100000010945,0.0,1.0,1,619.6666666666666,1550.6666666666667,1843.3333333333333,306.5,DoS
ipcas_21:73:33,143,0,647,LIED10CTRL/LLN0$Status,0.0020744949999986773,0.0,1.0,1,619.6666666666666,1550.6666666666667,1843.3333333333333,306.5,DoS
ipcas_21:73:33,143,0,648,LIED10CTRL/LLN0$Status,0.0018455970000008648,0.0,1.0,1,619.6666666666666,1550.6666666666667,1843.3333333333333,306.5,DoS
ipcas_21:73:33,143,0,649,LIED10CTRL/LLN0$Status,0.001258432000000198,0.0,1.0,1,619.6666666666666,1550.6666666666667,1843.3333333333333,306.5,DoS
ipcas_21:73:33,143,0,650,LIED10CTRL/LLN0$Status,0.0017422200000005716,0.0,1.0,1,619.6666666666666,1550.6666666666667,1843.3333333333333,306.5,DoS
ipcas_21:73:33,143,0,651,LIED10CTRL/LLN0$Status,0.0011735819999998398,0.0,1.0,1,619.6666666666666,1550.6666666666667,1843.3333333333333,306.5,DoS
ipcas_21:73:33,143,0,652,LIED10CTRL/LLN0$Status,0.001441663999999676,0.0,1.0,1,619.6666666666666,1550.6666666666667,1843.3333333333333,306.5,DoS
ipcas_21:73:33,143,0,653,LIED10CTRL/LLN0$Status,0.00136510699999981,0.0,1.0,1,619.6666666666666,1550.6666666666667,1843.3333333333333,306.5,DoS
ipcas_21:73:33,143,0,654,LIED10CTRL/LLN0$Status,0.0014649630000000968,0.0,1.0,1,619.6666666666666,1550.6666666666667,1843.3333333333333,306.5,DoS
ipcas_21:73:33,143,0,655,LIED10CTRL/LLN0$Status,0.0016539479999995166,0.0,1.0,1,619.6666666666666,1550.6666666666667,1843.3333333333333,306.5,DoS
ipcas_21:73:33,143,0,656,LIED10CTRL/LLN0$Status,0.0022700580000005743,0.0,1.0,1,619.6666666666666,1550.6666666666667,1843.3333333333333,306.5,DoS
ipcas_21:73:33,143,0,657,LIED10CTRL/LLN0$Status,0.0016901919999998682,0.0,1.0,1,619.6666666666666,1550.6666666666667,1843.3333333333333,306.5,DoS
ipcas_21:73:33,143,0,658,LIED10CTRL/LLN0$Status,0.0019840159999997553,0.0,1.0,1,619.6666666666666,1550.6666666666667,1843.3333333333333,306.5,DoS
ipcas_21:73:33,143,0,659,LIED10CTRL/LLN0$Status,0.002074671000000805,0.0,1.0,1,619.6666666666666,1550.6666666666667,1843.3333333333333,306.5,DoS
ipcas_21:73:33,143,0,660,LIED10CTRL/LLN0$Status,0.001391976999999045,0.0,1.0,1,619.6666666666666,1550.6666666666667,1843.3333333333333,306.5,DoS
ipcas_21:73:33,143,0,661,LIED10CTRL/LLN0$Status,0.0015055149999998463,0.0,1.0,1,619.6666666666666,1550.6666666666667,1843.3333333333333,306.5,DoS
ipcas_21:73:33,143,0,662,LIED10CTRL/LLN0$Status,0.0013251240000009545,0.0,1.0,1,619.6666666666666,1550.6666666666667,1843.3333333333333,306.5,DoS
ipcas_21:73:33,143,0,663,LIED10CTRL/LLN0$Status,0.0012083430000000561,0.0,1.0,1,619.6666666666666,1550.6666666666667,1843.3333333333333,306.5,DoS
ipcas_21:73:33,143,0,664,LIED10CTRL/LLN0$Status,0.0012030139999996692,0.0,1.0,1,619.6666666666666,1550.6666666666667,1843.3333333333333,306.5,DoS
ipcas_21:73:33,143,0,665,LIED10CTRL/LLN0$Status,0.001247661999999039,0.0,1.0,1,619.6666666666666,1550.6666666666667,1843.3333333333333,306.5,DoS
ipcas_21:73:33,143,0,666,LIED10CTRL/LLN0$Status,0.0018716909999998421,0.0,1.0,1,619.6666666666666,1550.6666666666667,1843.3333333333333,306.5,DoS
ipcas_21:73:33,143,0,667,LIED10CTRL/LLN0$Status,0.0011207430000013119,0.0,1.0,1,619.6666666666666,1550.6666666666667,1843.3333333333333,306.5,DoS
ipcas_21:73:33,143,0,668,LIED10CTRL/LLN0$Status,0.002017508999999862,0.0,1.0,1,619.6666666666666,1550.6666666666667,1843.3333333333333,306.5,DoS
ipcas_21:73:33,143,0,669,LIED10CTRL/LLN0$Status,0.0020630739999987213,0.0,1.0,1,619.6666666666666,1550.6666666666667,1843.3333333333333,306.5,DoS
ipcas_21:73:33,143,0,670,LIED10CTRL/LLN0$Status,0.0019664530000014224,0.0,1.0,1,619.6666666666666,1550.6666666666667,1843.3333333333333,306.5,DoS
ipcas_21:73:33,143,0,671,LIED10CTRL/LLN0$Status,0.0011120629999989973,0.0,1.0,1,619.6666666666666,1550.6666666666667,1843.3333333333333,306.5,DoS
ipcas_21:73:33,143,0,672,LIED10CTRL/LLN0$Status,0.001969787000000167,0.0,1.0,1,619.6666666666666,1550.6666666666667,1843.3333333333333,306.5,DoS
ipcas_21:73:33,143,0,673,LIED10CTRL/LLN0$Status,0.00188447400000058,0.0,1.0,1,619.6666666666666,1550.6666666666667,1843.3333333333333,306.5,DoS
ipcas_21:73:33,143,0,674,LIED10CTRL/LLN0$Status,0.0020449629999994556,0.0,1.0,1,619.6666666666666,1550.6666666666667,1843.3333333333333,306.5,DoS
ipcas_21:73:33,143,0,675,LIED10CTRL/LLN0$Status,0.001968228000000849,0.0,1.0,1,619.6666666666666,1550.6666666666667,1843.3333333333333,306.5,DoS
ipcas_21:73:33,143,0,676,LIED10CTRL/LLN0$Status,0.0019929049999998227,0.0,1.0,1,619.6666666666666,1550.6666666666667,1843.3333333333333,306.5,DoS
ipcas_21:73:33,143,0,677,LIED10CTRL/LLN0$Status,0.0019916829999999663,0.0,1.0,1,619.6666666666666,1550.6666666666667,1843.3333333333333,306.5,DoS
ipcas_21:73:33,143,0,678,LIED10CTRL/LLN0$Status,0.001995068999999461,0.0,1.0,1,619.6666666666666,1550.6666666666667,1843.3333333333333,306.5,DoS
ipcas_21:73:33,143,0,679,LIED10CTRL/LLN0$Status,0.0015368660000003587,0.0,1.0,1,619.6666666666666,1550.6666666666667,1843.3333333333333,306.5,DoS
ipcas_21:73:33,143,0,680,LIED10CTRL/LLN0$Status,0.001530300999998957,0.0,1.0,1,619.6666666666666,1550.6666666666667,1843.3333333333333,306.5,DoS
ipcas_21:73:33,143,0,681,LIED10CTRL/LLN0$Status,0.001704637000001341,0.0,1.0,1,619.6666666666666,1550.6666666666667,1843.3333333333333,306.5,DoS
ipcas_21:73:33,143,0,682,LIED10CTRL/LLN0$Status,0.0010436929999997346,0.0,1.0,1,619.6666666666666,1550.6666666666667,1843.3333333333333,306.5,DoS
ipcas_21:73:33,143,0,683,LIED10CTRL/LLN0$Status,0.0011965089999996792,0.0,1.0,1,619.6666666666666,1550.6666666666667,1843.3333333333333,306.5,DoS
ipcas_21:73:33,143,0,684,LIED10CTRL/LLN0$Status,0.0013274509999998685,0.0,1.0,1,619.6666666666666,1550.6666666666667,1843.3333333333333,306.5,DoS
ipcas_21:73:33,143,0,685,LIED10CTRL/LLN0$Status,0.001740320999999767,0.0,1.0,1,619.6666666666666,1550.6666666666667,1843.3333333333333,306.5,DoS
ipcas_21:73:33,143,0,686,LIED10CTRL/LLN0$Status,0.001912545999999793,0.0,1.0,1,619.6666666666666,1550.6666666666667,1843.3333333333333,306.5,DoS
ipcas_21:73:33,143,0,687,LIED10CTRL/LLN0$Status,0.002064518000000959,0.0,1.0,1,619.6666666666666,1550.6666666666667,1843.3333333333333,306.5,DoS
ipcas_21:73:33,143,0,688,LIED10CTRL/LLN0$Status,0.0019388469999999103,0.0,1.0,1,619.6666666666666,1550.6666666666667,1843.3333333333333,306.5,DoS
ipcas_21:73:33,143,0,689,LIED10CTRL/LLN0$Status,0.002047343999999285,0.0,1.0,1,619.6666666666666,1550.6666666666667,1843.3333333333333,306.5,DoS
ipcas_21:73:33,143,0,690,LIED10CTRL/LLN0$Status,0.001999969999999962,0.0,1.0,1,619.6666666666666,1550.6666666666667,1843.3333333333333,306.5,DoS
ipcas_21:73:33,143,0,691,LIED10CTRL/LLN0$Status,0.002088378999999918,0.0,1.0,1,619.6666666666666,1550.6666666666667,1843.3333333333333,306.5,DoS
ipcas_21:73:33,143,0,692,LIED10CTRL/LLN0$Status,0.0018678170000008265,0.0,1.0,1,619.6666666666666,1550.6666666666667,1843.3333333333333,306.5,DoS
ipcas_21:73:33,143,0,693,LIED10CTRL/LLN0$Status,0.00211970199999989,0.0,1.0,1,619.6666666666666,1550.6666666666667,1843.3333333333333,306.5,DoS
ipcas_21:73:33,143,0,694,LIED10CTRL/LLN0$Status,0.001923618999999377,0.0,1.0,1,619.6666666666666,1550.6666666666667,1843.3333333333333,306.5,DoS
ipcas_21:73:33,143,0,695,LIED10CTRL/LLN0$Status,0.0020543469999996233,0.0,1.0,1,619.6666666666666,1550.6666666666667,1843.3333333333333,306.5,DoS
ipcas_21:73:33,143,0,696,LIED10CTRL/LLN0$Status,0.00203039500000024,0.0,1.0,1,619.6666666666666,1550.6666666666667,1843.3333333333333,306.5,DoS
ipcas_21:73:33,143,0,697,LIED10CTRL/LLN0$Status,0.001931953000001485,0.0,1.0,1,619.6666666666666,1550.6666666666667,1843.3333333333333,306.5,DoS
ipcas_21:73:33,143,0,698,LIED10CTRL/LLN0$Status,0.0020645659999996013,0.0,1.0,1,619.6666666666666,1550.6666666666667,1843.3333333333333,306.5,DoS
ipcas_21:73:33,143,0,699,LIED10CTRL/LLN0$Status,0.001949764999999104,0.0,1.0,1,619.6666666666666,1550.6666666666667,1843.3333333333333,306.5,DoS
ipcas_21:73:33,143,0,700,LIED10CTRL/LLN0$Status,0.0019295489999997528,0.0,1.0,1,619.6666666666666,1550.6666666666667,1843.3333333333333,306.5,DoS
ipcas_21:73:33,143,0,701,LIED10CTRL/LLN0$Status,0.0020985100000014967,0.0,1.0,1,619.6666666666666,1550.6666666666667,1843.3333333333333,306.5,DoS
ipcas_21:73:33,143,0,702,LIED10CTRL/LLN0$Status,0.002034824999999074,0.0,1.0,1,619.6666666666666,1550.6666666666667,1843.3333333333333,306.5,DoS
ipcas_21:73:33,143,0,703,LIED10CTRL/LLN0$Status,0.0020060239999999396,0.0,1.0,1,619.6666666666666,1550.6666666666667,1843.3333333333333,306.5,DoS
ipcas_21:73:33,143,0,704,LIED10CTRL/LLN0$Status,0.0018567479999997971,0.0,1.0,1,619.6666666666666,1550.6666666666667,1843.3333333333333,306.5,DoS
ipcas_21:73:33,143,0,705,LIED10CTRL/LLN0$Status,0.0024257960000007017,0.0,1.0,1,619.6666666666666,1550.6666666666667,1843.3333333333333,306.5,DoS
ipcas_21:73:33,143,0,706,LIED10CTRL/LLN0$Status,0.0017379250000004731,0.0,1.0,1,619.6666666666666,1550.6666666666667,1843.3333333333333,306.5,DoS
ipcas_21:73:33,143,0,707,LIED10CTRL/LLN0$Status,0.0019904039999989465,0.0,1.0,1,619.6666666666666,1550.6666666666667,1843.3333333333333,306.5,DoS
ipcas_21:73:33,143,0,708,LIED10CTRL/LLN0$Status,0.002054290000000236,0.0,1.0,1,619.6666666666666,1550.6666666666667,1843.3333333333333,306.5,DoS
ipcas_21:73:33,143,0,709,LIED10CTRL/LLN0$Status,0.001982402999999522,0.0,1.0,1,619.6666666666666,1550.6666666666667,1843.3333333333333,306.5,DoS
ipcas_21:73:33,143,0,710,LIED10CTRL/LLN0$Status,0.0020132240000005908,0.0,1.0,1,619.6666666666666,1550.6666666666667,1843.3333333333333,306.5,DoS
ipcas_21:73:33,143,0,711,LIED10CTRL/LLN0$Status,0.0019955930000001842,0.0,1.0,1,619.6666666666666,1550.6666666666667,1843.3333333333333,306.5,DoS
ipcas_21:73:33,143,0,712,LIED10CTRL/LLN0$Status,0.001954387999999696,0.0,1.0,1,619.6666666666666,1550.6666666666667,1843.3333333333333,306.5,DoS
ipcas_21:73:33,143,0,713,LIED10CTRL/LLN0$Status,0.002010179000000889,0.0,1.0,1,619.6666666666666,1550.6666666666667,1843.3333333333333,306.5,DoS
ipcas_21:73:33,143,0,714,LIED10CTRL/LLN0$Status,0.002055432999998885,0.0,1.0,1,619.6666666666666,1550.6666666666667,1843.3333333333333,306.5,DoS
ipcas_21:73:33,143,0,715,LIED10CTRL/LLN0$Status,0.0018449240000002476,0.0,1.0,1,619.6666666666666,1550.6666666666667,1843.3333333333333,306.5,DoS
ipcas_21:73:33,143,0,716,LIED10CTRL/LLN0$Status,0.0021559320000008597,0.0,1.0,1,619.6666666666666,1550.6666666666667,1843.3333333333333,306.5,DoS
ipcas_21:73:33,143,0,717,LIED10CTRL/LLN0$Status,0.001982441999999196,0.0,1.0,1,619.6666666666666,1550.6666666666667,1843.3333333333333,306.5,DoS
ipcas_21:73:33,143,0,718,LIED10CTRL/LLN0$Status,0.001994201000000473,0.0,1.0,1,619.6666666666666,1550.6666666666667,1843.3333333333333,306.5,DoS
ipcas_21:73:33,143,0,719,LIED10CTRL/LLN0$Status,0.0020066389999993106,0.0,1.0,1,619.6666666666666,1550.6666666666667,1843.3333333333333,306.5,DoS
ipcas_21:73:33,143,0,720,LIED10CTRL/LLN0$Status,0.0020159070000005386,0.0,1.0,1,619.6666666666666,1550.6666666666667,1843.3333333333333,306.5,DoS
ipcas_21:73:33,143,0,721,LIED10CTRL/LLN0$Status,0.001982296999999633,0.0,1.0,1,619.6666666666666,1550.6666666666667,1843.3333333333333,306.5,DoS
ipcas_21:73:33,143,0,722,LIED10CTRL/LLN0$Status,0.0020127530000007,0.0,1.0,1,619.6666666666666,1550.6666666666667,1843.3333333333333,306.5,DoS
ipcas_21:73:33,143,0,723,LIED10CTRL/LLN0$Status,0.0020097559999996406,0.0,1.0,1,619.6666666666666,1550.6666666666667,1843.3333333333333,306.5,DoS
ipcas_21:73:33,143,0,724,LIED10CTRL/LLN0$Status,0.0019739139999988,0.0,1.0,1,619.6666666666666,1550.6666666666667,1843.3333333333333,306.5,DoS
ipcas_21:73:33,143,0,725,LIED10CTRL/LLN0$Status,0.003805965000001521,0.0,1.0,1,619.6666666666666,1550.6666666666667,1843.3333333333333,306.5,DoS
ipcas_21:73:33,143,0,726,LIED10CTRL/LLN0$Status,0.0022207979999997463,0.0,1.0,1,619.6666666666666,1550.6666666666667,1843.3333333333333,306.5,DoS
ipcas_21:73:33,143,0,727,LIED10CTRL/LLN0$Status,0.0019733520000002613,0.0,1.0,1,619.6666666666666,1550.6666666666667,1843.3333333333333,306.5,DoS
ipcas_21:73:33,143,0,728,LIED10CTRL/LLN0$Status,0.002458142000000052,0.0,1.0,1,619.6666666666666,1550.6666666666667,1843.3333333333333,306.5,DoS
ipcas_21:73:33,143,0,729,LIED10CTRL/LLN0$Status,0.0023901129999988058,0.0,1.0,1,619.6666666666666,1550.6666666666667,1843.3333333333333,306.5,DoS
ipcas_21:73:33,143,0,730,LIED10CTRL/LLN0$Status,0.001995210000000469,0.0,1.0,1,619.6666666666666,1550.6666666666667,1843.3333333333333,306.5,DoS
ipcas_21:73:33,143,0,731,LIED10CTRL/LLN0$Status,0.002004781000000122,0.0,1.0,1,619.6666666666666,1550.6666666666667,1843.3333333333333,306.5,DoS
ipcas_21:73:33,143,0,732,LIED10CTRL/LLN0$Status,0.0015732059999997716,0.0,1.0,1,619.6666666666666,1550.6666666666667,1843.3333333333333,306.5,DoS
ipcas_21:73:33,143,0,733,LIED10CTRL/LLN0$Status,0.002467799999999798,0.0,1.0,1,619.6666666666666,1550.6666666666667,1843.3333333333333,306.5,DoS
ipcas_21:73:33,143,0,734,LIED10CTRL/LLN0$Status,0.0014969130000004327,0.0,1.0,1,619.6666666666666,1550.6666666666667,1843.3333333333333,306.5,DoS
ipcas_21:73:33,143,0,735,LIED10CTRL/LLN0$Status,0.0024290140000005067,0.0,1.0,1,619.6666666666666,1550.6666666666667,1843.3333333333333,306.5,DoS
ipcas_21:73:33,143,0,736,LIED10CTRL/LLN0$Status,0.0020539020000001074,0.0,1.0,1,619.6666666666666,1550.6666666666667,1843.3333333333333,306.5,DoS
ipcas_21:73:33,143,0,737,LIED10CTRL/LLN0$Status,0.0013798769999997518,0.0,1.0,1,619.6666666666666,1550.6666666666667,1843.3333333333333,306.5,DoS
ipcas_21:73:33,143,0,738,LIED10CTRL/LLN0$Status,0.001956473999999986,0.0,1.0,1,619.6666666666666,1550.6666666666667,1843.3333333333333,306.5,DoS
ipcas_21:73:33,143,0,739,LIED10CTRL/LLN0$Status,0.002070311999998964,0.0,1.0,1,619.6666666666666,1550.6666666666667,1843.3333333333333,306.5,DoS
ipcas_21:73:33,143,0,740,LIED10CTRL/LLN0$Status,0.0027100820000001136,0.0,1.0,1,619.6666666666666,1550.6666666666667,1843.3333333333333,306.5,DoS
ipcas_21:73:33,143,0,741,LIED10CTRL/LLN0$Status,0.0009741690000009129,0.0,1.0,1,619.6666666666666,1550.6666666666667,1843.3333333333333,306.5,DoS
ipcas_21:73:33,143,0,742,LIED10CTRL/LLN0$Status,0.0018159420000003479,0.0,1.0,1,619.6666666666666,1550.6666666666667,1843.3333333333333,306.5,DoS
ipcas_21:73:33,143,0,743,LIED10CTRL/LLN0$Status,0.0020718459999997663,0.0,1.0,1,619.6666666666666,1550.6666666666667,1843.3333333333333,306.5,DoS
ipcas_21:73:33,143,0,744,LIED10CTRL/LLN0$Status,0.0014613859999990098,0.0,1.0,1,619.6666666666666,1550.6666666666667,1843.3333333333333,306.5,DoS
ipcas_21:73:33,143,0,745,LIED10CTRL/LLN0$Status,0.0016972870000007134,0.0,1.0,1,619.6666666666666,1550.6666666666667,1843.3333333333333,306.5,DoS
ipcas_21:73:33,143,0,746,LIED10CTRL/LLN0$Status,0.001958554999999862,0.0,1.0,1,619.6666666666666,1550.6666666666667,1843.3333333333333,306.5,DoS
ipcas_21:73:33,143,0,747,LIED10CTRL/LLN0$Status,0.002020700999999292,0.0,1.0,1,619.6666666666666,1550.6666666666667,1843.3333333333333,306.5,DoS
ipcas_21:73:33,143,0,748,LIED10CTRL/LLN0$Status,0.001838156999999896,0.0,1.0,1,619.6666666666666,1550.6666666666667,1843.3333333333333,306.5,DoS
ipcas_21:73:33,143,0,749,LIED10CTRL/LLN0$Status,0.002010084000000134,0.0,1.0,1,619.6666666666666,1550.6666666666667,1843.3333333333333,306.5,DoS
ipcas_21:73:33,143,0,750,LIED10CTRL/LLN0$Status,0.001994548000000762,0.0,1.0,1,619.6666666666666,1550.6666666666667,1843.3333333333333,306.5,DoS
ipcas_21:73:33,143,0,751,LIED10CTRL/LLN0$Status,0.0020236929999999376,0.0,1.0,1,619.6666666666666,1550.6666666666667,1843.3333333333333,306.5,DoS
ipcas_21:73:33,143,0,752,LIED10CTRL/LLN0$Status,0.0019843759999993438,0.0,1.0,1,619.6666666666666,1550.6666666666667,1843.3333333333333,306.5,DoS
ipcas_21:73:33,143,0,753,LIED10CTRL/LLN0$Status,0.0022058950000012345,0.0,1.0,1,619.6666666666666,1550.6666666666667,1843.3333333333333,306.5,DoS
ipcas_21:73:33,143,0,754,LIED10CTRL/LLN0$Status,0.0018253239999985738,0.0,1.0,1,619.6666666666666,1550.6666666666667,1843.3333333333333,306.5,DoS
ipcas_21:73:33,143,0,755,LIED10CTRL/LLN0$Status,0.0024217460000013347,0.0,1.0,1,619.6666666666666,1550.6666666666667,1843.3333333333333,306.5,DoS
ipcas_21:73:33,143,0,756,LIED10CTRL/LLN0$Status,0.001578677999999556,0.0,1.0,1,619.6666666666666,1550.6666666666667,1843.3333333333333,306.5,DoS
ipcas_21:73:33,143,0,757,LIED10CTRL/LLN0$Status,0.0020241720000004904,0.0,1.0,1,619.6666666666666,1550.6666666666667,1843.3333333333333,306.5,DoS
ipcas_21:73:33,143,0,758,LIED10CTRL/LLN0$Status,0.0019784729999994255,0.0,1.0,1,619.6666666666666,1550.6666666666667,1843.3333333333333,306.5,DoS
ipcas_21:73:33,143,0,759,LIED10CTRL/LLN0$Status,0.0019758519999992785,0.0,1.0,1,619.6666666666666,1550.6666666666667,1843.3333333333333,306.5,DoS
ipcas_21:73:33,143,0,760,LIED10CTRL/LLN0$Status,0.0019901230000005654,0.0,1.0,1,619.6666666666666,1550.6666666666667,1843.3333333333333,306.5,DoS
ipcas_21:73:33,143,0,761,LIED10CTRL/LLN0$Status,0.002024095999999531,0.0,1.0,1,619.6666666666666,1550.6666666666667,1843.3333333333333,306.5,DoS
ipcas_21:73:33,143,0,762,LIED10CTRL/LLN0$Status,0.0020070820000004375,0.0,1.0,1,619.6666666666666,1550.6666666666667,1843.3333333333333,306.5,DoS
ipcas_21:73:33,143,0,763,LIED10CTRL/LLN0$Status,0.0019854200000004596,0.0,1.0,1,619.6666666666666,1550.6666666666667,1843.3333333333333,306.5,DoS
ipcas_21:73:33,143,0,764,LIED10CTRL/LLN0$Status,0.0020658830000002126,0.0,1.0,1,619.6666666666666,1550.6666666666667,1843.3333333333333,306.5,DoS
ipcas_21:73:33,143,0,765,LIED10CTRL/LLN0$Status,0.002424037999999129,0.0,1.0,1,619.6666666666666,1550.6666666666667,1843.3333333333333,306.5,DoS
ipcas_21:73:33,143,0,766,LIED10CTRL/LLN0$Status,0.001662349000000063,0.0,1.0,1,619.6666666666666,1550.6666666666667,1843.3333333333333,306.5,DoS
ipcas_21:73:33,143,0,767,LIED10CTRL/LLN0$Status,0.0020901410000000453,0.0,1.0,1,619.6666666666666,1550.6666666666667,1843.3333333333333,306.5,DoS
ipcas_21:73:33,143,0,768,LIED10CTRL/LLN0$Status,0.0018628819999992885,0.0,1.0,1,619.6666666666666,1550.6666666666667,1843.3333333333333,306.5,DoS
ipcas_21:73:33,143,0,769,LIED10CTRL/LLN0$Status,0.0021371540000014733,0.0,1.0,1,619.6666666666666,1550.6666666666667,1843.3333333333333,306.5,DoS
ipcas_21:73:33,143,0,770,LIED10CTRL/LLN0$Status,0.0018784699999994103,0.0,1.0,1,619.6666666666666,1550.6666666666667,1843.3333333333333,306.5,DoS
ipcas_21:73:33,143,0,771,LIED10CTRL/LLN0$Status,0.0019716679999994824,0.0,1.0,1,619.6666666666666,1550.6666666666667,1843.3333333333333,306.5,DoS
ipcas_21:73:33,143,0,772,LIED10CTRL/LLN0$Status,0.0020181260000011747,0.0,1.0,1,619.6666666666666,1550.6666666666667,1843.3333333333333,306.5,DoS
ipcas_21:73:33,143,0,773,LIED10CTRL/LLN0$Status,0.00199750799999876,0.0,1.0,1,619.6666666666666,1550.6666666666667,1843.3333333333333,306.5,DoS
ipcas_21:73:33,143,0,774,LIED10CTRL/LLN0$Status,0.0020828020000003278,0.0,1.0,1,619.6666666666666,1550.6666666666667,1843.3333333333333,306.5,DoS
ipcas_21:73:33,143,0,775,LIED10CTRL/LLN0$Status,0.001929089000000772,0.0,1.0,1,619.6666666666666,1550.6666666666667,1843.3333333333333,306.5,DoS
ipcas_21:73:33,143,0,776,LIED10CTRL/LLN0$Status,0.0020347879999995655,0.0,1.0,1,619.6666666666666,1550.6666666666667,1843.3333333333333,306.5,DoS
ipcas_21:73:33,143,0,777,LIED10CTRL/LLN0$Status,0.00205063099999947,0.0,1.0,1,619.6666666666666,1550.6666666666667,1843.3333333333333,306.5,DoS
ipcas_21:73:33,143,0,778,LIED10CTRL/LLN0$Status,0.0019377000000009303,0.0,1.0,1,619.6666666666666,1550.6666666666667,1843.3333333333333,306.5,DoS
ipcas_21:73:33,143,0,779,LIED10CTRL/LLN0$Status,0.0019248339999986541,0.0,1.0,1,619.6666666666666,1550.6666666666667,1843.3333333333333,306.5,DoS
ipcas_21:73:33,143,0,780,LIED10CTRL/LLN0$Status,0.0019431330000010405,0.0,1.0,1,619.6666666666666,1550.6666666666667,1843.3333333333333,306.5,DoS
ipcas_21:73:33,143,0,781,LIED10CTRL/LLN0$Status,0.0020265849999994145,0.0,1.0,1,619.6666666666666,1550.6666666666667,1843.3333333333333,306.5,DoS
ipcas_21:73:33,143,0,782,LIED10CTRL/LLN0$Status,0.001992354000000418,0.0,1.0,1,619.6666666666666,1550.6666666666667,1843.3333333333333,306.5,DoS
ipcas_21:73:33,143,0,783,LIED10CTRL/LLN0$Status,0.0020025249999999772,0.0,1.0,1,619.6666666666666,1550.6666666666667,1843.3333333333333,306.5,DoS
ipcas_21:73:33,143,0,784,LIED10CTRL/LLN0$Status,0.0021101120000004414,0.0,1.0,1,619.6666666666666,1550.6666666666667,1843.3333333333333,306.5,DoS
ipcas_21:73:33,143,0,785,LIED10CTRL/LLN0$Status,0.0018701789999990837,0.0,1.0,1,619.6666666666666,1550.6666666666667,1843.3333333333333,306.5,DoS
ipcas_21:73:33,143,0,786,LIED10CTRL/LLN0$Status,0.002021469000000664,0.0,1.0,1,619.6666666666666,1550.6666666666667,1843.3333333333333,306.5,DoS
ipcas_21:73:33,143,0,787,LIED10CTRL/LLN0$Status,0.0020350619999991437,0.0,1.0,1,619.6666666666666,1550.6666666666667,1843.3333333333333,306.5,DoS
ipcas_21:73:33,143,0,788,LIED10CTRL/LLN0$Status,0.0019405660000000324,0.0,1.0,1,619.6666666666666,1550.6666666666667,1843.3333333333333,306.5,DoS
ipcas_21:73:33,143,0,789,LIED10CTRL/LLN0$Status,0.0020207050000013993,0.0,1.0,1,619.6666666666666,1550.6666666666667,1843.3333333333333,306.5,DoS
ipcas_21:73:33,143,0,790,LIED10CTRL/LLN0$Status,0.0021258349999992987,0.0,1.0,1,619.6666666666666,1550.6666666666667,1843.3333333333333,306.5,DoS
ipcas_21:73:33,143,0,791,LIED10CTRL/LLN0$Status,0.0019120160000003494,0.0,1.0,1,619.6666666666666,1550.6666666666667,1843.3333333333333,306.5,DoS
ipcas_21:73:33,143,0,792,LIED10CTRL/LLN0$Status,0.0019447649999992933,0.0,1.0,1,619.6666666666666,1550.6666666666667,1843.3333333333333,306.5,DoS
ipcas_21:73:33,143,0,793,LIED10CTRL/LLN0$Status,0.002049060000000935,0.0,1.0,1,619.6666666666666,1550.6666666666667,1843.3333333333333,306.5,DoS
ipcas_21:73:33,143,0,794,LIED10CTRL/LLN0$Status,0.001988762999999949,0.0,1.0,1,619.6666666666666,1550.6666666666667,1843.3333333333333,306.5,DoS
ipcas_21:73:33,143,0,795,LIED10CTRL/LLN0$Status,0.0021031599999989936,0.0,1.0,1,619.6666666666666,1550.6666666666667,1843.3333333333333,306.5,DoS
ipcas_21:73:33,143,0,796,LIED10CTRL/LLN0$Status,0.002113864000000021,0.0,1.0,1,619.6666666666666,1550.6666666666667,1843.3333333333333,306.5,DoS
ipcas_21:73:33,143,0,797,LIED10CTRL/LLN0$Status,0.0020363880000004997,0.0,1.0,1,619.6666666666666,1550.6666666666667,1843.3333333333333,306.5,DoS
ipcas_21:73:33,143,0,798,LIED10CTRL/LLN0$Status,0.001954637999999065,0.0,1.0,1,619.6666666666666,1550.6666666666667,1843.3333333333333,306.5,DoS
ipcas_21:73:33,143,0,799,LIED10CTRL/LLN0$Status,0.0017776700000009527,0.0,1.0,1,619.6666666666666,1550.6666666666667,1843.3333333333333,306.5,DoS
ipcas_21:73:33,143,0,800,LIED10CTRL/LLN0$Status,0.0021928700000000134,0.0,1.0,1,619.6666666666666,1550.6666666666667,1843.3333333333333,306.5,DoS
ipcas_21:73:33,143,0,801,LIED10CTRL/LLN0$Status,0.0019586399999997894,0.0,1.0,1,619.6666666666666,1550.6666666666667,1843.3333333333333,306.5,DoS
ipcas_21:73:33,143,0,802,LIED10CTRL/LLN0$Status,0.001895080000000604,0.0,1.0,1,619.6666666666666,1550.6666666666667,1843.3333333333333,306.5,DoS
ipcas_21:73:33,143,0,803,LIED10CTRL/LLN0$Status,0.0019715949999987714,0.0,1.0,1,619.6666666666666,1550.6666666666667,1843.3333333333333,306.5,DoS
ipcas_21:73:33,143,0,804,LIED10CTRL/LLN0$Status,0.0022658150000012256,0.0,1.0,1,619.6666666666666,1550.6666666666667,1843.3333333333333,306.5,DoS
ipcas_21:73:33,143,0,805,LIED10CTRL/LLN0$Status,0.0019279489999988186,0.0,1.0,1,619.6666666666666,1550.6666666666667,1843.3333333333333,306.5,DoS
ipcas_21:73:33,143,0,806,LIED10CTRL/LLN0$Status,0.0017878000000006722,0.0,1.0,1,619.6666666666666,1550.6666666666667,1843.3333333333333,306.5,DoS
ipcas_21:73:33,143,0,807,LIED10CTRL/LLN0$Status,0.002315965999999392,0.0,1.0,1,619.6666666666666,1550.6666666666667,1843.3333333333333,306.5,DoS
ipcas_21:73:33,143,0,808,LIED10CTRL/LLN0$Status,0.0018824380000008745,0.0,1.0,1,619.6666666666666,1550.6666666666667,1843.3333333333333,306.5,DoS
ipcas_21:73:33,143,0,809,LIED10CTRL/LLN0$Status,0.0021285720000001618,0.0,1.0,1,619.6666666666666,1550.6666666666667,1843.3333333333333,306.5,DoS
ipcas_21:73:33,143,0,810,LIED10CTRL/LLN0$Status,0.0020599459999992575,0.0,1.0,1,619.6666666666666,1550.6666666666667,1843.3333333333333,306.5,DoS
ipcas_21:73:33,143,0,811,LIED10CTRL/LLN0$Status,0.0017643689999999879,0.0,1.0,1,619.6666666666666,1550.6666666666667,1843.3333333333333,306.5,DoS
ipcas_21:73:33,143,0,812,LIED10CTRL/LLN0$Status,0.0019730950000003133,0.0,1.0,1,619.6666666666666,1550.6666666666667,1843.3333333333333,306.5,DoS
ipcas_21:73:33,143,0,813,LIED10CTRL/LLN0$Status,0.002186632000000799,0.0,1.0,1,619.6666666666666,1550.6666666666667,1843.3333333333333,306.5,DoS
ipcas_21:73:33,143,0,814,LIED10CTRL/LLN0$Status,0.0019604919999984816,0.0,1.0,1,619.6666666666666,1550.6666666666667,1843.3333333333333,306.5,DoS
ipcas_21:73:33,143,0,815,LIED10CTRL/LLN0$Status,0.0018470029999999582,0.0,1.0,1,619.6666666666666,1550.6666666666667,1843.3333333333333,306.5,DoS
ipcas_21:73:33,143,0,816,LIED10CTRL/LLN0$Status,0.0020014340000003017,0.0,1.0,1,619.6666666666666,1550.6666666666667,1843.3333333333333,306.5,DoS
ipcas_21:73:33,143,0,817,LIED10CTRL/LLN0$Status,0.0020010990000010054,0.0,1.0,1,619.6666666666666,1550.6666666666667,1843.3333333333333,306.5,DoS
ipcas_21:73:33,143,0,818,LIED10CTRL/LLN0$Status,0.001990613000000252,0.0,1.0,1,619.6666666666666,1550.6666666666667,1843.3333333333333,306.5,DoS
ipcas_21:73:33,143,0,819,LIED10CTRL/LLN0$Status,0.0020000259999992664,0.0,1.0,1,619.6666666666666,1550.6666666666667,1843.3333333333333,306.5,DoS
ipcas_21:73:33,143,0,820,LIED10CTRL/LLN0$Status,0.002414715000000456,0.0,1.0,1,619.6666666666666,1550.6666666666667,1843.3333333333333,306.5,DoS
ipcas_21:73:33,143,0,821,LIED10CTRL/LLN0$Status,0.002593988999999297,0.0,1.0,1,619.6666666666666,1550.6666666666667,1843.3333333333333,306.5,DoS
ipcas_21:73:33,143,0,822,LIED10CTRL/LLN0$Status,0.00200888700000057,0.0,1.0,1,619.6666666666666,1550.6666666666667,1843.3333333333333,306.5,DoS
ipcas_21:73:33,143,0,823,LIED10CTRL/LLN0$Status,0.002139469999999477,0.0,1.0,1,619.6666666666666,1550.6666666666667,1843.3333333333333,306.5,DoS
ipcas_21:73:33,143,0,824,LIED10CTRL/LLN0$Status,0.0018968010000008917,0.0,1.0,1,619.6666666666666,1550.6666666666667,1843.3333333333333,306.5,DoS
ipcas_21:73:33,143,0,825,LIED10CTRL/LLN0$Status,0.0019770210000000787,0.0,1.0,1,619.6666666666666,1550.6666666666667,1843.3333333333333,306.5,DoS
ipcas_21:73:33,143,0,826,LIED10CTRL/LLN0$Status,0.002013163999999179,0.0,1.0,1,619.6666666666666,1550.6666666666667,1843.3333333333333,306.5,DoS
ipcas_21:73:33,143,0,827,LIED10CTRL/LLN0$Status,0.0022716519999992357,0.0,1.0,1,619.6666666666666,1550.6666666666667,1843.3333333333333,306.5,DoS
ipcas_21:73:33,143,0,828,LIED10CTRL/LLN0$Status,0.0015992520000001065,0.0,1.0,1,619.6666666666666,1550.6666666666667,1843.3333333333333,306.5,DoS
ipcas_21:73:33,143,0,829,LIED10CTRL/LLN0$Status,0.0020211850000002585,0.0,1.0,1,619.6666666666666,1550.6666666666667,1843.3333333333333,306.5,DoS
ipcas_21:73:33,143,0,830,LIED10CTRL/LLN0$Status,0.0020844430000011016,0.0,1.0,1,619.6666666666666,1550.6666666666667,1843.3333333333333,306.5,DoS
ipcas_21:73:33,143,0,831,LIED10CTRL/LLN0$Status,0.0018909979999985893,0.0,1.0,1,619.6666666666666,1550.6666666666667,1843.3333333333333,306.5,DoS
ipcas_21:73:33,143,0,832,LIED10CTRL/LLN0$Status,0.0021202830000000006,0.0,1.0,1,619.6666666666666,1550.6666666666667,1843.3333333333333,306.5,DoS
ipcas_21:73:33,143,0,833,LIED10CTRL/LLN0$Status,0.0018958750000006575,0.0,1.0,1,619.6666666666666,1550.6666666666667,1843.3333333333333,306.5,DoS
ipcas_21:73:33,143,0,834,LIED10CTRL/LLN0$Status,0.0020424620000003557,0.0,1.0,1,619.6666666666666,1550.6666666666667,1843.3333333333333,306.5,DoS
ipcas_21:73:33,143,0,835,LIED10CTRL/LLN0$Status,0.001962112999999377,0.0,1.0,1,619.6666666666666,1550.6666666666667,1843.3333333333333,306.5,DoS
ipcas_21:73:33,143,0,836,LIED10CTRL/LLN0$Status,0.0020019120000007717,0.0,1.0,1,619.6666666666666,1550.6666666666667,1843.3333333333333,306.5,DoS
ipcas_21:73:33,143,0,837,LIED10CTRL/LLN0$Status,0.0020501450000001142,0.0,1.0,1,619.6666666666666,1550.6666666666667,1843.3333333333333,306.5,DoS
ipcas_21:73:33,143,0,838,LIED10CTRL/LLN0$Status,0.001880931999998836,0.0,1.0,1,619.6666666666666,1550.6666666666667,1843.3333333333333,306.5,DoS
ipcas_21:73:33,143,0,839,LIED10CTRL/LLN0$Status,0.002017616999999916,0.0,1.0,1,619.6666666666666,1550.6666666666667,1843.3333333333333,306.5,DoS
ipcas_21:73:33,143,0,840,LIED10CTRL/LLN0$Status,0.001971328999999855,0.0,1.0,1,619.6666666666666,1550.6666666666667,1843.3333333333333,306.5,DoS
ipcas_21:73:33,143,0,841,LIED10CTRL/LLN0$Status,0.0020378380000014573,0.0,1.0,1,619.6666666666666,1550.6666666666667,1843.3333333333333,306.5,DoS
ipcas_21:73:33,143,0,842,LIED10CTRL/LLN0$Status,0.002007638999998562,0.0,1.0,1,619.6666666666666,1550.6666666666667,1843.3333333333333,306.5,DoS
ipcas_21:73:33,143,0,843,LIED10CTRL/LLN0$Status,0.002021657000000232,0.0,1.0,1,619.6666666666666,1550.6666666666667,1843.3333333333333,306.5,DoS
ipcas_21:73:33,143,0,844,LIED10CTRL/LLN0$Status,0.002078089000001171,0.0,1.0,1,619.6666666666666,1550.6666666666667,1843.3333333333333,306.5,DoS
ipcas_21:73:33,143,0,845,LIED10CTRL/LLN0$Status,0.001938256999999055,0.0,1.0,1,619.6666666666666,1550.6666666666667,1843.3333333333333,306.5,DoS
ipcas_21:73:33,143,0,846,LIED10CTRL/LLN0$Status,0.00204041499999974,0.0,1.0,1,619.6666666666666,1550.6666666666667,1843.3333333333333,306.5,DoS
ipcas_21:73:33,143,0,847,LIED10CTRL/LLN0$Status,0.002062512000000183,0.0,1.0,1,619.6666666666666,1550.6666666666667,1843.3333333333333,306.5,DoS
ipcas_21:73:33,143,0,848,LIED10CTRL/LLN0$Status,0.0019095680000003057,0.0,1.0,1,619.6666666666666,1550.6666666666667,1843.3333333333333,306.5,DoS
ipcas_21:73:33,143,0,849,LIED10CTRL/LLN0$Status,0.0022664809999994873,0.0,1.0,1,619.6666666666666,1550.6666666666667,1843.3333333333333,306.5,DoS
ipcas_21:73:33,143,0,850,LIED10CTRL/LLN0$Status,0.001740829000000943,0.0,1.0,1,619.6666666666666,1550.6666666666667,1843.3333333333333,306.5,DoS
ipcas_21:73:33,143,0,851,LIED10CTRL/LLN0$Status,0.002417614000000512,0.0,1.0,1,619.6666666666666,1550.6666666666667,1843.3333333333333,306.5,DoS
ipcas_21:73:33,143,0,852,LIED10CTRL/LLN0$Status,0.0015497449999983814,0.0,1.0,1,619.6666666666666,1550.6666666666667,1843.3333333333333,306.5,DoS
ipcas_21:73:33,143,0,853,LIED10CTRL/LLN0$Status,0.002022653000000929,0.0,1.0,1,619.6666666666666,1550.6666666666667,1843.3333333333333,306.5,DoS
ipcas_21:73:33,143,0,854,LIED10CTRL/LLN0$Status,0.0024903779999991826,0.0,1.0,1,619.6666666666666,1550.6666666666667,1843.3333333333333,306.5,DoS
ipcas_21:73:33,143,0,855,LIED10CTRL/LLN0$Status,0.0016453250000001418,0.0,1.0,1,619.6666666666666,1550.6666666666667,1843.3333333333333,306.5,DoS
ipcas_21:73:33,143,0,856,LIED10CTRL/LLN0$Status,0.0019275370000002567,0.0,1.0,1,619.6666666666666,1550.6666666666667,1843.3333333333333,306.5,DoS
ipcas_21:73:33,143,0,857,LIED10CTRL/LLN0$Status,0.0019178689999996834,0.0,1.0,1,619.6666666666666,1550.6666666666667,1843.3333333333333,306.5,DoS
ipcas_21:73:33,143,0,858,LIED10CTRL/LLN0$Status,0.00236909200000035,0.0,1.0,1,619.6666666666666,1550.6666666666667,1843.3333333333333,306.5,DoS
ipcas_21:73:33,143,0,859,LIED10CTRL/LLN0$Status,0.0021679649999999384,0.0,1.0,1,619.6666666666666,1550.6666666666667,1843.3333333333333,306.5,DoS
ipcas_21:73:33,143,0,860,LIED10CTRL/LLN0$Status,0.0017838970000010335,0.0,1.0,1,619.6666666666666,1550.6666666666667,1843.3333333333333,306.5,DoS
ipcas_21:73:33,143,0,861,LIED10CTRL/LLN0$Status,0.001836577999998923,0.0,1.0,1,619.6666666666666,1550.6666666666667,1843.3333333333333,306.5,DoS
ipcas_21:73:33,143,0,862,LIED10CTRL/LLN0$Status,0.0018632880000009067,0.0,1.0,1,619.6666666666666,1550.6666666666667,1843.3333333333333,306.5,DoS
ipcas_21:73:33,143,0,863,LIED10CTRL/LLN0$Status,0.0019439820000002328,0.0,1.0,1,619.6666666666666,1550.6666666666667,1843.3333333333333,306.5,DoS
ipcas_21:73:33,143,0,864,LIED10CTRL/LLN0$Status,0.001996339999999819,0.0,1.0,1,619.6666666666666,1550.6666666666667,1843.3333333333333,306.5,DoS
ipcas_21:73:33,143,0,865,LIED10CTRL/LLN0$Status,0.0020972900000000294,0.0,1.0,1,619.6666666666666,1550.6666666666667,1843.3333333333333,306.5,DoS
ipcas_21:73:33,143,0,866,LIED10CTRL/LLN0$Status,0.0019805630000000463,0.0,1.0,1,619.6666666666666,1550.6666666666667,1843.3333333333333,306.5,DoS
ipcas_21:73:33,143,0,867,LIED10CTRL/LLN0$Status,0.0019583129999993787,0.0,1.0,1,619.6666666666666,1550.6666666666667,1843.3333333333333,306.5,DoS
ipcas_21:73:33,143,0,868,LIED10CTRL/LLN0$Status,0.0020300710000000777,0.0,1.0,1,619.6666666666666,1550.6666666666667,1843.3333333333333,306.5,DoS
ipcas_21:73:33,143,0,869,LIED10CTRL/LLN0$Status,0.0018818609999993186,0.0,1.0,1,619.6666666666666,1550.6666666666667,1843.3333333333333,306.5,DoS
ipcas_21:73:33,143,0,870,LIED10CTRL/LLN0$Status,0.002095106000000513,0.0,1.0,1,619.6666666666666,1550.6666666666667,1843.3333333333333,306.5,DoS
ipcas_21:73:33,143,0,871,LIED10CTRL/LLN0$Status,0.0019862299999999777,0.0,1.0,1,619.6666666666666,1550.6666666666667,1843.3333333333333,306.5,DoS
ipcas_21:73:33,143,0,872,LIED10CTRL/LLN0$Status,0.002036762999999553,0.0,1.0,1,619.6666666666666,1550.6666666666667,1843.3333333333333,306.5,DoS
ipcas_21:73:33,143,0,873,LIED10CTRL/LLN0$Status,0.0019586870000001255,0.0,1.0,1,619.6666666666666,1550.6666666666667,1843.3333333333333,306.5,DoS
ipcas_21:73:33,143,0,874,LIED10CTRL/LLN0$Status,0.002094081000000969,0.0,1.0,1,619.6666666666666,1550.6666666666667,1843.3333333333333,306.5,DoS
ipcas_21:73:33,143,0,875,LIED10CTRL/LLN0$Status,0.0018730529999988477,0.0,1.0,1,619.6666666666666,1550.6666666666667,1843.3333333333333,306.5,DoS
ipcas_21:73:33,143,0,876,LIED10CTRL/LLN0$Status,0.0019629020000007102,0.0,1.0,1,619.6666666666666,1550.6666666666667,1843.3333333333333,306.5,DoS
ipcas_21:73:33,143,0,877,LIED10CTRL/LLN0$Status,0.002075230999999178,0.0,1.0,1,619.6666666666666,1550.6666666666667,1843.3333333333333,306.5,DoS
ipcas_21:73:33,143,0,878,LIED10CTRL/LLN0$Status,0.0020562290000007977,0.0,1.0,1,619.6666666666666,1550.6666666666667,1843.3333333333333,306.5,DoS
ipcas_21:73:33,143,0,879,LIED10CTRL/LLN0$Status,0.0018605080000000385,0.0,1.0,1,619.6666666666666,1550.6666666666667,1843.3333333333333,306.5,DoS
ipcas_21:73:33,143,0,880,LIED10CTRL/LLN0$Status,0.0020180779999989795,0.0,1.0,1,619.6666666666666,1550.6666666666667,1843.3333333333333,306.5,DoS
ipcas_21:73:33,143,0,881,LIED10CTRL/LLN0$Status,0.002125552000000752,0.0,1.0,1,619.6666666666666,1550.6666666666667,1843.3333333333333,306.5,DoS
ipcas_21:73:33,143,0,882,LIED10CTRL/LLN0$Status,0.001994049000000331,0.0,1.0,1,619.6666666666666,1550.6666666666667,1843.3333333333333,306.5,DoS
ipcas_21:73:33,143,0,883,LIED10CTRL/LLN0$Status,0.0020050180000001916,0.0,1.0,1,619.6666666666666,1550.6666666666667,1843.3333333333333,306.5,DoS
ipcas_21:73:33,143,0,884,LIED10CTRL/LLN0$Status,0.001921985999999265,0.0,1.0,1,619.6666666666666,1550.6666666666667,1843.3333333333333,306.5,DoS
ipcas_21:73:33,143,0,885,LIED10CTRL/LLN0$Status,0.0019733080000001735,0.0,1.0,1,619.6666666666666,1550.6666666666667,1843.3333333333333,306.5,DoS
ipcas_21:73:33,143,0,886,LIED10CTRL/LLN0$Status,0.0019653670000003842,0.0,1.0,1,619.6666666666666,1550.6666666666667,1843.3333333333333,306.5,DoS
ipcas_21:73:33,143,0,887,LIED10CTRL/LLN0$Status,0.0020532140000000254,0.0,1.0,1,619.6666666666666,1550.6666666666667,1843.3333333333333,306.5,DoS
ipcas_21:73:33,143,0,888,LIED10CTRL/LLN0$Status,0.0020430259999990596,0.0,1.0,1,619.6666666666666,1550.6666666666667,1843.3333333333333,306.5,DoS
ipcas_21:73:33,143,0,889,LIED10CTRL/LLN0$Status,0.0019232829999999979,0.0,1.0,1,619.6666666666666,1550.6666666666667,1843.3333333333333,306.5,DoS
ipcas_21:73:33,143,0,890,LIED10CTRL/LLN0$Status,0.0020621960000006823,0.0,1.0,1,619.6666666666666,1550.6666666666667,1843.3333333333333,306.5,DoS
ipcas_21:73:33,143,0,891,LIED10CTRL/LLN0$Status,0.00201127799999945,0.0,1.0,1,619.6666666666666,1550.6666666666667,1843.3333333333333,306.5,DoS
ipcas_21:73:33,143,0,892,LIED10CTRL/LLN0$Status,0.0010371210000013065,0.0,1.0,1,619.6666666666666,1550.6666666666667,1843.3333333333333,306.5,DoS
ipcas_21:73:33,143,0,893,LIED10CTRL/LLN0$Status,0.00189565799999869,0.0,1.0,1,619.6666666666666,1550.6666666666667,1843.3333333333333,306.5,DoS
ipcas_21:73:33,143,0,894,LIED10CTRL/LLN0$Status,0.0019659570000012394,0.0,1.0,1,619.6666666666666,1550.6666666666667,1843.3333333333333,306.5,DoS
ipcas_21:73:33,143,0,895,LIED10CTRL/LLN0$Status,0.002002578999999116,0.0,1.0,1,619.6666666666666,1550.6666666666667,1843.3333333333333,306.5,DoS
ipcas_21:73:33,143,0,896,LIED10CTRL/LLN0$Status,0.0020178410000006863,0.0,1.0,1,619.6666666666666,1550.6666666666667,1843.3333333333333,306.5,DoS
ipcas_21:73:33,143,0,897,LIED10CTRL/LLN0$Status,0.0020108819999986594,0.0,1.0,1,619.6666666666666,1550.6666666666667,1843.3333333333333,306.5,DoS
ipcas_21:73:33,143,0,898,LIED10CTRL/LLN0$Status,0.0020136730000004377,0.0,1.0,1,619.6666666666666,1550.6666666666667,1843.3333333333333,306.5,DoS
ipcas_21:73:33,143,0,899,LIED10CTRL/LLN0$Status,0.0020434429999998116,0.0,1.0,1,619.6666666666666,1550.6666666666667,1843.3333333333333,306.5,DoS
ipcas_21:73:33,143,0,900,LIED10CTRL/LLN0$Status,0.0019461300000003234,0.0,1.0,1,619.6666666666666,1550.6666666666667,1843.3333333333333,306.5,DoS
ipcas_21:73:33,143,0,901,LIED10CTRL/LLN0$Status,0.001964431000001099,0.0,1.0,1,619.6666666666666,1550.6666666666667,1843.3333333333333,306.5,DoS
ipcas_21:73:33,143,0,902,LIED10CTRL/LLN0$Status,0.0020377059999994174,0.0,1.0,1,619.6666666666666,1550.6666666666667,1843.3333333333333,306.5,DoS
ipcas_21:73:33,143,0,903,LIED10CTRL/LLN0$Status,0.00201398599999969,0.0,1.0,1,619.6666666666666,1550.6666666666667,1843.3333333333333,306.5,DoS
ipcas_21:73:33,143,0,904,LIED10CTRL/LLN0$Status,0.0019819519999995094,0.0,1.0,1,619.6666666666666,1550.6666666666667,1843.3333333333333,306.5,DoS
ipcas_21:73:33,143,0,905,LIED10CTRL/LLN0$Status,0.002008216000000118,0.0,1.0,1,619.6666666666666,1550.6666666666667,1843.3333333333333,306.5,DoS
ipcas_21:73:33,143,0,906,LIED10CTRL/LLN0$Status,0.002025466000000975,0.0,1.0,1,619.6666666666666,1550.6666666666667,1843.3333333333333,306.5,DoS
ipcas_21:73:33,143,0,907,LIED10CTRL/LLN0$Status,0.002034384999999972,0.0,1.0,1,619.6666666666666,1550.6666666666667,1843.3333333333333,306.5,DoS
ipcas_21:73:33,143,0,908,LIED10CTRL/LLN0$Status,0.0019150789999997642,0.0,1.0,1,619.6666666666666,1550.6666666666667,1843.3333333333333,306.5,DoS
ipcas_21:73:33,143,0,909,LIED10CTRL/LLN0$Status,0.0020490389999991976,0.0,1.0,1,619.6666666666666,1550.6666666666667,1843.3333333333333,306.5,DoS
ipcas_21:73:33,143,0,910,LIED10CTRL/LLN0$Status,0.0020201750000001795,0.0,1.0,1,619.6666666666666,1550.6666666666667,1843.3333333333333,306.5,DoS
ipcas_21:73:33,143,0,911,LIED10CTRL/LLN0$Status,0.002092141000000325,0.0,1.0,1,619.6666666666666,1550.6666666666667,1843.3333333333333,306.5,DoS
ipcas_21:73:33,143,0,912,LIED10CTRL/LLN0$Status,0.0018564290000000483,0.0,1.0,1,619.6666666666666,1550.6666666666667,1843.3333333333333,306.5,DoS
ipcas_21:73:33,143,0,913,LIED10CTRL/LLN0$Status,0.002105364000000165,0.0,1.0,1,619.6666666666666,1550.6666666666667,1843.3333333333333,306.5,DoS
ipcas_21:73:33,143,0,914,LIED10CTRL/LLN0$Status,0.0020242140000004127,0.0,1.0,1,619.6666666666666,1550.6666666666667,1843.3333333333333,306.5,DoS
ipcas_21:73:33,143,0,915,LIED10CTRL/LLN0$Status,0.0018791269999987037,0.0,1.0,1,619.6666666666666,1550.6666666666667,1843.3333333333333,306.5,DoS
ipcas_21:73:33,143,0,916,LIED10CTRL/LLN0$Status,0.0023860249999998473,0.0,1.0,1,619.6666666666666,1550.6666666666667,1843.3333333333333,306.5,DoS
ipcas_21:73:33,143,0,917,LIED10CTRL/LLN0$Status,0.0016965770000005875,0.0,1.0,1,619.6666666666666,1550.6666666666667,1843.3333333333333,306.5,DoS
ipcas_21:73:33,143,0,918,LIED10CTRL/LLN0$Status,0.002337333999999913,0.0,1.0,1,619.6666666666666,1550.6666666666667,1843.3333333333333,306.5,DoS
ipcas_21:73:33,143,0,919,LIED10CTRL/LLN0$Status,0.0016713230000000578,0.0,1.0,1,619.6666666666666,1550.6666666666667,1843.3333333333333,306.5,DoS
ipcas_21:73:33,143,0,920,LIED10CTRL/LLN0$Status,0.0019920219999995936,0.0,1.0,1,619.6666666666666,1550.6666666666667,1843.3333333333333,306.5,DoS
ipcas_21:73:33,143,0,921,LIED10CTRL/LLN0$Status,0.0020597880000003954,0.0,1.0,1,619.6666666666666,1550.6666666666667,1843.3333333333333,306.5,DoS
ipcas_21:73:33,143,0,922,LIED10CTRL/LLN0$Status,0.001898246999999742,0.0,1.0,1,619.6666666666666,1550.6666666666667,1843.3333333333333,306.5,DoS
ipcas_21:73:33,143,0,923,LIED10CTRL/LLN0$Status,0.0019840270000006655,0.0,1.0,1,619.6666666666666,1550.6666666666667,1843.3333333333333,306.5,DoS
ipcas_21:73:33,143,0,924,LIED10CTRL/LLN0$Status,0.0019975759999990572,0.0,1.0,1,619.6666666666666,1550.6666666666667,1843.3333333333333,306.5,DoS
ipcas_21:73:33,143,0,925,LIED10CTRL/LLN0$Status,0.001999664000001289,0.0,1.0,1,619.6666666666666,1550.6666666666667,1843.3333333333333,306.5,DoS
ipcas_21:73:33,143,0,926,LIED10CTRL/LLN0$Status,0.00215012399999992,0.0,1.0,1,619.6666666666666,1550.6666666666667,1843.3333333333333,306.5,DoS
ipcas_21:73:33,143,0,927,LIED10CTRL/LLN0$Status,0.0018696719999997669,0.0,1.0,1,619.6666666666666,1550.6666666666667,1843.3333333333333,306.5,DoS
ipcas_21:73:33,143,0,928,LIED10CTRL/LLN0$Status,0.0022334779999990673,0.0,1.0,1,619.6666666666666,1550.6666666666667,1843.3333333333333,306.5,DoS
ipcas_21:73:33,143,0,929,LIED10CTRL/LLN0$Status,0.0017525230000003944,0.0,1.0,1,619.6666666666666,1550.6666666666667,1843.3333333333333,306.5,DoS
ipcas_21:73:33,143,0,930,LIED10CTRL/LLN0$Status,0.0020769309999995045,0.0,1.0,1,619.6666666666666,1550.6666666666667,1843.3333333333333,306.5,DoS
ipcas_21:73:33,143,0,931,LIED10CTRL/LLN0$Status,0.0018884220000003893,0.0,1.0,1,619.6666666666666,1550.6666666666667,1843.3333333333333,306.5,DoS
ipcas_21:73:33,143,0,932,LIED10CTRL/LLN0$Status,0.0020661880000005794,0.0,1.0,1,619.6666666666666,1550.6666666666667,1843.3333333333333,306.5,DoS
ipcas_21:73:33,143,0,933,LIED10CTRL/LLN0$Status,0.0019287230000006872,0.0,1.0,1,619.6666666666666,1550.6666666666667,1843.3333333333333,306.5,DoS
ipcas_21:73:33,143,0,934,LIED10CTRL/LLN0$Status,0.0020211729999992656,0.0,1.0,1,619.6666666666666,1550.6666666666667,1843.3333333333333,306.5,DoS
ipcas_21:73:33,143,0,935,LIED10CTRL/LLN0$Status,0.002017616999999916,0.0,1.0,1,619.6666666666666,1550.6666666666667,1843.3333333333333,306.5,DoS
ipcas_21:73:33,143,0,936,LIED10CTRL/LLN0$Status,0.0020194290000006276,0.0,1.0,1,619.6666666666666,1550.6666666666667,1843.3333333333333,306.5,DoS
ipcas_21:73:33,143,0,937,LIED10CTRL/LLN0$Status,0.0020416870000001808,0.0,1.0,1,619.6666666666666,1550.6666666666667,1843.3333333333333,306.5,DoS
ipcas_21:73:33,143,0,938,LIED10CTRL/LLN0$Status,0.0018859989999988613,0.0,1.0,1,619.6666666666666,1550.6666666666667,1843.3333333333333,306.5,DoS
ipcas_21:73:33,143,0,939,LIED10CTRL/LLN0$Status,0.0020250219999997654,0.0,1.0,1,619.6666666666666,1550.6666666666667,1843.3333333333333,306.5,DoS
ipcas_21:73:33,143,0,940,LIED10CTRL/LLN0$Status,0.0020229399999998066,0.0,1.0,1,619.6666666666666,1550.6666666666667,1843.3333333333333,306.5,DoS
ipcas_21:73:33,143,0,941,LIED10CTRL/LLN0$Status,0.00199852700000136,0.0,1.0,1,619.6666666666666,1550.6666666666667,1843.3333333333333,306.5,DoS
ipcas_21:73:33,143,0,942,LIED10CTRL/LLN0$Status,0.002097924999999279,0.0,1.0,1,619.6666666666666,1550.6666666666667,1843.3333333333333,306.5,DoS
ipcas_21:73:33,143,0,943,LIED10CTRL/LLN0$Status,0.0018334670000008657,0.0,1.0,1,619.6666666666666,1550.6666666666667,1843.3333333333333,306.5,DoS
ipcas_21:73:33,143,0,944,LIED10CTRL/LLN0$Status,0.002083929999999512,0.0,1.0,1,619.6666666666666,1550.6666666666667,1843.3333333333333,306.5,DoS
ipcas_21:73:33,143,0,945,LIED10CTRL/LLN0$Status,0.001986860999998896,0.0,1.0,1,619.6666666666666,1550.6666666666667,1843.3333333333333,306.5,DoS
ipcas_21:73:33,143,0,946,LIED10CTRL/LLN0$Status,0.0021361350000006496,0.0,1.0,1,619.6666666666666,1550.6666666666667,1843.3333333333333,306.5,DoS
ipcas_21:73:33,143,0,947,LIED10CTRL/LLN0$Status,0.0018486779999999925,0.0,1.0,1,619.6666666666666,1550.6666666666667,1843.3333333333333,306.5,DoS
ipcas_21:73:33,143,0,948,LIED10CTRL/LLN0$Status,0.0020008950000001136,0.0,1.0,1,619.6666666666666,1550.6666666666667,1843.3333333333333,306.5,DoS
ipcas_21:73:33,143,0,949,LIED10CTRL/LLN0$Status,0.002244097000000167,0.0,1.0,1,619.6666666666666,1550.6666666666667,1843.3333333333333,306.5,DoS
ipcas_21:73:33,143,0,950,LIED10CTRL/LLN0$Status,0.0019498389999998977,0.0,1.0,1,619.6666666666666,1550.6666666666667,1843.3333333333333,306.5,DoS
ipcas_21:73:33,143,0,951,LIED10CTRL/LLN0$Status,0.0020395149999998807,0.0,1.0,1,619.6666666666666,1550.6666666666667,1843.3333333333333,306.5,DoS
ipcas_21:73:33,143,0,952,LIED10CTRL/LLN0$Status,0.0018245150000009147,0.0,1.0,1,619.6666666666666,1550.6666666666667,1843.3333333333333,306.5,DoS
ipcas_21:73:33,143,0,953,LIED10CTRL/LLN0$Status,0.0022075669999992442,0.0,1.0,1,619.6666666666666,1550.6666666666667,1843.3333333333333,306.5,DoS
ipcas_21:73:33,143,0,954,LIED10CTRL/LLN0$Status,0.0011088749999998981,0.0,1.0,1,619.6666666666666,1550.6666666666667,1843.3333333333333,306.5,DoS
ipcas_21:73:33,143,0,955,LIED10CTRL/LLN0$Status,0.0016814059999994413,0.0,1.0,1,619.6666666666666,1550.6666666666667,1843.3333333333333,306.5,DoS
ipcas_21:73:33,143,0,956,LIED10CTRL/LLN0$Status,0.0021798410000002377,0.0,1.0,1,619.6666666666666,1550.6666666666667,1843.3333333333333,306.5,DoS
ipcas_21:73:33,143,0,957,LIED10CTRL/LLN0$Status,0.002030539999999803,0.0,1.0,1,619.6666666666666,1550.6666666666667,1843.3333333333333,306.5,DoS
ipcas_21:73:33,143,0,958,LIED10CTRL/LLN0$Status,0.0018798780000004456,0.0,1.0,1,619.6666666666666,1550.6666666666667,1843.3333333333333,306.5,DoS
ipcas_21:73:33,143,0,959,LIED10CTRL/LLN0$Status,0.001985427999999345,0.0,1.0,1,619.6666666666666,1550.6666666666667,1843.3333333333333,306.5,DoS
ipcas_21:73:33,143,0,960,LIED10CTRL/LLN0$Status,0.0019249930000011517,0.0,1.0,1,619.6666666666666,1550.6666666666667,1843.3333333333333,306.5,DoS
ipcas_21:73:33,143,0,961,LIED10CTRL/LLN0$Status,0.002005233000000217,0.0,1.0,1,619.6666666666666,1550.6666666666667,1843.3333333333333,306.5,DoS
ipcas_21:73:33,143,0,962,LIED10CTRL/LLN0$Status,0.002105134999998981,0.0,1.0,1,619.6666666666666,1550.6666666666667,1843.3333333333333,306.5,DoS
ipcas_21:73:33,143,0,963,LIED10CTRL/LLN0$Status,0.0019297930000004015,0.0,1.0,1,619.6666666666666,1550.6666666666667,1843.3333333333333,306.5,DoS
ipcas_21:73:33,143,0,964,LIED10CTRL/LLN0$Status,0.001948535000000362,0.0,1.0,1,619.6666666666666,1550.6666666666667,1843.3333333333333,306.5,DoS
ipcas_21:73:33,143,0,965,LIED10CTRL/LLN0$Status,0.00224744500000007,0.0,1.0,1,619.6666666666666,1550.6666666666667,1843.3333333333333,306.5,DoS
ipcas_21:73:33,143,0,966,LIED10CTRL/LLN0$Status,0.0018550059999995483,0.0,1.0,1,619.6666666666666,1550.6666666666667,1843.3333333333333,306.5,DoS
ipcas_21:73:33,143,0,967,LIED10CTRL/LLN0$Status,0.002033021000000801,0.0,1.0,1,619.6666666666666,1550.6666666666667,1843.3333333333333,306.5,DoS
ipcas_21:73:33,143,0,968,LIED10CTRL/LLN0$Status,0.0018620970000000625,0.0,1.0,1,619.6666666666666,1550.6666666666667,1843.3333333333333,306.5,DoS
ipcas_21:73:33,143,0,969,LIED10CTRL/LLN0$Status,0.0020903419999989126,0.0,1.0,1,619.6666666666666,1550.6666666666667,1843.3333333333333,306.5,DoS
ipcas_21:73:33,143,0,970,LIED10CTRL/LLN0$Status,0.0015127039999995873,0.0,1.0,1,619.6666666666666,1550.6666666666667,1843.3333333333333,306.5,DoS
ipcas_21:73:33,143,0,971,LIED10CTRL/LLN0$Status,0.0018815400000011806,0.0,1.0,1,619.6666666666666,1550.6666666666667,1843.3333333333333,306.5,DoS
ipcas_21:73:33,143,0,972,LIED10CTRL/LLN0$Status,0.0016656909999994696,0.0,1.0,1,619.6666666666666,1550.6666666666667,1843.3333333333333,306.5,DoS
ipcas_21:73:33,143,0,973,LIED10CTRL/LLN0$Status,0.0019519639999998617,0.0,1.0,1,619.6666666666666,1550.6666666666667,1843.3333333333333,306.5,DoS
ipcas_21:73:33,143,0,974,LIED10CTRL/LLN0$Status,0.001976153999999397,0.0,1.0,1,619.6666666666666,1550.6666666666667,1843.3333333333333,306.5,DoS
ipcas_21:73:33,143,0,975,LIED10CTRL/LLN0$Status,0.0021621070000001907,0.0,1.0,1,619.6666666666666,1550.6666666666667,1843.3333333333333,306.5,DoS
ipcas_21:73:33,143,0,976,LIED10CTRL/LLN0$Status,0.001794353000001081,0.0,1.0,1,619.6666666666666,1550.6666666666667,1843.3333333333333,306.5,DoS
ipcas_21:73:33,143,0,977,LIED10CTRL/LLN0$Status,0.0020794399999992663,0.0,1.0,1,619.6666666666666,1550.6666666666667,1843.3333333333333,306.5,DoS
ipcas_21:73:33,143,0,978,LIED10CTRL/LLN0$Status,0.0019401250000008474,0.0,1.0,1,619.6666666666666,1550.6666666666667,1843.3333333333333,306.5,DoS
ipcas_21:73:33,143,0,979,LIED10CTRL/LLN0$Status,0.001924001999999092,0.0,1.0,1,619.6666666666666,1550.6666666666667,1843.3333333333333,306.5,DoS
ipcas_21:73:33,143,0,980,LIED10CTRL/LLN0$Status,0.002007707000000636,0.0,1.0,1,619.6666666666666,1550.6666666666667,1843.3333333333333,306.5,DoS
ipcas_21:73:33,143,0,981,LIED10CTRL/LLN0$Status,0.0019621609999997958,0.0,1.0,1,619.6666666666666,1550.6666666666667,1843.3333333333333,306.5,DoS
ipcas_21:73:33,143,0,982,LIED10CTRL/LLN0$Status,0.00200117199999994,0.0,1.0,1,619.6666666666666,1550.6666666666667,1843.3333333333333,306.5,DoS
ipcas_21:73:33,143,0,983,LIED10CTRL/LLN0$Status,0.002165371000000249,0.0,1.0,1,619.6666666666666,1550.6666666666667,1843.3333333333333,306.5,DoS
ipcas_21:73:33,143,0,984,LIED10CTRL/LLN0$Status,0.0018296069999994558,0.0,1.0,1,619.6666666666666,1550.6666666666667,1843.3333333333333,306.5,DoS
ipcas_21:73:33,143,0,985,LIED10CTRL/LLN0$Status,0.001999792999999528,0.0,1.0,1,619.6666666666666,1550.6666666666667,1843.3333333333333,306.5,DoS
ipcas_21:73:33,143,0,986,LIED10CTRL/LLN0$Status,0.0029400410000004484,0.0,1.0,1,619.6666666666666,1550.6666666666667,1843.3333333333333,306.5,DoS
ipcas_21:73:33,143,0,987,LIED10CTRL/LLN0$Status,0.0012502780000005487,0.0,1.0,1,619.6666666666666,1550.6666666666667,1843.3333333333333,306.5,DoS
ipcas_21:73:33,143,0,988,LIED10CTRL/LLN0$Status,0.002736213000000376,0.0,1.0,1,619.6666666666666,1550.6666666666667,1843.3333333333333,306.5,DoS
ipcas_21:73:33,143,0,989,LIED10CTRL/LLN0$Status,0.00210031399999977,0.0,1.0,1,619.6666666666666,1550.6666666666667,1843.3333333333333,306.5,DoS
ipcas_21:73:33,143,0,990,LIED10CTRL/LLN0$Status,0.001074508000000307,0.0,1.0,1,619.6666666666666,1550.6666666666667,1843.3333333333333,306.5,DoS
ipcas_21:73:33,143,0,991,LIED10CTRL/LLN0$Status,0.0021173039999986543,0.0,1.0,1,619.6666666666666,1550.6666666666667,1843.3333333333333,306.5,DoS
ipcas_21:73:33,143,0,992,LIED10CTRL/LLN0$Status,0.0037077360000008497,0.0,1.0,1,619.6666666666666,1550.6666666666667,1843.3333333333333,306.5,DoS
ipcas_21:73:33,143,0,993,LIED10CTRL/LLN0$Status,0.001992924999999701,0.0,1.0,1,619.6666666666666,1550.6666666666667,1843.3333333333333,306.5,DoS
ipcas_21:73:33,143,0,994,LIED10CTRL/LLN0$Status,0.0019979380000005875,0.0,1.0,1,619.6666666666666,1550.6666666666667,1843.3333333333333,306.5,DoS
ipcas_21:73:33,143,0,995,LIED10CTRL/LLN0$Status,0.001322646000000205,0.0,1.0,1,619.6666666666666,1550.6666666666667,1843.3333333333333,306.5,DoS
ipcas_21:73:33,143,0,996,LIED10CTRL/LLN0$Status,0.0008045709999997541,0.0,1.0,1,619.6666666666666,1550.6666666666667,1843.3333333333333,306.5,DoS
ipcas_21:73:33,143,0,997,LIED10CTRL/LLN0$Status,0.002944841999999781,0.0,1.0,1,619.6666666666666,1550.6666666666667,1843.3333333333333,306.5,DoS
ipcas_21:73:33,143,0,998,LIED10CTRL/LLN0$Status,0.0011122290000002977,0.0,1.0,1,619.6666666666666,1550.6666666666667,1843.3333333333333,306.5,DoS
ipcas_21:73:33,143,0,999,LIED10CTRL/LLN0$Status,0.002058615999999347,0.0,1.0,1,619.6666666666666,1550.6666666666667,1843.3333333333333,306.5,DoS
ipcas_21:73:33,143,0,1000,LIED10CTRL/LLN0$Status,0.001929961000000091,0.0,1.0,1,619.6666666666666,1550.6666666666667,1843.3333333333333,306.5,DoS
ipcas_21:73:33,143,0,1001,LIED10CTRL/LLN0$Status,0.002072713000000448,0.0,1.0,1,619.6666666666666,1550.6666666666667,1843.3333333333333,306.5,DoS
ipcas_21:73:33,143,0,1002,LIED10CTRL/LLN0$Status,0.00221199900000002,0.0,1.0,1,619.6666666666666,1550.6666666666667,1843.3333333333333,306.5,DoS
ipcas_21:73:33,143,0,1003,LIED10CTRL/LLN0$Status,0.001723884000000453,0.0,1.0,1,619.6666666666666,1550.6666666666667,1843.3333333333333,306.5,DoS
ipcas_21:73:33,143,0,1004,LIED10CTRL/LLN0$Status,0.001996146999999837,0.0,1.0,1,619.6666666666666,1550.6666666666667,1843.3333333333333,306.5,DoS
ipcas_21:73:33,143,0,1005,LIED10CTRL/LLN0$Status,0.002034098999999401,0.0,1.0,1,619.6666666666666,1550.6666666666667,1843.3333333333333,306.5,DoS
ipcas_21:73:33,143,0,1006,LIED10CTRL/LLN0$Status,0.0019048500000007351,0.0,1.0,1,619.6666666666666,1550.6666666666667,1843.3333333333333,306.5,DoS
ipcas_21:73:33,143,0,1007,LIED10CTRL/LLN0$Status,0.002012624999998991,0.0,1.0,1,619.6666666666666,1550.6666666666667,1843.3333333333333,306.5,DoS
ipcas_21:73:33,143,0,1008,LIED10CTRL/LLN0$Status,0.0019611210000007873,0.0,1.0,1,619.6666666666666,1550.6666666666667,1843.3333333333333,306.5,DoS
ipcas_21:73:33,143,0,1009,LIED10CTRL/LLN0$Status,0.0020316170000000966,0.0,1.0,1,619.6666666666666,1550.6666666666667,1843.3333333333333,306.5,DoS
ipcas_21:73:33,143,0,1010,LIED10CTRL/LLN0$Status,0.0019548419999999567,0.0,1.0,1,619.6666666666666,1550.6666666666667,1843.3333333333333,306.5,DoS
ipcas_21:73:33,143,0,1011,LIED10CTRL/LLN0$Status,0.001970158999998972,0.0,1.0,1,619.6666666666666,1550.6666666666667,1843.3333333333333,306.5,DoS
ipcas_21:73:33,143,0,1012,LIED10CTRL/LLN0$Status,0.0020150530000009326,0.0,1.0,1,619.6666666666666,1550.6666666666667,1843.3333333333333,306.5,DoS
ipcas_21:73:33,143,0,1013,LIED10CTRL/LLN0$Status,0.001991632999999382,0.0,1.0,1,619.6666666666666,1550.6666666666667,1843.3333333333333,306.5,DoS
ipcas_21:73:33,143,0,1014,LIED10CTRL/LLN0$Status,0.002033453999999324,0.0,1.0,1,619.6666666666666,1550.6666666666667,1843.3333333333333,306.5,DoS
ipcas_21:73:33,143,0,1015,LIED10CTRL/LLN0$Status,0.0021446870000012552,0.0,1.0,1,619.6666666666666,1550.6666666666667,1843.3333333333333,306.5,DoS
ipcas_21:73:33,143,0,1016,LIED10CTRL/LLN0$Status,0.0018437440000003136,0.0,1.0,1,619.6666666666666,1550.6666666666667,1843.3333333333333,306.5,DoS
ipcas_21:73:33,143,0,1017,LIED10CTRL/LLN0$Status,0.0020348159999983295,0.0,1.0,1,619.6666666666666,1550.6666666666667,1843.3333333333333,306.5,DoS
ipcas_21:73:33,143,0,1018,LIED10CTRL/LLN0$Status,0.0020279370000011454,0.0,1.0,1,619.6666666666666,1550.6666666666667,1843.3333333333333,306.5,DoS
ipcas_21:73:33,143,0,1019,LIED10CTRL/LLN0$Status,0.001968617999999367,0.0,1.0,1,619.6666666666666,1550.6666666666667,1843.3333333333333,306.5,DoS
ipcas_21:73:33,143,0,1020,LIED10CTRL/LLN0$Status,0.001966385000001125,0.0,1.0,1,619.6666666666666,1550.6666666666667,1843.3333333333333,306.5,DoS
ipcas_21:73:33,143,0,1021,LIED10CTRL/LLN0$Status,0.0020939049999988413,0.0,1.0,1,619.6666666666666,1550.6666666666667,1843.3333333333333,306.5,DoS
ipcas_21:73:33,143,0,1022,LIED10CTRL/LLN0$Status,0.0022082000000001045,0.0,1.0,1,619.6666666666666,1550.6666666666667,1843.3333333333333,306.5,DoS
ipcas_21:73:33,143,0,1023,LIED10CTRL/LLN0$Status,0.0018022070000007773,0.0,1.0,1,619.6666666666666,1550.6666666666667,1843.3333333333333,306.5,DoS
ipcas_21:73:33,143,0,1024,LIED10CTRL/LLN0$Status,0.0021301400000002246,0.0,1.0,1,619.6666666666666,1550.6666666666667,1843.3333333333333,306.5,DoS
ipcas_21:73:33,143,0,1025,LIED10CTRL/LLN0$Status,0.002127125999999535,0.0,1.0,1,619.6666666666666,1550.6666666666667,1843.3333333333333,306.5,DoS
ipcas_21:73:33,143,0,1026,LIED10CTRL/LLN0$Status,0.002047821999999755,0.0,1.0,1,619.6666666666666,1550.6666666666667,1843.3333333333333,306.5,DoS
ipcas_21:73:33,143,0,1027,LIED10CTRL/LLN0$Status,0.0019127440000001883,0.0,1.0,1,619.6666666666666,1550.6666666666667,1843.3333333333333,306.5,DoS
ipcas_21:73:33,143,0,1028,LIED10CTRL/LLN0$Status,0.0018704469999999418,0.0,1.0,1,619.6666666666666,1550.6666666666667,1843.3333333333333,306.5,DoS
ipcas_21:73:33,143,0,1029,LIED10CTRL/LLN0$Status,0.0018461730000005616,0.0,1.0,1,619.6666666666666,1550.6666666666667,1843.3333333333333,306.5,DoS
ipcas_21:73:33,143,0,1030,LIED10CTRL/LLN0$Status,0.002038217999999148,0.0,1.0,1,619.6666666666666,1550.6666666666667,1843.3333333333333,306.5,DoS
ipcas_21:73:33,143,0,1031,LIED10CTRL/LLN0$Status,0.0021369609999997152,0.0,1.0,1,619.6666666666666,1550.6666666666667,1843.3333333333333,306.5,DoS
ipcas_21:73:33,143,0,1032,LIED10CTRL/LLN0$Status,0.002000588999999664,0.0,1.0,1,619.6666666666666,1550.6666666666667,1843.3333333333333,306.5,DoS
ipcas_21:73:33,143,0,1033,LIED10CTRL/LLN0$Status,0.0018447580000007235,0.0,1.0,1,619.6666666666666,1550.6666666666667,1843.3333333333333,306.5,DoS
ipcas_21:73:33,143,0,1034,LIED10CTRL/LLN0$Status,0.0020815790000003886,0.0,1.0,1,619.6666666666666,1550.6666666666667,1843.3333333333333,306.5,DoS
ipcas_21:73:33,143,0,1035,LIED10CTRL/LLN0$Status,0.001956522999998711,0.0,1.0,1,619.6666666666666,1550.6666666666667,1843.3333333333333,306.5,DoS
ipcas_21:73:33,143,0,1036,LIED10CTRL/LLN0$Status,0.0019408100000006812,0.0,1.0,1,619.6666666666666,1550.6666666666667,1843.3333333333333,306.5,DoS
ipcas_21:73:33,143,0,1037,LIED10CTRL/LLN0$Status,0.002000204999999866,0.0,1.0,1,619.6666666666666,1550.6666666666667,1843.3333333333333,306.5,DoS
ipcas_21:73:33,143,0,1038,LIED10CTRL/LLN0$Status,0.0021803309999999243,0.0,1.0,1,619.6666666666666,1550.6666666666667,1843.3333333333333,306.5,DoS
ipcas_21:73:33,143,0,1039,LIED10CTRL/LLN0$Status,0.0019462430000007913,0.0,1.0,1,619.6666666666666,1550.6666666666667,1843.3333333333333,306.5,DoS
ipcas_21:73:33,143,0,1040,LIED10CTRL/LLN0$Status,0.0018623079999997572,0.0,1.0,1,619.6666666666666,1550.6666666666667,1843.3333333333333,306.5,DoS
ipcas_21:73:33,143,0,1041,LIED10CTRL/LLN0$Status,0.0023019200000007345,0.0,1.0,1,619.6666666666666,1550.6666666666667,1843.3333333333333,306.5,DoS
ipcas_21:73:33,143,0,1042,LIED10CTRL/LLN0$Status,0.0017531329999993517,0.0,1.0,1,619.6666666666666,1550.6666666666667,1843.3333333333333,306.5,DoS
ipcas_21:73:33,143,0,1043,LIED10CTRL/LLN0$Status,0.002005173000000582,0.0,1.0,1,619.6666666666666,1550.6666666666667,1843.3333333333333,306.5,DoS
ipcas_21:73:33,143,0,1044,LIED10CTRL/LLN0$Status,0.0011859159999989544,0.0,1.0,1,619.6666666666666,1550.6666666666667,1843.3333333333333,306.5,DoS
ipcas_21:73:33,143,0,1045,LIED10CTRL/LLN0$Status,0.0018428820000000457,0.0,1.0,1,619.6666666666666,1550.6666666666667,1843.3333333333333,306.5,DoS
ipcas_21:73:33,143,0,1046,LIED10CTRL/LLN0$Status,0.0019718060000002424,0.0,1.0,1,619.6666666666666,1550.6666666666667,1843.3333333333333,306.5,DoS
ipcas_21:73:33,143,0,1047,LIED10CTRL/LLN0$Status,0.001961062999999541,0.0,1.0,1,619.6666666666666,1550.6666666666667,1843.3333333333333,306.5,DoS
ipcas_21:73:33,143,0,1048,LIED10CTRL/LLN0$Status,0.002234840999999932,0.0,1.0,1,619.6666666666666,1550.6666666666667,1843.3333333333333,306.5,DoS
ipcas_21:73:33,143,0,1049,LIED10CTRL/LLN0$Status,0.0020534610000009224,0.0,1.0,1,619.6666666666666,1550.6666666666667,1843.3333333333333,306.5,DoS
ipcas_21:73:33,143,0,1050,LIED10CTRL/LLN0$Status,0.0016927639999995137,0.0,1.0,1,619.6666666666666,1550.6666666666667,1843.3333333333333,306.5,DoS
ipcas_21:73:33,143,0,1051,LIED10CTRL/LLN0$Status,0.002058283000000216,0.0,1.0,1,619.6666666666666,1550.6666666666667,1843.3333333333333,306.5,DoS
ipcas_21:73:33,143,0,1052,LIED10CTRL/LLN0$Status,0.0020400580000004,0.0,1.0,1,619.6666666666666,1550.6666666666667,1843.3333333333333,306.5,DoS
ipcas_21:73:33,143,0,1053,LIED10CTRL/LLN0$Status,0.0020268459999996935,0.0,1.0,1,619.6666666666666,1550.6666666666667,1843.3333333333333,306.5,DoS
ipcas_21:73:33,143,0,1054,LIED10CTRL/LLN0$Status,0.00245902099999995,0.0,1.0,1,619.6666666666666,1550.6666666666667,1843.3333333333333,306.5,DoS
ipcas_21:73:33,143,0,1055,LIED10CTRL/LLN0$Status,0.0014854799999994839,0.0,1.0,1,619.6666666666666,1550.6666666666667,1843.3333333333333,306.5,DoS
ipcas_21:73:33,143,0,1056,LIED10CTRL/LLN0$Status,0.002270539999999599,0.0,1.0,1,619.6666666666666,1550.6666666666667,1843.3333333333333,306.5,DoS
ipcas_21:73:33,143,0,1057,LIED10CTRL/LLN0$Status,0.0017529930000002025,0.0,1.0,1,619.6666666666666,1550.6666666666667,1843.3333333333333,306.5,DoS
ipcas_21:73:33,143,0,1058,LIED10CTRL/LLN0$Status,0.002161654000000013,0.0,1.0,1,619.6666666666666,1550.6666666666667,1843.3333333333333,306.5,DoS
ipcas_21:73:33,143,0,1059,LIED10CTRL/LLN0$Status,0.0017048590000001695,0.0,1.0,1,619.6666666666666,1550.6666666666667,1843.3333333333333,306.5,DoS
ipcas_21:73:33,143,0,1060,LIED10CTRL/LLN0$Status,0.000478588000000002,-1.0,1048.0,1,621.3333333333334,1550.3333333333333,1851.3333333333333,308.5,DoS
ipcas_21:73:33,143,0,1061,LIED10CTRL/LLN0$Status,0.002155971000000534,0.0,1.0,1,621.3333333333334,1550.3333333333333,1851.3333333333333,308.5,DoS
ipcas_21:73:33,143,0,1062,LIED10CTRL/LLN0$Status,0.0011016799999996607,0.0,1.0,1,621.3333333333334,1550.3333333333333,1851.3333333333333,308.5,DoS
ipcas_21:73:33,143,0,1063,LIED10CTRL/LLN0$Status,0.001284197999998682,0.0,1.0,1,621.3333333333334,1550.3333333333333,1851.3333333333333,308.5,DoS
ipcas_21:73:33,143,0,1064,LIED10CTRL/LLN0$Status,0.001421760000001271,0.0,1.0,1,621.3333333333334,1550.3333333333333,1851.3333333333333,308.5,DoS
ipcas_21:73:33,143,0,1065,LIED10CTRL/LLN0$Status,0.0019574049999988574,0.0,1.0,1,621.3333333333334,1550.3333333333333,1851.3333333333333,308.5,DoS
ipcas_21:73:33,143,0,1066,LIED10CTRL/LLN0$Status,0.0023524030000015017,0.0,1.0,1,621.3333333333334,1550.3333333333333,1851.3333333333333,308.5,DoS
ipcas_21:73:33,143,0,1067,LIED10CTRL/LLN0$Status,0.001690001000000052,0.0,1.0,1,621.3333333333334,1550.3333333333333,1851.3333333333333,308.5,DoS
ipcas_21:73:33,143,0,1068,LIED10CTRL/LLN0$Status,0.0019615089999991397,0.0,1.0,1,621.3333333333334,1550.3333333333333,1851.3333333333333,308.5,DoS
ipcas_21:73:33,143,0,1069,LIED10CTRL/LLN0$Status,0.002034340999999884,0.0,1.0,1,621.3333333333334,1550.3333333333333,1851.3333333333333,308.5,DoS
ipcas_21:73:33,143,0,1070,LIED10CTRL/LLN0$Status,0.001962051999999659,0.0,1.0,1,621.3333333333334,1550.3333333333333,1851.3333333333333,308.5,DoS
ipcas_21:73:33,143,0,1071,LIED10CTRL/LLN0$Status,0.0020012359999999063,0.0,1.0,1,621.3333333333334,1550.3333333333333,1851.3333333333333,308.5,DoS
ipcas_21:73:33,143,0,1072,LIED10CTRL/LLN0$Status,0.001978016000000693,0.0,1.0,1,621.3333333333334,1550.3333333333333,1851.3333333333333,308.5,DoS
ipcas_21:73:33,143,0,1073,LIED10CTRL/LLN0$Status,0.002313248000000101,0.0,1.0,1,621.3333333333334,1550.3333333333333,1851.3333333333333,308.5,DoS
ipcas_21:73:33,143,0,1074,LIED10CTRL/LLN0$Status,0.0021194219999998154,0.0,1.0,1,621.3333333333334,1550.3333333333333,1851.3333333333333,308.5,DoS
ipcas_21:73:33,143,0,1075,LIED10CTRL/LLN0$Status,0.001643068999999997,0.0,1.0,1,621.3333333333334,1550.3333333333333,1851.3333333333333,308.5,DoS
ipcas_21:73:33,143,0,1076,LIED10CTRL/LLN0$Status,0.002076435999999404,0.0,1.0,1,621.3333333333334,1550.3333333333333,1851.3333333333333,308.5,DoS
ipcas_21:73:33,143,0,1077,LIED10CTRL/LLN0$Status,0.0013765299999999314,0.0,1.0,1,621.3333333333334,1550.3333333333333,1851.3333333333333,308.5,DoS
ipcas_21:73:33,143,0,1078,LIED10CTRL/LLN0$Status,0.0018003750000001872,0.0,1.0,1,621.3333333333334,1550.3333333333333,1851.3333333333333,308.5,DoS
ipcas_21:73:33,143,0,1079,LIED10CTRL/LLN0$Status,0.001992249000000612,0.0,1.0,1,621.3333333333334,1550.3333333333333,1851.3333333333333,308.5,DoS
ipcas_21:73:33,143,0,1080,LIED10CTRL/LLN0$Status,0.0016782590000001818,0.0,1.0,1,621.3333333333334,1550.3333333333333,1851.3333333333333,308.5,DoS
ipcas_21:73:33,143,0,1081,LIED10CTRL/LLN0$Status,0.0017021269999997202,0.0,1.0,1,621.3333333333334,1550.3333333333333,1851.3333333333333,308.5,DoS
ipcas_21:73:33,143,0,1082,LIED10CTRL/LLN0$Status,0.001394605999999854,0.0,1.0,1,621.3333333333334,1550.3333333333333,1851.3333333333333,308.5,DoS
ipcas_21:73:33,143,0,1083,LIED10CTRL/LLN0$Status,0.0013287389999998567,0.0,1.0,1,621.3333333333334,1550.3333333333333,1851.3333333333333,308.5,DoS
ipcas_21:73:33,143,0,1084,LIED10CTRL/LLN0$Status,0.0015791200000006,0.0,1.0,1,621.3333333333334,1550.3333333333333,1851.3333333333333,308.5,DoS
ipcas_21:73:33,143,0,1085,LIED10CTRL/LLN0$Status,0.0020361549999989847,0.0,1.0,1,621.3333333333334,1550.3333333333333,1851.3333333333333,308.5,DoS
ipcas_21:73:33,143,0,1086,LIED10CTRL/LLN0$Status,0.0020143840000006463,0.0,1.0,1,621.3333333333334,1550.3333333333333,1851.3333333333333,308.5,DoS
ipcas_21:73:33,143,0,1087,LIED10CTRL/LLN0$Status,0.0019892269999992607,0.0,1.0,1,621.3333333333334,1550.3333333333333,1851.3333333333333,308.5,DoS
ipcas_21:73:33,143,0,1088,LIED10CTRL/LLN0$Status,0.0022099970000013514,0.0,1.0,1,621.3333333333334,1550.3333333333333,1851.3333333333333,308.5,DoS
ipcas_21:73:33,143,0,1089,LIED10CTRL/LLN0$Status,0.0018209599999998716,0.0,1.0,1,621.3333333333334,1550.3333333333333,1851.3333333333333,308.5,DoS
ipcas_21:73:33,143,0,1090,LIED10CTRL/LLN0$Status,0.002071747999998763,0.0,1.0,1,621.3333333333334,1550.3333333333333,1851.3333333333333,308.5,DoS
ipcas_21:73:33,143,0,1091,LIED10CTRL/LLN0$Status,0.002038141999999965,0.0,1.0,1,621.3333333333334,1550.3333333333333,1851.3333333333333,308.5,DoS
ipcas_21:73:33,143,0,1092,LIED10CTRL/LLN0$Status,0.0019438860000011715,0.0,1.0,1,621.3333333333334,1550.3333333333333,1851.3333333333333,308.5,DoS
ipcas_21:73:33,143,0,1093,LIED10CTRL/LLN0$Status,0.0011096269999999464,0.0,1.0,1,621.3333333333334,1550.3333333333333,1851.3333333333333,308.5,DoS
ipcas_21:73:33,143,0,1094,LIED10CTRL/LLN0$Status,0.0019202319999997997,0.0,1.0,1,621.3333333333334,1550.3333333333333,1851.3333333333333,308.5,DoS
ipcas_21:73:33,143,0,1095,LIED10CTRL/LLN0$Status,0.0022801769999993837,0.0,1.0,1,621.3333333333334,1550.3333333333333,1851.3333333333333,308.5,DoS
ipcas_21:73:33,143,0,1096,LIED10CTRL/LLN0$Status,0.0016921459999998945,0.0,1.0,1,621.3333333333334,1550.3333333333333,1851.3333333333333,308.5,DoS
ipcas_21:73:33,143,0,1097,LIED10CTRL/LLN0$Status,0.0013445809999996783,0.0,1.0,1,621.3333333333334,1550.3333333333333,1851.3333333333333,308.5,DoS
ipcas_21:73:33,143,0,1098,LIED10CTRL/LLN0$Status,0.0022276530000002737,0.0,1.0,1,621.3333333333334,1550.3333333333333,1851.3333333333333,308.5,DoS
ipcas_21:73:33,143,0,1099,LIED10CTRL/LLN0$Status,0.0015489130000005957,0.0,1.0,1,621.3333333333334,1550.3333333333333,1851.3333333333333,308.5,DoS
ipcas_21:73:33,143,0,1100,LIED10CTRL/LLN0$Status,0.0017358139999998912,0.0,1.0,1,621.3333333333334,1550.3333333333333,1851.3333333333333,308.5,DoS
ipcas_21:73:33,143,0,1101,LIED10CTRL/LLN0$Status,0.002017895999999908,0.0,1.0,1,621.3333333333334,1550.3333333333333,1851.3333333333333,308.5,DoS
ipcas_21:73:33,143,0,1102,LIED10CTRL/LLN0$Status,0.002019262000001021,0.0,1.0,1,621.3333333333334,1550.3333333333333,1851.3333333333333,308.5,DoS
ipcas_21:73:33,143,0,1103,LIED10CTRL/LLN0$Status,0.0021150959999989283,0.0,1.0,1,621.3333333333334,1550.3333333333333,1851.3333333333333,308.5,DoS
ipcas_21:73:33,143,0,1104,LIED10CTRL/LLN0$Status,0.00190364900000084,0.0,1.0,1,621.3333333333334,1550.3333333333333,1851.3333333333333,308.5,DoS
ipcas_21:73:33,143,0,1105,LIED10CTRL/LLN0$Status,0.0019839159999985867,0.0,1.0,1,621.3333333333334,1550.3333333333333,1851.3333333333333,308.5,DoS
ipcas_21:73:33,143,0,1106,LIED10CTRL/LLN0$Status,0.002077027000000342,0.0,1.0,1,621.3333333333334,1550.3333333333333,1851.3333333333333,308.5,DoS
ipcas_21:73:33,143,0,1107,LIED10CTRL/LLN0$Status,0.0019316280000012398,0.0,1.0,1,621.3333333333334,1550.3333333333333,1851.3333333333333,308.5,DoS
ipcas_21:73:33,143,0,1108,LIED10CTRL/LLN0$Status,0.0021219739999995824,0.0,1.0,1,621.3333333333334,1550.3333333333333,1851.3333333333333,308.5,DoS
ipcas_21:73:33,143,0,1109,LIED10CTRL/LLN0$Status,0.0018343759999996934,0.0,1.0,1,621.3333333333334,1550.3333333333333,1851.3333333333333,308.5,DoS
ipcas_21:73:33,143,0,1110,LIED10CTRL/LLN0$Status,0.002209844999999433,0.0,1.0,1,621.3333333333334,1550.3333333333333,1851.3333333333333,308.5,DoS
ipcas_21:73:33,143,0,1111,LIED10CTRL/LLN0$Status,0.0017720620000005738,0.0,1.0,1,621.3333333333334,1550.3333333333333,1851.3333333333333,308.5,DoS
ipcas_21:73:33,143,0,1112,LIED10CTRL/LLN0$Status,0.0021118490000002765,0.0,1.0,1,621.3333333333334,1550.3333333333333,1851.3333333333333,308.5,DoS
ipcas_21:73:33,143,0,1113,LIED10CTRL/LLN0$Status,0.0019845659999990772,0.0,1.0,1,621.3333333333334,1550.3333333333333,1851.3333333333333,308.5,DoS
ipcas_21:73:33,143,0,1114,LIED10CTRL/LLN0$Status,0.00202103800000053,0.0,1.0,1,621.3333333333334,1550.3333333333333,1851.3333333333333,308.5,DoS
ipcas_21:73:33,143,0,1115,LIED10CTRL/LLN0$Status,0.0018769160000005058,0.0,1.0,1,621.3333333333334,1550.3333333333333,1851.3333333333333,308.5,DoS
ipcas_21:73:33,143,0,1116,LIED10CTRL/LLN0$Status,0.002092149999999293,0.0,1.0,1,621.3333333333334,1550.3333333333333,1851.3333333333333,308.5,DoS
ipcas_21:73:33,143,0,1117,LIED10CTRL/LLN0$Status,0.001987730999999826,0.0,1.0,1,621.3333333333334,1550.3333333333333,1851.3333333333333,308.5,DoS
ipcas_21:73:33,143,0,1118,LIED10CTRL/LLN0$Status,0.0022107370000004067,0.0,1.0,1,621.3333333333334,1550.3333333333333,1851.3333333333333,308.5,DoS
ipcas_21:73:33,143,0,1119,LIED10CTRL/LLN0$Status,0.0017816699999997354,0.0,1.0,1,621.3333333333334,1550.3333333333333,1851.3333333333333,308.5,DoS
ipcas_21:73:33,143,0,1120,LIED10CTRL/LLN0$Status,0.002170599000001161,0.0,1.0,1,621.3333333333334,1550.3333333333333,1851.3333333333333,308.5,DoS
ipcas_21:73:33,143,0,1121,LIED10CTRL/LLN0$Status,0.0018932059999983153,0.0,1.0,1,621.3333333333334,1550.3333333333333,1851.3333333333333,308.5,DoS
ipcas_21:73:33,143,0,1122,LIED10CTRL/LLN0$Status,0.0020755280000006593,0.0,1.0,1,621.3333333333334,1550.3333333333333,1851.3333333333333,308.5,DoS
ipcas_21:73:33,143,0,1123,LIED10CTRL/LLN0$Status,0.0018542490000008627,0.0,1.0,1,621.3333333333334,1550.3333333333333,1851.3333333333333,308.5,DoS
ipcas_21:73:33,143,0,1124,LIED10CTRL/LLN0$Status,0.0020051549999990925,0.0,1.0,1,621.3333333333334,1550.3333333333333,1851.3333333333333,308.5,DoS
ipcas_21:73:33,143,0,1125,LIED10CTRL/LLN0$Status,0.002082074000000489,0.0,1.0,1,621.3333333333334,1550.3333333333333,1851.3333333333333,308.5,DoS
ipcas_21:73:33,143,0,1126,LIED10CTRL/LLN0$Status,0.0020701469999995226,0.0,1.0,1,621.3333333333334,1550.3333333333333,1851.3333333333333,308.5,DoS
ipcas_21:73:33,143,0,1127,LIED10CTRL/LLN0$Status,0.001898877000000354,0.0,1.0,1,621.3333333333334,1550.3333333333333,1851.3333333333333,308.5,DoS
ipcas_21:73:33,143,0,1128,LIED10CTRL/LLN0$Status,0.002106845000000135,0.0,1.0,1,621.3333333333334,1550.3333333333333,1851.3333333333333,308.5,DoS
ipcas_21:73:33,143,0,1129,LIED10CTRL/LLN0$Status,0.001806977999999404,0.0,1.0,1,621.3333333333334,1550.3333333333333,1851.3333333333333,308.5,DoS
ipcas_21:73:33,143,0,1130,LIED10CTRL/LLN0$Status,0.0019811419999999913,0.0,1.0,1,621.3333333333334,1550.3333333333333,1851.3333333333333,308.5,DoS
ipcas_21:73:33,143,0,1131,LIED10CTRL/LLN0$Status,0.0019776920000005305,0.0,1.0,1,621.3333333333334,1550.3333333333333,1851.3333333333333,308.5,DoS
ipcas_21:73:33,143,0,1132,LIED10CTRL/LLN0$Status,0.0020210120000001552,0.0,1.0,1,621.3333333333334,1550.3333333333333,1851.3333333333333,308.5,DoS
ipcas_21:73:33,143,0,1133,LIED10CTRL/LLN0$Status,0.0020189940000001627,0.0,1.0,1,621.3333333333334,1550.3333333333333,1851.3333333333333,308.5,DoS
ipcas_21:73:33,143,0,1134,LIED10CTRL/LLN0$Status,0.0019695249999998055,0.0,1.0,1,621.3333333333334,1550.3333333333333,1851.3333333333333,308.5,DoS
ipcas_21:73:33,143,0,1135,LIED10CTRL/LLN0$Status,0.0021042959999988398,0.0,1.0,1,621.3333333333334,1550.3333333333333,1851.3333333333333,308.5,DoS
ipcas_21:73:33,143,0,1136,LIED10CTRL/LLN0$Status,0.001893809000000246,0.0,1.0,1,621.3333333333334,1550.3333333333333,1851.3333333333333,308.5,DoS
ipcas_21:73:33,143,0,1137,LIED10CTRL/LLN0$Status,0.002124673000000854,0.0,1.0,1,621.3333333333334,1550.3333333333333,1851.3333333333333,308.5,DoS
ipcas_21:73:33,143,0,1138,LIED10CTRL/LLN0$Status,0.0018923629999996194,0.0,1.0,1,621.3333333333334,1550.3333333333333,1851.3333333333333,308.5,DoS
ipcas_21:73:33,143,0,1139,LIED10CTRL/LLN0$Status,0.0019745780000004487,0.0,1.0,1,621.3333333333334,1550.3333333333333,1851.3333333333333,308.5,DoS
ipcas_21:73:33,143,0,1140,LIED10CTRL/LLN0$Status,0.002056642999999525,0.0,1.0,1,621.3333333333334,1550.3333333333333,1851.3333333333333,308.5,DoS
ipcas_21:73:33,143,0,1141,LIED10CTRL/LLN0$Status,0.0019657049999999288,0.0,1.0,1,621.3333333333334,1550.3333333333333,1851.3333333333333,308.5,DoS
ipcas_21:73:33,143,0,1142,LIED10CTRL/LLN0$Status,0.001971195999999509,0.0,1.0,1,621.3333333333334,1550.3333333333333,1851.3333333333333,308.5,DoS
ipcas_21:73:33,143,0,1143,LIED10CTRL/LLN0$Status,0.00200877700000035,0.0,1.0,1,621.3333333333334,1550.3333333333333,1851.3333333333333,308.5,DoS
ipcas_21:73:33,143,0,1144,LIED10CTRL/LLN0$Status,0.002015442000001144,0.0,1.0,1,621.3333333333334,1550.3333333333333,1851.3333333333333,308.5,DoS
ipcas_21:73:33,143,0,1145,LIED10CTRL/LLN0$Status,0.0020292089999998097,0.0,1.0,1,621.3333333333334,1550.3333333333333,1851.3333333333333,308.5,DoS
ipcas_21:73:33,143,0,1146,LIED10CTRL/LLN0$Status,0.002014622999999105,0.0,1.0,1,621.3333333333334,1550.3333333333333,1851.3333333333333,308.5,DoS
ipcas_21:73:33,143,0,1147,LIED10CTRL/LLN0$Status,0.002002991999999537,0.0,1.0,1,621.3333333333334,1550.3333333333333,1851.3333333333333,308.5,DoS
ipcas_21:73:33,143,0,1148,LIED10CTRL/LLN0$Status,0.0019868030000012027,0.0,1.0,1,621.3333333333334,1550.3333333333333,1851.3333333333333,308.5,DoS
ipcas_21:73:33,143,0,1149,LIED10CTRL/LLN0$Status,0.0020884529999989354,0.0,1.0,1,621.3333333333334,1550.3333333333333,1851.3333333333333,308.5,DoS
ipcas_21:73:33,143,0,1150,LIED10CTRL/LLN0$Status,0.0019314090000008832,0.0,1.0,1,621.3333333333334,1550.3333333333333,1851.3333333333333,308.5,DoS
ipcas_21:73:33,143,0,1151,LIED10CTRL/LLN0$Status,0.0020940809999991927,0.0,1.0,1,621.3333333333334,1550.3333333333333,1851.3333333333333,308.5,DoS
ipcas_21:73:33,143,0,1152,LIED10CTRL/LLN0$Status,0.0018737680000011636,0.0,1.0,1,621.3333333333334,1550.3333333333333,1851.3333333333333,308.5,DoS
ipcas_21:73:33,143,0,1153,LIED10CTRL/LLN0$Status,0.0020090550000002594,0.0,1.0,1,621.3333333333334,1550.3333333333333,1851.3333333333333,308.5,DoS
ipcas_21:73:33,143,0,1154,LIED10CTRL/LLN0$Status,0.0020613569999987646,0.0,1.0,1,621.3333333333334,1550.3333333333333,1851.3333333333333,308.5,DoS
ipcas_21:73:33,143,0,1155,LIED10CTRL/LLN0$Status,0.001960224000001176,0.0,1.0,1,621.3333333333334,1550.3333333333333,1851.3333333333333,308.5,DoS
ipcas_21:73:33,143,0,1156,LIED10CTRL/LLN0$Status,0.0019289469999996811,0.0,1.0,1,621.3333333333334,1550.3333333333333,1851.3333333333333,308.5,DoS
ipcas_21:73:33,143,0,1157,LIED10CTRL/LLN0$Status,0.0020815499999997655,0.0,1.0,1,621.3333333333334,1550.3333333333333,1851.3333333333333,308.5,DoS
ipcas_21:73:33,143,0,1158,LIED10CTRL/LLN0$Status,0.00203558699999995,0.0,1.0,1,621.3333333333334,1550.3333333333333,1851.3333333333333,308.5,DoS
ipcas_21:73:33,143,0,1159,LIED10CTRL/LLN0$Status,0.002033255000000622,0.0,1.0,1,621.3333333333334,1550.3333333333333,1851.3333333333333,308.5,DoS
ipcas_21:73:33,143,0,1160,LIED10CTRL/LLN0$Status,0.0019406299999999987,0.0,1.0,1,621.3333333333334,1550.3333333333333,1851.3333333333333,308.5,DoS
ipcas_21:73:33,143,0,1161,LIED10CTRL/LLN0$Status,0.0022363329999990356,0.0,1.0,1,621.3333333333334,1550.3333333333333,1851.3333333333333,308.5,DoS
ipcas_21:73:33,143,0,1162,LIED10CTRL/LLN0$Status,0.0018124620000001812,0.0,1.0,1,621.3333333333334,1550.3333333333333,1851.3333333333333,308.5,DoS
ipcas_21:73:33,143,0,1163,LIED10CTRL/LLN0$Status,0.0020240949999994484,0.0,1.0,1,621.3333333333334,1550.3333333333333,1851.3333333333333,308.5,DoS
ipcas_21:73:33,143,0,1164,LIED10CTRL/LLN0$Status,0.0018456610000008311,0.0,1.0,1,621.3333333333334,1550.3333333333333,1851.3333333333333,308.5,DoS
ipcas_21:73:33,143,0,1165,LIED10CTRL/LLN0$Status,0.00212815499999941,0.0,1.0,1,621.3333333333334,1550.3333333333333,1851.3333333333333,308.5,DoS
ipcas_21:73:33,143,0,1166,LIED10CTRL/LLN0$Status,0.002013145999999466,0.0,1.0,1,621.3333333333334,1550.3333333333333,1851.3333333333333,308.5,DoS
ipcas_21:73:33,143,0,1167,LIED10CTRL/LLN0$Status,0.0019840660000003396,0.0,1.0,1,621.3333333333334,1550.3333333333333,1851.3333333333333,308.5,DoS
ipcas_21:73:33,143,0,1168,LIED10CTRL/LLN0$Status,0.001901694000000731,0.0,1.0,1,621.3333333333334,1550.3333333333333,1851.3333333333333,308.5,DoS
ipcas_21:73:33,143,0,1169,LIED10CTRL/LLN0$Status,0.0020137239999993284,0.0,1.0,1,621.3333333333334,1550.3333333333333,1851.3333333333333,308.5,DoS
ipcas_21:73:33,143,0,1170,LIED10CTRL/LLN0$Status,0.002007183999999995,0.0,1.0,1,621.3333333333334,1550.3333333333333,1851.3333333333333,308.5,DoS
ipcas_21:73:33,143,0,1171,LIED10CTRL/LLN0$Status,0.0022262850000007717,0.0,1.0,1,621.3333333333334,1550.3333333333333,1851.3333333333333,308.5,DoS
ipcas_21:73:33,143,0,1172,LIED10CTRL/LLN0$Status,0.0018572739999989096,0.0,1.0,1,621.3333333333334,1550.3333333333333,1851.3333333333333,308.5,DoS
ipcas_21:73:33,143,0,1173,LIED10CTRL/LLN0$Status,0.0020387820000014045,0.0,1.0,1,621.3333333333334,1550.3333333333333,1851.3333333333333,308.5,DoS
ipcas_21:73:33,143,0,1174,LIED10CTRL/LLN0$Status,0.001966876999999201,0.0,1.0,1,621.3333333333334,1550.3333333333333,1851.3333333333333,308.5,DoS
ipcas_21:73:33,143,0,1175,LIED10CTRL/LLN0$Status,0.0021115009999999046,0.0,1.0,1,621.3333333333334,1550.3333333333333,1851.3333333333333,308.5,DoS
ipcas_21:73:33,143,0,1176,LIED10CTRL/LLN0$Status,0.0020427230000006347,0.0,1.0,1,621.3333333333334,1550.3333333333333,1851.3333333333333,308.5,DoS
ipcas_21:73:33,143,0,1177,LIED10CTRL/LLN0$Status,0.0018115800000000348,0.0,1.0,1,621.3333333333334,1550.3333333333333,1851.3333333333333,308.5,DoS
ipcas_21:73:33,143,0,1178,LIED10CTRL/LLN0$Status,0.0020845590000000414,0.0,1.0,1,621.3333333333334,1550.3333333333333,1851.3333333333333,308.5,DoS
ipcas_21:73:33,143,0,1179,LIED10CTRL/LLN0$Status,0.0019659230000002026,0.0,1.0,1,621.3333333333334,1550.3333333333333,1851.3333333333333,308.5,DoS
ipcas_21:73:33,143,0,1180,LIED10CTRL/LLN0$Status,0.001951480999998978,0.0,1.0,1,621.3333333333334,1550.3333333333333,1851.3333333333333,308.5,DoS
ipcas_21:73:33,143,0,1181,LIED10CTRL/LLN0$Status,0.002095651999999504,0.0,1.0,1,621.3333333333334,1550.3333333333333,1851.3333333333333,308.5,DoS
ipcas_21:73:33,143,0,1182,LIED10CTRL/LLN0$Status,0.0018477140000001668,0.0,1.0,1,621.3333333333334,1550.3333333333333,1851.3333333333333,308.5,DoS
ipcas_21:73:33,143,0,1183,LIED10CTRL/LLN0$Status,0.002259785999999764,0.0,1.0,1,621.3333333333334,1550.3333333333333,1851.3333333333333,308.5,DoS
ipcas_21:73:33,143,0,1184,LIED10CTRL/LLN0$Status,0.0020399540000006766,0.0,1.0,1,621.3333333333334,1550.3333333333333,1851.3333333333333,308.5,DoS
ipcas_21:73:33,143,0,1185,LIED10CTRL/LLN0$Status,0.0018781010000008536,0.0,1.0,1,621.3333333333334,1550.3333333333333,1851.3333333333333,308.5,DoS
ipcas_21:73:33,143,0,1186,LIED10CTRL/LLN0$Status,0.0017944270000000984,0.0,1.0,1,621.3333333333334,1550.3333333333333,1851.3333333333333,308.5,DoS
ipcas_21:73:33,143,0,1187,LIED10CTRL/LLN0$Status,0.002293019999999757,0.0,1.0,1,621.3333333333334,1550.3333333333333,1851.3333333333333,308.5,DoS
ipcas_21:73:33,143,0,1188,LIED10CTRL/LLN0$Status,0.0017241569999999484,0.0,1.0,1,621.3333333333334,1550.3333333333333,1851.3333333333333,308.5,DoS
ipcas_21:73:33,143,0,1189,LIED10CTRL/LLN0$Status,0.0021555769999999086,0.0,1.0,1,621.3333333333334,1550.3333333333333,1851.3333333333333,308.5,DoS
ipcas_21:73:33,143,0,1190,LIED10CTRL/LLN0$Status,0.0019368570000004581,0.0,1.0,1,621.3333333333334,1550.3333333333333,1851.3333333333333,308.5,DoS
ipcas_21:73:33,143,0,1191,LIED10CTRL/LLN0$Status,0.002176432999998923,0.0,1.0,1,621.3333333333334,1550.3333333333333,1851.3333333333333,308.5,DoS
ipcas_21:73:33,143,0,1192,LIED10CTRL/LLN0$Status,0.001835616000001039,0.0,1.0,1,621.3333333333334,1550.3333333333333,1851.3333333333333,308.5,DoS
ipcas_21:73:33,143,0,1193,LIED10CTRL/LLN0$Status,0.002001963999999745,0.0,1.0,1,621.3333333333334,1550.3333333333333,1851.3333333333333,308.5,DoS
ipcas_21:73:33,143,0,1194,LIED10CTRL/LLN0$Status,0.0019910439999986096,0.0,1.0,1,621.3333333333334,1550.3333333333333,1851.3333333333333,308.5,DoS
ipcas_21:73:33,143,0,1195,LIED10CTRL/LLN0$Status,0.0019285600000014114,0.0,1.0,1,621.3333333333334,1550.3333333333333,1851.3333333333333,308.5,DoS
ipcas_21:73:33,143,0,1196,LIED10CTRL/LLN0$Status,0.0020211479999989734,0.0,1.0,1,621.3333333333334,1550.3333333333333,1851.3333333333333,308.5,DoS
ipcas_21:73:33,143,0,1197,LIED10CTRL/LLN0$Status,0.002098628000000602,0.0,1.0,1,621.3333333333334,1550.3333333333333,1851.3333333333333,308.5,DoS
ipcas_21:73:33,143,0,1198,LIED10CTRL/LLN0$Status,0.001927976999999359,0.0,1.0,1,621.3333333333334,1550.3333333333333,1851.3333333333333,308.5,DoS
ipcas_21:73:33,143,0,1199,LIED10CTRL/LLN0$Status,0.0020250260000000964,0.0,1.0,1,621.3333333333334,1550.3333333333333,1851.3333333333333,308.5,DoS
ipcas_21:73:33,143,0,1200,LIED10CTRL/LLN0$Status,0.0021583930000002027,0.0,1.0,1,621.3333333333334,1550.3333333333333,1851.3333333333333,308.5,DoS
ipcas_21:73:33,143,0,1201,LIED10CTRL/LLN0$Status,0.002183427000000293,0.0,1.0,1,621.3333333333334,1550.3333333333333,1851.3333333333333,308.5,DoS
ipcas_21:73:33,143,0,1202,LIED10CTRL/LLN0$Status,0.0016178250000002947,0.0,1.0,1,621.3333333333334,1550.3333333333333,1851.3333333333333,308.5,DoS
ipcas_21:73:33,143,0,1203,LIED10CTRL/LLN0$Status,0.002036632999999455,0.0,1.0,1,621.3333333333334,1550.3333333333333,1851.3333333333333,308.5,DoS
ipcas_21:73:33,143,0,1204,LIED10CTRL/LLN0$Status,0.0021053260000005736,0.0,1.0,1,621.3333333333334,1550.3333333333333,1851.3333333333333,308.5,DoS
ipcas_21:73:33,143,0,1205,LIED10CTRL/LLN0$Status,0.0018948160000000769,0.0,1.0,1,621.3333333333334,1550.3333333333333,1851.3333333333333,308.5,DoS
ipcas_21:73:33,143,0,1206,LIED10CTRL/LLN0$Status,0.002012117999999674,0.0,1.0,1,621.3333333333334,1550.3333333333333,1851.3333333333333,308.5,DoS
ipcas_21:73:33,143,0,1207,LIED10CTRL/LLN0$Status,0.0019910389999999722,0.0,1.0,1,621.3333333333334,1550.3333333333333,1851.3333333333333,308.5,DoS
ipcas_21:73:33,143,0,1208,LIED10CTRL/LLN0$Status,0.002062394999999384,0.0,1.0,1,621.3333333333334,1550.3333333333333,1851.3333333333333,308.5,DoS
ipcas_21:73:33,143,0,1209,LIED10CTRL/LLN0$Status,0.0018404529999997976,0.0,1.0,1,621.3333333333334,1550.3333333333333,1851.3333333333333,308.5,DoS
ipcas_21:73:33,143,0,1210,LIED10CTRL/LLN0$Status,0.001997758999999988,0.0,1.0,1,621.3333333333334,1550.3333333333333,1851.3333333333333,308.5,DoS
ipcas_21:73:33,143,0,1211,LIED10CTRL/LLN0$Status,0.00207646600000011,0.0,1.0,1,621.3333333333334,1550.3333333333333,1851.3333333333333,308.5,DoS
ipcas_21:73:33,143,0,1212,LIED10CTRL/LLN0$Status,0.001982530000001148,0.0,1.0,1,621.3333333333334,1550.3333333333333,1851.3333333333333,308.5,DoS
ipcas_21:73:33,143,0,1213,LIED10CTRL/LLN0$Status,0.0019998409999999467,0.0,1.0,1,621.3333333333334,1550.3333333333333,1851.3333333333333,308.5,DoS
ipcas_21:73:33,143,0,1214,LIED10CTRL/LLN0$Status,0.0019524449999988036,0.0,1.0,1,621.3333333333334,1550.3333333333333,1851.3333333333333,308.5,DoS
ipcas_21:73:33,143,0,1215,LIED10CTRL/LLN0$Status,0.0019764220000002553,0.0,1.0,1,621.3333333333334,1550.3333333333333,1851.3333333333333,308.5,DoS
ipcas_21:73:33,143,0,1216,LIED10CTRL/LLN0$Status,0.0022221230000010195,0.0,1.0,1,621.3333333333334,1550.3333333333333,1851.3333333333333,308.5,DoS
ipcas_21:73:33,143,0,1217,LIED10CTRL/LLN0$Status,0.0018176519999997254,0.0,1.0,1,621.3333333333334,1550.3333333333333,1851.3333333333333,308.5,DoS
ipcas_21:73:33,143,0,1218,LIED10CTRL/LLN0$Status,0.0013421400000002137,0.0,1.0,1,621.3333333333334,1550.3333333333333,1851.3333333333333,308.5,DoS
ipcas_21:73:33,143,0,1219,LIED10CTRL/LLN0$Status,0.00168618499999873,0.0,1.0,1,621.3333333333334,1550.3333333333333,1851.3333333333333,308.5,DoS
ipcas_21:73:33,143,0,1220,LIED10CTRL/LLN0$Status,0.0019878960000010437,0.0,1.0,1,621.3333333333334,1550.3333333333333,1851.3333333333333,308.5,DoS
ipcas_21:73:33,143,0,1221,LIED10CTRL/LLN0$Status,0.002022999999999442,0.0,1.0,1,621.3333333333334,1550.3333333333333,1851.3333333333333,308.5,DoS
ipcas_21:73:33,143,0,1222,LIED10CTRL/LLN0$Status,0.001974621000000454,0.0,1.0,1,621.3333333333334,1550.3333333333333,1851.3333333333333,308.5,DoS
ipcas_21:73:33,143,0,1223,LIED10CTRL/LLN0$Status,0.0020694629999997716,0.0,1.0,1,621.3333333333334,1550.3333333333333,1851.3333333333333,308.5,DoS
ipcas_21:73:33,143,0,1224,LIED10CTRL/LLN0$Status,0.0018949789999993527,0.0,1.0,1,621.3333333333334,1550.3333333333333,1851.3333333333333,308.5,DoS
ipcas_21:73:33,143,0,1225,LIED10CTRL/LLN0$Status,0.0020672959999998852,0.0,1.0,1,621.3333333333334,1550.3333333333333,1851.3333333333333,308.5,DoS
ipcas_21:73:33,143,0,1226,LIED10CTRL/LLN0$Status,0.0019313720000013745,0.0,1.0,1,621.3333333333334,1550.3333333333333,1851.3333333333333,308.5,DoS
ipcas_21:73:33,143,0,1227,LIED10CTRL/LLN0$Status,0.0021617650000003152,0.0,1.0,1,621.3333333333334,1550.3333333333333,1851.3333333333333,308.5,DoS
ipcas_21:73:33,143,0,1228,LIED10CTRL/LLN0$Status,0.0018814419999984011,0.0,1.0,1,621.3333333333334,1550.3333333333333,1851.3333333333333,308.5,DoS
ipcas_21:73:33,143,0,1229,LIED10CTRL/LLN0$Status,0.0021113650000010864,0.0,1.0,1,621.3333333333334,1550.3333333333333,1851.3333333333333,308.5,DoS
ipcas_21:73:33,143,0,1230,LIED10CTRL/LLN0$Status,0.0030846770000003687,0.0,1.0,1,621.3333333333334,1550.3333333333333,1851.3333333333333,308.5,DoS
ipcas_21:73:33,143,0,1231,LIED10CTRL/LLN0$Status,0.0017844749999991194,0.0,1.0,1,621.3333333333334,1550.3333333333333,1851.3333333333333,308.5,DoS
ipcas_21:73:33,143,0,1232,LIED10CTRL/LLN0$Status,0.002103645000000043,0.0,1.0,1,621.3333333333334,1550.3333333333333,1851.3333333333333,308.5,DoS
ipcas_21:73:33,143,0,1233,LIED10CTRL/LLN0$Status,0.0018477079999996704,0.0,1.0,1,621.3333333333334,1550.3333333333333,1851.3333333333333,308.5,DoS
ipcas_21:73:33,143,0,1234,LIED10CTRL/LLN0$Status,0.0024007759999999934,0.0,1.0,1,621.3333333333334,1550.3333333333333,1851.3333333333333,308.5,DoS
ipcas_21:73:33,143,0,1235,LIED10CTRL/LLN0$Status,0.0016107710000010655,0.0,1.0,1,621.3333333333334,1550.3333333333333,1851.3333333333333,308.5,DoS
ipcas_21:73:33,143,0,1236,LIED10CTRL/LLN0$Status,0.0021034110000002215,0.0,1.0,1,621.3333333333334,1550.3333333333333,1851.3333333333333,308.5,DoS
ipcas_21:73:33,143,0,1237,LIED10CTRL/LLN0$Status,0.0018899989999994204,0.0,1.0,1,621.3333333333334,1550.3333333333333,1851.3333333333333,308.5,DoS
ipcas_21:73:33,143,0,1238,LIED10CTRL/LLN0$Status,0.0021348240000005347,0.0,1.0,1,621.3333333333334,1550.3333333333333,1851.3333333333333,308.5,DoS
ipcas_21:73:33,143,0,1239,LIED10CTRL/LLN0$Status,0.0019528699999984411,0.0,1.0,1,621.3333333333334,1550.3333333333333,1851.3333333333333,308.5,DoS
ipcas_21:73:33,143,0,1240,LIED10CTRL/LLN0$Status,0.002003699000001191,0.0,1.0,1,621.3333333333334,1550.3333333333333,1851.3333333333333,308.5,DoS
ipcas_21:73:33,143,0,1241,LIED10CTRL/LLN0$Status,0.0020829700000000173,0.0,1.0,1,621.3333333333334,1550.3333333333333,1851.3333333333333,308.5,DoS
ipcas_21:73:33,143,0,1242,LIED10CTRL/LLN0$Status,0.0019508989999987847,0.0,1.0,1,621.3333333333334,1550.3333333333333,1851.3333333333333,308.5,DoS
ipcas_21:73:33,143,0,1243,LIED10CTRL/LLN0$Status,0.001151667000000245,0.0,1.0,1,621.3333333333334,1550.3333333333333,1851.3333333333333,308.5,DoS
ipcas_21:73:33,143,0,1244,LIED10CTRL/LLN0$Status,0.001751066000000634,0.0,1.0,1,621.3333333333334,1550.3333333333333,1851.3333333333333,308.5,DoS
ipcas_21:73:33,143,0,1245,LIED10CTRL/LLN0$Status,0.002028671999999787,0.0,1.0,1,621.3333333333334,1550.3333333333333,1851.3333333333333,308.5,DoS
ipcas_21:73:33,143,0,1246,LIED10CTRL/LLN0$Status,0.0020400590000004826,0.0,1.0,1,621.3333333333334,1550.3333333333333,1851.3333333333333,308.5,DoS
ipcas_21:73:33,143,0,1247,LIED10CTRL/LLN0$Status,0.002023078999998873,0.0,1.0,1,621.3333333333334,1550.3333333333333,1851.3333333333333,308.5,DoS
ipcas_21:73:33,143,0,1248,LIED10CTRL/LLN0$Status,0.00188522300000038,0.0,1.0,1,621.3333333333334,1550.3333333333333,1851.3333333333333,308.5,DoS
ipcas_21:73:33,143,0,1249,LIED10CTRL/LLN0$Status,0.0021339280000010064,0.0,1.0,1,621.3333333333334,1550.3333333333333,1851.3333333333333,308.5,DoS
ipcas_21:73:33,143,0,1250,LIED10CTRL/LLN0$Status,0.0020830889999992053,0.0,1.0,1,621.3333333333334,1550.3333333333333,1851.3333333333333,308.5,DoS
ipcas_21:73:33,143,0,1251,LIED10CTRL/LLN0$Status,0.0026132640000007257,0.0,1.0,1,621.3333333333334,1550.3333333333333,1851.3333333333333,308.5,DoS
ipcas_21:73:33,143,0,1252,LIED10CTRL/LLN0$Status,0.008665987999998848,0.0,1.0,1,621.3333333333334,1550.3333333333333,1851.3333333333333,308.5,DoS
ipcas_21:73:33,143,0,1253,LIED10CTRL/LLN0$Status,0.0019182589999999777,0.0,1.0,1,621.3333333333334,1550.3333333333333,1851.3333333333333,308.5,DoS
ipcas_21:73:33,143,0,1254,LIED10CTRL/LLN0$Status,0.004776645999999829,0.0,1.0,1,621.3333333333334,1550.3333333333333,1851.3333333333333,308.5,DoS
ipcas_21:73:33,143,0,1255,LIED10CTRL/LLN0$Status,5.229000000994688e-06,0.0,1.0,1,621.3333333333334,1550.3333333333333,1851.3333333333333,308.5,DoS
ipcas_21:73:33,143,0,1256,LIED10CTRL/LLN0$Status,0.0022224109999999797,0.0,1.0,1,621.3333333333334,1550.3333333333333,1851.3333333333333,308.5,DoS
ipcas_21:73:33,143,0,1257,LIED10CTRL/LLN0$Status,0.0015837720000000388,0.0,1.0,1,621.3333333333334,1550.3333333333333,1851.3333333333333,308.5,DoS
ipcas_21:73:33,143,0,1258,LIED10CTRL/LLN0$Status,0.0021216689999992155,0.0,1.0,1,621.3333333333334,1550.3333333333333,1851.3333333333333,308.5,DoS
ipcas_21:73:33,143,0,1259,LIED10CTRL/LLN0$Status,0.0011920260000000127,0.0,1.0,1,621.3333333333334,1550.3333333333333,1851.3333333333333,308.5,DoS
ipcas_21:73:33,143,0,1260,LIED10CTRL/LLN0$Status,0.0017577360000000652,0.0,1.0,1,621.3333333333334,1550.3333333333333,1851.3333333333333,308.5,DoS
ipcas_21:73:33,143,0,1261,LIED10CTRL/LLN0$Status,0.001937319999999687,0.0,1.0,1,621.3333333333334,1550.3333333333333,1851.3333333333333,308.5,DoS
ipcas_21:73:33,143,0,1262,LIED10CTRL/LLN0$Status,0.0019934100000007504,0.0,1.0,1,621.3333333333334,1550.3333333333333,1851.3333333333333,308.5,DoS
ipcas_21:73:33,143,0,1263,LIED10CTRL/LLN0$Status,0.0021274319999999847,0.0,1.0,1,621.3333333333334,1550.3333333333333,1851.3333333333333,308.5,DoS
ipcas_21:73:33,143,0,1264,LIED10CTRL/LLN0$Status,0.0018687570000004428,0.0,1.0,1,621.3333333333334,1550.3333333333333,1851.3333333333333,308.5,DoS
ipcas_21:73:33,143,0,1265,LIED10CTRL/LLN0$Status,0.0020142510000003,0.0,1.0,1,621.3333333333334,1550.3333333333333,1851.3333333333333,308.5,DoS
ipcas_21:73:33,143,0,1266,LIED10CTRL/LLN0$Status,0.0019911379999992818,0.0,1.0,1,621.3333333333334,1550.3333333333333,1851.3333333333333,308.5,DoS
ipcas_21:73:33,143,0,1267,LIED10CTRL/LLN0$Status,0.0019714289999992474,0.0,1.0,1,621.3333333333334,1550.3333333333333,1851.3333333333333,308.5,DoS
ipcas_21:73:33,143,0,1268,LIED10CTRL/LLN0$Status,0.002121935999999991,0.0,1.0,1,621.3333333333334,1550.3333333333333,1851.3333333333333,308.5,DoS
ipcas_21:73:33,143,0,1269,LIED10CTRL/LLN0$Status,0.0019110710000003195,0.0,1.0,1,621.3333333333334,1550.3333333333333,1851.3333333333333,308.5,DoS
ipcas_21:73:33,143,0,1270,LIED10CTRL/LLN0$Status,0.0020900260000011883,0.0,1.0,1,621.3333333333334,1550.3333333333333,1851.3333333333333,308.5,DoS
ipcas_21:73:33,143,0,1271,LIED10CTRL/LLN0$Status,0.00196246500000008,0.0,1.0,1,621.3333333333334,1550.3333333333333,1851.3333333333333,308.5,DoS
ipcas_21:73:33,143,0,1272,LIED10CTRL/LLN0$Status,0.0019306219999997154,0.0,1.0,1,621.3333333333334,1550.3333333333333,1851.3333333333333,308.5,DoS
ipcas_21:73:33,143,0,1273,LIED10CTRL/LLN0$Status,0.0022860089999987565,0.0,1.0,1,621.3333333333334,1550.3333333333333,1851.3333333333333,308.5,DoS
ipcas_21:73:33,143,0,1274,LIED10CTRL/LLN0$Status,0.0017139990000014649,0.0,1.0,1,621.3333333333334,1550.3333333333333,1851.3333333333333,308.5,DoS
ipcas_21:73:33,143,0,1275,LIED10CTRL/LLN0$Status,0.0020430009999987675,0.0,1.0,1,621.3333333333334,1550.3333333333333,1851.3333333333333,308.5,DoS
ipcas_21:73:33,143,0,1276,LIED10CTRL/LLN0$Status,0.0019782460000001834,0.0,1.0,1,621.3333333333334,1550.3333333333333,1851.3333333333333,308.5,DoS
ipcas_21:73:33,143,0,1277,LIED10CTRL/LLN0$Status,0.0020480989999995813,0.0,1.0,1,621.3333333333334,1550.3333333333333,1851.3333333333333,308.5,DoS
ipcas_21:73:33,143,0,1278,LIED10CTRL/LLN0$Status,0.002001711000000128,0.0,1.0,1,621.3333333333334,1550.3333333333333,1851.3333333333333,308.5,DoS
ipcas_21:73:33,143,0,1279,LIED10CTRL/LLN0$Status,0.001960322000000403,0.0,1.0,1,621.3333333333334,1550.3333333333333,1851.3333333333333,308.5,DoS
ipcas_21:73:33,143,0,1280,LIED10CTRL/LLN0$Status,0.001994101999999387,0.0,1.0,1,621.3333333333334,1550.3333333333333,1851.3333333333333,308.5,DoS
ipcas_21:73:33,143,0,1281,LIED10CTRL/LLN0$Status,0.002127015000001009,0.0,1.0,1,621.3333333333334,1550.3333333333333,1851.3333333333333,308.5,DoS
ipcas_21:73:33,143,0,1282,LIED10CTRL/LLN0$Status,0.0018523669999996883,0.0,1.0,1,621.3333333333334,1550.3333333333333,1851.3333333333333,308.5,DoS
ipcas_21:73:33,143,0,1283,LIED10CTRL/LLN0$Status,0.002032465999999289,0.0,1.0,1,621.3333333333334,1550.3333333333333,1851.3333333333333,308.5,DoS
ipcas_21:73:33,143,0,1284,LIED10CTRL/LLN0$Status,0.002063485000000753,0.0,1.0,1,621.3333333333334,1550.3333333333333,1851.3333333333333,308.5,DoS
ipcas_21:73:33,143,0,1285,LIED10CTRL/LLN0$Status,0.0019673159999999967,0.0,1.0,1,621.3333333333334,1550.3333333333333,1851.3333333333333,308.5,DoS
ipcas_21:73:33,143,0,1286,LIED10CTRL/LLN0$Status,0.0019383150000003013,0.0,1.0,1,621.3333333333334,1550.3333333333333,1851.3333333333333,308.5,DoS
ipcas_21:73:33,143,0,1287,LIED10CTRL/LLN0$Status,0.002004637000000642,0.0,1.0,1,621.3333333333334,1550.3333333333333,1851.3333333333333,308.5,DoS
ipcas_21:73:33,143,0,1288,LIED10CTRL/LLN0$Status,0.0020230549999986636,0.0,1.0,1,621.3333333333334,1550.3333333333333,1851.3333333333333,308.5,DoS
ipcas_21:73:33,143,0,1289,LIED10CTRL/LLN0$Status,0.001987251000000967,0.0,1.0,1,621.3333333333334,1550.3333333333333,1851.3333333333333,308.5,DoS
ipcas_21:73:33,143,0,1290,LIED10CTRL/LLN0$Status,0.0013510459999999114,0.0,1.0,1,621.3333333333334,1550.3333333333333,1851.3333333333333,308.5,DoS
ipcas_21:73:33,143,0,1291,LIED10CTRL/LLN0$Status,0.0011538699999995572,0.0,1.0,1,621.3333333333334,1550.3333333333333,1851.3333333333333,308.5,DoS
ipcas_21:73:33,143,0,1292,LIED10CTRL/LLN0$Status,0.001504657999999992,0.0,1.0,1,621.3333333333334,1550.3333333333333,1851.3333333333333,308.5,DoS
ipcas_21:73:33,143,0,1293,LIED10CTRL/LLN0$Status,0.002136782000000892,0.0,1.0,1,621.3333333333334,1550.3333333333333,1851.3333333333333,308.5,DoS
ipcas_21:73:33,143,0,1294,LIED10CTRL/LLN0$Status,0.0018535139999986683,0.0,1.0,1,621.3333333333334,1550.3333333333333,1851.3333333333333,308.5,DoS
ipcas_21:73:33,143,0,1295,LIED10CTRL/LLN0$Status,0.0019733340000005484,0.0,1.0,1,621.3333333333334,1550.3333333333333,1851.3333333333333,308.5,DoS
ipcas_21:73:33,143,0,1296,LIED10CTRL/LLN0$Status,0.0022067799999998527,0.0,1.0,1,621.3333333333334,1550.3333333333333,1851.3333333333333,308.5,DoS
ipcas_21:73:33,143,0,1297,LIED10CTRL/LLN0$Status,0.0018163859999997811,0.0,1.0,1,621.3333333333334,1550.3333333333333,1851.3333333333333,308.5,DoS
ipcas_21:73:33,143,0,1298,LIED10CTRL/LLN0$Status,0.0020773700000003004,0.0,1.0,1,621.3333333333334,1550.3333333333333,1851.3333333333333,308.5,DoS
ipcas_21:73:33,143,0,1299,LIED10CTRL/LLN0$Status,0.0013514980000000065,0.0,1.0,1,621.3333333333334,1550.3333333333333,1851.3333333333333,308.5,DoS
ipcas_21:73:33,143,0,1300,LIED10CTRL/LLN0$Status,0.0015546059999991257,0.0,1.0,1,621.3333333333334,1550.3333333333333,1851.3333333333333,308.5,DoS
ipcas_21:73:33,143,0,1301,LIED10CTRL/LLN0$Status,0.0020562340000012114,0.0,1.0,1,621.3333333333334,1550.3333333333333,1851.3333333333333,308.5,DoS
ipcas_21:73:33,143,0,1302,LIED10CTRL/LLN0$Status,0.002003897999999893,0.0,1.0,1,621.3333333333334,1550.3333333333333,1851.3333333333333,308.5,DoS
ipcas_21:73:33,143,0,1303,LIED10CTRL/LLN0$Status,0.0019531409999995475,0.0,1.0,1,621.3333333333334,1550.3333333333333,1851.3333333333333,308.5,DoS
ipcas_21:73:33,143,0,1304,LIED10CTRL/LLN0$Status,0.002029476000000585,0.0,1.0,1,621.3333333333334,1550.3333333333333,1851.3333333333333,308.5,DoS
ipcas_21:73:33,143,0,1305,LIED10CTRL/LLN0$Status,0.0021103030000002576,0.0,1.0,1,621.3333333333334,1550.3333333333333,1851.3333333333333,308.5,DoS
ipcas_21:73:33,143,0,1306,LIED10CTRL/LLN0$Status,0.00188861699999876,0.0,1.0,1,621.3333333333334,1550.3333333333333,1851.3333333333333,308.5,DoS
ipcas_21:73:33,143,0,1307,LIED10CTRL/LLN0$Status,0.002054639000000691,0.0,1.0,1,621.3333333333334,1550.3333333333333,1851.3333333333333,308.5,DoS
ipcas_21:73:33,143,0,1308,LIED10CTRL/LLN0$Status,0.001978718000000157,0.0,1.0,1,621.3333333333334,1550.3333333333333,1851.3333333333333,308.5,DoS
ipcas_21:73:33,143,0,1309,LIED10CTRL/LLN0$Status,0.0022234099999991486,0.0,1.0,1,621.3333333333334,1550.3333333333333,1851.3333333333333,308.5,DoS
ipcas_21:73:33,143,0,1310,LIED10CTRL/LLN0$Status,0.0021213020000008243,0.0,1.0,1,621.3333333333334,1550.3333333333333,1851.3333333333333,308.5,DoS
ipcas_21:73:33,143,0,1311,LIED10CTRL/LLN0$Status,0.0016464589999998225,0.0,1.0,1,621.3333333333334,1550.3333333333333,1851.3333333333333,308.5,DoS
ipcas_21:73:33,143,0,1312,LIED10CTRL/LLN0$Status,0.002112156999999115,0.0,1.0,1,621.3333333333334,1550.3333333333333,1851.3333333333333,308.5,DoS
ipcas_21:73:33,143,0,1313,LIED10CTRL/LLN0$Status,0.0019405700000003634,0.0,1.0,1,621.3333333333334,1550.3333333333333,1851.3333333333333,308.5,DoS
ipcas_21:73:33,143,0,1314,LIED10CTRL/LLN0$Status,0.00192818800000083,0.0,1.0,1,621.3333333333334,1550.3333333333333,1851.3333333333333,308.5,DoS
ipcas_21:73:33,143,0,1315,LIED10CTRL/LLN0$Status,0.0021234289999991773,0.0,1.0,1,621.3333333333334,1550.3333333333333,1851.3333333333333,308.5,DoS
ipcas_21:73:33,143,0,1316,LIED10CTRL/LLN0$Status,0.001518856000000568,0.0,1.0,1,621.3333333333334,1550.3333333333333,1851.3333333333333,308.5,DoS
ipcas_21:73:33,143,0,1317,LIED10CTRL/LLN0$Status,0.002385960999999881,0.0,1.0,1,621.3333333333334,1550.3333333333333,1851.3333333333333,308.5,DoS
ipcas_21:73:33,143,0,1318,LIED10CTRL/LLN0$Status,0.0021227869999993487,0.0,1.0,1,621.3333333333334,1550.3333333333333,1851.3333333333333,308.5,DoS
ipcas_21:73:33,143,0,1319,LIED10CTRL/LLN0$Status,0.0019214750000013936,0.0,1.0,1,621.3333333333334,1550.3333333333333,1851.3333333333333,308.5,DoS
ipcas_21:73:33,143,0,1320,LIED10CTRL/LLN0$Status,0.002035914999998667,0.0,1.0,1,621.3333333333334,1550.3333333333333,1851.3333333333333,308.5,DoS
ipcas_21:73:33,143,0,1321,LIED10CTRL/LLN0$Status,0.0019092710000006008,0.0,1.0,1,621.3333333333334,1550.3333333333333,1851.3333333333333,308.5,DoS
ipcas_21:73:33,143,0,1322,LIED10CTRL/LLN0$Status,0.0020136960000005644,0.0,1.0,1,621.3333333333334,1550.3333333333333,1851.3333333333333,308.5,DoS
ipcas_21:73:33,143,0,1323,LIED10CTRL/LLN0$Status,0.00200393799999965,0.0,1.0,1,621.3333333333334,1550.3333333333333,1851.3333333333333,308.5,DoS
ipcas_21:73:33,143,0,1324,LIED10CTRL/LLN0$Status,0.002064292000000023,0.0,1.0,1,621.3333333333334,1550.3333333333333,1851.3333333333333,308.5,DoS
ipcas_21:73:33,143,0,1325,LIED10CTRL/LLN0$Status,0.0020483010000003077,0.0,1.0,1,621.3333333333334,1550.3333333333333,1851.3333333333333,308.5,DoS
ipcas_21:73:33,143,0,1326,LIED10CTRL/LLN0$Status,0.0019339429999991609,0.0,1.0,1,621.3333333333334,1550.3333333333333,1851.3333333333333,308.5,DoS
ipcas_21:73:33,143,0,1327,LIED10CTRL/LLN0$Status,0.002025419000000639,0.0,1.0,1,621.3333333333334,1550.3333333333333,1851.3333333333333,308.5,DoS
ipcas_21:73:33,143,0,1328,LIED10CTRL/LLN0$Status,0.0020311789999993834,0.0,1.0,1,621.3333333333334,1550.3333333333333,1851.3333333333333,308.5,DoS
ipcas_21:73:33,143,0,1329,LIED10CTRL/LLN0$Status,0.0019697650000001232,0.0,1.0,1,621.3333333333334,1550.3333333333333,1851.3333333333333,308.5,DoS
ipcas_21:73:33,143,0,1330,LIED10CTRL/LLN0$Status,0.0020079289999994643,0.0,1.0,1,621.3333333333334,1550.3333333333333,1851.3333333333333,308.5,DoS
ipcas_21:73:33,143,0,1331,LIED10CTRL/LLN0$Status,0.00196545500000056,0.0,1.0,1,621.3333333333334,1550.3333333333333,1851.3333333333333,308.5,DoS
ipcas_21:73:33,143,0,1332,LIED10CTRL/LLN0$Status,0.002185259000000883,0.0,1.0,1,621.3333333333334,1550.3333333333333,1851.3333333333333,308.5,DoS
ipcas_21:73:33,143,0,1333,LIED10CTRL/LLN0$Status,0.0010931349999996343,0.0,1.0,1,621.3333333333334,1550.3333333333333,1851.3333333333333,308.5,DoS
ipcas_21:73:33,143,0,1334,LIED10CTRL/LLN0$Status,0.0016784940000000859,0.0,1.0,1,621.3333333333334,1550.3333333333333,1851.3333333333333,308.5,DoS
ipcas_21:73:33,143,0,1335,LIED10CTRL/LLN0$Status,0.0020137639999990853,0.0,1.0,1,621.3333333333334,1550.3333333333333,1851.3333333333333,308.5,DoS
ipcas_21:73:33,143,0,1336,LIED10CTRL/LLN0$Status,0.0020328440000003667,0.0,1.0,1,621.3333333333334,1550.3333333333333,1851.3333333333333,308.5,DoS
ipcas_21:73:33,143,0,1337,LIED10CTRL/LLN0$Status,0.0020225890000009628,0.0,1.0,1,621.3333333333334,1550.3333333333333,1851.3333333333333,308.5,DoS
ipcas_21:73:33,143,0,1338,LIED10CTRL/LLN0$Status,0.0020261679999986626,0.0,1.0,1,621.3333333333334,1550.3333333333333,1851.3333333333333,308.5,DoS
ipcas_21:73:33,143,0,1339,LIED10CTRL/LLN0$Status,0.0019304939999997828,0.0,1.0,1,621.3333333333334,1550.3333333333333,1851.3333333333333,308.5,DoS
ipcas_21:73:33,143,0,1340,LIED10CTRL/LLN0$Status,0.0019536530000010544,0.0,1.0,1,621.3333333333334,1550.3333333333333,1851.3333333333333,308.5,DoS
ipcas_21:73:33,143,0,1341,LIED10CTRL/LLN0$Status,0.0026119690000001583,0.0,1.0,1,621.3333333333334,1550.3333333333333,1851.3333333333333,308.5,DoS
ipcas_21:73:33,143,0,1342,LIED10CTRL/LLN0$Status,0.001452110999998979,0.0,1.0,1,621.3333333333334,1550.3333333333333,1851.3333333333333,308.5,DoS
ipcas_21:73:33,143,0,1343,LIED10CTRL/LLN0$Status,0.0020482319999999277,0.0,1.0,1,621.3333333333334,1550.3333333333333,1851.3333333333333,308.5,DoS
ipcas_21:73:33,143,0,1344,LIED10CTRL/LLN0$Status,0.0019976960000001043,0.0,1.0,1,621.3333333333334,1550.3333333333333,1851.3333333333333,308.5,DoS
ipcas_21:73:33,143,0,1345,LIED10CTRL/LLN0$Status,0.00224933500000013,0.0,1.0,1,621.3333333333334,1550.3333333333333,1851.3333333333333,308.5,DoS
ipcas_21:73:33,143,0,1346,LIED10CTRL/LLN0$Status,0.001722302000001008,0.0,1.0,1,621.3333333333334,1550.3333333333333,1851.3333333333333,308.5,DoS
ipcas_21:73:33,143,0,1347,LIED10CTRL/LLN0$Status,0.0020334779999995334,0.0,1.0,1,621.3333333333334,1550.3333333333333,1851.3333333333333,308.5,DoS
ipcas_21:73:33,143,0,1348,LIED10CTRL/LLN0$Status,0.0019361999999993884,0.0,1.0,1,621.3333333333334,1550.3333333333333,1851.3333333333333,308.5,DoS
ipcas_21:73:33,143,0,1349,LIED10CTRL/LLN0$Status,0.00201148500000059,0.0,1.0,1,621.3333333333334,1550.3333333333333,1851.3333333333333,308.5,DoS
ipcas_21:73:33,143,0,1350,LIED10CTRL/LLN0$Status,0.0012812209999992774,0.0,1.0,1,621.3333333333334,1550.3333333333333,1851.3333333333333,308.5,DoS
ipcas_21:73:33,143,0,1351,LIED10CTRL/LLN0$Status,0.0016821910000004436,0.0,1.0,1,621.3333333333334,1550.3333333333333,1851.3333333333333,308.5,DoS
ipcas_21:73:33,143,0,1352,LIED10CTRL/LLN0$Status,0.002059159999999949,0.0,1.0,1,621.3333333333334,1550.3333333333333,1851.3333333333333,308.5,DoS
ipcas_21:73:33,143,0,1353,LIED10CTRL/LLN0$Status,0.0019683100000005282,0.0,1.0,1,621.3333333333334,1550.3333333333333,1851.3333333333333,308.5,DoS
ipcas_21:73:33,143,0,1354,LIED10CTRL/LLN0$Status,0.0019015180000003795,0.0,1.0,1,621.3333333333334,1550.3333333333333,1851.3333333333333,308.5,DoS
ipcas_21:73:33,143,0,1355,LIED10CTRL/LLN0$Status,0.002141159999998976,0.0,1.0,1,621.3333333333334,1550.3333333333333,1851.3333333333333,308.5,DoS
ipcas_21:73:33,143,0,1356,LIED10CTRL/LLN0$Status,0.0018682610000002597,0.0,1.0,1,621.3333333333334,1550.3333333333333,1851.3333333333333,308.5,DoS
ipcas_21:73:33,143,0,1357,LIED10CTRL/LLN0$Status,0.0020365540000000237,0.0,1.0,1,621.3333333333334,1550.3333333333333,1851.3333333333333,308.5,DoS
ipcas_21:73:33,143,0,1358,LIED10CTRL/LLN0$Status,0.00200678400000065,0.0,1.0,1,621.3333333333334,1550.3333333333333,1851.3333333333333,308.5,DoS
ipcas_21:73:33,143,0,1359,LIED10CTRL/LLN0$Status,0.0019583929999988925,0.0,1.0,1,621.3333333333334,1550.3333333333333,1851.3333333333333,308.5,DoS
ipcas_21:73:33,143,0,1360,LIED10CTRL/LLN0$Status,0.002132275000001016,0.0,1.0,1,621.3333333333334,1550.3333333333333,1851.3333333333333,308.5,DoS
ipcas_21:73:33,143,0,1361,LIED10CTRL/LLN0$Status,0.0021398269999988173,0.0,1.0,1,621.3333333333334,1550.3333333333333,1851.3333333333333,308.5,DoS
ipcas_21:73:33,143,0,1362,LIED10CTRL/LLN0$Status,0.0017129200000010059,0.0,1.0,1,621.3333333333334,1550.3333333333333,1851.3333333333333,308.5,DoS
ipcas_21:73:33,143,0,1363,LIED10CTRL/LLN0$Status,0.002015597999999841,0.0,1.0,1,621.3333333333334,1550.3333333333333,1851.3333333333333,308.5,DoS
ipcas_21:73:33,143,0,1364,LIED10CTRL/LLN0$Status,0.00198810400000049,0.0,1.0,1,621.3333333333334,1550.3333333333333,1851.3333333333333,308.5,DoS
ipcas_21:73:33,143,0,1365,LIED10CTRL/LLN0$Status,0.002007816999999079,0.0,1.0,1,621.3333333333334,1550.3333333333333,1851.3333333333333,308.5,DoS
ipcas_21:73:33,143,0,1366,LIED10CTRL/LLN0$Status,0.0019957920000006624,0.0,1.0,1,621.3333333333334,1550.3333333333333,1851.3333333333333,308.5,DoS
ipcas_21:73:33,143,0,1367,LIED10CTRL/LLN0$Status,0.0015220280000001196,0.0,1.0,1,621.3333333333334,1550.3333333333333,1851.3333333333333,308.5,DoS
ipcas_21:73:33,143,0,1368,LIED10CTRL/LLN0$Status,0.0015024280000002221,0.0,1.0,1,621.3333333333334,1550.3333333333333,1851.3333333333333,308.5,DoS
ipcas_21:73:33,143,0,1369,LIED10CTRL/LLN0$Status,0.0020982699999994026,0.0,1.0,1,621.3333333333334,1550.3333333333333,1851.3333333333333,308.5,DoS
ipcas_21:73:33,143,0,1370,LIED10CTRL/LLN0$Status,0.0019534019999998264,0.0,1.0,1,621.3333333333334,1550.3333333333333,1851.3333333333333,308.5,DoS
ipcas_21:73:33,143,0,1371,LIED10CTRL/LLN0$Status,0.0019796830000000654,0.0,1.0,1,621.3333333333334,1550.3333333333333,1851.3333333333333,308.5,DoS
ipcas_21:73:33,143,0,1372,LIED10CTRL/LLN0$Status,0.002060586000000697,0.0,1.0,1,621.3333333333334,1550.3333333333333,1851.3333333333333,308.5,DoS
ipcas_21:73:33,143,0,1373,LIED10CTRL/LLN0$Status,0.002026814999998905,0.0,1.0,1,621.3333333333334,1550.3333333333333,1851.3333333333333,308.5,DoS
ipcas_21:73:33,143,0,1374,LIED10CTRL/LLN0$Status,0.0019084390000010387,0.0,1.0,1,621.3333333333334,1550.3333333333333,1851.3333333333333,308.5,DoS
ipcas_21:73:33,143,0,1375,LIED10CTRL/LLN0$Status,0.002000902999998999,0.0,1.0,1,621.3333333333334,1550.3333333333333,1851.3333333333333,308.5,DoS
ipcas_21:73:33,143,0,1376,LIED10CTRL/LLN0$Status,0.0020504980000009,0.0,1.0,1,621.3333333333334,1550.3333333333333,1851.3333333333333,308.5,DoS
ipcas_21:73:33,143,0,1377,LIED10CTRL/LLN0$Status,0.0019757179999988495,0.0,1.0,1,621.3333333333334,1550.3333333333333,1851.3333333333333,308.5,DoS
ipcas_21:73:33,143,0,1378,LIED10CTRL/LLN0$Status,0.001959250000000523,0.0,1.0,1,621.3333333333334,1550.3333333333333,1851.3333333333333,308.5,DoS
ipcas_21:73:33,143,0,1379,LIED10CTRL/LLN0$Status,0.00200049799999924,0.0,1.0,1,621.3333333333334,1550.3333333333333,1851.3333333333333,308.5,DoS
ipcas_21:73:33,143,0,1380,LIED10CTRL/LLN0$Status,0.002002458000001539,0.0,1.0,1,621.3333333333334,1550.3333333333333,1851.3333333333333,308.5,DoS
ipcas_21:73:33,143,0,1381,LIED10CTRL/LLN0$Status,0.0020582229999988044,0.0,1.0,1,621.3333333333334,1550.3333333333333,1851.3333333333333,308.5,DoS
ipcas_21:73:33,143,0,1382,LIED10CTRL/LLN0$Status,0.0019435689999998118,0.0,1.0,1,621.3333333333334,1550.3333333333333,1851.3333333333333,308.5,DoS
ipcas_21:73:33,143,0,1383,LIED10CTRL/LLN0$Status,0.0019999249999997915,0.0,1.0,1,621.3333333333334,1550.3333333333333,1851.3333333333333,308.5,DoS
ipcas_21:73:33,143,0,1384,LIED10CTRL/LLN0$Status,0.00190229500000072,0.0,1.0,1,621.3333333333334,1550.3333333333333,1851.3333333333333,308.5,DoS
ipcas_21:73:33,143,0,1385,LIED10CTRL/LLN0$Status,0.0021667930000006663,0.0,1.0,1,621.3333333333334,1550.3333333333333,1851.3333333333333,308.5,DoS
ipcas_21:73:33,143,0,1386,LIED10CTRL/LLN0$Status,0.0020768009999994064,0.0,1.0,1,621.3333333333334,1550.3333333333333,1851.3333333333333,308.5,DoS
ipcas_21:73:33,143,0,1387,LIED10CTRL/LLN0$Status,0.001852733999999856,0.0,1.0,1,621.3333333333334,1550.3333333333333,1851.3333333333333,308.5,DoS
ipcas_21:73:33,143,0,1388,LIED10CTRL/LLN0$Status,0.0020044390000002466,0.0,1.0,1,621.3333333333334,1550.3333333333333,1851.3333333333333,308.5,DoS
ipcas_21:73:33,143,0,1389,LIED10CTRL/LLN0$Status,0.0020123509999994127,0.0,1.0,1,621.3333333333334,1550.3333333333333,1851.3333333333333,308.5,DoS
ipcas_21:73:33,143,0,1390,LIED10CTRL/LLN0$Status,0.001993017000000208,0.0,1.0,1,621.3333333333334,1550.3333333333333,1851.3333333333333,308.5,DoS
ipcas_21:73:33,143,0,1391,LIED10CTRL/LLN0$Status,0.0019674169999994717,0.0,1.0,1,621.3333333333334,1550.3333333333333,1851.3333333333333,308.5,DoS
ipcas_21:73:33,143,0,1392,LIED10CTRL/LLN0$Status,0.0020065760000012034,0.0,1.0,1,621.3333333333334,1550.3333333333333,1851.3333333333333,308.5,DoS
ipcas_21:73:33,143,0,1393,LIED10CTRL/LLN0$Status,0.0020199569999999056,0.0,1.0,1,621.3333333333334,1550.3333333333333,1851.3333333333333,308.5,DoS
ipcas_21:73:33,143,0,1394,LIED10CTRL/LLN0$Status,0.0021180809999989947,0.0,1.0,1,621.3333333333334,1550.3333333333333,1851.3333333333333,308.5,DoS
ipcas_21:73:33,143,0,1395,LIED10CTRL/LLN0$Status,0.0018584980000007079,0.0,1.0,1,621.3333333333334,1550.3333333333333,1851.3333333333333,308.5,DoS
ipcas_21:73:33,143,0,1396,LIED10CTRL/LLN0$Status,0.0021492330000008053,0.0,1.0,1,621.3333333333334,1550.3333333333333,1851.3333333333333,308.5,DoS
ipcas_21:73:33,143,0,1397,LIED10CTRL/LLN0$Status,0.0018672060000000101,0.0,1.0,1,621.3333333333334,1550.3333333333333,1851.3333333333333,308.5,DoS
ipcas_21:73:33,143,0,1398,LIED10CTRL/LLN0$Status,0.0019971079999994146,0.0,1.0,1,621.3333333333334,1550.3333333333333,1851.3333333333333,308.5,DoS
ipcas_21:73:33,143,0,1399,LIED10CTRL/LLN0$Status,0.0020568809999996773,0.0,1.0,1,621.3333333333334,1550.3333333333333,1851.3333333333333,308.5,DoS
ipcas_21:73:33,143,0,1400,LIED10CTRL/LLN0$Status,0.0020422310000007826,0.0,1.0,1,621.3333333333334,1550.3333333333333,1851.3333333333333,308.5,DoS
ipcas_21:73:33,143,0,1401,LIED10CTRL/LLN0$Status,0.0013931739999986092,0.0,1.0,1,621.3333333333334,1550.3333333333333,1851.3333333333333,308.5,DoS
ipcas_21:73:33,143,0,1402,LIED10CTRL/LLN0$Status,0.001513292000000277,0.0,1.0,1,621.3333333333334,1550.3333333333333,1851.3333333333333,308.5,DoS
ipcas_21:73:33,143,0,1403,LIED10CTRL/LLN0$Status,0.0019982309999999615,0.0,1.0,1,621.3333333333334,1550.3333333333333,1851.3333333333333,308.5,DoS
ipcas_21:73:33,143,0,1404,LIED10CTRL/LLN0$Status,0.001376997999999574,0.0,1.0,1,621.3333333333334,1550.3333333333333,1851.3333333333333,308.5,DoS
ipcas_21:73:33,143,0,1405,LIED10CTRL/LLN0$Status,0.001567935000000631,0.0,1.0,1,621.3333333333334,1550.3333333333333,1851.3333333333333,308.5,DoS
ipcas_21:73:33,143,0,1406,LIED10CTRL/LLN0$Status,0.0020629319999994067,0.0,1.0,1,621.3333333333334,1550.3333333333333,1851.3333333333333,308.5,DoS
ipcas_21:73:33,143,0,1407,LIED10CTRL/LLN0$Status,0.00201004500000046,0.0,1.0,1,621.3333333333334,1550.3333333333333,1851.3333333333333,308.5,DoS
ipcas_21:73:33,143,0,1408,LIED10CTRL/LLN0$Status,0.0019331820000001443,0.0,1.0,1,621.3333333333334,1550.3333333333333,1851.3333333333333,308.5,DoS
ipcas_21:73:33,143,0,1409,LIED10CTRL/LLN0$Status,0.0020425930000005366,0.0,1.0,1,621.3333333333334,1550.3333333333333,1851.3333333333333,308.5,DoS
ipcas_21:73:33,143,0,1410,LIED10CTRL/LLN0$Status,0.001903067999998953,0.0,1.0,1,621.3333333333334,1550.3333333333333,1851.3333333333333,308.5,DoS
ipcas_21:73:33,143,0,1411,LIED10CTRL/LLN0$Status,0.0020769460000007456,0.0,1.0,1,621.3333333333334,1550.3333333333333,1851.3333333333333,308.5,DoS
ipcas_21:73:33,143,0,1412,LIED10CTRL/LLN0$Status,0.0020265269999999447,0.0,1.0,1,621.3333333333334,1550.3333333333333,1851.3333333333333,308.5,DoS
ipcas_21:73:33,143,0,1413,LIED10CTRL/LLN0$Status,0.0020076820000003437,0.0,1.0,1,621.3333333333334,1550.3333333333333,1851.3333333333333,308.5,DoS
ipcas_21:73:33,143,0,1414,LIED10CTRL/LLN0$Status,0.002044986999999665,0.0,1.0,1,621.3333333333334,1550.3333333333333,1851.3333333333333,308.5,DoS
ipcas_21:73:33,143,0,1415,LIED10CTRL/LLN0$Status,0.0019408809999994503,0.0,1.0,1,621.3333333333334,1550.3333333333333,1851.3333333333333,308.5,DoS
ipcas_21:73:33,143,0,1416,LIED10CTRL/LLN0$Status,0.002020847000000714,0.0,1.0,1,621.3333333333334,1550.3333333333333,1851.3333333333333,308.5,DoS
ipcas_21:73:33,143,0,1417,LIED10CTRL/LLN0$Status,0.0019629840000003895,0.0,1.0,1,621.3333333333334,1550.3333333333333,1851.3333333333333,308.5,DoS
ipcas_21:73:33,143,0,1418,LIED10CTRL/LLN0$Status,0.0020055639999991826,0.0,1.0,1,621.3333333333334,1550.3333333333333,1851.3333333333333,308.5,DoS
ipcas_21:73:33,143,0,1419,LIED10CTRL/LLN0$Status,0.002041799000000566,0.0,1.0,1,621.3333333333334,1550.3333333333333,1851.3333333333333,308.5,DoS
ipcas_21:73:33,143,0,1420,LIED10CTRL/LLN0$Status,0.001987379999999206,0.0,1.0,1,621.3333333333334,1550.3333333333333,1851.3333333333333,308.5,DoS
ipcas_21:73:33,143,0,1421,LIED10CTRL/LLN0$Status,0.001994501000000426,0.0,1.0,1,621.3333333333334,1550.3333333333333,1851.3333333333333,308.5,DoS
ipcas_21:73:33,143,0,1422,LIED10CTRL/LLN0$Status,0.00207632799999935,0.0,1.0,1,621.3333333333334,1550.3333333333333,1851.3333333333333,308.5,DoS
ipcas_21:73:33,143,0,1423,LIED10CTRL/LLN0$Status,0.0019261130000014504,0.0,1.0,1,621.3333333333334,1550.3333333333333,1851.3333333333333,308.5,DoS
ipcas_21:73:33,143,0,1424,LIED10CTRL/LLN0$Status,0.0020202249999989874,0.0,1.0,1,621.3333333333334,1550.3333333333333,1851.3333333333333,308.5,DoS
ipcas_21:73:33,143,0,1425,LIED10CTRL/LLN0$Status,0.0019917839999994413,0.0,1.0,1,621.3333333333334,1550.3333333333333,1851.3333333333333,308.5,DoS
ipcas_21:73:33,143,0,1426,LIED10CTRL/LLN0$Status,0.0019897170000007236,0.0,1.0,1,621.3333333333334,1550.3333333333333,1851.3333333333333,308.5,DoS
ipcas_21:73:33,143,0,1427,LIED10CTRL/LLN0$Status,0.0020662350000009155,0.0,1.0,1,621.3333333333334,1550.3333333333333,1851.3333333333333,308.5,DoS
ipcas_21:73:33,143,0,1428,LIED10CTRL/LLN0$Status,0.0019272659999991504,0.0,1.0,1,621.3333333333334,1550.3333333333333,1851.3333333333333,308.5,DoS
ipcas_21:73:33,143,0,1429,LIED10CTRL/LLN0$Status,0.002020630000000523,0.0,1.0,1,621.3333333333334,1550.3333333333333,1851.3333333333333,308.5,DoS
ipcas_21:73:33,143,0,1430,LIED10CTRL/LLN0$Status,0.0019944659999993064,0.0,1.0,1,621.3333333333334,1550.3333333333333,1851.3333333333333,308.5,DoS
ipcas_21:73:33,143,0,1431,LIED10CTRL/LLN0$Status,0.001973158000000197,0.0,1.0,1,621.3333333333334,1550.3333333333333,1851.3333333333333,308.5,DoS
ipcas_21:73:33,143,0,1432,LIED10CTRL/LLN0$Status,0.0019811799999995827,0.0,1.0,1,621.3333333333334,1550.3333333333333,1851.3333333333333,308.5,DoS
ipcas_21:73:33,143,0,1433,LIED10CTRL/LLN0$Status,0.0020081400000009353,0.0,1.0,1,621.3333333333334,1550.3333333333333,1851.3333333333333,308.5,DoS
ipcas_21:73:33,143,0,1434,LIED10CTRL/LLN0$Status,0.0020879419999992876,0.0,1.0,1,621.3333333333334,1550.3333333333333,1851.3333333333333,308.5,DoS
ipcas_21:73:33,143,0,1435,LIED10CTRL/LLN0$Status,0.0017153499999995603,0.0,1.0,1,621.3333333333334,1550.3333333333333,1851.3333333333333,308.5,DoS
ipcas_21:73:33,143,0,1436,LIED10CTRL/LLN0$Status,0.0021663040000010625,0.0,1.0,1,621.3333333333334,1550.3333333333333,1851.3333333333333,308.5,DoS
ipcas_21:73:33,143,0,1437,LIED10CTRL/LLN0$Status,0.0020138349999996308,0.0,1.0,1,621.3333333333334,1550.3333333333333,1851.3333333333333,308.5,DoS
ipcas_21:73:33,143,0,1438,LIED10CTRL/LLN0$Status,0.002024046000000723,0.0,1.0,1,621.3333333333334,1550.3333333333333,1851.3333333333333,308.5,DoS
ipcas_21:73:33,143,0,1439,LIED10CTRL/LLN0$Status,0.0019665119999991987,0.0,1.0,1,621.3333333333334,1550.3333333333333,1851.3333333333333,308.5,DoS
ipcas_21:73:33,143,0,1440,LIED10CTRL/LLN0$Status,0.00205639800000057,0.0,1.0,1,621.3333333333334,1550.3333333333333,1851.3333333333333,308.5,DoS
ipcas_21:73:33,143,0,1441,LIED10CTRL/LLN0$Status,0.001983872000000275,0.0,1.0,1,621.3333333333334,1550.3333333333333,1851.3333333333333,308.5,DoS
ipcas_21:73:33,143,0,1442,LIED10CTRL/LLN0$Status,0.0019927109999997583,0.0,1.0,1,621.3333333333334,1550.3333333333333,1851.3333333333333,308.5,DoS
ipcas_21:73:33,143,0,1443,LIED10CTRL/LLN0$Status,0.001988026999999448,0.0,1.0,1,621.3333333333334,1550.3333333333333,1851.3333333333333,308.5,DoS
ipcas_21:73:33,143,0,1444,LIED10CTRL/LLN0$Status,0.0019895840000003773,0.0,1.0,1,621.3333333333334,1550.3333333333333,1851.3333333333333,308.5,DoS
ipcas_21:73:33,143,0,1445,LIED10CTRL/LLN0$Status,0.001995560999999313,0.0,1.0,1,621.3333333333334,1550.3333333333333,1851.3333333333333,308.5,DoS
ipcas_21:73:33,143,0,1446,LIED10CTRL/LLN0$Status,0.002010677999999544,0.0,1.0,1,621.3333333333334,1550.3333333333333,1851.3333333333333,308.5,DoS
ipcas_21:73:33,143,0,1447,LIED10CTRL/LLN0$Status,0.002084568000000786,0.0,1.0,1,621.3333333333334,1550.3333333333333,1851.3333333333333,308.5,DoS
ipcas_21:73:33,143,0,1448,LIED10CTRL/LLN0$Status,0.0019329639999998705,0.0,1.0,1,621.3333333333334,1550.3333333333333,1851.3333333333333,308.5,DoS
ipcas_21:73:33,143,0,1449,LIED10CTRL/LLN0$Status,0.0020739669999993993,0.0,1.0,1,621.3333333333334,1550.3333333333333,1851.3333333333333,308.5,DoS
ipcas_21:73:33,143,0,1450,LIED10CTRL/LLN0$Status,0.002025845000000359,0.0,1.0,1,621.3333333333334,1550.3333333333333,1851.3333333333333,308.5,DoS
ipcas_21:73:33,143,0,1451,LIED10CTRL/LLN0$Status,0.0019811340000011057,0.0,1.0,1,621.3333333333334,1550.3333333333333,1851.3333333333333,308.5,DoS
ipcas_21:73:33,143,0,1452,LIED10CTRL/LLN0$Status,0.0019212429999999614,0.0,1.0,1,621.3333333333334,1550.3333333333333,1851.3333333333333,308.5,DoS
ipcas_21:73:33,143,0,1453,LIED10CTRL/LLN0$Status,0.0023901319999986015,0.0,1.0,1,621.3333333333334,1550.3333333333333,1851.3333333333333,308.5,DoS
ipcas_21:73:33,143,0,1454,LIED10CTRL/LLN0$Status,0.0016001350000003356,0.0,1.0,1,621.3333333333334,1550.3333333333333,1851.3333333333333,308.5,DoS
ipcas_21:73:33,143,0,1455,LIED10CTRL/LLN0$Status,0.002019536000000599,0.0,1.0,1,621.3333333333334,1550.3333333333333,1851.3333333333333,308.5,DoS
ipcas_21:73:33,143,0,1456,LIED10CTRL/LLN0$Status,0.0020018840000002314,0.0,1.0,1,621.3333333333334,1550.3333333333333,1851.3333333333333,308.5,DoS
ipcas_21:73:33,143,0,1457,LIED10CTRL/LLN0$Status,0.002160634999999189,0.0,1.0,1,621.3333333333334,1550.3333333333333,1851.3333333333333,308.5,DoS
ipcas_21:73:33,143,0,1458,LIED10CTRL/LLN0$Status,0.0018927489999995828,0.0,1.0,1,621.3333333333334,1550.3333333333333,1851.3333333333333,308.5,DoS
ipcas_21:73:33,143,0,1459,LIED10CTRL/LLN0$Status,0.001989436000000566,0.0,1.0,1,621.3333333333334,1550.3333333333333,1851.3333333333333,308.5,DoS
ipcas_21:73:33,143,0,1460,LIED10CTRL/LLN0$Status,0.0019894530000001964,0.0,1.0,1,621.3333333333334,1550.3333333333333,1851.3333333333333,308.5,DoS
ipcas_21:73:33,143,0,1461,LIED10CTRL/LLN0$Status,0.0019453739999999442,0.0,1.0,1,621.3333333333334,1550.3333333333333,1851.3333333333333,308.5,DoS
ipcas_21:73:33,143,0,1462,LIED10CTRL/LLN0$Status,0.0020433129999997135,0.0,1.0,1,621.3333333333334,1550.3333333333333,1851.3333333333333,308.5,DoS
ipcas_21:73:33,143,0,1463,LIED10CTRL/LLN0$Status,0.0019763230000009457,0.0,1.0,1,621.3333333333334,1550.3333333333333,1851.3333333333333,308.5,DoS
ipcas_21:73:33,143,0,1464,LIED10CTRL/LLN0$Status,0.0021478589999990305,0.0,1.0,1,621.3333333333334,1550.3333333333333,1851.3333333333333,308.5,DoS
ipcas_21:73:33,143,0,1465,LIED10CTRL/LLN0$Status,0.0019417740000005068,0.0,1.0,1,621.3333333333334,1550.3333333333333,1851.3333333333333,308.5,DoS
ipcas_21:73:33,143,0,1466,LIED10CTRL/LLN0$Status,0.0019501230000003034,0.0,1.0,1,621.3333333333334,1550.3333333333333,1851.3333333333333,308.5,DoS
ipcas_21:73:33,143,0,1467,LIED10CTRL/LLN0$Status,0.0019511540000003436,0.0,1.0,1,621.3333333333334,1550.3333333333333,1851.3333333333333,308.5,DoS
ipcas_21:73:33,143,0,1468,LIED10CTRL/LLN0$Status,0.002047875999998894,0.0,1.0,1,621.3333333333334,1550.3333333333333,1851.3333333333333,308.5,DoS
ipcas_21:73:33,143,0,1469,LIED10CTRL/LLN0$Status,0.0020958269999997725,0.0,1.0,1,621.3333333333334,1550.3333333333333,1851.3333333333333,308.5,DoS
ipcas_21:73:33,143,0,1470,LIED10CTRL/LLN0$Status,0.0021671000000011986,0.0,1.0,1,621.3333333333334,1550.3333333333333,1851.3333333333333,308.5,DoS
ipcas_21:73:33,143,0,1471,LIED10CTRL/LLN0$Status,0.001709120999999314,0.0,1.0,1,621.3333333333334,1550.3333333333333,1851.3333333333333,308.5,DoS
ipcas_21:73:33,143,0,1472,LIED10CTRL/LLN0$Status,0.002123817999999389,0.0,1.0,1,621.3333333333334,1550.3333333333333,1851.3333333333333,308.5,DoS
ipcas_21:73:33,143,0,1473,LIED10CTRL/LLN0$Status,0.0020006460000008275,0.0,1.0,1,621.3333333333334,1550.3333333333333,1851.3333333333333,308.5,DoS
ipcas_21:73:33,143,0,1474,LIED10CTRL/LLN0$Status,0.002054808000000463,0.0,1.0,1,621.3333333333334,1550.3333333333333,1851.3333333333333,308.5,DoS
ipcas_21:73:33,143,0,1475,LIED10CTRL/LLN0$Status,0.0018858860000001698,0.0,1.0,1,621.3333333333334,1550.3333333333333,1851.3333333333333,308.5,DoS
ipcas_21:73:33,143,0,1476,LIED10CTRL/LLN0$Status,0.0022733609999985305,0.0,1.0,1,621.3333333333334,1550.3333333333333,1851.3333333333333,308.5,DoS
ipcas_21:73:33,143,0,1477,LIED10CTRL/LLN0$Status,0.0017148260000006132,0.0,1.0,1,621.3333333333334,1550.3333333333333,1851.3333333333333,308.5,DoS
ipcas_21:73:33,143,0,1478,LIED10CTRL/LLN0$Status,0.002072269999999321,0.0,1.0,1,621.3333333333334,1550.3333333333333,1851.3333333333333,308.5,DoS
ipcas_21:73:33,143,0,1479,LIED10CTRL/LLN0$Status,0.001883756999999875,0.0,1.0,1,621.3333333333334,1550.3333333333333,1851.3333333333333,308.5,DoS
ipcas_21:73:33,143,0,1480,LIED10CTRL/LLN0$Status,0.0020933270000007553,0.0,1.0,1,621.3333333333334,1550.3333333333333,1851.3333333333333,308.5,DoS
ipcas_21:73:33,143,0,1481,LIED10CTRL/LLN0$Status,0.0019471210000006067,0.0,1.0,1,621.3333333333334,1550.3333333333333,1851.3333333333333,308.5,DoS
ipcas_21:73:33,143,0,1482,LIED10CTRL/LLN0$Status,0.001963313999999272,0.0,1.0,1,621.3333333333334,1550.3333333333333,1851.3333333333333,308.5,DoS
ipcas_21:73:33,143,0,1483,LIED10CTRL/LLN0$Status,0.0020856200000007874,0.0,1.0,1,621.3333333333334,1550.3333333333333,1851.3333333333333,308.5,DoS
ipcas_21:73:33,143,0,1484,LIED10CTRL/LLN0$Status,0.002118170999999336,0.0,1.0,1,621.3333333333334,1550.3333333333333,1851.3333333333333,308.5,DoS
ipcas_21:73:33,143,0,1485,LIED10CTRL/LLN0$Status,0.0018333160000008064,0.0,1.0,1,621.3333333333334,1550.3333333333333,1851.3333333333333,308.5,DoS
ipcas_21:73:33,143,0,1486,LIED10CTRL/LLN0$Status,0.0019509439999989553,0.0,1.0,1,621.3333333333334,1550.3333333333333,1851.3333333333333,308.5,DoS
ipcas_21:73:33,143,0,1487,LIED10CTRL/LLN0$Status,0.002184741000000656,0.0,1.0,1,621.3333333333334,1550.3333333333333,1851.3333333333333,308.5,DoS
ipcas_21:73:33,143,0,1488,LIED10CTRL/LLN0$Status,0.0021275420000002043,0.0,1.0,1,621.3333333333334,1550.3333333333333,1851.3333333333333,308.5,DoS
ipcas_21:73:33,143,0,1489,LIED10CTRL/LLN0$Status,0.0018488039999997596,0.0,1.0,1,621.3333333333334,1550.3333333333333,1851.3333333333333,308.5,DoS
ipcas_21:73:33,143,0,1490,LIED10CTRL/LLN0$Status,0.0019947659999992595,0.0,1.0,1,621.3333333333334,1550.3333333333333,1851.3333333333333,308.5,DoS
ipcas_21:73:33,143,0,1491,LIED10CTRL/LLN0$Status,0.0019919690000005374,0.0,1.0,1,621.3333333333334,1550.3333333333333,1851.3333333333333,308.5,DoS
ipcas_21:73:33,143,0,1492,LIED10CTRL/LLN0$Status,0.0018881139999997743,0.0,1.0,1,621.3333333333334,1550.3333333333333,1851.3333333333333,308.5,DoS
ipcas_21:73:33,143,0,1493,LIED10CTRL/LLN0$Status,0.0021770370000009365,0.0,1.0,1,621.3333333333334,1550.3333333333333,1851.3333333333333,308.5,DoS
ipcas_21:73:33,143,0,1494,LIED10CTRL/LLN0$Status,0.0017821809999993832,0.0,1.0,1,621.3333333333334,1550.3333333333333,1851.3333333333333,308.5,DoS
ipcas_21:73:33,143,0,1495,LIED10CTRL/LLN0$Status,0.0022445920000002673,0.0,1.0,1,621.3333333333334,1550.3333333333333,1851.3333333333333,308.5,DoS
ipcas_21:73:33,143,0,1496,LIED10CTRL/LLN0$Status,0.0018398299999997647,0.0,1.0,1,621.3333333333334,1550.3333333333333,1851.3333333333333,308.5,DoS
ipcas_21:73:33,143,0,1497,LIED10CTRL/LLN0$Status,0.001995477999999551,0.0,1.0,1,621.3333333333334,1550.3333333333333,1851.3333333333333,308.5,DoS
ipcas_21:73:33,143,0,1498,LIED10CTRL/LLN0$Status,0.0021612209999997134,0.0,1.0,1,621.3333333333334,1550.3333333333333,1851.3333333333333,308.5,DoS
ipcas_21:73:33,143,0,1499,LIED10CTRL/LLN0$Status,0.001966023000001371,0.0,1.0,1,621.3333333333334,1550.3333333333333,1851.3333333333333,308.5,DoS
ipcas_21:73:33,143,0,1500,LIED10CTRL/LLN0$Status,0.0018504469999989226,0.0,1.0,1,621.3333333333334,1550.3333333333333,1851.3333333333333,308.5,DoS
ipcas_21:73:33,143,0,1501,LIED10CTRL/LLN0$Status,0.0020496560000005104,0.0,1.0,1,621.3333333333334,1550.3333333333333,1851.3333333333333,308.5,DoS
ipcas_21:73:33,143,0,1502,LIED10CTRL/LLN0$Status,0.0018970819999992727,0.0,1.0,1,621.3333333333334,1550.3333333333333,1851.3333333333333,308.5,DoS
ipcas_21:73:33,143,0,1503,LIED10CTRL/LLN0$Status,0.002016462000000274,0.0,1.0,1,621.3333333333334,1550.3333333333333,1851.3333333333333,308.5,DoS
ipcas_21:73:33,143,0,1504,LIED10CTRL/LLN0$Status,0.0019592350000010583,0.0,1.0,1,621.3333333333334,1550.3333333333333,1851.3333333333333,308.5,DoS
ipcas_21:73:33,143,0,1505,LIED10CTRL/LLN0$Status,0.0020868049999993588,0.0,1.0,1,621.3333333333334,1550.3333333333333,1851.3333333333333,308.5,DoS
ipcas_21:73:33,143,0,1506,LIED10CTRL/LLN0$Status,0.0019460759999994082,0.0,1.0,1,621.3333333333334,1550.3333333333333,1851.3333333333333,308.5,DoS
ipcas_21:73:33,143,0,1507,LIED10CTRL/LLN0$Status,0.002086680999999757,0.0,1.0,1,621.3333333333334,1550.3333333333333,1851.3333333333333,308.5,DoS
ipcas_21:73:33,143,0,1508,LIED10CTRL/LLN0$Status,0.0019288130000010284,0.0,1.0,1,621.3333333333334,1550.3333333333333,1851.3333333333333,308.5,DoS
ipcas_21:73:33,143,0,1509,LIED10CTRL/LLN0$Status,0.0022801450000002887,0.0,1.0,1,621.3333333333334,1550.3333333333333,1851.3333333333333,308.5,DoS
ipcas_21:73:33,143,0,1510,LIED10CTRL/LLN0$Status,0.0016924079999984798,0.0,1.0,1,621.3333333333334,1550.3333333333333,1851.3333333333333,308.5,DoS
ipcas_21:73:33,143,0,1511,LIED10CTRL/LLN0$Status,0.00213155399999998,0.0,1.0,1,621.3333333333334,1550.3333333333333,1851.3333333333333,308.5,DoS
ipcas_21:73:33,143,0,1512,LIED10CTRL/LLN0$Status,0.013523376000000198,0.0,1.0,1,621.3333333333334,1550.3333333333333,1851.3333333333333,308.5,DoS
ipcas_21:73:33,143,0,1513,LIED10CTRL/LLN0$Status,0.0014377530000011518,0.0,1.0,1,621.3333333333334,1550.3333333333333,1851.3333333333333,308.5,DoS
ipcas_21:73:33,143,0,1514,LIED10CTRL/LLN0$Status,0.0023706199999988797,0.0,1.0,1,621.3333333333334,1550.3333333333333,1851.3333333333333,308.5,DoS
ipcas_21:73:33,143,0,1515,LIED10CTRL/LLN0$Status,0.0016037740000012235,0.0,1.0,1,621.3333333333334,1550.3333333333333,1851.3333333333333,308.5,DoS
ipcas_21:73:33,143,0,1516,LIED10CTRL/LLN0$Status,0.0013857769999994218,0.0,1.0,1,621.3333333333334,1550.3333333333333,1851.3333333333333,308.5,DoS
ipcas_21:73:33,143,0,1517,LIED10CTRL/LLN0$Status,0.0015100540000005935,0.0,1.0,1,621.3333333333334,1550.3333333333333,1851.3333333333333,308.5,DoS
ipcas_21:73:33,143,0,1518,LIED10CTRL/LLN0$Status,0.001988915000000091,0.0,1.0,1,621.3333333333334,1550.3333333333333,1851.3333333333333,308.5,DoS
ipcas_21:73:33,143,0,1519,LIED10CTRL/LLN0$Status,0.00200518199999955,0.0,1.0,1,621.3333333333334,1550.3333333333333,1851.3333333333333,308.5,DoS
ipcas_21:73:33,143,0,1520,LIED10CTRL/LLN0$Status,0.00199411400000038,0.0,1.0,1,621.3333333333334,1550.3333333333333,1851.3333333333333,308.5,DoS
ipcas_21:73:33,143,0,1521,LIED10CTRL/LLN0$Status,0.002021258999999276,0.0,1.0,1,621.3333333333334,1550.3333333333333,1851.3333333333333,308.5,DoS
ipcas_21:73:33,143,0,1522,LIED10CTRL/LLN0$Status,0.001383540000000849,0.0,1.0,1,621.3333333333334,1550.3333333333333,1851.3333333333333,308.5,DoS
ipcas_21:73:33,143,0,1523,LIED10CTRL/LLN0$Status,0.0016093279999989107,0.0,1.0,1,621.3333333333334,1550.3333333333333,1851.3333333333333,308.5,DoS
ipcas_21:73:33,143,0,1524,LIED10CTRL/LLN0$Status,0.0015443560000001355,0.0,1.0,1,621.3333333333334,1550.3333333333333,1851.3333333333333,308.5,DoS
ipcas_21:73:33,143,0,1525,LIED10CTRL/LLN0$Status,0.0014445849999997762,0.0,1.0,1,621.3333333333334,1550.3333333333333,1851.3333333333333,308.5,DoS
ipcas_21:73:33,143,0,1526,LIED10CTRL/LLN0$Status,0.002010085000000217,0.0,1.0,1,621.3333333333334,1550.3333333333333,1851.3333333333333,308.5,DoS
ipcas_21:73:33,143,0,1527,LIED10CTRL/LLN0$Status,0.0019859009999994015,0.0,1.0,1,621.3333333333334,1550.3333333333333,1851.3333333333333,308.5,DoS
ipcas_21:73:33,143,0,1528,LIED10CTRL/LLN0$Status,0.0020041349999999625,0.0,1.0,1,621.3333333333334,1550.3333333333333,1851.3333333333333,308.5,DoS
ipcas_21:73:33,143,0,1529,LIED10CTRL/LLN0$Status,0.002007692000001171,0.0,1.0,1,621.3333333333334,1550.3333333333333,1851.3333333333333,308.5,DoS
ipcas_21:73:33,143,0,1530,LIED10CTRL/LLN0$Status,0.001991744999999767,0.0,1.0,1,621.3333333333334,1550.3333333333333,1851.3333333333333,308.5,DoS
ipcas_21:73:33,143,0,1531,LIED10CTRL/LLN0$Status,0.0020319440000005073,0.0,1.0,1,621.3333333333334,1550.3333333333333,1851.3333333333333,308.5,DoS
ipcas_21:73:33,143,0,1532,LIED10CTRL/LLN0$Status,0.002083016999998577,0.0,1.0,1,621.3333333333334,1550.3333333333333,1851.3333333333333,308.5,DoS
ipcas_21:73:33,143,0,1533,LIED10CTRL/LLN0$Status,0.0020110870000014103,0.0,1.0,1,621.3333333333334,1550.3333333333333,1851.3333333333333,308.5,DoS
ipcas_21:73:33,143,0,1534,LIED10CTRL/LLN0$Status,0.002045688999999129,0.0,1.0,1,621.3333333333334,1550.3333333333333,1851.3333333333333,308.5,DoS
ipcas_21:73:33,143,0,1535,LIED10CTRL/LLN0$Status,0.0019525130000008772,0.0,1.0,1,621.3333333333334,1550.3333333333333,1851.3333333333333,308.5,DoS
ipcas_21:73:33,143,0,1536,LIED10CTRL/LLN0$Status,0.002075020999999566,0.0,1.0,1,621.3333333333334,1550.3333333333333,1851.3333333333333,308.5,DoS
ipcas_21:73:33,143,0,1537,LIED10CTRL/LLN0$Status,0.0019685870000003547,0.0,1.0,1,621.3333333333334,1550.3333333333333,1851.3333333333333,308.5,DoS
ipcas_21:73:33,143,0,1538,LIED10CTRL/LLN0$Status,0.002082039999999452,0.0,1.0,1,621.3333333333334,1550.3333333333333,1851.3333333333333,308.5,DoS
ipcas_21:73:33,143,0,1539,LIED10CTRL/LLN0$Status,0.00225902600000083,0.0,1.0,1,621.3333333333334,1550.3333333333333,1851.3333333333333,308.5,DoS
ipcas_21:73:33,143,0,1540,LIED10CTRL/LLN0$Status,0.0015397279999991298,0.0,1.0,1,621.3333333333334,1550.3333333333333,1851.3333333333333,308.5,DoS
ipcas_21:73:33,143,0,1541,LIED10CTRL/LLN0$Status,0.002144180000000162,0.0,1.0,1,621.3333333333334,1550.3333333333333,1851.3333333333333,308.5,DoS
ipcas_21:73:33,143,0,1542,LIED10CTRL/LLN0$Status,0.0019186649999998195,0.0,1.0,1,621.3333333333334,1550.3333333333333,1851.3333333333333,308.5,DoS
ipcas_21:73:33,143,0,1543,LIED10CTRL/LLN0$Status,0.002066264999999845,0.0,1.0,1,621.3333333333334,1550.3333333333333,1851.3333333333333,308.5,DoS
ipcas_21:73:33,143,0,1544,LIED10CTRL/LLN0$Status,0.0019506949999996692,0.0,1.0,1,621.3333333333334,1550.3333333333333,1851.3333333333333,308.5,DoS
ipcas_21:73:33,143,0,1545,LIED10CTRL/LLN0$Status,0.002049911000000293,0.0,1.0,1,621.3333333333334,1550.3333333333333,1851.3333333333333,308.5,DoS
ipcas_21:73:33,143,0,1546,LIED10CTRL/LLN0$Status,0.0018734160000004607,0.0,1.0,1,621.3333333333334,1550.3333333333333,1851.3333333333333,308.5,DoS
ipcas_21:73:33,143,0,1547,LIED10CTRL/LLN0$Status,0.0022211549999990865,0.0,1.0,1,621.3333333333334,1550.3333333333333,1851.3333333333333,308.5,DoS
ipcas_21:73:33,143,0,1548,LIED10CTRL/LLN0$Status,0.0017468210000011197,0.0,1.0,1,621.3333333333334,1550.3333333333333,1851.3333333333333,308.5,DoS
ipcas_21:73:33,143,0,1549,LIED10CTRL/LLN0$Status,0.002013695999998788,0.0,1.0,1,621.3333333333334,1550.3333333333333,1851.3333333333333,308.5,DoS
ipcas_21:73:33,143,0,1550,LIED10CTRL/LLN0$Status,0.002379110000001461,0.0,1.0,1,621.3333333333334,1550.3333333333333,1851.3333333333333,308.5,DoS
ipcas_21:73:33,143,0,1551,LIED10CTRL/LLN0$Status,0.001733735999998487,0.0,1.0,1,621.3333333333334,1550.3333333333333,1851.3333333333333,308.5,DoS
ipcas_21:73:33,143,0,1552,LIED10CTRL/LLN0$Status,0.002060720000001126,0.0,1.0,1,621.3333333333334,1550.3333333333333,1851.3333333333333,308.5,DoS
ipcas_21:73:33,143,0,1553,LIED10CTRL/LLN0$Status,0.0018826109999992013,0.0,1.0,1,621.3333333333334,1550.3333333333333,1851.3333333333333,308.5,DoS
ipcas_21:73:33,143,0,1554,LIED10CTRL/LLN0$Status,0.0019609640000002315,0.0,1.0,1,621.3333333333334,1550.3333333333333,1851.3333333333333,308.5,DoS
ipcas_21:73:33,143,0,1555,LIED10CTRL/LLN0$Status,0.0019608410000007126,0.0,1.0,1,621.3333333333334,1550.3333333333333,1851.3333333333333,308.5,DoS
ipcas_21:73:33,143,0,1556,LIED10CTRL/LLN0$Status,0.0021264149999993265,0.0,1.0,1,621.3333333333334,1550.3333333333333,1851.3333333333333,308.5,DoS
ipcas_21:73:33,143,0,1557,LIED10CTRL/LLN0$Status,0.0019087199999994198,0.0,1.0,1,621.3333333333334,1550.3333333333333,1851.3333333333333,308.5,DoS
ipcas_21:73:33,143,0,1558,LIED10CTRL/LLN0$Status,0.0019888510000001247,0.0,1.0,1,621.3333333333334,1550.3333333333333,1851.3333333333333,308.5,DoS
ipcas_21:73:33,143,0,1559,LIED10CTRL/LLN0$Status,0.0020020830000007095,0.0,1.0,1,621.3333333333334,1550.3333333333333,1851.3333333333333,308.5,DoS
ipcas_21:73:33,143,0,1560,LIED10CTRL/LLN0$Status,0.0021527720000005246,0.0,1.0,1,621.3333333333334,1550.3333333333333,1851.3333333333333,308.5,DoS
ipcas_21:73:33,143,0,1561,LIED10CTRL/LLN0$Status,0.0018862169999991352,0.0,1.0,1,621.3333333333334,1550.3333333333333,1851.3333333333333,308.5,DoS
ipcas_21:73:33,143,0,1562,LIED10CTRL/LLN0$Status,0.0019771889999997683,0.0,1.0,1,621.3333333333334,1550.3333333333333,1851.3333333333333,308.5,DoS
ipcas_21:73:33,143,0,1563,LIED10CTRL/LLN0$Status,0.00201294900000093,0.0,1.0,1,621.3333333333334,1550.3333333333333,1851.3333333333333,308.5,DoS
ipcas_21:73:33,143,0,1564,LIED10CTRL/LLN0$Status,0.0022048839999992964,0.0,1.0,1,621.3333333333334,1550.3333333333333,1851.3333333333333,308.5,DoS
ipcas_21:73:33,143,0,1565,LIED10CTRL/LLN0$Status,0.0010362590000010385,0.0,1.0,1,621.3333333333334,1550.3333333333333,1851.3333333333333,308.5,DoS
ipcas_21:73:33,143,0,1566,LIED10CTRL/LLN0$Status,0.001808461999999622,0.0,1.0,1,621.3333333333334,1550.3333333333333,1851.3333333333333,308.5,DoS
ipcas_21:73:33,143,0,1567,LIED10CTRL/LLN0$Status,0.0019421459999993118,0.0,1.0,1,621.3333333333334,1550.3333333333333,1851.3333333333333,308.5,DoS
ipcas_21:73:33,143,0,1568,LIED10CTRL/LLN0$Status,0.0020893990000008245,0.0,1.0,1,621.3333333333334,1550.3333333333333,1851.3333333333333,308.5,DoS
ipcas_21:73:33,143,0,1569,LIED10CTRL/LLN0$Status,0.0019872420000002222,0.0,1.0,1,621.3333333333334,1550.3333333333333,1851.3333333333333,308.5,DoS
ipcas_21:73:33,143,0,1570,LIED10CTRL/LLN0$Status,0.0019363349999999002,0.0,1.0,1,621.3333333333334,1550.3333333333333,1851.3333333333333,308.5,DoS
ipcas_21:73:33,143,0,1571,LIED10CTRL/LLN0$Status,0.002114835999998732,0.0,1.0,1,621.3333333333334,1550.3333333333333,1851.3333333333333,308.5,DoS
ipcas_21:73:33,143,0,1572,LIED10CTRL/LLN0$Status,0.001902888000000047,0.0,1.0,1,621.3333333333334,1550.3333333333333,1851.3333333333333,308.5,DoS
ipcas_21:73:33,143,0,1573,LIED10CTRL/LLN0$Status,0.0014127590000008183,0.0,1.0,1,621.3333333333334,1550.3333333333333,1851.3333333333333,308.5,DoS
ipcas_21:73:33,143,0,1574,LIED10CTRL/LLN0$Status,0.0013667410000000046,0.0,1.0,1,621.3333333333334,1550.3333333333333,1851.3333333333333,308.5,DoS
ipcas_21:73:33,143,0,1575,LIED10CTRL/LLN0$Status,0.002151517999999797,0.0,1.0,1,621.3333333333334,1550.3333333333333,1851.3333333333333,308.5,DoS
ipcas_21:73:33,143,0,1576,LIED10CTRL/LLN0$Status,0.001983706000000751,0.0,1.0,1,621.3333333333334,1550.3333333333333,1851.3333333333333,308.5,DoS
ipcas_21:73:33,143,0,1577,LIED10CTRL/LLN0$Status,0.0021329199999993165,0.0,1.0,1,621.3333333333334,1550.3333333333333,1851.3333333333333,308.5,DoS
ipcas_21:73:33,143,0,1578,LIED10CTRL/LLN0$Status,0.0019939810000000335,0.0,1.0,1,621.3333333333334,1550.3333333333333,1851.3333333333333,308.5,DoS
ipcas_21:73:33,143,0,1579,LIED10CTRL/LLN0$Status,0.001928912000000338,0.0,1.0,1,621.3333333333334,1550.3333333333333,1851.3333333333333,308.5,DoS
ipcas_21:73:33,143,0,1580,LIED10CTRL/LLN0$Status,0.001991437999999235,0.0,1.0,1,621.3333333333334,1550.3333333333333,1851.3333333333333,308.5,DoS
ipcas_21:73:33,143,0,1581,LIED10CTRL/LLN0$Status,0.0019982460000012026,0.0,1.0,1,621.3333333333334,1550.3333333333333,1851.3333333333333,308.5,DoS
ipcas_21:73:33,143,0,1582,LIED10CTRL/LLN0$Status,0.0019998439999984186,0.0,1.0,1,621.3333333333334,1550.3333333333333,1851.3333333333333,308.5,DoS
ipcas_21:73:33,143,0,1583,LIED10CTRL/LLN0$Status,0.0020021270000007974,0.0,1.0,1,621.3333333333334,1550.3333333333333,1851.3333333333333,308.5,DoS
ipcas_21:73:33,143,0,1584,LIED10CTRL/LLN0$Status,0.0019978829999995895,0.0,1.0,1,621.3333333333334,1550.3333333333333,1851.3333333333333,308.5,DoS
ipcas_21:73:33,143,0,1585,LIED10CTRL/LLN0$Status,0.002033796000000976,0.0,1.0,1,621.3333333333334,1550.3333333333333,1851.3333333333333,308.5,DoS
ipcas_21:73:33,143,0,1586,LIED10CTRL/LLN0$Status,0.002085279999999301,0.0,1.0,1,621.3333333333334,1550.3333333333333,1851.3333333333333,308.5,DoS
ipcas_21:73:33,143,0,1587,LIED10CTRL/LLN0$Status,0.0020091779999997783,0.0,1.0,1,621.3333333333334,1550.3333333333333,1851.3333333333333,308.5,DoS
ipcas_21:73:33,143,0,1588,LIED10CTRL/LLN0$Status,0.0019717620000001546,0.0,1.0,1,621.3333333333334,1550.3333333333333,1851.3333333333333,308.5,DoS
ipcas_21:73:33,143,0,1589,LIED10CTRL/LLN0$Status,0.001600861000000009,-1.0,1576.0,1,621.0,1551.0,1834.6666666666667,307.3333333333333,DoS
ipcas_21:73:33,143,0,1590,LIED10CTRL/LLN0$Status,0.0018891480000000627,0.0,1.0,1,621.0,1551.0,1834.6666666666667,307.3333333333333,DoS
ipcas_21:73:33,143,0,1591,LIED10CTRL/LLN0$Status,0.0020328149999997436,0.0,1.0,1,621.0,1551.0,1834.6666666666667,307.3333333333333,DoS
ipcas_21:73:33,143,0,1592,LIED10CTRL/LLN0$Status,0.002002079999998685,0.0,1.0,1,621.0,1551.0,1834.6666666666667,307.3333333333333,DoS
ipcas_21:73:33,143,0,1593,LIED10CTRL/LLN0$Status,0.002224589000000776,0.0,1.0,1,621.0,1551.0,1834.6666666666667,307.3333333333333,DoS
ipcas_21:73:33,143,0,1594,LIED10CTRL/LLN0$Status,0.001829312999999999,0.0,1.0,1,621.0,1551.0,1834.6666666666667,307.3333333333333,DoS
ipcas_21:73:33,143,0,1595,LIED10CTRL/LLN0$Status,0.0021660749999998785,0.0,1.0,1,621.0,1551.0,1834.6666666666667,307.3333333333333,DoS
ipcas_21:73:33,143,0,1596,LIED10CTRL/LLN0$Status,0.0019353780000006537,0.0,1.0,1,621.0,1551.0,1834.6666666666667,307.3333333333333,DoS
ipcas_21:73:33,143,0,1597,LIED10CTRL/LLN0$Status,0.002277675000000201,0.0,1.0,1,621.0,1551.0,1834.6666666666667,307.3333333333333,DoS
ipcas_21:73:33,143,0,1598,LIED10CTRL/LLN0$Status,0.0009405160000000024,0.0,1.0,1,621.0,1551.0,1834.6666666666667,307.3333333333333,DoS
ipcas_21:73:33,143,0,1599,LIED10CTRL/LLN0$Status,0.0025808209999986786,0.0,1.0,1,621.0,1551.0,1834.6666666666667,307.3333333333333,DoS
ipcas_21:73:33,143,0,1600,LIED10CTRL/LLN0$Status,0.0011710719999999952,0.0,1.0,1,621.0,1551.0,1834.6666666666667,307.3333333333333,DoS
ipcas_21:73:33,143,0,1601,LIED10CTRL/LLN0$Status,0.0022522800000004395,0.0,1.0,1,621.0,1551.0,1834.6666666666667,307.3333333333333,DoS
ipcas_21:73:33,143,0,1602,LIED10CTRL/LLN0$Status,0.0017719169999992346,0.0,1.0,1,621.0,1551.0,1834.6666666666667,307.3333333333333,DoS
ipcas_21:73:33,143,0,1603,LIED10CTRL/LLN0$Status,0.0025032840000012158,0.0,1.0,1,621.0,1551.0,1834.6666666666667,307.3333333333333,DoS
ipcas_21:73:33,143,0,1604,LIED10CTRL/LLN0$Status,0.0015620240000000507,0.0,1.0,1,621.0,1551.0,1834.6666666666667,307.3333333333333,DoS
ipcas_21:73:33,143,0,1605,LIED10CTRL/LLN0$Status,0.0019746709999992618,0.0,1.0,1,621.0,1551.0,1834.6666666666667,307.3333333333333,DoS
ipcas_21:73:33,143,0,1606,LIED10CTRL/LLN0$Status,0.0019617640000006986,0.0,1.0,1,621.0,1551.0,1834.6666666666667,307.3333333333333,DoS
ipcas_21:73:33,143,0,1607,LIED10CTRL/LLN0$Status,0.001963074999999037,0.0,1.0,1,621.0,1551.0,1834.6666666666667,307.3333333333333,DoS
ipcas_21:73:33,143,0,1608,LIED10CTRL/LLN0$Status,0.0014965150000012528,0.0,1.0,1,621.0,1551.0,1834.6666666666667,307.3333333333333,DoS
ipcas_21:73:33,143,0,1609,LIED10CTRL/LLN0$Status,0.0016764669999993487,0.0,1.0,1,621.0,1551.0,1834.6666666666667,307.3333333333333,DoS
ipcas_21:73:33,143,0,1610,LIED10CTRL/LLN0$Status,0.0017249620000008292,0.0,1.0,1,621.0,1551.0,1834.6666666666667,307.3333333333333,DoS
ipcas_21:73:33,143,0,1611,LIED10CTRL/LLN0$Status,0.0022310439999984055,0.0,1.0,1,621.0,1551.0,1834.6666666666667,307.3333333333333,DoS
ipcas_21:73:33,143,0,1612,LIED10CTRL/LLN0$Status,0.0012914090000002432,0.0,1.0,1,621.0,1551.0,1834.6666666666667,307.3333333333333,DoS
ipcas_21:73:33,143,0,1613,LIED10CTRL/LLN0$Status,0.0016098610000003788,0.0,1.0,1,621.0,1551.0,1834.6666666666667,307.3333333333333,DoS
ipcas_21:73:33,143,0,1614,LIED10CTRL/LLN0$Status,0.0021616249999993897,0.0,1.0,1,621.0,1551.0,1834.6666666666667,307.3333333333333,DoS
ipcas_21:73:33,143,0,1615,LIED10CTRL/LLN0$Status,0.001860847000001442,0.0,1.0,1,621.0,1551.0,1834.6666666666667,307.3333333333333,DoS
ipcas_21:73:33,143,0,1616,LIED10CTRL/LLN0$Status,0.0018909839999992073,0.0,1.0,1,621.0,1551.0,1834.6666666666667,307.3333333333333,DoS
ipcas_21:73:33,143,0,1617,LIED10CTRL/LLN0$Status,0.002011673000000158,0.0,1.0,1,621.0,1551.0,1834.6666666666667,307.3333333333333,DoS
ipcas_21:73:33,143,0,1618,LIED10CTRL/LLN0$Status,0.0019909209999990907,0.0,1.0,1,621.0,1551.0,1834.6666666666667,307.3333333333333,DoS
ipcas_21:73:33,143,0,1619,LIED10CTRL/LLN0$Status,0.0020854540000012634,0.0,1.0,1,621.0,1551.0,1834.6666666666667,307.3333333333333,DoS
ipcas_21:73:33,143,0,1620,LIED10CTRL/LLN0$Status,0.0019360089999995722,0.0,1.0,1,621.0,1551.0,1834.6666666666667,307.3333333333333,DoS
ipcas_21:73:33,143,0,1621,LIED10CTRL/LLN0$Status,0.0019406219999993368,0.0,1.0,1,621.0,1551.0,1834.6666666666667,307.3333333333333,DoS
ipcas_21:73:33,143,0,1622,LIED10CTRL/LLN0$Status,0.00200910000000043,0.0,1.0,1,621.0,1551.0,1834.6666666666667,307.3333333333333,DoS
ipcas_21:73:33,143,0,1623,LIED10CTRL/LLN0$Status,0.002108755000000073,0.0,1.0,1,621.0,1551.0,1834.6666666666667,307.3333333333333,DoS
ipcas_21:73:33,143,0,1624,LIED10CTRL/LLN0$Status,0.0018985310000001476,0.0,1.0,1,621.0,1551.0,1834.6666666666667,307.3333333333333,DoS
ipcas_21:73:33,143,0,1625,LIED10CTRL/LLN0$Status,0.0021407680000002927,0.0,1.0,1,621.0,1551.0,1834.6666666666667,307.3333333333333,DoS
ipcas_21:73:33,143,0,1626,LIED10CTRL/LLN0$Status,0.0018559630000005711,0.0,1.0,1,621.0,1551.0,1834.6666666666667,307.3333333333333,DoS
ipcas_21:73:33,143,0,1627,LIED10CTRL/LLN0$Status,0.0020405659999997994,0.0,1.0,1,621.0,1551.0,1834.6666666666667,307.3333333333333,DoS
ipcas_21:73:33,143,0,1628,LIED10CTRL/LLN0$Status,0.00197772199999946,0.0,1.0,1,621.0,1551.0,1834.6666666666667,307.3333333333333,DoS
ipcas_21:73:33,143,0,1629,LIED10CTRL/LLN0$Status,0.0019802920000007163,0.0,1.0,1,621.0,1551.0,1834.6666666666667,307.3333333333333,DoS
ipcas_21:73:33,143,0,1630,LIED10CTRL/LLN0$Status,0.00196030999999941,0.0,1.0,1,621.0,1551.0,1834.6666666666667,307.3333333333333,DoS
ipcas_21:73:33,143,0,1631,LIED10CTRL/LLN0$Status,0.002075043999999693,0.0,1.0,1,621.0,1551.0,1834.6666666666667,307.3333333333333,DoS
ipcas_21:73:33,143,0,1632,LIED10CTRL/LLN0$Status,0.0019280399999992426,0.0,1.0,1,621.0,1551.0,1834.6666666666667,307.3333333333333,DoS
ipcas_21:73:33,143,0,1633,LIED10CTRL/LLN0$Status,0.002132898000001049,0.0,1.0,1,621.0,1551.0,1834.6666666666667,307.3333333333333,DoS
ipcas_21:73:33,143,0,1634,LIED10CTRL/LLN0$Status,0.0020413979999993614,0.0,1.0,1,621.0,1551.0,1834.6666666666667,307.3333333333333,DoS
ipcas_21:73:33,143,0,1635,LIED10CTRL/LLN0$Status,0.0018688109999995817,0.0,1.0,1,621.0,1551.0,1834.6666666666667,307.3333333333333,DoS
ipcas_21:73:33,143,0,1636,LIED10CTRL/LLN0$Status,0.0020355390000013074,0.0,1.0,1,621.0,1551.0,1834.6666666666667,307.3333333333333,DoS
ipcas_21:73:33,143,0,1637,LIED10CTRL/LLN0$Status,0.0019940599999994646,0.0,1.0,1,621.0,1551.0,1834.6666666666667,307.3333333333333,DoS
ipcas_21:73:33,143,0,1638,LIED10CTRL/LLN0$Status,0.002007097999999985,0.0,1.0,1,621.0,1551.0,1834.6666666666667,307.3333333333333,DoS
ipcas_21:73:33,143,0,1639,LIED10CTRL/LLN0$Status,0.0020898430000002577,0.0,1.0,1,621.0,1551.0,1834.6666666666667,307.3333333333333,DoS
ipcas_21:73:33,143,0,1640,LIED10CTRL/LLN0$Status,0.001989907000000457,0.0,1.0,1,621.0,1551.0,1834.6666666666667,307.3333333333333,DoS
ipcas_21:73:33,143,0,1641,LIED10CTRL/LLN0$Status,0.0019240160000002504,0.0,1.0,1,621.0,1551.0,1834.6666666666667,307.3333333333333,DoS
ipcas_21:73:33,143,0,1642,LIED10CTRL/LLN0$Status,0.0020738069999985953,0.0,1.0,1,621.0,1551.0,1834.6666666666667,307.3333333333333,DoS
ipcas_21:73:33,143,0,1643,LIED10CTRL/LLN0$Status,0.0019322070000011848,0.0,1.0,1,621.0,1551.0,1834.6666666666667,307.3333333333333,DoS
ipcas_21:73:33,143,0,1644,LIED10CTRL/LLN0$Status,0.002055414999999172,0.0,1.0,1,621.0,1551.0,1834.6666666666667,307.3333333333333,DoS
ipcas_21:73:33,143,0,1645,LIED10CTRL/LLN0$Status,0.001944621999999896,0.0,1.0,1,621.0,1551.0,1834.6666666666667,307.3333333333333,DoS
ipcas_21:73:33,143,0,1646,LIED10CTRL/LLN0$Status,0.0020357920000009244,0.0,1.0,1,621.0,1551.0,1834.6666666666667,307.3333333333333,DoS
ipcas_21:73:33,143,0,1647,LIED10CTRL/LLN0$Status,0.0020253009999997573,0.0,1.0,1,621.0,1551.0,1834.6666666666667,307.3333333333333,DoS
ipcas_21:73:33,143,0,1648,LIED10CTRL/LLN0$Status,0.0019477590000001044,0.0,1.0,1,621.0,1551.0,1834.6666666666667,307.3333333333333,DoS
ipcas_21:73:33,143,0,1649,LIED10CTRL/LLN0$Status,0.0021580239999998696,0.0,1.0,1,621.0,1551.0,1834.6666666666667,307.3333333333333,DoS
ipcas_21:73:33,143,0,1650,LIED10CTRL/LLN0$Status,0.0021966419999994713,0.0,1.0,1,621.0,1551.0,1834.6666666666667,307.3333333333333,DoS
ipcas_21:73:33,143,0,1651,LIED10CTRL/LLN0$Status,0.001672119000000194,0.0,1.0,1,621.0,1551.0,1834.6666666666667,307.3333333333333,DoS
ipcas_21:73:33,143,0,1652,LIED10CTRL/LLN0$Status,0.0019380760000000663,0.0,1.0,1,621.0,1551.0,1834.6666666666667,307.3333333333333,DoS
ipcas_21:73:33,143,0,1653,LIED10CTRL/LLN0$Status,0.0020525049999999823,0.0,1.0,1,621.0,1551.0,1834.6666666666667,307.3333333333333,DoS
ipcas_21:73:33,143,0,1654,LIED10CTRL/LLN0$Status,0.0022875189999993495,0.0,1.0,1,621.0,1551.0,1834.6666666666667,307.3333333333333,DoS
ipcas_21:73:33,143,0,1655,LIED10CTRL/LLN0$Status,0.0017281709999998895,0.0,1.0,1,621.0,1551.0,1834.6666666666667,307.3333333333333,DoS
ipcas_21:73:33,143,0,1656,LIED10CTRL/LLN0$Status,0.0020815800000004714,0.0,1.0,1,621.0,1551.0,1834.6666666666667,307.3333333333333,DoS
ipcas_21:73:33,143,0,1657,LIED10CTRL/LLN0$Status,0.0019170989999999222,0.0,1.0,1,621.0,1551.0,1834.6666666666667,307.3333333333333,DoS
ipcas_21:73:33,143,0,1658,LIED10CTRL/LLN0$Status,0.001961558999999724,0.0,1.0,1,621.0,1551.0,1834.6666666666667,307.3333333333333,DoS
ipcas_21:73:33,143,0,1659,LIED10CTRL/LLN0$Status,0.0020589200000014074,0.0,1.0,1,621.0,1551.0,1834.6666666666667,307.3333333333333,DoS
ipcas_21:73:33,143,0,1660,LIED10CTRL/LLN0$Status,0.001870643999998478,0.0,1.0,1,621.0,1551.0,1834.6666666666667,307.3333333333333,DoS
ipcas_21:73:33,143,0,1661,LIED10CTRL/LLN0$Status,0.0022284390000013587,0.0,1.0,1,621.0,1551.0,1834.6666666666667,307.3333333333333,DoS
ipcas_21:73:33,143,0,1662,LIED10CTRL/LLN0$Status,0.0018709149999995844,0.0,1.0,1,621.0,1551.0,1834.6666666666667,307.3333333333333,DoS
ipcas_21:73:33,143,0,1663,LIED10CTRL/LLN0$Status,0.0019968420000004983,0.0,1.0,1,621.0,1551.0,1834.6666666666667,307.3333333333333,DoS
ipcas_21:73:33,143,0,1664,LIED10CTRL/LLN0$Status,0.001996808999999544,0.0,1.0,1,621.0,1551.0,1834.6666666666667,307.3333333333333,DoS
ipcas_21:73:33,143,0,1665,LIED10CTRL/LLN0$Status,0.001978330000000028,0.0,1.0,1,621.0,1551.0,1834.6666666666667,307.3333333333333,DoS
ipcas_21:73:33,143,0,1666,LIED10CTRL/LLN0$Status,0.0020148899999998804,0.0,1.0,1,621.0,1551.0,1834.6666666666667,307.3333333333333,DoS
ipcas_21:73:33,143,0,1667,LIED10CTRL/LLN0$Status,0.002151407999999577,0.0,1.0,1,621.0,1551.0,1834.6666666666667,307.3333333333333,DoS
ipcas_21:73:33,143,0,1668,LIED10CTRL/LLN0$Status,0.0018507819999999953,0.0,1.0,1,621.0,1551.0,1834.6666666666667,307.3333333333333,DoS
ipcas_21:73:33,143,0,1669,LIED10CTRL/LLN0$Status,0.001991289999999424,0.0,1.0,1,621.0,1551.0,1834.6666666666667,307.3333333333333,DoS
ipcas_21:73:33,143,0,1670,LIED10CTRL/LLN0$Status,0.0019358050000004567,0.0,1.0,1,621.0,1551.0,1834.6666666666667,307.3333333333333,DoS
ipcas_21:73:33,143,0,1671,LIED10CTRL/LLN0$Status,0.001973854000000941,0.0,1.0,1,621.0,1551.0,1834.6666666666667,307.3333333333333,DoS
ipcas_21:73:33,143,0,1672,LIED10CTRL/LLN0$Status,0.002150062000000119,0.0,1.0,1,621.0,1551.0,1834.6666666666667,307.3333333333333,DoS
ipcas_21:73:33,143,0,1673,LIED10CTRL/LLN0$Status,0.0018816699999995024,0.0,1.0,1,621.0,1551.0,1834.6666666666667,307.3333333333333,DoS
ipcas_21:73:33,143,0,1674,LIED10CTRL/LLN0$Status,0.0020793989999994267,0.0,1.0,1,621.0,1551.0,1834.6666666666667,307.3333333333333,DoS
ipcas_21:73:33,143,0,1675,LIED10CTRL/LLN0$Status,0.002012952000001178,0.0,1.0,1,621.0,1551.0,1834.6666666666667,307.3333333333333,DoS
ipcas_21:73:33,143,0,1676,LIED10CTRL/LLN0$Status,0.0020542159999994425,0.0,1.0,1,621.0,1551.0,1834.6666666666667,307.3333333333333,DoS
ipcas_21:73:33,143,0,1677,LIED10CTRL/LLN0$Status,0.0018571779999998483,0.0,1.0,1,621.0,1551.0,1834.6666666666667,307.3333333333333,DoS
ipcas_21:73:33,143,0,1678,LIED10CTRL/LLN0$Status,0.001969543999999601,0.0,1.0,1,621.0,1551.0,1834.6666666666667,307.3333333333333,DoS
ipcas_21:73:33,143,0,1679,LIED10CTRL/LLN0$Status,0.0020981009999996303,0.0,1.0,1,621.0,1551.0,1834.6666666666667,307.3333333333333,DoS
ipcas_21:73:33,143,0,1680,LIED10CTRL/LLN0$Status,0.002024582000000663,0.0,1.0,1,621.0,1551.0,1834.6666666666667,307.3333333333333,DoS
ipcas_21:73:33,143,0,1681,LIED10CTRL/LLN0$Status,0.0019299200000002514,0.0,1.0,1,621.0,1551.0,1834.6666666666667,307.3333333333333,DoS
ipcas_21:73:33,143,0,1682,LIED10CTRL/LLN0$Status,0.0021145540000002683,0.0,1.0,1,621.0,1551.0,1834.6666666666667,307.3333333333333,DoS
ipcas_21:73:33,143,0,1683,LIED10CTRL/LLN0$Status,0.001953322999998619,0.0,1.0,1,621.0,1551.0,1834.6666666666667,307.3333333333333,DoS
ipcas_21:73:33,143,0,1684,LIED10CTRL/LLN0$Status,0.0018479360000007716,0.0,1.0,1,621.0,1551.0,1834.6666666666667,307.3333333333333,DoS
ipcas_21:73:33,143,0,1685,LIED10CTRL/LLN0$Status,0.0020280469999995887,0.0,1.0,1,621.0,1551.0,1834.6666666666667,307.3333333333333,DoS
ipcas_21:73:33,143,0,1686,LIED10CTRL/LLN0$Status,0.0021246850000000705,0.0,1.0,1,621.0,1551.0,1834.6666666666667,307.3333333333333,DoS
ipcas_21:73:33,143,0,1687,LIED10CTRL/LLN0$Status,0.0020719319999997765,0.0,1.0,1,621.0,1551.0,1834.6666666666667,307.3333333333333,DoS
ipcas_21:73:33,143,0,1688,LIED10CTRL/LLN0$Status,0.0017652940000001394,0.0,1.0,1,621.0,1551.0,1834.6666666666667,307.3333333333333,DoS
ipcas_21:73:33,143,0,1689,LIED10CTRL/LLN0$Status,0.002000223999999662,0.0,1.0,1,621.0,1551.0,1834.6666666666667,307.3333333333333,DoS
ipcas_21:73:33,143,0,1690,LIED10CTRL/LLN0$Status,0.002034580000000119,0.0,1.0,1,621.0,1551.0,1834.6666666666667,307.3333333333333,DoS
ipcas_21:73:33,143,0,1691,LIED10CTRL/LLN0$Status,0.001983721000000216,0.0,1.0,1,621.0,1551.0,1834.6666666666667,307.3333333333333,DoS
ipcas_21:73:33,143,0,1692,LIED10CTRL/LLN0$Status,0.0021251780000000053,0.0,1.0,1,621.0,1551.0,1834.6666666666667,307.3333333333333,DoS
ipcas_21:73:33,143,0,1693,LIED10CTRL/LLN0$Status,0.0019516710000004878,0.0,1.0,1,621.0,1551.0,1834.6666666666667,307.3333333333333,DoS
ipcas_21:73:33,143,0,1694,LIED10CTRL/LLN0$Status,0.0019514479999998002,0.0,1.0,1,621.0,1551.0,1834.6666666666667,307.3333333333333,DoS
ipcas_21:73:33,143,0,1695,LIED10CTRL/LLN0$Status,0.002015739000000849,0.0,1.0,1,621.0,1551.0,1834.6666666666667,307.3333333333333,DoS
ipcas_21:73:33,143,0,1696,LIED10CTRL/LLN0$Status,0.00195435799999899,0.0,1.0,1,621.0,1551.0,1834.6666666666667,307.3333333333333,DoS
ipcas_21:73:33,143,0,1697,LIED10CTRL/LLN0$Status,0.0019968840000004207,0.0,1.0,1,621.0,1551.0,1834.6666666666667,307.3333333333333,DoS
ipcas_21:73:33,143,0,1698,LIED10CTRL/LLN0$Status,0.0020959069999992863,0.0,1.0,1,621.0,1551.0,1834.6666666666667,307.3333333333333,DoS
ipcas_21:73:33,143,0,1699,LIED10CTRL/LLN0$Status,0.0021227060000015285,0.0,1.0,1,621.0,1551.0,1834.6666666666667,307.3333333333333,DoS
ipcas_21:73:33,143,0,1700,LIED10CTRL/LLN0$Status,0.0018645549999991573,0.0,1.0,1,621.0,1551.0,1834.6666666666667,307.3333333333333,DoS
ipcas_21:73:33,143,0,1701,LIED10CTRL/LLN0$Status,0.0019922930000007,0.0,1.0,1,621.0,1551.0,1834.6666666666667,307.3333333333333,DoS
ipcas_21:73:33,143,0,1702,LIED10CTRL/LLN0$Status,0.002141194000000013,0.0,1.0,1,621.0,1551.0,1834.6666666666667,307.3333333333333,DoS
ipcas_21:73:33,143,0,1703,LIED10CTRL/LLN0$Status,0.001968657999999124,0.0,1.0,1,621.0,1551.0,1834.6666666666667,307.3333333333333,DoS
ipcas_21:73:33,143,0,1704,LIED10CTRL/LLN0$Status,0.0018721779999992805,0.0,1.0,1,621.0,1551.0,1834.6666666666667,307.3333333333333,DoS
ipcas_21:73:33,143,0,1705,LIED10CTRL/LLN0$Status,0.002136644000000132,0.0,1.0,1,621.0,1551.0,1834.6666666666667,307.3333333333333,DoS
ipcas_21:73:33,143,0,1706,LIED10CTRL/LLN0$Status,0.0018858490000006611,0.0,1.0,1,621.0,1551.0,1834.6666666666667,307.3333333333333,DoS
ipcas_21:73:33,143,0,1707,LIED10CTRL/LLN0$Status,0.0021097020000002686,0.0,1.0,1,621.0,1551.0,1834.6666666666667,307.3333333333333,DoS
ipcas_21:73:33,143,0,1708,LIED10CTRL/LLN0$Status,0.0018710049999999256,0.0,1.0,1,621.0,1551.0,1834.6666666666667,307.3333333333333,DoS
ipcas_21:73:33,143,0,1709,LIED10CTRL/LLN0$Status,0.0019805920000006694,0.0,1.0,1,621.0,1551.0,1834.6666666666667,307.3333333333333,DoS
ipcas_21:73:33,143,0,1710,LIED10CTRL/LLN0$Status,0.002003694999999084,0.0,1.0,1,621.0,1551.0,1834.6666666666667,307.3333333333333,DoS
ipcas_21:73:33,143,0,1711,LIED10CTRL/LLN0$Status,0.0019929180000008984,0.0,1.0,1,621.0,1551.0,1834.6666666666667,307.3333333333333,DoS
ipcas_21:73:33,143,0,1712,LIED10CTRL/LLN0$Status,0.0021379259999996236,0.0,1.0,1,621.0,1551.0,1834.6666666666667,307.3333333333333,DoS
ipcas_21:73:33,143,0,1713,LIED10CTRL/LLN0$Status,0.0019004499999990543,0.0,1.0,1,621.0,1551.0,1834.6666666666667,307.3333333333333,DoS
ipcas_21:73:33,143,0,1714,LIED10CTRL/LLN0$Status,0.0020249850000002567,0.0,1.0,1,621.0,1551.0,1834.6666666666667,307.3333333333333,DoS
ipcas_21:73:33,143,0,1715,LIED10CTRL/LLN0$Status,0.0021338370000005824,0.0,1.0,1,621.0,1551.0,1834.6666666666667,307.3333333333333,DoS
ipcas_21:73:33,143,0,1716,LIED10CTRL/LLN0$Status,0.0018482689999999025,0.0,1.0,1,621.0,1551.0,1834.6666666666667,307.3333333333333,DoS
ipcas_21:73:33,143,0,1717,LIED10CTRL/LLN0$Status,0.0019776849999999513,0.0,1.0,1,621.0,1551.0,1834.6666666666667,307.3333333333333,DoS
ipcas_21:73:33,143,0,1718,LIED10CTRL/LLN0$Status,0.0021211509999989886,0.0,1.0,1,621.0,1551.0,1834.6666666666667,307.3333333333333,DoS
ipcas_21:73:33,143,0,1719,LIED10CTRL/LLN0$Status,0.0018950380000006817,0.0,1.0,1,621.0,1551.0,1834.6666666666667,307.3333333333333,DoS
ipcas_21:73:33,143,0,1720,LIED10CTRL/LLN0$Status,0.0019380709999996526,0.0,1.0,1,621.0,1551.0,1834.6666666666667,307.3333333333333,DoS
ipcas_21:73:33,143,0,1721,LIED10CTRL/LLN0$Status,0.0020368560000001423,0.0,1.0,1,621.0,1551.0,1834.6666666666667,307.3333333333333,DoS
ipcas_21:73:33,143,0,1722,LIED10CTRL/LLN0$Status,0.002096842000000265,0.0,1.0,1,621.0,1551.0,1834.6666666666667,307.3333333333333,DoS
ipcas_21:73:33,143,0,1723,LIED10CTRL/LLN0$Status,0.0020376330000004828,0.0,1.0,1,621.0,1551.0,1834.6666666666667,307.3333333333333,DoS
ipcas_21:73:33,143,0,1724,LIED10CTRL/LLN0$Status,0.00197901800000011,0.0,1.0,1,621.0,1551.0,1834.6666666666667,307.3333333333333,DoS
ipcas_21:73:33,143,0,1725,LIED10CTRL/LLN0$Status,0.0019096760000003599,0.0,1.0,1,621.0,1551.0,1834.6666666666667,307.3333333333333,DoS
ipcas_21:73:33,143,0,1726,LIED10CTRL/LLN0$Status,0.002109887999999671,0.0,1.0,1,621.0,1551.0,1834.6666666666667,307.3333333333333,DoS
ipcas_21:73:33,143,0,1727,LIED10CTRL/LLN0$Status,0.0018899289999989577,0.0,1.0,1,621.0,1551.0,1834.6666666666667,307.3333333333333,DoS
ipcas_21:73:33,143,0,1728,LIED10CTRL/LLN0$Status,0.0021822580000012692,0.0,1.0,1,621.0,1551.0,1834.6666666666667,307.3333333333333,DoS
ipcas_21:73:33,143,0,1729,LIED10CTRL/LLN0$Status,0.0019371539999983867,0.0,1.0,1,621.0,1551.0,1834.6666666666667,307.3333333333333,DoS
ipcas_21:73:33,143,0,1730,LIED10CTRL/LLN0$Status,0.0022941810000016716,0.0,1.0,1,621.0,1551.0,1834.6666666666667,307.3333333333333,DoS
ipcas_21:73:33,143,0,1731,LIED10CTRL/LLN0$Status,0.0016276459999993165,0.0,1.0,1,621.0,1551.0,1834.6666666666667,307.3333333333333,DoS
ipcas_21:73:33,143,0,1732,LIED10CTRL/LLN0$Status,0.002001307000000452,0.0,1.0,1,621.0,1551.0,1834.6666666666667,307.3333333333333,DoS
ipcas_21:73:33,143,0,1733,LIED10CTRL/LLN0$Status,0.0021764089999987135,0.0,1.0,1,621.0,1551.0,1834.6666666666667,307.3333333333333,DoS
ipcas_21:73:33,143,0,1734,LIED10CTRL/LLN0$Status,0.001758711000000801,0.0,1.0,1,621.0,1551.0,1834.6666666666667,307.3333333333333,DoS
ipcas_21:73:33,143,0,1735,LIED10CTRL/LLN0$Status,0.0020652400000003013,0.0,1.0,1,621.0,1551.0,1834.6666666666667,307.3333333333333,DoS
ipcas_21:73:33,143,0,1736,LIED10CTRL/LLN0$Status,0.001993653999999623,0.0,1.0,1,621.0,1551.0,1834.6666666666667,307.3333333333333,DoS
ipcas_21:73:33,143,0,1737,LIED10CTRL/LLN0$Status,0.0019395739999996664,0.0,1.0,1,621.0,1551.0,1834.6666666666667,307.3333333333333,DoS
ipcas_21:73:33,143,0,1738,LIED10CTRL/LLN0$Status,0.002309454000000599,0.0,1.0,1,621.0,1551.0,1834.6666666666667,307.3333333333333,DoS
ipcas_21:73:33,143,0,1739,LIED10CTRL/LLN0$Status,0.0016792149999993455,0.0,1.0,1,621.0,1551.0,1834.6666666666667,307.3333333333333,DoS
ipcas_21:73:33,143,0,1740,LIED10CTRL/LLN0$Status,0.002053002000000248,0.0,1.0,1,621.0,1551.0,1834.6666666666667,307.3333333333333,DoS
ipcas_21:73:33,143,0,1741,LIED10CTRL/LLN0$Status,0.0019992549999994225,0.0,1.0,1,621.0,1551.0,1834.6666666666667,307.3333333333333,DoS
ipcas_21:73:33,143,0,1742,LIED10CTRL/LLN0$Status,0.002181541000000564,0.0,1.0,1,621.0,1551.0,1834.6666666666667,307.3333333333333,DoS
ipcas_21:73:33,143,0,1743,LIED10CTRL/LLN0$Status,0.0017549750000007691,0.0,1.0,1,621.0,1551.0,1834.6666666666667,307.3333333333333,DoS
ipcas_21:73:33,143,0,1744,LIED10CTRL/LLN0$Status,0.0020183139999989663,0.0,1.0,1,621.0,1551.0,1834.6666666666667,307.3333333333333,DoS
ipcas_21:73:33,143,0,1745,LIED10CTRL/LLN0$Status,0.0021496410000008126,0.0,1.0,1,621.0,1551.0,1834.6666666666667,307.3333333333333,DoS
ipcas_21:73:33,143,0,1746,LIED10CTRL/LLN0$Status,0.001916081999999264,0.0,1.0,1,621.0,1551.0,1834.6666666666667,307.3333333333333,DoS
ipcas_21:73:33,143,0,1747,LIED10CTRL/LLN0$Status,0.0019508510000001422,0.0,1.0,1,621.0,1551.0,1834.6666666666667,307.3333333333333,DoS
ipcas_21:73:33,143,0,1748,LIED10CTRL/LLN0$Status,0.001934250999999776,0.0,1.0,1,621.0,1551.0,1834.6666666666667,307.3333333333333,DoS
ipcas_21:73:33,143,0,1749,LIED10CTRL/LLN0$Status,0.002060796000000309,0.0,1.0,1,621.0,1551.0,1834.6666666666667,307.3333333333333,DoS
ipcas_21:73:33,143,0,1750,LIED10CTRL/LLN0$Status,0.002061823000000018,0.0,1.0,1,621.0,1551.0,1834.6666666666667,307.3333333333333,DoS
ipcas_21:73:33,143,0,1751,LIED10CTRL/LLN0$Status,0.0020909810000002693,0.0,1.0,1,621.0,1551.0,1834.6666666666667,307.3333333333333,DoS
ipcas_21:73:33,143,0,1752,LIED10CTRL/LLN0$Status,0.0018979219999994967,0.0,1.0,1,621.0,1551.0,1834.6666666666667,307.3333333333333,DoS
ipcas_21:73:33,143,0,1753,LIED10CTRL/LLN0$Status,0.0019327750000002197,0.0,1.0,1,621.0,1551.0,1834.6666666666667,307.3333333333333,DoS
ipcas_21:73:33,143,0,1754,LIED10CTRL/LLN0$Status,0.0019576880000009567,0.0,1.0,1,621.0,1551.0,1834.6666666666667,307.3333333333333,DoS
ipcas_21:73:33,143,0,1755,LIED10CTRL/LLN0$Status,0.0020676629999982765,0.0,1.0,1,621.0,1551.0,1834.6666666666667,307.3333333333333,DoS
ipcas_21:73:33,143,0,1756,LIED10CTRL/LLN0$Status,0.002011481000000259,0.0,1.0,1,621.0,1551.0,1834.6666666666667,307.3333333333333,DoS
ipcas_21:73:33,143,0,1757,LIED10CTRL/LLN0$Status,0.0019729680000004635,0.0,1.0,1,621.0,1551.0,1834.6666666666667,307.3333333333333,DoS
ipcas_21:73:33,143,0,1758,LIED10CTRL/LLN0$Status,0.00201947699999927,0.0,1.0,1,621.0,1551.0,1834.6666666666667,307.3333333333333,DoS
ipcas_21:73:33,143,0,1759,LIED10CTRL/LLN0$Status,0.0020794070000000886,0.0,1.0,1,621.0,1551.0,1834.6666666666667,307.3333333333333,DoS
ipcas_21:73:33,143,0,1760,LIED10CTRL/LLN0$Status,0.0018464270000002614,0.0,1.0,1,621.0,1551.0,1834.6666666666667,307.3333333333333,DoS
ipcas_21:73:33,143,0,1761,LIED10CTRL/LLN0$Status,0.002082298000001259,0.0,1.0,1,621.0,1551.0,1834.6666666666667,307.3333333333333,DoS
ipcas_21:73:33,143,0,1762,LIED10CTRL/LLN0$Status,0.0020702709999991242,0.0,1.0,1,621.0,1551.0,1834.6666666666667,307.3333333333333,DoS
ipcas_21:73:33,143,0,1763,LIED10CTRL/LLN0$Status,0.0019271910000000503,0.0,1.0,1,621.0,1551.0,1834.6666666666667,307.3333333333333,DoS
ipcas_21:73:33,143,0,1764,LIED10CTRL/LLN0$Status,0.0024246879999996196,0.0,1.0,1,621.0,1551.0,1834.6666666666667,307.3333333333333,DoS
ipcas_21:73:33,143,0,1765,LIED10CTRL/LLN0$Status,0.0016129460000016138,0.0,1.0,1,621.0,1551.0,1834.6666666666667,307.3333333333333,DoS
ipcas_21:73:33,143,0,1766,LIED10CTRL/LLN0$Status,0.0020453990000000033,0.0,1.0,1,621.0,1551.0,1834.6666666666667,307.3333333333333,DoS
ipcas_21:73:33,143,0,1767,LIED10CTRL/LLN0$Status,0.001912584999999467,0.0,1.0,1,621.0,1551.0,1834.6666666666667,307.3333333333333,DoS
ipcas_21:73:33,143,0,1768,LIED10CTRL/LLN0$Status,0.0020874969999979953,0.0,1.0,1,621.0,1551.0,1834.6666666666667,307.3333333333333,DoS
ipcas_21:73:33,143,0,1769,LIED10CTRL/LLN0$Status,0.00195866800000033,0.0,1.0,1,621.0,1551.0,1834.6666666666667,307.3333333333333,DoS
ipcas_21:73:33,143,0,1770,LIED10CTRL/LLN0$Status,0.001992791999999355,0.0,1.0,1,621.0,1551.0,1834.6666666666667,307.3333333333333,DoS
ipcas_21:73:33,143,0,1771,LIED10CTRL/LLN0$Status,0.0019379870000015842,0.0,1.0,1,621.0,1551.0,1834.6666666666667,307.3333333333333,DoS
ipcas_21:73:33,143,0,1772,LIED10CTRL/LLN0$Status,0.002065363999999903,0.0,1.0,1,621.0,1551.0,1834.6666666666667,307.3333333333333,DoS
ipcas_21:73:33,143,0,1773,LIED10CTRL/LLN0$Status,0.001961623999999773,0.0,1.0,1,621.0,1551.0,1834.6666666666667,307.3333333333333,DoS
ipcas_21:73:33,143,0,1774,LIED10CTRL/LLN0$Status,0.0019426980000005756,0.0,1.0,1,621.0,1551.0,1834.6666666666667,307.3333333333333,DoS
ipcas_21:73:33,143,0,1775,LIED10CTRL/LLN0$Status,0.00307814099999959,0.0,1.0,1,621.0,1551.0,1834.6666666666667,307.3333333333333,DoS
ipcas_21:73:33,143,0,1776,LIED10CTRL/LLN0$Status,0.0009087910000005195,0.0,1.0,1,621.0,1551.0,1834.6666666666667,307.3333333333333,DoS
ipcas_21:73:33,143,0,1777,LIED10CTRL/LLN0$Status,0.0020607599999991066,0.0,1.0,1,621.0,1551.0,1834.6666666666667,307.3333333333333,DoS
ipcas_21:73:33,143,0,1778,LIED10CTRL/LLN0$Status,0.0019804800000002842,0.0,1.0,1,621.0,1551.0,1834.6666666666667,307.3333333333333,DoS
ipcas_21:73:33,143,0,1779,LIED10CTRL/LLN0$Status,0.0019929239999996184,0.0,1.0,1,621.0,1551.0,1834.6666666666667,307.3333333333333,DoS
ipcas_21:73:33,143,0,1780,LIED10CTRL/LLN0$Status,0.0020346539999991364,0.0,1.0,1,621.0,1551.0,1834.6666666666667,307.3333333333333,DoS
ipcas_21:73:33,143,0,1781,LIED10CTRL/LLN0$Status,0.00221356000000128,0.0,1.0,1,621.0,1551.0,1834.6666666666667,307.3333333333333,DoS
ipcas_21:73:33,143,0,1782,LIED10CTRL/LLN0$Status,0.001887324000001911,0.0,1.0,1,621.0,1551.0,1834.6666666666667,307.3333333333333,DoS
ipcas_21:73:33,143,0,1783,LIED10CTRL/LLN0$Status,0.0018238029999970706,0.0,1.0,1,621.0,1551.0,1834.6666666666667,307.3333333333333,DoS
ipcas_21:73:33,143,0,1784,LIED10CTRL/LLN0$Status,0.0021991020000022843,0.0,1.0,1,621.0,1551.0,1834.6666666666667,307.3333333333333,DoS
ipcas_21:73:33,143,0,1785,LIED10CTRL/LLN0$Status,0.001865616999999986,0.0,1.0,1,621.0,1551.0,1834.6666666666667,307.3333333333333,DoS
ipcas_21:73:33,143,0,1786,LIED10CTRL/LLN0$Status,0.0019563609999977416,0.0,1.0,1,621.0,1551.0,1834.6666666666667,307.3333333333333,DoS
ipcas_21:73:33,143,0,1787,LIED10CTRL/LLN0$Status,0.0021567390000001296,0.0,1.0,1,621.0,1551.0,1834.6666666666667,307.3333333333333,DoS
ipcas_21:73:33,143,0,1788,LIED10CTRL/LLN0$Status,0.0020846090000006257,0.0,1.0,1,621.0,1551.0,1834.6666666666667,307.3333333333333,DoS
ipcas_21:73:33,143,0,1789,LIED10CTRL/LLN0$Status,0.0019123259999993536,0.0,1.0,1,621.0,1551.0,1834.6666666666667,307.3333333333333,DoS
ipcas_21:73:33,143,0,1790,LIED10CTRL/LLN0$Status,0.001898140000001547,0.0,1.0,1,621.0,1551.0,1834.6666666666667,307.3333333333333,DoS
ipcas_21:73:33,143,0,1791,LIED10CTRL/LLN0$Status,0.002098309000000853,0.0,1.0,1,621.0,1551.0,1834.6666666666667,307.3333333333333,DoS
ipcas_21:73:33,143,0,1792,LIED10CTRL/LLN0$Status,0.0019205259999992563,0.0,1.0,1,621.0,1551.0,1834.6666666666667,307.3333333333333,DoS
ipcas_21:73:33,143,0,1793,LIED10CTRL/LLN0$Status,0.0019656439999984343,0.0,1.0,1,621.0,1551.0,1834.6666666666667,307.3333333333333,DoS
ipcas_21:73:33,143,0,1794,LIED10CTRL/LLN0$Status,0.0022862339999996095,0.0,1.0,1,621.0,1551.0,1834.6666666666667,307.3333333333333,DoS
ipcas_21:73:33,143,0,1795,LIED10CTRL/LLN0$Status,0.002252625000000563,0.0,1.0,1,621.0,1551.0,1834.6666666666667,307.3333333333333,DoS
ipcas_21:73:33,143,0,1796,LIED10CTRL/LLN0$Status,0.0018067230000013978,0.0,1.0,1,621.0,1551.0,1834.6666666666667,307.3333333333333,DoS
ipcas_21:73:33,143,0,1797,LIED10CTRL/LLN0$Status,0.0026670989999999506,0.0,1.0,1,621.0,1551.0,1834.6666666666667,307.3333333333333,DoS
ipcas_21:73:33,143,0,1798,LIED10CTRL/LLN0$Status,0.0015257589999997379,0.0,1.0,1,621.0,1551.0,1834.6666666666667,307.3333333333333,DoS
ipcas_21:73:33,143,0,1799,LIED10CTRL/LLN0$Status,0.0017551990000015394,0.0,1.0,1,621.0,1551.0,1834.6666666666667,307.3333333333333,DoS
ipcas_21:73:33,143,0,1800,LIED10CTRL/LLN0$Status,0.0021805459999981736,0.0,1.0,1,621.0,1551.0,1834.6666666666667,307.3333333333333,DoS
ipcas_21:73:33,143,0,1801,LIED10CTRL/LLN0$Status,0.001557699999999329,0.0,1.0,1,621.0,1551.0,1834.6666666666667,307.3333333333333,DoS
ipcas_21:73:33,143,0,1802,LIED10CTRL/LLN0$Status,0.0011944489999997643,0.0,1.0,1,621.0,1551.0,1834.6666666666667,307.3333333333333,DoS
ipcas_21:73:33,143,0,1803,LIED10CTRL/LLN0$Status,0.001250288000001376,0.0,1.0,1,621.0,1551.0,1834.6666666666667,307.3333333333333,DoS
ipcas_21:73:33,143,0,1804,LIED10CTRL/LLN0$Status,0.001550983000001338,0.0,1.0,1,621.0,1551.0,1834.6666666666667,307.3333333333333,DoS
ipcas_21:73:33,143,0,1805,LIED10CTRL/LLN0$Status,0.0020769459999989692,0.0,1.0,1,621.0,1551.0,1834.6666666666667,307.3333333333333,DoS
ipcas_21:73:33,143,0,1806,LIED10CTRL/LLN0$Status,0.001984394000000833,0.0,1.0,1,621.0,1551.0,1834.6666666666667,307.3333333333333,DoS
ipcas_21:73:33,143,0,1807,LIED10CTRL/LLN0$Status,0.002013872999999222,0.0,1.0,1,621.0,1551.0,1834.6666666666667,307.3333333333333,DoS
ipcas_21:73:33,143,0,1808,LIED10CTRL/LLN0$Status,0.0019162880000003213,0.0,1.0,1,621.0,1551.0,1834.6666666666667,307.3333333333333,DoS
ipcas_21:73:33,143,0,1809,LIED10CTRL/LLN0$Status,0.002047120000000291,0.0,1.0,1,621.0,1551.0,1834.6666666666667,307.3333333333333,DoS
ipcas_21:73:33,143,0,1810,LIED10CTRL/LLN0$Status,0.001988344999997338,0.0,1.0,1,621.0,1551.0,1834.6666666666667,307.3333333333333,DoS
ipcas_21:73:33,143,0,1811,LIED10CTRL/LLN0$Status,0.0019217690000026266,0.0,1.0,1,621.0,1551.0,1834.6666666666667,307.3333333333333,DoS
ipcas_21:73:33,143,0,1812,LIED10CTRL/LLN0$Status,0.0019438540000003002,0.0,1.0,1,621.0,1551.0,1834.6666666666667,307.3333333333333,DoS
ipcas_21:73:33,143,0,1813,LIED10CTRL/LLN0$Status,0.002072799999996988,0.0,1.0,1,621.0,1551.0,1834.6666666666667,307.3333333333333,DoS
ipcas_21:73:33,143,0,1814,LIED10CTRL/LLN0$Status,0.0019826090000023555,0.0,1.0,1,621.0,1551.0,1834.6666666666667,307.3333333333333,DoS
ipcas_21:73:33,143,0,1815,LIED10CTRL/LLN0$Status,0.002088272999998253,0.0,1.0,1,621.0,1551.0,1834.6666666666667,307.3333333333333,DoS
ipcas_21:73:33,143,0,1816,LIED10CTRL/LLN0$Status,0.0019359540000003506,0.0,1.0,1,621.0,1551.0,1834.6666666666667,307.3333333333333,DoS
ipcas_21:73:33,143,0,1817,LIED10CTRL/LLN0$Status,0.001972970000000629,0.0,1.0,1,621.0,1551.0,1834.6666666666667,307.3333333333333,DoS
ipcas_21:73:33,143,0,1818,LIED10CTRL/LLN0$Status,0.0021009670000005087,0.0,1.0,1,621.0,1551.0,1834.6666666666667,307.3333333333333,DoS
ipcas_21:73:33,143,0,1819,LIED10CTRL/LLN0$Status,0.00235234899999881,0.0,1.0,1,621.0,1551.0,1834.6666666666667,307.3333333333333,DoS
ipcas_21:73:33,143,0,1820,LIED10CTRL/LLN0$Status,0.00163279000000216,0.0,1.0,1,621.0,1551.0,1834.6666666666667,307.3333333333333,DoS
ipcas_21:73:33,143,0,1821,LIED10CTRL/LLN0$Status,0.0019219289999981015,0.0,1.0,1,621.0,1551.0,1834.6666666666667,307.3333333333333,DoS
ipcas_21:73:33,143,0,1822,LIED10CTRL/LLN0$Status,0.002046269000000933,0.0,1.0,1,621.0,1551.0,1834.6666666666667,307.3333333333333,DoS
ipcas_21:73:33,143,0,1823,LIED10CTRL/LLN0$Status,0.0019264349999978947,0.0,1.0,1,621.0,1551.0,1834.6666666666667,307.3333333333333,DoS
ipcas_21:73:33,143,0,1824,LIED10CTRL/LLN0$Status,0.0023787750000003882,0.0,1.0,1,621.0,1551.0,1834.6666666666667,307.3333333333333,DoS
ipcas_21:73:33,143,0,1825,LIED10CTRL/LLN0$Status,0.0018025980000011543,0.0,1.0,1,621.0,1551.0,1834.6666666666667,307.3333333333333,DoS
ipcas_21:73:33,143,0,1826,LIED10CTRL/LLN0$Status,0.0019321790000006445,0.0,1.0,1,621.0,1551.0,1834.6666666666667,307.3333333333333,DoS
ipcas_21:73:33,143,0,1827,LIED10CTRL/LLN0$Status,0.002049605999999926,0.0,1.0,1,621.0,1551.0,1834.6666666666667,307.3333333333333,DoS
ipcas_21:73:33,143,0,1828,LIED10CTRL/LLN0$Status,0.0019491840000007699,0.0,1.0,1,621.0,1551.0,1834.6666666666667,307.3333333333333,DoS
ipcas_21:73:33,143,0,1829,LIED10CTRL/LLN0$Status,0.0020041079999977285,0.0,1.0,1,621.0,1551.0,1834.6666666666667,307.3333333333333,DoS
ipcas_21:73:33,143,0,1830,LIED10CTRL/LLN0$Status,0.0020044719999994243,0.0,1.0,1,621.0,1551.0,1834.6666666666667,307.3333333333333,DoS
ipcas_21:73:33,143,0,1831,LIED10CTRL/LLN0$Status,0.0019960390000015593,0.0,1.0,1,621.0,1551.0,1834.6666666666667,307.3333333333333,DoS
ipcas_21:73:33,143,0,1832,LIED10CTRL/LLN0$Status,0.0020166750000001343,0.0,1.0,1,621.0,1551.0,1834.6666666666667,307.3333333333333,DoS
ipcas_21:73:33,143,0,1833,LIED10CTRL/LLN0$Status,0.002036011000001281,0.0,1.0,1,621.0,1551.0,1834.6666666666667,307.3333333333333,DoS
ipcas_21:73:33,143,0,1834,LIED10CTRL/LLN0$Status,0.0020179649999967353,0.0,1.0,1,621.0,1551.0,1834.6666666666667,307.3333333333333,DoS
ipcas_21:73:33,143,0,1835,LIED10CTRL/LLN0$Status,0.002037789000002732,0.0,1.0,1,621.0,1551.0,1834.6666666666667,307.3333333333333,DoS
ipcas_21:73:33,143,0,1836,LIED10CTRL/LLN0$Status,0.0018733169999975985,0.0,1.0,1,621.0,1551.0,1834.6666666666667,307.3333333333333,DoS
ipcas_21:73:33,143,0,1837,LIED10CTRL/LLN0$Status,0.0019828580000016416,0.0,1.0,1,621.0,1551.0,1834.6666666666667,307.3333333333333,DoS
ipcas_21:73:33,143,0,1838,LIED10CTRL/LLN0$Status,0.002086398999999517,0.0,1.0,1,621.0,1551.0,1834.6666666666667,307.3333333333333,DoS
ipcas_21:73:33,143,0,1839,LIED10CTRL/LLN0$Status,0.002097644999999204,0.0,1.0,1,621.0,1551.0,1834.6666666666667,307.3333333333333,DoS
ipcas_21:73:33,143,0,1840,LIED10CTRL/LLN0$Status,0.002001412000002034,0.0,1.0,1,621.0,1551.0,1834.6666666666667,307.3333333333333,DoS
ipcas_21:73:33,143,0,1841,LIED10CTRL/LLN0$Status,0.002019428000000545,0.0,1.0,1,621.0,1551.0,1834.6666666666667,307.3333333333333,DoS
ipcas_21:73:33,143,0,1842,LIED10CTRL/LLN0$Status,0.001872796999997206,0.0,1.0,1,621.0,1551.0,1834.6666666666667,307.3333333333333,DoS
ipcas_21:73:33,143,0,1843,LIED10CTRL/LLN0$Status,0.0019731610000022215,0.0,1.0,1,621.0,1551.0,1834.6666666666667,307.3333333333333,DoS
ipcas_21:73:33,143,0,1844,LIED10CTRL/LLN0$Status,0.001951761999997359,0.0,1.0,1,621.0,1551.0,1834.6666666666667,307.3333333333333,DoS
ipcas_21:73:33,143,0,1845,LIED10CTRL/LLN0$Status,0.002013319000003122,0.0,1.0,1,621.0,1551.0,1834.6666666666667,307.3333333333333,DoS
ipcas_21:73:33,143,0,1846,LIED10CTRL/LLN0$Status,0.0013816749999975286,0.0,1.0,1,621.0,1551.0,1834.6666666666667,307.3333333333333,DoS
ipcas_21:73:33,143,0,1847,LIED10CTRL/LLN0$Status,0.0016606150000022524,0.0,1.0,1,621.0,1551.0,1834.6666666666667,307.3333333333333,DoS
ipcas_21:73:33,143,0,1848,LIED10CTRL/LLN0$Status,0.0020460069999970187,0.0,1.0,1,621.0,1551.0,1834.6666666666667,307.3333333333333,DoS
ipcas_21:73:33,143,0,1849,LIED10CTRL/LLN0$Status,0.0018864440000001537,0.0,1.0,1,621.0,1551.0,1834.6666666666667,307.3333333333333,DoS
ipcas_21:73:33,143,0,1850,LIED10CTRL/LLN0$Status,0.0020940300000020784,0.0,1.0,1,621.0,1551.0,1834.6666666666667,307.3333333333333,DoS
ipcas_21:73:33,143,0,1851,LIED10CTRL/LLN0$Status,0.0019206640000000164,0.0,1.0,1,621.0,1551.0,1834.6666666666667,307.3333333333333,DoS
ipcas_21:73:33,143,0,1852,LIED10CTRL/LLN0$Status,0.002069913999999784,0.0,1.0,1,621.0,1551.0,1834.6666666666667,307.3333333333333,DoS
ipcas_21:73:33,143,0,1853,LIED10CTRL/LLN0$Status,0.0020397289999998236,0.0,1.0,1,621.0,1551.0,1834.6666666666667,307.3333333333333,DoS
ipcas_21:73:33,143,0,1854,LIED10CTRL/LLN0$Status,0.002090821999999548,0.0,1.0,1,621.0,1551.0,1834.6666666666667,307.3333333333333,DoS
ipcas_21:73:33,143,0,1855,LIED10CTRL/LLN0$Status,0.001865008999999418,0.0,1.0,1,621.0,1551.0,1834.6666666666667,307.3333333333333,DoS
ipcas_21:73:33,143,0,1856,LIED10CTRL/LLN0$Status,0.0019720300000010127,0.0,1.0,1,621.0,1551.0,1834.6666666666667,307.3333333333333,DoS
ipcas_21:73:33,143,0,1857,LIED10CTRL/LLN0$Status,0.0019529069999997262,0.0,1.0,1,621.0,1551.0,1834.6666666666667,307.3333333333333,DoS
ipcas_21:73:33,143,0,1858,LIED10CTRL/LLN0$Status,0.0020977140000013605,0.0,1.0,1,621.0,1551.0,1834.6666666666667,307.3333333333333,DoS
ipcas_21:73:33,143,0,1859,LIED10CTRL/LLN0$Status,0.0019037989999972638,0.0,1.0,1,621.0,1551.0,1834.6666666666667,307.3333333333333,DoS
ipcas_21:73:33,143,0,1860,LIED10CTRL/LLN0$Status,0.0020799040000021307,0.0,1.0,1,621.0,1551.0,1834.6666666666667,307.3333333333333,DoS
ipcas_21:73:33,143,0,1861,LIED10CTRL/LLN0$Status,0.0020328270000007365,0.0,1.0,1,621.0,1551.0,1834.6666666666667,307.3333333333333,DoS
ipcas_21:73:33,143,0,1862,LIED10CTRL/LLN0$Status,0.001966653000000207,0.0,1.0,1,621.0,1551.0,1834.6666666666667,307.3333333333333,DoS
ipcas_21:73:33,143,0,1863,LIED10CTRL/LLN0$Status,0.002007786000000067,0.0,1.0,1,621.0,1551.0,1834.6666666666667,307.3333333333333,DoS
ipcas_21:73:33,143,0,1864,LIED10CTRL/LLN0$Status,0.0019847499999983143,0.0,1.0,1,621.0,1551.0,1834.6666666666667,307.3333333333333,DoS
ipcas_21:73:33,143,0,1865,LIED10CTRL/LLN0$Status,0.0019447319999983392,0.0,1.0,1,621.0,1551.0,1834.6666666666667,307.3333333333333,DoS
ipcas_21:73:33,143,0,1866,LIED10CTRL/LLN0$Status,0.0020936660000003826,0.0,1.0,1,621.0,1551.0,1834.6666666666667,307.3333333333333,DoS
ipcas_21:73:33,143,0,1867,LIED10CTRL/LLN0$Status,0.002037564000001879,0.0,1.0,1,621.0,1551.0,1834.6666666666667,307.3333333333333,DoS
ipcas_21:73:33,143,0,1868,LIED10CTRL/LLN0$Status,0.0019763529999998752,0.0,1.0,1,621.0,1551.0,1834.6666666666667,307.3333333333333,DoS
ipcas_21:73:33,143,0,1869,LIED10CTRL/LLN0$Status,0.0021342769999996847,0.0,1.0,1,621.0,1551.0,1834.6666666666667,307.3333333333333,DoS
ipcas_21:73:33,143,0,1870,LIED10CTRL/LLN0$Status,0.002030631000000227,0.0,1.0,1,621.0,1551.0,1834.6666666666667,307.3333333333333,DoS
ipcas_21:73:33,143,0,1871,LIED10CTRL/LLN0$Status,0.0018943359999994414,0.0,1.0,1,621.0,1551.0,1834.6666666666667,307.3333333333333,DoS
ipcas_21:73:33,143,0,1872,LIED10CTRL/LLN0$Status,0.001816293000000968,0.0,1.0,1,621.0,1551.0,1834.6666666666667,307.3333333333333,DoS
ipcas_21:73:33,143,0,1873,LIED10CTRL/LLN0$Status,0.002300558999998259,0.0,1.0,1,621.0,1551.0,1834.6666666666667,307.3333333333333,DoS
ipcas_21:73:33,143,0,1874,LIED10CTRL/LLN0$Status,0.0017158950000002449,0.0,1.0,1,621.0,1551.0,1834.6666666666667,307.3333333333333,DoS
ipcas_21:73:33,143,0,1875,LIED10CTRL/LLN0$Status,0.0019686430000014354,0.0,1.0,1,621.0,1551.0,1834.6666666666667,307.3333333333333,DoS
ipcas_21:73:33,143,0,1876,LIED10CTRL/LLN0$Status,0.0020040639999976406,0.0,1.0,1,621.0,1551.0,1834.6666666666667,307.3333333333333,DoS
ipcas_21:73:33,143,0,1877,LIED10CTRL/LLN0$Status,0.0019871670000028985,0.0,1.0,1,621.0,1551.0,1834.6666666666667,307.3333333333333,DoS
ipcas_21:73:33,143,0,1878,LIED10CTRL/LLN0$Status,0.002052511999998785,0.0,1.0,1,621.0,1551.0,1834.6666666666667,307.3333333333333,DoS
ipcas_21:73:33,143,0,1879,LIED10CTRL/LLN0$Status,0.0019502950000003239,0.0,1.0,1,621.0,1551.0,1834.6666666666667,307.3333333333333,DoS
ipcas_21:73:33,143,0,1880,LIED10CTRL/LLN0$Status,0.0020433309999994265,0.0,1.0,1,621.0,1551.0,1834.6666666666667,307.3333333333333,DoS
ipcas_21:73:33,143,0,1881,LIED10CTRL/LLN0$Status,0.0021567070000010347,0.0,1.0,1,621.0,1551.0,1834.6666666666667,307.3333333333333,DoS
ipcas_21:73:33,143,0,1882,LIED10CTRL/LLN0$Status,0.002178839999999127,0.0,1.0,1,621.0,1551.0,1834.6666666666667,307.3333333333333,DoS
ipcas_21:73:33,143,0,1883,LIED10CTRL/LLN0$Status,0.0019482609999990075,0.0,1.0,1,621.0,1551.0,1834.6666666666667,307.3333333333333,DoS
ipcas_21:73:33,143,0,1884,LIED10CTRL/LLN0$Status,0.0016920109999993826,0.0,1.0,1,621.0,1551.0,1834.6666666666667,307.3333333333333,DoS
ipcas_21:73:33,143,0,1885,LIED10CTRL/LLN0$Status,0.0021145350000004726,0.0,1.0,1,621.0,1551.0,1834.6666666666667,307.3333333333333,DoS
ipcas_21:73:33,143,0,1886,LIED10CTRL/LLN0$Status,0.0019484930000004397,0.0,1.0,1,621.0,1551.0,1834.6666666666667,307.3333333333333,DoS
ipcas_21:73:33,143,0,1887,LIED10CTRL/LLN0$Status,0.0011855880000020136,0.0,1.0,1,621.0,1551.0,1834.6666666666667,307.3333333333333,DoS
ipcas_21:73:33,143,0,1888,LIED10CTRL/LLN0$Status,0.0018591909999976508,0.0,1.0,1,621.0,1551.0,1834.6666666666667,307.3333333333333,DoS
ipcas_21:73:33,143,0,1889,LIED10CTRL/LLN0$Status,0.0020273199999998326,0.0,1.0,1,621.0,1551.0,1834.6666666666667,307.3333333333333,DoS
ipcas_21:73:33,143,0,1890,LIED10CTRL/LLN0$Status,0.0019119200000012881,0.0,1.0,1,621.0,1551.0,1834.6666666666667,307.3333333333333,DoS
ipcas_21:73:33,143,0,1891,LIED10CTRL/LLN0$Status,0.0019199350000000948,0.0,1.0,1,621.0,1551.0,1834.6666666666667,307.3333333333333,DoS
ipcas_21:73:33,143,0,1892,LIED10CTRL/LLN0$Status,0.0020347809999989863,0.0,1.0,1,621.0,1551.0,1834.6666666666667,307.3333333333333,DoS
ipcas_21:73:33,143,0,1893,LIED10CTRL/LLN0$Status,0.002081765999999874,0.0,1.0,1,621.0,1551.0,1834.6666666666667,307.3333333333333,DoS
ipcas_21:73:33,143,0,1894,LIED10CTRL/LLN0$Status,0.0019691930000007574,0.0,1.0,1,621.0,1551.0,1834.6666666666667,307.3333333333333,DoS
ipcas_21:73:33,143,0,1895,LIED10CTRL/LLN0$Status,0.0020545339999991086,0.0,1.0,1,621.0,1551.0,1834.6666666666667,307.3333333333333,DoS
ipcas_21:73:33,143,0,1896,LIED10CTRL/LLN0$Status,0.001927128000001943,0.0,1.0,1,621.0,1551.0,1834.6666666666667,307.3333333333333,DoS
ipcas_21:73:33,143,0,1897,LIED10CTRL/LLN0$Status,0.002074416999999329,0.0,1.0,1,621.0,1551.0,1834.6666666666667,307.3333333333333,DoS
ipcas_21:73:33,143,0,1898,LIED10CTRL/LLN0$Status,0.002040775000001105,0.0,1.0,1,621.0,1551.0,1834.6666666666667,307.3333333333333,DoS
ipcas_21:73:33,143,0,1899,LIED10CTRL/LLN0$Status,0.0019763649999973154,0.0,1.0,1,621.0,1551.0,1834.6666666666667,307.3333333333333,DoS
ipcas_21:73:33,143,0,1900,LIED10CTRL/LLN0$Status,0.0020170230000005063,0.0,1.0,1,621.0,1551.0,1834.6666666666667,307.3333333333333,DoS
ipcas_21:73:33,143,0,1901,LIED10CTRL/LLN0$Status,0.001960936999999774,0.0,1.0,1,621.0,1551.0,1834.6666666666667,307.3333333333333,DoS
ipcas_21:73:33,143,0,1902,LIED10CTRL/LLN0$Status,0.0020356660000011573,0.0,1.0,1,621.0,1551.0,1834.6666666666667,307.3333333333333,DoS
ipcas_21:73:33,143,0,1903,LIED10CTRL/LLN0$Status,0.001929318999998486,0.0,1.0,1,621.0,1551.0,1834.6666666666667,307.3333333333333,DoS
ipcas_21:73:33,143,0,1904,LIED10CTRL/LLN0$Status,0.002157006000000905,0.0,1.0,1,621.0,1551.0,1834.6666666666667,307.3333333333333,DoS
ipcas_21:73:33,143,0,1905,LIED10CTRL/LLN0$Status,0.0020354960000013023,0.0,1.0,1,621.0,1551.0,1834.6666666666667,307.3333333333333,DoS
ipcas_21:73:33,143,0,1906,LIED10CTRL/LLN0$Status,0.002018657000000701,0.0,1.0,1,621.0,1551.0,1834.6666666666667,307.3333333333333,DoS
ipcas_21:73:33,143,0,1907,LIED10CTRL/LLN0$Status,0.002368857000000446,0.0,1.0,1,621.0,1551.0,1834.6666666666667,307.3333333333333,DoS
ipcas_21:73:33,143,0,1908,LIED10CTRL/LLN0$Status,0.002054536999999357,0.0,1.0,1,621.0,1551.0,1834.6666666666667,307.3333333333333,DoS
ipcas_21:73:33,143,0,1909,LIED10CTRL/LLN0$Status,0.001679216999999511,0.0,1.0,1,621.0,1551.0,1834.6666666666667,307.3333333333333,DoS
ipcas_21:73:33,143,0,1910,LIED10CTRL/LLN0$Status,0.001726125999997663,0.0,1.0,1,621.0,1551.0,1834.6666666666667,307.3333333333333,DoS
ipcas_21:73:33,143,0,1911,LIED10CTRL/LLN0$Status,0.002185252000000304,0.0,1.0,1,621.0,1551.0,1834.6666666666667,307.3333333333333,DoS
ipcas_21:73:33,143,0,1912,LIED10CTRL/LLN0$Status,0.001865474000002365,0.0,1.0,1,621.0,1551.0,1834.6666666666667,307.3333333333333,DoS
ipcas_21:73:33,143,0,1913,LIED10CTRL/LLN0$Status,0.0018580009999986657,0.0,1.0,1,621.0,1551.0,1834.6666666666667,307.3333333333333,DoS
ipcas_21:73:33,143,0,1914,LIED10CTRL/LLN0$Status,0.002467172999999434,0.0,1.0,1,621.0,1551.0,1834.6666666666667,307.3333333333333,DoS
ipcas_21:73:33,143,0,1915,LIED10CTRL/LLN0$Status,0.0016187189999996576,0.0,1.0,1,621.0,1551.0,1834.6666666666667,307.3333333333333,DoS
ipcas_21:73:33,143,0,1916,LIED10CTRL/LLN0$Status,0.0019014460000015276,0.0,1.0,1,621.0,1551.0,1834.6666666666667,307.3333333333333,DoS
ipcas_21:73:33,143,0,1917,LIED10CTRL/LLN0$Status,0.0024733419999982686,0.0,1.0,1,621.0,1551.0,1834.6666666666667,307.3333333333333,DoS
ipcas_21:73:33,143,0,1918,LIED10CTRL/LLN0$Status,0.001631122000002705,0.0,1.0,1,621.0,1551.0,1834.6666666666667,307.3333333333333,DoS
ipcas_21:73:33,143,0,1919,LIED10CTRL/LLN0$Status,0.002111750999997497,0.0,1.0,1,621.0,1551.0,1834.6666666666667,307.3333333333333,DoS
ipcas_21:73:33,143,0,1920,LIED10CTRL/LLN0$Status,0.0021492590000029566,0.0,1.0,1,621.0,1551.0,1834.6666666666667,307.3333333333333,DoS
ipcas_21:73:33,143,0,1921,LIED10CTRL/LLN0$Status,0.0017581359999994106,0.0,1.0,1,621.0,1551.0,1834.6666666666667,307.3333333333333,DoS
ipcas_21:73:33,143,0,1922,LIED10CTRL/LLN0$Status,0.0018442459999974403,0.0,1.0,1,621.0,1551.0,1834.6666666666667,307.3333333333333,DoS
ipcas_21:73:33,143,0,1923,LIED10CTRL/LLN0$Status,0.0021021930000024724,0.0,1.0,1,621.0,1551.0,1834.6666666666667,307.3333333333333,DoS
ipcas_21:73:33,143,0,1924,LIED10CTRL/LLN0$Status,0.002046593999999402,0.0,1.0,1,621.0,1551.0,1834.6666666666667,307.3333333333333,DoS
ipcas_21:73:33,143,0,1925,LIED10CTRL/LLN0$Status,0.00193456099999878,0.0,1.0,1,621.0,1551.0,1834.6666666666667,307.3333333333333,DoS
ipcas_21:73:33,143,0,1926,LIED10CTRL/LLN0$Status,0.001935446000000951,0.0,1.0,1,621.0,1551.0,1834.6666666666667,307.3333333333333,DoS
ipcas_21:73:33,143,0,1927,LIED10CTRL/LLN0$Status,0.001991790999998244,0.0,1.0,1,621.0,1551.0,1834.6666666666667,307.3333333333333,DoS
ipcas_21:73:33,143,0,1928,LIED10CTRL/LLN0$Status,0.0019992450000003714,0.0,1.0,1,621.0,1551.0,1834.6666666666667,307.3333333333333,DoS
ipcas_21:73:33,143,0,1929,LIED10CTRL/LLN0$Status,0.0020692980000021066,0.0,1.0,1,621.0,1551.0,1834.6666666666667,307.3333333333333,DoS
ipcas_21:73:33,143,0,1930,LIED10CTRL/LLN0$Status,0.0019081149999990998,0.0,1.0,1,621.0,1551.0,1834.6666666666667,307.3333333333333,DoS
ipcas_21:73:33,143,0,1931,LIED10CTRL/LLN0$Status,0.0019853619999992134,0.0,1.0,1,621.0,1551.0,1834.6666666666667,307.3333333333333,DoS
ipcas_21:73:33,143,0,1932,LIED10CTRL/LLN0$Status,0.001985279999999534,0.0,1.0,1,621.0,1551.0,1834.6666666666667,307.3333333333333,DoS
ipcas_21:73:33,143,0,1933,LIED10CTRL/LLN0$Status,0.0020495990000028996,0.0,1.0,1,621.0,1551.0,1834.6666666666667,307.3333333333333,DoS
ipcas_21:73:33,143,0,1934,LIED10CTRL/LLN0$Status,0.0019514359999988073,0.0,1.0,1,621.0,1551.0,1834.6666666666667,307.3333333333333,DoS
ipcas_21:73:33,143,0,1935,LIED10CTRL/LLN0$Status,0.0020899740000004385,0.0,1.0,1,621.0,1551.0,1834.6666666666667,307.3333333333333,DoS
ipcas_21:73:33,143,0,1936,LIED10CTRL/LLN0$Status,0.0019696150000001467,0.0,1.0,1,621.0,1551.0,1834.6666666666667,307.3333333333333,DoS
ipcas_21:73:33,143,0,1937,LIED10CTRL/LLN0$Status,0.002036876999998327,0.0,1.0,1,621.0,1551.0,1834.6666666666667,307.3333333333333,DoS
ipcas_21:73:33,143,0,1938,LIED10CTRL/LLN0$Status,0.0020166380000006257,0.0,1.0,1,621.0,1551.0,1834.6666666666667,307.3333333333333,DoS
ipcas_21:73:33,143,0,1939,LIED10CTRL/LLN0$Status,0.002005212000000256,0.0,1.0,1,621.0,1551.0,1834.6666666666667,307.3333333333333,DoS
ipcas_21:73:33,143,0,1940,LIED10CTRL/LLN0$Status,0.002020732999998387,0.0,1.0,1,621.0,1551.0,1834.6666666666667,307.3333333333333,DoS
ipcas_21:73:33,143,0,1941,LIED10CTRL/LLN0$Status,0.002017613000003138,0.0,1.0,1,621.0,1551.0,1834.6666666666667,307.3333333333333,DoS
ipcas_21:73:33,143,0,1942,LIED10CTRL/LLN0$Status,0.00201789899999838,0.0,1.0,1,621.0,1551.0,1834.6666666666667,307.3333333333333,DoS
ipcas_21:73:33,143,0,1943,LIED10CTRL/LLN0$Status,0.014388976999999414,0.0,1.0,1,621.0,1551.0,1834.6666666666667,307.3333333333333,DoS
ipcas_21:73:33,143,0,1944,LIED10CTRL/LLN0$Status,0.0015120509999988485,0.0,1.0,1,621.0,1551.0,1834.6666666666667,307.3333333333333,DoS
ipcas_21:73:33,143,0,1945,LIED10CTRL/LLN0$Status,0.002124609000002664,0.0,1.0,1,621.0,1551.0,1834.6666666666667,307.3333333333333,DoS
ipcas_21:73:33,143,0,1946,LIED10CTRL/LLN0$Status,0.0020117400000003727,0.0,1.0,1,621.0,1551.0,1834.6666666666667,307.3333333333333,DoS
ipcas_21:73:33,143,0,1947,LIED10CTRL/LLN0$Status,0.001460626000000076,0.0,1.0,1,621.0,1551.0,1834.6666666666667,307.3333333333333,DoS
ipcas_21:73:33,143,0,1948,LIED10CTRL/LLN0$Status,0.0015159059999980684,0.0,1.0,1,621.0,1551.0,1834.6666666666667,307.3333333333333,DoS
ipcas_21:73:33,143,0,1949,LIED10CTRL/LLN0$Status,0.0019001530000011257,0.0,1.0,1,621.0,1551.0,1834.6666666666667,307.3333333333333,DoS
ipcas_21:73:33,143,0,1950,LIED10CTRL/LLN0$Status,0.002080765999998846,0.0,1.0,1,621.0,1551.0,1834.6666666666667,307.3333333333333,DoS
ipcas_21:73:33,143,0,1951,LIED10CTRL/LLN0$Status,0.0018671880000020735,0.0,1.0,1,621.0,1551.0,1834.6666666666667,307.3333333333333,DoS
ipcas_21:73:33,143,0,1952,LIED10CTRL/LLN0$Status,0.0019968939999976953,0.0,1.0,1,621.0,1551.0,1834.6666666666667,307.3333333333333,DoS
ipcas_21:73:33,143,0,1953,LIED10CTRL/LLN0$Status,0.0016600580000023513,0.0,1.0,1,621.0,1551.0,1834.6666666666667,307.3333333333333,DoS
ipcas_21:73:33,143,0,1954,LIED10CTRL/LLN0$Status,0.0013077109999990455,0.0,1.0,1,621.0,1551.0,1834.6666666666667,307.3333333333333,DoS
ipcas_21:73:33,143,0,1955,LIED10CTRL/LLN0$Status,0.002005931999999433,0.0,1.0,1,621.0,1551.0,1834.6666666666667,307.3333333333333,DoS
ipcas_21:73:33,143,0,1956,LIED10CTRL/LLN0$Status,0.0020442110000011837,0.0,1.0,1,621.0,1551.0,1834.6666666666667,307.3333333333333,DoS
ipcas_21:73:33,143,0,1957,LIED10CTRL/LLN0$Status,0.001976472999999146,0.0,1.0,1,621.0,1551.0,1834.6666666666667,307.3333333333333,DoS
ipcas_21:73:33,143,0,1958,LIED10CTRL/LLN0$Status,0.00164790399999859,0.0,1.0,1,621.0,1551.0,1834.6666666666667,307.3333333333333,DoS
ipcas_21:73:33,143,0,1959,LIED10CTRL/LLN0$Status,0.0013372090000025594,0.0,1.0,1,621.0,1551.0,1834.6666666666667,307.3333333333333,DoS
ipcas_21:73:33,143,0,1960,LIED10CTRL/LLN0$Status,0.0019935569999987024,0.0,1.0,1,621.0,1551.0,1834.6666666666667,307.3333333333333,DoS
ipcas_21:73:33,143,0,1961,LIED10CTRL/LLN0$Status,0.0020582339999997146,0.0,1.0,1,621.0,1551.0,1834.6666666666667,307.3333333333333,DoS
ipcas_21:73:33,143,0,1962,LIED10CTRL/LLN0$Status,0.0019262799999992808,0.0,1.0,1,621.0,1551.0,1834.6666666666667,307.3333333333333,DoS
ipcas_21:73:33,143,0,1963,LIED10CTRL/LLN0$Status,0.0020291260000000477,0.0,1.0,1,621.0,1551.0,1834.6666666666667,307.3333333333333,DoS
ipcas_21:73:33,143,0,1964,LIED10CTRL/LLN0$Status,0.002013202000000547,0.0,1.0,1,621.0,1551.0,1834.6666666666667,307.3333333333333,DoS
ipcas_21:73:33,143,0,1965,LIED10CTRL/LLN0$Status,0.0019718100000005734,0.0,1.0,1,621.0,1551.0,1834.6666666666667,307.3333333333333,DoS
ipcas_21:73:33,143,0,1966,LIED10CTRL/LLN0$Status,0.002318387999999061,0.0,1.0,1,621.0,1551.0,1834.6666666666667,307.3333333333333,DoS
ipcas_21:73:33,143,0,1967,LIED10CTRL/LLN0$Status,0.0016737979999987829,0.0,1.0,1,621.0,1551.0,1834.6666666666667,307.3333333333333,DoS
ipcas_21:73:33,143,0,1968,LIED10CTRL/LLN0$Status,0.00200097000000099,0.0,1.0,1,621.0,1551.0,1834.6666666666667,307.3333333333333,DoS
ipcas_21:73:33,143,0,1969,LIED10CTRL/LLN0$Status,0.002032986999999764,0.0,1.0,1,621.0,1551.0,1834.6666666666667,307.3333333333333,DoS
ipcas_21:73:33,143,0,1970,LIED10CTRL/LLN0$Status,0.0020272970000014823,0.0,1.0,1,621.0,1551.0,1834.6666666666667,307.3333333333333,DoS
ipcas_21:73:33,143,0,1971,LIED10CTRL/LLN0$Status,0.0020063720000003116,0.0,1.0,1,621.0,1551.0,1834.6666666666667,307.3333333333333,DoS
ipcas_21:73:33,143,0,1972,LIED10CTRL/LLN0$Status,0.001577470000000858,0.0,1.0,1,621.0,1551.0,1834.6666666666667,307.3333333333333,DoS
ipcas_21:73:33,143,0,1973,LIED10CTRL/LLN0$Status,0.0018330139999989115,0.0,1.0,1,621.0,1551.0,1834.6666666666667,307.3333333333333,DoS
ipcas_21:73:33,143,0,1974,LIED10CTRL/LLN0$Status,0.0015520619999982443,0.0,1.0,1,621.0,1551.0,1834.6666666666667,307.3333333333333,DoS
ipcas_21:73:33,143,0,1975,LIED10CTRL/LLN0$Status,0.0020749440000003005,0.0,1.0,1,621.0,1551.0,1834.6666666666667,307.3333333333333,DoS
ipcas_21:73:33,143,0,1976,LIED10CTRL/LLN0$Status,0.0018144530000014925,0.0,1.0,1,621.0,1551.0,1834.6666666666667,307.3333333333333,DoS
ipcas_21:73:33,143,0,1977,LIED10CTRL/LLN0$Status,0.0010810869999993145,0.0,1.0,1,621.0,1551.0,1834.6666666666667,307.3333333333333,DoS
ipcas_21:73:33,143,0,1978,LIED10CTRL/LLN0$Status,0.0019798780000002125,0.0,1.0,1,621.0,1551.0,1834.6666666666667,307.3333333333333,DoS
ipcas_21:73:33,143,0,1979,LIED10CTRL/LLN0$Status,0.002972033999999013,0.0,1.0,1,621.0,1551.0,1834.6666666666667,307.3333333333333,DoS
ipcas_21:73:33,143,0,1980,LIED10CTRL/LLN0$Status,0.00030821700000061014,0.0,1.0,1,621.0,1551.0,1834.6666666666667,307.3333333333333,DoS
ipcas_21:73:33,143,0,1981,LIED10CTRL/LLN0$Status,0.001313792000001257,0.0,1.0,1,621.0,1551.0,1834.6666666666667,307.3333333333333,DoS
ipcas_21:73:33,143,0,1982,LIED10CTRL/LLN0$Status,0.001162199999999558,0.0,1.0,1,621.0,1551.0,1834.6666666666667,307.3333333333333,DoS
ipcas_21:73:33,143,0,1983,LIED10CTRL/LLN0$Status,0.0016258229999976948,0.0,1.0,1,621.0,1551.0,1834.6666666666667,307.3333333333333,DoS
ipcas_21:73:33,143,0,1984,LIED10CTRL/LLN0$Status,0.0016730590000015866,0.0,1.0,1,621.0,1551.0,1834.6666666666667,307.3333333333333,DoS
ipcas_21:73:33,143,0,1985,LIED10CTRL/LLN0$Status,0.0020577199999998186,0.0,1.0,1,621.0,1551.0,1834.6666666666667,307.3333333333333,DoS
ipcas_21:73:33,143,0,1986,LIED10CTRL/LLN0$Status,0.0019006330000017613,0.0,1.0,1,621.0,1551.0,1834.6666666666667,307.3333333333333,DoS
ipcas_21:73:33,143,0,1987,LIED10CTRL/LLN0$Status,0.0020304879999990533,0.0,1.0,1,621.0,1551.0,1834.6666666666667,307.3333333333333,DoS
ipcas_21:73:33,143,0,1988,LIED10CTRL/LLN0$Status,0.0020138159999980587,0.0,1.0,1,621.0,1551.0,1834.6666666666667,307.3333333333333,DoS
ipcas_21:73:33,143,0,1989,LIED10CTRL/LLN0$Status,0.0014225270000025603,0.0,1.0,1,621.0,1551.0,1834.6666666666667,307.3333333333333,DoS
ipcas_21:73:33,143,0,1990,LIED10CTRL/LLN0$Status,0.0015467059999991761,0.0,1.0,1,621.0,1551.0,1834.6666666666667,307.3333333333333,DoS
ipcas_21:73:33,143,0,1991,LIED10CTRL/LLN0$Status,0.002050475000000773,0.0,1.0,1,621.0,1551.0,1834.6666666666667,307.3333333333333,DoS
ipcas_21:73:33,143,0,1992,LIED10CTRL/LLN0$Status,0.0019377519999999038,0.0,1.0,1,621.0,1551.0,1834.6666666666667,307.3333333333333,DoS
ipcas_21:73:33,143,0,1993,LIED10CTRL/LLN0$Status,0.0018726129999997454,0.0,1.0,1,621.0,1551.0,1834.6666666666667,307.3333333333333,DoS
ipcas_21:73:33,143,0,1994,LIED10CTRL/LLN0$Status,0.0011433929999995485,0.0,1.0,1,621.0,1551.0,1834.6666666666667,307.3333333333333,DoS
ipcas_21:73:33,143,0,1995,LIED10CTRL/LLN0$Status,0.001978068999999749,0.0,1.0,1,621.0,1551.0,1834.6666666666667,307.3333333333333,DoS
ipcas_21:73:33,143,0,1996,LIED10CTRL/LLN0$Status,0.002042711000001418,0.0,1.0,1,621.0,1551.0,1834.6666666666667,307.3333333333333,DoS
ipcas_21:73:33,143,0,1997,LIED10CTRL/LLN0$Status,0.0021412400000002663,0.0,1.0,1,621.0,1551.0,1834.6666666666667,307.3333333333333,DoS
ipcas_21:73:33,143,0,1998,LIED10CTRL/LLN0$Status,0.0020916919999969252,0.0,1.0,1,621.0,1551.0,1834.6666666666667,307.3333333333333,DoS
ipcas_21:73:33,143,0,1999,LIED10CTRL/LLN0$Status,0.0013693890000006093,0.0,1.0,1,621.0,1551.0,1834.6666666666667,307.3333333333333,DoS
ipcas_21:73:33,143,0,2000,LIED10CTRL/LLN0$Status,0.0013666560000018535,0.0,1.0,1,621.0,1551.0,1834.6666666666667,307.3333333333333,DoS
ipcas_21:73:33,143,0,2001,LIED10CTRL/LLN0$Status,0.001995527999998359,0.0,1.0,1,621.0,1551.0,1834.6666666666667,307.3333333333333,DoS
ipcas_21:73:33,143,0,2002,LIED10CTRL/LLN0$Status,0.002028310000000033,0.0,1.0,1,621.0,1551.0,1834.6666666666667,307.3333333333333,DoS
ipcas_21:73:33,143,0,2003,LIED10CTRL/LLN0$Status,0.0019700940000006995,0.0,1.0,1,621.0,1551.0,1834.6666666666667,307.3333333333333,DoS
ipcas_21:73:33,143,0,2004,LIED10CTRL/LLN0$Status,0.0017698029999984044,0.0,1.0,1,621.0,1551.0,1834.6666666666667,307.3333333333333,DoS
ipcas_21:73:33,143,0,2005,LIED10CTRL/LLN0$Status,0.0012460980000028599,0.0,1.0,1,621.0,1551.0,1834.6666666666667,307.3333333333333,DoS
ipcas_21:73:33,143,0,2006,LIED10CTRL/LLN0$Status,0.0019979219999974873,0.0,1.0,1,621.0,1551.0,1834.6666666666667,307.3333333333333,DoS
ipcas_21:73:33,143,0,2007,LIED10CTRL/LLN0$Status,0.0033814559999996163,0.0,1.0,1,621.0,1551.0,1834.6666666666667,307.3333333333333,DoS
ipcas_21:73:33,143,0,2008,LIED10CTRL/LLN0$Status,0.0007845700000004285,0.0,1.0,1,621.0,1551.0,1834.6666666666667,307.3333333333333,DoS
ipcas_21:73:33,143,0,2009,LIED10CTRL/LLN0$Status,0.002051883000000032,0.0,1.0,1,621.0,1551.0,1834.6666666666667,307.3333333333333,DoS
ipcas_21:73:33,143,0,2010,LIED10CTRL/LLN0$Status,0.0017753810000016301,0.0,1.0,1,621.0,1551.0,1834.6666666666667,307.3333333333333,DoS
ipcas_21:73:33,143,0,2011,LIED10CTRL/LLN0$Status,0.002148641999998091,0.0,1.0,1,621.0,1551.0,1834.6666666666667,307.3333333333333,DoS
ipcas_21:73:33,143,0,2012,LIED10CTRL/LLN0$Status,0.0017082740000020635,0.0,1.0,1,621.0,1551.0,1834.6666666666667,307.3333333333333,DoS
ipcas_21:73:33,143,0,2013,LIED10CTRL/LLN0$Status,0.0011565139999980545,0.0,1.0,1,621.0,1551.0,1834.6666666666667,307.3333333333333,DoS
ipcas_21:73:33,143,0,2014,LIED10CTRL/LLN0$Status,0.0020279360000010627,0.0,1.0,1,621.0,1551.0,1834.6666666666667,307.3333333333333,DoS
ipcas_21:73:33,143,0,2015,LIED10CTRL/LLN0$Status,0.0020305389999997203,0.0,1.0,1,621.0,1551.0,1834.6666666666667,307.3333333333333,DoS
ipcas_21:73:33,143,0,2016,LIED10CTRL/LLN0$Status,0.0011564300000017624,0.0,1.0,1,621.0,1551.0,1834.6666666666667,307.3333333333333,DoS
ipcas_21:73:33,143,0,2017,LIED10CTRL/LLN0$Status,0.0017569410000000119,0.0,1.0,1,621.0,1551.0,1834.6666666666667,307.3333333333333,DoS
ipcas_21:73:33,143,0,2018,LIED10CTRL/LLN0$Status,0.0020925749999989307,0.0,1.0,1,621.0,1551.0,1834.6666666666667,307.3333333333333,DoS
ipcas_21:73:33,143,0,2019,LIED10CTRL/LLN0$Status,0.0019578160000008893,0.0,1.0,1,621.0,1551.0,1834.6666666666667,307.3333333333333,DoS
ipcas_21:73:33,143,0,2020,LIED10CTRL/LLN0$Status,0.0018446509999989757,0.0,1.0,1,621.0,1551.0,1834.6666666666667,307.3333333333333,DoS
ipcas_21:73:33,143,0,2021,LIED10CTRL/LLN0$Status,0.0016264950000000056,0.0,1.0,1,621.0,1551.0,1834.6666666666667,307.3333333333333,DoS
ipcas_21:73:33,143,0,2022,LIED10CTRL/LLN0$Status,0.0015011240000006865,0.0,1.0,1,621.0,1551.0,1834.6666666666667,307.3333333333333,DoS
ipcas_21:73:33,143,0,2023,LIED10CTRL/LLN0$Status,0.0021180980000004013,0.0,1.0,1,621.0,1551.0,1834.6666666666667,307.3333333333333,DoS
ipcas_21:73:33,143,0,2024,LIED10CTRL/LLN0$Status,0.0019053439999972,0.0,1.0,1,621.0,1551.0,1834.6666666666667,307.3333333333333,DoS
ipcas_21:73:33,143,0,2025,LIED10CTRL/LLN0$Status,0.0023497849999998266,0.0,1.0,1,621.0,1551.0,1834.6666666666667,307.3333333333333,DoS
ipcas_21:73:33,143,0,2026,LIED10CTRL/LLN0$Status,0.0016862630000034073,0.0,1.0,1,621.0,1551.0,1834.6666666666667,307.3333333333333,DoS
ipcas_21:73:33,143,0,2027,LIED10CTRL/LLN0$Status,0.0019834369999998103,0.0,1.0,1,621.0,1551.0,1834.6666666666667,307.3333333333333,DoS
ipcas_21:73:33,143,0,2028,LIED10CTRL/LLN0$Status,0.001973745999997334,0.0,1.0,1,621.0,1551.0,1834.6666666666667,307.3333333333333,DoS
ipcas_21:73:33,143,0,2029,LIED10CTRL/LLN0$Status,0.001973166000002635,0.0,1.0,1,621.0,1551.0,1834.6666666666667,307.3333333333333,DoS
ipcas_21:73:33,143,0,2030,LIED10CTRL/LLN0$Status,0.002146173999999945,0.0,1.0,1,621.0,1551.0,1834.6666666666667,307.3333333333333,DoS
ipcas_21:73:33,143,0,2031,LIED10CTRL/LLN0$Status,0.0018831629999986887,0.0,1.0,1,621.0,1551.0,1834.6666666666667,307.3333333333333,DoS
ipcas_21:73:33,143,0,2032,LIED10CTRL/LLN0$Status,0.0014608060000007583,0.0,1.0,1,621.0,1551.0,1834.6666666666667,307.3333333333333,DoS
ipcas_21:73:33,143,0,2033,LIED10CTRL/LLN0$Status,0.0013495629999979997,0.0,1.0,1,621.0,1551.0,1834.6666666666667,307.3333333333333,DoS
ipcas_21:73:33,143,0,2034,LIED10CTRL/LLN0$Status,0.0013703370000008874,0.0,1.0,1,621.0,1551.0,1834.6666666666667,307.3333333333333,DoS
ipcas_21:73:33,143,0,2035,LIED10CTRL/LLN0$Status,0.0013924100000011208,0.0,1.0,1,621.0,1551.0,1834.6666666666667,307.3333333333333,DoS
ipcas_21:73:33,143,0,2036,LIED10CTRL/LLN0$Status,0.0017500639999994405,0.0,1.0,1,621.0,1551.0,1834.6666666666667,307.3333333333333,DoS
ipcas_21:73:33,143,0,2037,LIED10CTRL/LLN0$Status,0.0016549379999979408,0.0,1.0,1,621.0,1551.0,1834.6666666666667,307.3333333333333,DoS
ipcas_21:73:33,143,0,2038,LIED10CTRL/LLN0$Status,0.0020922300000023597,0.0,1.0,1,621.0,1551.0,1834.6666666666667,307.3333333333333,DoS
ipcas_21:73:33,143,0,2039,LIED10CTRL/LLN0$Status,0.0018772459999993885,0.0,1.0,1,621.0,1551.0,1834.6666666666667,307.3333333333333,DoS
ipcas_21:73:33,143,0,2040,LIED10CTRL/LLN0$Status,0.002052793000000719,0.0,1.0,1,621.0,1551.0,1834.6666666666667,307.3333333333333,DoS
ipcas_21:73:33,143,0,2041,LIED10CTRL/LLN0$Status,0.0021000280000009752,0.0,1.0,1,621.0,1551.0,1834.6666666666667,307.3333333333333,DoS
ipcas_21:73:33,143,0,2042,LIED10CTRL/LLN0$Status,0.00189240799999979,0.0,1.0,1,621.0,1551.0,1834.6666666666667,307.3333333333333,DoS
ipcas_21:73:33,143,0,2043,LIED10CTRL/LLN0$Status,0.001963205999999218,0.0,1.0,1,621.0,1551.0,1834.6666666666667,307.3333333333333,DoS
ipcas_21:73:33,143,0,2044,LIED10CTRL/LLN0$Status,0.0021170059999988666,0.0,1.0,1,621.0,1551.0,1834.6666666666667,307.3333333333333,DoS
ipcas_21:73:33,143,0,2045,LIED10CTRL/LLN0$Status,0.0019276650000001894,0.0,1.0,1,621.0,1551.0,1834.6666666666667,307.3333333333333,DoS
ipcas_21:73:33,143,0,2046,LIED10CTRL/LLN0$Status,0.0020143809999986217,0.0,1.0,1,621.0,1551.0,1834.6666666666667,307.3333333333333,DoS
ipcas_21:73:33,143,0,2047,LIED10CTRL/LLN0$Status,0.0019351950000014995,0.0,1.0,1,621.0,1551.0,1834.6666666666667,307.3333333333333,DoS
ipcas_21:73:33,143,0,2048,LIED10CTRL/LLN0$Status,0.002063319000001229,0.0,1.0,1,621.0,1551.0,1834.6666666666667,307.3333333333333,DoS
ipcas_21:73:33,143,0,2049,LIED10CTRL/LLN0$Status,0.0022433460000002015,0.0,1.0,1,621.0,1551.0,1834.6666666666667,307.3333333333333,DoS
ipcas_21:73:33,143,0,2050,LIED10CTRL/LLN0$Status,0.0017419019999991292,0.0,1.0,1,621.0,1551.0,1834.6666666666667,307.3333333333333,DoS
ipcas_21:73:33,143,0,2051,LIED10CTRL/LLN0$Status,0.002070827000000719,0.0,1.0,1,621.0,1551.0,1834.6666666666667,307.3333333333333,DoS
ipcas_21:73:33,143,0,2052,LIED10CTRL/LLN0$Status,0.0020970649999974,0.0,1.0,1,621.0,1551.0,1834.6666666666667,307.3333333333333,DoS
ipcas_21:73:33,143,0,2053,LIED10CTRL/LLN0$Status,0.0018716720000000464,0.0,1.0,1,621.0,1551.0,1834.6666666666667,307.3333333333333,DoS
ipcas_21:73:33,143,0,2054,LIED10CTRL/LLN0$Status,0.0023492070000017407,0.0,1.0,1,621.0,1551.0,1834.6666666666667,307.3333333333333,DoS
ipcas_21:73:33,143,0,2055,LIED10CTRL/LLN0$Status,0.0016125399999999956,0.0,1.0,1,621.0,1551.0,1834.6666666666667,307.3333333333333,DoS
ipcas_21:73:33,143,0,2056,LIED10CTRL/LLN0$Status,0.002002867999998159,0.0,1.0,1,621.0,1551.0,1834.6666666666667,307.3333333333333,DoS
ipcas_21:73:33,143,0,2057,LIED10CTRL/LLN0$Status,0.001991596999999956,0.0,1.0,1,621.0,1551.0,1834.6666666666667,307.3333333333333,DoS
ipcas_21:73:33,143,0,2058,LIED10CTRL/LLN0$Status,0.0020074350000029995,0.0,1.0,1,621.0,1551.0,1834.6666666666667,307.3333333333333,DoS
ipcas_21:73:33,143,0,2059,LIED10CTRL/LLN0$Status,0.0019885209999976894,0.0,1.0,1,621.0,1551.0,1834.6666666666667,307.3333333333333,DoS
ipcas_21:73:33,143,0,2060,LIED10CTRL/LLN0$Status,0.0020080590000013387,0.0,1.0,1,621.0,1551.0,1834.6666666666667,307.3333333333333,DoS
ipcas_21:73:33,143,0,2061,LIED10CTRL/LLN0$Status,0.002170309000000259,0.0,1.0,1,621.0,1551.0,1834.6666666666667,307.3333333333333,DoS
ipcas_21:73:33,143,0,2062,LIED10CTRL/LLN0$Status,0.0019518949999977053,0.0,1.0,1,621.0,1551.0,1834.6666666666667,307.3333333333333,DoS
ipcas_21:73:33,143,0,2063,LIED10CTRL/LLN0$Status,0.0019959370000002252,0.0,1.0,1,621.0,1551.0,1834.6666666666667,307.3333333333333,DoS
ipcas_21:73:33,143,0,2064,LIED10CTRL/LLN0$Status,0.0019637480000014307,0.0,1.0,1,621.0,1551.0,1834.6666666666667,307.3333333333333,DoS
ipcas_21:73:33,143,0,2065,LIED10CTRL/LLN0$Status,0.0020761669999984633,0.0,1.0,1,621.0,1551.0,1834.6666666666667,307.3333333333333,DoS
ipcas_21:73:33,143,0,2066,LIED10CTRL/LLN0$Status,0.001981583000002729,0.0,1.0,1,621.0,1551.0,1834.6666666666667,307.3333333333333,DoS
ipcas_21:73:33,143,0,2067,LIED10CTRL/LLN0$Status,0.001974781999997788,0.0,1.0,1,621.0,1551.0,1834.6666666666667,307.3333333333333,DoS
ipcas_21:73:33,143,0,2068,LIED10CTRL/LLN0$Status,0.001971585999999803,0.0,1.0,1,621.0,1551.0,1834.6666666666667,307.3333333333333,DoS
ipcas_21:73:33,143,0,2069,LIED10CTRL/LLN0$Status,0.0019227710000002673,0.0,1.0,1,621.0,1551.0,1834.6666666666667,307.3333333333333,DoS
ipcas_21:73:33,143,0,2070,LIED10CTRL/LLN0$Status,0.002069462000001465,0.0,1.0,1,621.0,1551.0,1834.6666666666667,307.3333333333333,DoS
ipcas_21:73:33,143,0,2071,LIED10CTRL/LLN0$Status,0.001974575999998507,0.0,1.0,1,621.0,1551.0,1834.6666666666667,307.3333333333333,DoS
ipcas_21:73:33,143,0,2072,LIED10CTRL/LLN0$Status,0.0020266910000010796,0.0,1.0,1,621.0,1551.0,1834.6666666666667,307.3333333333333,DoS
ipcas_21:73:33,143,0,2073,LIED10CTRL/LLN0$Status,0.001955951999999428,0.0,1.0,1,621.0,1551.0,1834.6666666666667,307.3333333333333,DoS
ipcas_21:73:33,143,0,2074,LIED10CTRL/LLN0$Status,0.0023121500000016226,0.0,1.0,1,621.0,1551.0,1834.6666666666667,307.3333333333333,DoS
ipcas_21:73:33,143,0,2075,LIED10CTRL/LLN0$Status,0.0017184989999989853,0.0,1.0,1,621.0,1551.0,1834.6666666666667,307.3333333333333,DoS
ipcas_21:73:33,143,0,2076,LIED10CTRL/LLN0$Status,0.002002168000000637,0.0,1.0,1,621.0,1551.0,1834.6666666666667,307.3333333333333,DoS
ipcas_21:73:33,143,0,2077,LIED10CTRL/LLN0$Status,0.0019794080000004044,0.0,1.0,1,621.0,1551.0,1834.6666666666667,307.3333333333333,DoS
ipcas_21:73:33,143,0,2078,LIED10CTRL/LLN0$Status,0.002002179999998077,0.0,1.0,1,621.0,1551.0,1834.6666666666667,307.3333333333333,DoS
ipcas_21:73:33,143,0,2079,LIED10CTRL/LLN0$Status,0.0021015370000014855,0.0,1.0,1,621.0,1551.0,1834.6666666666667,307.3333333333333,DoS
ipcas_21:73:33,143,0,2080,LIED10CTRL/LLN0$Status,0.002059410999997624,0.0,1.0,1,621.0,1551.0,1834.6666666666667,307.3333333333333,DoS
ipcas_21:73:33,143,0,2081,LIED10CTRL/LLN0$Status,0.001954752000003168,0.0,1.0,1,621.0,1551.0,1834.6666666666667,307.3333333333333,DoS
ipcas_21:73:33,143,0,2082,LIED10CTRL/LLN0$Status,0.0019211709999993332,0.0,1.0,1,621.0,1551.0,1834.6666666666667,307.3333333333333,DoS
ipcas_21:73:33,143,0,2083,LIED10CTRL/LLN0$Status,0.00264182999999818,0.0,1.0,1,621.0,1551.0,1834.6666666666667,307.3333333333333,DoS
ipcas_21:73:33,143,0,2084,LIED10CTRL/LLN0$Status,0.0014540560000000369,0.0,1.0,1,621.0,1551.0,1834.6666666666667,307.3333333333333,DoS
ipcas_21:73:33,143,0,2085,LIED10CTRL/LLN0$Status,0.001973514999999537,0.0,1.0,1,621.0,1551.0,1834.6666666666667,307.3333333333333,DoS
ipcas_21:73:33,143,0,2086,LIED10CTRL/LLN0$Status,0.0023546329999994953,0.0,1.0,1,621.0,1551.0,1834.6666666666667,307.3333333333333,DoS
ipcas_21:73:33,143,0,2087,LIED10CTRL/LLN0$Status,0.0016699870000032035,0.0,1.0,1,621.0,1551.0,1834.6666666666667,307.3333333333333,DoS
ipcas_21:73:33,143,0,2088,LIED10CTRL/LLN0$Status,0.002199522999998038,0.0,1.0,1,621.0,1551.0,1834.6666666666667,307.3333333333333,DoS
ipcas_21:73:33,143,0,2089,LIED10CTRL/LLN0$Status,0.0017667830000007712,0.0,1.0,1,621.0,1551.0,1834.6666666666667,307.3333333333333,DoS
ipcas_21:73:33,143,0,2090,LIED10CTRL/LLN0$Status,0.0020220580000014365,0.0,1.0,1,621.0,1551.0,1834.6666666666667,307.3333333333333,DoS
ipcas_21:73:33,143,0,2091,LIED10CTRL/LLN0$Status,0.001986651999999367,0.0,1.0,1,621.0,1551.0,1834.6666666666667,307.3333333333333,DoS
ipcas_21:73:33,143,0,2092,LIED10CTRL/LLN0$Status,0.0021098629999976026,0.0,1.0,1,621.0,1551.0,1834.6666666666667,307.3333333333333,DoS
ipcas_21:73:33,143,0,2093,LIED10CTRL/LLN0$Status,0.0018827800000025263,0.0,1.0,1,621.0,1551.0,1834.6666666666667,307.3333333333333,DoS
ipcas_21:73:33,143,0,2094,LIED10CTRL/LLN0$Status,0.0019950699999995436,0.0,1.0,1,621.0,1551.0,1834.6666666666667,307.3333333333333,DoS
ipcas_21:73:33,143,0,2095,LIED10CTRL/LLN0$Status,0.002001547999999076,0.0,1.0,1,621.0,1551.0,1834.6666666666667,307.3333333333333,DoS
ipcas_21:73:33,143,0,2096,LIED10CTRL/LLN0$Status,0.001999139999998789,0.0,1.0,1,621.0,1551.0,1834.6666666666667,307.3333333333333,DoS
ipcas_21:73:33,143,0,2097,LIED10CTRL/LLN0$Status,0.001970494000001821,0.0,1.0,1,621.0,1551.0,1834.6666666666667,307.3333333333333,DoS
ipcas_21:73:33,143,0,2098,LIED10CTRL/LLN0$Status,0.0019401839999986237,0.0,1.0,1,621.0,1551.0,1834.6666666666667,307.3333333333333,DoS
ipcas_21:73:33,143,0,2099,LIED10CTRL/LLN0$Status,0.001964099000002051,0.0,1.0,1,621.0,1551.0,1834.6666666666667,307.3333333333333,DoS
ipcas_21:73:33,143,0,2100,LIED10CTRL/LLN0$Status,0.001995218999997661,0.0,1.0,1,621.0,1551.0,1834.6666666666667,307.3333333333333,DoS
ipcas_21:73:33,143,0,2101,LIED10CTRL/LLN0$Status,0.0019786090000017964,0.0,1.0,1,621.0,1551.0,1834.6666666666667,307.3333333333333,DoS
ipcas_21:73:33,143,0,2102,LIED10CTRL/LLN0$Status,0.0021223169999977642,0.0,1.0,1,621.0,1551.0,1834.6666666666667,307.3333333333333,DoS
ipcas_21:73:33,143,0,2103,LIED10CTRL/LLN0$Status,0.002132999000000524,0.0,1.0,1,621.0,1551.0,1834.6666666666667,307.3333333333333,DoS
ipcas_21:73:33,143,0,2104,LIED10CTRL/LLN0$Status,0.0017987100000027567,0.0,1.0,1,621.0,1551.0,1834.6666666666667,307.3333333333333,DoS
ipcas_21:73:33,143,0,2105,LIED10CTRL/LLN0$Status,0.0020695769999967695,0.0,1.0,1,621.0,1551.0,1834.6666666666667,307.3333333333333,DoS
ipcas_21:73:33,143,0,2106,LIED10CTRL/LLN0$Status,0.0020954690000003495,0.0,1.0,1,621.0,1551.0,1834.6666666666667,307.3333333333333,DoS
ipcas_21:73:33,143,0,2107,LIED10CTRL/LLN0$Status,0.0020986389999997357,0.0,1.0,1,621.0,1551.0,1834.6666666666667,307.3333333333333,DoS
ipcas_21:73:33,143,0,2108,LIED10CTRL/LLN0$Status,0.0018657029999999963,0.0,1.0,1,621.0,1551.0,1834.6666666666667,307.3333333333333,DoS
ipcas_21:73:33,143,0,2109,LIED10CTRL/LLN0$Status,0.001959398000000334,0.0,1.0,1,621.0,1551.0,1834.6666666666667,307.3333333333333,DoS
ipcas_21:73:33,143,0,2110,LIED10CTRL/LLN0$Status,0.0020060750000006067,0.0,1.0,1,621.0,1551.0,1834.6666666666667,307.3333333333333,DoS
ipcas_21:73:33,143,0,2111,LIED10CTRL/LLN0$Status,0.0021212040000015975,0.0,1.0,1,621.0,1551.0,1834.6666666666667,307.3333333333333,DoS
ipcas_21:73:33,143,0,2112,LIED10CTRL/LLN0$Status,0.0019545480000005,0.0,1.0,1,621.0,1551.0,1834.6666666666667,307.3333333333333,DoS
ipcas_21:73:33,143,0,2113,LIED10CTRL/LLN0$Status,0.001839581999998785,0.0,1.0,1,621.0,1551.0,1834.6666666666667,307.3333333333333,DoS
ipcas_21:73:33,143,0,2114,LIED10CTRL/LLN0$Status,0.002152356999999938,0.0,1.0,1,621.0,1551.0,1834.6666666666667,307.3333333333333,DoS
ipcas_21:73:33,143,0,2115,LIED10CTRL/LLN0$Status,0.001935699000000568,0.0,1.0,1,621.0,1551.0,1834.6666666666667,307.3333333333333,DoS
ipcas_21:73:33,143,0,2116,LIED10CTRL/LLN0$Status,0.002053093000000672,0.0,1.0,1,621.0,1551.0,1834.6666666666667,307.3333333333333,DoS
ipcas_21:73:33,143,0,2117,LIED10CTRL/LLN0$Status,0.002063145999997573,0.0,1.0,1,621.0,1551.0,1834.6666666666667,307.3333333333333,DoS
ipcas_21:73:33,143,0,2118,LIED10CTRL/LLN0$Status,0.0022315880000007837,0.0,1.0,1,621.0,1551.0,1834.6666666666667,307.3333333333333,DoS
ipcas_21:73:33,143,0,2119,LIED10CTRL/LLN0$Status,0.0015753210000006845,0.0,1.0,1,621.0,1551.0,1834.6666666666667,307.3333333333333,DoS
ipcas_21:73:33,143,0,2120,LIED10CTRL/LLN0$Status,0.0020570679999991626,0.0,1.0,1,621.0,1551.0,1834.6666666666667,307.3333333333333,DoS
ipcas_21:73:33,143,0,2121,LIED10CTRL/LLN0$Status,0.0020728050000009546,0.0,1.0,1,621.0,1551.0,1834.6666666666667,307.3333333333333,DoS
ipcas_21:73:33,143,0,2122,LIED10CTRL/LLN0$Status,0.0018940460000003156,0.0,1.0,1,621.0,1551.0,1834.6666666666667,307.3333333333333,DoS
ipcas_21:73:33,143,0,2123,LIED10CTRL/LLN0$Status,0.0020775379999982135,0.0,1.0,1,621.0,1551.0,1834.6666666666667,307.3333333333333,DoS
ipcas_21:73:33,143,0,2124,LIED10CTRL/LLN0$Status,0.00207430500000072,0.0,1.0,1,621.0,1551.0,1834.6666666666667,307.3333333333333,DoS
ipcas_21:73:33,143,0,2125,LIED10CTRL/LLN0$Status,0.0018168850000002124,0.0,1.0,1,621.0,1551.0,1834.6666666666667,307.3333333333333,DoS
ipcas_21:73:33,143,0,2126,LIED10CTRL/LLN0$Status,0.00034555799999935743,-1.0,2112.0,1,622.0,1555.0,1851.3333333333333,309.0,DoS
ipcas_21:73:33,143,0,2127,LIED10CTRL/LLN0$Status,0.0019872900000024174,0.0,1.0,1,622.0,1555.0,1851.3333333333333,309.0,DoS
ipcas_21:73:33,143,0,2128,LIED10CTRL/LLN0$Status,0.002251163000000389,0.0,1.0,1,622.0,1555.0,1851.3333333333333,309.0,DoS
ipcas_21:73:33,143,0,2129,LIED10CTRL/LLN0$Status,0.001747674999997173,0.0,1.0,1,622.0,1555.0,1851.3333333333333,309.0,DoS
ipcas_21:73:33,143,0,2130,LIED10CTRL/LLN0$Status,0.0021128380000021707,0.0,1.0,1,622.0,1555.0,1851.3333333333333,309.0,DoS
ipcas_21:73:33,143,0,2131,LIED10CTRL/LLN0$Status,0.0019687929999996356,0.0,1.0,1,622.0,1555.0,1851.3333333333333,309.0,DoS
ipcas_21:73:33,143,0,2132,LIED10CTRL/LLN0$Status,0.001914494999997629,0.0,1.0,1,622.0,1555.0,1851.3333333333333,309.0,DoS
ipcas_21:73:33,143,0,2133,LIED10CTRL/LLN0$Status,0.0019623020000025804,0.0,1.0,1,622.0,1555.0,1851.3333333333333,309.0,DoS
ipcas_21:73:33,143,0,2134,LIED10CTRL/LLN0$Status,0.0021311319999988143,0.0,1.0,1,622.0,1555.0,1851.3333333333333,309.0,DoS
ipcas_21:73:33,143,0,2135,LIED10CTRL/LLN0$Status,0.0018687980000002824,0.0,1.0,1,622.0,1555.0,1851.3333333333333,309.0,DoS
ipcas_21:73:33,143,0,2136,LIED10CTRL/LLN0$Status,0.002057369999999281,0.0,1.0,1,622.0,1555.0,1851.3333333333333,309.0,DoS
ipcas_21:73:33,143,0,2137,LIED10CTRL/LLN0$Status,0.0011840919999990263,0.0,1.0,1,622.0,1555.0,1851.3333333333333,309.0,DoS
ipcas_21:73:33,143,0,2138,LIED10CTRL/LLN0$Status,0.0019396470000003774,0.0,1.0,1,622.0,1555.0,1851.3333333333333,309.0,DoS
ipcas_21:73:33,143,0,2139,LIED10CTRL/LLN0$Status,0.0018837140000016461,0.0,1.0,1,622.0,1555.0,1851.3333333333333,309.0,DoS
ipcas_21:73:33,143,0,2140,LIED10CTRL/LLN0$Status,0.001136330999997881,0.0,1.0,1,622.0,1555.0,1851.3333333333333,309.0,DoS
ipcas_21:73:33,143,0,2141,LIED10CTRL/LLN0$Status,0.001965578000000079,0.0,1.0,1,622.0,1555.0,1851.3333333333333,309.0,DoS
ipcas_21:73:33,143,0,2142,LIED10CTRL/LLN0$Status,0.0020331360000014342,0.0,1.0,1,622.0,1555.0,1851.3333333333333,309.0,DoS
ipcas_21:73:33,143,0,2143,LIED10CTRL/LLN0$Status,0.0018775290000014877,0.0,1.0,1,622.0,1555.0,1851.3333333333333,309.0,DoS
ipcas_21:73:33,143,0,2144,LIED10CTRL/LLN0$Status,0.0020533199999981377,0.0,1.0,1,622.0,1555.0,1851.3333333333333,309.0,DoS
ipcas_21:73:33,143,0,2145,LIED10CTRL/LLN0$Status,0.0011828850000021873,0.0,1.0,1,622.0,1555.0,1851.3333333333333,309.0,DoS
ipcas_21:73:33,143,0,2146,LIED10CTRL/LLN0$Status,0.0017711659999974927,0.0,1.0,1,622.0,1555.0,1851.3333333333333,309.0,DoS
ipcas_21:73:33,143,0,2147,LIED10CTRL/LLN0$Status,0.001958331000000868,0.0,1.0,1,622.0,1555.0,1851.3333333333333,309.0,DoS
ipcas_21:73:33,143,0,2148,LIED10CTRL/LLN0$Status,0.0012209349999992014,0.0,1.0,1,622.0,1555.0,1851.3333333333333,309.0,DoS
ipcas_21:73:33,143,0,2149,LIED10CTRL/LLN0$Status,0.0018767600000018092,0.0,1.0,1,622.0,1555.0,1851.3333333333333,309.0,DoS
ipcas_21:73:33,143,0,2150,LIED10CTRL/LLN0$Status,0.0019940299999987587,0.0,1.0,1,622.0,1555.0,1851.3333333333333,309.0,DoS
ipcas_21:73:33,143,0,2151,LIED10CTRL/LLN0$Status,0.0018939630000005536,0.0,1.0,1,622.0,1555.0,1851.3333333333333,309.0,DoS
ipcas_21:73:33,143,0,2152,LIED10CTRL/LLN0$Status,0.0016729519999998388,0.0,1.0,1,622.0,1555.0,1851.3333333333333,309.0,DoS
ipcas_21:73:33,143,0,2153,LIED10CTRL/LLN0$Status,0.0014741809999989641,0.0,1.0,1,622.0,1555.0,1851.3333333333333,309.0,DoS
ipcas_21:73:33,143,0,2154,LIED10CTRL/LLN0$Status,0.001870056000001341,0.0,1.0,1,622.0,1555.0,1851.3333333333333,309.0,DoS
ipcas_21:73:33,143,0,2155,LIED10CTRL/LLN0$Status,0.0012868690000011895,0.0,1.0,1,622.0,1555.0,1851.3333333333333,309.0,DoS
ipcas_21:73:33,143,0,2156,LIED10CTRL/LLN0$Status,0.0016985339999990856,0.0,1.0,1,622.0,1555.0,1851.3333333333333,309.0,DoS
ipcas_21:73:33,143,0,2157,LIED10CTRL/LLN0$Status,0.0020937540000005583,0.0,1.0,1,622.0,1555.0,1851.3333333333333,309.0,DoS
ipcas_21:73:33,143,0,2158,LIED10CTRL/LLN0$Status,0.00202645999999973,0.0,1.0,1,622.0,1555.0,1851.3333333333333,309.0,DoS
ipcas_21:73:33,143,0,2159,LIED10CTRL/LLN0$Status,0.0020425059999986672,0.0,1.0,1,622.0,1555.0,1851.3333333333333,309.0,DoS
ipcas_21:73:33,143,0,2160,LIED10CTRL/LLN0$Status,0.0019099189999991495,0.0,1.0,1,622.0,1555.0,1851.3333333333333,309.0,DoS
ipcas_21:73:33,143,0,2161,LIED10CTRL/LLN0$Status,0.0020449540000022637,0.0,1.0,1,622.0,1555.0,1851.3333333333333,309.0,DoS
ipcas_21:73:33,143,0,2162,LIED10CTRL/LLN0$Status,0.0020633739999986744,0.0,1.0,1,622.0,1555.0,1851.3333333333333,309.0,DoS
ipcas_21:73:33,143,0,2163,LIED10CTRL/LLN0$Status,0.0020048629999998013,0.0,1.0,1,622.0,1555.0,1851.3333333333333,309.0,DoS
ipcas_21:73:33,143,0,2164,LIED10CTRL/LLN0$Status,0.0020047639999987155,0.0,1.0,1,622.0,1555.0,1851.3333333333333,309.0,DoS
ipcas_21:73:33,143,0,2165,LIED10CTRL/LLN0$Status,0.002001424000003027,0.0,1.0,1,622.0,1555.0,1851.3333333333333,309.0,DoS
ipcas_21:73:33,143,0,2166,LIED10CTRL/LLN0$Status,0.001986905999999067,0.0,1.0,1,622.0,1555.0,1851.3333333333333,309.0,DoS
ipcas_21:73:33,143,0,2167,LIED10CTRL/LLN0$Status,0.0019892830000003414,0.0,1.0,1,622.0,1555.0,1851.3333333333333,309.0,DoS
ipcas_21:73:33,143,0,2168,LIED10CTRL/LLN0$Status,0.0019312740000003714,0.0,1.0,1,622.0,1555.0,1851.3333333333333,309.0,DoS
ipcas_21:73:33,143,0,2169,LIED10CTRL/LLN0$Status,0.0020513009999980625,0.0,1.0,1,622.0,1555.0,1851.3333333333333,309.0,DoS
ipcas_21:73:33,143,0,2170,LIED10CTRL/LLN0$Status,0.0019959480000011354,0.0,1.0,1,622.0,1555.0,1851.3333333333333,309.0,DoS
ipcas_21:73:33,143,0,2171,LIED10CTRL/LLN0$Status,0.001954919999999305,0.0,1.0,1,622.0,1555.0,1851.3333333333333,309.0,DoS
ipcas_21:73:33,143,0,2172,LIED10CTRL/LLN0$Status,0.0020473360000003993,0.0,1.0,1,622.0,1555.0,1851.3333333333333,309.0,DoS
ipcas_21:73:33,143,0,2173,LIED10CTRL/LLN0$Status,0.0021862349999999253,0.0,1.0,1,622.0,1555.0,1851.3333333333333,309.0,DoS
ipcas_21:73:33,143,0,2174,LIED10CTRL/LLN0$Status,0.0018115670000007356,0.0,1.0,1,622.0,1555.0,1851.3333333333333,309.0,DoS
ipcas_21:73:33,143,0,2175,LIED10CTRL/LLN0$Status,0.00215765499999776,0.0,1.0,1,622.0,1555.0,1851.3333333333333,309.0,DoS
ipcas_21:73:33,143,0,2176,LIED10CTRL/LLN0$Status,0.0020490740000020935,0.0,1.0,1,622.0,1555.0,1851.3333333333333,309.0,DoS
ipcas_21:73:33,143,0,2177,LIED10CTRL/LLN0$Status,0.0019383499999996445,0.0,1.0,1,622.0,1555.0,1851.3333333333333,309.0,DoS
ipcas_21:73:33,143,0,2178,LIED10CTRL/LLN0$Status,0.0022882869999989452,0.0,1.0,1,622.0,1555.0,1851.3333333333333,309.0,DoS
ipcas_21:73:33,143,0,2179,LIED10CTRL/LLN0$Status,0.002677956999999509,0.0,1.0,1,622.0,1555.0,1851.3333333333333,309.0,DoS
ipcas_21:73:33,143,0,2180,LIED10CTRL/LLN0$Status,0.0023744480000011947,0.0,1.0,1,622.0,1555.0,1851.3333333333333,309.0,DoS
ipcas_21:73:33,143,0,2181,LIED10CTRL/LLN0$Status,0.0014805270000017856,0.0,1.0,1,622.0,1555.0,1851.3333333333333,309.0,DoS
ipcas_21:73:33,143,0,2182,LIED10CTRL/LLN0$Status,0.0020850839999972948,0.0,1.0,1,622.0,1555.0,1851.3333333333333,309.0,DoS
ipcas_21:73:33,143,0,2183,LIED10CTRL/LLN0$Status,0.001832363000001891,0.0,1.0,1,622.0,1555.0,1851.3333333333333,309.0,DoS
ipcas_21:73:33,143,0,2184,LIED10CTRL/LLN0$Status,0.0021252569999994364,0.0,1.0,1,622.0,1555.0,1851.3333333333333,309.0,DoS
ipcas_21:73:33,143,0,2185,LIED10CTRL/LLN0$Status,0.0020178770000001123,0.0,1.0,1,622.0,1555.0,1851.3333333333333,309.0,DoS
ipcas_21:73:33,143,0,2186,LIED10CTRL/LLN0$Status,0.0019232689999988395,0.0,1.0,1,622.0,1555.0,1851.3333333333333,309.0,DoS
ipcas_21:73:33,143,0,2187,LIED10CTRL/LLN0$Status,0.0019022620000015422,0.0,1.0,1,622.0,1555.0,1851.3333333333333,309.0,DoS
ipcas_21:73:33,143,0,2188,LIED10CTRL/LLN0$Status,0.001963983999999641,0.0,1.0,1,622.0,1555.0,1851.3333333333333,309.0,DoS
ipcas_21:73:33,143,0,2189,LIED10CTRL/LLN0$Status,0.0020167489999991517,0.0,1.0,1,622.0,1555.0,1851.3333333333333,309.0,DoS
ipcas_21:73:33,143,0,2190,LIED10CTRL/LLN0$Status,0.0021182720000005872,0.0,1.0,1,622.0,1555.0,1851.3333333333333,309.0,DoS
ipcas_21:73:33,143,0,2191,LIED10CTRL/LLN0$Status,0.0020263870000007955,0.0,1.0,1,622.0,1555.0,1851.3333333333333,309.0,DoS
ipcas_21:73:33,143,0,2192,LIED10CTRL/LLN0$Status,0.0019690079999996613,0.0,1.0,1,622.0,1555.0,1851.3333333333333,309.0,DoS
ipcas_21:73:33,143,0,2193,LIED10CTRL/LLN0$Status,0.001952852999998811,0.0,1.0,1,622.0,1555.0,1851.3333333333333,309.0,DoS
ipcas_21:73:33,143,0,2194,LIED10CTRL/LLN0$Status,0.002043679999999881,0.0,1.0,1,622.0,1555.0,1851.3333333333333,309.0,DoS
ipcas_21:73:33,143,0,2195,LIED10CTRL/LLN0$Status,0.001909343000001229,0.0,1.0,1,622.0,1555.0,1851.3333333333333,309.0,DoS
ipcas_21:73:33,143,0,2196,LIED10CTRL/LLN0$Status,0.002420718999999849,0.0,1.0,1,622.0,1555.0,1851.3333333333333,309.0,DoS
ipcas_21:73:33,143,0,2197,LIED10CTRL/LLN0$Status,0.0016027259999980004,0.0,1.0,1,622.0,1555.0,1851.3333333333333,309.0,DoS
ipcas_21:73:33,143,0,2198,LIED10CTRL/LLN0$Status,0.0020693410000021117,0.0,1.0,1,622.0,1555.0,1851.3333333333333,309.0,DoS
ipcas_21:73:33,143,0,2199,LIED10CTRL/LLN0$Status,0.001968388999998183,0.0,1.0,1,622.0,1555.0,1851.3333333333333,309.0,DoS
ipcas_21:73:33,143,0,2200,LIED10CTRL/LLN0$Status,0.0020579880000006767,0.0,1.0,1,622.0,1555.0,1851.3333333333333,309.0,DoS
ipcas_21:73:33,143,0,2201,LIED10CTRL/LLN0$Status,0.0020349850000016545,0.0,1.0,1,622.0,1555.0,1851.3333333333333,309.0,DoS
ipcas_21:73:33,143,0,2202,LIED10CTRL/LLN0$Status,0.0020352869999982204,0.0,1.0,1,622.0,1555.0,1851.3333333333333,309.0,DoS
ipcas_21:73:33,143,0,2203,LIED10CTRL/LLN0$Status,0.002023338000000763,0.0,1.0,1,622.0,1555.0,1851.3333333333333,309.0,DoS
ipcas_21:73:33,143,0,2204,LIED10CTRL/LLN0$Status,0.0018559330000016416,0.0,1.0,1,622.0,1555.0,1851.3333333333333,309.0,DoS
ipcas_21:73:33,143,0,2205,LIED10CTRL/LLN0$Status,0.0020155009999989204,0.0,1.0,1,622.0,1555.0,1851.3333333333333,309.0,DoS
ipcas_21:73:33,143,0,2206,LIED10CTRL/LLN0$Status,0.0021140580000000853,0.0,1.0,1,622.0,1555.0,1851.3333333333333,309.0,DoS
ipcas_21:73:33,143,0,2207,LIED10CTRL/LLN0$Status,0.0022499240000009024,0.0,1.0,1,622.0,1555.0,1851.3333333333333,309.0,DoS
ipcas_21:73:33,143,0,2208,LIED10CTRL/LLN0$Status,0.0016214269999998976,0.0,1.0,1,622.0,1555.0,1851.3333333333333,309.0,DoS
ipcas_21:73:33,143,0,2209,LIED10CTRL/LLN0$Status,0.0020925989999973638,0.0,1.0,1,622.0,1555.0,1851.3333333333333,309.0,DoS
ipcas_21:73:33,143,0,2210,LIED10CTRL/LLN0$Status,0.0021518460000002904,0.0,1.0,1,622.0,1555.0,1851.3333333333333,309.0,DoS
ipcas_21:73:33,143,0,2211,LIED10CTRL/LLN0$Status,0.0020189869999995835,0.0,1.0,1,622.0,1555.0,1851.3333333333333,309.0,DoS
ipcas_21:73:33,143,0,2212,LIED10CTRL/LLN0$Status,0.00199250600000056,0.0,1.0,1,622.0,1555.0,1851.3333333333333,309.0,DoS
ipcas_21:73:33,143,0,2213,LIED10CTRL/LLN0$Status,0.001989826999999167,0.0,1.0,1,622.0,1555.0,1851.3333333333333,309.0,DoS
ipcas_21:73:33,143,0,2214,LIED10CTRL/LLN0$Status,0.002033382000000472,0.0,1.0,1,622.0,1555.0,1851.3333333333333,309.0,DoS
ipcas_21:73:33,143,0,2215,LIED10CTRL/LLN0$Status,0.0018130610000000047,0.0,1.0,1,622.0,1555.0,1851.3333333333333,309.0,DoS
ipcas_21:73:33,143,0,2216,LIED10CTRL/LLN0$Status,0.0020976800000021,0.0,1.0,1,622.0,1555.0,1851.3333333333333,309.0,DoS
ipcas_21:73:33,143,0,2217,LIED10CTRL/LLN0$Status,0.0019335100000006378,0.0,1.0,1,622.0,1555.0,1851.3333333333333,309.0,DoS
ipcas_21:73:33,143,0,2218,LIED10CTRL/LLN0$Status,0.0019643779999967137,0.0,1.0,1,622.0,1555.0,1851.3333333333333,309.0,DoS
ipcas_21:73:33,143,0,2219,LIED10CTRL/LLN0$Status,0.0021359520000032717,0.0,1.0,1,622.0,1555.0,1851.3333333333333,309.0,DoS
ipcas_21:73:33,143,0,2220,LIED10CTRL/LLN0$Status,0.002025839999998169,0.0,1.0,1,622.0,1555.0,1851.3333333333333,309.0,DoS
ipcas_21:73:33,143,0,2221,LIED10CTRL/LLN0$Status,0.0019759249999999895,0.0,1.0,1,622.0,1555.0,1851.3333333333333,309.0,DoS
ipcas_21:73:33,143,0,2222,LIED10CTRL/LLN0$Status,0.002009078000000386,0.0,1.0,1,622.0,1555.0,1851.3333333333333,309.0,DoS
ipcas_21:73:33,143,0,2223,LIED10CTRL/LLN0$Status,0.00188312599999918,0.0,1.0,1,622.0,1555.0,1851.3333333333333,309.0,DoS
ipcas_21:73:33,143,0,2224,LIED10CTRL/LLN0$Status,0.0018314769999996372,0.0,1.0,1,622.0,1555.0,1851.3333333333333,309.0,DoS
ipcas_21:73:33,143,0,2225,LIED10CTRL/LLN0$Status,0.002308452000001182,0.0,1.0,1,622.0,1555.0,1851.3333333333333,309.0,DoS
ipcas_21:73:33,143,0,2226,LIED10CTRL/LLN0$Status,0.0019314550000011366,0.0,1.0,1,622.0,1555.0,1851.3333333333333,309.0,DoS
ipcas_21:73:33,143,0,2227,LIED10CTRL/LLN0$Status,0.002679479999997625,0.0,1.0,1,622.0,1555.0,1851.3333333333333,309.0,DoS
ipcas_21:73:33,143,0,2228,LIED10CTRL/LLN0$Status,0.0014411750000000723,0.0,1.0,1,622.0,1555.0,1851.3333333333333,309.0,DoS
ipcas_21:73:33,143,0,2229,LIED10CTRL/LLN0$Status,0.0016888520000009066,0.0,1.0,1,622.0,1555.0,1851.3333333333333,309.0,DoS
ipcas_21:73:33,143,0,2230,LIED10CTRL/LLN0$Status,0.0027098639999998397,0.0,1.0,1,622.0,1555.0,1851.3333333333333,309.0,DoS
ipcas_21:73:33,143,0,2231,LIED10CTRL/LLN0$Status,0.001385792000000663,0.0,1.0,1,622.0,1555.0,1851.3333333333333,309.0,DoS
ipcas_21:73:33,143,0,2232,LIED10CTRL/LLN0$Status,0.001951338000001357,0.0,1.0,1,622.0,1555.0,1851.3333333333333,309.0,DoS
ipcas_21:73:33,143,0,2233,LIED10CTRL/LLN0$Status,0.002033102999998704,0.0,1.0,1,622.0,1555.0,1851.3333333333333,309.0,DoS
ipcas_21:73:33,143,0,2234,LIED10CTRL/LLN0$Status,0.0019017840000010722,0.0,1.0,1,622.0,1555.0,1851.3333333333333,309.0,DoS
ipcas_21:73:33,143,0,2235,LIED10CTRL/LLN0$Status,0.002204579999997236,0.0,1.0,1,622.0,1555.0,1851.3333333333333,309.0,DoS
ipcas_21:73:33,143,0,2236,LIED10CTRL/LLN0$Status,0.0018015810000022725,0.0,1.0,1,622.0,1555.0,1851.3333333333333,309.0,DoS
ipcas_21:73:33,143,0,2237,LIED10CTRL/LLN0$Status,0.0035046259999980123,0.0,1.0,1,622.0,1555.0,1851.3333333333333,309.0,DoS
ipcas_21:73:33,143,0,2238,LIED10CTRL/LLN0$Status,0.0018114600000025405,0.0,1.0,1,622.0,1555.0,1851.3333333333333,309.0,DoS
ipcas_21:73:33,143,0,2239,LIED10CTRL/LLN0$Status,0.0022311049999999,0.0,1.0,1,622.0,1555.0,1851.3333333333333,309.0,DoS
ipcas_21:73:33,143,0,2240,LIED10CTRL/LLN0$Status,0.0014966329999985817,0.0,1.0,1,622.0,1555.0,1851.3333333333333,309.0,DoS
ipcas_21:73:33,143,0,2241,LIED10CTRL/LLN0$Status,0.00199459799999957,0.0,1.0,1,622.0,1555.0,1851.3333333333333,309.0,DoS
ipcas_21:73:33,143,0,2242,LIED10CTRL/LLN0$Status,0.0019465210000007005,0.0,1.0,1,622.0,1555.0,1851.3333333333333,309.0,DoS
ipcas_21:73:33,143,0,2243,LIED10CTRL/LLN0$Status,0.0023957939999981193,0.0,1.0,1,622.0,1555.0,1851.3333333333333,309.0,DoS
ipcas_21:73:33,143,0,2244,LIED10CTRL/LLN0$Status,0.0015978610000004778,0.0,1.0,1,622.0,1555.0,1851.3333333333333,309.0,DoS
ipcas_21:73:33,143,0,2245,LIED10CTRL/LLN0$Status,0.002035548000002052,0.0,1.0,1,622.0,1555.0,1851.3333333333333,309.0,DoS
ipcas_21:73:33,143,0,2246,LIED10CTRL/LLN0$Status,0.0023114510000006305,0.0,1.0,1,622.0,1555.0,1851.3333333333333,309.0,DoS
ipcas_21:73:33,143,0,2247,LIED10CTRL/LLN0$Status,0.0021398989999994456,0.0,1.0,1,622.0,1555.0,1851.3333333333333,309.0,DoS
ipcas_21:73:33,143,0,2248,LIED10CTRL/LLN0$Status,0.0016990630000002227,0.0,1.0,1,622.0,1555.0,1851.3333333333333,309.0,DoS
ipcas_21:73:33,143,0,2249,LIED10CTRL/LLN0$Status,0.0020287629999984347,0.0,1.0,1,622.0,1555.0,1851.3333333333333,309.0,DoS
ipcas_21:73:33,143,0,2250,LIED10CTRL/LLN0$Status,0.0019164819999986094,0.0,1.0,1,622.0,1555.0,1851.3333333333333,309.0,DoS
ipcas_21:73:33,143,0,2251,LIED10CTRL/LLN0$Status,0.002002843000003196,0.0,1.0,1,622.0,1555.0,1851.3333333333333,309.0,DoS
ipcas_21:73:33,143,0,2252,LIED10CTRL/LLN0$Status,0.0019094479999992586,0.0,1.0,1,622.0,1555.0,1851.3333333333333,309.0,DoS
ipcas_21:73:33,143,0,2253,LIED10CTRL/LLN0$Status,0.0020624550000007957,0.0,1.0,1,622.0,1555.0,1851.3333333333333,309.0,DoS
ipcas_21:73:33,143,0,2254,LIED10CTRL/LLN0$Status,0.0019696799999984194,0.0,1.0,1,622.0,1555.0,1851.3333333333333,309.0,DoS
ipcas_21:73:33,143,0,2255,LIED10CTRL/LLN0$Status,0.0019970069999999396,0.0,1.0,1,622.0,1555.0,1851.3333333333333,309.0,DoS
ipcas_21:73:33,143,0,2256,LIED10CTRL/LLN0$Status,0.0019386650000008387,0.0,1.0,1,622.0,1555.0,1851.3333333333333,309.0,DoS
ipcas_21:73:33,143,0,2257,LIED10CTRL/LLN0$Status,0.0022045429999977273,0.0,1.0,1,622.0,1555.0,1851.3333333333333,309.0,DoS
ipcas_21:73:33,143,0,2258,LIED10CTRL/LLN0$Status,0.0018772510000033549,0.0,1.0,1,622.0,1555.0,1851.3333333333333,309.0,DoS
ipcas_21:73:33,143,0,2259,LIED10CTRL/LLN0$Status,0.001957695999998066,0.0,1.0,1,622.0,1555.0,1851.3333333333333,309.0,DoS
ipcas_21:73:33,143,0,2260,LIED10CTRL/LLN0$Status,0.002194317000000723,0.0,1.0,1,622.0,1555.0,1851.3333333333333,309.0,DoS
ipcas_21:73:33,143,0,2261,LIED10CTRL/LLN0$Status,0.001920001999998533,0.0,1.0,1,622.0,1555.0,1851.3333333333333,309.0,DoS
ipcas_21:73:33,143,0,2262,LIED10CTRL/LLN0$Status,0.00199827300000166,0.0,1.0,1,622.0,1555.0,1851.3333333333333,309.0,DoS
ipcas_21:73:33,143,0,2263,LIED10CTRL/LLN0$Status,0.002378328999999013,0.0,1.0,1,622.0,1555.0,1851.3333333333333,309.0,DoS
ipcas_21:73:33,143,0,2264,LIED10CTRL/LLN0$Status,0.0017321599999995385,0.0,1.0,1,622.0,1555.0,1851.3333333333333,309.0,DoS
ipcas_21:73:33,143,0,2265,LIED10CTRL/LLN0$Status,0.002003053999999338,0.0,1.0,1,622.0,1555.0,1851.3333333333333,309.0,DoS
ipcas_21:73:33,143,0,2266,LIED10CTRL/LLN0$Status,0.001998531000001691,0.0,1.0,1,622.0,1555.0,1851.3333333333333,309.0,DoS
ipcas_21:73:33,143,0,2267,LIED10CTRL/LLN0$Status,0.0021506709999989937,0.0,1.0,1,622.0,1555.0,1851.3333333333333,309.0,DoS
ipcas_21:73:33,143,0,2268,LIED10CTRL/LLN0$Status,0.001578063000000185,0.0,1.0,1,622.0,1555.0,1851.3333333333333,309.0,DoS
ipcas_21:73:33,143,0,2269,LIED10CTRL/LLN0$Status,0.0020175169999987475,0.0,1.0,1,622.0,1555.0,1851.3333333333333,309.0,DoS
ipcas_21:73:33,143,0,2270,LIED10CTRL/LLN0$Status,0.0021066920000016864,0.0,1.0,1,622.0,1555.0,1851.3333333333333,309.0,DoS
ipcas_21:73:33,143,0,2271,LIED10CTRL/LLN0$Status,0.002018629999998467,0.0,1.0,1,622.0,1555.0,1851.3333333333333,309.0,DoS
ipcas_21:73:33,143,0,2272,LIED10CTRL/LLN0$Status,0.001980572000000791,0.0,1.0,1,622.0,1555.0,1851.3333333333333,309.0,DoS
ipcas_21:73:33,143,0,2273,LIED10CTRL/LLN0$Status,0.0019811640000000352,0.0,1.0,1,622.0,1555.0,1851.3333333333333,309.0,DoS
ipcas_21:73:33,143,0,2274,LIED10CTRL/LLN0$Status,0.002206987000000993,0.0,1.0,1,622.0,1555.0,1851.3333333333333,309.0,DoS
ipcas_21:73:33,143,0,2275,LIED10CTRL/LLN0$Status,0.0023227189999985853,0.0,1.0,1,622.0,1555.0,1851.3333333333333,309.0,DoS
ipcas_21:73:33,143,0,2276,LIED10CTRL/LLN0$Status,0.0019303400000012516,0.0,1.0,1,622.0,1555.0,1851.3333333333333,309.0,DoS
ipcas_21:73:33,143,0,2277,LIED10CTRL/LLN0$Status,0.002568267000000901,0.0,1.0,1,622.0,1555.0,1851.3333333333333,309.0,DoS
ipcas_21:73:33,143,0,2278,LIED10CTRL/LLN0$Status,0.001816123999997643,0.0,1.0,1,622.0,1555.0,1851.3333333333333,309.0,DoS
ipcas_21:73:33,143,0,2279,LIED10CTRL/LLN0$Status,0.002193181000002653,0.0,1.0,1,622.0,1555.0,1851.3333333333333,309.0,DoS
ipcas_21:73:33,143,0,2280,LIED10CTRL/LLN0$Status,0.0019635630000003346,0.0,1.0,1,622.0,1555.0,1851.3333333333333,309.0,DoS
ipcas_21:73:33,143,0,2281,LIED10CTRL/LLN0$Status,0.0008116789999981222,0.0,1.0,1,622.0,1555.0,1851.3333333333333,309.0,DoS
ipcas_21:73:33,143,0,2282,LIED10CTRL/LLN0$Status,0.002013398999999083,0.0,1.0,1,622.0,1555.0,1851.3333333333333,309.0,DoS
ipcas_21:73:33,143,0,2283,LIED10CTRL/LLN0$Status,0.0023360409999995113,0.0,1.0,1,622.0,1555.0,1851.3333333333333,309.0,DoS
ipcas_21:73:33,143,0,2284,LIED10CTRL/LLN0$Status,0.0014396230000031096,0.0,1.0,1,622.0,1555.0,1851.3333333333333,309.0,DoS
ipcas_21:73:33,143,0,2285,LIED10CTRL/LLN0$Status,0.0018562209999970491,0.0,1.0,1,622.0,1555.0,1851.3333333333333,309.0,DoS
ipcas_21:73:33,143,0,2286,LIED10CTRL/LLN0$Status,0.0015831490000017823,0.0,1.0,1,622.0,1555.0,1851.3333333333333,309.0,DoS
ipcas_21:73:33,143,0,2287,LIED10CTRL/LLN0$Status,0.00290817000000132,0.0,1.0,1,622.0,1555.0,1851.3333333333333,309.0,DoS
ipcas_21:73:33,143,0,2288,LIED10CTRL/LLN0$Status,0.006829579999998003,0.0,1.0,1,622.0,1555.0,1851.3333333333333,309.0,DoS
ipcas_21:73:33,143,0,2289,LIED10CTRL/LLN0$Status,3.6389999991115474e-06,0.0,1.0,1,622.0,1555.0,1851.3333333333333,309.0,DoS
ipcas_21:73:33,143,0,2290,LIED10CTRL/LLN0$Status,5.403800000181036e-05,0.0,1.0,1,622.0,1555.0,1851.3333333333333,309.0,DoS
ipcas_21:73:33,143,0,2291,LIED10CTRL/LLN0$Status,0.002025018000001211,0.0,1.0,1,622.0,1555.0,1851.3333333333333,309.0,DoS
ipcas_21:73:33,143,0,2292,LIED10CTRL/LLN0$Status,0.0017738199999968174,0.0,1.0,1,622.0,1555.0,1851.3333333333333,309.0,DoS
ipcas_21:73:33,143,0,2293,LIED10CTRL/LLN0$Status,0.001218220000001935,0.0,1.0,1,622.0,1555.0,1851.3333333333333,309.0,DoS
ipcas_21:73:33,143,0,2294,LIED10CTRL/LLN0$Status,0.002004108000001281,0.0,1.0,1,622.0,1555.0,1851.3333333333333,309.0,DoS
ipcas_21:73:33,143,0,2295,LIED10CTRL/LLN0$Status,0.0022601599999987343,0.0,1.0,1,622.0,1555.0,1851.3333333333333,309.0,DoS
ipcas_21:73:33,143,0,2296,LIED10CTRL/LLN0$Status,0.001768278000000123,0.0,1.0,1,622.0,1555.0,1851.3333333333333,309.0,DoS
ipcas_21:73:33,143,0,2297,LIED10CTRL/LLN0$Status,0.002187237999997649,0.0,1.0,1,622.0,1555.0,1851.3333333333333,309.0,DoS
ipcas_21:73:33,143,0,2298,LIED10CTRL/LLN0$Status,0.001896772000002045,0.0,1.0,1,622.0,1555.0,1851.3333333333333,309.0,DoS
ipcas_21:73:33,143,0,2299,LIED10CTRL/LLN0$Status,0.0018896539999992967,0.0,1.0,1,622.0,1555.0,1851.3333333333333,309.0,DoS
ipcas_21:73:33,143,0,2300,LIED10CTRL/LLN0$Status,0.0019765760000005628,0.0,1.0,1,622.0,1555.0,1851.3333333333333,309.0,DoS
ipcas_21:73:33,143,0,2301,LIED10CTRL/LLN0$Status,0.002217723000001115,0.0,1.0,1,622.0,1555.0,1851.3333333333333,309.0,DoS
ipcas_21:73:33,143,0,2302,LIED10CTRL/LLN0$Status,0.001965553999998093,0.0,1.0,1,622.0,1555.0,1851.3333333333333,309.0,DoS
ipcas_21:73:33,143,0,2303,LIED10CTRL/LLN0$Status,0.0027705749999995533,0.0,1.0,1,622.0,1555.0,1851.3333333333333,309.0,DoS
ipcas_21:73:33,143,0,2304,LIED10CTRL/LLN0$Status,0.001998943000000253,0.0,1.0,1,622.0,1555.0,1851.3333333333333,309.0,DoS
ipcas_21:73:33,143,0,2305,LIED10CTRL/LLN0$Status,0.001368081000002519,0.0,1.0,1,622.0,1555.0,1851.3333333333333,309.0,DoS
ipcas_21:73:33,143,0,2306,LIED10CTRL/LLN0$Status,0.00255354299999766,0.0,1.0,1,622.0,1555.0,1851.3333333333333,309.0,DoS
ipcas_21:73:33,143,0,2307,LIED10CTRL/LLN0$Status,0.0023543000000003644,0.0,1.0,1,622.0,1555.0,1851.3333333333333,309.0,DoS
ipcas_21:73:33,143,0,2308,LIED10CTRL/LLN0$Status,0.0017889040000014234,0.0,1.0,1,622.0,1555.0,1851.3333333333333,309.0,DoS
ipcas_21:73:33,143,0,2309,LIED10CTRL/LLN0$Status,0.0019841159999991476,0.0,1.0,1,622.0,1555.0,1851.3333333333333,309.0,DoS
ipcas_21:73:33,143,0,2310,LIED10CTRL/LLN0$Status,0.0020131570000003762,0.0,1.0,1,622.0,1555.0,1851.3333333333333,309.0,DoS
ipcas_21:73:33,143,0,2311,LIED10CTRL/LLN0$Status,0.0020589549999989742,0.0,1.0,1,622.0,1555.0,1851.3333333333333,309.0,DoS
ipcas_21:73:33,143,0,2312,LIED10CTRL/LLN0$Status,0.0019341660000016248,0.0,1.0,1,622.0,1555.0,1851.3333333333333,309.0,DoS
ipcas_21:73:33,143,0,2313,LIED10CTRL/LLN0$Status,0.001995040999997144,0.0,1.0,1,622.0,1555.0,1851.3333333333333,309.0,DoS
ipcas_21:73:33,143,0,2314,LIED10CTRL/LLN0$Status,0.0020514700000013875,0.0,1.0,1,622.0,1555.0,1851.3333333333333,309.0,DoS
ipcas_21:73:33,143,0,2315,LIED10CTRL/LLN0$Status,0.0019683850000014047,0.0,1.0,1,622.0,1555.0,1851.3333333333333,309.0,DoS
ipcas_21:73:33,143,0,2316,LIED10CTRL/LLN0$Status,0.002023092999998255,0.0,1.0,1,622.0,1555.0,1851.3333333333333,309.0,DoS
ipcas_21:73:33,143,0,2317,LIED10CTRL/LLN0$Status,0.0019843289999990077,0.0,1.0,1,622.0,1555.0,1851.3333333333333,309.0,DoS
ipcas_21:73:33,143,0,2318,LIED10CTRL/LLN0$Status,0.001997097000000281,0.0,1.0,1,622.0,1555.0,1851.3333333333333,309.0,DoS
ipcas_21:73:33,143,0,2319,LIED10CTRL/LLN0$Status,0.0020048430000016992,0.0,1.0,1,622.0,1555.0,1851.3333333333333,309.0,DoS
ipcas_21:73:33,143,0,2320,LIED10CTRL/LLN0$Status,0.002086126999998328,0.0,1.0,1,622.0,1555.0,1851.3333333333333,309.0,DoS
ipcas_21:73:33,143,0,2321,LIED10CTRL/LLN0$Status,0.001983394999999888,0.0,1.0,1,622.0,1555.0,1851.3333333333333,309.0,DoS
ipcas_21:73:33,143,0,2322,LIED10CTRL/LLN0$Status,0.0020722590000019636,0.0,1.0,1,622.0,1555.0,1851.3333333333333,309.0,DoS
ipcas_21:73:33,143,0,2323,LIED10CTRL/LLN0$Status,0.0019932479999980046,0.0,1.0,1,622.0,1555.0,1851.3333333333333,309.0,DoS
ipcas_21:73:33,143,0,2324,LIED10CTRL/LLN0$Status,0.0020112629999999854,0.0,1.0,1,622.0,1555.0,1851.3333333333333,309.0,DoS
ipcas_21:73:33,143,0,2325,LIED10CTRL/LLN0$Status,0.001906975000000699,0.0,1.0,1,622.0,1555.0,1851.3333333333333,309.0,DoS
ipcas_21:73:33,143,0,2326,LIED10CTRL/LLN0$Status,0.0023005319999995777,0.0,1.0,1,622.0,1555.0,1851.3333333333333,309.0,DoS
ipcas_21:73:33,143,0,2327,LIED10CTRL/LLN0$Status,0.002152243000001164,0.0,1.0,1,622.0,1555.0,1851.3333333333333,309.0,DoS
ipcas_21:73:33,143,0,2328,LIED10CTRL/LLN0$Status,0.001816736999998625,0.0,1.0,1,622.0,1555.0,1851.3333333333333,309.0,DoS
ipcas_21:73:33,143,0,2329,LIED10CTRL/LLN0$Status,0.0017526650000014854,0.0,1.0,1,622.0,1555.0,1851.3333333333333,309.0,DoS
ipcas_21:73:33,143,0,2330,LIED10CTRL/LLN0$Status,0.002041481999999206,0.0,1.0,1,622.0,1555.0,1851.3333333333333,309.0,DoS
ipcas_21:73:33,143,0,2331,LIED10CTRL/LLN0$Status,0.0019856370000006507,0.0,1.0,1,622.0,1555.0,1851.3333333333333,309.0,DoS
ipcas_21:73:33,143,0,2332,LIED10CTRL/LLN0$Status,0.0020278860000004784,0.0,1.0,1,622.0,1555.0,1851.3333333333333,309.0,DoS
ipcas_21:73:33,143,0,2333,LIED10CTRL/LLN0$Status,0.001983972999997974,0.0,1.0,1,622.0,1555.0,1851.3333333333333,309.0,DoS
ipcas_21:73:33,143,0,2334,LIED10CTRL/LLN0$Status,0.0020033320000010235,0.0,1.0,1,622.0,1555.0,1851.3333333333333,309.0,DoS
ipcas_21:73:33,143,0,2335,LIED10CTRL/LLN0$Status,0.002094242000001856,0.0,1.0,1,622.0,1555.0,1851.3333333333333,309.0,DoS
ipcas_21:73:33,143,0,2336,LIED10CTRL/LLN0$Status,0.002001610999997183,0.0,1.0,1,622.0,1555.0,1851.3333333333333,309.0,DoS
ipcas_21:73:33,143,0,2337,LIED10CTRL/LLN0$Status,0.001997474000003052,0.0,1.0,1,622.0,1555.0,1851.3333333333333,309.0,DoS
ipcas_21:73:33,143,0,2338,LIED10CTRL/LLN0$Status,0.0019834119999977418,0.0,1.0,1,622.0,1555.0,1851.3333333333333,309.0,DoS
ipcas_21:73:33,143,0,2339,LIED10CTRL/LLN0$Status,0.0020852980000007904,0.0,1.0,1,622.0,1555.0,1851.3333333333333,309.0,DoS
ipcas_21:73:33,143,0,2340,LIED10CTRL/LLN0$Status,0.0019167869999989762,0.0,1.0,1,622.0,1555.0,1851.3333333333333,309.0,DoS
ipcas_21:73:33,143,0,2341,LIED10CTRL/LLN0$Status,0.001995898000000551,0.0,1.0,1,622.0,1555.0,1851.3333333333333,309.0,DoS
ipcas_21:73:33,143,0,2342,LIED10CTRL/LLN0$Status,0.002002951000001474,0.0,1.0,1,622.0,1555.0,1851.3333333333333,309.0,DoS
ipcas_21:73:33,143,0,2343,LIED10CTRL/LLN0$Status,0.002041573999999713,0.0,1.0,1,622.0,1555.0,1851.3333333333333,309.0,DoS
ipcas_21:73:33,143,0,2344,LIED10CTRL/LLN0$Status,0.0019602779999985387,0.0,1.0,1,622.0,1555.0,1851.3333333333333,309.0,DoS
ipcas_21:73:33,143,0,2345,LIED10CTRL/LLN0$Status,0.0019971370000000377,0.0,1.0,1,622.0,1555.0,1851.3333333333333,309.0,DoS
ipcas_21:73:33,143,0,2346,LIED10CTRL/LLN0$Status,0.001986259000002377,0.0,1.0,1,622.0,1555.0,1851.3333333333333,309.0,DoS
ipcas_21:73:33,143,0,2347,LIED10CTRL/LLN0$Status,0.0024599729999970066,0.0,1.0,1,622.0,1555.0,1851.3333333333333,309.0,DoS
ipcas_21:73:33,143,0,2348,LIED10CTRL/LLN0$Status,0.0015426610000019991,0.0,1.0,1,622.0,1555.0,1851.3333333333333,309.0,DoS
ipcas_21:73:33,143,0,2349,LIED10CTRL/LLN0$Status,0.0020106349999977624,0.0,1.0,1,622.0,1555.0,1851.3333333333333,309.0,DoS
ipcas_21:73:33,143,0,2350,LIED10CTRL/LLN0$Status,0.002001123000002991,0.0,1.0,1,622.0,1555.0,1851.3333333333333,309.0,DoS
ipcas_21:73:33,143,0,2351,LIED10CTRL/LLN0$Status,0.0021765389999970353,0.0,1.0,1,622.0,1555.0,1851.3333333333333,309.0,DoS
ipcas_21:73:33,143,0,2352,LIED10CTRL/LLN0$Status,0.0018573670000030518,0.0,1.0,1,622.0,1555.0,1851.3333333333333,309.0,DoS
ipcas_21:73:33,143,0,2353,LIED10CTRL/LLN0$Status,0.0022685999999971784,0.0,1.0,1,622.0,1555.0,1851.3333333333333,309.0,DoS
ipcas_21:73:33,143,0,2354,LIED10CTRL/LLN0$Status,0.0020477139999997007,0.0,1.0,1,622.0,1555.0,1851.3333333333333,309.0,DoS
ipcas_21:73:33,143,0,2355,LIED10CTRL/LLN0$Status,0.002321876999999972,0.0,1.0,1,622.0,1555.0,1851.3333333333333,309.0,DoS
ipcas_21:73:33,143,0,2356,LIED10CTRL/LLN0$Status,0.0014178370000017537,0.0,1.0,1,622.0,1555.0,1851.3333333333333,309.0,DoS
ipcas_21:73:33,143,0,2357,LIED10CTRL/LLN0$Status,0.0019332669999982954,0.0,1.0,1,622.0,1555.0,1851.3333333333333,309.0,DoS
ipcas_21:73:33,143,0,2358,LIED10CTRL/LLN0$Status,0.0020017709999997635,0.0,1.0,1,622.0,1555.0,1851.3333333333333,309.0,DoS
ipcas_21:73:33,143,0,2359,LIED10CTRL/LLN0$Status,0.0019952190000012138,0.0,1.0,1,622.0,1555.0,1851.3333333333333,309.0,DoS
ipcas_21:73:33,143,0,2360,LIED10CTRL/LLN0$Status,0.0018571300000012059,0.0,1.0,1,622.0,1555.0,1851.3333333333333,309.0,DoS
ipcas_21:73:33,143,0,2361,LIED10CTRL/LLN0$Status,0.0019526279999979579,0.0,1.0,1,622.0,1555.0,1851.3333333333333,309.0,DoS
ipcas_21:73:33,143,0,2362,LIED10CTRL/LLN0$Status,0.0019921470000028307,0.0,1.0,1,622.0,1555.0,1851.3333333333333,309.0,DoS
ipcas_21:73:33,143,0,2363,LIED10CTRL/LLN0$Status,0.0022426099999997007,0.0,1.0,1,622.0,1555.0,1851.3333333333333,309.0,DoS
ipcas_21:73:33,143,0,2364,LIED10CTRL/LLN0$Status,0.001964841999999578,0.0,1.0,1,622.0,1555.0,1851.3333333333333,309.0,DoS
ipcas_21:73:33,143,0,2365,LIED10CTRL/LLN0$Status,0.0019801519999980144,0.0,1.0,1,622.0,1555.0,1851.3333333333333,309.0,DoS
ipcas_21:73:33,143,0,2366,LIED10CTRL/LLN0$Status,0.0019994700000012244,0.0,1.0,1,622.0,1555.0,1851.3333333333333,309.0,DoS
ipcas_21:73:33,143,0,2367,LIED10CTRL/LLN0$Status,0.002044590000000568,0.0,1.0,1,622.0,1555.0,1851.3333333333333,309.0,DoS
ipcas_21:73:33,143,0,2368,LIED10CTRL/LLN0$Status,0.0019647220000003074,0.0,1.0,1,622.0,1555.0,1851.3333333333333,309.0,DoS
ipcas_21:73:33,143,0,2369,LIED10CTRL/LLN0$Status,0.001970625999998532,0.0,1.0,1,622.0,1555.0,1851.3333333333333,309.0,DoS
ipcas_21:73:33,143,0,2370,LIED10CTRL/LLN0$Status,0.0020205319999995197,0.0,1.0,1,622.0,1555.0,1851.3333333333333,309.0,DoS
ipcas_21:73:33,143,0,2371,LIED10CTRL/LLN0$Status,0.0019496170000010693,0.0,1.0,1,622.0,1555.0,1851.3333333333333,309.0,DoS
ipcas_21:73:33,143,0,2372,LIED10CTRL/LLN0$Status,0.002053550999999487,0.0,1.0,1,622.0,1555.0,1851.3333333333333,309.0,DoS
ipcas_21:73:33,143,0,2373,LIED10CTRL/LLN0$Status,0.0020001650000018856,0.0,1.0,1,622.0,1555.0,1851.3333333333333,309.0,DoS
ipcas_21:73:33,143,0,2374,LIED10CTRL/LLN0$Status,0.0017977919999978553,0.0,1.0,1,622.0,1555.0,1851.3333333333333,309.0,DoS
ipcas_21:73:33,143,0,2375,LIED10CTRL/LLN0$Status,0.002296241999999893,0.0,1.0,1,622.0,1555.0,1851.3333333333333,309.0,DoS
ipcas_21:73:33,143,0,2376,LIED10CTRL/LLN0$Status,0.0019109850000020856,0.0,1.0,1,622.0,1555.0,1851.3333333333333,309.0,DoS
ipcas_21:73:33,143,0,2377,LIED10CTRL/LLN0$Status,0.001992246000000364,0.0,1.0,1,622.0,1555.0,1851.3333333333333,309.0,DoS
ipcas_21:73:33,143,0,2378,LIED10CTRL/LLN0$Status,0.0019898759999996685,0.0,1.0,1,622.0,1555.0,1851.3333333333333,309.0,DoS
ipcas_21:73:33,143,0,2379,LIED10CTRL/LLN0$Status,0.0020299739999991573,0.0,1.0,1,622.0,1555.0,1851.3333333333333,309.0,DoS
ipcas_21:73:33,143,0,2380,LIED10CTRL/LLN0$Status,0.0019521559999979843,0.0,1.0,1,622.0,1555.0,1851.3333333333333,309.0,DoS
ipcas_21:73:33,143,0,2381,LIED10CTRL/LLN0$Status,0.0023249470000017425,0.0,1.0,1,622.0,1555.0,1851.3333333333333,309.0,DoS
ipcas_21:73:33,143,0,2382,LIED10CTRL/LLN0$Status,0.0017192530000009754,0.0,1.0,1,622.0,1555.0,1851.3333333333333,309.0,DoS
ipcas_21:73:33,143,0,2383,LIED10CTRL/LLN0$Status,0.0019750919999985683,0.0,1.0,1,622.0,1555.0,1851.3333333333333,309.0,DoS
ipcas_21:73:33,143,0,2384,LIED10CTRL/LLN0$Status,0.0019896740000007185,0.0,1.0,1,622.0,1555.0,1851.3333333333333,309.0,DoS
ipcas_21:73:33,143,0,2385,LIED10CTRL/LLN0$Status,0.0022037719999978833,0.0,1.0,1,622.0,1555.0,1851.3333333333333,309.0,DoS
ipcas_21:73:33,143,0,2386,LIED10CTRL/LLN0$Status,0.0017832530000028157,0.0,1.0,1,622.0,1555.0,1851.3333333333333,309.0,DoS
ipcas_21:73:33,143,0,2387,LIED10CTRL/LLN0$Status,0.0020290040000006115,0.0,1.0,1,622.0,1555.0,1851.3333333333333,309.0,DoS
ipcas_21:73:33,143,0,2388,LIED10CTRL/LLN0$Status,0.0019978659999999593,0.0,1.0,1,622.0,1555.0,1851.3333333333333,309.0,DoS
ipcas_21:73:33,143,0,2389,LIED10CTRL/LLN0$Status,0.0020712559999971347,0.0,1.0,1,622.0,1555.0,1851.3333333333333,309.0,DoS
ipcas_21:73:33,143,0,2390,LIED10CTRL/LLN0$Status,0.0018792470000015271,0.0,1.0,1,622.0,1555.0,1851.3333333333333,309.0,DoS
ipcas_21:73:33,143,0,2391,LIED10CTRL/LLN0$Status,0.0018882520000005343,0.0,1.0,1,622.0,1555.0,1851.3333333333333,309.0,DoS
ipcas_21:73:33,143,0,2392,LIED10CTRL/LLN0$Status,0.0019823690000002614,0.0,1.0,1,622.0,1555.0,1851.3333333333333,309.0,DoS
ipcas_21:73:33,143,0,2393,LIED10CTRL/LLN0$Status,0.001257511999998684,0.0,1.0,1,622.0,1555.0,1851.3333333333333,309.0,DoS
ipcas_21:73:33,143,0,2394,LIED10CTRL/LLN0$Status,0.0018138830000005157,0.0,1.0,1,622.0,1555.0,1851.3333333333333,309.0,DoS
ipcas_21:73:33,143,0,2395,LIED10CTRL/LLN0$Status,0.0020374570000001313,0.0,1.0,1,622.0,1555.0,1851.3333333333333,309.0,DoS
ipcas_21:73:33,143,0,2396,LIED10CTRL/LLN0$Status,0.0020213240000011012,0.0,1.0,1,622.0,1555.0,1851.3333333333333,309.0,DoS
ipcas_21:73:33,143,0,2397,LIED10CTRL/LLN0$Status,0.0019544150000001537,0.0,1.0,1,622.0,1555.0,1851.3333333333333,309.0,DoS
ipcas_21:73:33,143,0,2398,LIED10CTRL/LLN0$Status,0.0020042449999984058,0.0,1.0,1,622.0,1555.0,1851.3333333333333,309.0,DoS
ipcas_21:73:33,143,0,2399,LIED10CTRL/LLN0$Status,0.0020835079999983463,0.0,1.0,1,622.0,1555.0,1851.3333333333333,309.0,DoS
ipcas_21:73:33,143,0,2400,LIED10CTRL/LLN0$Status,0.0018576310000000262,0.0,1.0,1,622.0,1555.0,1851.3333333333333,309.0,DoS
ipcas_21:73:33,143,0,2401,LIED10CTRL/LLN0$Status,0.002047968000002953,0.0,1.0,1,622.0,1555.0,1851.3333333333333,309.0,DoS
ipcas_21:73:33,143,0,2402,LIED10CTRL/LLN0$Status,0.0020028819999993175,0.0,1.0,1,622.0,1555.0,1851.3333333333333,309.0,DoS
ipcas_21:73:33,143,0,2403,LIED10CTRL/LLN0$Status,0.0020313989999998228,0.0,1.0,1,622.0,1555.0,1851.3333333333333,309.0,DoS
ipcas_21:73:33,143,0,2404,LIED10CTRL/LLN0$Status,0.0020570329999998194,0.0,1.0,1,622.0,1555.0,1851.3333333333333,309.0,DoS
ipcas_21:73:33,143,0,2405,LIED10CTRL/LLN0$Status,0.0020297229999997057,0.0,1.0,1,622.0,1555.0,1851.3333333333333,309.0,DoS
ipcas_21:73:33,143,0,2406,LIED10CTRL/LLN0$Status,0.0018815060000001438,0.0,1.0,1,622.0,1555.0,1851.3333333333333,309.0,DoS
ipcas_21:73:33,143,0,2407,LIED10CTRL/LLN0$Status,0.0020357830000001798,0.0,1.0,1,622.0,1555.0,1851.3333333333333,309.0,DoS
ipcas_21:73:33,143,0,2408,LIED10CTRL/LLN0$Status,0.0020892129999978692,0.0,1.0,1,622.0,1555.0,1851.3333333333333,309.0,DoS
ipcas_21:73:33,143,0,2409,LIED10CTRL/LLN0$Status,0.0019922740000026806,0.0,1.0,1,622.0,1555.0,1851.3333333333333,309.0,DoS
ipcas_21:73:33,143,0,2410,LIED10CTRL/LLN0$Status,0.001960774000000498,0.0,1.0,1,622.0,1555.0,1851.3333333333333,309.0,DoS
ipcas_21:73:33,143,0,2411,LIED10CTRL/LLN0$Status,0.0010959550000002594,0.0,1.0,1,622.0,1555.0,1851.3333333333333,309.0,DoS
ipcas_21:73:33,143,0,2412,LIED10CTRL/LLN0$Status,0.0019650899999987814,0.0,1.0,1,622.0,1555.0,1851.3333333333333,309.0,DoS
ipcas_21:73:33,143,0,2413,LIED10CTRL/LLN0$Status,0.001865933999997793,0.0,1.0,1,622.0,1555.0,1851.3333333333333,309.0,DoS
ipcas_21:73:33,143,0,2414,LIED10CTRL/LLN0$Status,0.0020071070000007296,0.0,1.0,1,622.0,1555.0,1851.3333333333333,309.0,DoS
ipcas_21:73:33,143,0,2415,LIED10CTRL/LLN0$Status,0.002001974000002349,0.0,1.0,1,622.0,1555.0,1851.3333333333333,309.0,DoS
ipcas_21:73:33,143,0,2416,LIED10CTRL/LLN0$Status,0.0021843910000001188,0.0,1.0,1,622.0,1555.0,1851.3333333333333,309.0,DoS
ipcas_21:73:33,143,0,2417,LIED10CTRL/LLN0$Status,0.001976943999999037,0.0,1.0,1,622.0,1555.0,1851.3333333333333,309.0,DoS
ipcas_21:73:33,143,0,2418,LIED10CTRL/LLN0$Status,0.001824551999998647,0.0,1.0,1,622.0,1555.0,1851.3333333333333,309.0,DoS
ipcas_21:73:33,143,0,2419,LIED10CTRL/LLN0$Status,0.002002856000000719,0.0,1.0,1,622.0,1555.0,1851.3333333333333,309.0,DoS
ipcas_21:73:33,143,0,2420,LIED10CTRL/LLN0$Status,0.001996858999998352,0.0,1.0,1,622.0,1555.0,1851.3333333333333,309.0,DoS
ipcas_21:73:33,143,0,2421,LIED10CTRL/LLN0$Status,0.001928294000002495,0.0,1.0,1,622.0,1555.0,1851.3333333333333,309.0,DoS
ipcas_21:73:33,143,0,2422,LIED10CTRL/LLN0$Status,0.002239003999999767,0.0,1.0,1,622.0,1555.0,1851.3333333333333,309.0,DoS
ipcas_21:73:33,143,0,2423,LIED10CTRL/LLN0$Status,0.0019714749999977244,0.0,1.0,1,622.0,1555.0,1851.3333333333333,309.0,DoS
ipcas_21:73:33,143,0,2424,LIED10CTRL/LLN0$Status,0.0023010370000022817,0.0,1.0,1,622.0,1555.0,1851.3333333333333,309.0,DoS
ipcas_21:73:33,143,0,2425,LIED10CTRL/LLN0$Status,0.00152754199999805,0.0,1.0,1,622.0,1555.0,1851.3333333333333,309.0,DoS
ipcas_21:73:33,143,0,2426,LIED10CTRL/LLN0$Status,0.0020098160000010523,0.0,1.0,1,622.0,1555.0,1851.3333333333333,309.0,DoS
ipcas_21:73:33,143,0,2427,LIED10CTRL/LLN0$Status,0.0021027380000013807,0.0,1.0,1,622.0,1555.0,1851.3333333333333,309.0,DoS
ipcas_21:73:33,143,0,2428,LIED10CTRL/LLN0$Status,0.002585886999998621,0.0,1.0,1,622.0,1555.0,1851.3333333333333,309.0,DoS
ipcas_21:73:33,143,0,2429,LIED10CTRL/LLN0$Status,0.0018802230000005693,0.0,1.0,1,622.0,1555.0,1851.3333333333333,309.0,DoS
ipcas_21:73:33,143,0,2430,LIED10CTRL/LLN0$Status,0.0015153079999983277,0.0,1.0,1,622.0,1555.0,1851.3333333333333,309.0,DoS
ipcas_21:73:33,143,0,2431,LIED10CTRL/LLN0$Status,0.001955939000001905,0.0,1.0,1,622.0,1555.0,1851.3333333333333,309.0,DoS
ipcas_21:73:33,143,0,2432,LIED10CTRL/LLN0$Status,0.002006318999999479,0.0,1.0,1,622.0,1555.0,1851.3333333333333,309.0,DoS
ipcas_21:73:33,143,0,2433,LIED10CTRL/LLN0$Status,0.002048099999999664,0.0,1.0,1,622.0,1555.0,1851.3333333333333,309.0,DoS
ipcas_21:73:33,143,0,2434,LIED10CTRL/LLN0$Status,0.0021905199999991964,0.0,1.0,1,622.0,1555.0,1851.3333333333333,309.0,DoS
ipcas_21:73:33,143,0,2435,LIED10CTRL/LLN0$Status,0.0018041289999999321,0.0,1.0,1,622.0,1555.0,1851.3333333333333,309.0,DoS
ipcas_21:73:33,143,0,2436,LIED10CTRL/LLN0$Status,0.002027453000000179,0.0,1.0,1,622.0,1555.0,1851.3333333333333,309.0,DoS
ipcas_21:73:33,143,0,2437,LIED10CTRL/LLN0$Status,0.0019337610000000893,0.0,1.0,1,622.0,1555.0,1851.3333333333333,309.0,DoS
ipcas_21:73:33,143,0,2438,LIED10CTRL/LLN0$Status,0.0020791550000005543,0.0,1.0,1,622.0,1555.0,1851.3333333333333,309.0,DoS
ipcas_21:73:33,143,0,2439,LIED10CTRL/LLN0$Status,0.0020486559999994824,0.0,1.0,1,622.0,1555.0,1851.3333333333333,309.0,DoS
ipcas_21:73:33,143,0,2440,LIED10CTRL/LLN0$Status,0.0018356660000016234,0.0,1.0,1,622.0,1555.0,1851.3333333333333,309.0,DoS
ipcas_21:73:33,143,0,2441,LIED10CTRL/LLN0$Status,0.0019533090000010134,0.0,1.0,1,622.0,1555.0,1851.3333333333333,309.0,DoS
ipcas_21:73:33,143,0,2442,LIED10CTRL/LLN0$Status,0.001969993999999531,0.0,1.0,1,622.0,1555.0,1851.3333333333333,309.0,DoS
ipcas_21:73:33,143,0,2443,LIED10CTRL/LLN0$Status,0.0020211289999991777,0.0,1.0,1,622.0,1555.0,1851.3333333333333,309.0,DoS
ipcas_21:73:33,143,0,2444,LIED10CTRL/LLN0$Status,0.0020410700000006443,0.0,1.0,1,622.0,1555.0,1851.3333333333333,309.0,DoS
ipcas_21:73:33,143,0,2445,LIED10CTRL/LLN0$Status,0.0020301990000000103,0.0,1.0,1,622.0,1555.0,1851.3333333333333,309.0,DoS
ipcas_21:73:33,143,0,2446,LIED10CTRL/LLN0$Status,0.0019052940000001684,0.0,1.0,1,622.0,1555.0,1851.3333333333333,309.0,DoS
ipcas_21:73:33,143,0,2447,LIED10CTRL/LLN0$Status,0.0020087969999984523,0.0,1.0,1,622.0,1555.0,1851.3333333333333,309.0,DoS
ipcas_21:73:33,143,0,2448,LIED10CTRL/LLN0$Status,0.00199114600000172,0.0,1.0,1,622.0,1555.0,1851.3333333333333,309.0,DoS
ipcas_21:73:33,143,0,2449,LIED10CTRL/LLN0$Status,0.002015300000000053,0.0,1.0,1,622.0,1555.0,1851.3333333333333,309.0,DoS
ipcas_21:73:33,143,0,2450,LIED10CTRL/LLN0$Status,0.0020220319999992853,0.0,1.0,1,622.0,1555.0,1851.3333333333333,309.0,DoS
ipcas_21:73:33,143,0,2451,LIED10CTRL/LLN0$Status,0.00213034999999806,0.0,1.0,1,622.0,1555.0,1851.3333333333333,309.0,DoS
ipcas_21:73:33,143,0,2452,LIED10CTRL/LLN0$Status,0.0018442240000027255,0.0,1.0,1,622.0,1555.0,1851.3333333333333,309.0,DoS
ipcas_21:73:33,143,0,2453,LIED10CTRL/LLN0$Status,0.0020952479999998275,0.0,1.0,1,622.0,1555.0,1851.3333333333333,309.0,DoS
ipcas_21:73:33,143,0,2454,LIED10CTRL/LLN0$Status,0.0019824279999980376,0.0,1.0,1,622.0,1555.0,1851.3333333333333,309.0,DoS
ipcas_21:73:33,143,0,2455,LIED10CTRL/LLN0$Status,0.002052163000001883,0.0,1.0,1,622.0,1555.0,1851.3333333333333,309.0,DoS
ipcas_21:73:33,143,0,2456,LIED10CTRL/LLN0$Status,0.002184098999997275,0.0,1.0,1,622.0,1555.0,1851.3333333333333,309.0,DoS
ipcas_21:73:33,143,0,2457,LIED10CTRL/LLN0$Status,0.0017279180000002725,0.0,1.0,1,622.0,1555.0,1851.3333333333333,309.0,DoS
ipcas_21:73:33,143,0,2458,LIED10CTRL/LLN0$Status,0.002019685000000493,0.0,1.0,1,622.0,1555.0,1851.3333333333333,309.0,DoS
ipcas_21:73:33,143,0,2459,LIED10CTRL/LLN0$Status,0.0019751810000023795,0.0,1.0,1,622.0,1555.0,1851.3333333333333,309.0,DoS
ipcas_21:73:33,143,0,2460,LIED10CTRL/LLN0$Status,0.0019772389999985762,0.0,1.0,1,622.0,1555.0,1851.3333333333333,309.0,DoS
ipcas_21:73:33,143,0,2461,LIED10CTRL/LLN0$Status,0.0020853490000014574,0.0,1.0,1,622.0,1555.0,1851.3333333333333,309.0,DoS
ipcas_21:73:33,143,0,2462,LIED10CTRL/LLN0$Status,0.0019138999999981365,0.0,1.0,1,622.0,1555.0,1851.3333333333333,309.0,DoS
ipcas_21:73:33,143,0,2463,LIED10CTRL/LLN0$Status,0.002031378000001638,0.0,1.0,1,622.0,1555.0,1851.3333333333333,309.0,DoS
ipcas_21:73:33,143,0,2464,LIED10CTRL/LLN0$Status,0.0020852060000002837,0.0,1.0,1,622.0,1555.0,1851.3333333333333,309.0,DoS
ipcas_21:73:33,143,0,2465,LIED10CTRL/LLN0$Status,0.0018830779999987612,0.0,1.0,1,622.0,1555.0,1851.3333333333333,309.0,DoS
ipcas_21:73:33,143,0,2466,LIED10CTRL/LLN0$Status,0.0020478839999995557,0.0,1.0,1,622.0,1555.0,1851.3333333333333,309.0,DoS
ipcas_21:73:33,143,0,2467,LIED10CTRL/LLN0$Status,0.0019681499999997243,0.0,1.0,1,622.0,1555.0,1851.3333333333333,309.0,DoS
ipcas_21:73:33,143,0,2468,LIED10CTRL/LLN0$Status,0.002041181999999253,0.0,1.0,1,622.0,1555.0,1851.3333333333333,309.0,DoS
ipcas_21:73:33,143,0,2469,LIED10CTRL/LLN0$Status,0.0022005050000011295,0.0,1.0,1,622.0,1555.0,1851.3333333333333,309.0,DoS
ipcas_21:73:33,143,0,2470,LIED10CTRL/LLN0$Status,0.0018285650000002818,0.0,1.0,1,622.0,1555.0,1851.3333333333333,309.0,DoS
ipcas_21:73:33,143,0,2471,LIED10CTRL/LLN0$Status,0.0020944739999997353,0.0,1.0,1,622.0,1555.0,1851.3333333333333,309.0,DoS
ipcas_21:73:33,143,0,2472,LIED10CTRL/LLN0$Status,0.00190561999999872,0.0,1.0,1,622.0,1555.0,1851.3333333333333,309.0,DoS
ipcas_21:73:33,143,0,2473,LIED10CTRL/LLN0$Status,0.001973104000001058,0.0,1.0,1,622.0,1555.0,1851.3333333333333,309.0,DoS
ipcas_21:73:33,143,0,2474,LIED10CTRL/LLN0$Status,0.0019819060000010325,0.0,1.0,1,622.0,1555.0,1851.3333333333333,309.0,DoS
ipcas_21:73:33,143,0,2475,LIED10CTRL/LLN0$Status,0.0020776950000005456,0.0,1.0,1,622.0,1555.0,1851.3333333333333,309.0,DoS
ipcas_21:73:33,143,0,2476,LIED10CTRL/LLN0$Status,0.0019938859999975023,0.0,1.0,1,622.0,1555.0,1851.3333333333333,309.0,DoS
ipcas_21:73:33,143,0,2477,LIED10CTRL/LLN0$Status,0.001495516000002084,0.0,1.0,1,622.0,1555.0,1851.3333333333333,309.0,DoS
ipcas_21:73:33,143,0,2478,LIED10CTRL/LLN0$Status,0.0015489100000003475,0.0,1.0,1,622.0,1555.0,1851.3333333333333,309.0,DoS
ipcas_21:73:33,143,0,2479,LIED10CTRL/LLN0$Status,0.001941364999996864,0.0,1.0,1,622.0,1555.0,1851.3333333333333,309.0,DoS
ipcas_21:73:33,143,0,2480,LIED10CTRL/LLN0$Status,0.0035093880000012234,0.0,1.0,1,622.0,1555.0,1851.3333333333333,309.0,DoS
ipcas_21:73:33,143,0,2481,LIED10CTRL/LLN0$Status,0.001044078999999698,0.0,1.0,1,622.0,1555.0,1851.3333333333333,309.0,DoS
ipcas_21:73:33,143,0,2482,LIED10CTRL/LLN0$Status,0.0017115019999991432,0.0,1.0,1,622.0,1555.0,1851.3333333333333,309.0,DoS
ipcas_21:73:33,143,0,2483,LIED10CTRL/LLN0$Status,0.0016887740000015583,0.0,1.0,1,622.0,1555.0,1851.3333333333333,309.0,DoS
ipcas_21:73:33,143,0,2484,LIED10CTRL/LLN0$Status,0.001987252999999356,0.0,1.0,1,622.0,1555.0,1851.3333333333333,309.0,DoS
ipcas_21:73:33,143,0,2485,LIED10CTRL/LLN0$Status,0.002181108000002041,0.0,1.0,1,622.0,1555.0,1851.3333333333333,309.0,DoS
ipcas_21:73:33,143,0,2486,LIED10CTRL/LLN0$Status,0.0019269289999996886,0.0,1.0,1,622.0,1555.0,1851.3333333333333,309.0,DoS
ipcas_21:73:33,143,0,2487,LIED10CTRL/LLN0$Status,0.0019309629999995082,0.0,1.0,1,622.0,1555.0,1851.3333333333333,309.0,DoS
ipcas_21:73:33,143,0,2488,LIED10CTRL/LLN0$Status,0.001883877000000922,0.0,1.0,1,622.0,1555.0,1851.3333333333333,309.0,DoS
ipcas_21:73:33,143,0,2489,LIED10CTRL/LLN0$Status,0.0022574229999996476,0.0,1.0,1,622.0,1555.0,1851.3333333333333,309.0,DoS
ipcas_21:73:33,143,0,2490,LIED10CTRL/LLN0$Status,0.0017705349999985742,0.0,1.0,1,622.0,1555.0,1851.3333333333333,309.0,DoS
ipcas_21:73:33,143,0,2491,LIED10CTRL/LLN0$Status,0.0021470259999993857,0.0,1.0,1,622.0,1555.0,1851.3333333333333,309.0,DoS
ipcas_21:73:33,143,0,2492,LIED10CTRL/LLN0$Status,0.0019457789999997033,0.0,1.0,1,622.0,1555.0,1851.3333333333333,309.0,DoS
ipcas_21:73:33,143,0,2493,LIED10CTRL/LLN0$Status,0.002019685000000493,0.0,1.0,1,622.0,1555.0,1851.3333333333333,309.0,DoS
ipcas_21:73:33,143,0,2494,LIED10CTRL/LLN0$Status,0.0020042010000018706,0.0,1.0,1,622.0,1555.0,1851.3333333333333,309.0,DoS
ipcas_21:73:33,143,0,2495,LIED10CTRL/LLN0$Status,0.0020045899999985295,0.0,1.0,1,622.0,1555.0,1851.3333333333333,309.0,DoS
ipcas_21:73:33,143,0,2496,LIED10CTRL/LLN0$Status,0.001876271000000429,0.0,1.0,1,622.0,1555.0,1851.3333333333333,309.0,DoS
ipcas_21:73:33,143,0,2497,LIED10CTRL/LLN0$Status,0.00200055599999871,0.0,1.0,1,622.0,1555.0,1851.3333333333333,309.0,DoS
ipcas_21:73:33,143,0,2498,LIED10CTRL/LLN0$Status,0.0020092849999997497,0.0,1.0,1,622.0,1555.0,1851.3333333333333,309.0,DoS
ipcas_21:73:33,143,0,2499,LIED10CTRL/LLN0$Status,0.0019880770000000325,0.0,1.0,1,622.0,1555.0,1851.3333333333333,309.0,DoS
ipcas_21:73:33,143,0,2500,LIED10CTRL/LLN0$Status,0.001985620000002797,0.0,1.0,1,622.0,1555.0,1851.3333333333333,309.0,DoS
ipcas_21:73:33,143,0,2501,LIED10CTRL/LLN0$Status,0.002042463999998745,0.0,1.0,1,622.0,1555.0,1851.3333333333333,309.0,DoS
ipcas_21:73:33,143,0,2502,LIED10CTRL/LLN0$Status,0.002107931000001173,0.0,1.0,1,622.0,1555.0,1851.3333333333333,309.0,DoS
ipcas_21:73:33,143,0,2503,LIED10CTRL/LLN0$Status,0.0019908159999992847,0.0,1.0,1,622.0,1555.0,1851.3333333333333,309.0,DoS
ipcas_21:73:33,143,0,2504,LIED10CTRL/LLN0$Status,0.0019715699999984793,0.0,1.0,1,622.0,1555.0,1851.3333333333333,309.0,DoS
ipcas_21:73:33,143,0,2505,LIED10CTRL/LLN0$Status,0.002096087000001745,0.0,1.0,1,622.0,1555.0,1851.3333333333333,309.0,DoS
ipcas_21:73:33,143,0,2506,LIED10CTRL/LLN0$Status,0.001993709000000621,0.0,1.0,1,622.0,1555.0,1851.3333333333333,309.0,DoS
ipcas_21:73:33,143,0,2507,LIED10CTRL/LLN0$Status,0.0018597889999973916,0.0,1.0,1,622.0,1555.0,1851.3333333333333,309.0,DoS
ipcas_21:73:33,143,0,2508,LIED10CTRL/LLN0$Status,0.002064811000000333,0.0,1.0,1,622.0,1555.0,1851.3333333333333,309.0,DoS
ipcas_21:73:33,143,0,2509,LIED10CTRL/LLN0$Status,0.0013311080000022457,0.0,1.0,1,622.0,1555.0,1851.3333333333333,309.0,DoS
ipcas_21:73:33,143,0,2510,LIED10CTRL/LLN0$Status,0.0016526030000001413,0.0,1.0,1,622.0,1555.0,1851.3333333333333,309.0,DoS
ipcas_21:73:33,143,0,2511,LIED10CTRL/LLN0$Status,0.001987845999998683,0.0,1.0,1,622.0,1555.0,1851.3333333333333,309.0,DoS
ipcas_21:73:33,143,0,2512,LIED10CTRL/LLN0$Status,0.001964004000001296,0.0,1.0,1,622.0,1555.0,1851.3333333333333,309.0,DoS
ipcas_21:73:33,143,0,2513,LIED10CTRL/LLN0$Status,0.002118854999999087,0.0,1.0,1,622.0,1555.0,1851.3333333333333,309.0,DoS
ipcas_21:73:33,143,0,2514,LIED10CTRL/LLN0$Status,0.0020012299999976335,0.0,1.0,1,622.0,1555.0,1851.3333333333333,309.0,DoS
ipcas_21:73:33,143,0,2515,LIED10CTRL/LLN0$Status,0.0013218040000033682,0.0,1.0,1,622.0,1555.0,1851.3333333333333,309.0,DoS
ipcas_21:73:33,143,0,2516,LIED10CTRL/LLN0$Status,0.0015450839999999744,0.0,1.0,1,622.0,1555.0,1851.3333333333333,309.0,DoS
ipcas_21:73:33,143,0,2517,LIED10CTRL/LLN0$Status,0.001997973999998237,0.0,1.0,1,622.0,1555.0,1851.3333333333333,309.0,DoS
ipcas_21:73:33,143,0,2518,LIED10CTRL/LLN0$Status,0.0019754190000007554,0.0,1.0,1,622.0,1555.0,1851.3333333333333,309.0,DoS
ipcas_21:73:33,143,0,2519,LIED10CTRL/LLN0$Status,0.0020371949999997696,0.0,1.0,1,622.0,1555.0,1851.3333333333333,309.0,DoS
ipcas_21:73:33,143,0,2520,LIED10CTRL/LLN0$Status,0.002093260999998847,0.0,1.0,1,622.0,1555.0,1851.3333333333333,309.0,DoS
ipcas_21:73:33,143,0,2521,LIED10CTRL/LLN0$Status,0.002089983000001183,0.0,1.0,1,622.0,1555.0,1851.3333333333333,309.0,DoS
ipcas_21:73:33,143,0,2522,LIED10CTRL/LLN0$Status,0.0018587809999992544,0.0,1.0,1,622.0,1555.0,1851.3333333333333,309.0,DoS
ipcas_21:73:33,143,0,2523,LIED10CTRL/LLN0$Status,0.0019631609999990474,0.0,1.0,1,622.0,1555.0,1851.3333333333333,309.0,DoS
ipcas_21:73:33,143,0,2524,LIED10CTRL/LLN0$Status,0.0019314960000009762,0.0,1.0,1,622.0,1555.0,1851.3333333333333,309.0,DoS
ipcas_21:73:33,143,0,2525,LIED10CTRL/LLN0$Status,0.0020456029999991188,0.0,1.0,1,622.0,1555.0,1851.3333333333333,309.0,DoS
ipcas_21:73:33,143,0,2526,LIED10CTRL/LLN0$Status,0.0019639389999994705,0.0,1.0,1,622.0,1555.0,1851.3333333333333,309.0,DoS
ipcas_21:73:33,143,0,2527,LIED10CTRL/LLN0$Status,0.0011160720000020774,0.0,1.0,1,622.0,1555.0,1851.3333333333333,309.0,DoS
ipcas_21:73:33,143,0,2528,LIED10CTRL/LLN0$Status,0.0018930069999996135,0.0,1.0,1,622.0,1555.0,1851.3333333333333,309.0,DoS
ipcas_21:73:33,143,0,2529,LIED10CTRL/LLN0$Status,0.002001354000000788,0.0,1.0,1,622.0,1555.0,1851.3333333333333,309.0,DoS
ipcas_21:73:33,143,0,2530,LIED10CTRL/LLN0$Status,0.0020060710000002757,0.0,1.0,1,622.0,1555.0,1851.3333333333333,309.0,DoS
ipcas_21:73:33,143,0,2531,LIED10CTRL/LLN0$Status,0.0019887419999982114,0.0,1.0,1,622.0,1555.0,1851.3333333333333,309.0,DoS
ipcas_21:73:33,143,0,2532,LIED10CTRL/LLN0$Status,0.0013700990000025115,0.0,1.0,1,622.0,1555.0,1851.3333333333333,309.0,DoS
ipcas_21:73:33,143,0,2533,LIED10CTRL/LLN0$Status,0.002214545999997597,0.0,1.0,1,622.0,1555.0,1851.3333333333333,309.0,DoS
ipcas_21:73:33,143,0,2534,LIED10CTRL/LLN0$Status,0.0006435410000023012,0.0,1.0,1,622.0,1555.0,1851.3333333333333,309.0,DoS
ipcas_21:73:33,143,0,2535,LIED10CTRL/LLN0$Status,0.0018374169999972878,0.0,1.0,1,622.0,1555.0,1851.3333333333333,309.0,DoS
ipcas_21:73:33,143,0,2536,LIED10CTRL/LLN0$Status,0.0028632359999996027,0.0,1.0,1,622.0,1555.0,1851.3333333333333,309.0,DoS
ipcas_21:73:33,143,0,2537,LIED10CTRL/LLN0$Status,0.0014926180000003342,0.0,1.0,1,622.0,1555.0,1851.3333333333333,309.0,DoS
ipcas_21:73:33,143,0,2538,LIED10CTRL/LLN0$Status,0.0019196860000008087,0.0,1.0,1,622.0,1555.0,1851.3333333333333,309.0,DoS
ipcas_21:73:33,143,0,2539,LIED10CTRL/LLN0$Status,0.0019029619999990643,0.0,1.0,1,622.0,1555.0,1851.3333333333333,309.0,DoS
ipcas_21:73:33,143,0,2540,LIED10CTRL/LLN0$Status,0.0019744530000025406,0.0,1.0,1,622.0,1555.0,1851.3333333333333,309.0,DoS
ipcas_21:73:33,143,0,2541,LIED10CTRL/LLN0$Status,0.0019664429999970423,0.0,1.0,1,622.0,1555.0,1851.3333333333333,309.0,DoS
ipcas_21:73:33,143,0,2542,LIED10CTRL/LLN0$Status,0.001085749000001357,0.0,1.0,1,622.0,1555.0,1851.3333333333333,309.0,DoS
ipcas_21:73:33,143,0,2543,LIED10CTRL/LLN0$Status,0.0018374899999997751,0.0,1.0,1,622.0,1555.0,1851.3333333333333,309.0,DoS
ipcas_21:73:33,143,0,2544,LIED10CTRL/LLN0$Status,0.0019004359999996723,0.0,1.0,1,622.0,1555.0,1851.3333333333333,309.0,DoS
ipcas_21:73:33,143,0,2545,LIED10CTRL/LLN0$Status,0.0022529870000020935,0.0,1.0,1,622.0,1555.0,1851.3333333333333,309.0,DoS
ipcas_21:73:33,143,0,2546,LIED10CTRL/LLN0$Status,0.0017484619999983408,0.0,1.0,1,622.0,1555.0,1851.3333333333333,309.0,DoS
ipcas_21:73:33,143,0,2547,LIED10CTRL/LLN0$Status,0.00225468200000023,0.0,1.0,1,622.0,1555.0,1851.3333333333333,309.0,DoS
ipcas_21:73:33,143,0,2548,LIED10CTRL/LLN0$Status,0.0017938020000016763,0.0,1.0,1,622.0,1555.0,1851.3333333333333,309.0,DoS
ipcas_21:73:33,143,0,2549,LIED10CTRL/LLN0$Status,0.0019623299999977917,0.0,1.0,1,622.0,1555.0,1851.3333333333333,309.0,DoS
ipcas_21:73:33,143,0,2550,LIED10CTRL/LLN0$Status,0.0020046439999994448,0.0,1.0,1,622.0,1555.0,1851.3333333333333,309.0,DoS
ipcas_21:73:33,143,0,2551,LIED10CTRL/LLN0$Status,0.0023626990000025216,0.0,1.0,1,622.0,1555.0,1851.3333333333333,309.0,DoS
ipcas_21:73:33,143,0,2552,LIED10CTRL/LLN0$Status,0.0015995579999987797,0.0,1.0,1,622.0,1555.0,1851.3333333333333,309.0,DoS
ipcas_21:73:33,143,0,2553,LIED10CTRL/LLN0$Status,0.002057579999998893,0.0,1.0,1,622.0,1555.0,1851.3333333333333,309.0,DoS
ipcas_21:73:33,143,0,2554,LIED10CTRL/LLN0$Status,0.0020505790000022728,0.0,1.0,1,622.0,1555.0,1851.3333333333333,309.0,DoS
ipcas_21:73:33,143,0,2555,LIED10CTRL/LLN0$Status,0.0020800090000001603,0.0,1.0,1,622.0,1555.0,1851.3333333333333,309.0,DoS
ipcas_21:73:33,143,0,2556,LIED10CTRL/LLN0$Status,0.0028316989999979114,0.0,1.0,1,622.0,1555.0,1851.3333333333333,309.0,DoS
ipcas_21:73:33,143,0,2557,LIED10CTRL/LLN0$Status,0.0019213670000013394,0.0,1.0,1,622.0,1555.0,1851.3333333333333,309.0,DoS
ipcas_21:73:33,143,0,2558,LIED10CTRL/LLN0$Status,0.0012103159999981017,0.0,1.0,1,622.0,1555.0,1851.3333333333333,309.0,DoS
ipcas_21:73:33,143,0,2559,LIED10CTRL/LLN0$Status,0.0014439660000000742,0.0,1.0,1,622.0,1555.0,1851.3333333333333,309.0,DoS
ipcas_21:73:33,143,0,2560,LIED10CTRL/LLN0$Status,0.0014615850000012642,0.0,1.0,1,622.0,1555.0,1851.3333333333333,309.0,DoS
ipcas_21:73:33,143,0,2561,LIED10CTRL/LLN0$Status,0.0020854350000014676,0.0,1.0,1,622.0,1555.0,1851.3333333333333,309.0,DoS
ipcas_21:73:33,143,0,2562,LIED10CTRL/LLN0$Status,0.0019163349999971047,0.0,1.0,1,622.0,1555.0,1851.3333333333333,309.0,DoS
ipcas_21:73:33,143,0,2563,LIED10CTRL/LLN0$Status,0.0019929830000009474,0.0,1.0,1,622.0,1555.0,1851.3333333333333,309.0,DoS
ipcas_21:73:33,143,0,2564,LIED10CTRL/LLN0$Status,0.0019658950000014386,0.0,1.0,1,622.0,1555.0,1851.3333333333333,309.0,DoS
ipcas_21:73:33,143,0,2565,LIED10CTRL/LLN0$Status,0.002048747999999989,0.0,1.0,1,622.0,1555.0,1851.3333333333333,309.0,DoS
ipcas_21:73:33,143,0,2566,LIED10CTRL/LLN0$Status,0.002163544999998379,0.0,1.0,1,622.0,1555.0,1851.3333333333333,309.0,DoS
ipcas_21:73:33,143,0,2567,LIED10CTRL/LLN0$Status,0.0018039270000009822,0.0,1.0,1,622.0,1555.0,1851.3333333333333,309.0,DoS
ipcas_21:73:33,143,0,2568,LIED10CTRL/LLN0$Status,0.001988514000000663,0.0,1.0,1,622.0,1555.0,1851.3333333333333,309.0,DoS
ipcas_21:73:33,143,0,2569,LIED10CTRL/LLN0$Status,0.0021159709999984955,0.0,1.0,1,622.0,1555.0,1851.3333333333333,309.0,DoS
ipcas_21:73:33,143,0,2570,LIED10CTRL/LLN0$Status,0.0019042340000012814,0.0,1.0,1,622.0,1555.0,1851.3333333333333,309.0,DoS
ipcas_21:73:33,143,0,2571,LIED10CTRL/LLN0$Status,0.001973226000000494,0.0,1.0,1,622.0,1555.0,1851.3333333333333,309.0,DoS
ipcas_21:73:33,143,0,2572,LIED10CTRL/LLN0$Status,0.002098369999998795,0.0,1.0,1,622.0,1555.0,1851.3333333333333,309.0,DoS
ipcas_21:73:33,143,0,2573,LIED10CTRL/LLN0$Status,0.002006045999998207,0.0,1.0,1,622.0,1555.0,1851.3333333333333,309.0,DoS
ipcas_21:73:33,143,0,2574,LIED10CTRL/LLN0$Status,0.00190934700000156,0.0,1.0,1,622.0,1555.0,1851.3333333333333,309.0,DoS
ipcas_21:73:33,143,0,2575,LIED10CTRL/LLN0$Status,0.002087536000001222,0.0,1.0,1,622.0,1555.0,1851.3333333333333,309.0,DoS
ipcas_21:73:33,143,0,2576,LIED10CTRL/LLN0$Status,0.0018833179999973026,0.0,1.0,1,622.0,1555.0,1851.3333333333333,309.0,DoS
ipcas_21:73:33,143,0,2577,LIED10CTRL/LLN0$Status,0.0020410290000008047,0.0,1.0,1,622.0,1555.0,1851.3333333333333,309.0,DoS
ipcas_21:73:33,143,0,2578,LIED10CTRL/LLN0$Status,0.0019492050000025074,0.0,1.0,1,622.0,1555.0,1851.3333333333333,309.0,DoS
ipcas_21:73:33,143,0,2579,LIED10CTRL/LLN0$Status,0.0021758460000000923,0.0,1.0,1,622.0,1555.0,1851.3333333333333,309.0,DoS
ipcas_21:73:33,143,0,2580,LIED10CTRL/LLN0$Status,0.0019830739999981972,0.0,1.0,1,622.0,1555.0,1851.3333333333333,309.0,DoS
ipcas_21:73:33,143,0,2581,LIED10CTRL/LLN0$Status,0.001996670000000478,0.0,1.0,1,622.0,1555.0,1851.3333333333333,309.0,DoS
ipcas_21:73:33,143,0,2582,LIED10CTRL/LLN0$Status,0.002030697999998665,0.0,1.0,1,622.0,1555.0,1851.3333333333333,309.0,DoS
ipcas_21:73:33,143,0,2583,LIED10CTRL/LLN0$Status,0.0019237499999995578,0.0,1.0,1,622.0,1555.0,1851.3333333333333,309.0,DoS
ipcas_21:73:33,143,0,2584,LIED10CTRL/LLN0$Status,0.0019796880000022554,0.0,1.0,1,622.0,1555.0,1851.3333333333333,309.0,DoS
ipcas_21:73:33,143,0,2585,LIED10CTRL/LLN0$Status,0.0021970789999983253,0.0,1.0,1,622.0,1555.0,1851.3333333333333,309.0,DoS
ipcas_21:73:33,143,0,2586,LIED10CTRL/LLN0$Status,0.001980185000000745,0.0,1.0,1,622.0,1555.0,1851.3333333333333,309.0,DoS
ipcas_21:73:33,143,0,2587,LIED10CTRL/LLN0$Status,0.001854841000000107,0.0,1.0,1,622.0,1555.0,1851.3333333333333,309.0,DoS
ipcas_21:73:33,143,0,2588,LIED10CTRL/LLN0$Status,0.0019892940000012516,0.0,1.0,1,622.0,1555.0,1851.3333333333333,309.0,DoS
ipcas_21:73:33,143,0,2589,LIED10CTRL/LLN0$Status,0.002127404999999527,0.0,1.0,1,622.0,1555.0,1851.3333333333333,309.0,DoS
ipcas_21:73:33,143,0,2590,LIED10CTRL/LLN0$Status,0.0020799929999988365,0.0,1.0,1,622.0,1555.0,1851.3333333333333,309.0,DoS
ipcas_21:73:33,143,0,2591,LIED10CTRL/LLN0$Status,0.0019059980000015742,0.0,1.0,1,622.0,1555.0,1851.3333333333333,309.0,DoS
ipcas_21:73:33,143,0,2592,LIED10CTRL/LLN0$Status,0.0019502799999990827,0.0,1.0,1,622.0,1555.0,1851.3333333333333,309.0,DoS
ipcas_21:73:33,143,0,2593,LIED10CTRL/LLN0$Status,0.002059552999998715,0.0,1.0,1,622.0,1555.0,1851.3333333333333,309.0,DoS
ipcas_21:73:33,143,0,2594,LIED10CTRL/LLN0$Status,0.00201928000000251,0.0,1.0,1,622.0,1555.0,1851.3333333333333,309.0,DoS
ipcas_21:73:33,143,0,2595,LIED10CTRL/LLN0$Status,0.0019395129999999483,0.0,1.0,1,622.0,1555.0,1851.3333333333333,309.0,DoS
ipcas_21:73:33,143,0,2596,LIED10CTRL/LLN0$Status,0.002151768999997472,0.0,1.0,1,622.0,1555.0,1851.3333333333333,309.0,DoS
ipcas_21:73:33,143,0,2597,LIED10CTRL/LLN0$Status,0.001783552000002686,0.0,1.0,1,622.0,1555.0,1851.3333333333333,309.0,DoS
ipcas_21:73:33,143,0,2598,LIED10CTRL/LLN0$Status,0.00206682799999669,0.0,1.0,1,622.0,1555.0,1851.3333333333333,309.0,DoS
ipcas_21:73:33,143,0,2599,LIED10CTRL/LLN0$Status,0.0019291890000019407,0.0,1.0,1,622.0,1555.0,1851.3333333333333,309.0,DoS
ipcas_21:73:33,143,0,2600,LIED10CTRL/LLN0$Status,0.00208113300000079,0.0,1.0,1,622.0,1555.0,1851.3333333333333,309.0,DoS
ipcas_21:73:33,143,0,2601,LIED10CTRL/LLN0$Status,0.0018290689999993504,0.0,1.0,1,622.0,1555.0,1851.3333333333333,309.0,DoS
ipcas_21:73:33,143,0,2602,LIED10CTRL/LLN0$Status,0.0020741250000000377,0.0,1.0,1,622.0,1555.0,1851.3333333333333,309.0,DoS
ipcas_21:73:33,143,0,2603,LIED10CTRL/LLN0$Status,0.0021879260000012835,0.0,1.0,1,622.0,1555.0,1851.3333333333333,309.0,DoS
ipcas_21:73:33,143,0,2604,LIED10CTRL/LLN0$Status,0.0020110459999997943,0.0,1.0,1,622.0,1555.0,1851.3333333333333,309.0,DoS
ipcas_21:73:33,143,0,2605,LIED10CTRL/LLN0$Status,0.0019055979999968997,0.0,1.0,1,622.0,1555.0,1851.3333333333333,309.0,DoS
ipcas_21:73:33,143,0,2606,LIED10CTRL/LLN0$Status,0.002095064000002367,0.0,1.0,1,622.0,1555.0,1851.3333333333333,309.0,DoS
ipcas_21:73:33,143,0,2607,LIED10CTRL/LLN0$Status,0.0018496789999993268,0.0,1.0,1,622.0,1555.0,1851.3333333333333,309.0,DoS
ipcas_21:73:33,143,0,2608,LIED10CTRL/LLN0$Status,0.0019502920000000756,0.0,1.0,1,622.0,1555.0,1851.3333333333333,309.0,DoS
ipcas_21:73:33,143,0,2609,LIED10CTRL/LLN0$Status,0.002135153000001111,0.0,1.0,1,622.0,1555.0,1851.3333333333333,309.0,DoS
ipcas_21:73:33,143,0,2610,LIED10CTRL/LLN0$Status,0.0020878409999980363,0.0,1.0,1,622.0,1555.0,1851.3333333333333,309.0,DoS
ipcas_21:73:33,143,0,2611,LIED10CTRL/LLN0$Status,0.001858620000000144,0.0,1.0,1,622.0,1555.0,1851.3333333333333,309.0,DoS
ipcas_21:73:33,143,0,2612,LIED10CTRL/LLN0$Status,0.0019960780000012335,0.0,1.0,1,622.0,1555.0,1851.3333333333333,309.0,DoS
ipcas_21:73:33,143,0,2613,LIED10CTRL/LLN0$Status,0.002027052999999057,0.0,1.0,1,622.0,1555.0,1851.3333333333333,309.0,DoS
ipcas_21:73:33,143,0,2614,LIED10CTRL/LLN0$Status,0.0018947699999998235,0.0,1.0,1,622.0,1555.0,1851.3333333333333,309.0,DoS
ipcas_21:73:33,143,0,2615,LIED10CTRL/LLN0$Status,0.00228307000000072,0.0,1.0,1,622.0,1555.0,1851.3333333333333,309.0,DoS
ipcas_21:73:33,143,0,2616,LIED10CTRL/LLN0$Status,0.0018245840000012947,0.0,1.0,1,622.0,1555.0,1851.3333333333333,309.0,DoS
ipcas_21:73:33,143,0,2617,LIED10CTRL/LLN0$Status,0.0018635979999999108,0.0,1.0,1,622.0,1555.0,1851.3333333333333,309.0,DoS
ipcas_21:73:33,143,0,2618,LIED10CTRL/LLN0$Status,0.0022702729999970472,0.0,1.0,1,622.0,1555.0,1851.3333333333333,309.0,DoS
ipcas_21:73:33,143,0,2619,LIED10CTRL/LLN0$Status,0.001873737000000375,0.0,1.0,1,622.0,1555.0,1851.3333333333333,309.0,DoS
ipcas_21:73:33,143,0,2620,LIED10CTRL/LLN0$Status,0.0019128660000014008,0.0,1.0,1,622.0,1555.0,1851.3333333333333,309.0,DoS
ipcas_21:73:33,143,0,2621,LIED10CTRL/LLN0$Status,0.00209996299999915,0.0,1.0,1,622.0,1555.0,1851.3333333333333,309.0,DoS
ipcas_21:73:33,143,0,2622,LIED10CTRL/LLN0$Status,0.002141904000001915,0.0,1.0,1,622.0,1555.0,1851.3333333333333,309.0,DoS
ipcas_21:73:33,143,0,2623,LIED10CTRL/LLN0$Status,0.0018141360000001328,0.0,1.0,1,622.0,1555.0,1851.3333333333333,309.0,DoS
ipcas_21:73:33,143,0,2624,LIED10CTRL/LLN0$Status,0.002145557999998715,0.0,1.0,1,622.0,1555.0,1851.3333333333333,309.0,DoS
ipcas_21:73:33,143,0,2625,LIED10CTRL/LLN0$Status,0.0020856939999980284,0.0,1.0,1,622.0,1555.0,1851.3333333333333,309.0,DoS
ipcas_21:73:33,143,0,2626,LIED10CTRL/LLN0$Status,0.0017632210000009252,0.0,1.0,1,622.0,1555.0,1851.3333333333333,309.0,DoS
ipcas_21:73:33,143,0,2627,LIED10CTRL/LLN0$Status,0.0019352490000024147,0.0,1.0,1,622.0,1555.0,1851.3333333333333,309.0,DoS
ipcas_21:73:33,143,0,2628,LIED10CTRL/LLN0$Status,0.0022123189999980752,0.0,1.0,1,622.0,1555.0,1851.3333333333333,309.0,DoS
ipcas_21:73:33,143,0,2629,LIED10CTRL/LLN0$Status,0.0019365720000017461,0.0,1.0,1,622.0,1555.0,1851.3333333333333,309.0,DoS
ipcas_21:73:33,143,0,2630,LIED10CTRL/LLN0$Status,0.001924369999997566,0.0,1.0,1,622.0,1555.0,1851.3333333333333,309.0,DoS
ipcas_21:73:33,143,0,2631,LIED10CTRL/LLN0$Status,0.0019180070000004434,0.0,1.0,1,622.0,1555.0,1851.3333333333333,309.0,DoS
ipcas_21:73:33,143,0,2632,LIED10CTRL/LLN0$Status,0.002220534999999302,0.0,1.0,1,622.0,1555.0,1851.3333333333333,309.0,DoS
ipcas_21:73:33,143,0,2633,LIED10CTRL/LLN0$Status,0.0018127539999994724,0.0,1.0,1,622.0,1555.0,1851.3333333333333,309.0,DoS
ipcas_21:73:33,143,0,2634,LIED10CTRL/LLN0$Status,0.0019413370000016528,0.0,1.0,1,622.0,1555.0,1851.3333333333333,309.0,DoS
ipcas_21:73:33,143,0,2635,LIED10CTRL/LLN0$Status,0.001987913000000674,0.0,1.0,1,622.0,1555.0,1851.3333333333333,309.0,DoS
ipcas_21:73:33,143,0,2636,LIED10CTRL/LLN0$Status,0.002125310000000269,0.0,1.0,1,622.0,1555.0,1851.3333333333333,309.0,DoS
ipcas_21:73:33,143,0,2637,LIED10CTRL/LLN0$Status,0.0018921809999987715,0.0,1.0,1,622.0,1555.0,1851.3333333333333,309.0,DoS
ipcas_21:73:33,143,0,2638,LIED10CTRL/LLN0$Status,0.002290658999999806,0.0,1.0,1,622.0,1555.0,1851.3333333333333,309.0,DoS
ipcas_21:73:33,143,0,2639,LIED10CTRL/LLN0$Status,0.0018017920000019672,0.0,1.0,1,622.0,1555.0,1851.3333333333333,309.0,DoS
ipcas_21:73:33,143,0,2640,LIED10CTRL/LLN0$Status,0.001885525999998805,0.0,1.0,1,622.0,1555.0,1851.3333333333333,309.0,DoS
ipcas_21:73:33,143,0,2641,LIED10CTRL/LLN0$Status,0.002093775999998826,0.0,1.0,1,622.0,1555.0,1851.3333333333333,309.0,DoS
ipcas_21:73:33,143,0,2642,LIED10CTRL/LLN0$Status,0.0022420929999995565,0.0,1.0,1,622.0,1555.0,1851.3333333333333,309.0,DoS
ipcas_21:73:33,143,0,2643,LIED10CTRL/LLN0$Status,0.0016663050000005342,0.0,1.0,1,622.0,1555.0,1851.3333333333333,309.0,DoS
ipcas_21:73:33,143,0,2644,LIED10CTRL/LLN0$Status,0.0019955399999993517,0.0,1.0,1,622.0,1555.0,1851.3333333333333,309.0,DoS
ipcas_21:73:33,143,0,2645,LIED10CTRL/LLN0$Status,0.0020342430000006573,0.0,1.0,1,622.0,1555.0,1851.3333333333333,309.0,DoS
ipcas_21:73:33,143,0,2646,LIED10CTRL/LLN0$Status,0.0020894879999993066,0.0,1.0,1,622.0,1555.0,1851.3333333333333,309.0,DoS
ipcas_21:73:33,143,0,2647,LIED10CTRL/LLN0$Status,0.002023712999999816,0.0,1.0,1,622.0,1555.0,1851.3333333333333,309.0,DoS
ipcas_21:73:33,143,0,2648,LIED10CTRL/LLN0$Status,0.0020966740000005757,0.0,1.0,1,622.0,1555.0,1851.3333333333333,309.0,DoS
ipcas_21:73:33,143,0,2649,LIED10CTRL/LLN0$Status,0.0019237560000000542,0.0,1.0,1,622.0,1555.0,1851.3333333333333,309.0,DoS
ipcas_21:73:33,143,0,2650,LIED10CTRL/LLN0$Status,0.0019826570000027743,0.0,1.0,1,622.0,1555.0,1851.3333333333333,309.0,DoS
ipcas_21:73:33,143,0,2651,LIED10CTRL/LLN0$Status,0.002116727999997181,0.0,1.0,1,622.0,1555.0,1851.3333333333333,309.0,DoS
ipcas_21:73:33,143,0,2652,LIED10CTRL/LLN0$Status,0.0018610140000028252,0.0,1.0,1,622.0,1555.0,1851.3333333333333,309.0,DoS
ipcas_21:73:33,143,0,2653,LIED10CTRL/LLN0$Status,0.0021117249999988985,0.0,1.0,1,622.0,1555.0,1851.3333333333333,309.0,DoS
ipcas_21:73:33,143,0,2654,LIED10CTRL/LLN0$Status,0.0019054839999981255,0.0,1.0,1,622.0,1555.0,1851.3333333333333,309.0,DoS
ipcas_21:73:33,143,0,2655,LIED10CTRL/LLN0$Status,0.0019970029999996086,0.0,1.0,1,622.0,1555.0,1851.3333333333333,309.0,DoS
ipcas_21:73:33,143,0,2656,LIED10CTRL/LLN0$Status,0.0020198880000030783,0.0,1.0,1,622.0,1555.0,1851.3333333333333,309.0,DoS
ipcas_21:73:33,143,0,2657,LIED10CTRL/LLN0$Status,0.0019445059999974035,0.0,1.0,1,622.0,1555.0,1851.3333333333333,309.0,DoS
ipcas_21:73:33,143,0,2658,LIED10CTRL/LLN0$Status,0.002273138999999702,0.0,1.0,1,622.0,1555.0,1851.3333333333333,309.0,DoS
ipcas_21:73:33,143,0,2659,LIED10CTRL/LLN0$Status,0.0017867600000016637,0.0,1.0,1,622.0,1555.0,1851.3333333333333,309.0,DoS
ipcas_21:73:33,143,0,2660,LIED10CTRL/LLN0$Status,5.596000001162338e-06,-1.0,2645.0,1,622.0,1555.0,1851.3333333333333,309.0,DoS
ipcas_21:73:33,143,0,2661,LIED10CTRL/LLN0$Status,0.0015709970000017393,0.0,1.0,1,617.3333333333334,1546.3333333333333,1845.3333333333333,308.1666666666667,DoS
ipcas_21:73:33,143,0,2662,LIED10CTRL/LLN0$Status,0.002578043999999835,0.0,1.0,1,617.3333333333334,1546.3333333333333,1845.3333333333333,308.1666666666667,DoS
ipcas_21:73:33,143,0,2663,LIED10CTRL/LLN0$Status,0.0014162129999988338,0.0,1.0,1,617.3333333333334,1546.3333333333333,1845.3333333333333,308.1666666666667,DoS
ipcas_21:73:33,143,0,2664,LIED10CTRL/LLN0$Status,0.002183061000000208,0.0,1.0,1,617.3333333333334,1546.3333333333333,1845.3333333333333,308.1666666666667,DoS
ipcas_21:73:33,143,0,2665,LIED10CTRL/LLN0$Status,0.0018434680000005699,0.0,1.0,1,617.3333333333334,1546.3333333333333,1845.3333333333333,308.1666666666667,DoS
ipcas_21:73:33,143,0,2666,LIED10CTRL/LLN0$Status,0.0019370639999998218,0.0,1.0,1,617.3333333333334,1546.3333333333333,1845.3333333333333,308.1666666666667,DoS
ipcas_21:73:33,143,0,2667,LIED10CTRL/LLN0$Status,0.002250361999998063,0.0,1.0,1,617.3333333333334,1546.3333333333333,1845.3333333333333,308.1666666666667,DoS
ipcas_21:73:33,143,0,2668,LIED10CTRL/LLN0$Status,0.001908600000000149,0.0,1.0,1,617.3333333333334,1546.3333333333333,1845.3333333333333,308.1666666666667,DoS
ipcas_21:73:33,143,0,2669,LIED10CTRL/LLN0$Status,0.0013802150000010727,0.0,1.0,1,617.3333333333334,1546.3333333333333,1845.3333333333333,308.1666666666667,DoS
ipcas_21:73:33,143,0,2670,LIED10CTRL/LLN0$Status,0.0015679380000008791,0.0,1.0,1,617.3333333333334,1546.3333333333333,1845.3333333333333,308.1666666666667,DoS
ipcas_21:73:33,143,0,2671,LIED10CTRL/LLN0$Status,0.0020467689999996708,0.0,1.0,1,617.3333333333334,1546.3333333333333,1845.3333333333333,308.1666666666667,DoS
ipcas_21:73:33,143,0,2672,LIED10CTRL/LLN0$Status,0.0018859039999981064,0.0,1.0,1,617.3333333333334,1546.3333333333333,1845.3333333333333,308.1666666666667,DoS
ipcas_21:73:33,143,0,2673,LIED10CTRL/LLN0$Status,0.002096249000000938,0.0,1.0,1,617.3333333333334,1546.3333333333333,1845.3333333333333,308.1666666666667,DoS
ipcas_21:73:33,143,0,2674,LIED10CTRL/LLN0$Status,0.00152951700000159,0.0,1.0,1,617.3333333333334,1546.3333333333333,1845.3333333333333,308.1666666666667,DoS
ipcas_21:73:33,143,0,2675,LIED10CTRL/LLN0$Status,0.001225755000000106,0.0,1.0,1,617.3333333333334,1546.3333333333333,1845.3333333333333,308.1666666666667,DoS
ipcas_21:73:33,143,0,2676,LIED10CTRL/LLN0$Status,0.002017242999997393,0.0,1.0,1,617.3333333333334,1546.3333333333333,1845.3333333333333,308.1666666666667,DoS
ipcas_21:73:33,143,0,2677,LIED10CTRL/LLN0$Status,0.002204981000001993,0.0,1.0,1,617.3333333333334,1546.3333333333333,1845.3333333333333,308.1666666666667,DoS
ipcas_21:73:33,143,0,2678,LIED10CTRL/LLN0$Status,0.0019200879999985432,0.0,1.0,1,617.3333333333334,1546.3333333333333,1845.3333333333333,308.1666666666667,DoS
ipcas_21:73:33,143,0,2679,LIED10CTRL/LLN0$Status,0.001457644000002034,0.0,1.0,1,617.3333333333334,1546.3333333333333,1845.3333333333333,308.1666666666667,DoS
ipcas_21:73:33,143,0,2680,LIED10CTRL/LLN0$Status,0.0014990259999976274,0.0,1.0,1,617.3333333333334,1546.3333333333333,1845.3333333333333,308.1666666666667,DoS
ipcas_21:73:33,143,0,2681,LIED10CTRL/LLN0$Status,0.0020276400000014405,0.0,1.0,1,617.3333333333334,1546.3333333333333,1845.3333333333333,308.1666666666667,DoS
ipcas_21:73:33,143,0,2682,LIED10CTRL/LLN0$Status,0.0014332310000000348,0.0,1.0,1,617.3333333333334,1546.3333333333333,1845.3333333333333,308.1666666666667,DoS
ipcas_21:73:33,143,0,2683,LIED10CTRL/LLN0$Status,0.0015849239999994325,0.0,1.0,1,617.3333333333334,1546.3333333333333,1845.3333333333333,308.1666666666667,DoS
ipcas_21:73:33,143,0,2684,LIED10CTRL/LLN0$Status,0.0013017750000017259,0.0,1.0,1,617.3333333333334,1546.3333333333333,1845.3333333333333,308.1666666666667,DoS
ipcas_21:73:33,143,0,2685,LIED10CTRL/LLN0$Status,0.0020893609999994567,0.0,1.0,1,617.3333333333334,1546.3333333333333,1845.3333333333333,308.1666666666667,DoS
ipcas_21:73:33,143,0,2686,LIED10CTRL/LLN0$Status,0.0016786419999981206,0.0,1.0,1,617.3333333333334,1546.3333333333333,1845.3333333333333,308.1666666666667,DoS
ipcas_21:73:33,143,0,2687,LIED10CTRL/LLN0$Status,0.0018959259999995481,0.0,1.0,1,617.3333333333334,1546.3333333333333,1845.3333333333333,308.1666666666667,DoS
ipcas_21:73:33,143,0,2688,LIED10CTRL/LLN0$Status,0.002425388000002471,0.0,1.0,1,617.3333333333334,1546.3333333333333,1845.3333333333333,308.1666666666667,DoS
ipcas_21:73:33,143,0,2689,LIED10CTRL/LLN0$Status,0.0017703900000007877,0.0,1.0,1,617.3333333333334,1546.3333333333333,1845.3333333333333,308.1666666666667,DoS
ipcas_21:73:33,143,0,2690,LIED10CTRL/LLN0$Status,0.0020629549999995334,0.0,1.0,1,617.3333333333334,1546.3333333333333,1845.3333333333333,308.1666666666667,DoS
ipcas_21:73:33,143,0,2691,LIED10CTRL/LLN0$Status,0.0017926209999998832,0.0,1.0,1,617.3333333333334,1546.3333333333333,1845.3333333333333,308.1666666666667,DoS
ipcas_21:73:33,143,0,2692,LIED10CTRL/LLN0$Status,0.001957221999997927,0.0,1.0,1,617.3333333333334,1546.3333333333333,1845.3333333333333,308.1666666666667,DoS
ipcas_21:73:33,143,0,2693,LIED10CTRL/LLN0$Status,0.002002773000000957,0.0,1.0,1,617.3333333333334,1546.3333333333333,1845.3333333333333,308.1666666666667,DoS
ipcas_21:73:33,143,0,2694,LIED10CTRL/LLN0$Status,0.0019871639999990975,0.0,1.0,1,617.3333333333334,1546.3333333333333,1845.3333333333333,308.1666666666667,DoS
ipcas_21:73:33,143,0,2695,LIED10CTRL/LLN0$Status,0.002114730000002396,0.0,1.0,1,617.3333333333334,1546.3333333333333,1845.3333333333333,308.1666666666667,DoS
ipcas_21:73:33,143,0,2696,LIED10CTRL/LLN0$Status,0.0019323499999970295,0.0,1.0,1,617.3333333333334,1546.3333333333333,1845.3333333333333,308.1666666666667,DoS
ipcas_21:73:33,143,0,2697,LIED10CTRL/LLN0$Status,0.0021171160000008626,0.0,1.0,1,617.3333333333334,1546.3333333333333,1845.3333333333333,308.1666666666667,DoS
ipcas_21:73:33,143,0,2698,LIED10CTRL/LLN0$Status,0.001875113000000539,0.0,1.0,1,617.3333333333334,1546.3333333333333,1845.3333333333333,308.1666666666667,DoS
ipcas_21:73:33,143,0,2699,LIED10CTRL/LLN0$Status,0.0019990959999987012,0.0,1.0,1,617.3333333333334,1546.3333333333333,1845.3333333333333,308.1666666666667,DoS
ipcas_21:73:33,143,0,2700,LIED10CTRL/LLN0$Status,0.0020025530000005176,0.0,1.0,1,617.3333333333334,1546.3333333333333,1845.3333333333333,308.1666666666667,DoS
ipcas_21:73:33,143,0,2701,LIED10CTRL/LLN0$Status,0.0020048159999994652,0.0,1.0,1,617.3333333333334,1546.3333333333333,1845.3333333333333,308.1666666666667,DoS
ipcas_21:73:33,143,0,2702,LIED10CTRL/LLN0$Status,0.0022129700000022012,0.0,1.0,1,617.3333333333334,1546.3333333333333,1845.3333333333333,308.1666666666667,DoS
ipcas_21:73:33,143,0,2703,LIED10CTRL/LLN0$Status,0.0020763729999977443,0.0,1.0,1,617.3333333333334,1546.3333333333333,1845.3333333333333,308.1666666666667,DoS
ipcas_21:73:33,143,0,2704,LIED10CTRL/LLN0$Status,0.0017089940000012405,0.0,1.0,1,617.3333333333334,1546.3333333333333,1845.3333333333333,308.1666666666667,DoS
ipcas_21:73:33,143,0,2705,LIED10CTRL/LLN0$Status,0.0024786279999986505,0.0,1.0,1,617.3333333333334,1546.3333333333333,1845.3333333333333,308.1666666666667,DoS
ipcas_21:73:33,143,0,2706,LIED10CTRL/LLN0$Status,0.001517694000000347,0.0,1.0,1,617.3333333333334,1546.3333333333333,1845.3333333333333,308.1666666666667,DoS
ipcas_21:73:33,143,0,2707,LIED10CTRL/LLN0$Status,0.0019482320000001607,0.0,1.0,1,617.3333333333334,1546.3333333333333,1845.3333333333333,308.1666666666667,DoS
ipcas_21:73:33,143,0,2708,LIED10CTRL/LLN0$Status,0.0024076520000022583,0.0,1.0,1,617.3333333333334,1546.3333333333333,1845.3333333333333,308.1666666666667,DoS
ipcas_21:73:33,143,0,2709,LIED10CTRL/LLN0$Status,0.001702271999999283,0.0,1.0,1,617.3333333333334,1546.3333333333333,1845.3333333333333,308.1666666666667,DoS
ipcas_21:73:33,143,0,2710,LIED10CTRL/LLN0$Status,0.001892621999999733,0.0,1.0,1,617.3333333333334,1546.3333333333333,1845.3333333333333,308.1666666666667,DoS
ipcas_21:73:33,143,0,2711,LIED10CTRL/LLN0$Status,0.0021007789999991644,0.0,1.0,1,617.3333333333334,1546.3333333333333,1845.3333333333333,308.1666666666667,DoS
ipcas_21:73:33,143,0,2712,LIED10CTRL/LLN0$Status,0.002141352999998958,0.0,1.0,1,617.3333333333334,1546.3333333333333,1845.3333333333333,308.1666666666667,DoS
ipcas_21:73:33,143,0,2713,LIED10CTRL/LLN0$Status,0.00208561500000215,0.0,1.0,1,617.3333333333334,1546.3333333333333,1845.3333333333333,308.1666666666667,DoS
ipcas_21:73:33,143,0,2714,LIED10CTRL/LLN0$Status,0.0020787559999995153,0.0,1.0,1,617.3333333333334,1546.3333333333333,1845.3333333333333,308.1666666666667,DoS
ipcas_21:73:33,143,0,2715,LIED10CTRL/LLN0$Status,0.0015925770000002615,0.0,1.0,1,617.3333333333334,1546.3333333333333,1845.3333333333333,308.1666666666667,DoS
ipcas_21:73:33,143,0,2716,LIED10CTRL/LLN0$Status,0.00198064299999956,0.0,1.0,1,617.3333333333334,1546.3333333333333,1845.3333333333333,308.1666666666667,DoS
ipcas_21:73:33,143,0,2717,LIED10CTRL/LLN0$Status,0.0020126699999991615,0.0,1.0,1,617.3333333333334,1546.3333333333333,1845.3333333333333,308.1666666666667,DoS
ipcas_21:73:33,143,0,2718,LIED10CTRL/LLN0$Status,0.002038038000002018,0.0,1.0,1,617.3333333333334,1546.3333333333333,1845.3333333333333,308.1666666666667,DoS
ipcas_21:73:33,143,0,2719,LIED10CTRL/LLN0$Status,0.0020926069999980257,0.0,1.0,1,617.3333333333334,1546.3333333333333,1845.3333333333333,308.1666666666667,DoS
ipcas_21:73:33,143,0,2720,LIED10CTRL/LLN0$Status,0.001974694000001165,0.0,1.0,1,617.3333333333334,1546.3333333333333,1845.3333333333333,308.1666666666667,DoS
ipcas_21:73:33,143,0,2721,LIED10CTRL/LLN0$Status,0.001930813000001308,0.0,1.0,1,617.3333333333334,1546.3333333333333,1845.3333333333333,308.1666666666667,DoS
ipcas_21:73:33,143,0,2722,LIED10CTRL/LLN0$Status,0.001960880999998693,0.0,1.0,1,617.3333333333334,1546.3333333333333,1845.3333333333333,308.1666666666667,DoS
ipcas_21:73:33,143,0,2723,LIED10CTRL/LLN0$Status,0.0020758890000003305,0.0,1.0,1,617.3333333333334,1546.3333333333333,1845.3333333333333,308.1666666666667,DoS
ipcas_21:73:33,143,0,2724,LIED10CTRL/LLN0$Status,0.002051538999999991,0.0,1.0,1,617.3333333333334,1546.3333333333333,1845.3333333333333,308.1666666666667,DoS
ipcas_21:73:33,143,0,2725,LIED10CTRL/LLN0$Status,0.0019971930000011184,0.0,1.0,1,617.3333333333334,1546.3333333333333,1845.3333333333333,308.1666666666667,DoS
ipcas_21:73:33,143,0,2726,LIED10CTRL/LLN0$Status,0.0020033599999997875,0.0,1.0,1,617.3333333333334,1546.3333333333333,1845.3333333333333,308.1666666666667,DoS
ipcas_21:73:33,143,0,2727,LIED10CTRL/LLN0$Status,0.0019959209999989014,0.0,1.0,1,617.3333333333334,1546.3333333333333,1845.3333333333333,308.1666666666667,DoS
ipcas_21:73:33,143,0,2728,LIED10CTRL/LLN0$Status,0.001844898999998179,0.0,1.0,1,617.3333333333334,1546.3333333333333,1845.3333333333333,308.1666666666667,DoS
ipcas_21:73:33,143,0,2729,LIED10CTRL/LLN0$Status,0.002121787000000097,0.0,1.0,1,617.3333333333334,1546.3333333333333,1845.3333333333333,308.1666666666667,DoS
ipcas_21:73:33,143,0,2730,LIED10CTRL/LLN0$Status,0.00201274700000198,0.0,1.0,1,617.3333333333334,1546.3333333333333,1845.3333333333333,308.1666666666667,DoS
ipcas_21:73:33,143,0,2731,LIED10CTRL/LLN0$Status,0.0018991809999988618,0.0,1.0,1,617.3333333333334,1546.3333333333333,1845.3333333333333,308.1666666666667,DoS
ipcas_21:73:33,143,0,2732,LIED10CTRL/LLN0$Status,0.0022898700000020256,0.0,1.0,1,617.3333333333334,1546.3333333333333,1845.3333333333333,308.1666666666667,DoS
ipcas_21:73:33,143,0,2733,LIED10CTRL/LLN0$Status,0.0017847069999987752,0.0,1.0,1,617.3333333333334,1546.3333333333333,1845.3333333333333,308.1666666666667,DoS
ipcas_21:73:33,143,0,2734,LIED10CTRL/LLN0$Status,0.0019959749999998166,0.0,1.0,1,617.3333333333334,1546.3333333333333,1845.3333333333333,308.1666666666667,DoS
ipcas_21:73:33,143,0,2735,LIED10CTRL/LLN0$Status,0.00259311399999973,0.0,1.0,1,617.3333333333334,1546.3333333333333,1845.3333333333333,308.1666666666667,DoS
ipcas_21:73:33,143,0,2736,LIED10CTRL/LLN0$Status,0.001692558999998539,0.0,1.0,1,617.3333333333334,1546.3333333333333,1845.3333333333333,308.1666666666667,DoS
ipcas_21:73:33,143,0,2737,LIED10CTRL/LLN0$Status,0.0020016910000002497,0.0,1.0,1,617.3333333333334,1546.3333333333333,1845.3333333333333,308.1666666666667,DoS
ipcas_21:73:33,143,0,2738,LIED10CTRL/LLN0$Status,0.0019345660000027465,0.0,1.0,1,617.3333333333334,1546.3333333333333,1845.3333333333333,308.1666666666667,DoS
ipcas_21:73:33,143,0,2739,LIED10CTRL/LLN0$Status,0.0023395260000000917,0.0,1.0,1,617.3333333333334,1546.3333333333333,1845.3333333333333,308.1666666666667,DoS
ipcas_21:73:33,143,0,2740,LIED10CTRL/LLN0$Status,0.00160697299999768,0.0,1.0,1,617.3333333333334,1546.3333333333333,1845.3333333333333,308.1666666666667,DoS
ipcas_21:73:33,143,0,2741,LIED10CTRL/LLN0$Status,0.0019632390000019484,0.0,1.0,1,617.3333333333334,1546.3333333333333,1845.3333333333333,308.1666666666667,DoS
ipcas_21:73:33,143,0,2742,LIED10CTRL/LLN0$Status,0.0017853209999998398,0.0,1.0,1,617.3333333333334,1546.3333333333333,1845.3333333333333,308.1666666666667,DoS
ipcas_21:73:33,143,0,2743,LIED10CTRL/LLN0$Status,0.009144007999999815,0.0,1.0,1,617.3333333333334,1546.3333333333333,1845.3333333333333,308.1666666666667,DoS
ipcas_21:73:33,143,0,2744,LIED10CTRL/LLN0$Status,0.0018149899999997388,0.0,1.0,1,617.3333333333334,1546.3333333333333,1845.3333333333333,308.1666666666667,DoS
ipcas_21:73:33,143,0,2745,LIED10CTRL/LLN0$Status,0.002058572999999342,0.0,1.0,1,617.3333333333334,1546.3333333333333,1845.3333333333333,308.1666666666667,DoS
ipcas_21:73:33,143,0,2746,LIED10CTRL/LLN0$Status,0.002154634000000044,0.0,1.0,1,617.3333333333334,1546.3333333333333,1845.3333333333333,308.1666666666667,DoS
ipcas_21:73:33,143,0,2747,LIED10CTRL/LLN0$Status,0.0018379360000011502,0.0,1.0,1,617.3333333333334,1546.3333333333333,1845.3333333333333,308.1666666666667,DoS
ipcas_21:73:33,143,0,2748,LIED10CTRL/LLN0$Status,0.002088000000000534,0.0,1.0,1,617.3333333333334,1546.3333333333333,1845.3333333333333,308.1666666666667,DoS
ipcas_21:73:33,143,0,2749,LIED10CTRL/LLN0$Status,0.00197107299999999,0.0,1.0,1,617.3333333333334,1546.3333333333333,1845.3333333333333,308.1666666666667,DoS
ipcas_21:73:33,143,0,2750,LIED10CTRL/LLN0$Status,0.001979204999997819,0.0,1.0,1,617.3333333333334,1546.3333333333333,1845.3333333333333,308.1666666666667,DoS
ipcas_21:73:33,143,0,2751,LIED10CTRL/LLN0$Status,0.001958825999999192,0.0,1.0,1,617.3333333333334,1546.3333333333333,1845.3333333333333,308.1666666666667,DoS
ipcas_21:73:33,143,0,2752,LIED10CTRL/LLN0$Status,0.002144482000002057,0.0,1.0,1,617.3333333333334,1546.3333333333333,1845.3333333333333,308.1666666666667,DoS
ipcas_21:73:33,143,0,2753,LIED10CTRL/LLN0$Status,0.0019129490000011629,0.0,1.0,1,617.3333333333334,1546.3333333333333,1845.3333333333333,308.1666666666667,DoS
ipcas_21:73:33,143,0,2754,LIED10CTRL/LLN0$Status,0.001957322999999178,0.0,1.0,1,617.3333333333334,1546.3333333333333,1845.3333333333333,308.1666666666667,DoS
ipcas_21:73:33,143,0,2755,LIED10CTRL/LLN0$Status,0.002091447999998053,0.0,1.0,1,617.3333333333334,1546.3333333333333,1845.3333333333333,308.1666666666667,DoS
ipcas_21:73:33,143,0,2756,LIED10CTRL/LLN0$Status,0.001869448000000773,0.0,1.0,1,617.3333333333334,1546.3333333333333,1845.3333333333333,308.1666666666667,DoS
ipcas_21:73:33,143,0,2757,LIED10CTRL/LLN0$Status,0.0020487389999992445,0.0,1.0,1,617.3333333333334,1546.3333333333333,1845.3333333333333,308.1666666666667,DoS
ipcas_21:73:33,143,0,2758,LIED10CTRL/LLN0$Status,0.0022458550000017397,0.0,1.0,1,617.3333333333334,1546.3333333333333,1845.3333333333333,308.1666666666667,DoS
ipcas_21:73:33,143,0,2759,LIED10CTRL/LLN0$Status,0.0017582039999979315,0.0,1.0,1,617.3333333333334,1546.3333333333333,1845.3333333333333,308.1666666666667,DoS
ipcas_21:73:33,143,0,2760,LIED10CTRL/LLN0$Status,0.0020401710000008677,0.0,1.0,1,617.3333333333334,1546.3333333333333,1845.3333333333333,308.1666666666667,DoS
ipcas_21:73:33,143,0,2761,LIED10CTRL/LLN0$Status,0.002033007000001419,0.0,1.0,1,617.3333333333334,1546.3333333333333,1845.3333333333333,308.1666666666667,DoS
ipcas_21:73:33,143,0,2762,LIED10CTRL/LLN0$Status,0.0018347480000002747,0.0,1.0,1,617.3333333333334,1546.3333333333333,1845.3333333333333,308.1666666666667,DoS
ipcas_21:73:33,143,0,2763,LIED10CTRL/LLN0$Status,0.0021965880000003324,0.0,1.0,1,617.3333333333334,1546.3333333333333,1845.3333333333333,308.1666666666667,DoS
ipcas_21:73:33,143,0,2764,LIED10CTRL/LLN0$Status,0.0020266409999969426,0.0,1.0,1,617.3333333333334,1546.3333333333333,1845.3333333333333,308.1666666666667,DoS
ipcas_21:73:33,143,0,2765,LIED10CTRL/LLN0$Status,0.001962042000002384,0.0,1.0,1,617.3333333333334,1546.3333333333333,1845.3333333333333,308.1666666666667,DoS
ipcas_21:73:33,143,0,2766,LIED10CTRL/LLN0$Status,0.001909090999998142,0.0,1.0,1,617.3333333333334,1546.3333333333333,1845.3333333333333,308.1666666666667,DoS
ipcas_21:73:33,143,0,2767,LIED10CTRL/LLN0$Status,0.002353621000001027,0.0,1.0,1,617.3333333333334,1546.3333333333333,1845.3333333333333,308.1666666666667,DoS
ipcas_21:73:33,143,0,2768,LIED10CTRL/LLN0$Status,0.0015768360000016912,0.0,1.0,1,617.3333333333334,1546.3333333333333,1845.3333333333333,308.1666666666667,DoS
ipcas_21:73:33,143,0,2769,LIED10CTRL/LLN0$Status,0.0019500739999998018,0.0,1.0,1,617.3333333333334,1546.3333333333333,1845.3333333333333,308.1666666666667,DoS
ipcas_21:73:33,143,0,2770,LIED10CTRL/LLN0$Status,0.0020812960000000658,0.0,1.0,1,617.3333333333334,1546.3333333333333,1845.3333333333333,308.1666666666667,DoS
ipcas_21:73:33,143,0,2771,LIED10CTRL/LLN0$Status,0.0020069259999999645,0.0,1.0,1,617.3333333333334,1546.3333333333333,1845.3333333333333,308.1666666666667,DoS
ipcas_21:73:33,143,0,2772,LIED10CTRL/LLN0$Status,0.0021454249999983688,0.0,1.0,1,617.3333333333334,1546.3333333333333,1845.3333333333333,308.1666666666667,DoS
ipcas_21:73:33,143,0,2773,LIED10CTRL/LLN0$Status,0.005052933999998288,0.0,1.0,1,617.3333333333334,1546.3333333333333,1845.3333333333333,308.1666666666667,DoS
ipcas_21:73:33,143,0,2774,LIED10CTRL/LLN0$Status,0.0030003930000006562,0.0,1.0,1,617.3333333333334,1546.3333333333333,1845.3333333333333,308.1666666666667,DoS
ipcas_21:73:33,143,0,2775,LIED10CTRL/LLN0$Status,0.00011172800000025518,0.0,1.0,1,617.3333333333334,1546.3333333333333,1845.3333333333333,308.1666666666667,DoS
ipcas_21:73:33,143,0,2776,LIED10CTRL/LLN0$Status,0.0018088089999999113,0.0,1.0,1,617.3333333333334,1546.3333333333333,1845.3333333333333,308.1666666666667,DoS
ipcas_21:73:33,143,0,2777,LIED10CTRL/LLN0$Status,0.0017970779999991748,0.0,1.0,1,617.3333333333334,1546.3333333333333,1845.3333333333333,308.1666666666667,DoS
ipcas_21:73:33,143,0,2778,LIED10CTRL/LLN0$Status,0.0017396910000009314,0.0,1.0,1,617.3333333333334,1546.3333333333333,1845.3333333333333,308.1666666666667,DoS
ipcas_21:73:33,143,0,2779,LIED10CTRL/LLN0$Status,0.0013679720000006057,0.0,1.0,1,617.3333333333334,1546.3333333333333,1845.3333333333333,308.1666666666667,DoS
ipcas_21:73:33,143,0,2780,LIED10CTRL/LLN0$Status,0.001971008000001717,0.0,1.0,1,617.3333333333334,1546.3333333333333,1845.3333333333333,308.1666666666667,DoS
ipcas_21:73:33,143,0,2781,LIED10CTRL/LLN0$Status,0.0029243010000001846,0.0,1.0,1,617.3333333333334,1546.3333333333333,1845.3333333333333,308.1666666666667,DoS
ipcas_21:73:33,143,0,2782,LIED10CTRL/LLN0$Status,0.001697069999998746,0.0,1.0,1,617.3333333333334,1546.3333333333333,1845.3333333333333,308.1666666666667,DoS
ipcas_21:73:33,143,0,2783,LIED10CTRL/LLN0$Status,0.0014236729999979048,0.0,1.0,1,617.3333333333334,1546.3333333333333,1845.3333333333333,308.1666666666667,DoS
ipcas_21:73:33,143,0,2784,LIED10CTRL/LLN0$Status,0.001868044000001845,0.0,1.0,1,617.3333333333334,1546.3333333333333,1845.3333333333333,308.1666666666667,DoS
ipcas_21:73:33,143,0,2785,LIED10CTRL/LLN0$Status,0.0030903110000011225,0.0,1.0,1,617.3333333333334,1546.3333333333333,1845.3333333333333,308.1666666666667,DoS
ipcas_21:73:33,143,0,2786,LIED10CTRL/LLN0$Status,0.0009500299999984918,0.0,1.0,1,617.3333333333334,1546.3333333333333,1845.3333333333333,308.1666666666667,DoS
ipcas_21:73:33,143,0,2787,LIED10CTRL/LLN0$Status,0.002262931000000634,0.0,1.0,1,617.3333333333334,1546.3333333333333,1845.3333333333333,308.1666666666667,DoS
ipcas_21:73:33,143,0,2788,LIED10CTRL/LLN0$Status,0.0017537210000000414,0.0,1.0,1,617.3333333333334,1546.3333333333333,1845.3333333333333,308.1666666666667,DoS
ipcas_21:73:33,143,0,2789,LIED10CTRL/LLN0$Status,0.0019482169999989196,0.0,1.0,1,617.3333333333334,1546.3333333333333,1845.3333333333333,308.1666666666667,DoS
ipcas_21:73:33,143,0,2790,LIED10CTRL/LLN0$Status,0.0020306770000004803,0.0,1.0,1,617.3333333333334,1546.3333333333333,1845.3333333333333,308.1666666666667,DoS
ipcas_21:73:33,143,0,2791,LIED10CTRL/LLN0$Status,0.001994080999999426,0.0,1.0,1,617.3333333333334,1546.3333333333333,1845.3333333333333,308.1666666666667,DoS
ipcas_21:73:33,143,0,2792,LIED10CTRL/LLN0$Status,0.0019490230000016595,0.0,1.0,1,617.3333333333334,1546.3333333333333,1845.3333333333333,308.1666666666667,DoS
ipcas_21:73:33,143,0,2793,LIED10CTRL/LLN0$Status,0.0020549659999993253,0.0,1.0,1,617.3333333333334,1546.3333333333333,1845.3333333333333,308.1666666666667,DoS
ipcas_21:73:33,143,0,2794,LIED10CTRL/LLN0$Status,0.0019741290000006018,0.0,1.0,1,617.3333333333334,1546.3333333333333,1845.3333333333333,308.1666666666667,DoS
ipcas_21:73:33,143,0,2795,LIED10CTRL/LLN0$Status,0.0019797329999988733,0.0,1.0,1,617.3333333333334,1546.3333333333333,1845.3333333333333,308.1666666666667,DoS
ipcas_21:73:33,143,0,2796,LIED10CTRL/LLN0$Status,0.002000870999999904,0.0,1.0,1,617.3333333333334,1546.3333333333333,1845.3333333333333,308.1666666666667,DoS
ipcas_21:73:33,143,0,2797,LIED10CTRL/LLN0$Status,0.002005203999999594,0.0,1.0,1,617.3333333333334,1546.3333333333333,1845.3333333333333,308.1666666666667,DoS
ipcas_21:73:33,143,0,2798,LIED10CTRL/LLN0$Status,0.002017786999999771,0.0,1.0,1,617.3333333333334,1546.3333333333333,1845.3333333333333,308.1666666666667,DoS
ipcas_21:73:33,143,0,2799,LIED10CTRL/LLN0$Status,0.001541594000002533,0.0,1.0,1,617.3333333333334,1546.3333333333333,1845.3333333333333,308.1666666666667,DoS
ipcas_21:73:33,143,0,2800,LIED10CTRL/LLN0$Status,0.0015429199999985599,0.0,1.0,1,617.3333333333334,1546.3333333333333,1845.3333333333333,308.1666666666667,DoS
ipcas_21:73:33,143,0,2801,LIED10CTRL/LLN0$Status,0.0019014049999981353,0.0,1.0,1,617.3333333333334,1546.3333333333333,1845.3333333333333,308.1666666666667,DoS
ipcas_21:73:33,143,0,2802,LIED10CTRL/LLN0$Status,0.001990853000002346,0.0,1.0,1,617.3333333333334,1546.3333333333333,1845.3333333333333,308.1666666666667,DoS
ipcas_21:73:33,143,0,2803,LIED10CTRL/LLN0$Status,0.0020407419999983745,0.0,1.0,1,617.3333333333334,1546.3333333333333,1845.3333333333333,308.1666666666667,DoS
ipcas_21:73:33,143,0,2804,LIED10CTRL/LLN0$Status,0.0020363850000002515,0.0,1.0,1,617.3333333333334,1546.3333333333333,1845.3333333333333,308.1666666666667,DoS
ipcas_21:73:33,143,0,2805,LIED10CTRL/LLN0$Status,0.001991451000002087,0.0,1.0,1,617.3333333333334,1546.3333333333333,1845.3333333333333,308.1666666666667,DoS
ipcas_21:73:33,143,0,2806,LIED10CTRL/LLN0$Status,0.0018966679999969926,0.0,1.0,1,617.3333333333334,1546.3333333333333,1845.3333333333333,308.1666666666667,DoS
ipcas_21:73:33,143,0,2807,LIED10CTRL/LLN0$Status,0.0020886980000014432,0.0,1.0,1,617.3333333333334,1546.3333333333333,1845.3333333333333,308.1666666666667,DoS
ipcas_21:73:33,143,0,2808,LIED10CTRL/LLN0$Status,0.0019321209999993982,0.0,1.0,1,617.3333333333334,1546.3333333333333,1845.3333333333333,308.1666666666667,DoS
ipcas_21:73:33,143,0,2809,LIED10CTRL/LLN0$Status,0.002286085000001492,0.0,1.0,1,617.3333333333334,1546.3333333333333,1845.3333333333333,308.1666666666667,DoS
ipcas_21:73:33,143,0,2810,LIED10CTRL/LLN0$Status,0.0017174279999991882,0.0,1.0,1,617.3333333333334,1546.3333333333333,1845.3333333333333,308.1666666666667,DoS
ipcas_21:73:33,143,0,2811,LIED10CTRL/LLN0$Status,0.0020381789999994737,0.0,1.0,1,617.3333333333334,1546.3333333333333,1845.3333333333333,308.1666666666667,DoS
ipcas_21:73:33,143,0,2812,LIED10CTRL/LLN0$Status,0.002036833000001792,0.0,1.0,1,617.3333333333334,1546.3333333333333,1845.3333333333333,308.1666666666667,DoS
ipcas_21:73:33,143,0,2813,LIED10CTRL/LLN0$Status,0.0021289459999991323,0.0,1.0,1,617.3333333333334,1546.3333333333333,1845.3333333333333,308.1666666666667,DoS
ipcas_21:73:33,143,0,2814,LIED10CTRL/LLN0$Status,0.0019339739999999495,0.0,1.0,1,617.3333333333334,1546.3333333333333,1845.3333333333333,308.1666666666667,DoS
ipcas_21:73:33,143,0,2815,LIED10CTRL/LLN0$Status,0.001873579999998043,0.0,1.0,1,617.3333333333334,1546.3333333333333,1845.3333333333333,308.1666666666667,DoS
ipcas_21:73:33,143,0,2816,LIED10CTRL/LLN0$Status,0.0020186310000021024,0.0,1.0,1,617.3333333333334,1546.3333333333333,1845.3333333333333,308.1666666666667,DoS
ipcas_21:73:33,143,0,2817,LIED10CTRL/LLN0$Status,0.001997768999999039,0.0,1.0,1,617.3333333333334,1546.3333333333333,1845.3333333333333,308.1666666666667,DoS
ipcas_21:73:33,143,0,2818,LIED10CTRL/LLN0$Status,0.0020394990000021096,0.0,1.0,1,617.3333333333334,1546.3333333333333,1845.3333333333333,308.1666666666667,DoS
ipcas_21:73:33,143,0,2819,LIED10CTRL/LLN0$Status,0.0020512289999992106,0.0,1.0,1,617.3333333333334,1546.3333333333333,1845.3333333333333,308.1666666666667,DoS
ipcas_21:73:33,143,0,2820,LIED10CTRL/LLN0$Status,0.0019487589999975796,0.0,1.0,1,617.3333333333334,1546.3333333333333,1845.3333333333333,308.1666666666667,DoS
ipcas_21:73:33,143,0,2821,LIED10CTRL/LLN0$Status,0.001969609000003203,0.0,1.0,1,617.3333333333334,1546.3333333333333,1845.3333333333333,308.1666666666667,DoS
ipcas_21:73:33,143,0,2822,LIED10CTRL/LLN0$Status,0.002043483999997875,0.0,1.0,1,617.3333333333334,1546.3333333333333,1845.3333333333333,308.1666666666667,DoS
ipcas_21:73:33,143,0,2823,LIED10CTRL/LLN0$Status,0.002037826000002241,0.0,1.0,1,617.3333333333334,1546.3333333333333,1845.3333333333333,308.1666666666667,DoS
ipcas_21:73:33,143,0,2824,LIED10CTRL/LLN0$Status,0.0020038189999986855,0.0,1.0,1,617.3333333333334,1546.3333333333333,1845.3333333333333,308.1666666666667,DoS
ipcas_21:73:33,143,0,2825,LIED10CTRL/LLN0$Status,0.0019269010000009246,0.0,1.0,1,617.3333333333334,1546.3333333333333,1845.3333333333333,308.1666666666667,DoS
ipcas_21:73:33,143,0,2826,LIED10CTRL/LLN0$Status,0.002079879000000062,0.0,1.0,1,617.3333333333334,1546.3333333333333,1845.3333333333333,308.1666666666667,DoS
ipcas_21:73:33,143,0,2827,LIED10CTRL/LLN0$Status,0.0018707750000004353,0.0,1.0,1,617.3333333333334,1546.3333333333333,1845.3333333333333,308.1666666666667,DoS
ipcas_21:73:33,143,0,2828,LIED10CTRL/LLN0$Status,0.0020776969999971584,0.0,1.0,1,617.3333333333334,1546.3333333333333,1845.3333333333333,308.1666666666667,DoS
ipcas_21:73:33,143,0,2829,LIED10CTRL/LLN0$Status,0.001982674000000628,0.0,1.0,1,617.3333333333334,1546.3333333333333,1845.3333333333333,308.1666666666667,DoS
ipcas_21:73:33,143,0,2830,LIED10CTRL/LLN0$Status,0.0019715680000018665,0.0,1.0,1,617.3333333333334,1546.3333333333333,1845.3333333333333,308.1666666666667,DoS
ipcas_21:73:33,143,0,2831,LIED10CTRL/LLN0$Status,0.002559416999996955,0.0,1.0,1,617.3333333333334,1546.3333333333333,1845.3333333333333,308.1666666666667,DoS
ipcas_21:73:33,143,0,2832,LIED10CTRL/LLN0$Status,0.001472742000000693,0.0,1.0,1,617.3333333333334,1546.3333333333333,1845.3333333333333,308.1666666666667,DoS
ipcas_21:73:33,143,0,2833,LIED10CTRL/LLN0$Status,0.002042557999999417,0.0,1.0,1,617.3333333333334,1546.3333333333333,1845.3333333333333,308.1666666666667,DoS
ipcas_21:73:33,143,0,2834,LIED10CTRL/LLN0$Status,0.002174554000003326,0.0,1.0,1,617.3333333333334,1546.3333333333333,1845.3333333333333,308.1666666666667,DoS
ipcas_21:73:33,143,0,2835,LIED10CTRL/LLN0$Status,0.0017368279999985248,0.0,1.0,1,617.3333333333334,1546.3333333333333,1845.3333333333333,308.1666666666667,DoS
ipcas_21:73:33,143,0,2836,LIED10CTRL/LLN0$Status,0.0020432709999980148,0.0,1.0,1,617.3333333333334,1546.3333333333333,1845.3333333333333,308.1666666666667,DoS
ipcas_21:73:33,143,0,2837,LIED10CTRL/LLN0$Status,0.0020982990000000257,0.0,1.0,1,617.3333333333334,1546.3333333333333,1845.3333333333333,308.1666666666667,DoS
ipcas_21:73:33,143,0,2838,LIED10CTRL/LLN0$Status,0.0018857660000008991,0.0,1.0,1,617.3333333333334,1546.3333333333333,1845.3333333333333,308.1666666666667,DoS
ipcas_21:73:33,143,0,2839,LIED10CTRL/LLN0$Status,0.0020394830000007858,0.0,1.0,1,617.3333333333334,1546.3333333333333,1845.3333333333333,308.1666666666667,DoS
ipcas_21:73:33,143,0,2840,LIED10CTRL/LLN0$Status,0.001937154000000163,0.0,1.0,1,617.3333333333334,1546.3333333333333,1845.3333333333333,308.1666666666667,DoS
ipcas_21:73:33,143,0,2841,LIED10CTRL/LLN0$Status,0.00203127099999989,0.0,1.0,1,617.3333333333334,1546.3333333333333,1845.3333333333333,308.1666666666667,DoS
ipcas_21:73:33,143,0,2842,LIED10CTRL/LLN0$Status,0.001989214999998268,0.0,1.0,1,617.3333333333334,1546.3333333333333,1845.3333333333333,308.1666666666667,DoS
ipcas_21:73:33,143,0,2843,LIED10CTRL/LLN0$Status,0.0021917240000028926,0.0,1.0,1,617.3333333333334,1546.3333333333333,1845.3333333333333,308.1666666666667,DoS
ipcas_21:73:33,143,0,2844,LIED10CTRL/LLN0$Status,0.0019643189999989374,0.0,1.0,1,617.3333333333334,1546.3333333333333,1845.3333333333333,308.1666666666667,DoS
ipcas_21:73:33,143,0,2845,LIED10CTRL/LLN0$Status,0.0018306810000012774,0.0,1.0,1,617.3333333333334,1546.3333333333333,1845.3333333333333,308.1666666666667,DoS
ipcas_21:73:33,143,0,2846,LIED10CTRL/LLN0$Status,0.0020563689999981705,0.0,1.0,1,617.3333333333334,1546.3333333333333,1845.3333333333333,308.1666666666667,DoS
ipcas_21:73:33,143,0,2847,LIED10CTRL/LLN0$Status,0.0019851509999995187,0.0,1.0,1,617.3333333333334,1546.3333333333333,1845.3333333333333,308.1666666666667,DoS
ipcas_21:73:33,143,0,2848,LIED10CTRL/LLN0$Status,0.00207557899999955,0.0,1.0,1,617.3333333333334,1546.3333333333333,1845.3333333333333,308.1666666666667,DoS
ipcas_21:73:33,143,0,2849,LIED10CTRL/LLN0$Status,0.0019380190000006792,0.0,1.0,1,617.3333333333334,1546.3333333333333,1845.3333333333333,308.1666666666667,DoS
ipcas_21:73:33,143,0,2850,LIED10CTRL/LLN0$Status,0.0019816480000010017,0.0,1.0,1,617.3333333333334,1546.3333333333333,1845.3333333333333,308.1666666666667,DoS
ipcas_21:73:33,143,0,2851,LIED10CTRL/LLN0$Status,0.0019320339999993053,0.0,1.0,1,617.3333333333334,1546.3333333333333,1845.3333333333333,308.1666666666667,DoS
ipcas_21:73:33,143,0,2852,LIED10CTRL/LLN0$Status,0.002128677000001744,0.0,1.0,1,617.3333333333334,1546.3333333333333,1845.3333333333333,308.1666666666667,DoS
ipcas_21:73:33,143,0,2853,LIED10CTRL/LLN0$Status,0.0019148589999993249,0.0,1.0,1,617.3333333333334,1546.3333333333333,1845.3333333333333,308.1666666666667,DoS
ipcas_21:73:33,143,0,2854,LIED10CTRL/LLN0$Status,0.002278227999997995,0.0,1.0,1,617.3333333333334,1546.3333333333333,1845.3333333333333,308.1666666666667,DoS
ipcas_21:73:33,143,0,2855,LIED10CTRL/LLN0$Status,0.0017081910000023015,0.0,1.0,1,617.3333333333334,1546.3333333333333,1845.3333333333333,308.1666666666667,DoS
ipcas_21:73:33,143,0,2856,LIED10CTRL/LLN0$Status,0.0022460199999976282,0.0,1.0,1,617.3333333333334,1546.3333333333333,1845.3333333333333,308.1666666666667,DoS
ipcas_21:73:33,143,0,2857,LIED10CTRL/LLN0$Status,0.001784268000001532,0.0,1.0,1,617.3333333333334,1546.3333333333333,1845.3333333333333,308.1666666666667,DoS
ipcas_21:73:33,143,0,2858,LIED10CTRL/LLN0$Status,0.0021148569999986933,0.0,1.0,1,617.3333333333334,1546.3333333333333,1845.3333333333333,308.1666666666667,DoS
ipcas_21:73:33,143,0,2859,LIED10CTRL/LLN0$Status,0.0018456710000016585,0.0,1.0,1,617.3333333333334,1546.3333333333333,1845.3333333333333,308.1666666666667,DoS
ipcas_21:73:33,143,0,2860,LIED10CTRL/LLN0$Status,0.0020559260000005963,0.0,1.0,1,617.3333333333334,1546.3333333333333,1845.3333333333333,308.1666666666667,DoS
ipcas_21:73:33,143,0,2861,LIED10CTRL/LLN0$Status,0.0019875630000001365,0.0,1.0,1,617.3333333333334,1546.3333333333333,1845.3333333333333,308.1666666666667,DoS
ipcas_21:73:33,143,0,2862,LIED10CTRL/LLN0$Status,0.002056825000000373,0.0,1.0,1,617.3333333333334,1546.3333333333333,1845.3333333333333,308.1666666666667,DoS
ipcas_21:73:33,143,0,2863,LIED10CTRL/LLN0$Status,0.0018988779999986605,0.0,1.0,1,617.3333333333334,1546.3333333333333,1845.3333333333333,308.1666666666667,DoS
ipcas_21:73:33,143,0,2864,LIED10CTRL/LLN0$Status,0.0020961779999986163,0.0,1.0,1,617.3333333333334,1546.3333333333333,1845.3333333333333,308.1666666666667,DoS
ipcas_21:73:33,143,0,2865,LIED10CTRL/LLN0$Status,0.0019755170000017586,0.0,1.0,1,617.3333333333334,1546.3333333333333,1845.3333333333333,308.1666666666667,DoS
ipcas_21:73:33,143,0,2866,LIED10CTRL/LLN0$Status,0.0020979210000007242,0.0,1.0,1,617.3333333333334,1546.3333333333333,1845.3333333333333,308.1666666666667,DoS
ipcas_21:73:33,143,0,2867,LIED10CTRL/LLN0$Status,0.0019641989999996667,0.0,1.0,1,617.3333333333334,1546.3333333333333,1845.3333333333333,308.1666666666667,DoS
ipcas_21:73:33,143,0,2868,LIED10CTRL/LLN0$Status,0.0016213199999981498,0.0,1.0,1,617.3333333333334,1546.3333333333333,1845.3333333333333,308.1666666666667,DoS
ipcas_21:73:33,143,0,2869,LIED10CTRL/LLN0$Status,0.0012378660000003094,0.0,1.0,1,617.3333333333334,1546.3333333333333,1845.3333333333333,308.1666666666667,DoS
ipcas_21:73:33,143,0,2870,LIED10CTRL/LLN0$Status,0.002049353000000309,0.0,1.0,1,617.3333333333334,1546.3333333333333,1845.3333333333333,308.1666666666667,DoS
ipcas_21:73:33,143,0,2871,LIED10CTRL/LLN0$Status,0.002116617999998738,0.0,1.0,1,617.3333333333334,1546.3333333333333,1845.3333333333333,308.1666666666667,DoS
ipcas_21:73:33,143,0,2872,LIED10CTRL/LLN0$Status,0.0018808350000014684,0.0,1.0,1,617.3333333333334,1546.3333333333333,1845.3333333333333,308.1666666666667,DoS
ipcas_21:73:33,143,0,2873,LIED10CTRL/LLN0$Status,0.001960284999999118,0.0,1.0,1,617.3333333333334,1546.3333333333333,1845.3333333333333,308.1666666666667,DoS
ipcas_21:73:33,143,0,2874,LIED10CTRL/LLN0$Status,0.0019824509999999407,0.0,1.0,1,617.3333333333334,1546.3333333333333,1845.3333333333333,308.1666666666667,DoS
ipcas_21:73:33,143,0,2875,LIED10CTRL/LLN0$Status,0.00201953400000221,0.0,1.0,1,617.3333333333334,1546.3333333333333,1845.3333333333333,308.1666666666667,DoS
ipcas_21:73:33,143,0,2876,LIED10CTRL/LLN0$Status,0.002078570999998419,0.0,1.0,1,617.3333333333334,1546.3333333333333,1845.3333333333333,308.1666666666667,DoS
ipcas_21:73:33,143,0,2877,LIED10CTRL/LLN0$Status,0.0020568700000005435,0.0,1.0,1,617.3333333333334,1546.3333333333333,1845.3333333333333,308.1666666666667,DoS
ipcas_21:73:33,143,0,2878,LIED10CTRL/LLN0$Status,0.0019325190000003545,0.0,1.0,1,617.3333333333334,1546.3333333333333,1845.3333333333333,308.1666666666667,DoS
ipcas_21:73:33,143,0,2879,LIED10CTRL/LLN0$Status,0.001975847000000641,0.0,1.0,1,617.3333333333334,1546.3333333333333,1845.3333333333333,308.1666666666667,DoS
ipcas_21:73:33,143,0,2880,LIED10CTRL/LLN0$Status,0.002014611999999971,0.0,1.0,1,617.3333333333334,1546.3333333333333,1845.3333333333333,308.1666666666667,DoS
ipcas_21:73:33,143,0,2881,LIED10CTRL/LLN0$Status,0.00261360200000027,0.0,1.0,1,617.3333333333334,1546.3333333333333,1845.3333333333333,308.1666666666667,DoS
ipcas_21:73:33,143,0,2882,LIED10CTRL/LLN0$Status,0.001532807000000247,0.0,1.0,1,617.3333333333334,1546.3333333333333,1845.3333333333333,308.1666666666667,DoS
ipcas_21:73:33,143,0,2883,LIED10CTRL/LLN0$Status,0.0018262809999995966,0.0,1.0,1,617.3333333333334,1546.3333333333333,1845.3333333333333,308.1666666666667,DoS
ipcas_21:73:33,143,0,2884,LIED10CTRL/LLN0$Status,0.0019635369999981833,0.0,1.0,1,617.3333333333334,1546.3333333333333,1845.3333333333333,308.1666666666667,DoS
ipcas_21:73:33,143,0,2885,LIED10CTRL/LLN0$Status,0.0019864090000005774,0.0,1.0,1,617.3333333333334,1546.3333333333333,1845.3333333333333,308.1666666666667,DoS
ipcas_21:73:33,143,0,2886,LIED10CTRL/LLN0$Status,0.002129705000001536,0.0,1.0,1,617.3333333333334,1546.3333333333333,1845.3333333333333,308.1666666666667,DoS
ipcas_21:73:33,143,0,2887,LIED10CTRL/LLN0$Status,0.0019464849999977218,0.0,1.0,1,617.3333333333334,1546.3333333333333,1845.3333333333333,308.1666666666667,DoS
ipcas_21:73:33,143,0,2888,LIED10CTRL/LLN0$Status,0.002034062999999975,0.0,1.0,1,617.3333333333334,1546.3333333333333,1845.3333333333333,308.1666666666667,DoS
ipcas_21:73:33,143,0,2889,LIED10CTRL/LLN0$Status,0.001952358000000487,0.0,1.0,1,617.3333333333334,1546.3333333333333,1845.3333333333333,308.1666666666667,DoS
ipcas_21:73:33,143,0,2890,LIED10CTRL/LLN0$Status,0.002054049000001612,0.0,1.0,1,617.3333333333334,1546.3333333333333,1845.3333333333333,308.1666666666667,DoS
ipcas_21:73:33,143,0,2891,LIED10CTRL/LLN0$Status,0.0019571949999992455,0.0,1.0,1,617.3333333333334,1546.3333333333333,1845.3333333333333,308.1666666666667,DoS
ipcas_21:73:33,143,0,2892,LIED10CTRL/LLN0$Status,0.0019160770000006266,0.0,1.0,1,617.3333333333334,1546.3333333333333,1845.3333333333333,308.1666666666667,DoS
ipcas_21:73:33,143,0,2893,LIED10CTRL/LLN0$Status,0.002130259999997719,0.0,1.0,1,617.3333333333334,1546.3333333333333,1845.3333333333333,308.1666666666667,DoS
ipcas_21:73:33,143,0,2894,LIED10CTRL/LLN0$Status,0.0019619199999993953,0.0,1.0,1,617.3333333333334,1546.3333333333333,1845.3333333333333,308.1666666666667,DoS
ipcas_21:73:33,143,0,2895,LIED10CTRL/LLN0$Status,0.0019333840000008706,0.0,1.0,1,617.3333333333334,1546.3333333333333,1845.3333333333333,308.1666666666667,DoS
ipcas_21:73:33,143,0,2896,LIED10CTRL/LLN0$Status,0.0019829589999993402,0.0,1.0,1,617.3333333333334,1546.3333333333333,1845.3333333333333,308.1666666666667,DoS
ipcas_21:73:33,143,0,2897,LIED10CTRL/LLN0$Status,0.002020993000002136,0.0,1.0,1,617.3333333333334,1546.3333333333333,1845.3333333333333,308.1666666666667,DoS
ipcas_21:73:33,143,0,2898,LIED10CTRL/LLN0$Status,0.002217228999999321,0.0,1.0,1,617.3333333333334,1546.3333333333333,1845.3333333333333,308.1666666666667,DoS
ipcas_21:73:33,143,0,2899,LIED10CTRL/LLN0$Status,0.001769416999998441,0.0,1.0,1,617.3333333333334,1546.3333333333333,1845.3333333333333,308.1666666666667,DoS
ipcas_21:73:33,143,0,2900,LIED10CTRL/LLN0$Status,0.002020456000000337,0.0,1.0,1,617.3333333333334,1546.3333333333333,1845.3333333333333,308.1666666666667,DoS
ipcas_21:73:33,143,0,2901,LIED10CTRL/LLN0$Status,0.0019940829999995913,0.0,1.0,1,617.3333333333334,1546.3333333333333,1845.3333333333333,308.1666666666667,DoS
ipcas_21:73:33,143,0,2902,LIED10CTRL/LLN0$Status,0.0020798060000011276,0.0,1.0,1,617.3333333333334,1546.3333333333333,1845.3333333333333,308.1666666666667,DoS
ipcas_21:73:33,143,0,2903,LIED10CTRL/LLN0$Status,0.0018922729999992782,0.0,1.0,1,617.3333333333334,1546.3333333333333,1845.3333333333333,308.1666666666667,DoS
ipcas_21:73:33,143,0,2904,LIED10CTRL/LLN0$Status,0.002054602000001182,0.0,1.0,1,617.3333333333334,1546.3333333333333,1845.3333333333333,308.1666666666667,DoS
ipcas_21:73:33,143,0,2905,LIED10CTRL/LLN0$Status,0.002031564999999347,0.0,1.0,1,617.3333333333334,1546.3333333333333,1845.3333333333333,308.1666666666667,DoS
ipcas_21:73:33,143,0,2906,LIED10CTRL/LLN0$Status,0.001943400000001816,0.0,1.0,1,617.3333333333334,1546.3333333333333,1845.3333333333333,308.1666666666667,DoS
ipcas_21:73:33,143,0,2907,LIED10CTRL/LLN0$Status,0.0021548659999979236,0.0,1.0,1,617.3333333333334,1546.3333333333333,1845.3333333333333,308.1666666666667,DoS
ipcas_21:73:33,143,0,2908,LIED10CTRL/LLN0$Status,0.0018661060000013663,0.0,1.0,1,617.3333333333334,1546.3333333333333,1845.3333333333333,308.1666666666667,DoS
ipcas_21:73:33,143,0,2909,LIED10CTRL/LLN0$Status,0.0020269850000005363,0.0,1.0,1,617.3333333333334,1546.3333333333333,1845.3333333333333,308.1666666666667,DoS
ipcas_21:73:33,143,0,2910,LIED10CTRL/LLN0$Status,0.0021658920000007242,0.0,1.0,1,617.3333333333334,1546.3333333333333,1845.3333333333333,308.1666666666667,DoS
ipcas_21:73:33,143,0,2911,LIED10CTRL/LLN0$Status,0.0017708609999971259,0.0,1.0,1,617.3333333333334,1546.3333333333333,1845.3333333333333,308.1666666666667,DoS
ipcas_21:73:33,143,0,2912,LIED10CTRL/LLN0$Status,0.001992716000000172,0.0,1.0,1,617.3333333333334,1546.3333333333333,1845.3333333333333,308.1666666666667,DoS
ipcas_21:73:33,143,0,2913,LIED10CTRL/LLN0$Status,0.002046072000002397,0.0,1.0,1,617.3333333333334,1546.3333333333333,1845.3333333333333,308.1666666666667,DoS
ipcas_21:73:33,143,0,2914,LIED10CTRL/LLN0$Status,0.0019451229999987163,0.0,1.0,1,617.3333333333334,1546.3333333333333,1845.3333333333333,308.1666666666667,DoS
ipcas_21:73:33,143,0,2915,LIED10CTRL/LLN0$Status,0.002157999000001354,0.0,1.0,1,617.3333333333334,1546.3333333333333,1845.3333333333333,308.1666666666667,DoS
ipcas_21:73:33,143,0,2916,LIED10CTRL/LLN0$Status,0.0019560020000000122,0.0,1.0,1,617.3333333333334,1546.3333333333333,1845.3333333333333,308.1666666666667,DoS
ipcas_21:73:33,143,0,2917,LIED10CTRL/LLN0$Status,0.0019024009999988323,0.0,1.0,1,617.3333333333334,1546.3333333333333,1845.3333333333333,308.1666666666667,DoS
ipcas_21:73:33,143,0,2918,LIED10CTRL/LLN0$Status,0.002075990999998112,0.0,1.0,1,617.3333333333334,1546.3333333333333,1845.3333333333333,308.1666666666667,DoS
ipcas_21:73:33,143,0,2919,LIED10CTRL/LLN0$Status,0.001956315000001041,0.0,1.0,1,617.3333333333334,1546.3333333333333,1845.3333333333333,308.1666666666667,DoS
ipcas_21:73:33,143,0,2920,LIED10CTRL/LLN0$Status,0.002268126000000592,0.0,1.0,1,617.3333333333334,1546.3333333333333,1845.3333333333333,308.1666666666667,DoS
ipcas_21:73:33,143,0,2921,LIED10CTRL/LLN0$Status,0.0016855410000005122,0.0,1.0,1,617.3333333333334,1546.3333333333333,1845.3333333333333,308.1666666666667,DoS
ipcas_21:73:33,143,0,2922,LIED10CTRL/LLN0$Status,0.002044624999999911,0.0,1.0,1,617.3333333333334,1546.3333333333333,1845.3333333333333,308.1666666666667,DoS
ipcas_21:73:33,143,0,2923,LIED10CTRL/LLN0$Status,0.002005125000000163,0.0,1.0,1,617.3333333333334,1546.3333333333333,1845.3333333333333,308.1666666666667,DoS
ipcas_21:73:33,143,0,2924,LIED10CTRL/LLN0$Status,0.002145146000000153,0.0,1.0,1,617.3333333333334,1546.3333333333333,1845.3333333333333,308.1666666666667,DoS
ipcas_21:73:33,143,0,2925,LIED10CTRL/LLN0$Status,0.0019014819999974009,0.0,1.0,1,617.3333333333334,1546.3333333333333,1845.3333333333333,308.1666666666667,DoS
ipcas_21:73:33,143,0,2926,LIED10CTRL/LLN0$Status,0.0020075190000028442,0.0,1.0,1,617.3333333333334,1546.3333333333333,1845.3333333333333,308.1666666666667,DoS
ipcas_21:73:33,143,0,2927,LIED10CTRL/LLN0$Status,0.0019380349999984503,0.0,1.0,1,617.3333333333334,1546.3333333333333,1845.3333333333333,308.1666666666667,DoS
ipcas_21:73:33,143,0,2928,LIED10CTRL/LLN0$Status,0.0019998220000019273,0.0,1.0,1,617.3333333333334,1546.3333333333333,1845.3333333333333,308.1666666666667,DoS
ipcas_21:73:33,143,0,2929,LIED10CTRL/LLN0$Status,0.0021016789999990237,0.0,1.0,1,617.3333333333334,1546.3333333333333,1845.3333333333333,308.1666666666667,DoS
ipcas_21:73:33,143,0,2930,LIED10CTRL/LLN0$Status,0.0019013000000001057,0.0,1.0,1,617.3333333333334,1546.3333333333333,1845.3333333333333,308.1666666666667,DoS
ipcas_21:73:33,143,0,2931,LIED10CTRL/LLN0$Status,0.0026072599999977797,0.0,1.0,1,617.3333333333334,1546.3333333333333,1845.3333333333333,308.1666666666667,DoS
ipcas_21:73:33,143,0,2932,LIED10CTRL/LLN0$Status,0.0013988690000026338,0.0,1.0,1,617.3333333333334,1546.3333333333333,1845.3333333333333,308.1666666666667,DoS
ipcas_21:73:33,143,0,2933,LIED10CTRL/LLN0$Status,0.002012608999997667,0.0,1.0,1,617.3333333333334,1546.3333333333333,1845.3333333333333,308.1666666666667,DoS
ipcas_21:73:33,143,0,2934,LIED10CTRL/LLN0$Status,0.0019622100000020737,0.0,1.0,1,617.3333333333334,1546.3333333333333,1845.3333333333333,308.1666666666667,DoS
ipcas_21:73:33,143,0,2935,LIED10CTRL/LLN0$Status,0.0020538979999997764,0.0,1.0,1,617.3333333333334,1546.3333333333333,1845.3333333333333,308.1666666666667,DoS
ipcas_21:73:33,143,0,2936,LIED10CTRL/LLN0$Status,0.0020176869999986025,0.0,1.0,1,617.3333333333334,1546.3333333333333,1845.3333333333333,308.1666666666667,DoS
ipcas_21:73:33,143,0,2937,LIED10CTRL/LLN0$Status,0.0020552460000011763,0.0,1.0,1,617.3333333333334,1546.3333333333333,1845.3333333333333,308.1666666666667,DoS
ipcas_21:73:33,143,0,2938,LIED10CTRL/LLN0$Status,0.0018511389999993355,0.0,1.0,1,617.3333333333334,1546.3333333333333,1845.3333333333333,308.1666666666667,DoS
ipcas_21:73:33,143,0,2939,LIED10CTRL/LLN0$Status,0.0021399889999997868,0.0,1.0,1,617.3333333333334,1546.3333333333333,1845.3333333333333,308.1666666666667,DoS
ipcas_21:73:33,143,0,2940,LIED10CTRL/LLN0$Status,0.0018972949999991329,0.0,1.0,1,617.3333333333334,1546.3333333333333,1845.3333333333333,308.1666666666667,DoS
ipcas_21:73:33,143,0,2941,LIED10CTRL/LLN0$Status,0.0020702240000005645,0.0,1.0,1,617.3333333333334,1546.3333333333333,1845.3333333333333,308.1666666666667,DoS
ipcas_21:73:33,143,0,2942,LIED10CTRL/LLN0$Status,0.001974965000002271,0.0,1.0,1,617.3333333333334,1546.3333333333333,1845.3333333333333,308.1666666666667,DoS
ipcas_21:73:33,143,0,2943,LIED10CTRL/LLN0$Status,0.002012710999999001,0.0,1.0,1,617.3333333333334,1546.3333333333333,1845.3333333333333,308.1666666666667,DoS
ipcas_21:73:33,143,0,2944,LIED10CTRL/LLN0$Status,0.001938664000000756,0.0,1.0,1,617.3333333333334,1546.3333333333333,1845.3333333333333,308.1666666666667,DoS
ipcas_21:73:33,143,0,2945,LIED10CTRL/LLN0$Status,0.002016838999999493,0.0,1.0,1,617.3333333333334,1546.3333333333333,1845.3333333333333,308.1666666666667,DoS
ipcas_21:73:33,143,0,2946,LIED10CTRL/LLN0$Status,0.001984540999998785,0.0,1.0,1,617.3333333333334,1546.3333333333333,1845.3333333333333,308.1666666666667,DoS
ipcas_21:73:33,143,0,2947,LIED10CTRL/LLN0$Status,0.002132580000001383,0.0,1.0,1,617.3333333333334,1546.3333333333333,1845.3333333333333,308.1666666666667,DoS
ipcas_21:73:33,143,0,2948,LIED10CTRL/LLN0$Status,0.002072518999998607,0.0,1.0,1,617.3333333333334,1546.3333333333333,1845.3333333333333,308.1666666666667,DoS
ipcas_21:73:33,143,0,2949,LIED10CTRL/LLN0$Status,0.0021209780000006617,0.0,1.0,1,617.3333333333334,1546.3333333333333,1845.3333333333333,308.1666666666667,DoS
ipcas_21:73:33,143,0,2950,LIED10CTRL/LLN0$Status,0.0017968920000015487,0.0,1.0,1,617.3333333333334,1546.3333333333333,1845.3333333333333,308.1666666666667,DoS
ipcas_21:73:33,143,0,2951,LIED10CTRL/LLN0$Status,0.002015300000000053,0.0,1.0,1,617.3333333333334,1546.3333333333333,1845.3333333333333,308.1666666666667,DoS
ipcas_21:73:33,143,0,2952,LIED10CTRL/LLN0$Status,0.0018591039999975578,0.0,1.0,1,617.3333333333334,1546.3333333333333,1845.3333333333333,308.1666666666667,DoS
ipcas_21:73:33,143,0,2953,LIED10CTRL/LLN0$Status,0.0025548059999991324,0.0,1.0,1,617.3333333333334,1546.3333333333333,1845.3333333333333,308.1666666666667,DoS
ipcas_21:73:33,143,0,2954,LIED10CTRL/LLN0$Status,0.001751809000001714,0.0,1.0,1,617.3333333333334,1546.3333333333333,1845.3333333333333,308.1666666666667,DoS
ipcas_21:73:33,143,0,2955,LIED10CTRL/LLN0$Status,0.0019144520000011767,0.0,1.0,1,617.3333333333334,1546.3333333333333,1845.3333333333333,308.1666666666667,DoS
ipcas_21:73:33,143,0,2956,LIED10CTRL/LLN0$Status,0.0017716599999992866,0.0,1.0,1,617.3333333333334,1546.3333333333333,1845.3333333333333,308.1666666666667,DoS
ipcas_21:73:33,143,0,2957,LIED10CTRL/LLN0$Status,0.002130096999998443,0.0,1.0,1,617.3333333333334,1546.3333333333333,1845.3333333333333,308.1666666666667,DoS
ipcas_21:73:33,143,0,2958,LIED10CTRL/LLN0$Status,0.0018416620000003547,0.0,1.0,1,617.3333333333334,1546.3333333333333,1845.3333333333333,308.1666666666667,DoS
ipcas_21:73:33,143,0,2959,LIED10CTRL/LLN0$Status,0.002130329999999958,0.0,1.0,1,617.3333333333334,1546.3333333333333,1845.3333333333333,308.1666666666667,DoS
ipcas_21:73:33,143,0,2960,LIED10CTRL/LLN0$Status,0.0019203720000007252,0.0,1.0,1,617.3333333333334,1546.3333333333333,1845.3333333333333,308.1666666666667,DoS
ipcas_21:73:33,143,0,2961,LIED10CTRL/LLN0$Status,0.0019469000000000847,0.0,1.0,1,617.3333333333334,1546.3333333333333,1845.3333333333333,308.1666666666667,DoS
ipcas_21:73:33,143,0,2962,LIED10CTRL/LLN0$Status,0.0020020790000003785,0.0,1.0,1,617.3333333333334,1546.3333333333333,1845.3333333333333,308.1666666666667,DoS
ipcas_21:73:33,143,0,2963,LIED10CTRL/LLN0$Status,0.0020894079999997928,0.0,1.0,1,617.3333333333334,1546.3333333333333,1845.3333333333333,308.1666666666667,DoS
ipcas_21:73:33,143,0,2964,LIED10CTRL/LLN0$Status,0.0019378809999999191,0.0,1.0,1,617.3333333333334,1546.3333333333333,1845.3333333333333,308.1666666666667,DoS
ipcas_21:73:33,143,0,2965,LIED10CTRL/LLN0$Status,0.0020076889999991465,0.0,1.0,1,617.3333333333334,1546.3333333333333,1845.3333333333333,308.1666666666667,DoS
ipcas_21:73:33,143,0,2966,LIED10CTRL/LLN0$Status,0.002054401000002315,0.0,1.0,1,617.3333333333334,1546.3333333333333,1845.3333333333333,308.1666666666667,DoS
ipcas_21:73:33,143,0,2967,LIED10CTRL/LLN0$Status,0.001964854999997101,0.0,1.0,1,617.3333333333334,1546.3333333333333,1845.3333333333333,308.1666666666667,DoS
ipcas_21:73:33,143,0,2968,LIED10CTRL/LLN0$Status,0.0019628289999999993,0.0,1.0,1,617.3333333333334,1546.3333333333333,1845.3333333333333,308.1666666666667,DoS
ipcas_21:73:33,143,0,2969,LIED10CTRL/LLN0$Status,0.0021122890000029315,0.0,1.0,1,617.3333333333334,1546.3333333333333,1845.3333333333333,308.1666666666667,DoS
ipcas_21:73:33,143,0,2970,LIED10CTRL/LLN0$Status,0.0018751489999999649,0.0,1.0,1,617.3333333333334,1546.3333333333333,1845.3333333333333,308.1666666666667,DoS
ipcas_21:73:33,143,0,2971,LIED10CTRL/LLN0$Status,0.002025401999997456,0.0,1.0,1,617.3333333333334,1546.3333333333333,1845.3333333333333,308.1666666666667,DoS
ipcas_21:73:33,143,0,2972,LIED10CTRL/LLN0$Status,0.002050104000002051,0.0,1.0,1,617.3333333333334,1546.3333333333333,1845.3333333333333,308.1666666666667,DoS
ipcas_21:73:33,143,0,2973,LIED10CTRL/LLN0$Status,0.0019452129999990575,0.0,1.0,1,617.3333333333334,1546.3333333333333,1845.3333333333333,308.1666666666667,DoS
ipcas_21:73:33,143,0,2974,LIED10CTRL/LLN0$Status,0.0021282919999983108,0.0,1.0,1,617.3333333333334,1546.3333333333333,1845.3333333333333,308.1666666666667,DoS
ipcas_21:73:33,143,0,2975,LIED10CTRL/LLN0$Status,0.0019254670000030671,0.0,1.0,1,617.3333333333334,1546.3333333333333,1845.3333333333333,308.1666666666667,DoS
ipcas_21:73:33,143,0,2976,LIED10CTRL/LLN0$Status,0.001994480999996995,0.0,1.0,1,617.3333333333334,1546.3333333333333,1845.3333333333333,308.1666666666667,DoS
ipcas_21:73:33,143,0,2977,LIED10CTRL/LLN0$Status,0.0019561820000006946,0.0,1.0,1,617.3333333333334,1546.3333333333333,1845.3333333333333,308.1666666666667,DoS
ipcas_21:73:33,143,0,2978,LIED10CTRL/LLN0$Status,0.002003480999999141,0.0,1.0,1,617.3333333333334,1546.3333333333333,1845.3333333333333,308.1666666666667,DoS
ipcas_21:73:33,143,0,2979,LIED10CTRL/LLN0$Status,0.001972258000002114,0.0,1.0,1,617.3333333333334,1546.3333333333333,1845.3333333333333,308.1666666666667,DoS
ipcas_21:73:33,143,0,2980,LIED10CTRL/LLN0$Status,0.002004373999998421,0.0,1.0,1,617.3333333333334,1546.3333333333333,1845.3333333333333,308.1666666666667,DoS
ipcas_21:73:33,143,0,2981,LIED10CTRL/LLN0$Status,0.00201430899999977,0.0,1.0,1,617.3333333333334,1546.3333333333333,1845.3333333333333,308.1666666666667,DoS
ipcas_21:73:33,143,0,2982,LIED10CTRL/LLN0$Status,0.002213666000002945,0.0,1.0,1,617.3333333333334,1546.3333333333333,1845.3333333333333,308.1666666666667,DoS
ipcas_21:73:33,143,0,2983,LIED10CTRL/LLN0$Status,0.0017859449999981791,0.0,1.0,1,617.3333333333334,1546.3333333333333,1845.3333333333333,308.1666666666667,DoS
ipcas_21:73:33,143,0,2984,LIED10CTRL/LLN0$Status,0.001998255000000171,0.0,1.0,1,617.3333333333334,1546.3333333333333,1845.3333333333333,308.1666666666667,DoS
ipcas_21:73:33,143,0,2985,LIED10CTRL/LLN0$Status,0.0022184759999994696,0.0,1.0,1,617.3333333333334,1546.3333333333333,1845.3333333333333,308.1666666666667,DoS
ipcas_21:73:33,143,0,2986,LIED10CTRL/LLN0$Status,0.0018216429999995398,0.0,1.0,1,617.3333333333334,1546.3333333333333,1845.3333333333333,308.1666666666667,DoS
ipcas_21:73:33,143,0,2987,LIED10CTRL/LLN0$Status,0.0019614949999997577,0.0,1.0,1,617.3333333333334,1546.3333333333333,1845.3333333333333,308.1666666666667,DoS
ipcas_21:73:33,143,0,2988,LIED10CTRL/LLN0$Status,0.0020362380000022995,0.0,1.0,1,617.3333333333334,1546.3333333333333,1845.3333333333333,308.1666666666667,DoS
ipcas_21:73:33,143,0,2989,LIED10CTRL/LLN0$Status,0.001954053999998706,0.0,1.0,1,617.3333333333334,1546.3333333333333,1845.3333333333333,308.1666666666667,DoS
ipcas_21:73:33,143,0,2990,LIED10CTRL/LLN0$Status,0.0020115979999992817,0.0,1.0,1,617.3333333333334,1546.3333333333333,1845.3333333333333,308.1666666666667,DoS
ipcas_21:73:33,143,0,2991,LIED10CTRL/LLN0$Status,0.002023191999999341,0.0,1.0,1,617.3333333333334,1546.3333333333333,1845.3333333333333,308.1666666666667,DoS
ipcas_21:73:33,143,0,2992,LIED10CTRL/LLN0$Status,0.0019684440000027337,0.0,1.0,1,617.3333333333334,1546.3333333333333,1845.3333333333333,308.1666666666667,DoS
ipcas_21:73:33,143,0,2993,LIED10CTRL/LLN0$Status,0.0020763909999992336,0.0,1.0,1,617.3333333333334,1546.3333333333333,1845.3333333333333,308.1666666666667,DoS
ipcas_21:73:33,143,0,2994,LIED10CTRL/LLN0$Status,0.0019348269999994727,0.0,1.0,1,617.3333333333334,1546.3333333333333,1845.3333333333333,308.1666666666667,DoS
ipcas_21:73:33,143,0,2995,LIED10CTRL/LLN0$Status,0.002020033000000865,0.0,1.0,1,617.3333333333334,1546.3333333333333,1845.3333333333333,308.1666666666667,DoS
ipcas_21:73:33,143,0,2996,LIED10CTRL/LLN0$Status,0.001996981999997871,0.0,1.0,1,617.3333333333334,1546.3333333333333,1845.3333333333333,308.1666666666667,DoS
ipcas_21:73:33,143,0,2997,LIED10CTRL/LLN0$Status,0.001957227000001893,0.0,1.0,1,617.3333333333334,1546.3333333333333,1845.3333333333333,308.1666666666667,DoS
ipcas_21:73:33,143,0,2998,LIED10CTRL/LLN0$Status,0.0020320590000011407,0.0,1.0,1,617.3333333333334,1546.3333333333333,1845.3333333333333,308.1666666666667,DoS
ipcas_21:73:33,143,0,2999,LIED10CTRL/LLN0$Status,0.0024506559999970534,0.0,1.0,1,617.3333333333334,1546.3333333333333,1845.3333333333333,308.1666666666667,DoS
ipcas_21:73:33,143,0,3000,LIED10CTRL/LLN0$Status,0.0018062980000017603,0.0,1.0,1,617.3333333333334,1546.3333333333333,1845.3333333333333,308.1666666666667,DoS
ipcas_21:73:33,143,0,3001,LIED10CTRL/LLN0$Status,0.0017598869999986277,0.0,1.0,1,617.3333333333334,1546.3333333333333,1845.3333333333333,308.1666666666667,DoS
ipcas_21:73:33,143,0,3002,LIED10CTRL/LLN0$Status,0.0020387210000016864,0.0,1.0,1,617.3333333333334,1546.3333333333333,1845.3333333333333,308.1666666666667,DoS
ipcas_21:73:33,143,0,3003,LIED10CTRL/LLN0$Status,0.0019281259999992528,0.0,1.0,1,617.3333333333334,1546.3333333333333,1845.3333333333333,308.1666666666667,DoS
ipcas_21:73:33,143,0,3004,LIED10CTRL/LLN0$Status,0.002026625999999254,0.0,1.0,1,617.3333333333334,1546.3333333333333,1845.3333333333333,308.1666666666667,DoS
ipcas_21:73:33,143,0,3005,LIED10CTRL/LLN0$Status,0.002078002000001078,0.0,1.0,1,617.3333333333334,1546.3333333333333,1845.3333333333333,308.1666666666667,DoS
ipcas_21:73:33,143,0,3006,LIED10CTRL/LLN0$Status,0.001947614999998848,0.0,1.0,1,617.3333333333334,1546.3333333333333,1845.3333333333333,308.1666666666667,DoS
ipcas_21:73:33,143,0,3007,LIED10CTRL/LLN0$Status,0.0019532300000015823,0.0,1.0,1,617.3333333333334,1546.3333333333333,1845.3333333333333,308.1666666666667,DoS
ipcas_21:73:33,143,0,3008,LIED10CTRL/LLN0$Status,0.0019964379999990456,0.0,1.0,1,617.3333333333334,1546.3333333333333,1845.3333333333333,308.1666666666667,DoS
ipcas_21:73:33,143,0,3009,LIED10CTRL/LLN0$Status,0.0019976520000000164,0.0,1.0,1,617.3333333333334,1546.3333333333333,1845.3333333333333,308.1666666666667,DoS
ipcas_21:73:33,143,0,3010,LIED10CTRL/LLN0$Status,0.00208255600000129,0.0,1.0,1,617.3333333333334,1546.3333333333333,1845.3333333333333,308.1666666666667,DoS
ipcas_21:73:33,143,0,3011,LIED10CTRL/LLN0$Status,0.0020520469999993907,0.0,1.0,1,617.3333333333334,1546.3333333333333,1845.3333333333333,308.1666666666667,DoS
ipcas_21:73:33,143,0,3012,LIED10CTRL/LLN0$Status,0.0020586539999989384,0.0,1.0,1,617.3333333333334,1546.3333333333333,1845.3333333333333,308.1666666666667,DoS
ipcas_21:73:33,143,0,3013,LIED10CTRL/LLN0$Status,0.0017993129999993585,0.0,1.0,1,617.3333333333334,1546.3333333333333,1845.3333333333333,308.1666666666667,DoS
ipcas_21:73:33,143,0,3014,LIED10CTRL/LLN0$Status,0.002165647000001769,0.0,1.0,1,617.3333333333334,1546.3333333333333,1845.3333333333333,308.1666666666667,DoS
ipcas_21:73:33,143,0,3015,LIED10CTRL/LLN0$Status,0.001978679000000483,0.0,1.0,1,617.3333333333334,1546.3333333333333,1845.3333333333333,308.1666666666667,DoS
ipcas_21:73:33,143,0,3016,LIED10CTRL/LLN0$Status,0.001865510999998321,0.0,1.0,1,617.3333333333334,1546.3333333333333,1845.3333333333333,308.1666666666667,DoS
ipcas_21:73:33,143,0,3017,LIED10CTRL/LLN0$Status,0.0020246589999999287,0.0,1.0,1,617.3333333333334,1546.3333333333333,1845.3333333333333,308.1666666666667,DoS
ipcas_21:73:33,143,0,3018,LIED10CTRL/LLN0$Status,0.0019661050000010505,0.0,1.0,1,617.3333333333334,1546.3333333333333,1845.3333333333333,308.1666666666667,DoS
ipcas_21:73:33,143,0,3019,LIED10CTRL/LLN0$Status,0.0021587749999980588,0.0,1.0,1,617.3333333333334,1546.3333333333333,1845.3333333333333,308.1666666666667,DoS
ipcas_21:73:33,143,0,3020,LIED10CTRL/LLN0$Status,0.0019261710000009202,0.0,1.0,1,617.3333333333334,1546.3333333333333,1845.3333333333333,308.1666666666667,DoS
ipcas_21:73:33,143,0,3021,LIED10CTRL/LLN0$Status,0.0019869020000022886,0.0,1.0,1,617.3333333333334,1546.3333333333333,1845.3333333333333,308.1666666666667,DoS
ipcas_21:73:33,143,0,3022,LIED10CTRL/LLN0$Status,0.0020372279999989473,0.0,1.0,1,617.3333333333334,1546.3333333333333,1845.3333333333333,308.1666666666667,DoS
ipcas_21:73:33,143,0,3023,LIED10CTRL/LLN0$Status,0.0019299010000004557,0.0,1.0,1,617.3333333333334,1546.3333333333333,1845.3333333333333,308.1666666666667,DoS
ipcas_21:73:33,143,0,3024,LIED10CTRL/LLN0$Status,0.0019653109999993035,0.0,1.0,1,617.3333333333334,1546.3333333333333,1845.3333333333333,308.1666666666667,DoS
ipcas_21:73:33,143,0,3025,LIED10CTRL/LLN0$Status,0.0020449280000001124,0.0,1.0,1,617.3333333333334,1546.3333333333333,1845.3333333333333,308.1666666666667,DoS
ipcas_21:73:33,143,0,3026,LIED10CTRL/LLN0$Status,0.0020169549999984326,0.0,1.0,1,617.3333333333334,1546.3333333333333,1845.3333333333333,308.1666666666667,DoS
ipcas_21:73:33,143,0,3027,LIED10CTRL/LLN0$Status,0.002007899000002311,0.0,1.0,1,617.3333333333334,1546.3333333333333,1845.3333333333333,308.1666666666667,DoS
ipcas_21:73:33,143,0,3028,LIED10CTRL/LLN0$Status,0.0019725029999975163,0.0,1.0,1,617.3333333333334,1546.3333333333333,1845.3333333333333,308.1666666666667,DoS
ipcas_21:73:33,143,0,3029,LIED10CTRL/LLN0$Status,0.0021293290000024,0.0,1.0,1,617.3333333333334,1546.3333333333333,1845.3333333333333,308.1666666666667,DoS
ipcas_21:73:33,143,0,3030,LIED10CTRL/LLN0$Status,0.0019501399999981572,0.0,1.0,1,617.3333333333334,1546.3333333333333,1845.3333333333333,308.1666666666667,DoS
ipcas_21:73:33,143,0,3031,LIED10CTRL/LLN0$Status,0.0019510510000024794,0.0,1.0,1,617.3333333333334,1546.3333333333333,1845.3333333333333,308.1666666666667,DoS
ipcas_21:73:33,143,0,3032,LIED10CTRL/LLN0$Status,0.0019378999999979385,0.0,1.0,1,617.3333333333334,1546.3333333333333,1845.3333333333333,308.1666666666667,DoS
ipcas_21:73:33,143,0,3033,LIED10CTRL/LLN0$Status,0.002025350000000259,0.0,1.0,1,617.3333333333334,1546.3333333333333,1845.3333333333333,308.1666666666667,DoS
ipcas_21:73:33,143,0,3034,LIED10CTRL/LLN0$Status,0.0019813010000007125,0.0,1.0,1,617.3333333333334,1546.3333333333333,1845.3333333333333,308.1666666666667,DoS
ipcas_21:73:33,143,0,3035,LIED10CTRL/LLN0$Status,0.0021225009999987776,0.0,1.0,1,617.3333333333334,1546.3333333333333,1845.3333333333333,308.1666666666667,DoS
ipcas_21:73:33,143,0,3036,LIED10CTRL/LLN0$Status,0.0018516710000007208,0.0,1.0,1,617.3333333333334,1546.3333333333333,1845.3333333333333,308.1666666666667,DoS
ipcas_21:73:33,143,0,3037,LIED10CTRL/LLN0$Status,0.0019870200000013938,0.0,1.0,1,617.3333333333334,1546.3333333333333,1845.3333333333333,308.1666666666667,DoS
ipcas_21:73:33,143,0,3038,LIED10CTRL/LLN0$Status,0.0020510039999983576,0.0,1.0,1,617.3333333333334,1546.3333333333333,1845.3333333333333,308.1666666666667,DoS
ipcas_21:73:33,143,0,3039,LIED10CTRL/LLN0$Status,0.002027251000001229,0.0,1.0,1,617.3333333333334,1546.3333333333333,1845.3333333333333,308.1666666666667,DoS
ipcas_21:73:33,143,0,3040,LIED10CTRL/LLN0$Status,0.00195711799999998,0.0,1.0,1,617.3333333333334,1546.3333333333333,1845.3333333333333,308.1666666666667,DoS
ipcas_21:73:33,143,0,3041,LIED10CTRL/LLN0$Status,0.0021024119999992763,0.0,1.0,1,617.3333333333334,1546.3333333333333,1845.3333333333333,308.1666666666667,DoS
ipcas_21:73:33,143,0,3042,LIED10CTRL/LLN0$Status,0.00187912199999829,0.0,1.0,1,617.3333333333334,1546.3333333333333,1845.3333333333333,308.1666666666667,DoS
ipcas_21:73:33,143,0,3043,LIED10CTRL/LLN0$Status,0.002026860000000852,0.0,1.0,1,617.3333333333334,1546.3333333333333,1845.3333333333333,308.1666666666667,DoS
ipcas_21:73:33,143,0,3044,LIED10CTRL/LLN0$Status,0.0020265489999999886,0.0,1.0,1,617.3333333333334,1546.3333333333333,1845.3333333333333,308.1666666666667,DoS
ipcas_21:73:33,143,0,3045,LIED10CTRL/LLN0$Status,0.0019994180000004746,0.0,1.0,1,617.3333333333334,1546.3333333333333,1845.3333333333333,308.1666666666667,DoS
ipcas_21:73:33,143,0,3046,LIED10CTRL/LLN0$Status,0.0028209570000008455,0.0,1.0,1,617.3333333333334,1546.3333333333333,1845.3333333333333,308.1666666666667,DoS
ipcas_21:73:33,143,0,3047,LIED10CTRL/LLN0$Status,0.0012262189999994177,0.0,1.0,1,617.3333333333334,1546.3333333333333,1845.3333333333333,308.1666666666667,DoS
ipcas_21:73:33,143,0,3048,LIED10CTRL/LLN0$Status,0.002046451999998311,0.0,1.0,1,617.3333333333334,1546.3333333333333,1845.3333333333333,308.1666666666667,DoS
ipcas_21:73:33,143,0,3049,LIED10CTRL/LLN0$Status,0.0020302020000002585,0.0,1.0,1,617.3333333333334,1546.3333333333333,1845.3333333333333,308.1666666666667,DoS
ipcas_21:73:33,143,0,3050,LIED10CTRL/LLN0$Status,0.002115829000000957,0.0,1.0,1,617.3333333333334,1546.3333333333333,1845.3333333333333,308.1666666666667,DoS
ipcas_21:73:33,143,0,3051,LIED10CTRL/LLN0$Status,0.001763811000000004,0.0,1.0,1,617.3333333333334,1546.3333333333333,1845.3333333333333,308.1666666666667,DoS
ipcas_21:73:33,143,0,3052,LIED10CTRL/LLN0$Status,0.0020975569999990284,0.0,1.0,1,617.3333333333334,1546.3333333333333,1845.3333333333333,308.1666666666667,DoS
ipcas_21:73:33,143,0,3053,LIED10CTRL/LLN0$Status,0.0019755799999998658,0.0,1.0,1,617.3333333333334,1546.3333333333333,1845.3333333333333,308.1666666666667,DoS
ipcas_21:73:33,143,0,3054,LIED10CTRL/LLN0$Status,0.0019432740000020488,0.0,1.0,1,617.3333333333334,1546.3333333333333,1845.3333333333333,308.1666666666667,DoS
ipcas_21:73:33,143,0,3055,LIED10CTRL/LLN0$Status,0.0020610969999985684,0.0,1.0,1,617.3333333333334,1546.3333333333333,1845.3333333333333,308.1666666666667,DoS
ipcas_21:73:33,143,0,3056,LIED10CTRL/LLN0$Status,0.0021959749999993505,0.0,1.0,1,617.3333333333334,1546.3333333333333,1845.3333333333333,308.1666666666667,DoS
ipcas_21:73:33,143,0,3057,LIED10CTRL/LLN0$Status,0.0019884010000019714,0.0,1.0,1,617.3333333333334,1546.3333333333333,1845.3333333333333,308.1666666666667,DoS
ipcas_21:73:33,143,0,3058,LIED10CTRL/LLN0$Status,0.0018396589999980506,0.0,1.0,1,617.3333333333334,1546.3333333333333,1845.3333333333333,308.1666666666667,DoS
ipcas_21:73:33,143,0,3059,LIED10CTRL/LLN0$Status,0.0019811500000024296,0.0,1.0,1,617.3333333333334,1546.3333333333333,1845.3333333333333,308.1666666666667,DoS
ipcas_21:73:33,143,0,3060,LIED10CTRL/LLN0$Status,0.0020045889999984468,0.0,1.0,1,617.3333333333334,1546.3333333333333,1845.3333333333333,308.1666666666667,DoS
ipcas_21:73:33,143,0,3061,LIED10CTRL/LLN0$Status,0.0018536020000006204,0.0,1.0,1,617.3333333333334,1546.3333333333333,1845.3333333333333,308.1666666666667,DoS
ipcas_21:73:33,143,0,3062,LIED10CTRL/LLN0$Status,0.0020291380000010406,0.0,1.0,1,617.3333333333334,1546.3333333333333,1845.3333333333333,308.1666666666667,DoS
ipcas_21:73:33,143,0,3063,LIED10CTRL/LLN0$Status,0.00260030499999786,0.0,1.0,1,617.3333333333334,1546.3333333333333,1845.3333333333333,308.1666666666667,DoS
ipcas_21:73:33,143,0,3064,LIED10CTRL/LLN0$Status,0.0014093690000009929,0.0,1.0,1,617.3333333333334,1546.3333333333333,1845.3333333333333,308.1666666666667,DoS
ipcas_21:73:33,143,0,3065,LIED10CTRL/LLN0$Status,0.0021605029999989256,0.0,1.0,1,617.3333333333334,1546.3333333333333,1845.3333333333333,308.1666666666667,DoS
ipcas_21:73:33,143,0,3066,LIED10CTRL/LLN0$Status,0.0019578859999995757,0.0,1.0,1,617.3333333333334,1546.3333333333333,1845.3333333333333,308.1666666666667,DoS
ipcas_21:73:33,143,0,3067,LIED10CTRL/LLN0$Status,0.001887949000000333,0.0,1.0,1,617.3333333333334,1546.3333333333333,1845.3333333333333,308.1666666666667,DoS
ipcas_21:73:33,143,0,3068,LIED10CTRL/LLN0$Status,0.0020681969999998273,0.0,1.0,1,617.3333333333334,1546.3333333333333,1845.3333333333333,308.1666666666667,DoS
ipcas_21:73:33,143,0,3069,LIED10CTRL/LLN0$Status,0.0019789729999999395,0.0,1.0,1,617.3333333333334,1546.3333333333333,1845.3333333333333,308.1666666666667,DoS
ipcas_21:73:33,143,0,3070,LIED10CTRL/LLN0$Status,0.0020456300000013528,0.0,1.0,1,617.3333333333334,1546.3333333333333,1845.3333333333333,308.1666666666667,DoS
ipcas_21:73:33,143,0,3071,LIED10CTRL/LLN0$Status,0.001876919000000754,0.0,1.0,1,617.3333333333334,1546.3333333333333,1845.3333333333333,308.1666666666667,DoS
ipcas_21:73:33,143,0,3072,LIED10CTRL/LLN0$Status,0.0020887499999986403,0.0,1.0,1,617.3333333333334,1546.3333333333333,1845.3333333333333,308.1666666666667,DoS
ipcas_21:73:33,143,0,3073,LIED10CTRL/LLN0$Status,0.002043142000001552,0.0,1.0,1,617.3333333333334,1546.3333333333333,1845.3333333333333,308.1666666666667,DoS
ipcas_21:73:33,143,0,3074,LIED10CTRL/LLN0$Status,0.002064596000000307,0.0,1.0,1,617.3333333333334,1546.3333333333333,1845.3333333333333,308.1666666666667,DoS
ipcas_21:73:33,143,0,3075,LIED10CTRL/LLN0$Status,0.0019551119999974276,0.0,1.0,1,617.3333333333334,1546.3333333333333,1845.3333333333333,308.1666666666667,DoS
ipcas_21:73:33,143,0,3076,LIED10CTRL/LLN0$Status,0.0018830899999997541,0.0,1.0,1,617.3333333333334,1546.3333333333333,1845.3333333333333,308.1666666666667,DoS
ipcas_21:73:33,143,0,3077,LIED10CTRL/LLN0$Status,0.001992051000001993,0.0,1.0,1,617.3333333333334,1546.3333333333333,1845.3333333333333,308.1666666666667,DoS
ipcas_21:73:33,143,0,3078,LIED10CTRL/LLN0$Status,0.001990220999999792,0.0,1.0,1,617.3333333333334,1546.3333333333333,1845.3333333333333,308.1666666666667,DoS
ipcas_21:73:33,143,0,3079,LIED10CTRL/LLN0$Status,0.002061991999998014,0.0,1.0,1,617.3333333333334,1546.3333333333333,1845.3333333333333,308.1666666666667,DoS
ipcas_21:73:33,143,0,3080,LIED10CTRL/LLN0$Status,0.001924188000000271,0.0,1.0,1,617.3333333333334,1546.3333333333333,1845.3333333333333,308.1666666666667,DoS
ipcas_21:73:33,143,0,3081,LIED10CTRL/LLN0$Status,0.0020334740000009788,0.0,1.0,1,617.3333333333334,1546.3333333333333,1845.3333333333333,308.1666666666667,DoS
ipcas_21:73:33,143,0,3082,LIED10CTRL/LLN0$Status,0.00198139700000155,0.0,1.0,1,617.3333333333334,1546.3333333333333,1845.3333333333333,308.1666666666667,DoS
ipcas_21:73:33,143,0,3083,LIED10CTRL/LLN0$Status,0.0022303119999982357,0.0,1.0,1,617.3333333333334,1546.3333333333333,1845.3333333333333,308.1666666666667,DoS
ipcas_21:73:33,143,0,3084,LIED10CTRL/LLN0$Status,0.0017476199999997277,0.0,1.0,1,617.3333333333334,1546.3333333333333,1845.3333333333333,308.1666666666667,DoS
ipcas_21:73:33,143,0,3085,LIED10CTRL/LLN0$Status,0.0020156900000003475,0.0,1.0,1,617.3333333333334,1546.3333333333333,1845.3333333333333,308.1666666666667,DoS
ipcas_21:73:33,143,0,3086,LIED10CTRL/LLN0$Status,0.0021405899999997757,0.0,1.0,1,617.3333333333334,1546.3333333333333,1845.3333333333333,308.1666666666667,DoS
ipcas_21:73:33,143,0,3087,LIED10CTRL/LLN0$Status,0.001851493000000204,0.0,1.0,1,617.3333333333334,1546.3333333333333,1845.3333333333333,308.1666666666667,DoS
ipcas_21:73:33,143,0,3088,LIED10CTRL/LLN0$Status,0.002041316999999765,0.0,1.0,1,617.3333333333334,1546.3333333333333,1845.3333333333333,308.1666666666667,DoS
ipcas_21:73:33,143,0,3089,LIED10CTRL/LLN0$Status,0.0019624170000014374,0.0,1.0,1,617.3333333333334,1546.3333333333333,1845.3333333333333,308.1666666666667,DoS
ipcas_21:73:33,143,0,3090,LIED10CTRL/LLN0$Status,0.0020494629999987524,0.0,1.0,1,617.3333333333334,1546.3333333333333,1845.3333333333333,308.1666666666667,DoS
ipcas_21:73:33,143,0,3091,LIED10CTRL/LLN0$Status,0.002000515000002423,0.0,1.0,1,617.3333333333334,1546.3333333333333,1845.3333333333333,308.1666666666667,DoS
ipcas_21:73:33,143,0,3092,LIED10CTRL/LLN0$Status,0.001994981999999368,0.0,1.0,1,617.3333333333334,1546.3333333333333,1845.3333333333333,308.1666666666667,DoS
ipcas_21:73:33,143,0,3093,LIED10CTRL/LLN0$Status,0.0019600890000006643,0.0,1.0,1,617.3333333333334,1546.3333333333333,1845.3333333333333,308.1666666666667,DoS
ipcas_21:73:33,143,0,3094,LIED10CTRL/LLN0$Status,0.0020750049999982423,0.0,1.0,1,617.3333333333334,1546.3333333333333,1845.3333333333333,308.1666666666667,DoS
ipcas_21:73:33,143,0,3095,LIED10CTRL/LLN0$Status,0.001937648999998487,0.0,1.0,1,617.3333333333334,1546.3333333333333,1845.3333333333333,308.1666666666667,DoS
ipcas_21:73:33,143,0,3096,LIED10CTRL/LLN0$Status,0.001999642000001245,0.0,1.0,1,617.3333333333334,1546.3333333333333,1845.3333333333333,308.1666666666667,DoS
ipcas_21:73:33,143,0,3097,LIED10CTRL/LLN0$Status,0.002025531000001024,0.0,1.0,1,617.3333333333334,1546.3333333333333,1845.3333333333333,308.1666666666667,DoS
ipcas_21:73:33,143,0,3098,LIED10CTRL/LLN0$Status,0.0019896819999978277,0.0,1.0,1,617.3333333333334,1546.3333333333333,1845.3333333333333,308.1666666666667,DoS
ipcas_21:73:33,143,0,3099,LIED10CTRL/LLN0$Status,0.0019911560000025474,0.0,1.0,1,617.3333333333334,1546.3333333333333,1845.3333333333333,308.1666666666667,DoS
ipcas_21:73:33,143,0,3100,LIED10CTRL/LLN0$Status,0.002006434999998419,0.0,1.0,1,617.3333333333334,1546.3333333333333,1845.3333333333333,308.1666666666667,DoS
ipcas_21:73:33,143,0,3101,LIED10CTRL/LLN0$Status,0.0020780900000012537,0.0,1.0,1,617.3333333333334,1546.3333333333333,1845.3333333333333,308.1666666666667,DoS
ipcas_21:73:33,143,0,3102,LIED10CTRL/LLN0$Status,0.00189856799999788,0.0,1.0,1,617.3333333333334,1546.3333333333333,1845.3333333333333,308.1666666666667,DoS
ipcas_21:73:33,143,0,3103,LIED10CTRL/LLN0$Status,0.001988937000000135,0.0,1.0,1,617.3333333333334,1546.3333333333333,1845.3333333333333,308.1666666666667,DoS
ipcas_21:73:33,143,0,3104,LIED10CTRL/LLN0$Status,0.002175803000000087,0.0,1.0,1,617.3333333333334,1546.3333333333333,1845.3333333333333,308.1666666666667,DoS
ipcas_21:73:33,143,0,3105,LIED10CTRL/LLN0$Status,0.0019584960000003093,0.0,1.0,1,617.3333333333334,1546.3333333333333,1845.3333333333333,308.1666666666667,DoS
ipcas_21:73:33,143,0,3106,LIED10CTRL/LLN0$Status,0.0019105639999992263,0.0,1.0,1,617.3333333333334,1546.3333333333333,1845.3333333333333,308.1666666666667,DoS
ipcas_21:73:33,143,0,3107,LIED10CTRL/LLN0$Status,0.002023084000001063,0.0,1.0,1,617.3333333333334,1546.3333333333333,1845.3333333333333,308.1666666666667,DoS
ipcas_21:73:33,143,0,3108,LIED10CTRL/LLN0$Status,0.002057927999999265,0.0,1.0,1,617.3333333333334,1546.3333333333333,1845.3333333333333,308.1666666666667,DoS
ipcas_21:73:33,143,0,3109,LIED10CTRL/LLN0$Status,0.001894534000001613,0.0,1.0,1,617.3333333333334,1546.3333333333333,1845.3333333333333,308.1666666666667,DoS
ipcas_21:73:33,143,0,3110,LIED10CTRL/LLN0$Status,0.002031960000000055,0.0,1.0,1,617.3333333333334,1546.3333333333333,1845.3333333333333,308.1666666666667,DoS
ipcas_21:73:33,143,0,3111,LIED10CTRL/LLN0$Status,0.002107986999998701,0.0,1.0,1,617.3333333333334,1546.3333333333333,1845.3333333333333,308.1666666666667,DoS
ipcas_21:73:33,143,0,3112,LIED10CTRL/LLN0$Status,0.0020229680000021233,0.0,1.0,1,617.3333333333334,1546.3333333333333,1845.3333333333333,308.1666666666667,DoS
ipcas_21:73:33,143,0,3113,LIED10CTRL/LLN0$Status,0.0019791959999970743,0.0,1.0,1,617.3333333333334,1546.3333333333333,1845.3333333333333,308.1666666666667,DoS
ipcas_21:73:33,143,0,3114,LIED10CTRL/LLN0$Status,0.0018730230000016945,0.0,1.0,1,617.3333333333334,1546.3333333333333,1845.3333333333333,308.1666666666667,DoS
ipcas_21:73:33,143,0,3115,LIED10CTRL/LLN0$Status,0.0020275699999992014,0.0,1.0,1,617.3333333333334,1546.3333333333333,1845.3333333333333,308.1666666666667,DoS
ipcas_21:73:33,143,0,3116,LIED10CTRL/LLN0$Status,0.002095744000001787,0.0,1.0,1,617.3333333333334,1546.3333333333333,1845.3333333333333,308.1666666666667,DoS
ipcas_21:73:33,143,0,3117,LIED10CTRL/LLN0$Status,0.0019370599999994909,0.0,1.0,1,617.3333333333334,1546.3333333333333,1845.3333333333333,308.1666666666667,DoS
ipcas_21:73:33,143,0,3118,LIED10CTRL/LLN0$Status,0.0020584509999999057,0.0,1.0,1,617.3333333333334,1546.3333333333333,1845.3333333333333,308.1666666666667,DoS
ipcas_21:73:33,143,0,3119,LIED10CTRL/LLN0$Status,0.00204502400000095,0.0,1.0,1,617.3333333333334,1546.3333333333333,1845.3333333333333,308.1666666666667,DoS
ipcas_21:73:33,143,0,3120,LIED10CTRL/LLN0$Status,0.0019653039999987243,0.0,1.0,1,617.3333333333334,1546.3333333333333,1845.3333333333333,308.1666666666667,DoS
ipcas_21:73:33,143,0,3121,LIED10CTRL/LLN0$Status,0.00201080500000117,0.0,1.0,1,617.3333333333334,1546.3333333333333,1845.3333333333333,308.1666666666667,DoS
ipcas_21:73:33,143,0,3122,LIED10CTRL/LLN0$Status,0.0018930359999984603,0.0,1.0,1,617.3333333333334,1546.3333333333333,1845.3333333333333,308.1666666666667,DoS
ipcas_21:73:33,143,0,3123,LIED10CTRL/LLN0$Status,0.00200504900000098,0.0,1.0,1,617.3333333333334,1546.3333333333333,1845.3333333333333,308.1666666666667,DoS
ipcas_21:73:33,143,0,3124,LIED10CTRL/LLN0$Status,0.002104682999998886,0.0,1.0,1,617.3333333333334,1546.3333333333333,1845.3333333333333,308.1666666666667,DoS
ipcas_21:73:33,143,0,3125,LIED10CTRL/LLN0$Status,0.0018796049999991737,0.0,1.0,1,617.3333333333334,1546.3333333333333,1845.3333333333333,308.1666666666667,DoS
ipcas_21:73:33,143,0,3126,LIED10CTRL/LLN0$Status,0.002309959000001527,0.0,1.0,1,617.3333333333334,1546.3333333333333,1845.3333333333333,308.1666666666667,DoS
ipcas_21:73:33,143,0,3127,LIED10CTRL/LLN0$Status,0.0018515229999991334,0.0,1.0,1,617.3333333333334,1546.3333333333333,1845.3333333333333,308.1666666666667,DoS
ipcas_21:73:33,143,0,3128,LIED10CTRL/LLN0$Status,0.0019428609999998514,0.0,1.0,1,617.3333333333334,1546.3333333333333,1845.3333333333333,308.1666666666667,DoS
ipcas_21:73:33,143,0,3129,LIED10CTRL/LLN0$Status,0.001965724000001501,0.0,1.0,1,617.3333333333334,1546.3333333333333,1845.3333333333333,308.1666666666667,DoS
ipcas_21:73:33,143,0,3130,LIED10CTRL/LLN0$Status,0.0019339820000006114,0.0,1.0,1,617.3333333333334,1546.3333333333333,1845.3333333333333,308.1666666666667,DoS
ipcas_21:73:33,143,0,3131,LIED10CTRL/LLN0$Status,0.0024421359999990955,0.0,1.0,1,617.3333333333334,1546.3333333333333,1845.3333333333333,308.1666666666667,DoS
ipcas_21:73:33,143,0,3132,LIED10CTRL/LLN0$Status,0.0016762899999989145,0.0,1.0,1,617.3333333333334,1546.3333333333333,1845.3333333333333,308.1666666666667,DoS
ipcas_21:73:33,143,0,3133,LIED10CTRL/LLN0$Status,0.0019795850000008386,0.0,1.0,1,617.3333333333334,1546.3333333333333,1845.3333333333333,308.1666666666667,DoS
ipcas_21:73:33,143,0,3134,LIED10CTRL/LLN0$Status,0.0020158919999992975,0.0,1.0,1,617.3333333333334,1546.3333333333333,1845.3333333333333,308.1666666666667,DoS
ipcas_21:73:33,143,0,3135,LIED10CTRL/LLN0$Status,0.0019660170000008748,0.0,1.0,1,617.3333333333334,1546.3333333333333,1845.3333333333333,308.1666666666667,DoS
ipcas_21:73:33,143,0,3136,LIED10CTRL/LLN0$Status,0.002178547999999836,0.0,1.0,1,617.3333333333334,1546.3333333333333,1845.3333333333333,308.1666666666667,DoS
ipcas_21:73:33,143,0,3137,LIED10CTRL/LLN0$Status,0.0020479480000012984,0.0,1.0,1,617.3333333333334,1546.3333333333333,1845.3333333333333,308.1666666666667,DoS
ipcas_21:73:33,143,0,3138,LIED10CTRL/LLN0$Status,0.0018301609999973323,0.0,1.0,1,617.3333333333334,1546.3333333333333,1845.3333333333333,308.1666666666667,DoS
ipcas_21:73:33,143,0,3139,LIED10CTRL/LLN0$Status,0.001991577000001854,0.0,1.0,1,617.3333333333334,1546.3333333333333,1845.3333333333333,308.1666666666667,DoS
ipcas_21:73:33,143,0,3140,LIED10CTRL/LLN0$Status,0.0020978320000004658,0.0,1.0,1,617.3333333333334,1546.3333333333333,1845.3333333333333,308.1666666666667,DoS
ipcas_21:73:33,143,0,3141,LIED10CTRL/LLN0$Status,0.0019143309999982705,0.0,1.0,1,617.3333333333334,1546.3333333333333,1845.3333333333333,308.1666666666667,DoS
ipcas_21:73:33,143,0,3142,LIED10CTRL/LLN0$Status,0.0020195720000018014,0.0,1.0,1,617.3333333333334,1546.3333333333333,1845.3333333333333,308.1666666666667,DoS
ipcas_21:73:33,143,0,3143,LIED10CTRL/LLN0$Status,0.002240462999999693,0.0,1.0,1,617.3333333333334,1546.3333333333333,1845.3333333333333,308.1666666666667,DoS
ipcas_21:73:33,143,0,3144,LIED10CTRL/LLN0$Status,0.0017169989999992197,0.0,1.0,1,617.3333333333334,1546.3333333333333,1845.3333333333333,308.1666666666667,DoS
ipcas_21:73:33,143,0,3145,LIED10CTRL/LLN0$Status,0.001996760000000819,0.0,1.0,1,617.3333333333334,1546.3333333333333,1845.3333333333333,308.1666666666667,DoS
ipcas_21:73:33,143,0,3146,LIED10CTRL/LLN0$Status,0.0020746559999977876,0.0,1.0,1,617.3333333333334,1546.3333333333333,1845.3333333333333,308.1666666666667,DoS
ipcas_21:73:33,143,0,3147,LIED10CTRL/LLN0$Status,0.0019351410000005842,0.0,1.0,1,617.3333333333334,1546.3333333333333,1845.3333333333333,308.1666666666667,DoS
ipcas_21:73:33,143,0,3148,LIED10CTRL/LLN0$Status,0.0019963420000017607,0.0,1.0,1,617.3333333333334,1546.3333333333333,1845.3333333333333,308.1666666666667,DoS
ipcas_21:73:33,143,0,3149,LIED10CTRL/LLN0$Status,0.001987034999999082,0.0,1.0,1,617.3333333333334,1546.3333333333333,1845.3333333333333,308.1666666666667,DoS
ipcas_21:73:33,143,0,3150,LIED10CTRL/LLN0$Status,0.002111027000001542,0.0,1.0,1,617.3333333333334,1546.3333333333333,1845.3333333333333,308.1666666666667,DoS
ipcas_21:73:33,143,0,3151,LIED10CTRL/LLN0$Status,0.0019224269999966737,0.0,1.0,1,617.3333333333334,1546.3333333333333,1845.3333333333333,308.1666666666667,DoS
ipcas_21:73:33,143,0,3152,LIED10CTRL/LLN0$Status,0.0020052100000000905,0.0,1.0,1,617.3333333333334,1546.3333333333333,1845.3333333333333,308.1666666666667,DoS
ipcas_21:73:33,143,0,3153,LIED10CTRL/LLN0$Status,0.001973923000001321,0.0,1.0,1,617.3333333333334,1546.3333333333333,1845.3333333333333,308.1666666666667,DoS
ipcas_21:73:33,143,0,3154,LIED10CTRL/LLN0$Status,0.002018857999999568,0.0,1.0,1,617.3333333333334,1546.3333333333333,1845.3333333333333,308.1666666666667,DoS
ipcas_21:73:33,143,0,3155,LIED10CTRL/LLN0$Status,0.0019760550000000876,0.0,1.0,1,617.3333333333334,1546.3333333333333,1845.3333333333333,308.1666666666667,DoS
ipcas_21:73:33,143,0,3156,LIED10CTRL/LLN0$Status,0.0021013980000006427,0.0,1.0,1,617.3333333333334,1546.3333333333333,1845.3333333333333,308.1666666666667,DoS
ipcas_21:73:33,143,0,3157,LIED10CTRL/LLN0$Status,0.0020004749999991134,0.0,1.0,1,617.3333333333334,1546.3333333333333,1845.3333333333333,308.1666666666667,DoS
ipcas_21:73:33,143,0,3158,LIED10CTRL/LLN0$Status,0.002001050000000504,0.0,1.0,1,617.3333333333334,1546.3333333333333,1845.3333333333333,308.1666666666667,DoS
ipcas_21:73:33,143,0,3159,LIED10CTRL/LLN0$Status,0.0021538300000010224,0.0,1.0,1,617.3333333333334,1546.3333333333333,1845.3333333333333,308.1666666666667,DoS
ipcas_21:73:33,143,0,3160,LIED10CTRL/LLN0$Status,0.002186097999999248,0.0,1.0,1,617.3333333333334,1546.3333333333333,1845.3333333333333,308.1666666666667,DoS
ipcas_21:73:33,143,0,3161,LIED10CTRL/LLN0$Status,0.0014801839999982747,0.0,1.0,1,617.3333333333334,1546.3333333333333,1845.3333333333333,308.1666666666667,DoS
ipcas_21:73:33,143,0,3162,LIED10CTRL/LLN0$Status,0.0019881880000021113,0.0,1.0,1,617.3333333333334,1546.3333333333333,1845.3333333333333,308.1666666666667,DoS
ipcas_21:73:33,143,0,3163,LIED10CTRL/LLN0$Status,0.0027357319999978813,0.0,1.0,1,617.3333333333334,1546.3333333333333,1845.3333333333333,308.1666666666667,DoS
ipcas_21:73:33,143,0,3164,LIED10CTRL/LLN0$Status,0.0014217880000018113,0.0,1.0,1,617.3333333333334,1546.3333333333333,1845.3333333333333,308.1666666666667,DoS
ipcas_21:73:33,143,0,3165,LIED10CTRL/LLN0$Status,0.0018779960000010476,0.0,1.0,1,617.3333333333334,1546.3333333333333,1845.3333333333333,308.1666666666667,DoS
ipcas_21:73:33,143,0,3166,LIED10CTRL/LLN0$Status,0.0019518629999986103,0.0,1.0,1,617.3333333333334,1546.3333333333333,1845.3333333333333,308.1666666666667,DoS
ipcas_21:73:33,143,0,3167,LIED10CTRL/LLN0$Status,0.0024003020000016306,0.0,1.0,1,617.3333333333334,1546.3333333333333,1845.3333333333333,308.1666666666667,DoS
ipcas_21:73:33,143,0,3168,LIED10CTRL/LLN0$Status,0.0016650779999984877,0.0,1.0,1,617.3333333333334,1546.3333333333333,1845.3333333333333,308.1666666666667,DoS
ipcas_21:73:33,143,0,3169,LIED10CTRL/LLN0$Status,0.0019532640000008428,0.0,1.0,1,617.3333333333334,1546.3333333333333,1845.3333333333333,308.1666666666667,DoS
ipcas_21:73:33,143,0,3170,LIED10CTRL/LLN0$Status,0.0020817360000009444,0.0,1.0,1,617.3333333333334,1546.3333333333333,1845.3333333333333,308.1666666666667,DoS
ipcas_21:73:33,143,0,3171,LIED10CTRL/LLN0$Status,0.0018667889999974818,0.0,1.0,1,617.3333333333334,1546.3333333333333,1845.3333333333333,308.1666666666667,DoS
ipcas_21:73:33,143,0,3172,LIED10CTRL/LLN0$Status,0.0019676309999994146,0.0,1.0,1,617.3333333333334,1546.3333333333333,1845.3333333333333,308.1666666666667,DoS
ipcas_21:73:33,143,0,3173,LIED10CTRL/LLN0$Status,0.0019947920000014108,0.0,1.0,1,617.3333333333334,1546.3333333333333,1845.3333333333333,308.1666666666667,DoS
ipcas_21:73:33,143,0,3174,LIED10CTRL/LLN0$Status,0.0020556059999989884,0.0,1.0,1,617.3333333333334,1546.3333333333333,1845.3333333333333,308.1666666666667,DoS
ipcas_21:73:33,143,0,3175,LIED10CTRL/LLN0$Status,0.0019447230000011473,0.0,1.0,1,617.3333333333334,1546.3333333333333,1845.3333333333333,308.1666666666667,DoS
ipcas_21:73:33,143,0,3176,LIED10CTRL/LLN0$Status,0.00205309600000092,0.0,1.0,1,617.3333333333334,1546.3333333333333,1845.3333333333333,308.1666666666667,DoS
ipcas_21:73:33,143,0,3177,LIED10CTRL/LLN0$Status,0.0019468259999975146,0.0,1.0,1,617.3333333333334,1546.3333333333333,1845.3333333333333,308.1666666666667,DoS
ipcas_21:73:33,143,0,3178,LIED10CTRL/LLN0$Status,0.002060730000000177,0.0,1.0,1,617.3333333333334,1546.3333333333333,1845.3333333333333,308.1666666666667,DoS
ipcas_21:73:33,143,0,3179,LIED10CTRL/LLN0$Status,0.002011936000002379,0.0,1.0,1,617.3333333333334,1546.3333333333333,1845.3333333333333,308.1666666666667,DoS
ipcas_21:73:33,143,0,3180,LIED10CTRL/LLN0$Status,0.0019844679999998505,0.0,1.0,1,617.3333333333334,1546.3333333333333,1845.3333333333333,308.1666666666667,DoS
ipcas_21:73:33,143,0,3181,LIED10CTRL/LLN0$Status,0.001997143000000534,0.0,1.0,1,617.3333333333334,1546.3333333333333,1845.3333333333333,308.1666666666667,DoS
ipcas_21:73:33,143,0,3182,LIED10CTRL/LLN0$Status,0.0020098169999975823,0.0,1.0,1,617.3333333333334,1546.3333333333333,1845.3333333333333,308.1666666666667,DoS
ipcas_21:73:33,143,0,3183,LIED10CTRL/LLN0$Status,0.0020748130000001197,0.0,1.0,1,617.3333333333334,1546.3333333333333,1845.3333333333333,308.1666666666667,DoS
ipcas_21:73:33,143,0,3184,LIED10CTRL/LLN0$Status,0.0019255049999991058,0.0,1.0,1,617.3333333333334,1546.3333333333333,1845.3333333333333,308.1666666666667,DoS
ipcas_21:73:33,143,0,3185,LIED10CTRL/LLN0$Status,0.001993209000001883,0.0,1.0,1,617.3333333333334,1546.3333333333333,1845.3333333333333,308.1666666666667,DoS
ipcas_21:73:33,143,0,3186,LIED10CTRL/LLN0$Status,0.0005075479999980814,-1.0,3170.0,1,619.0,1546.3333333333333,1843.3333333333333,310.6666666666667,DoS
ipcas_21:73:33,143,0,3187,LIED10CTRL/LLN0$Status,0.0021275280000025987,0.0,1.0,1,619.0,1546.3333333333333,1843.3333333333333,310.6666666666667,DoS
ipcas_21:73:33,143,0,3188,LIED10CTRL/LLN0$Status,0.0019810639999988666,0.0,1.0,1,619.0,1546.3333333333333,1843.3333333333333,310.6666666666667,DoS
ipcas_21:73:33,143,0,3189,LIED10CTRL/LLN0$Status,0.0019169509999983347,0.0,1.0,1,619.0,1546.3333333333333,1843.3333333333333,310.6666666666667,DoS
ipcas_21:73:33,143,0,3190,LIED10CTRL/LLN0$Status,0.002058820000002015,0.0,1.0,1,619.0,1546.3333333333333,1843.3333333333333,310.6666666666667,DoS
ipcas_21:73:33,143,0,3191,LIED10CTRL/LLN0$Status,0.0020450349999983075,0.0,1.0,1,619.0,1546.3333333333333,1843.3333333333333,310.6666666666667,DoS
ipcas_21:73:33,143,0,3192,LIED10CTRL/LLN0$Status,0.0019123850000006826,0.0,1.0,1,619.0,1546.3333333333333,1843.3333333333333,310.6666666666667,DoS
ipcas_21:73:33,143,0,3193,LIED10CTRL/LLN0$Status,0.0020129699999991146,0.0,1.0,1,619.0,1546.3333333333333,1843.3333333333333,310.6666666666667,DoS
ipcas_21:73:33,143,0,3194,LIED10CTRL/LLN0$Status,0.0020091589999999826,0.0,1.0,1,619.0,1546.3333333333333,1843.3333333333333,310.6666666666667,DoS
ipcas_21:73:33,143,0,3195,LIED10CTRL/LLN0$Status,0.001979533000000089,0.0,1.0,1,619.0,1546.3333333333333,1843.3333333333333,310.6666666666667,DoS
ipcas_21:73:33,143,0,3196,LIED10CTRL/LLN0$Status,0.0021026840000004654,0.0,1.0,1,619.0,1546.3333333333333,1843.3333333333333,310.6666666666667,DoS
ipcas_21:73:33,143,0,3197,LIED10CTRL/LLN0$Status,0.0019431089999990547,0.0,1.0,1,619.0,1546.3333333333333,1843.3333333333333,310.6666666666667,DoS
ipcas_21:73:33,143,0,3198,LIED10CTRL/LLN0$Status,0.002017945000002186,0.0,1.0,1,619.0,1546.3333333333333,1843.3333333333333,310.6666666666667,DoS
ipcas_21:73:33,143,0,3199,LIED10CTRL/LLN0$Status,0.0027539029999985587,0.0,1.0,1,619.0,1546.3333333333333,1843.3333333333333,310.6666666666667,DoS
ipcas_21:73:33,143,0,3200,LIED10CTRL/LLN0$Status,0.002228717000001268,0.0,1.0,1,619.0,1546.3333333333333,1843.3333333333333,310.6666666666667,DoS
ipcas_21:73:33,143,0,3201,LIED10CTRL/LLN0$Status,0.001887747999997913,0.0,1.0,1,619.0,1546.3333333333333,1843.3333333333333,310.6666666666667,DoS
ipcas_21:73:33,143,0,3202,LIED10CTRL/LLN0$Status,0.002118617000000711,0.0,1.0,1,619.0,1546.3333333333333,1843.3333333333333,310.6666666666667,DoS
ipcas_21:73:33,143,0,3203,LIED10CTRL/LLN0$Status,0.0019114289999997425,0.0,1.0,1,619.0,1546.3333333333333,1843.3333333333333,310.6666666666667,DoS
ipcas_21:73:33,143,0,3204,LIED10CTRL/LLN0$Status,0.0020291219999997168,0.0,1.0,1,619.0,1546.3333333333333,1843.3333333333333,310.6666666666667,DoS
ipcas_21:73:33,143,0,3205,LIED10CTRL/LLN0$Status,0.0020684020000025782,0.0,1.0,1,619.0,1546.3333333333333,1843.3333333333333,310.6666666666667,DoS
ipcas_21:73:33,143,0,3206,LIED10CTRL/LLN0$Status,0.0019162929999971823,0.0,1.0,1,619.0,1546.3333333333333,1843.3333333333333,310.6666666666667,DoS
ipcas_21:73:33,143,0,3207,LIED10CTRL/LLN0$Status,0.0019814780000011467,0.0,1.0,1,619.0,1546.3333333333333,1843.3333333333333,310.6666666666667,DoS
ipcas_21:73:33,143,0,3208,LIED10CTRL/LLN0$Status,0.002029622000002007,0.0,1.0,1,619.0,1546.3333333333333,1843.3333333333333,310.6666666666667,DoS
ipcas_21:73:33,143,0,3209,LIED10CTRL/LLN0$Status,0.002068692999998234,0.0,1.0,1,619.0,1546.3333333333333,1843.3333333333333,310.6666666666667,DoS
ipcas_21:73:33,143,0,3210,LIED10CTRL/LLN0$Status,0.001937652999998818,0.0,1.0,1,619.0,1546.3333333333333,1843.3333333333333,310.6666666666667,DoS
ipcas_21:73:33,143,0,3211,LIED10CTRL/LLN0$Status,0.0019466950000008865,0.0,1.0,1,619.0,1546.3333333333333,1843.3333333333333,310.6666666666667,DoS
ipcas_21:73:33,143,0,3212,LIED10CTRL/LLN0$Status,0.0020356059999997456,0.0,1.0,1,619.0,1546.3333333333333,1843.3333333333333,310.6666666666667,DoS
ipcas_21:73:33,143,0,3213,LIED10CTRL/LLN0$Status,0.001936905000000877,0.0,1.0,1,619.0,1546.3333333333333,1843.3333333333333,310.6666666666667,DoS
ipcas_21:73:33,143,0,3214,LIED10CTRL/LLN0$Status,0.0021023040000009985,0.0,1.0,1,619.0,1546.3333333333333,1843.3333333333333,310.6666666666667,DoS
ipcas_21:73:33,143,0,3215,LIED10CTRL/LLN0$Status,0.0010528979999975263,0.0,1.0,1,619.0,1546.3333333333333,1843.3333333333333,310.6666666666667,DoS
ipcas_21:73:33,143,0,3216,LIED10CTRL/LLN0$Status,0.0021156210000015108,0.0,1.0,1,619.0,1546.3333333333333,1843.3333333333333,310.6666666666667,DoS
ipcas_21:73:33,143,0,3217,LIED10CTRL/LLN0$Status,0.002277969999997964,0.0,1.0,1,619.0,1546.3333333333333,1843.3333333333333,310.6666666666667,DoS
ipcas_21:73:33,143,0,3218,LIED10CTRL/LLN0$Status,0.001296805000002621,0.0,1.0,1,619.0,1546.3333333333333,1843.3333333333333,310.6666666666667,DoS
ipcas_21:73:33,143,0,3219,LIED10CTRL/LLN0$Status,0.0012602319999999168,0.0,1.0,1,619.0,1546.3333333333333,1843.3333333333333,310.6666666666667,DoS
ipcas_21:73:33,143,0,3220,LIED10CTRL/LLN0$Status,0.0012768789999988428,0.0,1.0,1,619.0,1546.3333333333333,1843.3333333333333,310.6666666666667,DoS
ipcas_21:73:33,143,0,3221,LIED10CTRL/LLN0$Status,0.002590982000000963,0.0,1.0,1,619.0,1546.3333333333333,1843.3333333333333,310.6666666666667,DoS
ipcas_21:73:33,143,0,3222,LIED10CTRL/LLN0$Status,0.0023243579999991937,0.0,1.0,1,619.0,1546.3333333333333,1843.3333333333333,310.6666666666667,DoS
ipcas_21:73:33,143,0,3223,LIED10CTRL/LLN0$Status,0.0012511659999994151,0.0,1.0,1,619.0,1546.3333333333333,1843.3333333333333,310.6666666666667,DoS
ipcas_21:73:33,143,0,3224,LIED10CTRL/LLN0$Status,0.0012321660000012002,0.0,1.0,1,619.0,1546.3333333333333,1843.3333333333333,310.6666666666667,DoS
ipcas_21:73:33,143,0,3225,LIED10CTRL/LLN0$Status,0.0012659849999998585,0.0,1.0,1,619.0,1546.3333333333333,1843.3333333333333,310.6666666666667,DoS
ipcas_21:73:33,143,0,3226,LIED10CTRL/LLN0$Status,0.0013304149999981973,0.0,1.0,1,619.0,1546.3333333333333,1843.3333333333333,310.6666666666667,DoS
ipcas_21:73:33,143,0,3227,LIED10CTRL/LLN0$Status,0.0024687690000000373,0.0,1.0,1,619.0,1546.3333333333333,1843.3333333333333,310.6666666666667,DoS
ipcas_21:73:33,143,0,3228,LIED10CTRL/LLN0$Status,0.0013677540000003319,0.0,1.0,1,619.0,1546.3333333333333,1843.3333333333333,310.6666666666667,DoS
ipcas_21:73:33,143,0,3229,LIED10CTRL/LLN0$Status,0.001457376000001176,0.0,1.0,1,619.0,1546.3333333333333,1843.3333333333333,310.6666666666667,DoS
ipcas_21:73:33,143,0,3230,LIED10CTRL/LLN0$Status,0.0010307659999995167,0.0,1.0,1,619.0,1546.3333333333333,1843.3333333333333,310.6666666666667,DoS
ipcas_21:73:33,143,0,3231,LIED10CTRL/LLN0$Status,0.0025236070000005384,0.0,1.0,1,619.0,1546.3333333333333,1843.3333333333333,310.6666666666667,DoS
ipcas_21:73:33,143,0,3232,LIED10CTRL/LLN0$Status,0.0025012870000011844,0.0,1.0,1,619.0,1546.3333333333333,1843.3333333333333,310.6666666666667,DoS
ipcas_21:73:33,143,0,3233,LIED10CTRL/LLN0$Status,0.003011016999998617,0.0,1.0,1,619.0,1546.3333333333333,1843.3333333333333,310.6666666666667,DoS
ipcas_21:73:33,143,0,3234,LIED10CTRL/LLN0$Status,0.001956485000000896,0.0,1.0,1,619.0,1546.3333333333333,1843.3333333333333,310.6666666666667,DoS
ipcas_21:73:33,143,0,3235,LIED10CTRL/LLN0$Status,0.0026971409999987372,0.0,1.0,1,619.0,1546.3333333333333,1843.3333333333333,310.6666666666667,DoS
ipcas_21:73:33,143,0,3236,LIED10CTRL/LLN0$Status,0.002305170999999717,0.0,1.0,1,619.0,1546.3333333333333,1843.3333333333333,310.6666666666667,DoS
ipcas_21:73:33,143,0,3237,LIED10CTRL/LLN0$Status,0.0011255130000016322,0.0,1.0,1,619.0,1546.3333333333333,1843.3333333333333,310.6666666666667,DoS
ipcas_21:73:33,143,0,3238,LIED10CTRL/LLN0$Status,0.0012356409999974005,0.0,1.0,1,619.0,1546.3333333333333,1843.3333333333333,310.6666666666667,DoS
ipcas_21:73:33,143,0,3239,LIED10CTRL/LLN0$Status,0.0012603630000000976,0.0,1.0,1,619.0,1546.3333333333333,1843.3333333333333,310.6666666666667,DoS
ipcas_21:73:33,143,0,3240,LIED10CTRL/LLN0$Status,0.0012656870000000708,0.0,1.0,1,619.0,1546.3333333333333,1843.3333333333333,310.6666666666667,DoS
ipcas_21:73:33,143,0,3241,LIED10CTRL/LLN0$Status,0.0012286160000023472,0.0,1.0,1,619.0,1546.3333333333333,1843.3333333333333,310.6666666666667,DoS
ipcas_21:73:33,143,0,3242,LIED10CTRL/LLN0$Status,0.0012567079999996622,0.0,1.0,1,619.0,1546.3333333333333,1843.3333333333333,310.6666666666667,DoS
ipcas_21:73:33,143,0,3243,LIED10CTRL/LLN0$Status,0.001410958000001017,0.0,1.0,1,619.0,1546.3333333333333,1843.3333333333333,310.6666666666667,DoS
ipcas_21:73:33,143,0,3244,LIED10CTRL/LLN0$Status,0.0011492639999985954,0.0,1.0,1,619.0,1546.3333333333333,1843.3333333333333,310.6666666666667,DoS
ipcas_21:73:33,143,0,3245,LIED10CTRL/LLN0$Status,0.0012346329999992633,0.0,1.0,1,619.0,1546.3333333333333,1843.3333333333333,310.6666666666667,DoS
ipcas_21:73:33,143,0,3246,LIED10CTRL/LLN0$Status,0.0026009709999996744,0.0,1.0,1,619.0,1546.3333333333333,1843.3333333333333,310.6666666666667,DoS
ipcas_21:73:33,143,0,3247,LIED10CTRL/LLN0$Status,0.0025151580000013496,0.0,1.0,1,619.0,1546.3333333333333,1843.3333333333333,310.6666666666667,DoS
ipcas_21:73:33,143,0,3248,LIED10CTRL/LLN0$Status,0.0012227910000000008,0.0,1.0,1,619.0,1546.3333333333333,1843.3333333333333,310.6666666666667,DoS
ipcas_21:73:33,143,0,3249,LIED10CTRL/LLN0$Status,0.0012293799999980592,0.0,1.0,1,619.0,1546.3333333333333,1843.3333333333333,310.6666666666667,DoS
ipcas_21:73:33,143,0,3250,LIED10CTRL/LLN0$Status,0.0013000020000006884,0.0,1.0,1,619.0,1546.3333333333333,1843.3333333333333,310.6666666666667,DoS
ipcas_21:73:33,143,0,3251,LIED10CTRL/LLN0$Status,0.0011106430000005219,0.0,1.0,1,619.0,1546.3333333333333,1843.3333333333333,310.6666666666667,DoS
ipcas_21:73:33,143,0,3252,LIED10CTRL/LLN0$Status,0.0013809699999995928,0.0,1.0,1,619.0,1546.3333333333333,1843.3333333333333,310.6666666666667,DoS
ipcas_21:73:33,143,0,3253,LIED10CTRL/LLN0$Status,0.0012003709999994783,0.0,1.0,1,619.0,1546.3333333333333,1843.3333333333333,310.6666666666667,DoS
ipcas_21:73:33,143,0,3254,LIED10CTRL/LLN0$Status,0.001250952000003025,0.0,1.0,1,619.0,1546.3333333333333,1843.3333333333333,310.6666666666667,DoS
ipcas_21:73:33,143,0,3255,LIED10CTRL/LLN0$Status,0.001130597999999594,0.0,1.0,1,619.0,1546.3333333333333,1843.3333333333333,310.6666666666667,DoS
ipcas_21:73:33,143,0,3256,LIED10CTRL/LLN0$Status,0.0012967179999989753,0.0,1.0,1,619.0,1546.3333333333333,1843.3333333333333,310.6666666666667,DoS
ipcas_21:73:33,143,0,3257,LIED10CTRL/LLN0$Status,0.0012876199999993787,0.0,1.0,1,619.0,1546.3333333333333,1843.3333333333333,310.6666666666667,DoS
ipcas_21:73:33,143,0,3258,LIED10CTRL/LLN0$Status,0.001285906999999753,0.0,1.0,1,619.0,1546.3333333333333,1843.3333333333333,310.6666666666667,DoS
ipcas_21:73:33,143,0,3259,LIED10CTRL/LLN0$Status,0.0024615220000008264,0.0,1.0,1,619.0,1546.3333333333333,1843.3333333333333,310.6666666666667,DoS
ipcas_21:73:33,143,0,3260,LIED10CTRL/LLN0$Status,0.0012599900000012099,0.0,1.0,1,619.0,1546.3333333333333,1843.3333333333333,310.6666666666667,DoS
ipcas_21:73:33,143,0,3261,LIED10CTRL/LLN0$Status,0.0012899189999977523,0.0,1.0,1,619.0,1546.3333333333333,1843.3333333333333,310.6666666666667,DoS
ipcas_21:73:33,143,0,3262,LIED10CTRL/LLN0$Status,0.0011733980000023791,0.0,1.0,1,619.0,1546.3333333333333,1843.3333333333333,310.6666666666667,DoS
ipcas_21:73:33,143,0,3263,LIED10CTRL/LLN0$Status,0.002802364999997309,0.0,1.0,1,619.0,1546.3333333333333,1843.3333333333333,310.6666666666667,DoS
ipcas_21:73:33,143,0,3264,LIED10CTRL/LLN0$Status,0.0011412960000001249,0.0,1.0,1,619.0,1546.3333333333333,1843.3333333333333,310.6666666666667,DoS
ipcas_21:73:33,143,0,3265,LIED10CTRL/LLN0$Status,0.002757542000001223,0.0,1.0,1,619.0,1546.3333333333333,1843.3333333333333,310.6666666666667,DoS
ipcas_21:73:33,143,0,3266,LIED10CTRL/LLN0$Status,0.0022174520000000086,0.0,1.0,1,619.0,1546.3333333333333,1843.3333333333333,310.6666666666667,DoS
ipcas_21:73:33,143,0,3267,LIED10CTRL/LLN0$Status,0.0026356280000001675,0.0,1.0,1,619.0,1546.3333333333333,1843.3333333333333,310.6666666666667,DoS
ipcas_21:73:33,143,0,3268,LIED10CTRL/LLN0$Status,0.001024507000000341,0.0,1.0,1,619.0,1546.3333333333333,1843.3333333333333,310.6666666666667,DoS
ipcas_21:73:33,143,0,3269,LIED10CTRL/LLN0$Status,0.0012691720000006512,0.0,1.0,1,619.0,1546.3333333333333,1843.3333333333333,310.6666666666667,DoS
ipcas_21:73:33,143,0,3270,LIED10CTRL/LLN0$Status,0.001307665999998875,0.0,1.0,1,619.0,1546.3333333333333,1843.3333333333333,310.6666666666667,DoS
ipcas_21:73:33,143,0,3271,LIED10CTRL/LLN0$Status,0.00126541799999913,0.0,1.0,1,619.0,1546.3333333333333,1843.3333333333333,310.6666666666667,DoS
ipcas_21:73:33,143,0,3272,LIED10CTRL/LLN0$Status,0.0012495359999995514,0.0,1.0,1,619.0,1546.3333333333333,1843.3333333333333,310.6666666666667,DoS
ipcas_21:73:33,143,0,3273,LIED10CTRL/LLN0$Status,0.0010385359999993682,0.0,1.0,1,619.0,1546.3333333333333,1843.3333333333333,310.6666666666667,DoS
ipcas_21:73:33,143,0,3274,LIED10CTRL/LLN0$Status,0.0015466910000014877,0.0,1.0,1,619.0,1546.3333333333333,1843.3333333333333,310.6666666666667,DoS
ipcas_21:73:33,143,0,3275,LIED10CTRL/LLN0$Status,0.0010062210000008065,0.0,1.0,1,619.0,1546.3333333333333,1843.3333333333333,310.6666666666667,DoS
ipcas_21:73:33,143,0,3276,LIED10CTRL/LLN0$Status,0.0012462830000004033,0.0,1.0,1,619.0,1546.3333333333333,1843.3333333333333,310.6666666666667,DoS
ipcas_21:73:33,143,0,3277,LIED10CTRL/LLN0$Status,0.0026763380000005554,0.0,1.0,1,619.0,1546.3333333333333,1843.3333333333333,310.6666666666667,DoS
ipcas_21:73:33,143,0,3278,LIED10CTRL/LLN0$Status,0.0023666059999989386,0.0,1.0,1,619.0,1546.3333333333333,1843.3333333333333,310.6666666666667,DoS
ipcas_21:73:33,143,0,3279,LIED10CTRL/LLN0$Status,0.0012440259999983994,0.0,1.0,1,619.0,1546.3333333333333,1843.3333333333333,310.6666666666667,DoS
ipcas_21:73:33,143,0,3280,LIED10CTRL/LLN0$Status,0.0012737969999996324,0.0,1.0,1,619.0,1546.3333333333333,1843.3333333333333,310.6666666666667,DoS
ipcas_21:73:33,143,0,3281,LIED10CTRL/LLN0$Status,0.002507728000001208,0.0,1.0,1,619.0,1546.3333333333333,1843.3333333333333,310.6666666666667,DoS
ipcas_21:73:33,143,0,3282,LIED10CTRL/LLN0$Status,0.001148197999999212,0.0,1.0,1,619.0,1546.3333333333333,1843.3333333333333,310.6666666666667,DoS
ipcas_21:73:33,143,0,3283,LIED10CTRL/LLN0$Status,0.001286673000002736,0.0,1.0,1,619.0,1546.3333333333333,1843.3333333333333,310.6666666666667,DoS
ipcas_21:73:33,143,0,3284,LIED10CTRL/LLN0$Status,0.001270679999997526,0.0,1.0,1,619.0,1546.3333333333333,1843.3333333333333,310.6666666666667,DoS
ipcas_21:73:33,143,0,3285,LIED10CTRL/LLN0$Status,0.0012510379999994825,0.0,1.0,1,619.0,1546.3333333333333,1843.3333333333333,310.6666666666667,DoS
ipcas_21:73:33,143,0,3286,LIED10CTRL/LLN0$Status,0.001180324999999982,0.0,1.0,1,619.0,1546.3333333333333,1843.3333333333333,310.6666666666667,DoS
ipcas_21:73:33,143,0,3287,LIED10CTRL/LLN0$Status,0.0012344530000021336,0.0,1.0,1,619.0,1546.3333333333333,1843.3333333333333,310.6666666666667,DoS
ipcas_21:73:33,143,0,3288,LIED10CTRL/LLN0$Status,0.0012789689999976872,0.0,1.0,1,619.0,1546.3333333333333,1843.3333333333333,310.6666666666667,DoS
ipcas_21:73:33,143,0,3289,LIED10CTRL/LLN0$Status,0.0012262790000008295,0.0,1.0,1,619.0,1546.3333333333333,1843.3333333333333,310.6666666666667,DoS
ipcas_21:73:33,143,0,3290,LIED10CTRL/LLN0$Status,0.001347244000001524,0.0,1.0,1,619.0,1546.3333333333333,1843.3333333333333,310.6666666666667,DoS
ipcas_21:73:33,143,0,3291,LIED10CTRL/LLN0$Status,0.0011457069999991631,0.0,1.0,1,619.0,1546.3333333333333,1843.3333333333333,310.6666666666667,DoS
ipcas_21:73:33,143,0,3292,LIED10CTRL/LLN0$Status,0.0012441330000001471,0.0,1.0,1,619.0,1546.3333333333333,1843.3333333333333,310.6666666666667,DoS
ipcas_21:73:33,143,0,3293,LIED10CTRL/LLN0$Status,0.0013873719999999423,0.0,1.0,1,619.0,1546.3333333333333,1843.3333333333333,310.6666666666667,DoS
ipcas_21:73:33,143,0,3294,LIED10CTRL/LLN0$Status,0.001170711000000324,0.0,1.0,1,619.0,1546.3333333333333,1843.3333333333333,310.6666666666667,DoS
ipcas_21:73:33,143,0,3295,LIED10CTRL/LLN0$Status,0.0011945339999996918,0.0,1.0,1,619.0,1546.3333333333333,1843.3333333333333,310.6666666666667,DoS
ipcas_21:73:33,143,0,3296,LIED10CTRL/LLN0$Status,0.0012242190000009145,0.0,1.0,1,619.0,1546.3333333333333,1843.3333333333333,310.6666666666667,DoS
ipcas_21:73:33,143,0,3297,LIED10CTRL/LLN0$Status,0.001300091999997477,0.0,1.0,1,619.0,1546.3333333333333,1843.3333333333333,310.6666666666667,DoS
ipcas_21:73:33,143,0,3298,LIED10CTRL/LLN0$Status,0.0013678530000014177,0.0,1.0,1,619.0,1546.3333333333333,1843.3333333333333,310.6666666666667,DoS
ipcas_21:73:33,143,0,3299,LIED10CTRL/LLN0$Status,0.0012428950000007433,0.0,1.0,1,619.0,1546.3333333333333,1843.3333333333333,310.6666666666667,DoS
ipcas_21:73:33,143,0,3300,LIED10CTRL/LLN0$Status,0.0025283750000006933,0.0,1.0,1,619.0,1546.3333333333333,1843.3333333333333,310.6666666666667,DoS
ipcas_21:73:33,143,0,3301,LIED10CTRL/LLN0$Status,0.002451740999998009,0.0,1.0,1,619.0,1546.3333333333333,1843.3333333333333,310.6666666666667,DoS
ipcas_21:73:33,143,0,3302,LIED10CTRL/LLN0$Status,0.001262954000001315,0.0,1.0,1,619.0,1546.3333333333333,1843.3333333333333,310.6666666666667,DoS
ipcas_21:73:33,143,0,3303,LIED10CTRL/LLN0$Status,0.002385734000000639,0.0,1.0,1,619.0,1546.3333333333333,1843.3333333333333,310.6666666666667,DoS
ipcas_21:73:33,143,0,3304,LIED10CTRL/LLN0$Status,0.00132172799999708,0.0,1.0,1,619.0,1546.3333333333333,1843.3333333333333,310.6666666666667,DoS
ipcas_21:73:33,143,0,3305,LIED10CTRL/LLN0$Status,0.0026710790000024076,0.0,1.0,1,619.0,1546.3333333333333,1843.3333333333333,310.6666666666667,DoS
ipcas_21:73:33,143,0,3306,LIED10CTRL/LLN0$Status,0.0022689599999985433,0.0,1.0,1,619.0,1546.3333333333333,1843.3333333333333,310.6666666666667,DoS
ipcas_21:73:33,143,0,3307,LIED10CTRL/LLN0$Status,0.0013334190000016122,0.0,1.0,1,619.0,1546.3333333333333,1843.3333333333333,310.6666666666667,DoS
ipcas_21:73:33,143,0,3308,LIED10CTRL/LLN0$Status,0.0024284379999990335,0.0,1.0,1,619.0,1546.3333333333333,1843.3333333333333,310.6666666666667,DoS
ipcas_21:73:33,143,0,3309,LIED10CTRL/LLN0$Status,0.002559396999998853,0.0,1.0,1,619.0,1546.3333333333333,1843.3333333333333,310.6666666666667,DoS
ipcas_21:73:33,143,0,3310,LIED10CTRL/LLN0$Status,0.0025086119999997436,0.0,1.0,1,619.0,1546.3333333333333,1843.3333333333333,310.6666666666667,DoS
ipcas_21:73:33,143,0,3311,LIED10CTRL/LLN0$Status,0.0023922650000010037,0.0,1.0,1,619.0,1546.3333333333333,1843.3333333333333,310.6666666666667,DoS
ipcas_21:73:33,143,0,3312,LIED10CTRL/LLN0$Status,0.001360709000000071,0.0,1.0,1,619.0,1546.3333333333333,1843.3333333333333,310.6666666666667,DoS
ipcas_21:73:33,143,0,3313,LIED10CTRL/LLN0$Status,0.0024553549999986046,0.0,1.0,1,619.0,1546.3333333333333,1843.3333333333333,310.6666666666667,DoS
ipcas_21:73:33,143,0,3314,LIED10CTRL/LLN0$Status,0.001500540000002104,0.0,1.0,1,619.0,1546.3333333333333,1843.3333333333333,310.6666666666667,DoS
ipcas_21:73:33,143,0,3315,LIED10CTRL/LLN0$Status,0.0012966819999995494,0.0,1.0,1,619.0,1546.3333333333333,1843.3333333333333,310.6666666666667,DoS
ipcas_21:73:33,143,0,3316,LIED10CTRL/LLN0$Status,0.0021744860000012523,0.0,1.0,1,619.0,1546.3333333333333,1843.3333333333333,310.6666666666667,DoS
ipcas_21:73:33,143,0,3317,LIED10CTRL/LLN0$Status,0.001628134999997144,0.0,1.0,1,619.0,1546.3333333333333,1843.3333333333333,310.6666666666667,DoS
ipcas_21:73:33,143,0,3318,LIED10CTRL/LLN0$Status,0.0026492210000022,0.0,1.0,1,619.0,1546.3333333333333,1843.3333333333333,310.6666666666667,DoS
ipcas_21:73:33,143,0,3319,LIED10CTRL/LLN0$Status,0.0019823770000009233,0.0,1.0,1,619.0,1546.3333333333333,1843.3333333333333,310.6666666666667,DoS
ipcas_21:73:33,143,0,3320,LIED10CTRL/LLN0$Status,0.0016524239999995416,0.0,1.0,1,619.0,1546.3333333333333,1843.3333333333333,310.6666666666667,DoS
ipcas_21:73:33,143,0,3321,LIED10CTRL/LLN0$Status,0.002012884999999187,0.0,1.0,1,619.0,1546.3333333333333,1843.3333333333333,310.6666666666667,DoS
ipcas_21:73:33,143,0,3322,LIED10CTRL/LLN0$Status,0.0012419020000002945,0.0,1.0,1,619.0,1546.3333333333333,1843.3333333333333,310.6666666666667,DoS
ipcas_21:73:33,143,0,3323,LIED10CTRL/LLN0$Status,0.001538289999999165,0.0,1.0,1,619.0,1546.3333333333333,1843.3333333333333,310.6666666666667,DoS
ipcas_21:73:33,143,0,3324,LIED10CTRL/LLN0$Status,0.002545445999999174,0.0,1.0,1,619.0,1546.3333333333333,1843.3333333333333,310.6666666666667,DoS
ipcas_21:73:33,143,0,3325,LIED10CTRL/LLN0$Status,0.012946072000001863,0.0,1.0,1,619.0,1546.3333333333333,1843.3333333333333,310.6666666666667,DoS
ipcas_21:73:33,143,0,3326,LIED10CTRL/LLN0$Status,6.4319999992790144e-06,0.0,1.0,1,619.0,1546.3333333333333,1843.3333333333333,310.6666666666667,DoS
ipcas_21:73:33,143,0,3327,LIED10CTRL/LLN0$Status,9.980000008624756e-07,0.0,1.0,1,619.0,1546.3333333333333,1843.3333333333333,310.6666666666667,DoS
ipcas_21:73:33,143,0,3328,LIED10CTRL/LLN0$Status,5.819999984169044e-07,0.0,1.0,1,619.0,1546.3333333333333,1843.3333333333333,310.6666666666667,DoS
ipcas_21:73:33,143,0,3329,LIED10CTRL/LLN0$Status,3.8399999979787935e-07,0.0,1.0,1,619.0,1546.3333333333333,1843.3333333333333,310.6666666666667,DoS
ipcas_21:73:33,143,0,3330,LIED10CTRL/LLN0$Status,7.760000002576817e-07,0.0,1.0,1,619.0,1546.3333333333333,1843.3333333333333,310.6666666666667,DoS
ipcas_21:73:33,143,0,3331,LIED10CTRL/LLN0$Status,6.769999991718123e-07,0.0,1.0,1,619.0,1546.3333333333333,1843.3333333333333,310.6666666666667,DoS
ipcas_21:73:33,143,0,3332,LIED10CTRL/LLN0$Status,5.780000016386566e-07,0.0,1.0,1,619.0,1546.3333333333333,1843.3333333333333,310.6666666666667,DoS
ipcas_21:73:33,143,0,3333,LIED10CTRL/LLN0$Status,0.0006739529999997274,0.0,1.0,1,619.0,1546.3333333333333,1843.3333333333333,310.6666666666667,DoS
ipcas_21:73:33,143,0,3334,LIED10CTRL/LLN0$Status,0.0017097620000008362,0.0,1.0,1,619.0,1546.3333333333333,1843.3333333333333,310.6666666666667,DoS
ipcas_21:73:33,143,0,3335,LIED10CTRL/LLN0$Status,0.002407910999998819,0.0,1.0,1,619.0,1546.3333333333333,1843.3333333333333,310.6666666666667,DoS
ipcas_21:73:33,143,0,3336,LIED10CTRL/LLN0$Status,0.002095092000001131,0.0,1.0,1,619.0,1546.3333333333333,1843.3333333333333,310.6666666666667,DoS
ipcas_21:73:33,143,0,3337,LIED10CTRL/LLN0$Status,0.0032224869999986083,0.0,1.0,1,619.0,1546.3333333333333,1843.3333333333333,310.6666666666667,DoS
ipcas_21:73:33,143,0,3338,LIED10CTRL/LLN0$Status,0.0016240379999992172,0.0,1.0,1,619.0,1546.3333333333333,1843.3333333333333,310.6666666666667,DoS
ipcas_21:73:33,143,0,3339,LIED10CTRL/LLN0$Status,0.001256882999999931,0.0,1.0,1,619.0,1546.3333333333333,1843.3333333333333,310.6666666666667,DoS
ipcas_21:73:33,143,0,3340,LIED10CTRL/LLN0$Status,0.0012142650000015465,0.0,1.0,1,619.0,1546.3333333333333,1843.3333333333333,310.6666666666667,DoS
ipcas_21:73:33,143,0,3341,LIED10CTRL/LLN0$Status,0.0011852360000013107,0.0,1.0,1,619.0,1546.3333333333333,1843.3333333333333,310.6666666666667,DoS
ipcas_21:73:33,143,0,3342,LIED10CTRL/LLN0$Status,0.0013583950000004563,0.0,1.0,1,619.0,1546.3333333333333,1843.3333333333333,310.6666666666667,DoS
ipcas_21:73:33,143,0,3343,LIED10CTRL/LLN0$Status,0.001208235000000002,0.0,1.0,1,619.0,1546.3333333333333,1843.3333333333333,310.6666666666667,DoS
ipcas_21:73:33,143,0,3344,LIED10CTRL/LLN0$Status,0.0014111109999994653,0.0,1.0,1,619.0,1546.3333333333333,1843.3333333333333,310.6666666666667,DoS
ipcas_21:73:33,143,0,3345,LIED10CTRL/LLN0$Status,0.0023715009999989434,0.0,1.0,1,619.0,1546.3333333333333,1843.3333333333333,310.6666666666667,DoS
ipcas_21:73:33,143,0,3346,LIED10CTRL/LLN0$Status,0.0012102069999997411,0.0,1.0,1,619.0,1546.3333333333333,1843.3333333333333,310.6666666666667,DoS
ipcas_21:73:33,143,0,3347,LIED10CTRL/LLN0$Status,0.001280902000001305,0.0,1.0,1,619.0,1546.3333333333333,1843.3333333333333,310.6666666666667,DoS
ipcas_21:73:33,143,0,3348,LIED10CTRL/LLN0$Status,0.0024731369999990704,0.0,1.0,1,619.0,1546.3333333333333,1843.3333333333333,310.6666666666667,DoS
ipcas_21:73:33,143,0,3349,LIED10CTRL/LLN0$Status,0.001616400999999712,0.0,1.0,1,619.0,1546.3333333333333,1843.3333333333333,310.6666666666667,DoS
ipcas_21:73:33,143,0,3350,LIED10CTRL/LLN0$Status,0.0009472539999997309,0.0,1.0,1,619.0,1546.3333333333333,1843.3333333333333,310.6666666666667,DoS
ipcas_21:73:33,143,0,3351,LIED10CTRL/LLN0$Status,0.0012821100000017793,0.0,1.0,1,619.0,1546.3333333333333,1843.3333333333333,310.6666666666667,DoS
ipcas_21:73:33,143,0,3352,LIED10CTRL/LLN0$Status,0.0017117859999977725,0.0,1.0,1,619.0,1546.3333333333333,1843.3333333333333,310.6666666666667,DoS
ipcas_21:73:33,143,0,3353,LIED10CTRL/LLN0$Status,0.0019893730000006826,0.0,1.0,1,619.0,1546.3333333333333,1843.3333333333333,310.6666666666667,DoS
ipcas_21:73:33,143,0,3354,LIED10CTRL/LLN0$Status,0.0013376799999988975,0.0,1.0,1,619.0,1546.3333333333333,1843.3333333333333,310.6666666666667,DoS
ipcas_21:73:33,143,0,3355,LIED10CTRL/LLN0$Status,0.0011319110000016508,0.0,1.0,1,619.0,1546.3333333333333,1843.3333333333333,310.6666666666667,DoS
ipcas_21:73:33,143,0,3356,LIED10CTRL/LLN0$Status,0.0011702780000000246,0.0,1.0,1,619.0,1546.3333333333333,1843.3333333333333,310.6666666666667,DoS
ipcas_21:73:33,143,0,3357,LIED10CTRL/LLN0$Status,0.0014646399999982407,0.0,1.0,1,619.0,1546.3333333333333,1843.3333333333333,310.6666666666667,DoS
ipcas_21:73:33,143,0,3358,LIED10CTRL/LLN0$Status,0.0010970770000007235,0.0,1.0,1,619.0,1546.3333333333333,1843.3333333333333,310.6666666666667,DoS
ipcas_21:73:33,143,0,3359,LIED10CTRL/LLN0$Status,0.0013103180000015868,0.0,1.0,1,619.0,1546.3333333333333,1843.3333333333333,310.6666666666667,DoS
ipcas_21:73:33,143,0,3360,LIED10CTRL/LLN0$Status,0.0019447319999983392,0.0,1.0,1,619.0,1546.3333333333333,1843.3333333333333,310.6666666666667,DoS
ipcas_21:73:33,143,0,3361,LIED10CTRL/LLN0$Status,0.0017814889999989703,0.0,1.0,1,619.0,1546.3333333333333,1843.3333333333333,310.6666666666667,DoS
ipcas_21:73:33,143,0,3362,LIED10CTRL/LLN0$Status,0.0012661900000026094,0.0,1.0,1,619.0,1546.3333333333333,1843.3333333333333,310.6666666666667,DoS
ipcas_21:73:33,143,0,3363,LIED10CTRL/LLN0$Status,0.0016358969999998862,0.0,1.0,1,619.0,1546.3333333333333,1843.3333333333333,310.6666666666667,DoS
ipcas_21:73:33,143,0,3364,LIED10CTRL/LLN0$Status,0.0010591150000003324,0.0,1.0,1,619.0,1546.3333333333333,1843.3333333333333,310.6666666666667,DoS
ipcas_21:73:33,143,0,3365,LIED10CTRL/LLN0$Status,0.0018840539999978034,0.0,1.0,1,619.0,1546.3333333333333,1843.3333333333333,310.6666666666667,DoS
ipcas_21:73:33,143,0,3366,LIED10CTRL/LLN0$Status,0.00165081300000125,0.0,1.0,1,619.0,1546.3333333333333,1843.3333333333333,310.6666666666667,DoS
ipcas_21:73:33,143,0,3367,LIED10CTRL/LLN0$Status,0.0012543899999997166,0.0,1.0,1,619.0,1546.3333333333333,1843.3333333333333,310.6666666666667,DoS
ipcas_21:73:33,143,0,3368,LIED10CTRL/LLN0$Status,0.001494010000001822,0.0,1.0,1,619.0,1546.3333333333333,1843.3333333333333,310.6666666666667,DoS
ipcas_21:73:33,143,0,3369,LIED10CTRL/LLN0$Status,0.0022319849999981045,0.0,1.0,1,619.0,1546.3333333333333,1843.3333333333333,310.6666666666667,DoS
ipcas_21:73:33,143,0,3370,LIED10CTRL/LLN0$Status,0.0015175139999996645,0.0,1.0,1,619.0,1546.3333333333333,1843.3333333333333,310.6666666666667,DoS
ipcas_21:73:33,143,0,3371,LIED10CTRL/LLN0$Status,0.0010907019999990553,0.0,1.0,1,619.0,1546.3333333333333,1843.3333333333333,310.6666666666667,DoS
ipcas_21:73:33,143,0,3372,LIED10CTRL/LLN0$Status,0.0013024650000019733,0.0,1.0,1,619.0,1546.3333333333333,1843.3333333333333,310.6666666666667,DoS
ipcas_21:73:33,143,0,3373,LIED10CTRL/LLN0$Status,0.001097996999998685,0.0,1.0,1,619.0,1546.3333333333333,1843.3333333333333,310.6666666666667,DoS
ipcas_21:73:33,143,0,3374,LIED10CTRL/LLN0$Status,0.0027046259999998767,0.0,1.0,1,619.0,1546.3333333333333,1843.3333333333333,310.6666666666667,DoS
ipcas_21:73:33,143,0,3375,LIED10CTRL/LLN0$Status,0.00241020800000058,0.0,1.0,1,619.0,1546.3333333333333,1843.3333333333333,310.6666666666667,DoS
ipcas_21:73:33,143,0,3376,LIED10CTRL/LLN0$Status,0.0011223969999996086,0.0,1.0,1,619.0,1546.3333333333333,1843.3333333333333,310.6666666666667,DoS
ipcas_21:73:33,143,0,3377,LIED10CTRL/LLN0$Status,0.0012536720000007051,0.0,1.0,1,619.0,1546.3333333333333,1843.3333333333333,310.6666666666667,DoS
ipcas_21:73:33,143,0,3378,LIED10CTRL/LLN0$Status,0.0013696809999999005,0.0,1.0,1,619.0,1546.3333333333333,1843.3333333333333,310.6666666666667,DoS
ipcas_21:73:33,143,0,3379,LIED10CTRL/LLN0$Status,0.001125155000000433,0.0,1.0,1,619.0,1546.3333333333333,1843.3333333333333,310.6666666666667,DoS
ipcas_21:73:33,143,0,3380,LIED10CTRL/LLN0$Status,0.0014703089999983376,0.0,1.0,1,619.0,1546.3333333333333,1843.3333333333333,310.6666666666667,DoS
ipcas_21:73:33,143,0,3381,LIED10CTRL/LLN0$Status,0.0024630160000000956,0.0,1.0,1,619.0,1546.3333333333333,1843.3333333333333,310.6666666666667,DoS
ipcas_21:73:33,143,0,3382,LIED10CTRL/LLN0$Status,0.0010807100000000958,0.0,1.0,1,619.0,1546.3333333333333,1843.3333333333333,310.6666666666667,DoS
ipcas_21:73:33,143,0,3383,LIED10CTRL/LLN0$Status,0.0013958440000010341,0.0,1.0,1,619.0,1546.3333333333333,1843.3333333333333,310.6666666666667,DoS
ipcas_21:73:33,143,0,3384,LIED10CTRL/LLN0$Status,0.0012138539999995146,0.0,1.0,1,619.0,1546.3333333333333,1843.3333333333333,310.6666666666667,DoS
ipcas_21:73:33,143,0,3385,LIED10CTRL/LLN0$Status,0.001208175000002143,0.0,1.0,1,619.0,1546.3333333333333,1843.3333333333333,310.6666666666667,DoS
ipcas_21:73:33,143,0,3386,LIED10CTRL/LLN0$Status,0.0013142579999971815,0.0,1.0,1,619.0,1546.3333333333333,1843.3333333333333,310.6666666666667,DoS
ipcas_21:73:33,143,0,3387,LIED10CTRL/LLN0$Status,0.0011235979999995038,0.0,1.0,1,619.0,1546.3333333333333,1843.3333333333333,310.6666666666667,DoS
ipcas_21:73:33,143,0,3388,LIED10CTRL/LLN0$Status,0.0014631950000030258,0.0,1.0,1,619.0,1546.3333333333333,1843.3333333333333,310.6666666666667,DoS
ipcas_21:73:33,143,0,3389,LIED10CTRL/LLN0$Status,0.0014495930000002488,0.0,1.0,1,619.0,1546.3333333333333,1843.3333333333333,310.6666666666667,DoS
ipcas_21:73:33,143,0,3390,LIED10CTRL/LLN0$Status,0.00212423099999981,0.0,1.0,1,619.0,1546.3333333333333,1843.3333333333333,310.6666666666667,DoS
ipcas_21:73:33,143,0,3391,LIED10CTRL/LLN0$Status,0.0012270669999985273,0.0,1.0,1,619.0,1546.3333333333333,1843.3333333333333,310.6666666666667,DoS
ipcas_21:73:33,143,0,3392,LIED10CTRL/LLN0$Status,0.0013381069999987005,0.0,1.0,1,619.0,1546.3333333333333,1843.3333333333333,310.6666666666667,DoS
ipcas_21:73:33,143,0,3393,LIED10CTRL/LLN0$Status,0.0011653780000031588,0.0,1.0,1,619.0,1546.3333333333333,1843.3333333333333,310.6666666666667,DoS
ipcas_21:73:33,143,0,3394,LIED10CTRL/LLN0$Status,0.0012526179999987619,0.0,1.0,1,619.0,1546.3333333333333,1843.3333333333333,310.6666666666667,DoS
ipcas_21:73:33,143,0,3395,LIED10CTRL/LLN0$Status,0.0013314149999992253,0.0,1.0,1,619.0,1546.3333333333333,1843.3333333333333,310.6666666666667,DoS
ipcas_21:73:33,143,0,3396,LIED10CTRL/LLN0$Status,0.001308269999999112,0.0,1.0,1,619.0,1546.3333333333333,1843.3333333333333,310.6666666666667,DoS
ipcas_21:73:33,143,0,3397,LIED10CTRL/LLN0$Status,0.0014771740000014688,0.0,1.0,1,619.0,1546.3333333333333,1843.3333333333333,310.6666666666667,DoS
ipcas_21:73:33,143,0,3398,LIED10CTRL/LLN0$Status,0.0011509200000006103,0.0,1.0,1,619.0,1546.3333333333333,1843.3333333333333,310.6666666666667,DoS
ipcas_21:73:33,143,0,3399,LIED10CTRL/LLN0$Status,0.0011646960000000206,0.0,1.0,1,619.0,1546.3333333333333,1843.3333333333333,310.6666666666667,DoS
ipcas_21:73:33,143,0,3400,LIED10CTRL/LLN0$Status,0.0010832979999975123,0.0,1.0,1,619.0,1546.3333333333333,1843.3333333333333,310.6666666666667,DoS
ipcas_21:73:33,143,0,3401,LIED10CTRL/LLN0$Status,0.0015289510000009443,0.0,1.0,1,619.0,1546.3333333333333,1843.3333333333333,310.6666666666667,DoS
ipcas_21:73:33,143,0,3402,LIED10CTRL/LLN0$Status,0.0014910310000004756,0.0,1.0,1,619.0,1546.3333333333333,1843.3333333333333,310.6666666666667,DoS
ipcas_21:73:33,143,0,3403,LIED10CTRL/LLN0$Status,0.0020033449999985464,0.0,1.0,1,619.0,1546.3333333333333,1843.3333333333333,310.6666666666667,DoS
ipcas_21:73:33,143,0,3404,LIED10CTRL/LLN0$Status,0.0011946200000032547,0.0,1.0,1,619.0,1546.3333333333333,1843.3333333333333,310.6666666666667,DoS
ipcas_21:73:33,143,0,3405,LIED10CTRL/LLN0$Status,0.0012738919999968346,0.0,1.0,1,619.0,1546.3333333333333,1843.3333333333333,310.6666666666667,DoS
ipcas_21:73:33,143,0,3406,LIED10CTRL/LLN0$Status,0.00140035100000091,0.0,1.0,1,619.0,1546.3333333333333,1843.3333333333333,310.6666666666667,DoS
ipcas_21:73:33,143,0,3407,LIED10CTRL/LLN0$Status,0.0011571850000002826,0.0,1.0,1,619.0,1546.3333333333333,1843.3333333333333,310.6666666666667,DoS
ipcas_21:73:33,143,0,3408,LIED10CTRL/LLN0$Status,0.0024027139999986957,0.0,1.0,1,619.0,1546.3333333333333,1843.3333333333333,310.6666666666667,DoS
ipcas_21:73:33,143,0,3409,LIED10CTRL/LLN0$Status,0.0012624640000034049,0.0,1.0,1,619.0,1546.3333333333333,1843.3333333333333,310.6666666666667,DoS
ipcas_21:73:33,143,0,3410,LIED10CTRL/LLN0$Status,0.0012510669999983293,0.0,1.0,1,619.0,1546.3333333333333,1843.3333333333333,310.6666666666667,DoS
ipcas_21:73:33,143,0,3411,LIED10CTRL/LLN0$Status,0.0015675580000014122,0.0,1.0,1,619.0,1546.3333333333333,1843.3333333333333,310.6666666666667,DoS
ipcas_21:73:33,143,0,3412,LIED10CTRL/LLN0$Status,0.0009679589999969096,0.0,1.0,1,619.0,1546.3333333333333,1843.3333333333333,310.6666666666667,DoS
ipcas_21:73:33,143,0,3413,LIED10CTRL/LLN0$Status,0.001190694000001713,0.0,1.0,1,619.0,1546.3333333333333,1843.3333333333333,310.6666666666667,DoS
ipcas_21:73:33,143,0,3414,LIED10CTRL/LLN0$Status,0.0012367650000015828,0.0,1.0,1,619.0,1546.3333333333333,1843.3333333333333,310.6666666666667,DoS
ipcas_21:73:33,143,0,3415,LIED10CTRL/LLN0$Status,0.001254625999997927,0.0,1.0,1,619.0,1546.3333333333333,1843.3333333333333,310.6666666666667,DoS
ipcas_21:73:33,143,0,3416,LIED10CTRL/LLN0$Status,0.0012914620000010757,0.0,1.0,1,619.0,1546.3333333333333,1843.3333333333333,310.6666666666667,DoS
ipcas_21:73:33,143,0,3417,LIED10CTRL/LLN0$Status,0.0015568940000001419,0.0,1.0,1,619.0,1546.3333333333333,1843.3333333333333,310.6666666666667,DoS
ipcas_21:73:33,143,0,3418,LIED10CTRL/LLN0$Status,0.0011622500000001423,0.0,1.0,1,619.0,1546.3333333333333,1843.3333333333333,310.6666666666667,DoS
ipcas_21:73:33,143,0,3419,LIED10CTRL/LLN0$Status,0.0010932980000006864,0.0,1.0,1,619.0,1546.3333333333333,1843.3333333333333,310.6666666666667,DoS
ipcas_21:73:33,143,0,3420,LIED10CTRL/LLN0$Status,0.002422317999997148,0.0,1.0,1,619.0,1546.3333333333333,1843.3333333333333,310.6666666666667,DoS
ipcas_21:73:33,143,0,3421,LIED10CTRL/LLN0$Status,0.001256558000001462,0.0,1.0,1,619.0,1546.3333333333333,1843.3333333333333,310.6666666666667,DoS
ipcas_21:73:33,143,0,3422,LIED10CTRL/LLN0$Status,0.0012353720000000123,0.0,1.0,1,619.0,1546.3333333333333,1843.3333333333333,310.6666666666667,DoS
ipcas_21:73:33,143,0,3423,LIED10CTRL/LLN0$Status,0.0013592739999985781,0.0,1.0,1,619.0,1546.3333333333333,1843.3333333333333,310.6666666666667,DoS
ipcas_21:73:33,143,0,3424,LIED10CTRL/LLN0$Status,0.0012915329999998448,0.0,1.0,1,619.0,1546.3333333333333,1843.3333333333333,310.6666666666667,DoS
ipcas_21:73:33,143,0,3425,LIED10CTRL/LLN0$Status,0.0011929029999997454,0.0,1.0,1,619.0,1546.3333333333333,1843.3333333333333,310.6666666666667,DoS
ipcas_21:73:33,143,0,3426,LIED10CTRL/LLN0$Status,0.0011870910000020274,0.0,1.0,1,619.0,1546.3333333333333,1843.3333333333333,310.6666666666667,DoS
ipcas_21:73:33,143,0,3427,LIED10CTRL/LLN0$Status,0.001321944000000741,0.0,1.0,1,619.0,1546.3333333333333,1843.3333333333333,310.6666666666667,DoS
ipcas_21:73:33,143,0,3428,LIED10CTRL/LLN0$Status,0.001280048999998229,0.0,1.0,1,619.0,1546.3333333333333,1843.3333333333333,310.6666666666667,DoS
ipcas_21:73:33,143,0,3429,LIED10CTRL/LLN0$Status,0.0011344109999988916,0.0,1.0,1,619.0,1546.3333333333333,1843.3333333333333,310.6666666666667,DoS
ipcas_21:73:33,143,0,3430,LIED10CTRL/LLN0$Status,0.0012412800000021207,0.0,1.0,1,619.0,1546.3333333333333,1843.3333333333333,310.6666666666667,DoS
ipcas_21:73:33,143,0,3431,LIED10CTRL/LLN0$Status,0.0012383759999998745,0.0,1.0,1,619.0,1546.3333333333333,1843.3333333333333,310.6666666666667,DoS
ipcas_21:73:33,143,0,3432,LIED10CTRL/LLN0$Status,0.0013795740000013268,0.0,1.0,1,619.0,1546.3333333333333,1843.3333333333333,310.6666666666667,DoS
ipcas_21:73:33,143,0,3433,LIED10CTRL/LLN0$Status,0.0024195279999972286,0.0,1.0,1,619.0,1546.3333333333333,1843.3333333333333,310.6666666666667,DoS
ipcas_21:73:33,143,0,3434,LIED10CTRL/LLN0$Status,0.0012312840000028302,0.0,1.0,1,619.0,1546.3333333333333,1843.3333333333333,310.6666666666667,DoS
ipcas_21:73:33,143,0,3435,LIED10CTRL/LLN0$Status,0.0013355589999974882,0.0,1.0,1,619.0,1546.3333333333333,1843.3333333333333,310.6666666666667,DoS
ipcas_21:73:33,143,0,3436,LIED10CTRL/LLN0$Status,0.0016866740000018865,0.0,1.0,1,619.0,1546.3333333333333,1843.3333333333333,310.6666666666667,DoS
ipcas_21:73:33,143,0,3437,LIED10CTRL/LLN0$Status,0.0020098399999994854,0.0,1.0,1,619.0,1546.3333333333333,1843.3333333333333,310.6666666666667,DoS
ipcas_21:73:33,143,0,3438,LIED10CTRL/LLN0$Status,0.0011830599999989033,0.0,1.0,1,619.0,1546.3333333333333,1843.3333333333333,310.6666666666667,DoS
ipcas_21:73:33,143,0,3439,LIED10CTRL/LLN0$Status,0.0012383470000010277,0.0,1.0,1,619.0,1546.3333333333333,1843.3333333333333,310.6666666666667,DoS
ipcas_21:73:33,143,0,3440,LIED10CTRL/LLN0$Status,0.0012792759999982195,0.0,1.0,1,619.0,1546.3333333333333,1843.3333333333333,310.6666666666667,DoS
ipcas_21:73:33,143,0,3441,LIED10CTRL/LLN0$Status,0.0012866010000003314,0.0,1.0,1,619.0,1546.3333333333333,1843.3333333333333,310.6666666666667,DoS
ipcas_21:73:33,143,0,3442,LIED10CTRL/LLN0$Status,0.0024613510000008887,0.0,1.0,1,619.0,1546.3333333333333,1843.3333333333333,310.6666666666667,DoS
ipcas_21:73:33,143,0,3443,LIED10CTRL/LLN0$Status,0.0024925029999991466,0.0,1.0,1,619.0,1546.3333333333333,1843.3333333333333,310.6666666666667,DoS
ipcas_21:73:33,143,0,3444,LIED10CTRL/LLN0$Status,0.0012880899999991868,0.0,1.0,1,619.0,1546.3333333333333,1843.3333333333333,310.6666666666667,DoS
ipcas_21:73:33,143,0,3445,LIED10CTRL/LLN0$Status,0.002473890000000978,0.0,1.0,1,619.0,1546.3333333333333,1843.3333333333333,310.6666666666667,DoS
ipcas_21:73:33,143,0,3446,LIED10CTRL/LLN0$Status,0.0012588360000016507,0.0,1.0,1,619.0,1546.3333333333333,1843.3333333333333,310.6666666666667,DoS
ipcas_21:73:33,143,0,3447,LIED10CTRL/LLN0$Status,0.0012102219999974295,0.0,1.0,1,619.0,1546.3333333333333,1843.3333333333333,310.6666666666667,DoS
ipcas_21:73:33,143,0,3448,LIED10CTRL/LLN0$Status,0.001319323000000594,0.0,1.0,1,619.0,1546.3333333333333,1843.3333333333333,310.6666666666667,DoS
ipcas_21:73:33,143,0,3449,LIED10CTRL/LLN0$Status,0.0024951050000012742,0.0,1.0,1,619.0,1546.3333333333333,1843.3333333333333,310.6666666666667,DoS
ipcas_21:73:33,143,0,3450,LIED10CTRL/LLN0$Status,0.0012447599999987347,0.0,1.0,1,619.0,1546.3333333333333,1843.3333333333333,310.6666666666667,DoS
ipcas_21:73:33,143,0,3451,LIED10CTRL/LLN0$Status,0.002453108000000981,0.0,1.0,1,619.0,1546.3333333333333,1843.3333333333333,310.6666666666667,DoS
ipcas_21:73:33,143,0,3452,LIED10CTRL/LLN0$Status,0.001302814999998958,0.0,1.0,1,619.0,1546.3333333333333,1843.3333333333333,310.6666666666667,DoS
ipcas_21:73:33,143,0,3453,LIED10CTRL/LLN0$Status,0.0011849020000020971,0.0,1.0,1,619.0,1546.3333333333333,1843.3333333333333,310.6666666666667,DoS
ipcas_21:73:33,143,0,3454,LIED10CTRL/LLN0$Status,0.001247845999998276,0.0,1.0,1,619.0,1546.3333333333333,1843.3333333333333,310.6666666666667,DoS
ipcas_21:73:33,143,0,3455,LIED10CTRL/LLN0$Status,0.0012664890000024798,0.0,1.0,1,619.0,1546.3333333333333,1843.3333333333333,310.6666666666667,DoS
ipcas_21:73:33,143,0,3456,LIED10CTRL/LLN0$Status,0.0013157079999999155,0.0,1.0,1,619.0,1546.3333333333333,1843.3333333333333,310.6666666666667,DoS
ipcas_21:73:33,143,0,3457,LIED10CTRL/LLN0$Status,0.001197213999997615,0.0,1.0,1,619.0,1546.3333333333333,1843.3333333333333,310.6666666666667,DoS
ipcas_21:73:33,143,0,3458,LIED10CTRL/LLN0$Status,0.0012693820000002631,0.0,1.0,1,619.0,1546.3333333333333,1843.3333333333333,310.6666666666667,DoS
ipcas_21:73:33,143,0,3459,LIED10CTRL/LLN0$Status,0.0012162539999991395,0.0,1.0,1,619.0,1546.3333333333333,1843.3333333333333,310.6666666666667,DoS
ipcas_21:73:33,143,0,3460,LIED10CTRL/LLN0$Status,0.0012434470000002307,0.0,1.0,1,619.0,1546.3333333333333,1843.3333333333333,310.6666666666667,DoS
ipcas_21:73:33,143,0,3461,LIED10CTRL/LLN0$Status,0.0012416250000022444,0.0,1.0,1,619.0,1546.3333333333333,1843.3333333333333,310.6666666666667,DoS
ipcas_21:73:33,143,0,3462,LIED10CTRL/LLN0$Status,0.0013046069999980148,0.0,1.0,1,619.0,1546.3333333333333,1843.3333333333333,310.6666666666667,DoS
ipcas_21:73:33,143,0,3463,LIED10CTRL/LLN0$Status,0.0012168500000022675,0.0,1.0,1,619.0,1546.3333333333333,1843.3333333333333,310.6666666666667,DoS
ipcas_21:73:33,143,0,3464,LIED10CTRL/LLN0$Status,0.0012715129999989472,0.0,1.0,1,619.0,1546.3333333333333,1843.3333333333333,310.6666666666667,DoS
ipcas_21:73:33,143,0,3465,LIED10CTRL/LLN0$Status,0.001302170999998964,0.0,1.0,1,619.0,1546.3333333333333,1843.3333333333333,310.6666666666667,DoS
ipcas_21:73:33,143,0,3466,LIED10CTRL/LLN0$Status,0.00246918499999893,0.0,1.0,1,619.0,1546.3333333333333,1843.3333333333333,310.6666666666667,DoS
ipcas_21:73:33,143,0,3467,LIED10CTRL/LLN0$Status,0.0025510410000002537,0.0,1.0,1,619.0,1546.3333333333333,1843.3333333333333,310.6666666666667,DoS
ipcas_21:73:33,143,0,3468,LIED10CTRL/LLN0$Status,0.002422430000002862,0.0,1.0,1,619.0,1546.3333333333333,1843.3333333333333,310.6666666666667,DoS
ipcas_21:73:33,143,0,3469,LIED10CTRL/LLN0$Status,0.0012811389999995981,0.0,1.0,1,619.0,1546.3333333333333,1843.3333333333333,310.6666666666667,DoS
ipcas_21:73:33,143,0,3470,LIED10CTRL/LLN0$Status,0.002576794999999521,0.0,1.0,1,619.0,1546.3333333333333,1843.3333333333333,310.6666666666667,DoS
ipcas_21:73:33,143,0,3471,LIED10CTRL/LLN0$Status,0.0024130729999995992,0.0,1.0,1,619.0,1546.3333333333333,1843.3333333333333,310.6666666666667,DoS
ipcas_21:73:33,143,0,3472,LIED10CTRL/LLN0$Status,0.0024919150000002332,0.0,1.0,1,619.0,1546.3333333333333,1843.3333333333333,310.6666666666667,DoS
ipcas_21:73:33,143,0,3473,LIED10CTRL/LLN0$Status,0.002578371999998552,0.0,1.0,1,619.0,1546.3333333333333,1843.3333333333333,310.6666666666667,DoS
ipcas_21:73:33,143,0,3474,LIED10CTRL/LLN0$Status,0.0024700480000028335,0.0,1.0,1,619.0,1546.3333333333333,1843.3333333333333,310.6666666666667,DoS
ipcas_21:73:33,143,0,3475,LIED10CTRL/LLN0$Status,0.0025713079999967192,0.0,1.0,1,619.0,1546.3333333333333,1843.3333333333333,310.6666666666667,DoS
ipcas_21:73:33,143,0,3476,LIED10CTRL/LLN0$Status,0.0024458990000013614,0.0,1.0,1,619.0,1546.3333333333333,1843.3333333333333,310.6666666666667,DoS
ipcas_21:73:33,143,0,3477,LIED10CTRL/LLN0$Status,0.0026994360000003326,0.0,1.0,1,619.0,1546.3333333333333,1843.3333333333333,310.6666666666667,DoS
ipcas_21:73:33,143,0,3478,LIED10CTRL/LLN0$Status,0.002339082999998965,0.0,1.0,1,619.0,1546.3333333333333,1843.3333333333333,310.6666666666667,DoS
ipcas_21:73:33,143,0,3479,LIED10CTRL/LLN0$Status,0.0023876870000023587,0.0,1.0,1,619.0,1546.3333333333333,1843.3333333333333,310.6666666666667,DoS
ipcas_21:73:33,143,0,3480,LIED10CTRL/LLN0$Status,0.0026580379999998627,0.0,1.0,1,619.0,1546.3333333333333,1843.3333333333333,310.6666666666667,DoS
ipcas_21:73:33,143,0,3481,LIED10CTRL/LLN0$Status,0.0024451649999974734,0.0,1.0,1,619.0,1546.3333333333333,1843.3333333333333,310.6666666666667,DoS
ipcas_21:73:33,143,0,3482,LIED10CTRL/LLN0$Status,0.0024125500000025113,0.0,1.0,1,619.0,1546.3333333333333,1843.3333333333333,310.6666666666667,DoS
ipcas_21:73:33,143,0,3483,LIED10CTRL/LLN0$Status,0.0012681409999970583,0.0,1.0,1,619.0,1546.3333333333333,1843.3333333333333,310.6666666666667,DoS
ipcas_21:73:33,143,0,3484,LIED10CTRL/LLN0$Status,0.0013257090000031724,0.0,1.0,1,619.0,1546.3333333333333,1843.3333333333333,310.6666666666667,DoS
ipcas_21:73:33,143,0,3485,LIED10CTRL/LLN0$Status,0.0024921789999972077,0.0,1.0,1,619.0,1546.3333333333333,1843.3333333333333,310.6666666666667,DoS
ipcas_21:73:33,143,0,3486,LIED10CTRL/LLN0$Status,0.0025389259999997194,0.0,1.0,1,619.0,1546.3333333333333,1843.3333333333333,310.6666666666667,DoS
ipcas_21:73:33,143,0,3487,LIED10CTRL/LLN0$Status,0.002401865000003056,0.0,1.0,1,619.0,1546.3333333333333,1843.3333333333333,310.6666666666667,DoS
ipcas_21:73:33,143,0,3488,LIED10CTRL/LLN0$Status,0.001333771999998845,0.0,1.0,1,619.0,1546.3333333333333,1843.3333333333333,310.6666666666667,DoS
ipcas_21:73:33,143,0,3489,LIED10CTRL/LLN0$Status,0.0024685630000007563,0.0,1.0,1,619.0,1546.3333333333333,1843.3333333333333,310.6666666666667,DoS
ipcas_21:73:33,143,0,3490,LIED10CTRL/LLN0$Status,0.002516318999997935,0.0,1.0,1,619.0,1546.3333333333333,1843.3333333333333,310.6666666666667,DoS
ipcas_21:73:33,143,0,3491,LIED10CTRL/LLN0$Status,0.0023623870000015756,0.0,1.0,1,619.0,1546.3333333333333,1843.3333333333333,310.6666666666667,DoS
ipcas_21:73:33,143,0,3492,LIED10CTRL/LLN0$Status,0.0013138760000011018,0.0,1.0,1,619.0,1546.3333333333333,1843.3333333333333,310.6666666666667,DoS
ipcas_21:73:33,143,0,3493,LIED10CTRL/LLN0$Status,0.0013602009999971187,0.0,1.0,1,619.0,1546.3333333333333,1843.3333333333333,310.6666666666667,DoS
ipcas_21:73:33,143,0,3494,LIED10CTRL/LLN0$Status,0.002460341000002586,0.0,1.0,1,619.0,1546.3333333333333,1843.3333333333333,310.6666666666667,DoS
ipcas_21:73:33,143,0,3495,LIED10CTRL/LLN0$Status,0.0025153179999968245,0.0,1.0,1,619.0,1546.3333333333333,1843.3333333333333,310.6666666666667,DoS
ipcas_21:73:33,143,0,3496,LIED10CTRL/LLN0$Status,0.0024898850000028006,0.0,1.0,1,619.0,1546.3333333333333,1843.3333333333333,310.6666666666667,DoS
ipcas_21:73:33,143,0,3497,LIED10CTRL/LLN0$Status,0.0019549419999975726,0.0,1.0,1,619.0,1546.3333333333333,1843.3333333333333,310.6666666666667,DoS
ipcas_21:73:33,143,0,3498,LIED10CTRL/LLN0$Status,0.001713012999999819,0.0,1.0,1,619.0,1546.3333333333333,1843.3333333333333,310.6666666666667,DoS
ipcas_21:73:33,143,0,3499,LIED10CTRL/LLN0$Status,0.0013508729999998081,0.0,1.0,1,619.0,1546.3333333333333,1843.3333333333333,310.6666666666667,DoS
ipcas_21:73:33,143,0,3500,LIED10CTRL/LLN0$Status,0.0024215200000021753,0.0,1.0,1,619.0,1546.3333333333333,1843.3333333333333,310.6666666666667,DoS
ipcas_21:73:33,143,0,3501,LIED10CTRL/LLN0$Status,0.0013101300000002425,0.0,1.0,1,619.0,1546.3333333333333,1843.3333333333333,310.6666666666667,DoS
ipcas_21:73:33,143,0,3502,LIED10CTRL/LLN0$Status,0.0013645669999995391,0.0,1.0,1,619.0,1546.3333333333333,1843.3333333333333,310.6666666666667,DoS
ipcas_21:73:33,143,0,3503,LIED10CTRL/LLN0$Status,0.0023983230000013123,0.0,1.0,1,619.0,1546.3333333333333,1843.3333333333333,310.6666666666667,DoS
ipcas_21:73:33,143,0,3504,LIED10CTRL/LLN0$Status,0.001316026999997888,0.0,1.0,1,619.0,1546.3333333333333,1843.3333333333333,310.6666666666667,DoS
ipcas_21:73:33,143,0,3505,LIED10CTRL/LLN0$Status,0.0012620180000020298,0.0,1.0,1,619.0,1546.3333333333333,1843.3333333333333,310.6666666666667,DoS
ipcas_21:73:33,143,0,3506,LIED10CTRL/LLN0$Status,0.0024983739999981935,0.0,1.0,1,619.0,1546.3333333333333,1843.3333333333333,310.6666666666667,DoS
ipcas_21:73:33,143,0,3507,LIED10CTRL/LLN0$Status,0.0012473520000000349,0.0,1.0,1,619.0,1546.3333333333333,1843.3333333333333,310.6666666666667,DoS
ipcas_21:73:33,143,0,3508,LIED10CTRL/LLN0$Status,0.002448549000000355,0.0,1.0,1,619.0,1546.3333333333333,1843.3333333333333,310.6666666666667,DoS
ipcas_21:73:33,143,0,3509,LIED10CTRL/LLN0$Status,0.0029721539999982838,0.0,1.0,1,619.0,1546.3333333333333,1843.3333333333333,310.6666666666667,DoS
ipcas_21:73:33,143,0,3510,LIED10CTRL/LLN0$Status,0.0020808980000026622,0.0,1.0,1,619.0,1546.3333333333333,1843.3333333333333,310.6666666666667,DoS
ipcas_21:73:33,143,0,3511,LIED10CTRL/LLN0$Status,0.002492971999998872,0.0,1.0,1,619.0,1546.3333333333333,1843.3333333333333,310.6666666666667,DoS
ipcas_21:73:33,143,0,3512,LIED10CTRL/LLN0$Status,0.0025859570000008603,0.0,1.0,1,619.0,1546.3333333333333,1843.3333333333333,310.6666666666667,DoS
ipcas_21:73:33,143,0,3513,LIED10CTRL/LLN0$Status,0.002415322000000941,0.0,1.0,1,619.0,1546.3333333333333,1843.3333333333333,310.6666666666667,DoS
ipcas_21:73:33,143,0,3514,LIED10CTRL/LLN0$Status,0.0025520019999980548,0.0,1.0,1,619.0,1546.3333333333333,1843.3333333333333,310.6666666666667,DoS
ipcas_21:73:33,143,0,3515,LIED10CTRL/LLN0$Status,0.0024508919999988166,0.0,1.0,1,619.0,1546.3333333333333,1843.3333333333333,310.6666666666667,DoS
ipcas_21:73:33,143,0,3516,LIED10CTRL/LLN0$Status,0.0025028280000007896,0.0,1.0,1,619.0,1546.3333333333333,1843.3333333333333,310.6666666666667,DoS
ipcas_21:73:33,143,0,3517,LIED10CTRL/LLN0$Status,0.001243690999999103,0.0,1.0,1,619.0,1546.3333333333333,1843.3333333333333,310.6666666666667,DoS
ipcas_21:73:33,143,0,3518,LIED10CTRL/LLN0$Status,0.00233988000000096,0.0,1.0,1,619.0,1546.3333333333333,1843.3333333333333,310.6666666666667,DoS
ipcas_21:73:33,143,0,3519,LIED10CTRL/LLN0$Status,0.0025601690000023325,0.0,1.0,1,619.0,1546.3333333333333,1843.3333333333333,310.6666666666667,DoS
ipcas_21:73:33,143,0,3520,LIED10CTRL/LLN0$Status,0.0011865289999981599,0.0,1.0,1,619.0,1546.3333333333333,1843.3333333333333,310.6666666666667,DoS
ipcas_21:73:33,143,0,3521,LIED10CTRL/LLN0$Status,0.001355443000001344,0.0,1.0,1,619.0,1546.3333333333333,1843.3333333333333,310.6666666666667,DoS
ipcas_21:73:33,143,0,3522,LIED10CTRL/LLN0$Status,0.0024478289999976255,0.0,1.0,1,619.0,1546.3333333333333,1843.3333333333333,310.6666666666667,DoS
ipcas_21:73:33,143,0,3523,LIED10CTRL/LLN0$Status,0.0024952989999995623,0.0,1.0,1,619.0,1546.3333333333333,1843.3333333333333,310.6666666666667,DoS
ipcas_21:73:33,143,0,3524,LIED10CTRL/LLN0$Status,0.002672351000001072,0.0,1.0,1,619.0,1546.3333333333333,1843.3333333333333,310.6666666666667,DoS
ipcas_21:73:33,143,0,3525,LIED10CTRL/LLN0$Status,0.0022701630000021567,0.0,1.0,1,619.0,1546.3333333333333,1843.3333333333333,310.6666666666667,DoS
ipcas_21:73:33,143,0,3526,LIED10CTRL/LLN0$Status,0.0012268739999967693,0.0,1.0,1,619.0,1546.3333333333333,1843.3333333333333,310.6666666666667,DoS
ipcas_21:73:33,143,0,3527,LIED10CTRL/LLN0$Status,0.0012460920000023634,0.0,1.0,1,619.0,1546.3333333333333,1843.3333333333333,310.6666666666667,DoS
ipcas_21:73:33,143,0,3528,LIED10CTRL/LLN0$Status,0.0025965349999985676,0.0,1.0,1,619.0,1546.3333333333333,1843.3333333333333,310.6666666666667,DoS
ipcas_21:73:33,143,0,3529,LIED10CTRL/LLN0$Status,0.002519612000000393,0.0,1.0,1,619.0,1546.3333333333333,1843.3333333333333,310.6666666666667,DoS
ipcas_21:73:33,143,0,3530,LIED10CTRL/LLN0$Status,0.0024954199999989157,0.0,1.0,1,619.0,1546.3333333333333,1843.3333333333333,310.6666666666667,DoS
ipcas_21:73:33,143,0,3531,LIED10CTRL/LLN0$Status,0.0011331190000021252,0.0,1.0,1,619.0,1546.3333333333333,1843.3333333333333,310.6666666666667,DoS
ipcas_21:73:33,143,0,3532,LIED10CTRL/LLN0$Status,0.0012580259999985799,0.0,1.0,1,619.0,1546.3333333333333,1843.3333333333333,310.6666666666667,DoS
ipcas_21:73:33,143,0,3533,LIED10CTRL/LLN0$Status,0.001326699999999903,0.0,1.0,1,619.0,1546.3333333333333,1843.3333333333333,310.6666666666667,DoS
ipcas_21:73:33,143,0,3534,LIED10CTRL/LLN0$Status,0.0012199509999994973,0.0,1.0,1,619.0,1546.3333333333333,1843.3333333333333,310.6666666666667,DoS
ipcas_21:73:33,143,0,3535,LIED10CTRL/LLN0$Status,0.0012194799999996064,0.0,1.0,1,619.0,1546.3333333333333,1843.3333333333333,310.6666666666667,DoS
ipcas_21:73:33,143,0,3536,LIED10CTRL/LLN0$Status,0.0013323750000004964,0.0,1.0,1,619.0,1546.3333333333333,1843.3333333333333,310.6666666666667,DoS
ipcas_21:73:33,143,0,3537,LIED10CTRL/LLN0$Status,0.002394533000000365,0.0,1.0,1,619.0,1546.3333333333333,1843.3333333333333,310.6666666666667,DoS
ipcas_21:73:33,143,0,3538,LIED10CTRL/LLN0$Status,0.0013392450000004885,0.0,1.0,1,619.0,1546.3333333333333,1843.3333333333333,310.6666666666667,DoS
ipcas_21:73:33,143,0,3539,LIED10CTRL/LLN0$Status,0.0013146570000017732,0.0,1.0,1,619.0,1546.3333333333333,1843.3333333333333,310.6666666666667,DoS
ipcas_21:73:33,143,0,3540,LIED10CTRL/LLN0$Status,0.002396691999997813,0.0,1.0,1,619.0,1546.3333333333333,1843.3333333333333,310.6666666666667,DoS
ipcas_21:73:33,143,0,3541,LIED10CTRL/LLN0$Status,0.0012466149999994514,0.0,1.0,1,619.0,1546.3333333333333,1843.3333333333333,310.6666666666667,DoS
ipcas_21:73:33,143,0,3542,LIED10CTRL/LLN0$Status,0.0012699540000014053,0.0,1.0,1,619.0,1546.3333333333333,1843.3333333333333,310.6666666666667,DoS
ipcas_21:73:33,143,0,3543,LIED10CTRL/LLN0$Status,0.0012122830000009799,0.0,1.0,1,619.0,1546.3333333333333,1843.3333333333333,310.6666666666667,DoS
ipcas_21:73:33,143,0,3544,LIED10CTRL/LLN0$Status,0.0012527809999980377,0.0,1.0,1,619.0,1546.3333333333333,1843.3333333333333,310.6666666666667,DoS
ipcas_21:73:33,143,0,3545,LIED10CTRL/LLN0$Status,0.001254791000000921,0.0,1.0,1,619.0,1546.3333333333333,1843.3333333333333,310.6666666666667,DoS
ipcas_21:73:33,143,0,3546,LIED10CTRL/LLN0$Status,0.0012872060000006513,0.0,1.0,1,619.0,1546.3333333333333,1843.3333333333333,310.6666666666667,DoS
ipcas_21:73:33,143,0,3547,LIED10CTRL/LLN0$Status,0.0014143099999976982,0.0,1.0,1,619.0,1546.3333333333333,1843.3333333333333,310.6666666666667,DoS
ipcas_21:73:33,143,0,3548,LIED10CTRL/LLN0$Status,0.001102325000001514,0.0,1.0,1,619.0,1546.3333333333333,1843.3333333333333,310.6666666666667,DoS
ipcas_21:73:33,143,0,3549,LIED10CTRL/LLN0$Status,0.0011747880000001487,0.0,1.0,1,619.0,1546.3333333333333,1843.3333333333333,310.6666666666667,DoS
ipcas_21:73:33,143,0,3550,LIED10CTRL/LLN0$Status,0.0014227529999999433,0.0,1.0,1,619.0,1546.3333333333333,1843.3333333333333,310.6666666666667,DoS
ipcas_21:73:33,143,0,3551,LIED10CTRL/LLN0$Status,0.0023992939999999408,0.0,1.0,1,619.0,1546.3333333333333,1843.3333333333333,310.6666666666667,DoS
ipcas_21:73:33,143,0,3552,LIED10CTRL/LLN0$Status,0.0012801150000001371,0.0,1.0,1,619.0,1546.3333333333333,1843.3333333333333,310.6666666666667,DoS
ipcas_21:73:33,143,0,3553,LIED10CTRL/LLN0$Status,0.0012169220000011194,0.0,1.0,1,619.0,1546.3333333333333,1843.3333333333333,310.6666666666667,DoS
ipcas_21:73:33,143,0,3554,LIED10CTRL/LLN0$Status,0.0012826829999994516,0.0,1.0,1,619.0,1546.3333333333333,1843.3333333333333,310.6666666666667,DoS
ipcas_21:73:33,143,0,3555,LIED10CTRL/LLN0$Status,0.0014097819999996375,0.0,1.0,1,619.0,1546.3333333333333,1843.3333333333333,310.6666666666667,DoS
ipcas_21:73:33,143,0,3556,LIED10CTRL/LLN0$Status,0.0024058129999993128,0.0,1.0,1,619.0,1546.3333333333333,1843.3333333333333,310.6666666666667,DoS
ipcas_21:73:33,143,0,3557,LIED10CTRL/LLN0$Status,0.002492682999999829,0.0,1.0,1,619.0,1546.3333333333333,1843.3333333333333,310.6666666666667,DoS
ipcas_21:73:33,143,0,3558,LIED10CTRL/LLN0$Status,0.0012807610000002967,0.0,1.0,1,619.0,1546.3333333333333,1843.3333333333333,310.6666666666667,DoS
ipcas_21:73:33,143,0,3559,LIED10CTRL/LLN0$Status,0.0011291130000010696,0.0,1.0,1,619.0,1546.3333333333333,1843.3333333333333,310.6666666666667,DoS
ipcas_21:73:33,143,0,3560,LIED10CTRL/LLN0$Status,0.0012531769999988285,0.0,1.0,1,619.0,1546.3333333333333,1843.3333333333333,310.6666666666667,DoS
ipcas_21:73:33,143,0,3561,LIED10CTRL/LLN0$Status,0.0014612860000013939,0.0,1.0,1,619.0,1546.3333333333333,1843.3333333333333,310.6666666666667,DoS
ipcas_21:73:33,143,0,3562,LIED10CTRL/LLN0$Status,0.0017953559999988045,0.0,1.0,1,619.0,1546.3333333333333,1843.3333333333333,310.6666666666667,DoS
ipcas_21:73:33,143,0,3563,LIED10CTRL/LLN0$Status,0.0017604760000011765,0.0,1.0,1,619.0,1546.3333333333333,1843.3333333333333,310.6666666666667,DoS
ipcas_21:73:33,143,0,3564,LIED10CTRL/LLN0$Status,0.0014623369999995361,0.0,1.0,1,619.0,1546.3333333333333,1843.3333333333333,310.6666666666667,DoS
ipcas_21:73:33,143,0,3565,LIED10CTRL/LLN0$Status,0.0010086590000000228,0.0,1.0,1,619.0,1546.3333333333333,1843.3333333333333,310.6666666666667,DoS
ipcas_21:73:33,143,0,3566,LIED10CTRL/LLN0$Status,0.0012979629999989584,0.0,1.0,1,619.0,1546.3333333333333,1843.3333333333333,310.6666666666667,DoS
ipcas_21:73:33,143,0,3567,LIED10CTRL/LLN0$Status,0.0013433650000003183,0.0,1.0,1,619.0,1546.3333333333333,1843.3333333333333,310.6666666666667,DoS
ipcas_21:73:33,143,0,3568,LIED10CTRL/LLN0$Status,0.0025492629999988026,0.0,1.0,1,619.0,1546.3333333333333,1843.3333333333333,310.6666666666667,DoS
ipcas_21:73:33,143,0,3569,LIED10CTRL/LLN0$Status,0.0012961940000018046,0.0,1.0,1,619.0,1546.3333333333333,1843.3333333333333,310.6666666666667,DoS
ipcas_21:73:33,143,0,3570,LIED10CTRL/LLN0$Status,0.002690428000001077,0.0,1.0,1,619.0,1546.3333333333333,1843.3333333333333,310.6666666666667,DoS
ipcas_21:73:33,143,0,3571,LIED10CTRL/LLN0$Status,0.002239841999998049,0.0,1.0,1,619.0,1546.3333333333333,1843.3333333333333,310.6666666666667,DoS
ipcas_21:73:33,143,0,3572,LIED10CTRL/LLN0$Status,0.0023389460000018403,0.0,1.0,1,619.0,1546.3333333333333,1843.3333333333333,310.6666666666667,DoS
ipcas_21:73:33,143,0,3573,LIED10CTRL/LLN0$Status,0.0013320069999984696,0.0,1.0,1,619.0,1546.3333333333333,1843.3333333333333,310.6666666666667,DoS
ipcas_21:73:33,143,0,3574,LIED10CTRL/LLN0$Status,0.0025055609999995454,0.0,1.0,1,619.0,1546.3333333333333,1843.3333333333333,310.6666666666667,DoS
ipcas_21:73:33,143,0,3575,LIED10CTRL/LLN0$Status,0.0024920289999990075,0.0,1.0,1,619.0,1546.3333333333333,1843.3333333333333,310.6666666666667,DoS
ipcas_21:73:33,143,0,3576,LIED10CTRL/LLN0$Status,0.0012827270000030921,0.0,1.0,1,619.0,1546.3333333333333,1843.3333333333333,310.6666666666667,DoS
ipcas_21:73:33,143,0,3577,LIED10CTRL/LLN0$Status,0.001250213999998806,0.0,1.0,1,619.0,1546.3333333333333,1843.3333333333333,310.6666666666667,DoS
ipcas_21:73:33,143,0,3578,LIED10CTRL/LLN0$Status,0.0016279929999996057,0.0,1.0,1,619.0,1546.3333333333333,1843.3333333333333,310.6666666666667,DoS
ipcas_21:73:33,143,0,3579,LIED10CTRL/LLN0$Status,0.002267636999999212,0.0,1.0,1,619.0,1546.3333333333333,1843.3333333333333,310.6666666666667,DoS
ipcas_21:73:33,143,0,3580,LIED10CTRL/LLN0$Status,0.0011736970000022495,0.0,1.0,1,619.0,1546.3333333333333,1843.3333333333333,310.6666666666667,DoS
ipcas_21:73:33,143,0,3581,LIED10CTRL/LLN0$Status,0.002846496000000087,0.0,1.0,1,619.0,1546.3333333333333,1843.3333333333333,310.6666666666667,DoS
ipcas_21:73:33,143,0,3582,LIED10CTRL/LLN0$Status,0.0020560219999978813,0.0,1.0,1,619.0,1546.3333333333333,1843.3333333333333,310.6666666666667,DoS
ipcas_21:73:33,143,0,3583,LIED10CTRL/LLN0$Status,0.0012486269999989474,0.0,1.0,1,619.0,1546.3333333333333,1843.3333333333333,310.6666666666667,DoS
ipcas_21:73:33,143,0,3584,LIED10CTRL/LLN0$Status,0.0024925810000020476,0.0,1.0,1,619.0,1546.3333333333333,1843.3333333333333,310.6666666666667,DoS
ipcas_21:73:33,143,0,3585,LIED10CTRL/LLN0$Status,0.003030233000000493,0.0,1.0,1,619.0,1546.3333333333333,1843.3333333333333,310.6666666666667,DoS
ipcas_21:73:33,143,0,3586,LIED10CTRL/LLN0$Status,0.0020559099999992725,0.0,1.0,1,619.0,1546.3333333333333,1843.3333333333333,310.6666666666667,DoS
ipcas_21:73:33,143,0,3587,LIED10CTRL/LLN0$Status,0.0016765569999996899,0.0,1.0,1,619.0,1546.3333333333333,1843.3333333333333,310.6666666666667,DoS
ipcas_21:73:33,143,0,3588,LIED10CTRL/LLN0$Status,0.0008690690000001666,0.0,1.0,1,619.0,1546.3333333333333,1843.3333333333333,310.6666666666667,DoS
ipcas_21:73:33,143,0,3589,LIED10CTRL/LLN0$Status,0.002387607999999375,0.0,1.0,1,619.0,1546.3333333333333,1843.3333333333333,310.6666666666667,DoS
ipcas_21:73:33,143,0,3590,LIED10CTRL/LLN0$Status,0.0012337269999989076,0.0,1.0,1,619.0,1546.3333333333333,1843.3333333333333,310.6666666666667,DoS
ipcas_21:73:33,143,0,3591,LIED10CTRL/LLN0$Status,0.002509570000000849,0.0,1.0,1,619.0,1546.3333333333333,1843.3333333333333,310.6666666666667,DoS
ipcas_21:73:33,143,0,3592,LIED10CTRL/LLN0$Status,0.0027804640000006486,0.0,1.0,1,619.0,1546.3333333333333,1843.3333333333333,310.6666666666667,DoS
ipcas_21:73:33,143,0,3593,LIED10CTRL/LLN0$Status,0.0023588459999999145,0.0,1.0,1,619.0,1546.3333333333333,1843.3333333333333,310.6666666666667,DoS
ipcas_21:73:33,143,0,3594,LIED10CTRL/LLN0$Status,0.002555100999998672,0.0,1.0,1,619.0,1546.3333333333333,1843.3333333333333,310.6666666666667,DoS
ipcas_21:73:33,143,0,3595,LIED10CTRL/LLN0$Status,0.002496319000002245,0.0,1.0,1,619.0,1546.3333333333333,1843.3333333333333,310.6666666666667,DoS
ipcas_21:73:33,143,0,3596,LIED10CTRL/LLN0$Status,0.002316608000000997,0.0,1.0,1,619.0,1546.3333333333333,1843.3333333333333,310.6666666666667,DoS
ipcas_21:73:33,143,0,3597,LIED10CTRL/LLN0$Status,0.0014392319999991798,0.0,1.0,1,619.0,1546.3333333333333,1843.3333333333333,310.6666666666667,DoS
ipcas_21:73:33,143,0,3598,LIED10CTRL/LLN0$Status,0.0023262630000004947,0.0,1.0,1,619.0,1546.3333333333333,1843.3333333333333,310.6666666666667,DoS
ipcas_21:73:33,143,0,3599,LIED10CTRL/LLN0$Status,0.0012332280000002527,0.0,1.0,1,619.0,1546.3333333333333,1843.3333333333333,310.6666666666667,DoS
ipcas_21:73:33,143,0,3600,LIED10CTRL/LLN0$Status,0.0012506819999984486,0.0,1.0,1,619.0,1546.3333333333333,1843.3333333333333,310.6666666666667,DoS
ipcas_21:73:33,143,0,3601,LIED10CTRL/LLN0$Status,0.00254899600000158,0.0,1.0,1,619.0,1546.3333333333333,1843.3333333333333,310.6666666666667,DoS
ipcas_21:73:33,143,0,3602,LIED10CTRL/LLN0$Status,0.0012028250000000185,0.0,1.0,1,619.0,1546.3333333333333,1843.3333333333333,310.6666666666667,DoS
ipcas_21:73:33,143,0,3603,LIED10CTRL/LLN0$Status,0.00248592299999828,0.0,1.0,1,619.0,1546.3333333333333,1843.3333333333333,310.6666666666667,DoS
ipcas_21:73:33,143,0,3604,LIED10CTRL/LLN0$Status,0.0026940059999986943,0.0,1.0,1,619.0,1546.3333333333333,1843.3333333333333,310.6666666666667,DoS
ipcas_21:73:33,143,0,3605,LIED10CTRL/LLN0$Status,0.0025057110000012983,0.0,1.0,1,619.0,1546.3333333333333,1843.3333333333333,310.6666666666667,DoS
ipcas_21:73:33,143,0,3606,LIED10CTRL/LLN0$Status,0.002313560000001047,0.0,1.0,1,619.0,1546.3333333333333,1843.3333333333333,310.6666666666667,DoS
ipcas_21:73:33,143,0,3607,LIED10CTRL/LLN0$Status,0.002744564000000338,0.0,1.0,1,619.0,1546.3333333333333,1843.3333333333333,310.6666666666667,DoS
ipcas_21:73:33,143,0,3608,LIED10CTRL/LLN0$Status,0.0026548569999995664,0.0,1.0,1,619.0,1546.3333333333333,1843.3333333333333,310.6666666666667,DoS
ipcas_21:73:33,143,0,3609,LIED10CTRL/LLN0$Status,0.0024028409999985456,0.0,1.0,1,619.0,1546.3333333333333,1843.3333333333333,310.6666666666667,DoS
ipcas_21:73:33,143,0,3610,LIED10CTRL/LLN0$Status,0.0021763109999994867,0.0,1.0,1,619.0,1546.3333333333333,1843.3333333333333,310.6666666666667,DoS
ipcas_21:73:33,143,0,3611,LIED10CTRL/LLN0$Status,0.002521402999999367,0.0,1.0,1,619.0,1546.3333333333333,1843.3333333333333,310.6666666666667,DoS
ipcas_21:73:33,143,0,3612,LIED10CTRL/LLN0$Status,0.0014954110000005016,0.0,1.0,1,619.0,1546.3333333333333,1843.3333333333333,310.6666666666667,DoS
ipcas_21:73:33,143,0,3613,LIED10CTRL/LLN0$Status,0.002247309000001252,0.0,1.0,1,619.0,1546.3333333333333,1843.3333333333333,310.6666666666667,DoS
ipcas_21:73:33,143,0,3614,LIED10CTRL/LLN0$Status,0.0027541440000007356,0.0,1.0,1,619.0,1546.3333333333333,1843.3333333333333,310.6666666666667,DoS
ipcas_21:73:33,143,0,3615,LIED10CTRL/LLN0$Status,0.002493315999998913,0.0,1.0,1,619.0,1546.3333333333333,1843.3333333333333,310.6666666666667,DoS
ipcas_21:73:33,143,0,3616,LIED10CTRL/LLN0$Status,0.001840083000001158,0.0,1.0,1,619.0,1546.3333333333333,1843.3333333333333,310.6666666666667,DoS
ipcas_21:73:33,143,0,3617,LIED10CTRL/LLN0$Status,0.003213363000000413,0.0,1.0,1,619.0,1546.3333333333333,1843.3333333333333,310.6666666666667,DoS
ipcas_21:73:33,143,0,3618,LIED10CTRL/LLN0$Status,0.0025717499999977633,0.0,1.0,1,619.0,1546.3333333333333,1843.3333333333333,310.6666666666667,DoS
ipcas_21:73:33,143,0,3619,LIED10CTRL/LLN0$Status,0.0026018010000008474,0.0,1.0,1,619.0,1546.3333333333333,1843.3333333333333,310.6666666666667,DoS
ipcas_21:73:33,143,0,3620,LIED10CTRL/LLN0$Status,0.0023242759999995144,0.0,1.0,1,619.0,1546.3333333333333,1843.3333333333333,310.6666666666667,DoS
ipcas_21:73:33,143,0,3621,LIED10CTRL/LLN0$Status,0.0037976310000011892,0.0,1.0,1,619.0,1546.3333333333333,1843.3333333333333,310.6666666666667,DoS
ipcas_21:73:33,143,0,3622,LIED10CTRL/LLN0$Status,0.002479725000000599,0.0,1.0,1,619.0,1546.3333333333333,1843.3333333333333,310.6666666666667,DoS
ipcas_21:73:33,143,0,3623,LIED10CTRL/LLN0$Status,0.0017641580000002932,0.0,1.0,1,619.0,1546.3333333333333,1843.3333333333333,310.6666666666667,DoS
ipcas_21:73:33,143,0,3624,LIED10CTRL/LLN0$Status,0.0019939289999975074,0.0,1.0,1,619.0,1546.3333333333333,1843.3333333333333,310.6666666666667,DoS
ipcas_21:73:33,143,0,3625,LIED10CTRL/LLN0$Status,0.0010248500000002991,0.0,1.0,1,619.0,1546.3333333333333,1843.3333333333333,310.6666666666667,DoS
ipcas_21:73:33,143,0,3626,LIED10CTRL/LLN0$Status,0.0022661759999991204,0.0,1.0,1,619.0,1546.3333333333333,1843.3333333333333,310.6666666666667,DoS
ipcas_21:73:33,143,0,3627,LIED10CTRL/LLN0$Status,0.0012783470000030661,0.0,1.0,1,619.0,1546.3333333333333,1843.3333333333333,310.6666666666667,DoS
ipcas_21:73:33,143,0,3628,LIED10CTRL/LLN0$Status,0.001269311999998024,0.0,1.0,1,619.0,1546.3333333333333,1843.3333333333333,310.6666666666667,DoS
ipcas_21:73:33,143,0,3629,LIED10CTRL/LLN0$Status,0.0012837650000001588,0.0,1.0,1,619.0,1546.3333333333333,1843.3333333333333,310.6666666666667,DoS
ipcas_21:73:33,143,0,3630,LIED10CTRL/LLN0$Status,0.0011617619999988449,0.0,1.0,1,619.0,1546.3333333333333,1843.3333333333333,310.6666666666667,DoS
ipcas_21:73:33,143,0,3631,LIED10CTRL/LLN0$Status,0.0012757770000000335,0.0,1.0,1,619.0,1546.3333333333333,1843.3333333333333,310.6666666666667,DoS
ipcas_21:73:33,143,0,3632,LIED10CTRL/LLN0$Status,0.0013716119999998,0.0,1.0,1,619.0,1546.3333333333333,1843.3333333333333,310.6666666666667,DoS
ipcas_21:73:33,143,0,3633,LIED10CTRL/LLN0$Status,0.0011423440000015717,0.0,1.0,1,619.0,1546.3333333333333,1843.3333333333333,310.6666666666667,DoS
ipcas_21:73:33,143,0,3634,LIED10CTRL/LLN0$Status,0.0012173530000012533,0.0,1.0,1,619.0,1546.3333333333333,1843.3333333333333,310.6666666666667,DoS
ipcas_21:73:33,143,0,3635,LIED10CTRL/LLN0$Status,0.0012236849999993638,0.0,1.0,1,619.0,1546.3333333333333,1843.3333333333333,310.6666666666667,DoS
ipcas_21:73:33,143,0,3636,LIED10CTRL/LLN0$Status,0.0012313440000006892,0.0,1.0,1,619.0,1546.3333333333333,1843.3333333333333,310.6666666666667,DoS
ipcas_21:73:33,143,0,3637,LIED10CTRL/LLN0$Status,0.0015541199999979938,0.0,1.0,1,619.0,1546.3333333333333,1843.3333333333333,310.6666666666667,DoS
ipcas_21:73:33,143,0,3638,LIED10CTRL/LLN0$Status,0.0009888280000005523,0.0,1.0,1,619.0,1546.3333333333333,1843.3333333333333,310.6666666666667,DoS
ipcas_21:73:33,143,0,3639,LIED10CTRL/LLN0$Status,0.0012251280000015186,0.0,1.0,1,619.0,1546.3333333333333,1843.3333333333333,310.6666666666667,DoS
ipcas_21:73:33,143,0,3640,LIED10CTRL/LLN0$Status,0.001257665999997215,0.0,1.0,1,619.0,1546.3333333333333,1843.3333333333333,310.6666666666667,DoS
ipcas_21:73:33,143,0,3641,LIED10CTRL/LLN0$Status,0.0013301000000005558,0.0,1.0,1,619.0,1546.3333333333333,1843.3333333333333,310.6666666666667,DoS
ipcas_21:73:33,143,0,3642,LIED10CTRL/LLN0$Status,0.0011375959999995189,0.0,1.0,1,619.0,1546.3333333333333,1843.3333333333333,310.6666666666667,DoS
ipcas_21:73:33,143,0,3643,LIED10CTRL/LLN0$Status,0.0012928300000005777,0.0,1.0,1,619.0,1546.3333333333333,1843.3333333333333,310.6666666666667,DoS
ipcas_21:73:33,143,0,3644,LIED10CTRL/LLN0$Status,0.0012570630000006133,0.0,1.0,1,619.0,1546.3333333333333,1843.3333333333333,310.6666666666667,DoS
ipcas_21:73:33,143,0,3645,LIED10CTRL/LLN0$Status,0.0013506370000015977,0.0,1.0,1,619.0,1546.3333333333333,1843.3333333333333,310.6666666666667,DoS
ipcas_21:73:33,143,0,3646,LIED10CTRL/LLN0$Status,0.0011031339999973966,0.0,1.0,1,619.0,1546.3333333333333,1843.3333333333333,310.6666666666667,DoS
ipcas_21:73:33,143,0,3647,LIED10CTRL/LLN0$Status,0.0011681330000001822,0.0,1.0,1,619.0,1546.3333333333333,1843.3333333333333,310.6666666666667,DoS
ipcas_21:73:33,143,0,3648,LIED10CTRL/LLN0$Status,0.0013434050000000752,0.0,1.0,1,619.0,1546.3333333333333,1843.3333333333333,310.6666666666667,DoS
ipcas_21:73:33,143,0,3649,LIED10CTRL/LLN0$Status,0.001264449000000667,0.0,1.0,1,619.0,1546.3333333333333,1843.3333333333333,310.6666666666667,DoS
ipcas_21:73:33,143,0,3650,LIED10CTRL/LLN0$Status,0.00125884399999876,0.0,1.0,1,619.0,1546.3333333333333,1843.3333333333333,310.6666666666667,DoS
ipcas_21:73:33,143,0,3651,LIED10CTRL/LLN0$Status,0.0013174100000021838,0.0,1.0,1,619.0,1546.3333333333333,1843.3333333333333,310.6666666666667,DoS
ipcas_21:73:33,143,0,3652,LIED10CTRL/LLN0$Status,0.0011820010000000991,0.0,1.0,1,619.0,1546.3333333333333,1843.3333333333333,310.6666666666667,DoS
ipcas_21:73:33,143,0,3653,LIED10CTRL/LLN0$Status,0.0012092250000002025,0.0,1.0,1,619.0,1546.3333333333333,1843.3333333333333,310.6666666666667,DoS
ipcas_21:73:33,143,0,3654,LIED10CTRL/LLN0$Status,0.001356305999998142,0.0,1.0,1,619.0,1546.3333333333333,1843.3333333333333,310.6666666666667,DoS
ipcas_21:73:33,143,0,3655,LIED10CTRL/LLN0$Status,0.0013352409999995984,0.0,1.0,1,619.0,1546.3333333333333,1843.3333333333333,310.6666666666667,DoS
ipcas_21:73:33,143,0,3656,LIED10CTRL/LLN0$Status,0.0010887220000022069,0.0,1.0,1,619.0,1546.3333333333333,1843.3333333333333,310.6666666666667,DoS
ipcas_21:73:33,143,0,3657,LIED10CTRL/LLN0$Status,0.00127138699999918,0.0,1.0,1,619.0,1546.3333333333333,1843.3333333333333,310.6666666666667,DoS
ipcas_21:73:33,143,0,3658,LIED10CTRL/LLN0$Status,0.0013118090000006077,0.0,1.0,1,619.0,1546.3333333333333,1843.3333333333333,310.6666666666667,DoS
ipcas_21:73:33,143,0,3659,LIED10CTRL/LLN0$Status,0.0024842330000005575,0.0,1.0,1,619.0,1546.3333333333333,1843.3333333333333,310.6666666666667,DoS
ipcas_21:73:33,143,0,3660,LIED10CTRL/LLN0$Status,0.0011613869999997917,0.0,1.0,1,619.0,1546.3333333333333,1843.3333333333333,310.6666666666667,DoS
ipcas_21:73:33,143,0,3661,LIED10CTRL/LLN0$Status,0.0012380780000000868,0.0,1.0,1,619.0,1546.3333333333333,1843.3333333333333,310.6666666666667,DoS
ipcas_21:73:33,143,0,3662,LIED10CTRL/LLN0$Status,0.0012745830000007174,0.0,1.0,1,619.0,1546.3333333333333,1843.3333333333333,310.6666666666667,DoS
ipcas_21:73:33,143,0,3663,LIED10CTRL/LLN0$Status,0.0013195479999978943,0.0,1.0,1,619.0,1546.3333333333333,1843.3333333333333,310.6666666666667,DoS
ipcas_21:73:33,143,0,3664,LIED10CTRL/LLN0$Status,0.0011840420000019947,0.0,1.0,1,619.0,1546.3333333333333,1843.3333333333333,310.6666666666667,DoS
ipcas_21:73:33,143,0,3665,LIED10CTRL/LLN0$Status,0.0013288060000000712,0.0,1.0,1,619.0,1546.3333333333333,1843.3333333333333,310.6666666666667,DoS
ipcas_21:73:33,143,0,3666,LIED10CTRL/LLN0$Status,0.0013227549999967891,0.0,1.0,1,619.0,1546.3333333333333,1843.3333333333333,310.6666666666667,DoS
ipcas_21:73:33,143,0,3667,LIED10CTRL/LLN0$Status,0.0011178890000032027,0.0,1.0,1,619.0,1546.3333333333333,1843.3333333333333,310.6666666666667,DoS
ipcas_21:73:33,143,0,3668,LIED10CTRL/LLN0$Status,0.0012596909999977868,0.0,1.0,1,619.0,1546.3333333333333,1843.3333333333333,310.6666666666667,DoS
ipcas_21:73:33,143,0,3669,LIED10CTRL/LLN0$Status,0.0012348340000016833,0.0,1.0,1,619.0,1546.3333333333333,1843.3333333333333,310.6666666666667,DoS
ipcas_21:73:33,143,0,3670,LIED10CTRL/LLN0$Status,0.0013323769999971091,0.0,1.0,1,619.0,1546.3333333333333,1843.3333333333333,310.6666666666667,DoS
ipcas_21:73:33,143,0,3671,LIED10CTRL/LLN0$Status,0.0011954700000025298,0.0,1.0,1,619.0,1546.3333333333333,1843.3333333333333,310.6666666666667,DoS
ipcas_21:73:33,143,0,3672,LIED10CTRL/LLN0$Status,0.0012321190000008642,0.0,1.0,1,619.0,1546.3333333333333,1843.3333333333333,310.6666666666667,DoS
ipcas_21:73:33,143,0,3673,LIED10CTRL/LLN0$Status,0.001218584999996608,0.0,1.0,1,619.0,1546.3333333333333,1843.3333333333333,310.6666666666667,DoS
ipcas_21:73:33,143,0,3674,LIED10CTRL/LLN0$Status,0.0013128090000016357,0.0,1.0,1,619.0,1546.3333333333333,1843.3333333333333,310.6666666666667,DoS
ipcas_21:73:33,143,0,3675,LIED10CTRL/LLN0$Status,0.0012623729999994282,0.0,1.0,1,619.0,1546.3333333333333,1843.3333333333333,310.6666666666667,DoS
ipcas_21:73:33,143,0,3676,LIED10CTRL/LLN0$Status,0.0013040790000005131,0.0,1.0,1,619.0,1546.3333333333333,1843.3333333333333,310.6666666666667,DoS
ipcas_21:73:33,143,0,3677,LIED10CTRL/LLN0$Status,0.0012330630000008114,0.0,1.0,1,619.0,1546.3333333333333,1843.3333333333333,310.6666666666667,DoS
ipcas_21:73:33,143,0,3678,LIED10CTRL/LLN0$Status,0.0012502509999983147,0.0,1.0,1,619.0,1546.3333333333333,1843.3333333333333,310.6666666666667,DoS
ipcas_21:73:33,143,0,3679,LIED10CTRL/LLN0$Status,0.0027093810000025087,0.0,1.0,1,619.0,1546.3333333333333,1843.3333333333333,310.6666666666667,DoS
ipcas_21:73:33,143,0,3680,LIED10CTRL/LLN0$Status,0.00227114399999806,0.0,1.0,1,619.0,1546.3333333333333,1843.3333333333333,310.6666666666667,DoS
ipcas_21:73:33,143,0,3681,LIED10CTRL/LLN0$Status,0.0013478860000013526,0.0,1.0,1,619.0,1546.3333333333333,1843.3333333333333,310.6666666666667,DoS
ipcas_21:73:33,143,0,3682,LIED10CTRL/LLN0$Status,0.002568805999999313,0.0,1.0,1,619.0,1546.3333333333333,1843.3333333333333,310.6666666666667,DoS
ipcas_21:73:33,143,0,3683,LIED10CTRL/LLN0$Status,0.0022670729999987316,0.0,1.0,1,619.0,1546.3333333333333,1843.3333333333333,310.6666666666667,DoS
ipcas_21:73:33,143,0,3684,LIED10CTRL/LLN0$Status,0.0012942290000026446,0.0,1.0,1,619.0,1546.3333333333333,1843.3333333333333,310.6666666666667,DoS
ipcas_21:73:33,143,0,3685,LIED10CTRL/LLN0$Status,0.0027309169999973903,0.0,1.0,1,619.0,1546.3333333333333,1843.3333333333333,310.6666666666667,DoS
ipcas_21:73:33,143,0,3686,LIED10CTRL/LLN0$Status,0.0012237680000026785,0.0,1.0,1,619.0,1546.3333333333333,1843.3333333333333,310.6666666666667,DoS
ipcas_21:73:33,143,0,3687,LIED10CTRL/LLN0$Status,0.002316529999998096,0.0,1.0,1,619.0,1546.3333333333333,1843.3333333333333,310.6666666666667,DoS
ipcas_21:73:33,143,0,3688,LIED10CTRL/LLN0$Status,0.0024981289999992384,0.0,1.0,1,619.0,1546.3333333333333,1843.3333333333333,310.6666666666667,DoS
ipcas_21:73:33,143,0,3689,LIED10CTRL/LLN0$Status,0.002594141999999522,0.0,1.0,1,619.0,1546.3333333333333,1843.3333333333333,310.6666666666667,DoS
ipcas_21:73:33,143,0,3690,LIED10CTRL/LLN0$Status,0.0011967060000017682,0.0,1.0,1,619.0,1546.3333333333333,1843.3333333333333,310.6666666666667,DoS
ipcas_21:73:33,143,0,3691,LIED10CTRL/LLN0$Status,0.0024261910000014097,0.0,1.0,1,619.0,1546.3333333333333,1843.3333333333333,310.6666666666667,DoS
ipcas_21:73:33,143,0,3692,LIED10CTRL/LLN0$Status,0.0013334329999992178,0.0,1.0,1,619.0,1546.3333333333333,1843.3333333333333,310.6666666666667,DoS
ipcas_21:73:33,143,0,3693,LIED10CTRL/LLN0$Status,0.0025657439999982046,0.0,1.0,1,619.0,1546.3333333333333,1843.3333333333333,310.6666666666667,DoS
ipcas_21:73:33,143,0,3694,LIED10CTRL/LLN0$Status,0.0023932460000004596,0.0,1.0,1,619.0,1546.3333333333333,1843.3333333333333,310.6666666666667,DoS
ipcas_21:73:33,143,0,3695,LIED10CTRL/LLN0$Status,0.002527569000001506,0.0,1.0,1,619.0,1546.3333333333333,1843.3333333333333,310.6666666666667,DoS
ipcas_21:73:33,143,0,3696,LIED10CTRL/LLN0$Status,0.0023917609999983824,0.0,1.0,1,619.0,1546.3333333333333,1843.3333333333333,310.6666666666667,DoS
ipcas_21:73:33,143,0,3697,LIED10CTRL/LLN0$Status,0.0013867460000014376,0.0,1.0,1,619.0,1546.3333333333333,1843.3333333333333,310.6666666666667,DoS
ipcas_21:73:33,143,0,3698,LIED10CTRL/LLN0$Status,0.002429539999997843,0.0,1.0,1,619.0,1546.3333333333333,1843.3333333333333,310.6666666666667,DoS
ipcas_21:73:33,143,0,3699,LIED10CTRL/LLN0$Status,0.0012996909999998252,0.0,1.0,1,619.0,1546.3333333333333,1843.3333333333333,310.6666666666667,DoS
ipcas_21:73:33,143,0,3700,LIED10CTRL/LLN0$Status,0.002417667000003121,0.0,1.0,1,619.0,1546.3333333333333,1843.3333333333333,310.6666666666667,DoS
ipcas_21:73:33,143,0,3701,LIED10CTRL/LLN0$Status,0.002584670999997485,0.0,1.0,1,619.0,1546.3333333333333,1843.3333333333333,310.6666666666667,DoS
ipcas_21:73:33,143,0,3702,LIED10CTRL/LLN0$Status,0.002421415000000593,0.0,1.0,1,619.0,1546.3333333333333,1843.3333333333333,310.6666666666667,DoS
ipcas_21:73:33,143,0,3703,LIED10CTRL/LLN0$Status,0.0013740660000003402,0.0,1.0,1,619.0,1546.3333333333333,1843.3333333333333,310.6666666666667,DoS
ipcas_21:73:33,143,0,3704,LIED10CTRL/LLN0$Status,0.002488337999999146,0.0,1.0,1,619.0,1546.3333333333333,1843.3333333333333,310.6666666666667,DoS
ipcas_21:73:33,143,0,3705,LIED10CTRL/LLN0$Status,0.0025339630000011937,0.0,1.0,1,619.0,1546.3333333333333,1843.3333333333333,310.6666666666667,DoS
ipcas_21:73:33,143,0,3706,LIED10CTRL/LLN0$Status,0.0024887719999995284,0.0,1.0,1,619.0,1546.3333333333333,1843.3333333333333,310.6666666666667,DoS
ipcas_21:73:33,143,0,3707,LIED10CTRL/LLN0$Status,0.002476351999998627,0.0,1.0,1,619.0,1546.3333333333333,1843.3333333333333,310.6666666666667,DoS
ipcas_21:73:33,143,0,3708,LIED10CTRL/LLN0$Status,0.0025033030000010115,0.0,1.0,1,619.0,1546.3333333333333,1843.3333333333333,310.6666666666667,DoS
ipcas_21:73:33,143,0,3709,LIED10CTRL/LLN0$Status,0.0025035329999987255,0.0,1.0,1,619.0,1546.3333333333333,1843.3333333333333,310.6666666666667,DoS
ipcas_21:73:33,143,0,3710,LIED10CTRL/LLN0$Status,0.0025015520000017943,0.0,1.0,1,619.0,1546.3333333333333,1843.3333333333333,310.6666666666667,DoS
ipcas_21:73:33,143,0,3711,LIED10CTRL/LLN0$Status,0.00250053499999936,0.0,1.0,1,619.0,1546.3333333333333,1843.3333333333333,310.6666666666667,DoS
ipcas_21:73:33,143,0,3712,LIED10CTRL/LLN0$Status,0.0024937089999994555,0.0,1.0,1,619.0,1546.3333333333333,1843.3333333333333,310.6666666666667,DoS
ipcas_21:73:33,143,0,3713,LIED10CTRL/LLN0$Status,0.00273930500000219,0.0,1.0,1,619.0,1546.3333333333333,1843.3333333333333,310.6666666666667,DoS
ipcas_21:73:33,143,0,3714,LIED10CTRL/LLN0$Status,0.0022584429999987776,0.0,1.0,1,619.0,1546.3333333333333,1843.3333333333333,310.6666666666667,DoS
ipcas_21:73:33,143,0,3715,LIED10CTRL/LLN0$Status,0.002500525999998615,0.0,1.0,1,619.0,1546.3333333333333,1843.3333333333333,310.6666666666667,DoS
ipcas_21:73:33,143,0,3716,LIED10CTRL/LLN0$Status,0.0025019620000001908,0.0,1.0,1,619.0,1546.3333333333333,1843.3333333333333,310.6666666666667,DoS
ipcas_21:73:33,143,0,3717,LIED10CTRL/LLN0$Status,0.002501712000000822,0.0,1.0,1,619.0,1546.3333333333333,1843.3333333333333,310.6666666666667,DoS
ipcas_21:73:33,143,0,3718,LIED10CTRL/LLN0$Status,0.0025260349999989273,0.0,1.0,1,619.0,1546.3333333333333,1843.3333333333333,310.6666666666667,DoS
ipcas_21:73:33,143,0,3719,LIED10CTRL/LLN0$Status,0.002476499000000132,0.0,1.0,1,619.0,1546.3333333333333,1843.3333333333333,310.6666666666667,DoS
ipcas_21:73:33,143,0,3720,LIED10CTRL/LLN0$Status,0.0024950280000020086,0.0,1.0,1,619.0,1546.3333333333333,1843.3333333333333,310.6666666666667,DoS
ipcas_21:73:33,143,0,3721,LIED10CTRL/LLN0$Status,0.0028178109999998924,0.0,1.0,1,619.0,1546.3333333333333,1843.3333333333333,310.6666666666667,DoS
ipcas_21:73:33,143,0,3722,LIED10CTRL/LLN0$Status,0.0021827129999998363,0.0,1.0,1,619.0,1546.3333333333333,1843.3333333333333,310.6666666666667,DoS
ipcas_21:73:33,143,0,3723,LIED10CTRL/LLN0$Status,0.00249248500000121,0.0,1.0,1,619.0,1546.3333333333333,1843.3333333333333,310.6666666666667,DoS
ipcas_21:73:33,143,0,3724,LIED10CTRL/LLN0$Status,0.002526545999998575,0.0,1.0,1,619.0,1546.3333333333333,1843.3333333333333,310.6666666666667,DoS
ipcas_21:73:33,143,0,3725,LIED10CTRL/LLN0$Status,0.0025076559999988035,0.0,1.0,1,619.0,1546.3333333333333,1843.3333333333333,310.6666666666667,DoS
ipcas_21:73:33,143,0,3726,LIED10CTRL/LLN0$Status,0.002517057000002154,0.0,1.0,1,619.0,1546.3333333333333,1843.3333333333333,310.6666666666667,DoS
ipcas_21:73:33,143,0,3727,LIED10CTRL/LLN0$Status,0.002483448999999638,0.0,1.0,1,619.0,1546.3333333333333,1843.3333333333333,310.6666666666667,DoS
ipcas_21:73:33,143,0,3728,LIED10CTRL/LLN0$Status,0.002784795000000173,0.0,1.0,1,619.0,1546.3333333333333,1843.3333333333333,310.6666666666667,DoS
ipcas_21:73:33,143,0,3729,LIED10CTRL/LLN0$Status,0.0021913100000006125,0.0,1.0,1,619.0,1546.3333333333333,1843.3333333333333,310.6666666666667,DoS
ipcas_21:73:33,143,0,3730,LIED10CTRL/LLN0$Status,0.0024958749999974827,0.0,1.0,1,619.0,1546.3333333333333,1843.3333333333333,310.6666666666667,DoS
ipcas_21:73:33,143,0,3731,LIED10CTRL/LLN0$Status,0.00249899599999992,0.0,1.0,1,619.0,1546.3333333333333,1843.3333333333333,310.6666666666667,DoS
ipcas_21:73:33,143,0,3732,LIED10CTRL/LLN0$Status,0.002521809000000985,0.0,1.0,1,619.0,1546.3333333333333,1843.3333333333333,310.6666666666667,DoS
ipcas_21:73:33,143,0,3733,LIED10CTRL/LLN0$Status,0.0025063830000000564,0.0,1.0,1,619.0,1546.3333333333333,1843.3333333333333,310.6666666666667,DoS
ipcas_21:73:33,143,0,3734,LIED10CTRL/LLN0$Status,0.002475798999999057,0.0,1.0,1,619.0,1546.3333333333333,1843.3333333333333,310.6666666666667,DoS
ipcas_21:73:33,143,0,3735,LIED10CTRL/LLN0$Status,0.0025036180000022057,0.0,1.0,1,619.0,1546.3333333333333,1843.3333333333333,310.6666666666667,DoS
ipcas_21:73:33,143,0,3736,LIED10CTRL/LLN0$Status,0.0024953879999998207,0.0,1.0,1,619.0,1546.3333333333333,1843.3333333333333,310.6666666666667,DoS
ipcas_21:73:33,143,0,3737,LIED10CTRL/LLN0$Status,0.0025270979999980625,0.0,1.0,1,619.0,1546.3333333333333,1843.3333333333333,310.6666666666667,DoS
ipcas_21:73:33,143,0,3738,LIED10CTRL/LLN0$Status,0.002493235999999399,0.0,1.0,1,619.0,1546.3333333333333,1843.3333333333333,310.6666666666667,DoS
ipcas_21:73:33,143,0,3739,LIED10CTRL/LLN0$Status,0.0024980929999998125,0.0,1.0,1,619.0,1546.3333333333333,1843.3333333333333,310.6666666666667,DoS
ipcas_21:73:33,143,0,3740,LIED10CTRL/LLN0$Status,0.0024813550000004625,0.0,1.0,1,619.0,1546.3333333333333,1843.3333333333333,310.6666666666667,DoS
ipcas_21:73:33,143,0,3741,LIED10CTRL/LLN0$Status,0.0022478710000015667,0.0,1.0,1,619.0,1546.3333333333333,1843.3333333333333,310.6666666666667,DoS
ipcas_21:73:33,143,0,3742,LIED10CTRL/LLN0$Status,0.0016730440000003455,0.0,1.0,1,619.0,1546.3333333333333,1843.3333333333333,310.6666666666667,DoS
ipcas_21:73:33,143,0,3743,LIED10CTRL/LLN0$Status,0.001149193999999909,0.0,1.0,1,619.0,1546.3333333333333,1843.3333333333333,310.6666666666667,DoS
ipcas_21:73:33,143,0,3744,LIED10CTRL/LLN0$Status,0.002522556999998926,0.0,1.0,1,619.0,1546.3333333333333,1843.3333333333333,310.6666666666667,DoS
ipcas_21:73:33,143,0,3745,LIED10CTRL/LLN0$Status,0.0025617970000020307,0.0,1.0,1,619.0,1546.3333333333333,1843.3333333333333,310.6666666666667,DoS
ipcas_21:73:33,143,0,3746,LIED10CTRL/LLN0$Status,0.0012437869999999407,0.0,1.0,1,619.0,1546.3333333333333,1843.3333333333333,310.6666666666667,DoS
ipcas_21:73:33,143,0,3747,LIED10CTRL/LLN0$Status,0.002346363999997436,0.0,1.0,1,619.0,1546.3333333333333,1843.3333333333333,310.6666666666667,DoS
ipcas_21:73:33,143,0,3748,LIED10CTRL/LLN0$Status,0.0025717299999996612,0.0,1.0,1,619.0,1546.3333333333333,1843.3333333333333,310.6666666666667,DoS
ipcas_21:73:33,143,0,3749,LIED10CTRL/LLN0$Status,0.0014337700000019993,0.0,1.0,1,619.0,1546.3333333333333,1843.3333333333333,310.6666666666667,DoS
ipcas_21:73:33,143,0,3750,LIED10CTRL/LLN0$Status,0.00248292699999908,0.0,1.0,1,619.0,1546.3333333333333,1843.3333333333333,310.6666666666667,DoS
ipcas_21:73:33,143,0,3751,LIED10CTRL/LLN0$Status,0.0011812360000007516,0.0,1.0,1,619.0,1546.3333333333333,1843.3333333333333,310.6666666666667,DoS
ipcas_21:73:33,143,0,3752,LIED10CTRL/LLN0$Status,0.002327242999999868,0.0,1.0,1,619.0,1546.3333333333333,1843.3333333333333,310.6666666666667,DoS
ipcas_21:73:33,143,0,3753,LIED10CTRL/LLN0$Status,0.0014466730000002315,0.0,1.0,1,619.0,1546.3333333333333,1843.3333333333333,310.6666666666667,DoS
ipcas_21:73:33,143,0,3754,LIED10CTRL/LLN0$Status,0.0021860280000005616,0.0,1.0,1,619.0,1546.3333333333333,1843.3333333333333,310.6666666666667,DoS
ipcas_21:73:33,143,0,3755,LIED10CTRL/LLN0$Status,0.0014376449999993213,0.0,1.0,1,619.0,1546.3333333333333,1843.3333333333333,310.6666666666667,DoS
ipcas_21:73:33,143,0,3756,LIED10CTRL/LLN0$Status,0.002413974999999624,0.0,1.0,1,619.0,1546.3333333333333,1843.3333333333333,310.6666666666667,DoS
ipcas_21:73:33,143,0,3757,LIED10CTRL/LLN0$Status,0.0012177350000008857,0.0,1.0,1,619.0,1546.3333333333333,1843.3333333333333,310.6666666666667,DoS
ipcas_21:73:33,143,0,3758,LIED10CTRL/LLN0$Status,0.001282183000000714,0.0,1.0,1,619.0,1546.3333333333333,1843.3333333333333,310.6666666666667,DoS
ipcas_21:73:33,143,0,3759,LIED10CTRL/LLN0$Status,0.0024143639999998356,0.0,1.0,1,619.0,1546.3333333333333,1843.3333333333333,310.6666666666667,DoS
ipcas_21:73:33,143,0,3760,LIED10CTRL/LLN0$Status,0.0024487379999982295,0.0,1.0,1,619.0,1546.3333333333333,1843.3333333333333,310.6666666666667,DoS
ipcas_21:73:33,143,0,3761,LIED10CTRL/LLN0$Status,0.001427296999999328,0.0,1.0,1,619.0,1546.3333333333333,1843.3333333333333,310.6666666666667,DoS
ipcas_21:73:33,143,0,3762,LIED10CTRL/LLN0$Status,0.0011269400000024632,0.0,1.0,1,619.0,1546.3333333333333,1843.3333333333333,310.6666666666667,DoS
ipcas_21:73:33,143,0,3763,LIED10CTRL/LLN0$Status,0.0013735889999999529,0.0,1.0,1,619.0,1546.3333333333333,1843.3333333333333,310.6666666666667,DoS
ipcas_21:73:33,143,0,3764,LIED10CTRL/LLN0$Status,0.0012221719999985226,0.0,1.0,1,619.0,1546.3333333333333,1843.3333333333333,310.6666666666667,DoS
ipcas_21:73:33,143,0,3765,LIED10CTRL/LLN0$Status,0.002452760000000609,0.0,1.0,1,619.0,1546.3333333333333,1843.3333333333333,310.6666666666667,DoS
ipcas_21:73:33,143,0,3766,LIED10CTRL/LLN0$Status,0.0024649189999976784,0.0,1.0,1,619.0,1546.3333333333333,1843.3333333333333,310.6666666666667,DoS
ipcas_21:73:33,143,0,3767,LIED10CTRL/LLN0$Status,0.001249039000001062,0.0,1.0,1,619.0,1546.3333333333333,1843.3333333333333,310.6666666666667,DoS
ipcas_21:73:33,143,0,3768,LIED10CTRL/LLN0$Status,0.002463084000002169,0.0,1.0,1,619.0,1546.3333333333333,1843.3333333333333,310.6666666666667,DoS
ipcas_21:73:33,143,0,3769,LIED10CTRL/LLN0$Status,0.0012192079999984173,0.0,1.0,1,619.0,1546.3333333333333,1843.3333333333333,310.6666666666667,DoS
ipcas_21:73:33,143,0,3770,LIED10CTRL/LLN0$Status,0.0012457830000016656,0.0,1.0,1,619.0,1546.3333333333333,1843.3333333333333,310.6666666666667,DoS
ipcas_21:73:33,143,0,3771,LIED10CTRL/LLN0$Status,0.002590101999999206,0.0,1.0,1,619.0,1546.3333333333333,1843.3333333333333,310.6666666666667,DoS
ipcas_21:73:33,143,0,3772,LIED10CTRL/LLN0$Status,0.0024625409999998737,0.0,1.0,1,619.0,1546.3333333333333,1843.3333333333333,310.6666666666667,DoS
ipcas_21:73:33,143,0,3773,LIED10CTRL/LLN0$Status,5.683000001255323e-06,-1.0,3756.0,1,619.0,1546.3333333333333,1843.3333333333333,310.6666666666667,DoS
ipcas_21:73:33,143,0,3774,LIED10CTRL/LLN0$Status,0.0012614199999987363,0.0,1.0,1,620.3333333333334,1546.0,1865.3333333333333,309.1666666666667,DoS
ipcas_21:73:33,143,0,3775,LIED10CTRL/LLN0$Status,0.0024689020000003836,0.0,1.0,1,620.3333333333334,1546.0,1865.3333333333333,309.1666666666667,DoS
ipcas_21:73:33,143,0,3776,LIED10CTRL/LLN0$Status,0.0012472820000013485,0.0,1.0,1,620.3333333333334,1546.0,1865.3333333333333,309.1666666666667,DoS
ipcas_21:73:33,143,0,3777,LIED10CTRL/LLN0$Status,0.001512815999998196,0.0,1.0,1,620.3333333333334,1546.0,1865.3333333333333,309.1666666666667,DoS
ipcas_21:73:33,143,0,3778,LIED10CTRL/LLN0$Status,0.00224006900000262,0.0,1.0,1,620.3333333333334,1546.0,1865.3333333333333,309.1666666666667,DoS
ipcas_21:73:33,143,0,3779,LIED10CTRL/LLN0$Status,0.0024084030000004475,0.0,1.0,1,620.3333333333334,1546.0,1865.3333333333333,309.1666666666667,DoS
ipcas_21:73:33,143,0,3780,LIED10CTRL/LLN0$Status,0.0014459379999998134,0.0,1.0,1,620.3333333333334,1546.0,1865.3333333333333,309.1666666666667,DoS
ipcas_21:73:33,143,0,3781,LIED10CTRL/LLN0$Status,0.0027608259999993834,0.0,1.0,1,620.3333333333334,1546.0,1865.3333333333333,309.1666666666667,DoS
ipcas_21:73:33,143,0,3782,LIED10CTRL/LLN0$Status,0.002259603999998916,0.0,1.0,1,620.3333333333334,1546.0,1865.3333333333333,309.1666666666667,DoS
ipcas_21:73:33,143,0,3783,LIED10CTRL/LLN0$Status,0.0013959190000001342,0.0,1.0,1,620.3333333333334,1546.0,1865.3333333333333,309.1666666666667,DoS
ipcas_21:73:33,143,0,3784,LIED10CTRL/LLN0$Status,0.001193046000000919,0.0,1.0,1,620.3333333333334,1546.0,1865.3333333333333,309.1666666666667,DoS
ipcas_21:73:33,143,0,3785,LIED10CTRL/LLN0$Status,0.0010893319999993878,0.0,1.0,1,620.3333333333334,1546.0,1865.3333333333333,309.1666666666667,DoS
ipcas_21:73:33,143,0,3786,LIED10CTRL/LLN0$Status,0.0012480259999989585,0.0,1.0,1,620.3333333333334,1546.0,1865.3333333333333,309.1666666666667,DoS
ipcas_21:73:33,143,0,3787,LIED10CTRL/LLN0$Status,0.0012486610000017606,0.0,1.0,1,620.3333333333334,1546.0,1865.3333333333333,309.1666666666667,DoS
ipcas_21:73:33,143,0,3788,LIED10CTRL/LLN0$Status,0.001566669999998993,0.0,1.0,1,620.3333333333334,1546.0,1865.3333333333333,309.1666666666667,DoS
ipcas_21:73:33,143,0,3789,LIED10CTRL/LLN0$Status,0.0021929100000015467,0.0,1.0,1,620.3333333333334,1546.0,1865.3333333333333,309.1666666666667,DoS
ipcas_21:73:33,143,0,3790,LIED10CTRL/LLN0$Status,0.001140485999997054,0.0,1.0,1,620.3333333333334,1546.0,1865.3333333333333,309.1666666666667,DoS
ipcas_21:73:33,143,0,3791,LIED10CTRL/LLN0$Status,0.0013211340000012228,0.0,1.0,1,620.3333333333334,1546.0,1865.3333333333333,309.1666666666667,DoS
ipcas_21:73:33,143,0,3792,LIED10CTRL/LLN0$Status,0.0013331600000014987,0.0,1.0,1,620.3333333333334,1546.0,1865.3333333333333,309.1666666666667,DoS
ipcas_21:73:33,143,0,3793,LIED10CTRL/LLN0$Status,0.0012564919999995539,0.0,1.0,1,620.3333333333334,1546.0,1865.3333333333333,309.1666666666667,DoS
ipcas_21:73:33,143,0,3794,LIED10CTRL/LLN0$Status,0.0013217769999975815,0.0,1.0,1,620.3333333333334,1546.0,1865.3333333333333,309.1666666666667,DoS
ipcas_21:73:33,143,0,3795,LIED10CTRL/LLN0$Status,0.002237766000000363,0.0,1.0,1,620.3333333333334,1546.0,1865.3333333333333,309.1666666666667,DoS
ipcas_21:73:33,143,0,3796,LIED10CTRL/LLN0$Status,0.001826484000002182,0.0,1.0,1,620.3333333333334,1546.0,1865.3333333333333,309.1666666666667,DoS
ipcas_21:73:33,143,0,3797,LIED10CTRL/LLN0$Status,0.0007745660000004762,0.0,1.0,1,620.3333333333334,1546.0,1865.3333333333333,309.1666666666667,DoS
ipcas_21:73:33,143,0,3798,LIED10CTRL/LLN0$Status,0.002561096999997403,0.0,1.0,1,620.3333333333334,1546.0,1865.3333333333333,309.1666666666667,DoS
ipcas_21:73:33,143,0,3799,LIED10CTRL/LLN0$Status,0.0011584940000020083,0.0,1.0,1,620.3333333333334,1546.0,1865.3333333333333,309.1666666666667,DoS
ipcas_21:73:33,143,0,3800,LIED10CTRL/LLN0$Status,0.001333902999999026,0.0,1.0,1,620.3333333333334,1546.0,1865.3333333333333,309.1666666666667,DoS
ipcas_21:73:33,143,0,3801,LIED10CTRL/LLN0$Status,0.0014027930000004574,0.0,1.0,1,620.3333333333334,1546.0,1865.3333333333333,309.1666666666667,DoS
ipcas_21:73:33,143,0,3802,LIED10CTRL/LLN0$Status,0.0010711410000006083,0.0,1.0,1,620.3333333333334,1546.0,1865.3333333333333,309.1666666666667,DoS
ipcas_21:73:33,143,0,3803,LIED10CTRL/LLN0$Status,0.0012628869999993242,0.0,1.0,1,620.3333333333334,1546.0,1865.3333333333333,309.1666666666667,DoS
ipcas_21:73:33,143,0,3804,LIED10CTRL/LLN0$Status,0.0012856039999995517,0.0,1.0,1,620.3333333333334,1546.0,1865.3333333333333,309.1666666666667,DoS
ipcas_21:73:33,143,0,3805,LIED10CTRL/LLN0$Status,0.0024813670000014554,0.0,1.0,1,620.3333333333334,1546.0,1865.3333333333333,309.1666666666667,DoS
ipcas_21:73:33,143,0,3806,LIED10CTRL/LLN0$Status,0.002430107999998654,0.0,1.0,1,620.3333333333334,1546.0,1865.3333333333333,309.1666666666667,DoS
ipcas_21:73:33,143,0,3807,LIED10CTRL/LLN0$Status,0.0013240920000008316,0.0,1.0,1,620.3333333333334,1546.0,1865.3333333333333,309.1666666666667,DoS
ipcas_21:73:33,143,0,3808,LIED10CTRL/LLN0$Status,0.0013438949999979855,0.0,1.0,1,620.3333333333334,1546.0,1865.3333333333333,309.1666666666667,DoS
ipcas_21:73:33,143,0,3809,LIED10CTRL/LLN0$Status,0.0024173330000003546,0.0,1.0,1,620.3333333333334,1546.0,1865.3333333333333,309.1666666666667,DoS
ipcas_21:73:33,143,0,3810,LIED10CTRL/LLN0$Status,0.0025704680000018243,0.0,1.0,1,620.3333333333334,1546.0,1865.3333333333333,309.1666666666667,DoS
ipcas_21:73:33,143,0,3811,LIED10CTRL/LLN0$Status,0.0022711499999985563,0.0,1.0,1,620.3333333333334,1546.0,1865.3333333333333,309.1666666666667,DoS
ipcas_21:73:33,143,0,3812,LIED10CTRL/LLN0$Status,0.0012803350000005764,0.0,1.0,1,620.3333333333334,1546.0,1865.3333333333333,309.1666666666667,DoS
ipcas_21:73:33,143,0,3813,LIED10CTRL/LLN0$Status,0.0013773099999987437,0.0,1.0,1,620.3333333333334,1546.0,1865.3333333333333,309.1666666666667,DoS
ipcas_21:73:33,143,0,3814,LIED10CTRL/LLN0$Status,0.0011684520000017073,0.0,1.0,1,620.3333333333334,1546.0,1865.3333333333333,309.1666666666667,DoS
ipcas_21:73:33,143,0,3815,LIED10CTRL/LLN0$Status,0.0024693300000002694,0.0,1.0,1,620.3333333333334,1546.0,1865.3333333333333,309.1666666666667,DoS
ipcas_21:73:33,143,0,3816,LIED10CTRL/LLN0$Status,0.0025238270000009777,0.0,1.0,1,620.3333333333334,1546.0,1865.3333333333333,309.1666666666667,DoS
ipcas_21:73:33,143,0,3817,LIED10CTRL/LLN0$Status,0.0012780679999977451,0.0,1.0,1,620.3333333333334,1546.0,1865.3333333333333,309.1666666666667,DoS
ipcas_21:73:33,143,0,3818,LIED10CTRL/LLN0$Status,0.0013416080000006048,0.0,1.0,1,620.3333333333334,1546.0,1865.3333333333333,309.1666666666667,DoS
ipcas_21:73:33,143,0,3819,LIED10CTRL/LLN0$Status,0.0024769700000000228,0.0,1.0,1,620.3333333333334,1546.0,1865.3333333333333,309.1666666666667,DoS
ipcas_21:73:33,143,0,3820,LIED10CTRL/LLN0$Status,0.0011144600000001503,0.0,1.0,1,620.3333333333334,1546.0,1865.3333333333333,309.1666666666667,DoS
ipcas_21:73:33,143,0,3821,LIED10CTRL/LLN0$Status,0.0012346359999995116,0.0,1.0,1,620.3333333333334,1546.0,1865.3333333333333,309.1666666666667,DoS
ipcas_21:73:33,143,0,3822,LIED10CTRL/LLN0$Status,0.0013600820000014835,0.0,1.0,1,620.3333333333334,1546.0,1865.3333333333333,309.1666666666667,DoS
ipcas_21:73:33,143,0,3823,LIED10CTRL/LLN0$Status,0.0025001119999998878,0.0,1.0,1,620.3333333333334,1546.0,1865.3333333333333,309.1666666666667,DoS
ipcas_21:73:33,143,0,3824,LIED10CTRL/LLN0$Status,0.0011681909999978757,0.0,1.0,1,620.3333333333334,1546.0,1865.3333333333333,309.1666666666667,DoS
ipcas_21:73:33,143,0,3825,LIED10CTRL/LLN0$Status,0.0012401480000008291,0.0,1.0,1,620.3333333333334,1546.0,1865.3333333333333,309.1666666666667,DoS
ipcas_21:73:33,143,0,3826,LIED10CTRL/LLN0$Status,0.0012935350000020662,0.0,1.0,1,620.3333333333334,1546.0,1865.3333333333333,309.1666666666667,DoS
ipcas_21:73:33,143,0,3827,LIED10CTRL/LLN0$Status,0.0012924159999982976,0.0,1.0,1,620.3333333333334,1546.0,1865.3333333333333,309.1666666666667,DoS
ipcas_21:73:33,143,0,3828,LIED10CTRL/LLN0$Status,0.0011757149999986893,0.0,1.0,1,620.3333333333334,1546.0,1865.3333333333333,309.1666666666667,DoS
ipcas_21:73:33,143,0,3829,LIED10CTRL/LLN0$Status,0.0012477319999995018,0.0,1.0,1,620.3333333333334,1546.0,1865.3333333333333,309.1666666666667,DoS
ipcas_21:73:33,143,0,3830,LIED10CTRL/LLN0$Status,0.0012160630000010997,0.0,1.0,1,620.3333333333334,1546.0,1865.3333333333333,309.1666666666667,DoS
ipcas_21:73:33,143,0,3831,LIED10CTRL/LLN0$Status,0.0012957560000010915,0.0,1.0,1,620.3333333333334,1546.0,1865.3333333333333,309.1666666666667,DoS
ipcas_21:73:33,143,0,3832,LIED10CTRL/LLN0$Status,0.0013043199999991373,0.0,1.0,1,620.3333333333334,1546.0,1865.3333333333333,309.1666666666667,DoS
ipcas_21:73:33,143,0,3833,LIED10CTRL/LLN0$Status,0.0012202750000014362,0.0,1.0,1,620.3333333333334,1546.0,1865.3333333333333,309.1666666666667,DoS
ipcas_21:73:33,143,0,3834,LIED10CTRL/LLN0$Status,0.0012893890000000852,0.0,1.0,1,620.3333333333334,1546.0,1865.3333333333333,309.1666666666667,DoS
ipcas_21:73:33,143,0,3835,LIED10CTRL/LLN0$Status,0.0012552259999978332,0.0,1.0,1,620.3333333333334,1546.0,1865.3333333333333,309.1666666666667,DoS
ipcas_21:73:33,143,0,3836,LIED10CTRL/LLN0$Status,0.0024014760000028446,0.0,1.0,1,620.3333333333334,1546.0,1865.3333333333333,309.1666666666667,DoS
ipcas_21:73:33,143,0,3837,LIED10CTRL/LLN0$Status,0.001355802999999156,0.0,1.0,1,620.3333333333334,1546.0,1865.3333333333333,309.1666666666667,DoS
ipcas_21:73:33,143,0,3838,LIED10CTRL/LLN0$Status,0.002585384999999718,0.0,1.0,1,620.3333333333334,1546.0,1865.3333333333333,309.1666666666667,DoS
ipcas_21:73:33,143,0,3839,LIED10CTRL/LLN0$Status,0.0011642290000004607,0.0,1.0,1,620.3333333333334,1546.0,1865.3333333333333,309.1666666666667,DoS
ipcas_21:73:33,143,0,3840,LIED10CTRL/LLN0$Status,0.0025393999999998584,0.0,1.0,1,620.3333333333334,1546.0,1865.3333333333333,309.1666666666667,DoS
ipcas_21:73:33,143,0,3841,LIED10CTRL/LLN0$Status,0.002425748000000283,0.0,1.0,1,620.3333333333334,1546.0,1865.3333333333333,309.1666666666667,DoS
ipcas_21:73:33,143,0,3842,LIED10CTRL/LLN0$Status,0.0011543839999994532,0.0,1.0,1,620.3333333333334,1546.0,1865.3333333333333,309.1666666666667,DoS
ipcas_21:73:33,143,0,3843,LIED10CTRL/LLN0$Status,0.001284530999999589,0.0,1.0,1,620.3333333333334,1546.0,1865.3333333333333,309.1666666666667,DoS
ipcas_21:73:33,143,0,3844,LIED10CTRL/LLN0$Status,0.001469860000000267,0.0,1.0,1,620.3333333333334,1546.0,1865.3333333333333,309.1666666666667,DoS
ipcas_21:73:33,143,0,3845,LIED10CTRL/LLN0$Status,0.0009828819999988525,0.0,1.0,1,620.3333333333334,1546.0,1865.3333333333333,309.1666666666667,DoS
ipcas_21:73:33,143,0,3846,LIED10CTRL/LLN0$Status,0.00135581900000048,0.0,1.0,1,620.3333333333334,1546.0,1865.3333333333333,309.1666666666667,DoS
ipcas_21:73:33,143,0,3847,LIED10CTRL/LLN0$Status,0.0011972269999986906,0.0,1.0,1,620.3333333333334,1546.0,1865.3333333333333,309.1666666666667,DoS
ipcas_21:73:33,143,0,3848,LIED10CTRL/LLN0$Status,0.0014298980000013728,0.0,1.0,1,620.3333333333334,1546.0,1865.3333333333333,309.1666666666667,DoS
ipcas_21:73:33,143,0,3849,LIED10CTRL/LLN0$Status,0.001351173999999844,0.0,1.0,1,620.3333333333334,1546.0,1865.3333333333333,309.1666666666667,DoS
ipcas_21:73:33,143,0,3850,LIED10CTRL/LLN0$Status,0.0024104119999996954,0.0,1.0,1,620.3333333333334,1546.0,1865.3333333333333,309.1666666666667,DoS
ipcas_21:73:33,143,0,3851,LIED10CTRL/LLN0$Status,0.0024386720000002526,0.0,1.0,1,620.3333333333334,1546.0,1865.3333333333333,309.1666666666667,DoS
ipcas_21:73:33,143,0,3852,LIED10CTRL/LLN0$Status,0.0012479660000010995,0.0,1.0,1,620.3333333333334,1546.0,1865.3333333333333,309.1666666666667,DoS
ipcas_21:73:33,143,0,3853,LIED10CTRL/LLN0$Status,0.001260634999997734,0.0,1.0,1,620.3333333333334,1546.0,1865.3333333333333,309.1666666666667,DoS
ipcas_21:73:33,143,0,3854,LIED10CTRL/LLN0$Status,0.0029702720000024385,0.0,1.0,1,620.3333333333334,1546.0,1865.3333333333333,309.1666666666667,DoS
ipcas_21:73:33,143,0,3855,LIED10CTRL/LLN0$Status,0.0008177210000006596,0.0,1.0,1,620.3333333333334,1546.0,1865.3333333333333,309.1666666666667,DoS
ipcas_21:73:33,143,0,3856,LIED10CTRL/LLN0$Status,0.0011845349999966004,0.0,1.0,1,620.3333333333334,1546.0,1865.3333333333333,309.1666666666667,DoS
ipcas_21:73:33,143,0,3857,LIED10CTRL/LLN0$Status,0.0011309760000024482,0.0,1.0,1,620.3333333333334,1546.0,1865.3333333333333,309.1666666666667,DoS
ipcas_21:73:33,143,0,3858,LIED10CTRL/LLN0$Status,0.0013502770000002329,0.0,1.0,1,620.3333333333334,1546.0,1865.3333333333333,309.1666666666667,DoS
ipcas_21:73:33,143,0,3859,LIED10CTRL/LLN0$Status,0.0016371349999992901,0.0,1.0,1,620.3333333333334,1546.0,1865.3333333333333,309.1666666666667,DoS
ipcas_21:73:33,143,0,3860,LIED10CTRL/LLN0$Status,0.0019095309999990207,0.0,1.0,1,620.3333333333334,1546.0,1865.3333333333333,309.1666666666667,DoS
ipcas_21:73:33,143,0,3861,LIED10CTRL/LLN0$Status,0.0013137510000014174,0.0,1.0,1,620.3333333333334,1546.0,1865.3333333333333,309.1666666666667,DoS
ipcas_21:73:33,143,0,3862,LIED10CTRL/LLN0$Status,0.0010795930000000453,0.0,1.0,1,620.3333333333334,1546.0,1865.3333333333333,309.1666666666667,DoS
ipcas_21:73:33,143,0,3863,LIED10CTRL/LLN0$Status,0.0015233949999995389,0.0,1.0,1,620.3333333333334,1546.0,1865.3333333333333,309.1666666666667,DoS
ipcas_21:73:33,143,0,3864,LIED10CTRL/LLN0$Status,0.001283776000001069,0.0,1.0,1,620.3333333333334,1546.0,1865.3333333333333,309.1666666666667,DoS
ipcas_21:73:33,143,0,3865,LIED10CTRL/LLN0$Status,0.002379551999997176,0.0,1.0,1,620.3333333333334,1546.0,1865.3333333333333,309.1666666666667,DoS
ipcas_21:73:33,143,0,3866,LIED10CTRL/LLN0$Status,0.0012154540000004488,0.0,1.0,1,620.3333333333334,1546.0,1865.3333333333333,309.1666666666667,DoS
ipcas_21:73:33,143,0,3867,LIED10CTRL/LLN0$Status,0.0014556100000007177,0.0,1.0,1,620.3333333333334,1546.0,1865.3333333333333,309.1666666666667,DoS
ipcas_21:73:33,143,0,3868,LIED10CTRL/LLN0$Status,0.0010568420000005574,0.0,1.0,1,620.3333333333334,1546.0,1865.3333333333333,309.1666666666667,DoS
ipcas_21:73:33,143,0,3869,LIED10CTRL/LLN0$Status,0.00127098300000128,0.0,1.0,1,620.3333333333334,1546.0,1865.3333333333333,309.1666666666667,DoS
ipcas_21:73:33,143,0,3870,LIED10CTRL/LLN0$Status,0.0012812639999992825,0.0,1.0,1,620.3333333333334,1546.0,1865.3333333333333,309.1666666666667,DoS
ipcas_21:73:33,143,0,3871,LIED10CTRL/LLN0$Status,0.0011958559999989404,0.0,1.0,1,620.3333333333334,1546.0,1865.3333333333333,309.1666666666667,DoS
ipcas_21:73:33,143,0,3872,LIED10CTRL/LLN0$Status,0.0012508370000006153,0.0,1.0,1,620.3333333333334,1546.0,1865.3333333333333,309.1666666666667,DoS
ipcas_21:73:33,143,0,3873,LIED10CTRL/LLN0$Status,0.0012713570000002505,0.0,1.0,1,620.3333333333334,1546.0,1865.3333333333333,309.1666666666667,DoS
ipcas_21:73:33,143,0,3874,LIED10CTRL/LLN0$Status,0.001227241999998796,0.0,1.0,1,620.3333333333334,1546.0,1865.3333333333333,309.1666666666667,DoS
ipcas_21:73:33,143,0,3875,LIED10CTRL/LLN0$Status,0.0022301190000000304,0.0,1.0,1,620.3333333333334,1546.0,1865.3333333333333,309.1666666666667,DoS
ipcas_21:73:33,143,0,3876,LIED10CTRL/LLN0$Status,0.00023687300000219125,0.0,1.0,1,620.3333333333334,1546.0,1865.3333333333333,309.1666666666667,DoS
ipcas_21:73:33,143,0,3877,LIED10CTRL/LLN0$Status,0.0012944769999982952,0.0,1.0,1,620.3333333333334,1546.0,1865.3333333333333,309.1666666666667,DoS
ipcas_21:73:33,143,0,3878,LIED10CTRL/LLN0$Status,0.001244374999998854,0.0,1.0,1,620.3333333333334,1546.0,1865.3333333333333,309.1666666666667,DoS
ipcas_21:73:33,143,0,3879,LIED10CTRL/LLN0$Status,0.001291334000001143,0.0,1.0,1,620.3333333333334,1546.0,1865.3333333333333,309.1666666666667,DoS
ipcas_21:73:33,143,0,3880,LIED10CTRL/LLN0$Status,0.0012579350000017087,0.0,1.0,1,620.3333333333334,1546.0,1865.3333333333333,309.1666666666667,DoS
ipcas_21:73:33,143,0,3881,LIED10CTRL/LLN0$Status,0.0013419179999978326,0.0,1.0,1,620.3333333333334,1546.0,1865.3333333333333,309.1666666666667,DoS
ipcas_21:73:33,143,0,3882,LIED10CTRL/LLN0$Status,0.002484555999998861,0.0,1.0,1,620.3333333333334,1546.0,1865.3333333333333,309.1666666666667,DoS
ipcas_21:73:33,143,0,3883,LIED10CTRL/LLN0$Status,0.0011615220000003035,0.0,1.0,1,620.3333333333334,1546.0,1865.3333333333333,309.1666666666667,DoS
ipcas_21:73:33,143,0,3884,LIED10CTRL/LLN0$Status,0.0016160460000023136,0.0,1.0,1,620.3333333333334,1546.0,1865.3333333333333,309.1666666666667,DoS
ipcas_21:73:33,143,0,3885,LIED10CTRL/LLN0$Status,0.002101001999999852,0.0,1.0,1,620.3333333333334,1546.0,1865.3333333333333,309.1666666666667,DoS
ipcas_21:73:33,143,0,3886,LIED10CTRL/LLN0$Status,0.001395057999999949,0.0,1.0,1,620.3333333333334,1546.0,1865.3333333333333,309.1666666666667,DoS
ipcas_21:73:33,143,0,3887,LIED10CTRL/LLN0$Status,0.002510212000000678,0.0,1.0,1,620.3333333333334,1546.0,1865.3333333333333,309.1666666666667,DoS
ipcas_21:73:33,143,0,3888,LIED10CTRL/LLN0$Status,0.0024928150000000926,0.0,1.0,1,620.3333333333334,1546.0,1865.3333333333333,309.1666666666667,DoS
ipcas_21:73:33,143,0,3889,LIED10CTRL/LLN0$Status,0.00128006399999947,0.0,1.0,1,620.3333333333334,1546.0,1865.3333333333333,309.1666666666667,DoS
ipcas_21:73:33,143,0,3890,LIED10CTRL/LLN0$Status,0.0012278459999990332,0.0,1.0,1,620.3333333333334,1546.0,1865.3333333333333,309.1666666666667,DoS
ipcas_21:73:33,143,0,3891,LIED10CTRL/LLN0$Status,0.0014135489999986817,0.0,1.0,1,620.3333333333334,1546.0,1865.3333333333333,309.1666666666667,DoS
ipcas_21:73:33,143,0,3892,LIED10CTRL/LLN0$Status,0.0012058220000028541,0.0,1.0,1,620.3333333333334,1546.0,1865.3333333333333,309.1666666666667,DoS
ipcas_21:73:33,143,0,3893,LIED10CTRL/LLN0$Status,0.002481534999997592,0.0,1.0,1,620.3333333333334,1546.0,1865.3333333333333,309.1666666666667,DoS
ipcas_21:73:33,143,0,3894,LIED10CTRL/LLN0$Status,0.0025017760000025646,0.0,1.0,1,620.3333333333334,1546.0,1865.3333333333333,309.1666666666667,DoS
ipcas_21:73:33,143,0,3895,LIED10CTRL/LLN0$Status,0.002393284000000051,0.0,1.0,1,620.3333333333334,1546.0,1865.3333333333333,309.1666666666667,DoS
ipcas_21:73:33,143,0,3896,LIED10CTRL/LLN0$Status,0.0025294229999985873,0.0,1.0,1,620.3333333333334,1546.0,1865.3333333333333,309.1666666666667,DoS
ipcas_21:73:33,143,0,3897,LIED10CTRL/LLN0$Status,0.0012458239999979526,0.0,1.0,1,620.3333333333334,1546.0,1865.3333333333333,309.1666666666667,DoS
ipcas_21:73:33,143,0,3898,LIED10CTRL/LLN0$Status,0.0012698230000012245,0.0,1.0,1,620.3333333333334,1546.0,1865.3333333333333,309.1666666666667,DoS
ipcas_21:73:33,143,0,3899,LIED10CTRL/LLN0$Status,0.0012314680000002909,0.0,1.0,1,620.3333333333334,1546.0,1865.3333333333333,309.1666666666667,DoS
ipcas_21:73:33,143,0,3900,LIED10CTRL/LLN0$Status,0.001250917000000129,0.0,1.0,1,620.3333333333334,1546.0,1865.3333333333333,309.1666666666667,DoS
ipcas_21:73:33,143,0,3901,LIED10CTRL/LLN0$Status,0.0012495120000011184,0.0,1.0,1,620.3333333333334,1546.0,1865.3333333333333,309.1666666666667,DoS
ipcas_21:73:33,143,0,3902,LIED10CTRL/LLN0$Status,0.0012510799999994049,0.0,1.0,1,620.3333333333334,1546.0,1865.3333333333333,309.1666666666667,DoS
ipcas_21:73:33,143,0,3903,LIED10CTRL/LLN0$Status,0.0012481129999990515,0.0,1.0,1,620.3333333333334,1546.0,1865.3333333333333,309.1666666666667,DoS
ipcas_21:73:33,143,0,3904,LIED10CTRL/LLN0$Status,0.0013124190000013414,0.0,1.0,1,620.3333333333334,1546.0,1865.3333333333333,309.1666666666667,DoS
ipcas_21:73:33,143,0,3905,LIED10CTRL/LLN0$Status,0.0024796949999981166,0.0,1.0,1,620.3333333333334,1546.0,1865.3333333333333,309.1666666666667,DoS
ipcas_21:73:33,143,0,3906,LIED10CTRL/LLN0$Status,0.0024325520000019196,0.0,1.0,1,620.3333333333334,1546.0,1865.3333333333333,309.1666666666667,DoS
ipcas_21:73:33,143,0,3907,LIED10CTRL/LLN0$Status,0.002490291999997396,0.0,1.0,1,620.3333333333334,1546.0,1865.3333333333333,309.1666666666667,DoS
ipcas_21:73:33,143,0,3908,LIED10CTRL/LLN0$Status,0.002604076000000788,0.0,1.0,1,620.3333333333334,1546.0,1865.3333333333333,309.1666666666667,DoS
ipcas_21:73:33,143,0,3909,LIED10CTRL/LLN0$Status,0.0013521400000016115,0.0,1.0,1,620.3333333333334,1546.0,1865.3333333333333,309.1666666666667,DoS
ipcas_21:73:33,143,0,3910,LIED10CTRL/LLN0$Status,0.002299396999998038,0.0,1.0,1,620.3333333333334,1546.0,1865.3333333333333,309.1666666666667,DoS
ipcas_21:73:33,143,0,3911,LIED10CTRL/LLN0$Status,0.001355676000002859,0.0,1.0,1,620.3333333333334,1546.0,1865.3333333333333,309.1666666666667,DoS
ipcas_21:73:33,143,0,3912,LIED10CTRL/LLN0$Status,0.0024246399999974244,0.0,1.0,1,620.3333333333334,1546.0,1865.3333333333333,309.1666666666667,DoS
ipcas_21:73:33,143,0,3913,LIED10CTRL/LLN0$Status,0.0025348690000015495,0.0,1.0,1,620.3333333333334,1546.0,1865.3333333333333,309.1666666666667,DoS
ipcas_21:73:33,143,0,3914,LIED10CTRL/LLN0$Status,0.002451258000000678,0.0,1.0,1,620.3333333333334,1546.0,1865.3333333333333,309.1666666666667,DoS
ipcas_21:73:33,143,0,3915,LIED10CTRL/LLN0$Status,0.0012503119999998091,0.0,1.0,1,620.3333333333334,1546.0,1865.3333333333333,309.1666666666667,DoS
ipcas_21:73:33,143,0,3916,LIED10CTRL/LLN0$Status,0.0012527129999995168,0.0,1.0,1,620.3333333333334,1546.0,1865.3333333333333,309.1666666666667,DoS
ipcas_21:73:33,143,0,3917,LIED10CTRL/LLN0$Status,0.0012291030000000092,0.0,1.0,1,620.3333333333334,1546.0,1865.3333333333333,309.1666666666667,DoS
ipcas_21:73:33,143,0,3918,LIED10CTRL/LLN0$Status,0.0024738119999980768,0.0,1.0,1,620.3333333333334,1546.0,1865.3333333333333,309.1666666666667,DoS
ipcas_21:73:33,143,0,3919,LIED10CTRL/LLN0$Status,0.0024762990000013474,0.0,1.0,1,620.3333333333334,1546.0,1865.3333333333333,309.1666666666667,DoS
ipcas_21:73:33,143,0,3920,LIED10CTRL/LLN0$Status,0.0012698479999997403,0.0,1.0,1,620.3333333333334,1546.0,1865.3333333333333,309.1666666666667,DoS
ipcas_21:73:33,143,0,3921,LIED10CTRL/LLN0$Status,0.0028088020000005542,0.0,1.0,1,620.3333333333334,1546.0,1865.3333333333333,309.1666666666667,DoS
ipcas_21:73:33,143,0,3922,LIED10CTRL/LLN0$Status,0.000995984999999422,0.0,1.0,1,620.3333333333334,1546.0,1865.3333333333333,309.1666666666667,DoS
ipcas_21:73:33,143,0,3923,LIED10CTRL/LLN0$Status,0.0026931750000009913,0.0,1.0,1,620.3333333333334,1546.0,1865.3333333333333,309.1666666666667,DoS
ipcas_21:73:33,143,0,3924,LIED10CTRL/LLN0$Status,0.0009286599999995815,0.0,1.0,1,620.3333333333334,1546.0,1865.3333333333333,309.1666666666667,DoS
ipcas_21:73:33,143,0,3925,LIED10CTRL/LLN0$Status,0.0013229700000003675,0.0,1.0,1,620.3333333333334,1546.0,1865.3333333333333,309.1666666666667,DoS
ipcas_21:73:33,143,0,3926,LIED10CTRL/LLN0$Status,0.0026496539999989466,0.0,1.0,1,620.3333333333334,1546.0,1865.3333333333333,309.1666666666667,DoS
ipcas_21:73:33,143,0,3927,LIED10CTRL/LLN0$Status,0.0027953560000000266,0.0,1.0,1,620.3333333333334,1546.0,1865.3333333333333,309.1666666666667,DoS
ipcas_21:73:33,143,0,3928,LIED10CTRL/LLN0$Status,0.0009110119999995447,0.0,1.0,1,620.3333333333334,1546.0,1865.3333333333333,309.1666666666667,DoS
ipcas_21:73:33,143,0,3929,LIED10CTRL/LLN0$Status,0.0009953650000014136,0.0,1.0,1,620.3333333333334,1546.0,1865.3333333333333,309.1666666666667,DoS
ipcas_21:73:33,143,0,3930,LIED10CTRL/LLN0$Status,0.0012981329999988134,0.0,1.0,1,620.3333333333334,1546.0,1865.3333333333333,309.1666666666667,DoS
ipcas_21:73:33,143,0,3931,LIED10CTRL/LLN0$Status,0.0013176409999999805,0.0,1.0,1,620.3333333333334,1546.0,1865.3333333333333,309.1666666666667,DoS
ipcas_21:73:33,143,0,3932,LIED10CTRL/LLN0$Status,0.002545299000001222,0.0,1.0,1,620.3333333333334,1546.0,1865.3333333333333,309.1666666666667,DoS
ipcas_21:73:33,143,0,3933,LIED10CTRL/LLN0$Status,0.0012061020000011524,0.0,1.0,1,620.3333333333334,1546.0,1865.3333333333333,309.1666666666667,DoS
ipcas_21:73:33,143,0,3934,LIED10CTRL/LLN0$Status,0.002495595999999267,0.0,1.0,1,620.3333333333334,1546.0,1865.3333333333333,309.1666666666667,DoS
ipcas_21:73:33,143,0,3935,LIED10CTRL/LLN0$Status,0.0025070469999981526,0.0,1.0,1,620.3333333333334,1546.0,1865.3333333333333,309.1666666666667,DoS
ipcas_21:73:33,143,0,3936,LIED10CTRL/LLN0$Status,0.0024905150000016363,0.0,1.0,1,620.3333333333334,1546.0,1865.3333333333333,309.1666666666667,DoS
ipcas_21:73:33,143,0,3937,LIED10CTRL/LLN0$Status,0.0012503979999998194,0.0,1.0,1,620.3333333333334,1546.0,1865.3333333333333,309.1666666666667,DoS
ipcas_21:73:33,143,0,3938,LIED10CTRL/LLN0$Status,0.001255969999998996,0.0,1.0,1,620.3333333333334,1546.0,1865.3333333333333,309.1666666666667,DoS
ipcas_21:73:33,143,0,3939,LIED10CTRL/LLN0$Status,0.0012411790000008693,0.0,1.0,1,620.3333333333334,1546.0,1865.3333333333333,309.1666666666667,DoS
ipcas_21:73:33,143,0,3940,LIED10CTRL/LLN0$Status,0.0012517179999989025,0.0,1.0,1,620.3333333333334,1546.0,1865.3333333333333,309.1666666666667,DoS
ipcas_21:73:33,143,0,3941,LIED10CTRL/LLN0$Status,0.0012592910000002178,0.0,1.0,1,620.3333333333334,1546.0,1865.3333333333333,309.1666666666667,DoS
ipcas_21:73:33,143,0,3942,LIED10CTRL/LLN0$Status,0.0024911440000003893,0.0,1.0,1,620.3333333333334,1546.0,1865.3333333333333,309.1666666666667,DoS
ipcas_21:73:33,143,0,3943,LIED10CTRL/LLN0$Status,0.0012701829999990366,0.0,1.0,1,620.3333333333334,1546.0,1865.3333333333333,309.1666666666667,DoS
ipcas_21:73:33,143,0,3944,LIED10CTRL/LLN0$Status,0.0012489110000011294,0.0,1.0,1,620.3333333333334,1546.0,1865.3333333333333,309.1666666666667,DoS
ipcas_21:73:33,143,0,3945,LIED10CTRL/LLN0$Status,0.001248529000001497,0.0,1.0,1,620.3333333333334,1546.0,1865.3333333333333,309.1666666666667,DoS
ipcas_21:73:33,143,0,3946,LIED10CTRL/LLN0$Status,0.0012552199999973368,0.0,1.0,1,620.3333333333334,1546.0,1865.3333333333333,309.1666666666667,DoS
ipcas_21:73:33,143,0,3947,LIED10CTRL/LLN0$Status,0.001247003999999663,0.0,1.0,1,620.3333333333334,1546.0,1865.3333333333333,309.1666666666667,DoS
ipcas_21:73:33,143,0,3948,LIED10CTRL/LLN0$Status,0.001249580999999722,0.0,1.0,1,620.3333333333334,1546.0,1865.3333333333333,309.1666666666667,DoS
ipcas_21:73:33,143,0,3949,LIED10CTRL/LLN0$Status,0.0012522750000023564,0.0,1.0,1,620.3333333333334,1546.0,1865.3333333333333,309.1666666666667,DoS
ipcas_21:73:33,143,0,3950,LIED10CTRL/LLN0$Status,0.0012500109999997733,0.0,1.0,1,620.3333333333334,1546.0,1865.3333333333333,309.1666666666667,DoS
ipcas_21:73:33,143,0,3951,LIED10CTRL/LLN0$Status,0.001249249000000674,0.0,1.0,1,620.3333333333334,1546.0,1865.3333333333333,309.1666666666667,DoS
ipcas_21:73:33,143,0,3952,LIED10CTRL/LLN0$Status,0.0012555489999996894,0.0,1.0,1,620.3333333333334,1546.0,1865.3333333333333,309.1666666666667,DoS
ipcas_21:73:33,143,0,3953,LIED10CTRL/LLN0$Status,0.002495315999997416,0.0,1.0,1,620.3333333333334,1546.0,1865.3333333333333,309.1666666666667,DoS
ipcas_21:73:33,143,0,3954,LIED10CTRL/LLN0$Status,0.0012426040000015348,0.0,1.0,1,620.3333333333334,1546.0,1865.3333333333333,309.1666666666667,DoS
ipcas_21:73:33,143,0,3955,LIED10CTRL/LLN0$Status,0.0012434249999984104,0.0,1.0,1,620.3333333333334,1546.0,1865.3333333333333,309.1666666666667,DoS
ipcas_21:73:33,143,0,3956,LIED10CTRL/LLN0$Status,0.001459914000001561,0.0,1.0,1,620.3333333333334,1546.0,1865.3333333333333,309.1666666666667,DoS
ipcas_21:73:33,143,0,3957,LIED10CTRL/LLN0$Status,0.001229779999999181,0.0,1.0,1,620.3333333333334,1546.0,1865.3333333333333,309.1666666666667,DoS
ipcas_21:73:33,143,0,3958,LIED10CTRL/LLN0$Status,0.002467275000000768,0.0,1.0,1,620.3333333333334,1546.0,1865.3333333333333,309.1666666666667,DoS
ipcas_21:73:33,143,0,3959,LIED10CTRL/LLN0$Status,0.002409697000000932,0.0,1.0,1,620.3333333333334,1546.0,1865.3333333333333,309.1666666666667,DoS
ipcas_21:73:33,143,0,3960,LIED10CTRL/LLN0$Status,0.001305949999999001,0.0,1.0,1,620.3333333333334,1546.0,1865.3333333333333,309.1666666666667,DoS
ipcas_21:73:33,143,0,3961,LIED10CTRL/LLN0$Status,0.0012580829999997434,0.0,1.0,1,620.3333333333334,1546.0,1865.3333333333333,309.1666666666667,DoS
ipcas_21:73:33,143,0,3962,LIED10CTRL/LLN0$Status,0.0026581300000003694,0.0,1.0,1,620.3333333333334,1546.0,1865.3333333333333,309.1666666666667,DoS
ipcas_21:73:33,143,0,3963,LIED10CTRL/LLN0$Status,0.002335480999999362,0.0,1.0,1,620.3333333333334,1546.0,1865.3333333333333,309.1666666666667,DoS
ipcas_21:73:33,143,0,3964,LIED10CTRL/LLN0$Status,0.0024123019999997553,0.0,1.0,1,620.3333333333334,1546.0,1865.3333333333333,309.1666666666667,DoS
ipcas_21:73:33,143,0,3965,LIED10CTRL/LLN0$Status,0.00255952200000209,0.0,1.0,1,620.3333333333334,1546.0,1865.3333333333333,309.1666666666667,DoS
ipcas_21:73:33,143,0,3966,LIED10CTRL/LLN0$Status,0.001226617000000374,0.0,1.0,1,620.3333333333334,1546.0,1865.3333333333333,309.1666666666667,DoS
ipcas_21:73:33,143,0,3967,LIED10CTRL/LLN0$Status,0.0014353859999971519,0.0,1.0,1,620.3333333333334,1546.0,1865.3333333333333,309.1666666666667,DoS
ipcas_21:73:33,143,0,3968,LIED10CTRL/LLN0$Status,0.0023342050000003667,0.0,1.0,1,620.3333333333334,1546.0,1865.3333333333333,309.1666666666667,DoS
ipcas_21:73:33,143,0,3969,LIED10CTRL/LLN0$Status,0.002484239000001054,0.0,1.0,1,620.3333333333334,1546.0,1865.3333333333333,309.1666666666667,DoS
ipcas_21:73:33,143,0,3970,LIED10CTRL/LLN0$Status,0.001243133999999202,0.0,1.0,1,620.3333333333334,1546.0,1865.3333333333333,309.1666666666667,DoS
ipcas_21:73:33,143,0,3971,LIED10CTRL/LLN0$Status,0.001271430999999268,0.0,1.0,1,620.3333333333334,1546.0,1865.3333333333333,309.1666666666667,DoS
ipcas_21:73:33,143,0,3972,LIED10CTRL/LLN0$Status,0.002480626000000541,0.0,1.0,1,620.3333333333334,1546.0,1865.3333333333333,309.1666666666667,DoS
ipcas_21:73:33,143,0,3973,LIED10CTRL/LLN0$Status,0.002351009000001625,0.0,1.0,1,620.3333333333334,1546.0,1865.3333333333333,309.1666666666667,DoS
ipcas_21:73:33,143,0,3974,LIED10CTRL/LLN0$Status,0.0012499009999977773,0.0,1.0,1,620.3333333333334,1546.0,1865.3333333333333,309.1666666666667,DoS
ipcas_21:73:33,143,0,3975,LIED10CTRL/LLN0$Status,0.0012317070000023023,0.0,1.0,1,620.3333333333334,1546.0,1865.3333333333333,309.1666666666667,DoS
ipcas_21:73:33,143,0,3976,LIED10CTRL/LLN0$Status,0.0013228079999976217,0.0,1.0,1,620.3333333333334,1546.0,1865.3333333333333,309.1666666666667,DoS
ipcas_21:73:33,143,0,3977,LIED10CTRL/LLN0$Status,0.0012240940000012301,0.0,1.0,1,620.3333333333334,1546.0,1865.3333333333333,309.1666666666667,DoS
ipcas_21:73:33,143,0,3978,LIED10CTRL/LLN0$Status,0.0014342049999989115,0.0,1.0,1,620.3333333333334,1546.0,1865.3333333333333,309.1666666666667,DoS
ipcas_21:73:33,143,0,3979,LIED10CTRL/LLN0$Status,0.002382013000001848,0.0,1.0,1,620.3333333333334,1546.0,1865.3333333333333,309.1666666666667,DoS
ipcas_21:73:33,143,0,3980,LIED10CTRL/LLN0$Status,0.0012773119999991422,0.0,1.0,1,620.3333333333334,1546.0,1865.3333333333333,309.1666666666667,DoS
ipcas_21:73:33,143,0,3981,LIED10CTRL/LLN0$Status,0.0024029200000015294,0.0,1.0,1,620.3333333333334,1546.0,1865.3333333333333,309.1666666666667,DoS
ipcas_21:73:33,143,0,3982,LIED10CTRL/LLN0$Status,0.001393113999998974,0.0,1.0,1,620.3333333333334,1546.0,1865.3333333333333,309.1666666666667,DoS
ipcas_21:73:33,143,0,3983,LIED10CTRL/LLN0$Status,0.0024967959999990796,0.0,1.0,1,620.3333333333334,1546.0,1865.3333333333333,309.1666666666667,DoS
ipcas_21:73:33,143,0,3984,LIED10CTRL/LLN0$Status,0.0024614239999998233,0.0,1.0,1,620.3333333333334,1546.0,1865.3333333333333,309.1666666666667,DoS
ipcas_21:73:33,143,0,3985,LIED10CTRL/LLN0$Status,0.0012521050000025014,0.0,1.0,1,620.3333333333334,1546.0,1865.3333333333333,309.1666666666667,DoS
ipcas_21:73:33,143,0,3986,LIED10CTRL/LLN0$Status,0.0032347529999974256,0.0,1.0,1,620.3333333333334,1546.0,1865.3333333333333,309.1666666666667,DoS
ipcas_21:73:33,143,0,3987,LIED10CTRL/LLN0$Status,0.0017973859999997899,0.0,1.0,1,620.3333333333334,1546.0,1865.3333333333333,309.1666666666667,DoS
ipcas_21:73:33,143,0,3988,LIED10CTRL/LLN0$Status,0.0012400910000032184,0.0,1.0,1,620.3333333333334,1546.0,1865.3333333333333,309.1666666666667,DoS
ipcas_21:73:33,143,0,3989,LIED10CTRL/LLN0$Status,0.0023641839999974934,0.0,1.0,1,620.3333333333334,1546.0,1865.3333333333333,309.1666666666667,DoS
ipcas_21:73:33,143,0,3990,LIED10CTRL/LLN0$Status,0.001252245999999957,0.0,1.0,1,620.3333333333334,1546.0,1865.3333333333333,309.1666666666667,DoS
ipcas_21:73:33,143,0,3991,LIED10CTRL/LLN0$Status,0.001213341999999784,0.0,1.0,1,620.3333333333334,1546.0,1865.3333333333333,309.1666666666667,DoS
ipcas_21:73:33,143,0,3992,LIED10CTRL/LLN0$Status,0.0012841560000005359,0.0,1.0,1,620.3333333333334,1546.0,1865.3333333333333,309.1666666666667,DoS
ipcas_21:73:33,143,0,3993,LIED10CTRL/LLN0$Status,0.001323260999999576,0.0,1.0,1,620.3333333333334,1546.0,1865.3333333333333,309.1666666666667,DoS
ipcas_21:73:33,143,0,3994,LIED10CTRL/LLN0$Status,0.002531467000000731,0.0,1.0,1,620.3333333333334,1546.0,1865.3333333333333,309.1666666666667,DoS
ipcas_21:73:33,143,0,3995,LIED10CTRL/LLN0$Status,0.002737388999999979,0.0,1.0,1,620.3333333333334,1546.0,1865.3333333333333,309.1666666666667,DoS
ipcas_21:73:33,143,0,3996,LIED10CTRL/LLN0$Status,0.0023029749999992077,0.0,1.0,1,620.3333333333334,1546.0,1865.3333333333333,309.1666666666667,DoS
ipcas_21:73:33,143,0,3997,LIED10CTRL/LLN0$Status,0.0024587579999995057,0.0,1.0,1,620.3333333333334,1546.0,1865.3333333333333,309.1666666666667,DoS
ipcas_21:73:33,143,0,3998,LIED10CTRL/LLN0$Status,0.0011486510000011663,0.0,1.0,1,620.3333333333334,1546.0,1865.3333333333333,309.1666666666667,DoS
ipcas_21:73:33,143,0,3999,LIED10CTRL/LLN0$Status,0.0012920019999995702,0.0,1.0,1,620.3333333333334,1546.0,1865.3333333333333,309.1666666666667,DoS
ipcas_21:73:33,143,0,4000,LIED10CTRL/LLN0$Status,0.0024094750000003273,0.0,1.0,1,620.3333333333334,1546.0,1865.3333333333333,309.1666666666667,DoS
ipcas_21:73:33,143,0,4001,LIED10CTRL/LLN0$Status,0.0012738260000020318,0.0,1.0,1,620.3333333333334,1546.0,1865.3333333333333,309.1666666666667,DoS
ipcas_21:73:33,143,0,4002,LIED10CTRL/LLN0$Status,0.0013217459999985692,0.0,1.0,1,620.3333333333334,1546.0,1865.3333333333333,309.1666666666667,DoS
ipcas_21:73:33,143,0,4003,LIED10CTRL/LLN0$Status,0.0025394630000015184,0.0,1.0,1,620.3333333333334,1546.0,1865.3333333333333,309.1666666666667,DoS
ipcas_21:73:33,143,0,4004,LIED10CTRL/LLN0$Status,0.001485673999997772,0.0,1.0,1,620.3333333333334,1546.0,1865.3333333333333,309.1666666666667,DoS
ipcas_21:73:33,143,0,4005,LIED10CTRL/LLN0$Status,0.0022628140000016117,0.0,1.0,1,620.3333333333334,1546.0,1865.3333333333333,309.1666666666667,DoS
ipcas_21:73:33,143,0,4006,LIED10CTRL/LLN0$Status,0.0012351079999994852,0.0,1.0,1,620.3333333333334,1546.0,1865.3333333333333,309.1666666666667,DoS
ipcas_21:73:33,143,0,4007,LIED10CTRL/LLN0$Status,0.0012001959999992096,0.0,1.0,1,620.3333333333334,1546.0,1865.3333333333333,309.1666666666667,DoS
ipcas_21:73:33,143,0,4008,LIED10CTRL/LLN0$Status,0.0012414569999990022,0.0,1.0,1,620.3333333333334,1546.0,1865.3333333333333,309.1666666666667,DoS
ipcas_21:73:33,143,0,4009,LIED10CTRL/LLN0$Status,0.0013826780000023575,0.0,1.0,1,620.3333333333334,1546.0,1865.3333333333333,309.1666666666667,DoS
ipcas_21:73:33,143,0,4010,LIED10CTRL/LLN0$Status,0.0011603339999979312,0.0,1.0,1,620.3333333333334,1546.0,1865.3333333333333,309.1666666666667,DoS
ipcas_21:73:33,143,0,4011,LIED10CTRL/LLN0$Status,0.001220181000000764,0.0,1.0,1,620.3333333333334,1546.0,1865.3333333333333,309.1666666666667,DoS
ipcas_21:73:33,143,0,4012,LIED10CTRL/LLN0$Status,0.0012935530000000028,0.0,1.0,1,620.3333333333334,1546.0,1865.3333333333333,309.1666666666667,DoS
ipcas_21:73:33,143,0,4013,LIED10CTRL/LLN0$Status,0.0012298480000012546,0.0,1.0,1,620.3333333333334,1546.0,1865.3333333333333,309.1666666666667,DoS
ipcas_21:73:33,143,0,4014,LIED10CTRL/LLN0$Status,0.0012733209999993278,0.0,1.0,1,620.3333333333334,1546.0,1865.3333333333333,309.1666666666667,DoS
ipcas_21:73:33,143,0,4015,LIED10CTRL/LLN0$Status,0.0011339590000005728,0.0,1.0,1,620.3333333333334,1546.0,1865.3333333333333,309.1666666666667,DoS
ipcas_21:73:33,143,0,4016,LIED10CTRL/LLN0$Status,0.0012617939999977068,0.0,1.0,1,620.3333333333334,1546.0,1865.3333333333333,309.1666666666667,DoS
ipcas_21:73:33,143,0,4017,LIED10CTRL/LLN0$Status,0.001297141000002,0.0,1.0,1,620.3333333333334,1546.0,1865.3333333333333,309.1666666666667,DoS
ipcas_21:73:33,143,0,4018,LIED10CTRL/LLN0$Status,0.001326458999997726,0.0,1.0,1,620.3333333333334,1546.0,1865.3333333333333,309.1666666666667,DoS
ipcas_21:73:33,143,0,4019,LIED10CTRL/LLN0$Status,0.001184570000003049,0.0,1.0,1,620.3333333333334,1546.0,1865.3333333333333,309.1666666666667,DoS
ipcas_21:73:33,143,0,4020,LIED10CTRL/LLN0$Status,0.001384783999998973,0.0,1.0,1,620.3333333333334,1546.0,1865.3333333333333,309.1666666666667,DoS
ipcas_21:73:33,143,0,4021,LIED10CTRL/LLN0$Status,0.0010952589999995155,0.0,1.0,1,620.3333333333334,1546.0,1865.3333333333333,309.1666666666667,DoS
ipcas_21:73:33,143,0,4022,LIED10CTRL/LLN0$Status,0.0014111190000001272,0.0,1.0,1,620.3333333333334,1546.0,1865.3333333333333,309.1666666666667,DoS
ipcas_21:73:33,143,0,4023,LIED10CTRL/LLN0$Status,0.002340023999998664,0.0,1.0,1,620.3333333333334,1546.0,1865.3333333333333,309.1666666666667,DoS
ipcas_21:73:33,143,0,4024,LIED10CTRL/LLN0$Status,0.0012672620000024892,0.0,1.0,1,620.3333333333334,1546.0,1865.3333333333333,309.1666666666667,DoS
ipcas_21:73:33,143,0,4025,LIED10CTRL/LLN0$Status,0.0012607229999979097,0.0,1.0,1,620.3333333333334,1546.0,1865.3333333333333,309.1666666666667,DoS
ipcas_21:73:33,143,0,4026,LIED10CTRL/LLN0$Status,0.0012337460000004796,0.0,1.0,1,620.3333333333334,1546.0,1865.3333333333333,309.1666666666667,DoS
ipcas_21:73:33,143,0,4027,LIED10CTRL/LLN0$Status,0.0014814069999999901,0.0,1.0,1,620.3333333333334,1546.0,1865.3333333333333,309.1666666666667,DoS
ipcas_21:73:33,143,0,4028,LIED10CTRL/LLN0$Status,0.0025198989999992705,0.0,1.0,1,620.3333333333334,1546.0,1865.3333333333333,309.1666666666667,DoS
ipcas_21:73:33,143,0,4029,LIED10CTRL/LLN0$Status,0.0023050230000016825,0.0,1.0,1,620.3333333333334,1546.0,1865.3333333333333,309.1666666666667,DoS
ipcas_21:73:33,143,0,4030,LIED10CTRL/LLN0$Status,0.0013214230000002658,0.0,1.0,1,620.3333333333334,1546.0,1865.3333333333333,309.1666666666667,DoS
ipcas_21:73:33,143,0,4031,LIED10CTRL/LLN0$Status,0.002504021000000023,0.0,1.0,1,620.3333333333334,1546.0,1865.3333333333333,309.1666666666667,DoS
ipcas_21:73:33,143,0,4032,LIED10CTRL/LLN0$Status,0.0025332650000002843,0.0,1.0,1,620.3333333333334,1546.0,1865.3333333333333,309.1666666666667,DoS
ipcas_21:73:33,143,0,4033,LIED10CTRL/LLN0$Status,0.002600023999999479,0.0,1.0,1,620.3333333333334,1546.0,1865.3333333333333,309.1666666666667,DoS
ipcas_21:73:33,143,0,4034,LIED10CTRL/LLN0$Status,0.002304076999998017,0.0,1.0,1,620.3333333333334,1546.0,1865.3333333333333,309.1666666666667,DoS
ipcas_21:73:33,143,0,4035,LIED10CTRL/LLN0$Status,0.0013426190000025429,0.0,1.0,1,620.3333333333334,1546.0,1865.3333333333333,309.1666666666667,DoS
ipcas_21:73:33,143,0,4036,LIED10CTRL/LLN0$Status,0.0011497649999974158,0.0,1.0,1,620.3333333333334,1546.0,1865.3333333333333,309.1666666666667,DoS
ipcas_21:73:33,143,0,4037,LIED10CTRL/LLN0$Status,0.0012517200000026207,0.0,1.0,1,620.3333333333334,1546.0,1865.3333333333333,309.1666666666667,DoS
ipcas_21:73:33,143,0,4038,LIED10CTRL/LLN0$Status,0.0013232789999975125,0.0,1.0,1,620.3333333333334,1546.0,1865.3333333333333,309.1666666666667,DoS
ipcas_21:73:33,143,0,4039,LIED10CTRL/LLN0$Status,0.0012118829999998582,0.0,1.0,1,620.3333333333334,1546.0,1865.3333333333333,309.1666666666667,DoS
ipcas_21:73:33,143,0,4040,LIED10CTRL/LLN0$Status,0.0028048040000001606,0.0,1.0,1,620.3333333333334,1546.0,1865.3333333333333,309.1666666666667,DoS
ipcas_21:73:33,143,0,4041,LIED10CTRL/LLN0$Status,0.0021890679999998497,0.0,1.0,1,620.3333333333334,1546.0,1865.3333333333333,309.1666666666667,DoS
ipcas_21:73:33,143,0,4042,LIED10CTRL/LLN0$Status,0.0026572209999997654,0.0,1.0,1,620.3333333333334,1546.0,1865.3333333333333,309.1666666666667,DoS
ipcas_21:73:33,143,0,4043,LIED10CTRL/LLN0$Status,0.0023774500000008914,0.0,1.0,1,620.3333333333334,1546.0,1865.3333333333333,309.1666666666667,DoS
ipcas_21:73:33,143,0,4044,LIED10CTRL/LLN0$Status,0.002477463000001734,0.0,1.0,1,620.3333333333334,1546.0,1865.3333333333333,309.1666666666667,DoS
ipcas_21:73:33,143,0,4045,LIED10CTRL/LLN0$Status,0.0016696090000003494,0.0,1.0,1,620.3333333333334,1546.0,1865.3333333333333,309.1666666666667,DoS
ipcas_21:73:33,143,0,4046,LIED10CTRL/LLN0$Status,0.0010870409999981234,0.0,1.0,1,620.3333333333334,1546.0,1865.3333333333333,309.1666666666667,DoS
ipcas_21:73:33,143,0,4047,LIED10CTRL/LLN0$Status,0.0009935869999999625,0.0,1.0,1,620.3333333333334,1546.0,1865.3333333333333,309.1666666666667,DoS
ipcas_21:73:33,143,0,4048,LIED10CTRL/LLN0$Status,0.0014909080000009567,0.0,1.0,1,620.3333333333334,1546.0,1865.3333333333333,309.1666666666667,DoS
ipcas_21:73:33,143,0,4049,LIED10CTRL/LLN0$Status,0.002209038000000163,0.0,1.0,1,620.3333333333334,1546.0,1865.3333333333333,309.1666666666667,DoS
ipcas_21:73:33,143,0,4050,LIED10CTRL/LLN0$Status,0.0013205779999978517,0.0,1.0,1,620.3333333333334,1546.0,1865.3333333333333,309.1666666666667,DoS
ipcas_21:73:33,143,0,4051,LIED10CTRL/LLN0$Status,0.002480206000001317,0.0,1.0,1,620.3333333333334,1546.0,1865.3333333333333,309.1666666666667,DoS
ipcas_21:73:33,143,0,4052,LIED10CTRL/LLN0$Status,0.0012001179999998612,0.0,1.0,1,620.3333333333334,1546.0,1865.3333333333333,309.1666666666667,DoS
ipcas_21:73:33,143,0,4053,LIED10CTRL/LLN0$Status,0.001391627000000284,0.0,1.0,1,620.3333333333334,1546.0,1865.3333333333333,309.1666666666667,DoS
ipcas_21:73:33,143,0,4054,LIED10CTRL/LLN0$Status,0.0024288450000007344,0.0,1.0,1,620.3333333333334,1546.0,1865.3333333333333,309.1666666666667,DoS
ipcas_21:73:33,143,0,4055,LIED10CTRL/LLN0$Status,0.0012313910000010253,0.0,1.0,1,620.3333333333334,1546.0,1865.3333333333333,309.1666666666667,DoS
ipcas_21:73:33,143,0,4056,LIED10CTRL/LLN0$Status,0.001248913999997825,0.0,1.0,1,620.3333333333334,1546.0,1865.3333333333333,309.1666666666667,DoS
ipcas_21:73:33,143,0,4057,LIED10CTRL/LLN0$Status,0.0012040350000006583,0.0,1.0,1,620.3333333333334,1546.0,1865.3333333333333,309.1666666666667,DoS
ipcas_21:73:33,143,0,4058,LIED10CTRL/LLN0$Status,0.0016406750000008685,0.0,1.0,1,620.3333333333334,1546.0,1865.3333333333333,309.1666666666667,DoS
ipcas_21:73:33,143,0,4059,LIED10CTRL/LLN0$Status,0.002171432999997336,0.0,1.0,1,620.3333333333334,1546.0,1865.3333333333333,309.1666666666667,DoS
ipcas_21:73:33,143,0,4060,LIED10CTRL/LLN0$Status,0.0011899620000015432,0.0,1.0,1,620.3333333333334,1546.0,1865.3333333333333,309.1666666666667,DoS
ipcas_21:73:33,143,0,4061,LIED10CTRL/LLN0$Status,0.0011931479999987005,0.0,1.0,1,620.3333333333334,1546.0,1865.3333333333333,309.1666666666667,DoS
ipcas_21:73:33,143,0,4062,LIED10CTRL/LLN0$Status,0.001306546000002129,0.0,1.0,1,620.3333333333334,1546.0,1865.3333333333333,309.1666666666667,DoS
ipcas_21:73:33,143,0,4063,LIED10CTRL/LLN0$Status,0.0014069009999992943,0.0,1.0,1,620.3333333333334,1546.0,1865.3333333333333,309.1666666666667,DoS
ipcas_21:73:33,143,0,4064,LIED10CTRL/LLN0$Status,0.0024075369999998486,0.0,1.0,1,620.3333333333334,1546.0,1865.3333333333333,309.1666666666667,DoS
ipcas_21:73:33,143,0,4065,LIED10CTRL/LLN0$Status,0.0012384499999988918,0.0,1.0,1,620.3333333333334,1546.0,1865.3333333333333,309.1666666666667,DoS
ipcas_21:73:33,143,0,4066,LIED10CTRL/LLN0$Status,0.0012486610000017606,0.0,1.0,1,620.3333333333334,1546.0,1865.3333333333333,309.1666666666667,DoS
ipcas_21:73:33,143,0,4067,LIED10CTRL/LLN0$Status,0.002496457999999535,0.0,1.0,1,620.3333333333334,1546.0,1865.3333333333333,309.1666666666667,DoS
ipcas_21:73:33,143,0,4068,LIED10CTRL/LLN0$Status,0.0024222700000002817,0.0,1.0,1,620.3333333333334,1546.0,1865.3333333333333,309.1666666666667,DoS
ipcas_21:73:33,143,0,4069,LIED10CTRL/LLN0$Status,0.0014866070000003617,0.0,1.0,1,620.3333333333334,1546.0,1865.3333333333333,309.1666666666667,DoS
ipcas_21:73:33,143,0,4070,LIED10CTRL/LLN0$Status,0.0022839260000004913,0.0,1.0,1,620.3333333333334,1546.0,1865.3333333333333,309.1666666666667,DoS
ipcas_21:73:33,143,0,4071,LIED10CTRL/LLN0$Status,0.0012833879999973874,0.0,1.0,1,620.3333333333334,1546.0,1865.3333333333333,309.1666666666667,DoS
ipcas_21:73:33,143,0,4072,LIED10CTRL/LLN0$Status,0.0015636070000013547,0.0,1.0,1,620.3333333333334,1546.0,1865.3333333333333,309.1666666666667,DoS
ipcas_21:73:33,143,0,4073,LIED10CTRL/LLN0$Status,0.002100934000001331,0.0,1.0,1,620.3333333333334,1546.0,1865.3333333333333,309.1666666666667,DoS
ipcas_21:73:33,143,0,4074,LIED10CTRL/LLN0$Status,0.0012815889999977514,0.0,1.0,1,620.3333333333334,1546.0,1865.3333333333333,309.1666666666667,DoS
ipcas_21:73:33,143,0,4075,LIED10CTRL/LLN0$Status,0.0012313620000021785,0.0,1.0,1,620.3333333333334,1546.0,1865.3333333333333,309.1666666666667,DoS
ipcas_21:73:33,143,0,4076,LIED10CTRL/LLN0$Status,0.0012872040000004858,0.0,1.0,1,620.3333333333334,1546.0,1865.3333333333333,309.1666666666667,DoS
ipcas_21:73:33,143,0,4077,LIED10CTRL/LLN0$Status,0.0013464139999967983,0.0,1.0,1,620.3333333333334,1546.0,1865.3333333333333,309.1666666666667,DoS
ipcas_21:73:33,143,0,4078,LIED10CTRL/LLN0$Status,0.00244275000000016,0.0,1.0,1,620.3333333333334,1546.0,1865.3333333333333,309.1666666666667,DoS
ipcas_21:73:33,143,0,4079,LIED10CTRL/LLN0$Status,0.002444454000002594,0.0,1.0,1,620.3333333333334,1546.0,1865.3333333333333,309.1666666666667,DoS
ipcas_21:73:33,143,0,4080,LIED10CTRL/LLN0$Status,0.0012118369999996048,0.0,1.0,1,620.3333333333334,1546.0,1865.3333333333333,309.1666666666667,DoS
ipcas_21:73:33,143,0,4081,LIED10CTRL/LLN0$Status,0.001199225000000581,0.0,1.0,1,620.3333333333334,1546.0,1865.3333333333333,309.1666666666667,DoS
ipcas_21:73:33,143,0,4082,LIED10CTRL/LLN0$Status,0.0013526459999972928,0.0,1.0,1,620.3333333333334,1546.0,1865.3333333333333,309.1666666666667,DoS
ipcas_21:73:33,143,0,4083,LIED10CTRL/LLN0$Status,0.0024561730000023374,0.0,1.0,1,620.3333333333334,1546.0,1865.3333333333333,309.1666666666667,DoS
ipcas_21:73:33,143,0,4084,LIED10CTRL/LLN0$Status,0.0012634059999996339,0.0,1.0,1,620.3333333333334,1546.0,1865.3333333333333,309.1666666666667,DoS
ipcas_21:73:33,143,0,4085,LIED10CTRL/LLN0$Status,0.002516069999998649,0.0,1.0,1,620.3333333333334,1546.0,1865.3333333333333,309.1666666666667,DoS
ipcas_21:73:33,143,0,4086,LIED10CTRL/LLN0$Status,0.001276395000001429,0.0,1.0,1,620.3333333333334,1546.0,1865.3333333333333,309.1666666666667,DoS
ipcas_21:73:33,143,0,4087,LIED10CTRL/LLN0$Status,0.0024396889999991345,0.0,1.0,1,620.3333333333334,1546.0,1865.3333333333333,309.1666666666667,DoS
ipcas_21:73:33,143,0,4088,LIED10CTRL/LLN0$Status,0.0012588939999993443,0.0,1.0,1,620.3333333333334,1546.0,1865.3333333333333,309.1666666666667,DoS
ipcas_21:73:33,143,0,4089,LIED10CTRL/LLN0$Status,0.0012814409999997167,0.0,1.0,1,620.3333333333334,1546.0,1865.3333333333333,309.1666666666667,DoS
ipcas_21:73:33,143,0,4090,LIED10CTRL/LLN0$Status,0.001350687000002182,0.0,1.0,1,620.3333333333334,1546.0,1865.3333333333333,309.1666666666667,DoS
ipcas_21:73:33,143,0,4091,LIED10CTRL/LLN0$Status,0.0024354219999978,0.0,1.0,1,620.3333333333334,1546.0,1865.3333333333333,309.1666666666667,DoS
ipcas_21:73:33,143,0,4092,LIED10CTRL/LLN0$Status,0.0011984799999993356,0.0,1.0,1,620.3333333333334,1546.0,1865.3333333333333,309.1666666666667,DoS
ipcas_21:73:33,143,0,4093,LIED10CTRL/LLN0$Status,0.0013174080000020183,0.0,1.0,1,620.3333333333334,1546.0,1865.3333333333333,309.1666666666667,DoS
ipcas_21:73:33,143,0,4094,LIED10CTRL/LLN0$Status,0.0012323310000006416,0.0,1.0,1,620.3333333333334,1546.0,1865.3333333333333,309.1666666666667,DoS
ipcas_21:73:33,143,0,4095,LIED10CTRL/LLN0$Status,0.001223067999998051,0.0,1.0,1,620.3333333333334,1546.0,1865.3333333333333,309.1666666666667,DoS
ipcas_21:73:33,143,0,4096,LIED10CTRL/LLN0$Status,0.0025498240000025874,0.0,1.0,1,620.3333333333334,1546.0,1865.3333333333333,309.1666666666667,DoS
ipcas_21:73:33,143,0,4097,LIED10CTRL/LLN0$Status,0.002372857999997535,0.0,1.0,1,620.3333333333334,1546.0,1865.3333333333333,309.1666666666667,DoS
ipcas_21:73:33,143,0,4098,LIED10CTRL/LLN0$Status,0.0012657870000012394,0.0,1.0,1,620.3333333333334,1546.0,1865.3333333333333,309.1666666666667,DoS
ipcas_21:73:33,143,0,4099,LIED10CTRL/LLN0$Status,0.0012287509999993063,0.0,1.0,1,620.3333333333334,1546.0,1865.3333333333333,309.1666666666667,DoS
ipcas_21:73:33,143,0,4100,LIED10CTRL/LLN0$Status,0.002503783000001647,0.0,1.0,1,620.3333333333334,1546.0,1865.3333333333333,309.1666666666667,DoS
ipcas_21:73:33,143,0,4101,LIED10CTRL/LLN0$Status,0.002659250999997198,0.0,1.0,1,620.3333333333334,1546.0,1865.3333333333333,309.1666666666667,DoS
ipcas_21:73:33,143,0,4102,LIED10CTRL/LLN0$Status,0.003198334000000358,0.0,1.0,1,620.3333333333334,1546.0,1865.3333333333333,309.1666666666667,DoS
ipcas_21:73:33,143,0,4103,LIED10CTRL/LLN0$Status,0.0009540120000011143,0.0,1.0,1,620.3333333333334,1546.0,1865.3333333333333,309.1666666666667,DoS
ipcas_21:73:33,143,0,4104,LIED10CTRL/LLN0$Status,0.0026588690000011184,0.0,1.0,1,620.3333333333334,1546.0,1865.3333333333333,309.1666666666667,DoS
ipcas_21:73:33,143,0,4105,LIED10CTRL/LLN0$Status,0.0017815480000002992,0.0,1.0,1,620.3333333333334,1546.0,1865.3333333333333,309.1666666666667,DoS
ipcas_21:73:33,143,0,4106,LIED10CTRL/LLN0$Status,0.0013360749999975496,0.0,1.0,1,620.3333333333334,1546.0,1865.3333333333333,309.1666666666667,DoS
ipcas_21:73:33,143,0,4107,LIED10CTRL/LLN0$Status,0.002576233000002759,0.0,1.0,1,620.3333333333334,1546.0,1865.3333333333333,309.1666666666667,DoS
ipcas_21:73:33,143,0,4108,LIED10CTRL/LLN0$Status,0.001148166999996647,0.0,1.0,1,620.3333333333334,1546.0,1865.3333333333333,309.1666666666667,DoS
ipcas_21:73:33,143,0,4109,LIED10CTRL/LLN0$Status,0.002447458000002456,0.0,1.0,1,620.3333333333334,1546.0,1865.3333333333333,309.1666666666667,DoS
ipcas_21:73:33,143,0,4110,LIED10CTRL/LLN0$Status,0.0013210020000009592,0.0,1.0,1,620.3333333333334,1546.0,1865.3333333333333,309.1666666666667,DoS
ipcas_21:73:33,143,0,4111,LIED10CTRL/LLN0$Status,0.0025023699999984217,0.0,1.0,1,620.3333333333334,1546.0,1865.3333333333333,309.1666666666667,DoS
ipcas_21:73:33,143,0,4112,LIED10CTRL/LLN0$Status,0.0024329439999988267,0.0,1.0,1,620.3333333333334,1546.0,1865.3333333333333,309.1666666666667,DoS
ipcas_21:73:33,143,0,4113,LIED10CTRL/LLN0$Status,0.001377842000000129,0.0,1.0,1,620.3333333333334,1546.0,1865.3333333333333,309.1666666666667,DoS
ipcas_21:73:33,143,0,4114,LIED10CTRL/LLN0$Status,0.0011027100000013945,0.0,1.0,1,620.3333333333334,1546.0,1865.3333333333333,309.1666666666667,DoS
ipcas_21:73:33,143,0,4115,LIED10CTRL/LLN0$Status,0.0012253229999998894,0.0,1.0,1,620.3333333333334,1546.0,1865.3333333333333,309.1666666666667,DoS
ipcas_21:73:33,143,0,4116,LIED10CTRL/LLN0$Status,0.0012877730000013798,0.0,1.0,1,620.3333333333334,1546.0,1865.3333333333333,309.1666666666667,DoS
ipcas_21:73:33,143,0,4117,LIED10CTRL/LLN0$Status,0.0012672969999982797,0.0,1.0,1,620.3333333333334,1546.0,1865.3333333333333,309.1666666666667,DoS
ipcas_21:73:33,143,0,4118,LIED10CTRL/LLN0$Status,0.0012378909999988252,0.0,1.0,1,620.3333333333334,1546.0,1865.3333333333333,309.1666666666667,DoS
ipcas_21:73:33,143,0,4119,LIED10CTRL/LLN0$Status,0.0011989539999994747,0.0,1.0,1,620.3333333333334,1546.0,1865.3333333333333,309.1666666666667,DoS
ipcas_21:73:33,143,0,4120,LIED10CTRL/LLN0$Status,0.0012460970000027771,0.0,1.0,1,620.3333333333334,1546.0,1865.3333333333333,309.1666666666667,DoS
ipcas_21:73:33,143,0,4121,LIED10CTRL/LLN0$Status,0.0012465159999983655,0.0,1.0,1,620.3333333333334,1546.0,1865.3333333333333,309.1666666666667,DoS
ipcas_21:73:33,143,0,4122,LIED10CTRL/LLN0$Status,0.0012508880000012823,0.0,1.0,1,620.3333333333334,1546.0,1865.3333333333333,309.1666666666667,DoS
ipcas_21:73:33,143,0,4123,LIED10CTRL/LLN0$Status,0.0012653890000002832,0.0,1.0,1,620.3333333333334,1546.0,1865.3333333333333,309.1666666666667,DoS
ipcas_21:73:33,143,0,4124,LIED10CTRL/LLN0$Status,0.0012418719999978123,0.0,1.0,1,620.3333333333334,1546.0,1865.3333333333333,309.1666666666667,DoS
ipcas_21:73:33,143,0,4125,LIED10CTRL/LLN0$Status,0.0012280709999998862,0.0,1.0,1,620.3333333333334,1546.0,1865.3333333333333,309.1666666666667,DoS
ipcas_21:73:33,143,0,4126,LIED10CTRL/LLN0$Status,0.0012711870000003955,0.0,1.0,1,620.3333333333334,1546.0,1865.3333333333333,309.1666666666667,DoS
ipcas_21:73:33,143,0,4127,LIED10CTRL/LLN0$Status,0.0012466720000006148,0.0,1.0,1,620.3333333333334,1546.0,1865.3333333333333,309.1666666666667,DoS
ipcas_21:73:33,143,0,4128,LIED10CTRL/LLN0$Status,0.0013116139999986842,0.0,1.0,1,620.3333333333334,1546.0,1865.3333333333333,309.1666666666667,DoS
ipcas_21:73:33,143,0,4129,LIED10CTRL/LLN0$Status,0.0011872080000010499,0.0,1.0,1,620.3333333333334,1546.0,1865.3333333333333,309.1666666666667,DoS
ipcas_21:73:33,143,0,4130,LIED10CTRL/LLN0$Status,0.0012843860000018026,0.0,1.0,1,620.3333333333334,1546.0,1865.3333333333333,309.1666666666667,DoS
ipcas_21:73:33,143,0,4131,LIED10CTRL/LLN0$Status,0.0012483619999983375,0.0,1.0,1,620.3333333333334,1546.0,1865.3333333333333,309.1666666666667,DoS
ipcas_21:73:33,143,0,4132,LIED10CTRL/LLN0$Status,0.0013330750000015712,0.0,1.0,1,620.3333333333334,1546.0,1865.3333333333333,309.1666666666667,DoS
ipcas_21:73:33,143,0,4133,LIED10CTRL/LLN0$Status,0.0011504719999990698,0.0,1.0,1,620.3333333333334,1546.0,1865.3333333333333,309.1666666666667,DoS
ipcas_21:73:33,143,0,4134,LIED10CTRL/LLN0$Status,0.0014252970000008247,0.0,1.0,1,620.3333333333334,1546.0,1865.3333333333333,309.1666666666667,DoS
ipcas_21:73:33,143,0,4135,LIED10CTRL/LLN0$Status,0.0010933969999982196,0.0,1.0,1,620.3333333333334,1546.0,1865.3333333333333,309.1666666666667,DoS
ipcas_21:73:33,143,0,4136,LIED10CTRL/LLN0$Status,0.0012602610000023162,0.0,1.0,1,620.3333333333334,1546.0,1865.3333333333333,309.1666666666667,DoS
ipcas_21:73:33,143,0,4137,LIED10CTRL/LLN0$Status,0.0013721399999973016,0.0,1.0,1,620.3333333333334,1546.0,1865.3333333333333,309.1666666666667,DoS
ipcas_21:73:33,143,0,4138,LIED10CTRL/LLN0$Status,0.0013509070000026213,0.0,1.0,1,620.3333333333334,1546.0,1865.3333333333333,309.1666666666667,DoS
ipcas_21:73:33,143,0,4139,LIED10CTRL/LLN0$Status,0.0011542829999982018,0.0,1.0,1,620.3333333333334,1546.0,1865.3333333333333,309.1666666666667,DoS
ipcas_21:73:33,143,0,4140,LIED10CTRL/LLN0$Status,0.0012280380000007085,0.0,1.0,1,620.3333333333334,1546.0,1865.3333333333333,309.1666666666667,DoS
ipcas_21:73:33,143,0,4141,LIED10CTRL/LLN0$Status,0.0011728729999980203,0.0,1.0,1,620.3333333333334,1546.0,1865.3333333333333,309.1666666666667,DoS
ipcas_21:73:33,143,0,4142,LIED10CTRL/LLN0$Status,0.00131617200000278,0.0,1.0,1,620.3333333333334,1546.0,1865.3333333333333,309.1666666666667,DoS
ipcas_21:73:33,143,0,4143,LIED10CTRL/LLN0$Status,0.00124380599999796,0.0,1.0,1,620.3333333333334,1546.0,1865.3333333333333,309.1666666666667,DoS
ipcas_21:73:33,143,0,4144,LIED10CTRL/LLN0$Status,0.0012433119999997189,0.0,1.0,1,620.3333333333334,1546.0,1865.3333333333333,309.1666666666667,DoS
ipcas_21:73:33,143,0,4145,LIED10CTRL/LLN0$Status,0.0024350910000023873,0.0,1.0,1,620.3333333333334,1546.0,1865.3333333333333,309.1666666666667,DoS
ipcas_21:73:33,143,0,4146,LIED10CTRL/LLN0$Status,0.0013018679999987626,0.0,1.0,1,620.3333333333334,1546.0,1865.3333333333333,309.1666666666667,DoS
ipcas_21:73:33,143,0,4147,LIED10CTRL/LLN0$Status,0.0012960209999981487,0.0,1.0,1,620.3333333333334,1546.0,1865.3333333333333,309.1666666666667,DoS
ipcas_21:73:33,143,0,4148,LIED10CTRL/LLN0$Status,0.0012182720000026848,0.0,1.0,1,620.3333333333334,1546.0,1865.3333333333333,309.1666666666667,DoS
ipcas_21:73:33,143,0,4149,LIED10CTRL/LLN0$Status,0.0012311959999991018,0.0,1.0,1,620.3333333333334,1546.0,1865.3333333333333,309.1666666666667,DoS
ipcas_21:73:33,143,0,4150,LIED10CTRL/LLN0$Status,0.0012191590000014685,0.0,1.0,1,620.3333333333334,1546.0,1865.3333333333333,309.1666666666667,DoS
ipcas_21:73:33,143,0,4151,LIED10CTRL/LLN0$Status,0.0012274779999970065,0.0,1.0,1,620.3333333333334,1546.0,1865.3333333333333,309.1666666666667,DoS
ipcas_21:73:33,143,0,4152,LIED10CTRL/LLN0$Status,0.0013441620000023136,0.0,1.0,1,620.3333333333334,1546.0,1865.3333333333333,309.1666666666667,DoS
ipcas_21:73:33,143,0,4153,LIED10CTRL/LLN0$Status,0.0024976109999990115,0.0,1.0,1,620.3333333333334,1546.0,1865.3333333333333,309.1666666666667,DoS
ipcas_21:73:33,143,0,4154,LIED10CTRL/LLN0$Status,0.002423960000001557,0.0,1.0,1,620.3333333333334,1546.0,1865.3333333333333,309.1666666666667,DoS
ipcas_21:73:33,143,0,4155,LIED10CTRL/LLN0$Status,0.0025113119999993216,0.0,1.0,1,620.3333333333334,1546.0,1865.3333333333333,309.1666666666667,DoS
ipcas_21:73:33,143,0,4156,LIED10CTRL/LLN0$Status,0.0013486550000010311,0.0,1.0,1,620.3333333333334,1546.0,1865.3333333333333,309.1666666666667,DoS
ipcas_21:73:33,143,0,4157,LIED10CTRL/LLN0$Status,0.0013495269999985737,0.0,1.0,1,620.3333333333334,1546.0,1865.3333333333333,309.1666666666667,DoS
ipcas_21:73:33,143,0,4158,LIED10CTRL/LLN0$Status,0.0027439859999986993,0.0,1.0,1,620.3333333333334,1546.0,1865.3333333333333,309.1666666666667,DoS
ipcas_21:73:33,143,0,4159,LIED10CTRL/LLN0$Status,0.002408001999999243,0.0,1.0,1,620.3333333333334,1546.0,1865.3333333333333,309.1666666666667,DoS
ipcas_21:73:33,143,0,4160,LIED10CTRL/LLN0$Status,0.002742345000001478,0.0,1.0,1,620.3333333333334,1546.0,1865.3333333333333,309.1666666666667,DoS
ipcas_21:73:33,143,0,4161,LIED10CTRL/LLN0$Status,0.001962118000001567,0.0,1.0,1,620.3333333333334,1546.0,1865.3333333333333,309.1666666666667,DoS
ipcas_21:73:33,143,0,4162,LIED10CTRL/LLN0$Status,0.001194114000000468,0.0,1.0,1,620.3333333333334,1546.0,1865.3333333333333,309.1666666666667,DoS
ipcas_21:73:33,143,0,4163,LIED10CTRL/LLN0$Status,0.001342386999997558,0.0,1.0,1,620.3333333333334,1546.0,1865.3333333333333,309.1666666666667,DoS
ipcas_21:73:33,143,0,4164,LIED10CTRL/LLN0$Status,0.0016414390000001333,0.0,1.0,1,620.3333333333334,1546.0,1865.3333333333333,309.1666666666667,DoS
ipcas_21:73:33,143,0,4165,LIED10CTRL/LLN0$Status,0.0020509050000008244,0.0,1.0,1,620.3333333333334,1546.0,1865.3333333333333,309.1666666666667,DoS
ipcas_21:73:33,143,0,4166,LIED10CTRL/LLN0$Status,0.0013322980000012308,0.0,1.0,1,620.3333333333334,1546.0,1865.3333333333333,309.1666666666667,DoS
ipcas_21:73:33,143,0,4167,LIED10CTRL/LLN0$Status,0.002445371999996837,0.0,1.0,1,620.3333333333334,1546.0,1865.3333333333333,309.1666666666667,DoS
ipcas_21:73:33,143,0,4168,LIED10CTRL/LLN0$Status,0.0025403670000017087,0.0,1.0,1,620.3333333333334,1546.0,1865.3333333333333,309.1666666666667,DoS
ipcas_21:73:33,143,0,4169,LIED10CTRL/LLN0$Status,0.002757759000001414,0.0,1.0,1,620.3333333333334,1546.0,1865.3333333333333,309.1666666666667,DoS
ipcas_21:73:33,143,0,4170,LIED10CTRL/LLN0$Status,0.002195845999999335,0.0,1.0,1,620.3333333333334,1546.0,1865.3333333333333,309.1666666666667,DoS
ipcas_21:73:33,143,0,4171,LIED10CTRL/LLN0$Status,0.0012601029999999014,0.0,1.0,1,620.3333333333334,1546.0,1865.3333333333333,309.1666666666667,DoS
ipcas_21:73:33,143,0,4172,LIED10CTRL/LLN0$Status,0.0011086759999976437,0.0,1.0,1,620.3333333333334,1546.0,1865.3333333333333,309.1666666666667,DoS
ipcas_21:73:33,143,0,4173,LIED10CTRL/LLN0$Status,0.0014929720000012026,0.0,1.0,1,620.3333333333334,1546.0,1865.3333333333333,309.1666666666667,DoS
ipcas_21:73:33,143,0,4174,LIED10CTRL/LLN0$Status,0.002389018999998882,0.0,1.0,1,620.3333333333334,1546.0,1865.3333333333333,309.1666666666667,DoS
ipcas_21:73:33,143,0,4175,LIED10CTRL/LLN0$Status,0.0018075180000032276,0.0,1.0,1,620.3333333333334,1546.0,1865.3333333333333,309.1666666666667,DoS
ipcas_21:73:33,143,0,4176,LIED10CTRL/LLN0$Status,0.0038368339999976797,0.0,1.0,1,620.3333333333334,1546.0,1865.3333333333333,309.1666666666667,DoS
ipcas_21:73:33,143,0,4177,LIED10CTRL/LLN0$Status,0.0009136580000017602,0.0,1.0,1,620.3333333333334,1546.0,1865.3333333333333,309.1666666666667,DoS
ipcas_21:73:33,143,0,4178,LIED10CTRL/LLN0$Status,0.0022868319999993503,0.0,1.0,1,620.3333333333334,1546.0,1865.3333333333333,309.1666666666667,DoS
ipcas_21:73:33,143,0,4179,LIED10CTRL/LLN0$Status,0.0024253969999996627,0.0,1.0,1,620.3333333333334,1546.0,1865.3333333333333,309.1666666666667,DoS
ipcas_21:73:33,143,0,4180,LIED10CTRL/LLN0$Status,0.0025458239999984755,0.0,1.0,1,620.3333333333334,1546.0,1865.3333333333333,309.1666666666667,DoS
ipcas_21:73:33,143,0,4181,LIED10CTRL/LLN0$Status,0.0011011500000002172,0.0,1.0,1,620.3333333333334,1546.0,1865.3333333333333,309.1666666666667,DoS
ipcas_21:73:33,143,0,4182,LIED10CTRL/LLN0$Status,0.0012224610000011182,0.0,1.0,1,620.3333333333334,1546.0,1865.3333333333333,309.1666666666667,DoS
ipcas_21:73:33,143,0,4183,LIED10CTRL/LLN0$Status,0.001381277000000125,0.0,1.0,1,620.3333333333334,1546.0,1865.3333333333333,309.1666666666667,DoS
ipcas_21:73:33,143,0,4184,LIED10CTRL/LLN0$Status,0.002283184999999577,0.0,1.0,1,620.3333333333334,1546.0,1865.3333333333333,309.1666666666667,DoS
ipcas_21:73:33,143,0,4185,LIED10CTRL/LLN0$Status,0.0014595459999995342,0.0,1.0,1,620.3333333333334,1546.0,1865.3333333333333,309.1666666666667,DoS
ipcas_21:73:33,143,0,4186,LIED10CTRL/LLN0$Status,0.0010435900000018705,0.0,1.0,1,620.3333333333334,1546.0,1865.3333333333333,309.1666666666667,DoS
ipcas_21:73:33,143,0,4187,LIED10CTRL/LLN0$Status,0.0025289629999996066,0.0,1.0,1,620.3333333333334,1546.0,1865.3333333333333,309.1666666666667,DoS
ipcas_21:73:33,143,0,4188,LIED10CTRL/LLN0$Status,0.0009976069999986237,0.0,1.0,1,620.3333333333334,1546.0,1865.3333333333333,309.1666666666667,DoS
ipcas_21:73:33,143,0,4189,LIED10CTRL/LLN0$Status,0.001968818000001704,0.0,1.0,1,620.3333333333334,1546.0,1865.3333333333333,309.1666666666667,DoS
ipcas_21:73:33,143,0,4190,LIED10CTRL/LLN0$Status,0.002525264999999166,0.0,1.0,1,620.3333333333334,1546.0,1865.3333333333333,309.1666666666667,DoS
ipcas_21:73:33,143,0,4191,LIED10CTRL/LLN0$Status,0.002121811999998613,0.0,1.0,1,620.3333333333334,1546.0,1865.3333333333333,309.1666666666667,DoS
ipcas_21:73:33,143,0,4192,LIED10CTRL/LLN0$Status,0.0034637130000021443,0.0,1.0,1,620.3333333333334,1546.0,1865.3333333333333,309.1666666666667,DoS
ipcas_21:73:33,143,0,4193,LIED10CTRL/LLN0$Status,0.004697340999999966,0.0,1.0,1,620.3333333333334,1546.0,1865.3333333333333,309.1666666666667,DoS
ipcas_21:73:33,143,0,4194,LIED10CTRL/LLN0$Status,0.0019683239999999103,0.0,1.0,1,620.3333333333334,1546.0,1865.3333333333333,309.1666666666667,DoS
ipcas_21:73:33,143,0,4195,LIED10CTRL/LLN0$Status,0.0024369009999993807,0.0,1.0,1,620.3333333333334,1546.0,1865.3333333333333,309.1666666666667,DoS
ipcas_21:73:33,143,0,4196,LIED10CTRL/LLN0$Status,0.0013298120000015956,0.0,1.0,1,620.3333333333334,1546.0,1865.3333333333333,309.1666666666667,DoS
ipcas_21:73:33,143,0,4197,LIED10CTRL/LLN0$Status,0.0012015139999981272,0.0,1.0,1,620.3333333333334,1546.0,1865.3333333333333,309.1666666666667,DoS
ipcas_21:73:33,143,0,4198,LIED10CTRL/LLN0$Status,0.002263136999999915,0.0,1.0,1,620.3333333333334,1546.0,1865.3333333333333,309.1666666666667,DoS
ipcas_21:73:33,143,0,4199,LIED10CTRL/LLN0$Status,0.0025289350000008426,0.0,1.0,1,620.3333333333334,1546.0,1865.3333333333333,309.1666666666667,DoS
ipcas_21:73:33,143,0,4200,LIED10CTRL/LLN0$Status,0.0012190809999985674,0.0,1.0,1,620.3333333333334,1546.0,1865.3333333333333,309.1666666666667,DoS
ipcas_21:73:33,143,0,4201,LIED10CTRL/LLN0$Status,0.0019592629999998223,0.0,1.0,1,620.3333333333334,1546.0,1865.3333333333333,309.1666666666667,DoS
ipcas_21:73:33,143,0,4202,LIED10CTRL/LLN0$Status,5.084500000052117e-05,0.0,1.0,1,620.3333333333334,1546.0,1865.3333333333333,309.1666666666667,DoS
ipcas_21:73:33,143,0,4203,LIED10CTRL/LLN0$Status,0.002635898000001191,0.0,1.0,1,620.3333333333334,1546.0,1865.3333333333333,309.1666666666667,DoS
ipcas_21:73:33,143,0,4204,LIED10CTRL/LLN0$Status,0.0022429909999992503,0.0,1.0,1,620.3333333333334,1546.0,1865.3333333333333,309.1666666666667,DoS
ipcas_21:73:33,143,0,4205,LIED10CTRL/LLN0$Status,0.0011637680000013972,0.0,1.0,1,620.3333333333334,1546.0,1865.3333333333333,309.1666666666667,DoS
ipcas_21:73:33,143,0,4206,LIED10CTRL/LLN0$Status,0.001507392999997137,0.0,1.0,1,620.3333333333334,1546.0,1865.3333333333333,309.1666666666667,DoS
ipcas_21:73:33,143,0,4207,LIED10CTRL/LLN0$Status,0.0020811420000015346,0.0,1.0,1,620.3333333333334,1546.0,1865.3333333333333,309.1666666666667,DoS
ipcas_21:73:33,143,0,4208,LIED10CTRL/LLN0$Status,0.001000067999999743,0.0,1.0,1,620.3333333333334,1546.0,1865.3333333333333,309.1666666666667,DoS
ipcas_21:73:33,143,0,4209,LIED10CTRL/LLN0$Status,0.0013321200000007138,0.0,1.0,1,620.3333333333334,1546.0,1865.3333333333333,309.1666666666667,DoS
ipcas_21:73:33,143,0,4210,LIED10CTRL/LLN0$Status,0.0022755689999982565,0.0,1.0,1,620.3333333333334,1546.0,1865.3333333333333,309.1666666666667,DoS
ipcas_21:73:33,143,0,4211,LIED10CTRL/LLN0$Status,0.0009957600000021216,0.0,1.0,1,620.3333333333334,1546.0,1865.3333333333333,309.1666666666667,DoS
ipcas_21:73:33,143,0,4212,LIED10CTRL/LLN0$Status,0.0008603269999980512,0.0,1.0,1,620.3333333333334,1546.0,1865.3333333333333,309.1666666666667,DoS
ipcas_21:73:33,143,0,4213,LIED10CTRL/LLN0$Status,0.0007789950000010037,0.0,1.0,1,620.3333333333334,1546.0,1865.3333333333333,309.1666666666667,DoS
ipcas_21:73:33,143,0,4214,LIED10CTRL/LLN0$Status,0.0023922610000006728,0.0,1.0,1,620.3333333333334,1546.0,1865.3333333333333,309.1666666666667,DoS
ipcas_21:73:33,143,0,4215,LIED10CTRL/LLN0$Status,0.0012561339999983545,0.0,1.0,1,620.3333333333334,1546.0,1865.3333333333333,309.1666666666667,DoS
ipcas_21:73:33,143,0,4216,LIED10CTRL/LLN0$Status,0.0025962420000027464,0.0,1.0,1,620.3333333333334,1546.0,1865.3333333333333,309.1666666666667,DoS
ipcas_21:73:33,143,0,4217,LIED10CTRL/LLN0$Status,0.0003259709999987592,0.0,1.0,1,620.3333333333334,1546.0,1865.3333333333333,309.1666666666667,DoS
ipcas_21:73:33,143,0,4218,LIED10CTRL/LLN0$Status,0.002499936999999619,0.0,1.0,1,620.3333333333334,1546.0,1865.3333333333333,309.1666666666667,DoS
ipcas_21:73:33,143,0,4219,LIED10CTRL/LLN0$Status,0.0010350750000007736,0.0,1.0,1,620.3333333333334,1546.0,1865.3333333333333,309.1666666666667,DoS
ipcas_21:73:33,143,0,4220,LIED10CTRL/LLN0$Status,0.0012047929999994267,0.0,1.0,1,620.3333333333334,1546.0,1865.3333333333333,309.1666666666667,DoS
ipcas_21:73:33,143,0,4221,LIED10CTRL/LLN0$Status,0.0023455269999992368,0.0,1.0,1,620.3333333333334,1546.0,1865.3333333333333,309.1666666666667,DoS
ipcas_21:73:33,143,0,4222,LIED10CTRL/LLN0$Status,0.001528979999999791,0.0,1.0,1,620.3333333333334,1546.0,1865.3333333333333,309.1666666666667,DoS
ipcas_21:73:33,143,0,4223,LIED10CTRL/LLN0$Status,0.0009436980000003814,0.0,1.0,1,620.3333333333334,1546.0,1865.3333333333333,309.1666666666667,DoS
ipcas_21:73:33,143,0,4224,LIED10CTRL/LLN0$Status,0.0012445690000006948,0.0,1.0,1,620.3333333333334,1546.0,1865.3333333333333,309.1666666666667,DoS
ipcas_21:73:33,143,0,4225,LIED10CTRL/LLN0$Status,0.0002998189999985357,0.0,1.0,1,620.3333333333334,1546.0,1865.3333333333333,309.1666666666667,DoS
ipcas_21:73:33,143,0,4226,LIED10CTRL/LLN0$Status,0.0012584380000006945,0.0,1.0,1,620.3333333333334,1546.0,1865.3333333333333,309.1666666666667,DoS
ipcas_21:73:33,143,0,4227,LIED10CTRL/LLN0$Status,0.0014932539999996663,0.0,1.0,1,620.3333333333334,1546.0,1865.3333333333333,309.1666666666667,DoS
ipcas_21:73:33,143,0,4228,LIED10CTRL/LLN0$Status,0.0010015279999997517,0.0,1.0,1,620.3333333333334,1546.0,1865.3333333333333,309.1666666666667,DoS
ipcas_21:73:33,143,0,4229,LIED10CTRL/LLN0$Status,0.0012343369999996412,0.0,1.0,1,620.3333333333334,1546.0,1865.3333333333333,309.1666666666667,DoS
ipcas_21:73:33,143,0,4230,LIED10CTRL/LLN0$Status,0.001400778000000713,0.0,1.0,1,620.3333333333334,1546.0,1865.3333333333333,309.1666666666667,DoS
ipcas_21:73:33,143,0,4231,LIED10CTRL/LLN0$Status,0.0012067530000017257,0.0,1.0,1,620.3333333333334,1546.0,1865.3333333333333,309.1666666666667,DoS
ipcas_21:73:33,143,0,4232,LIED10CTRL/LLN0$Status,0.0010176519999980371,0.0,1.0,1,620.3333333333334,1546.0,1865.3333333333333,309.1666666666667,DoS
ipcas_21:73:33,143,0,4233,LIED10CTRL/LLN0$Status,0.0012976840000007428,0.0,1.0,1,620.3333333333334,1546.0,1865.3333333333333,309.1666666666667,DoS
ipcas_21:73:33,143,0,4234,LIED10CTRL/LLN0$Status,0.0010963289999992298,0.0,1.0,1,620.3333333333334,1546.0,1865.3333333333333,309.1666666666667,DoS
ipcas_21:73:33,143,0,4235,LIED10CTRL/LLN0$Status,0.0012778450000006103,0.0,1.0,1,620.3333333333334,1546.0,1865.3333333333333,309.1666666666667,DoS
ipcas_21:73:33,143,0,4236,LIED10CTRL/LLN0$Status,0.0012317260000003216,0.0,1.0,1,620.3333333333334,1546.0,1865.3333333333333,309.1666666666667,DoS
ipcas_21:73:33,143,0,4237,LIED10CTRL/LLN0$Status,0.0014691710000001024,0.0,1.0,1,620.3333333333334,1546.0,1865.3333333333333,309.1666666666667,DoS
ipcas_21:73:33,143,0,4238,LIED10CTRL/LLN0$Status,0.0010623199999990618,0.0,1.0,1,620.3333333333334,1546.0,1865.3333333333333,309.1666666666667,DoS
ipcas_21:73:33,143,0,4239,LIED10CTRL/LLN0$Status,0.0012831529999992597,0.0,1.0,1,620.3333333333334,1546.0,1865.3333333333333,309.1666666666667,DoS
ipcas_21:73:33,143,0,4240,LIED10CTRL/LLN0$Status,0.0014597780000009664,0.0,1.0,1,620.3333333333334,1546.0,1865.3333333333333,309.1666666666667,DoS
ipcas_21:73:33,143,0,4241,LIED10CTRL/LLN0$Status,0.001118114000000503,0.0,1.0,1,620.3333333333334,1546.0,1865.3333333333333,309.1666666666667,DoS
ipcas_21:73:33,143,0,4242,LIED10CTRL/LLN0$Status,0.0023526439999983495,0.0,1.0,1,620.3333333333334,1546.0,1865.3333333333333,309.1666666666667,DoS
ipcas_21:73:33,143,0,4243,LIED10CTRL/LLN0$Status,0.0011817630000017232,0.0,1.0,1,620.3333333333334,1546.0,1865.3333333333333,309.1666666666667,DoS
ipcas_21:73:33,143,0,4244,LIED10CTRL/LLN0$Status,0.0012512780000015766,0.0,1.0,1,620.3333333333334,1546.0,1865.3333333333333,309.1666666666667,DoS
ipcas_21:73:33,143,0,4245,LIED10CTRL/LLN0$Status,0.0012448179999999809,0.0,1.0,1,620.3333333333334,1546.0,1865.3333333333333,309.1666666666667,DoS
ipcas_21:73:33,143,0,4246,LIED10CTRL/LLN0$Status,0.0012600679999970055,0.0,1.0,1,620.3333333333334,1546.0,1865.3333333333333,309.1666666666667,DoS
ipcas_21:73:33,143,0,4247,LIED10CTRL/LLN0$Status,0.0010876420000016651,0.0,1.0,1,620.3333333333334,1546.0,1865.3333333333333,309.1666666666667,DoS
ipcas_21:73:33,143,0,4248,LIED10CTRL/LLN0$Status,0.0002815879999999993,0.0,1.0,1,620.3333333333334,1546.0,1865.3333333333333,309.1666666666667,DoS
ipcas_21:73:33,143,0,4249,LIED10CTRL/LLN0$Status,0.0017099919999985502,0.0,1.0,1,620.3333333333334,1546.0,1865.3333333333333,309.1666666666667,DoS
ipcas_21:73:33,143,0,4250,LIED10CTRL/LLN0$Status,0.0011935120000003963,0.0,1.0,1,620.3333333333334,1546.0,1865.3333333333333,309.1666666666667,DoS
ipcas_21:73:33,143,0,4251,LIED10CTRL/LLN0$Status,0.0010213490000019476,0.0,1.0,1,620.3333333333334,1546.0,1865.3333333333333,309.1666666666667,DoS
ipcas_21:73:33,143,0,4252,LIED10CTRL/LLN0$Status,0.001242291000000506,0.0,1.0,1,620.3333333333334,1546.0,1865.3333333333333,309.1666666666667,DoS
ipcas_21:73:33,143,0,4253,LIED10CTRL/LLN0$Status,0.001276593000000048,0.0,1.0,1,620.3333333333334,1546.0,1865.3333333333333,309.1666666666667,DoS
ipcas_21:73:33,143,0,4254,LIED10CTRL/LLN0$Status,0.001171019999997469,0.0,1.0,1,620.3333333333334,1546.0,1865.3333333333333,309.1666666666667,DoS
ipcas_21:73:33,143,0,4255,LIED10CTRL/LLN0$Status,0.0011692480000000671,0.0,1.0,1,620.3333333333334,1546.0,1865.3333333333333,309.1666666666667,DoS
ipcas_21:73:33,143,0,4256,LIED10CTRL/LLN0$Status,0.0011655479999994611,0.0,1.0,1,620.3333333333334,1546.0,1865.3333333333333,309.1666666666667,DoS
ipcas_21:73:33,143,0,4257,LIED10CTRL/LLN0$Status,0.0012557170000029316,0.0,1.0,1,620.3333333333334,1546.0,1865.3333333333333,309.1666666666667,DoS
ipcas_21:73:33,143,0,4258,LIED10CTRL/LLN0$Status,0.0012788909999983389,0.0,1.0,1,620.3333333333334,1546.0,1865.3333333333333,309.1666666666667,DoS
ipcas_21:73:33,143,0,4259,LIED10CTRL/LLN0$Status,0.0014316110000009985,0.0,1.0,1,620.3333333333334,1546.0,1865.3333333333333,309.1666666666667,DoS
ipcas_21:73:33,143,0,4260,LIED10CTRL/LLN0$Status,0.0022219680000006292,0.0,1.0,1,620.3333333333334,1546.0,1865.3333333333333,309.1666666666667,DoS
ipcas_21:73:33,143,0,4261,LIED10CTRL/LLN0$Status,0.0013530059999986577,0.0,1.0,1,620.3333333333334,1546.0,1865.3333333333333,309.1666666666667,DoS
ipcas_21:73:33,143,0,4262,LIED10CTRL/LLN0$Status,0.0011476170000008779,0.0,1.0,1,620.3333333333334,1546.0,1865.3333333333333,309.1666666666667,DoS
ipcas_21:73:33,143,0,4263,LIED10CTRL/LLN0$Status,0.0012443910000001779,0.0,1.0,1,620.3333333333334,1546.0,1865.3333333333333,309.1666666666667,DoS
ipcas_21:73:33,143,0,4264,LIED10CTRL/LLN0$Status,0.0020451229999984832,0.0,1.0,1,620.3333333333334,1546.0,1865.3333333333333,309.1666666666667,DoS
ipcas_21:73:33,143,0,4265,LIED10CTRL/LLN0$Status,3.257999999561889e-06,0.0,1.0,1,620.3333333333334,1546.0,1865.3333333333333,309.1666666666667,DoS
ipcas_21:73:33,143,0,4266,LIED10CTRL/LLN0$Status,0.0015376109999998278,0.0,1.0,1,620.3333333333334,1546.0,1865.3333333333333,309.1666666666667,DoS
ipcas_21:73:33,143,0,4267,LIED10CTRL/LLN0$Status,0.0009969630000021823,0.0,1.0,1,620.3333333333334,1546.0,1865.3333333333333,309.1666666666667,DoS
ipcas_21:73:33,143,0,4268,LIED10CTRL/LLN0$Status,0.001015607999999446,0.0,1.0,1,620.3333333333334,1546.0,1865.3333333333333,309.1666666666667,DoS
ipcas_21:73:33,143,0,4269,LIED10CTRL/LLN0$Status,0.0019349439999984952,0.0,1.0,1,620.3333333333334,1546.0,1865.3333333333333,309.1666666666667,DoS
ipcas_21:73:33,143,0,4270,LIED10CTRL/LLN0$Status,0.0012090310000019144,0.0,1.0,1,620.3333333333334,1546.0,1865.3333333333333,309.1666666666667,DoS
ipcas_21:73:33,143,0,4271,LIED10CTRL/LLN0$Status,0.0012514969999983805,0.0,1.0,1,620.3333333333334,1546.0,1865.3333333333333,309.1666666666667,DoS
ipcas_21:73:33,143,0,4272,LIED10CTRL/LLN0$Status,0.0012496539999986567,0.0,1.0,1,620.3333333333334,1546.0,1865.3333333333333,309.1666666666667,DoS
ipcas_21:73:33,143,0,4273,LIED10CTRL/LLN0$Status,0.0012524840000018855,0.0,1.0,1,620.3333333333334,1546.0,1865.3333333333333,309.1666666666667,DoS
ipcas_21:73:33,143,0,4274,LIED10CTRL/LLN0$Status,0.0006903539999996156,0.0,1.0,1,620.3333333333334,1546.0,1865.3333333333333,309.1666666666667,DoS
ipcas_21:73:33,143,0,4275,LIED10CTRL/LLN0$Status,0.0006876330000018527,0.0,1.0,1,620.3333333333334,1546.0,1865.3333333333333,309.1666666666667,DoS
ipcas_21:73:33,143,0,4276,LIED10CTRL/LLN0$Status,0.0020414920000000336,0.0,1.0,1,620.3333333333334,1546.0,1865.3333333333333,309.1666666666667,DoS
ipcas_21:73:33,143,0,4277,LIED10CTRL/LLN0$Status,0.0009167309999966733,0.0,1.0,1,620.3333333333334,1546.0,1865.3333333333333,309.1666666666667,DoS
ipcas_21:73:33,143,0,4278,LIED10CTRL/LLN0$Status,0.0007664080000004958,0.0,1.0,1,620.3333333333334,1546.0,1865.3333333333333,309.1666666666667,DoS
ipcas_21:73:33,143,0,4279,LIED10CTRL/LLN0$Status,0.0019410370000016997,0.0,1.0,1,620.3333333333334,1546.0,1865.3333333333333,309.1666666666667,DoS
ipcas_21:73:33,143,0,4280,LIED10CTRL/LLN0$Status,0.0006947239999988142,0.0,1.0,1,620.3333333333334,1546.0,1865.3333333333333,309.1666666666667,DoS
ipcas_21:73:33,143,0,4281,LIED10CTRL/LLN0$Status,0.0011973290000000247,0.0,1.0,1,620.3333333333334,1546.0,1865.3333333333333,309.1666666666667,DoS
ipcas_21:73:33,143,0,4282,LIED10CTRL/LLN0$Status,0.001202147000000764,0.0,1.0,1,620.3333333333334,1546.0,1865.3333333333333,309.1666666666667,DoS
ipcas_21:73:33,143,0,4283,LIED10CTRL/LLN0$Status,0.0011752949999994655,0.0,1.0,1,620.3333333333334,1546.0,1865.3333333333333,309.1666666666667,DoS
ipcas_21:73:33,143,0,4284,LIED10CTRL/LLN0$Status,0.0013312019999993652,0.0,1.0,1,620.3333333333334,1546.0,1865.3333333333333,309.1666666666667,DoS
ipcas_21:73:33,143,0,4285,LIED10CTRL/LLN0$Status,0.0011969870000001492,0.0,1.0,1,620.3333333333334,1546.0,1865.3333333333333,309.1666666666667,DoS
ipcas_21:73:33,143,0,4286,LIED10CTRL/LLN0$Status,0.0013003660000023842,0.0,1.0,1,620.3333333333334,1546.0,1865.3333333333333,309.1666666666667,DoS
ipcas_21:73:33,143,0,4287,LIED10CTRL/LLN0$Status,0.001203759999999221,0.0,1.0,1,620.3333333333334,1546.0,1865.3333333333333,309.1666666666667,DoS
ipcas_21:73:33,143,0,4288,LIED10CTRL/LLN0$Status,0.0012249400000001742,0.0,1.0,1,620.3333333333334,1546.0,1865.3333333333333,309.1666666666667,DoS
ipcas_21:73:33,143,0,4289,LIED10CTRL/LLN0$Status,0.001314373999999674,0.0,1.0,1,620.3333333333334,1546.0,1865.3333333333333,309.1666666666667,DoS
ipcas_21:73:33,143,0,4290,LIED10CTRL/LLN0$Status,0.0013798779999980582,0.0,1.0,1,620.3333333333334,1546.0,1865.3333333333333,309.1666666666667,DoS
ipcas_21:73:33,143,0,4291,LIED10CTRL/LLN0$Status,0.0020187580000019523,0.0,1.0,1,620.3333333333334,1546.0,1865.3333333333333,309.1666666666667,DoS
ipcas_21:73:33,143,0,4292,LIED10CTRL/LLN0$Status,0.0014923640000006344,0.0,1.0,1,620.3333333333334,1546.0,1865.3333333333333,309.1666666666667,DoS
ipcas_21:73:33,143,0,4293,LIED10CTRL/LLN0$Status,0.00127030399999839,0.0,1.0,1,620.3333333333334,1546.0,1865.3333333333333,309.1666666666667,DoS
ipcas_21:73:33,143,0,4294,LIED10CTRL/LLN0$Status,0.0012147169999998653,0.0,1.0,1,620.3333333333334,1546.0,1865.3333333333333,309.1666666666667,DoS
ipcas_21:73:33,143,0,4295,LIED10CTRL/LLN0$Status,0.0026304500000016162,0.0,1.0,1,620.3333333333334,1546.0,1865.3333333333333,309.1666666666667,DoS
ipcas_21:73:33,143,0,4296,LIED10CTRL/LLN0$Status,0.0009166669999984833,0.0,1.0,1,620.3333333333334,1546.0,1865.3333333333333,309.1666666666667,DoS
ipcas_21:73:33,143,0,4297,LIED10CTRL/LLN0$Status,0.00031635699999910116,0.0,1.0,1,620.3333333333334,1546.0,1865.3333333333333,309.1666666666667,DoS
ipcas_21:73:33,143,0,4298,LIED10CTRL/LLN0$Status,0.0013241070000020727,0.0,1.0,1,620.3333333333334,1546.0,1865.3333333333333,309.1666666666667,DoS
ipcas_21:73:33,143,0,4299,LIED10CTRL/LLN0$Status,0.0011942259999990767,0.0,1.0,1,620.3333333333334,1546.0,1865.3333333333333,309.1666666666667,DoS
ipcas_21:73:33,143,0,4300,LIED10CTRL/LLN0$Status,0.001244580000001605,0.0,1.0,1,620.3333333333334,1546.0,1865.3333333333333,309.1666666666667,DoS
ipcas_21:73:33,143,0,4301,LIED10CTRL/LLN0$Status,0.0013302289999970185,0.0,1.0,1,620.3333333333334,1546.0,1865.3333333333333,309.1666666666667,DoS
ipcas_21:73:33,143,0,4302,LIED10CTRL/LLN0$Status,0.0011451860000022407,0.0,1.0,1,620.3333333333334,1546.0,1865.3333333333333,309.1666666666667,DoS
ipcas_21:73:33,143,0,4303,LIED10CTRL/LLN0$Status,0.0014357189999998354,0.0,1.0,1,620.3333333333334,1546.0,1865.3333333333333,309.1666666666667,DoS
ipcas_21:73:33,143,0,4304,LIED10CTRL/LLN0$Status,0.00178952699999968,0.0,1.0,1,620.3333333333334,1546.0,1865.3333333333333,309.1666666666667,DoS
ipcas_21:73:33,143,0,4305,LIED10CTRL/LLN0$Status,0.0006246829999980719,0.0,1.0,1,620.3333333333334,1546.0,1865.3333333333333,309.1666666666667,DoS
ipcas_21:73:33,143,0,4306,LIED10CTRL/LLN0$Status,0.0013836840000003292,0.0,1.0,1,620.3333333333334,1546.0,1865.3333333333333,309.1666666666667,DoS
ipcas_21:73:33,143,0,4307,LIED10CTRL/LLN0$Status,0.0010126210000009905,0.0,1.0,1,620.3333333333334,1546.0,1865.3333333333333,309.1666666666667,DoS
ipcas_21:73:33,143,0,4308,LIED10CTRL/LLN0$Status,0.0012321280000016088,0.0,1.0,1,620.3333333333334,1546.0,1865.3333333333333,309.1666666666667,DoS
ipcas_21:73:33,143,0,4309,LIED10CTRL/LLN0$Status,0.001265579999998323,0.0,1.0,1,620.3333333333334,1546.0,1865.3333333333333,309.1666666666667,DoS
ipcas_21:73:33,143,0,4310,LIED10CTRL/LLN0$Status,0.0012368880000011018,0.0,1.0,1,620.3333333333334,1546.0,1865.3333333333333,309.1666666666667,DoS
ipcas_21:73:33,143,0,4311,LIED10CTRL/LLN0$Status,0.0012418069999995396,0.0,1.0,1,620.3333333333334,1546.0,1865.3333333333333,309.1666666666667,DoS
ipcas_21:73:33,143,0,4312,LIED10CTRL/LLN0$Status,0.0012780220000010445,0.0,1.0,1,620.3333333333334,1546.0,1865.3333333333333,309.1666666666667,DoS
ipcas_21:73:33,143,0,4313,LIED10CTRL/LLN0$Status,0.0013560219999995127,0.0,1.0,1,620.3333333333334,1546.0,1865.3333333333333,309.1666666666667,DoS
ipcas_21:73:33,143,0,4314,LIED10CTRL/LLN0$Status,0.0012417009999978745,0.0,1.0,1,620.3333333333334,1546.0,1865.3333333333333,309.1666666666667,DoS
ipcas_21:73:33,143,0,4315,LIED10CTRL/LLN0$Status,0.0023449270000028832,0.0,1.0,1,620.3333333333334,1546.0,1865.3333333333333,309.1666666666667,DoS
ipcas_21:73:33,143,0,4316,LIED10CTRL/LLN0$Status,0.0012548709999968821,0.0,1.0,1,620.3333333333334,1546.0,1865.3333333333333,309.1666666666667,DoS
ipcas_21:73:33,143,0,4317,LIED10CTRL/LLN0$Status,0.0007856470000007221,0.0,1.0,1,620.3333333333334,1546.0,1865.3333333333333,309.1666666666667,DoS
ipcas_21:73:33,143,0,4318,LIED10CTRL/LLN0$Status,0.0016670300000001248,0.0,1.0,1,620.3333333333334,1546.0,1865.3333333333333,309.1666666666667,DoS
ipcas_21:73:33,143,0,4319,LIED10CTRL/LLN0$Status,2.634000001222603e-06,0.0,1.0,1,620.3333333333334,1546.0,1865.3333333333333,309.1666666666667,DoS
ipcas_21:73:33,143,0,4320,LIED10CTRL/LLN0$Status,0.0024043899999988128,0.0,1.0,1,620.3333333333334,1546.0,1865.3333333333333,309.1666666666667,DoS
ipcas_21:73:33,143,0,4321,LIED10CTRL/LLN0$Status,0.0001904380000006256,0.0,1.0,1,620.3333333333334,1546.0,1865.3333333333333,309.1666666666667,DoS
ipcas_21:73:33,143,0,4322,LIED10CTRL/LLN0$Status,0.0013208869999985495,0.0,1.0,1,620.3333333333334,1546.0,1865.3333333333333,309.1666666666667,DoS
ipcas_21:73:33,143,0,4323,LIED10CTRL/LLN0$Status,0.001192576000001111,0.0,1.0,1,620.3333333333334,1546.0,1865.3333333333333,309.1666666666667,DoS
ipcas_21:73:33,143,0,4324,LIED10CTRL/LLN0$Status,0.0014825240000000406,0.0,1.0,1,620.3333333333334,1546.0,1865.3333333333333,309.1666666666667,DoS
ipcas_21:73:33,143,0,4325,LIED10CTRL/LLN0$Status,0.001198213000002113,0.0,1.0,1,620.3333333333334,1546.0,1865.3333333333333,309.1666666666667,DoS
ipcas_21:73:33,143,0,4326,LIED10CTRL/LLN0$Status,0.0024233659999985946,0.0,1.0,1,620.3333333333334,1546.0,1865.3333333333333,309.1666666666667,DoS
ipcas_21:73:33,143,0,4327,LIED10CTRL/LLN0$Status,0.0023721610000002613,0.0,1.0,1,620.3333333333334,1546.0,1865.3333333333333,309.1666666666667,DoS
ipcas_21:73:33,143,0,4328,LIED10CTRL/LLN0$Status,0.0018764339999997048,0.0,1.0,1,620.3333333333334,1546.0,1865.3333333333333,309.1666666666667,DoS
ipcas_21:73:33,143,0,4329,LIED10CTRL/LLN0$Status,0.0018586409999983289,0.0,1.0,1,620.3333333333334,1546.0,1865.3333333333333,309.1666666666667,DoS
ipcas_21:73:33,143,0,4330,LIED10CTRL/LLN0$Status,0.0012125970000020914,0.0,1.0,1,620.3333333333334,1546.0,1865.3333333333333,309.1666666666667,DoS
ipcas_21:73:33,143,0,4331,LIED10CTRL/LLN0$Status,0.001240449000000865,0.0,1.0,1,620.3333333333334,1546.0,1865.3333333333333,309.1666666666667,DoS
ipcas_21:73:33,143,0,4332,LIED10CTRL/LLN0$Status,0.0012951440000001924,0.0,1.0,1,620.3333333333334,1546.0,1865.3333333333333,309.1666666666667,DoS
ipcas_21:73:33,143,0,4333,LIED10CTRL/LLN0$Status,0.0012389589999983741,0.0,1.0,1,620.3333333333334,1546.0,1865.3333333333333,309.1666666666667,DoS
ipcas_21:73:33,143,0,4334,LIED10CTRL/LLN0$Status,0.0012364100000006317,0.0,1.0,1,620.3333333333334,1546.0,1865.3333333333333,309.1666666666667,DoS
ipcas_21:73:33,143,0,4335,LIED10CTRL/LLN0$Status,0.0014302919999984454,0.0,1.0,1,620.3333333333334,1546.0,1865.3333333333333,309.1666666666667,DoS
ipcas_21:73:33,143,0,4336,LIED10CTRL/LLN0$Status,0.003564152999999237,0.0,1.0,1,620.3333333333334,1546.0,1865.3333333333333,309.1666666666667,DoS
ipcas_21:73:33,143,0,4337,LIED10CTRL/LLN0$Status,0.0013869660000018769,0.0,1.0,1,620.3333333333334,1546.0,1865.3333333333333,309.1666666666667,DoS
ipcas_21:73:33,143,0,4338,LIED10CTRL/LLN0$Status,0.0010587750000006224,0.0,1.0,1,620.3333333333334,1546.0,1865.3333333333333,309.1666666666667,DoS
ipcas_21:73:33,143,0,4339,LIED10CTRL/LLN0$Status,0.0015496400000003518,0.0,1.0,1,620.3333333333334,1546.0,1865.3333333333333,309.1666666666667,DoS
ipcas_21:73:33,143,0,4340,LIED10CTRL/LLN0$Status,0.0021451109999972573,0.0,1.0,1,620.3333333333334,1546.0,1865.3333333333333,309.1666666666667,DoS
ipcas_21:73:33,143,0,4341,LIED10CTRL/LLN0$Status,0.002962724000003192,0.0,1.0,1,620.3333333333334,1546.0,1865.3333333333333,309.1666666666667,DoS
ipcas_21:73:33,143,0,4342,LIED10CTRL/LLN0$Status,0.001580892999999861,0.0,1.0,1,620.3333333333334,1546.0,1865.3333333333333,309.1666666666667,DoS
ipcas_21:73:33,143,0,4343,LIED10CTRL/LLN0$Status,0.000703113000000144,0.0,1.0,1,620.3333333333334,1546.0,1865.3333333333333,309.1666666666667,DoS
ipcas_21:73:33,143,0,4344,LIED10CTRL/LLN0$Status,0.0025620129999985863,0.0,1.0,1,620.3333333333334,1546.0,1865.3333333333333,309.1666666666667,DoS
ipcas_21:73:33,143,0,4345,LIED10CTRL/LLN0$Status,0.0024028200000003608,0.0,1.0,1,620.3333333333334,1546.0,1865.3333333333333,309.1666666666667,DoS
ipcas_21:73:33,143,0,4346,LIED10CTRL/LLN0$Status,0.001238148999998856,0.0,1.0,1,620.3333333333334,1546.0,1865.3333333333333,309.1666666666667,DoS
ipcas_21:73:33,143,0,4347,LIED10CTRL/LLN0$Status,0.0012993429999994532,0.0,1.0,1,620.3333333333334,1546.0,1865.3333333333333,309.1666666666667,DoS
ipcas_21:73:33,143,0,4348,LIED10CTRL/LLN0$Status,0.0012237690000027612,0.0,1.0,1,620.3333333333334,1546.0,1865.3333333333333,309.1666666666667,DoS
ipcas_21:73:33,143,0,4349,LIED10CTRL/LLN0$Status,0.0012073839999970915,0.0,1.0,1,620.3333333333334,1546.0,1865.3333333333333,309.1666666666667,DoS
ipcas_21:73:33,143,0,4350,LIED10CTRL/LLN0$Status,0.0013456840000003467,0.0,1.0,1,620.3333333333334,1546.0,1865.3333333333333,309.1666666666667,DoS
ipcas_21:73:33,143,0,4351,LIED10CTRL/LLN0$Status,0.0023892980000006503,0.0,1.0,1,620.3333333333334,1546.0,1865.3333333333333,309.1666666666667,DoS
ipcas_21:73:33,143,0,4352,LIED10CTRL/LLN0$Status,0.003143167000001057,0.0,1.0,1,620.3333333333334,1546.0,1865.3333333333333,309.1666666666667,DoS
ipcas_21:73:33,143,0,4353,LIED10CTRL/LLN0$Status,0.001758415999997709,0.0,1.0,1,620.3333333333334,1546.0,1865.3333333333333,309.1666666666667,DoS
ipcas_21:73:33,143,0,4354,LIED10CTRL/LLN0$Status,0.00252035400000139,0.0,1.0,1,620.3333333333334,1546.0,1865.3333333333333,309.1666666666667,DoS
ipcas_21:73:33,143,0,4355,LIED10CTRL/LLN0$Status,0.0013874939999993785,0.0,1.0,1,620.3333333333334,1546.0,1865.3333333333333,309.1666666666667,DoS
ipcas_21:73:33,143,0,4356,LIED10CTRL/LLN0$Status,0.0010897310000004268,0.0,1.0,1,620.3333333333334,1546.0,1865.3333333333333,309.1666666666667,DoS
ipcas_21:73:33,143,0,4357,LIED10CTRL/LLN0$Status,0.0006621520000003045,0.0,1.0,1,620.3333333333334,1546.0,1865.3333333333333,309.1666666666667,DoS
ipcas_21:73:33,143,0,4358,LIED10CTRL/LLN0$Status,0.0010132429999991643,0.0,1.0,1,620.3333333333334,1546.0,1865.3333333333333,309.1666666666667,DoS
ipcas_21:73:33,143,0,4359,LIED10CTRL/LLN0$Status,0.0010311350000016262,0.0,1.0,1,620.3333333333334,1546.0,1865.3333333333333,309.1666666666667,DoS
ipcas_21:73:33,143,0,4360,LIED10CTRL/LLN0$Status,0.0012462269999993225,0.0,1.0,1,620.3333333333334,1546.0,1865.3333333333333,309.1666666666667,DoS
ipcas_21:73:33,143,0,4361,LIED10CTRL/LLN0$Status,0.0013113390000007996,0.0,1.0,1,620.3333333333334,1546.0,1865.3333333333333,309.1666666666667,DoS
ipcas_21:73:33,143,0,4362,LIED10CTRL/LLN0$Status,0.0013806979999984037,0.0,1.0,1,620.3333333333334,1546.0,1865.3333333333333,309.1666666666667,DoS
ipcas_21:73:33,143,0,4363,LIED10CTRL/LLN0$Status,0.0014231150000014736,0.0,1.0,1,620.3333333333334,1546.0,1865.3333333333333,309.1666666666667,DoS
ipcas_21:73:33,143,0,4364,LIED10CTRL/LLN0$Status,0.0008574049999978683,0.0,1.0,1,620.3333333333334,1546.0,1865.3333333333333,309.1666666666667,DoS
ipcas_21:73:33,143,0,4365,LIED10CTRL/LLN0$Status,0.001276095000001476,0.0,1.0,1,620.3333333333334,1546.0,1865.3333333333333,309.1666666666667,DoS
ipcas_21:73:33,143,0,4366,LIED10CTRL/LLN0$Status,0.0011163679999981468,0.0,1.0,1,620.3333333333334,1546.0,1865.3333333333333,309.1666666666667,DoS
ipcas_21:73:33,143,0,4367,LIED10CTRL/LLN0$Status,0.0012284770000015044,0.0,1.0,1,620.3333333333334,1546.0,1865.3333333333333,309.1666666666667,DoS
ipcas_21:73:33,143,0,4368,LIED10CTRL/LLN0$Status,0.0012396280000004367,0.0,1.0,1,620.3333333333334,1546.0,1865.3333333333333,309.1666666666667,DoS
ipcas_21:73:33,143,0,4369,LIED10CTRL/LLN0$Status,0.0012963329999990947,0.0,1.0,1,620.3333333333334,1546.0,1865.3333333333333,309.1666666666667,DoS
ipcas_21:73:33,143,0,4370,LIED10CTRL/LLN0$Status,0.001254578000001061,0.0,1.0,1,620.3333333333334,1546.0,1865.3333333333333,309.1666666666667,DoS
ipcas_21:73:33,143,0,4371,LIED10CTRL/LLN0$Status,0.0012305489999988595,0.0,1.0,1,620.3333333333334,1546.0,1865.3333333333333,309.1666666666667,DoS
ipcas_21:73:33,143,0,4372,LIED10CTRL/LLN0$Status,0.002561784000000955,0.0,1.0,1,620.3333333333334,1546.0,1865.3333333333333,309.1666666666667,DoS
ipcas_21:73:33,143,0,4373,LIED10CTRL/LLN0$Status,0.0028200839999996674,0.0,1.0,1,620.3333333333334,1546.0,1865.3333333333333,309.1666666666667,DoS
ipcas_21:73:33,143,0,4374,LIED10CTRL/LLN0$Status,0.0008962120000006735,0.0,1.0,1,620.3333333333334,1546.0,1865.3333333333333,309.1666666666667,DoS
ipcas_21:73:33,143,0,4375,LIED10CTRL/LLN0$Status,0.0025436550000002,0.0,1.0,1,620.3333333333334,1546.0,1865.3333333333333,309.1666666666667,DoS
ipcas_21:73:33,143,0,4376,LIED10CTRL/LLN0$Status,0.0011071230000005983,0.0,1.0,1,620.3333333333334,1546.0,1865.3333333333333,309.1666666666667,DoS
ipcas_21:73:33,143,0,4377,LIED10CTRL/LLN0$Status,0.0013238680000000613,0.0,1.0,1,620.3333333333334,1546.0,1865.3333333333333,309.1666666666667,DoS
ipcas_21:73:33,143,0,4378,LIED10CTRL/LLN0$Status,0.0011757249999995167,0.0,1.0,1,620.3333333333334,1546.0,1865.3333333333333,309.1666666666667,DoS
ipcas_21:73:33,143,0,4379,LIED10CTRL/LLN0$Status,0.00125071999999804,0.0,1.0,1,620.3333333333334,1546.0,1865.3333333333333,309.1666666666667,DoS
ipcas_21:73:33,143,0,4380,LIED10CTRL/LLN0$Status,0.0013356279999996445,0.0,1.0,1,620.3333333333334,1546.0,1865.3333333333333,309.1666666666667,DoS
ipcas_21:73:33,143,0,4381,LIED10CTRL/LLN0$Status,5.9665000001984936e-05,0.0,1.0,1,620.3333333333334,1546.0,1865.3333333333333,309.1666666666667,DoS
ipcas_21:73:33,143,0,4382,LIED10CTRL/LLN0$Status,0.0018193840000009232,0.0,1.0,1,620.3333333333334,1546.0,1865.3333333333333,309.1666666666667,DoS
ipcas_21:73:33,143,0,4383,LIED10CTRL/LLN0$Status,0.0009702259999997409,0.0,1.0,1,620.3333333333334,1546.0,1865.3333333333333,309.1666666666667,DoS
ipcas_21:73:33,143,0,4384,LIED10CTRL/LLN0$Status,0.0010232989999998665,0.0,1.0,1,620.3333333333334,1546.0,1865.3333333333333,309.1666666666667,DoS
ipcas_21:73:33,143,0,4385,LIED10CTRL/LLN0$Status,0.0014694579999989799,0.0,1.0,1,620.3333333333334,1546.0,1865.3333333333333,309.1666666666667,DoS
ipcas_21:73:33,143,0,4386,LIED10CTRL/LLN0$Status,0.0014392040000004158,0.0,1.0,1,620.3333333333334,1546.0,1865.3333333333333,309.1666666666667,DoS
ipcas_21:73:33,143,0,4387,LIED10CTRL/LLN0$Status,0.0009226230000010105,0.0,1.0,1,620.3333333333334,1546.0,1865.3333333333333,309.1666666666667,DoS
ipcas_21:73:33,143,0,4388,LIED10CTRL/LLN0$Status,0.0011106239999989498,0.0,1.0,1,620.3333333333334,1546.0,1865.3333333333333,309.1666666666667,DoS
ipcas_21:73:33,143,0,4389,LIED10CTRL/LLN0$Status,0.0012314449999983879,0.0,1.0,1,620.3333333333334,1546.0,1865.3333333333333,309.1666666666667,DoS
ipcas_21:73:33,143,0,4390,LIED10CTRL/LLN0$Status,0.0011821400000009419,0.0,1.0,1,620.3333333333334,1546.0,1865.3333333333333,309.1666666666667,DoS
ipcas_21:73:33,143,0,4391,LIED10CTRL/LLN0$Status,0.0012199949999995852,0.0,1.0,1,620.3333333333334,1546.0,1865.3333333333333,309.1666666666667,DoS
ipcas_21:73:33,143,0,4392,LIED10CTRL/LLN0$Status,0.0012734680000008325,0.0,1.0,1,620.3333333333334,1546.0,1865.3333333333333,309.1666666666667,DoS
ipcas_21:73:33,143,0,4393,LIED10CTRL/LLN0$Status,0.0012508410000009462,0.0,1.0,1,620.3333333333334,1546.0,1865.3333333333333,309.1666666666667,DoS
ipcas_21:73:33,143,0,4394,LIED10CTRL/LLN0$Status,0.0012525490000001582,0.0,1.0,1,620.3333333333334,1546.0,1865.3333333333333,309.1666666666667,DoS
ipcas_21:73:33,143,0,4395,LIED10CTRL/LLN0$Status,0.0012793789999996363,0.0,1.0,1,620.3333333333334,1546.0,1865.3333333333333,309.1666666666667,DoS
ipcas_21:73:33,143,0,4396,LIED10CTRL/LLN0$Status,0.0020823959999987096,0.0,1.0,1,620.3333333333334,1546.0,1865.3333333333333,309.1666666666667,DoS
ipcas_21:73:33,143,0,4397,LIED10CTRL/LLN0$Status,0.0007234400000015739,0.0,1.0,1,620.3333333333334,1546.0,1865.3333333333333,309.1666666666667,DoS
ipcas_21:73:33,143,0,4398,LIED10CTRL/LLN0$Status,0.001210112999999069,0.0,1.0,1,620.3333333333334,1546.0,1865.3333333333333,309.1666666666667,DoS
ipcas_21:73:33,143,0,4399,LIED10CTRL/LLN0$Status,0.002144254000000956,0.0,1.0,1,620.3333333333334,1546.0,1865.3333333333333,309.1666666666667,DoS
ipcas_21:73:33,143,0,4400,LIED10CTRL/LLN0$Status,0.0012467689999979825,0.0,1.0,1,620.3333333333334,1546.0,1865.3333333333333,309.1666666666667,DoS
ipcas_21:73:33,143,0,4401,LIED10CTRL/LLN0$Status,0.002498434999999688,0.0,1.0,1,620.3333333333334,1546.0,1865.3333333333333,309.1666666666667,DoS
ipcas_21:73:33,143,0,4402,LIED10CTRL/LLN0$Status,0.0012555949999999427,0.0,1.0,1,620.3333333333334,1546.0,1865.3333333333333,309.1666666666667,DoS
ipcas_21:73:33,143,0,4403,LIED10CTRL/LLN0$Status,0.0015769050000002949,0.0,1.0,1,620.3333333333334,1546.0,1865.3333333333333,309.1666666666667,DoS
ipcas_21:73:33,143,0,4404,LIED10CTRL/LLN0$Status,0.0024312299999991183,0.0,1.0,1,620.3333333333334,1546.0,1865.3333333333333,309.1666666666667,DoS
ipcas_21:73:33,143,0,4405,LIED10CTRL/LLN0$Status,0.0023341780000016854,0.0,1.0,1,620.3333333333334,1546.0,1865.3333333333333,309.1666666666667,DoS
ipcas_21:73:33,143,0,4406,LIED10CTRL/LLN0$Status,0.0016945049999996797,0.0,1.0,1,620.3333333333334,1546.0,1865.3333333333333,309.1666666666667,DoS
ipcas_21:73:33,143,0,4407,LIED10CTRL/LLN0$Status,0.0011314479999988691,0.0,1.0,1,620.3333333333334,1546.0,1865.3333333333333,309.1666666666667,DoS
ipcas_21:73:33,143,0,4408,LIED10CTRL/LLN0$Status,0.0024237300000002904,0.0,1.0,1,620.3333333333334,1546.0,1865.3333333333333,309.1666666666667,DoS
ipcas_21:73:33,143,0,4409,LIED10CTRL/LLN0$Status,0.002364453000001987,0.0,1.0,1,620.3333333333334,1546.0,1865.3333333333333,309.1666666666667,DoS
ipcas_21:73:33,143,0,4410,LIED10CTRL/LLN0$Status,0.0010853960000005713,0.0,1.0,1,620.3333333333334,1546.0,1865.3333333333333,309.1666666666667,DoS
ipcas_21:73:33,143,0,4411,LIED10CTRL/LLN0$Status,0.001296948000000242,0.0,1.0,1,620.3333333333334,1546.0,1865.3333333333333,309.1666666666667,DoS
ipcas_21:73:33,143,0,4412,LIED10CTRL/LLN0$Status,0.0012296919999990052,0.0,1.0,1,620.3333333333334,1546.0,1865.3333333333333,309.1666666666667,DoS
ipcas_21:73:33,143,0,4413,LIED10CTRL/LLN0$Status,0.0026148930000005066,0.0,1.0,1,620.3333333333334,1546.0,1865.3333333333333,309.1666666666667,DoS
ipcas_21:73:33,143,0,4414,LIED10CTRL/LLN0$Status,0.0014629169999977876,0.0,1.0,1,620.3333333333334,1546.0,1865.3333333333333,309.1666666666667,DoS
ipcas_21:73:33,143,0,4415,LIED10CTRL/LLN0$Status,0.0013401500000007616,0.0,1.0,1,620.3333333333334,1546.0,1865.3333333333333,309.1666666666667,DoS
ipcas_21:73:33,143,0,4416,LIED10CTRL/LLN0$Status,0.004513821999999834,0.0,1.0,1,620.3333333333334,1546.0,1865.3333333333333,309.1666666666667,DoS
ipcas_21:73:33,143,0,4417,LIED10CTRL/LLN0$Status,0.0024986429999991344,0.0,1.0,1,620.3333333333334,1546.0,1865.3333333333333,309.1666666666667,DoS
ipcas_21:73:33,143,0,4418,LIED10CTRL/LLN0$Status,0.0009173679999996409,0.0,1.0,1,620.3333333333334,1546.0,1865.3333333333333,309.1666666666667,DoS
ipcas_21:73:33,143,0,4419,LIED10CTRL/LLN0$Status,0.0023911070000011136,0.0,1.0,1,620.3333333333334,1546.0,1865.3333333333333,309.1666666666667,DoS
ipcas_21:73:33,143,0,4420,LIED10CTRL/LLN0$Status,0.002164743000001579,0.0,1.0,1,620.3333333333334,1546.0,1865.3333333333333,309.1666666666667,DoS
ipcas_21:73:33,143,0,4421,LIED10CTRL/LLN0$Status,0.0022066770000002123,0.0,1.0,1,620.3333333333334,1546.0,1865.3333333333333,309.1666666666667,DoS
ipcas_21:73:33,143,0,4422,LIED10CTRL/LLN0$Status,0.0024795950000005007,0.0,1.0,1,620.3333333333334,1546.0,1865.3333333333333,309.1666666666667,DoS
ipcas_21:73:33,143,0,4423,LIED10CTRL/LLN0$Status,0.002582075999999489,0.0,1.0,1,620.3333333333334,1546.0,1865.3333333333333,309.1666666666667,DoS
ipcas_21:73:33,143,0,4424,LIED10CTRL/LLN0$Status,0.0025057669999988263,0.0,1.0,1,620.3333333333334,1546.0,1865.3333333333333,309.1666666666667,DoS
ipcas_21:73:33,143,0,4425,LIED10CTRL/LLN0$Status,0.002488264000000129,0.0,1.0,1,620.3333333333334,1546.0,1865.3333333333333,309.1666666666667,DoS
ipcas_21:73:33,143,0,4426,LIED10CTRL/LLN0$Status,0.0024209149999983026,0.0,1.0,1,620.3333333333334,1546.0,1865.3333333333333,309.1666666666667,DoS
ipcas_21:73:33,143,0,4427,LIED10CTRL/LLN0$Status,0.0028241180000030397,0.0,1.0,1,620.3333333333334,1546.0,1865.3333333333333,309.1666666666667,DoS
ipcas_21:73:33,143,0,4428,LIED10CTRL/LLN0$Status,0.0023447299999972415,0.0,1.0,1,620.3333333333334,1546.0,1865.3333333333333,309.1666666666667,DoS
ipcas_21:73:33,143,0,4429,LIED10CTRL/LLN0$Status,0.004693658000000767,0.0,1.0,1,620.3333333333334,1546.0,1865.3333333333333,309.1666666666667,DoS
ipcas_21:73:33,143,0,4430,LIED10CTRL/LLN0$Status,0.00253932200000051,0.0,1.0,1,620.3333333333334,1546.0,1865.3333333333333,309.1666666666667,DoS
ipcas_21:73:33,143,0,4431,LIED10CTRL/LLN0$Status,0.0009244449999989968,-1.0,4413.0,1,616.3333333333334,1551.0,1849.3333333333333,306.8333333333333,DoS
ipcas_21:73:33,143,0,4432,LIED10CTRL/LLN0$Status,0.0026169640000013317,0.0,1.0,1,616.3333333333334,1551.0,1849.3333333333333,306.8333333333333,DoS
ipcas_21:73:33,143,0,4433,LIED10CTRL/LLN0$Status,0.008492075999999571,0.0,1.0,1,616.3333333333334,1551.0,1849.3333333333333,306.8333333333333,DoS
ipcas_21:73:33,143,0,4434,LIED10CTRL/LLN0$Status,0.0017560910000007368,0.0,1.0,1,616.3333333333334,1551.0,1849.3333333333333,306.8333333333333,DoS
ipcas_21:73:33,143,0,4435,LIED10CTRL/LLN0$Status,0.0013796020000000908,0.0,1.0,1,616.3333333333334,1551.0,1849.3333333333333,306.8333333333333,DoS
ipcas_21:73:33,143,0,4436,LIED10CTRL/LLN0$Status,0.0025079139999988342,0.0,1.0,1,616.3333333333334,1551.0,1849.3333333333333,306.8333333333333,DoS
ipcas_21:73:33,143,0,4437,LIED10CTRL/LLN0$Status,0.002330756999999295,0.0,1.0,1,616.3333333333334,1551.0,1849.3333333333333,306.8333333333333,DoS
ipcas_21:73:33,143,0,4438,LIED10CTRL/LLN0$Status,0.002919219000002471,0.0,1.0,1,616.3333333333334,1551.0,1849.3333333333333,306.8333333333333,DoS
ipcas_21:73:33,143,0,4439,LIED10CTRL/LLN0$Status,0.0022583559999986846,0.0,1.0,1,616.3333333333334,1551.0,1849.3333333333333,306.8333333333333,DoS
ipcas_21:73:33,143,0,4440,LIED10CTRL/LLN0$Status,0.002270427999999214,0.0,1.0,1,616.3333333333334,1551.0,1849.3333333333333,306.8333333333333,DoS
ipcas_21:73:33,143,0,4441,LIED10CTRL/LLN0$Status,0.005173035999998632,0.0,1.0,1,616.3333333333334,1551.0,1849.3333333333333,306.8333333333333,DoS
ipcas_21:73:33,143,0,4442,LIED10CTRL/LLN0$Status,0.0011980700000009392,0.0,1.0,1,616.3333333333334,1551.0,1849.3333333333333,306.8333333333333,DoS
ipcas_21:73:33,143,0,4443,LIED10CTRL/LLN0$Status,0.0016752530000019306,0.0,1.0,1,616.3333333333334,1551.0,1849.3333333333333,306.8333333333333,DoS
ipcas_21:73:33,143,0,4444,LIED10CTRL/LLN0$Status,0.002192450999999096,0.0,1.0,1,616.3333333333334,1551.0,1849.3333333333333,306.8333333333333,DoS
ipcas_21:73:33,143,0,4445,LIED10CTRL/LLN0$Status,0.002286113000000256,0.0,1.0,1,616.3333333333334,1551.0,1849.3333333333333,306.8333333333333,DoS
ipcas_21:73:33,143,0,4446,LIED10CTRL/LLN0$Status,0.0029908289999980298,0.0,1.0,1,616.3333333333334,1551.0,1849.3333333333333,306.8333333333333,DoS
ipcas_21:73:33,143,0,4447,LIED10CTRL/LLN0$Status,0.002212077000002921,0.0,1.0,1,616.3333333333334,1551.0,1849.3333333333333,306.8333333333333,DoS
ipcas_21:73:33,143,0,4448,LIED10CTRL/LLN0$Status,0.002331801999996941,0.0,1.0,1,616.3333333333334,1551.0,1849.3333333333333,306.8333333333333,DoS
ipcas_21:73:33,143,0,4449,LIED10CTRL/LLN0$Status,0.0026787010000006717,0.0,1.0,1,616.3333333333334,1551.0,1849.3333333333333,306.8333333333333,DoS
ipcas_21:73:33,143,0,4450,LIED10CTRL/LLN0$Status,0.0023085380000011924,0.0,1.0,1,616.3333333333334,1551.0,1849.3333333333333,306.8333333333333,DoS
ipcas_21:73:33,143,0,4451,LIED10CTRL/LLN0$Status,0.002937925000001229,0.0,1.0,1,616.3333333333334,1551.0,1849.3333333333333,306.8333333333333,DoS
ipcas_21:73:33,143,0,4452,LIED10CTRL/LLN0$Status,0.0022181889999970394,0.0,1.0,1,616.3333333333334,1551.0,1849.3333333333333,306.8333333333333,DoS
ipcas_21:73:33,143,0,4453,LIED10CTRL/LLN0$Status,0.005029610000001128,0.0,1.0,1,616.3333333333334,1551.0,1849.3333333333333,306.8333333333333,DoS
ipcas_21:73:33,143,0,4454,LIED10CTRL/LLN0$Status,0.0025413590000020747,0.0,1.0,1,616.3333333333334,1551.0,1849.3333333333333,306.8333333333333,DoS
ipcas_21:73:33,143,0,4455,LIED10CTRL/LLN0$Status,0.0011046399999976586,0.0,1.0,1,616.3333333333334,1551.0,1849.3333333333333,306.8333333333333,DoS
ipcas_21:73:33,143,0,4456,LIED10CTRL/LLN0$Status,0.0016352700000012987,0.0,1.0,1,616.3333333333334,1551.0,1849.3333333333333,306.8333333333333,DoS
ipcas_21:73:33,143,0,4457,LIED10CTRL/LLN0$Status,0.0023952240000006952,0.0,1.0,1,616.3333333333334,1551.0,1849.3333333333333,306.8333333333333,DoS
ipcas_21:73:33,143,0,4458,LIED10CTRL/LLN0$Status,0.0024487449999988087,0.0,1.0,1,616.3333333333334,1551.0,1849.3333333333333,306.8333333333333,DoS
ipcas_21:73:33,143,0,4459,LIED10CTRL/LLN0$Status,0.0024969559999981072,0.0,1.0,1,616.3333333333334,1551.0,1849.3333333333333,306.8333333333333,DoS
ipcas_21:73:33,143,0,4460,LIED10CTRL/LLN0$Status,0.0024238240000009625,0.0,1.0,1,616.3333333333334,1551.0,1849.3333333333333,306.8333333333333,DoS
ipcas_21:73:33,143,0,4461,LIED10CTRL/LLN0$Status,0.002284623000001318,0.0,1.0,1,616.3333333333334,1551.0,1849.3333333333333,306.8333333333333,DoS
ipcas_21:73:33,143,0,4462,LIED10CTRL/LLN0$Status,0.00263642499999861,0.0,1.0,1,616.3333333333334,1551.0,1849.3333333333333,306.8333333333333,DoS
ipcas_21:73:33,143,0,4463,LIED10CTRL/LLN0$Status,0.0025155699999999115,0.0,1.0,1,616.3333333333334,1551.0,1849.3333333333333,306.8333333333333,DoS
ipcas_21:73:33,143,0,4464,LIED10CTRL/LLN0$Status,0.002508317000000204,0.0,1.0,1,616.3333333333334,1551.0,1849.3333333333333,306.8333333333333,DoS
ipcas_21:73:33,143,0,4465,LIED10CTRL/LLN0$Status,0.0027134179999990238,0.0,1.0,1,616.3333333333334,1551.0,1849.3333333333333,306.8333333333333,DoS
ipcas_21:73:33,143,0,4466,LIED10CTRL/LLN0$Status,0.005586715000003295,0.0,1.0,1,616.3333333333334,1551.0,1849.3333333333333,306.8333333333333,DoS
ipcas_21:73:33,143,0,4467,LIED10CTRL/LLN0$Status,0.0019250199999980566,0.0,1.0,1,616.3333333333334,1551.0,1849.3333333333333,306.8333333333333,DoS
ipcas_21:73:33,143,0,4468,LIED10CTRL/LLN0$Status,4.020999998743946e-06,0.0,1.0,1,616.3333333333334,1551.0,1849.3333333333333,306.8333333333333,DoS
ipcas_21:73:33,143,0,4469,LIED10CTRL/LLN0$Status,0.0035897680000012144,0.0,1.0,1,616.3333333333334,1551.0,1849.3333333333333,306.8333333333333,DoS
ipcas_21:73:33,143,0,4470,LIED10CTRL/LLN0$Status,0.003678298000000524,0.0,1.0,1,616.3333333333334,1551.0,1849.3333333333333,306.8333333333333,DoS
ipcas_21:73:33,143,0,4471,LIED10CTRL/LLN0$Status,6.432999999361755e-06,0.0,1.0,1,616.3333333333334,1551.0,1849.3333333333333,306.8333333333333,DoS
ipcas_21:73:33,143,0,4472,LIED10CTRL/LLN0$Status,0.0026678890000013666,0.0,1.0,1,616.3333333333334,1551.0,1849.3333333333333,306.8333333333333,DoS
ipcas_21:73:33,143,0,4473,LIED10CTRL/LLN0$Status,0.002291248999998885,0.0,1.0,1,616.3333333333334,1551.0,1849.3333333333333,306.8333333333333,DoS
ipcas_21:73:33,143,0,4474,LIED10CTRL/LLN0$Status,0.0024134860000017966,0.0,1.0,1,616.3333333333334,1551.0,1849.3333333333333,306.8333333333333,DoS
ipcas_21:73:33,143,0,4475,LIED10CTRL/LLN0$Status,0.00258742199999773,0.0,1.0,1,616.3333333333334,1551.0,1849.3333333333333,306.8333333333333,DoS
ipcas_21:73:33,143,0,4476,LIED10CTRL/LLN0$Status,0.0024187950000005287,0.0,1.0,1,616.3333333333334,1551.0,1849.3333333333333,306.8333333333333,DoS
ipcas_21:73:33,143,0,4477,LIED10CTRL/LLN0$Status,0.002589076999999662,0.0,1.0,1,616.3333333333334,1551.0,1849.3333333333333,306.8333333333333,DoS
ipcas_21:73:33,143,0,4478,LIED10CTRL/LLN0$Status,0.003040127000002002,0.0,1.0,1,616.3333333333334,1551.0,1849.3333333333333,306.8333333333333,DoS
ipcas_21:73:33,143,0,4479,LIED10CTRL/LLN0$Status,0.0019668919999986656,0.0,1.0,1,616.3333333333334,1551.0,1849.3333333333333,306.8333333333333,DoS
ipcas_21:73:33,143,0,4480,LIED10CTRL/LLN0$Status,0.003821177999999037,0.0,1.0,1,616.3333333333334,1551.0,1849.3333333333333,306.8333333333333,DoS
ipcas_21:73:33,143,0,4481,LIED10CTRL/LLN0$Status,0.0003123299999998608,0.0,1.0,1,616.3333333333334,1551.0,1849.3333333333333,306.8333333333333,DoS
ipcas_21:73:33,143,0,4482,LIED10CTRL/LLN0$Status,0.004740097000002663,0.0,1.0,1,616.3333333333334,1551.0,1849.3333333333333,306.8333333333333,DoS
ipcas_21:73:33,143,0,4483,LIED10CTRL/LLN0$Status,0.0022010459999997067,0.0,1.0,1,616.3333333333334,1551.0,1849.3333333333333,306.8333333333333,DoS
ipcas_21:73:33,143,0,4484,LIED10CTRL/LLN0$Status,0.0026327829999992503,0.0,1.0,1,616.3333333333334,1551.0,1849.3333333333333,306.8333333333333,DoS
ipcas_21:73:33,143,0,4485,LIED10CTRL/LLN0$Status,0.0013812959999981445,0.0,1.0,1,616.3333333333334,1551.0,1849.3333333333333,306.8333333333333,DoS
ipcas_21:73:33,143,0,4486,LIED10CTRL/LLN0$Status,0.002435732000002133,0.0,1.0,1,616.3333333333334,1551.0,1849.3333333333333,306.8333333333333,DoS
ipcas_21:73:33,143,0,4487,LIED10CTRL/LLN0$Status,0.0024649960000004967,0.0,1.0,1,616.3333333333334,1551.0,1849.3333333333333,306.8333333333333,DoS
ipcas_21:73:33,143,0,4488,LIED10CTRL/LLN0$Status,0.0023672819999980277,0.0,1.0,1,616.3333333333334,1551.0,1849.3333333333333,306.8333333333333,DoS
ipcas_21:73:33,143,0,4489,LIED10CTRL/LLN0$Status,0.00250338100000036,0.0,1.0,1,616.3333333333334,1551.0,1849.3333333333333,306.8333333333333,DoS
ipcas_21:73:33,143,0,4490,LIED10CTRL/LLN0$Status,0.0025150089999996794,0.0,1.0,1,616.3333333333334,1551.0,1849.3333333333333,306.8333333333333,DoS
ipcas_21:73:33,143,0,4491,LIED10CTRL/LLN0$Status,0.0028569100000019887,0.0,1.0,1,616.3333333333334,1551.0,1849.3333333333333,306.8333333333333,DoS
ipcas_21:73:33,143,0,4492,LIED10CTRL/LLN0$Status,0.004900638999998819,0.0,1.0,1,616.3333333333334,1551.0,1849.3333333333333,306.8333333333333,DoS
ipcas_21:73:33,143,0,4493,LIED10CTRL/LLN0$Status,0.002206164000000399,0.0,1.0,1,616.3333333333334,1551.0,1849.3333333333333,306.8333333333333,DoS
ipcas_21:73:33,143,0,4494,LIED10CTRL/LLN0$Status,2.714000000736405e-06,0.0,1.0,1,616.3333333333334,1551.0,1849.3333333333333,306.8333333333333,DoS
ipcas_21:73:33,143,0,4495,LIED10CTRL/LLN0$Status,0.0026853629999976647,0.0,1.0,1,616.3333333333334,1551.0,1849.3333333333333,306.8333333333333,DoS
ipcas_21:73:33,143,0,4496,LIED10CTRL/LLN0$Status,0.0029725190000000623,0.0,1.0,1,616.3333333333334,1551.0,1849.3333333333333,306.8333333333333,DoS
ipcas_21:73:33,143,0,4497,LIED10CTRL/LLN0$Status,0.002024721000001506,0.0,1.0,1,616.3333333333334,1551.0,1849.3333333333333,306.8333333333333,DoS
ipcas_21:73:33,143,0,4498,LIED10CTRL/LLN0$Status,0.0024304219999997656,0.0,1.0,1,616.3333333333334,1551.0,1849.3333333333333,306.8333333333333,DoS
ipcas_21:73:33,143,0,4499,LIED10CTRL/LLN0$Status,0.0024399220000006494,0.0,1.0,1,616.3333333333334,1551.0,1849.3333333333333,306.8333333333333,DoS
ipcas_21:73:33,143,0,4500,LIED10CTRL/LLN0$Status,0.002530313999997702,0.0,1.0,1,616.3333333333334,1551.0,1849.3333333333333,306.8333333333333,DoS
ipcas_21:73:33,143,0,4501,LIED10CTRL/LLN0$Status,0.0024277490000024216,0.0,1.0,1,616.3333333333334,1551.0,1849.3333333333333,306.8333333333333,DoS
ipcas_21:73:33,143,0,4502,LIED10CTRL/LLN0$Status,0.002503554000000463,0.0,1.0,1,616.3333333333334,1551.0,1849.3333333333333,306.8333333333333,DoS
ipcas_21:73:33,143,0,4503,LIED10CTRL/LLN0$Status,0.002749177999998409,0.0,1.0,1,616.3333333333334,1551.0,1849.3333333333333,306.8333333333333,DoS
ipcas_21:73:33,143,0,4504,LIED10CTRL/LLN0$Status,0.0029634569999998917,0.0,1.0,1,616.3333333333334,1551.0,1849.3333333333333,306.8333333333333,DoS
ipcas_21:73:33,143,0,4505,LIED10CTRL/LLN0$Status,0.0018191429999987463,0.0,1.0,1,616.3333333333334,1551.0,1849.3333333333333,306.8333333333333,DoS
ipcas_21:73:33,143,0,4506,LIED10CTRL/LLN0$Status,0.0050277810000025625,0.0,1.0,1,616.3333333333334,1551.0,1849.3333333333333,306.8333333333333,DoS
ipcas_21:73:33,143,0,4507,LIED10CTRL/LLN0$Status,3.206999998894844e-06,0.0,1.0,1,616.3333333333334,1551.0,1849.3333333333333,306.8333333333333,DoS
ipcas_21:73:33,143,0,4508,LIED10CTRL/LLN0$Status,0.002619725999998934,0.0,1.0,1,616.3333333333334,1551.0,1849.3333333333333,306.8333333333333,DoS
ipcas_21:73:33,143,0,4509,LIED10CTRL/LLN0$Status,0.002668287000002323,0.0,1.0,1,616.3333333333334,1551.0,1849.3333333333333,306.8333333333333,DoS
ipcas_21:73:33,143,0,4510,LIED10CTRL/LLN0$Status,0.0023979509999989546,0.0,1.0,1,616.3333333333334,1551.0,1849.3333333333333,306.8333333333333,DoS
ipcas_21:73:33,143,0,4511,LIED10CTRL/LLN0$Status,0.0025310149999988596,0.0,1.0,1,616.3333333333334,1551.0,1849.3333333333333,306.8333333333333,DoS
ipcas_21:73:33,143,0,4512,LIED10CTRL/LLN0$Status,0.0023682630000010363,0.0,1.0,1,616.3333333333334,1551.0,1849.3333333333333,306.8333333333333,DoS
ipcas_21:73:33,143,0,4513,LIED10CTRL/LLN0$Status,0.0024759589999980847,0.0,1.0,1,616.3333333333334,1551.0,1849.3333333333333,306.8333333333333,DoS
ipcas_21:73:33,143,0,4514,LIED10CTRL/LLN0$Status,0.002435852000001404,0.0,1.0,1,616.3333333333334,1551.0,1849.3333333333333,306.8333333333333,DoS
ipcas_21:73:33,143,0,4515,LIED10CTRL/LLN0$Status,0.0024467560000012156,0.0,1.0,1,616.3333333333334,1551.0,1849.3333333333333,306.8333333333333,DoS
ipcas_21:73:33,143,0,4516,LIED10CTRL/LLN0$Status,0.0030158520000007627,0.0,1.0,1,616.3333333333334,1551.0,1849.3333333333333,306.8333333333333,DoS
ipcas_21:73:33,143,0,4517,LIED10CTRL/LLN0$Status,0.004514068999998955,0.0,1.0,1,616.3333333333334,1551.0,1849.3333333333333,306.8333333333333,DoS
ipcas_21:73:33,143,0,4518,LIED10CTRL/LLN0$Status,0.002314255999998238,0.0,1.0,1,616.3333333333334,1551.0,1849.3333333333333,306.8333333333333,DoS
ipcas_21:73:33,143,0,4519,LIED10CTRL/LLN0$Status,0.00019654400000135297,0.0,1.0,1,616.3333333333334,1551.0,1849.3333333333333,306.8333333333333,DoS
ipcas_21:73:33,143,0,4520,LIED10CTRL/LLN0$Status,0.0031001350000003924,0.0,1.0,1,616.3333333333334,1551.0,1849.3333333333333,306.8333333333333,DoS
ipcas_21:73:33,143,0,4521,LIED10CTRL/LLN0$Status,0.0019947649999991768,0.0,1.0,1,616.3333333333334,1551.0,1849.3333333333333,306.8333333333333,DoS
ipcas_21:73:33,143,0,4522,LIED10CTRL/LLN0$Status,0.002500384000001077,0.0,1.0,1,616.3333333333334,1551.0,1849.3333333333333,306.8333333333333,DoS
ipcas_21:73:33,143,0,4523,LIED10CTRL/LLN0$Status,0.0024043349999978147,0.0,1.0,1,616.3333333333334,1551.0,1849.3333333333333,306.8333333333333,DoS
ipcas_21:73:33,143,0,4524,LIED10CTRL/LLN0$Status,0.0024520570000028385,0.0,1.0,1,616.3333333333334,1551.0,1849.3333333333333,306.8333333333333,DoS
ipcas_21:73:33,143,0,4525,LIED10CTRL/LLN0$Status,0.0050724329999987106,0.0,1.0,1,616.3333333333334,1551.0,1849.3333333333333,306.8333333333333,DoS
ipcas_21:73:33,143,0,4526,LIED10CTRL/LLN0$Status,0.00212343599999798,0.0,1.0,1,616.3333333333334,1551.0,1849.3333333333333,306.8333333333333,DoS
ipcas_21:73:33,143,0,4527,LIED10CTRL/LLN0$Status,0.0004402100000007181,0.0,1.0,1,616.3333333333334,1551.0,1849.3333333333333,306.8333333333333,DoS
ipcas_21:73:33,143,0,4528,LIED10CTRL/LLN0$Status,0.002781063000000472,0.0,1.0,1,616.3333333333334,1551.0,1849.3333333333333,306.8333333333333,DoS
ipcas_21:73:33,143,0,4529,LIED10CTRL/LLN0$Status,0.0023464050000008285,0.0,1.0,1,616.3333333333334,1551.0,1849.3333333333333,306.8333333333333,DoS
ipcas_21:73:33,143,0,4530,LIED10CTRL/LLN0$Status,0.004717771999999343,0.0,1.0,1,616.3333333333334,1551.0,1849.3333333333333,306.8333333333333,DoS
ipcas_21:73:33,143,0,4531,LIED10CTRL/LLN0$Status,0.0007827889999987292,0.0,1.0,1,616.3333333333334,1551.0,1849.3333333333333,306.8333333333333,DoS
ipcas_21:73:33,143,0,4532,LIED10CTRL/LLN0$Status,0.0025101050000024827,0.0,1.0,1,616.3333333333334,1551.0,1849.3333333333333,306.8333333333333,DoS
ipcas_21:73:33,143,0,4533,LIED10CTRL/LLN0$Status,0.0018410140000000297,0.0,1.0,1,616.3333333333334,1551.0,1849.3333333333333,306.8333333333333,DoS
ipcas_21:73:33,143,0,4534,LIED10CTRL/LLN0$Status,0.0027806899999980317,0.0,1.0,1,616.3333333333334,1551.0,1849.3333333333333,306.8333333333333,DoS
ipcas_21:73:33,143,0,4535,LIED10CTRL/LLN0$Status,0.002192550000000182,0.0,1.0,1,616.3333333333334,1551.0,1849.3333333333333,306.8333333333333,DoS
ipcas_21:73:33,143,0,4536,LIED10CTRL/LLN0$Status,0.002431839999999852,0.0,1.0,1,616.3333333333334,1551.0,1849.3333333333333,306.8333333333333,DoS
ipcas_21:73:33,143,0,4537,LIED10CTRL/LLN0$Status,0.002514671000000135,0.0,1.0,1,616.3333333333334,1551.0,1849.3333333333333,306.8333333333333,DoS
ipcas_21:73:33,143,0,4538,LIED10CTRL/LLN0$Status,0.0025927239999994356,0.0,1.0,1,616.3333333333334,1551.0,1849.3333333333333,306.8333333333333,DoS
ipcas_21:73:33,143,0,4539,LIED10CTRL/LLN0$Status,0.0023974210000012874,0.0,1.0,1,616.3333333333334,1551.0,1849.3333333333333,306.8333333333333,DoS
ipcas_21:73:33,143,0,4540,LIED10CTRL/LLN0$Status,0.0026020680000016227,0.0,1.0,1,616.3333333333334,1551.0,1849.3333333333333,306.8333333333333,DoS
ipcas_21:73:33,143,0,4541,LIED10CTRL/LLN0$Status,0.00480226699999875,0.0,1.0,1,616.3333333333334,1551.0,1849.3333333333333,306.8333333333333,DoS
ipcas_21:73:33,143,0,4542,LIED10CTRL/LLN0$Status,0.0025045960000014134,0.0,1.0,1,616.3333333333334,1551.0,1849.3333333333333,306.8333333333333,DoS
ipcas_21:73:33,143,0,4543,LIED10CTRL/LLN0$Status,0.00016112299999804236,0.0,1.0,1,616.3333333333334,1551.0,1849.3333333333333,306.8333333333333,DoS
ipcas_21:73:33,143,0,4544,LIED10CTRL/LLN0$Status,0.0028369559999994465,0.0,1.0,1,616.3333333333334,1551.0,1849.3333333333333,306.8333333333333,DoS
ipcas_21:73:33,143,0,4545,LIED10CTRL/LLN0$Status,0.0023452190000021744,0.0,1.0,1,616.3333333333334,1551.0,1849.3333333333333,306.8333333333333,DoS
ipcas_21:73:33,143,0,4546,LIED10CTRL/LLN0$Status,0.0023351500000003966,0.0,1.0,1,616.3333333333334,1551.0,1849.3333333333333,306.8333333333333,DoS
ipcas_21:73:33,143,0,4547,LIED10CTRL/LLN0$Status,0.0024479129999974703,0.0,1.0,1,616.3333333333334,1551.0,1849.3333333333333,306.8333333333333,DoS
ipcas_21:73:33,143,0,4548,LIED10CTRL/LLN0$Status,0.0028598909999999478,0.0,1.0,1,616.3333333333334,1551.0,1849.3333333333333,306.8333333333333,DoS
ipcas_21:73:33,143,0,4549,LIED10CTRL/LLN0$Status,0.0022269040000004736,0.0,1.0,1,616.3333333333334,1551.0,1849.3333333333333,306.8333333333333,DoS
ipcas_21:73:33,143,0,4550,LIED10CTRL/LLN0$Status,0.002454838000002013,0.0,1.0,1,616.3333333333334,1551.0,1849.3333333333333,306.8333333333333,DoS
ipcas_21:73:33,143,0,4551,LIED10CTRL/LLN0$Status,0.0024064029999983916,0.0,1.0,1,616.3333333333334,1551.0,1849.3333333333333,306.8333333333333,DoS
ipcas_21:73:33,143,0,4552,LIED10CTRL/LLN0$Status,0.002848612000001083,0.0,1.0,1,616.3333333333334,1551.0,1849.3333333333333,306.8333333333333,DoS
ipcas_21:73:33,143,0,4553,LIED10CTRL/LLN0$Status,0.0046565589999971735,0.0,1.0,1,616.3333333333334,1551.0,1849.3333333333333,306.8333333333333,DoS
ipcas_21:73:33,143,0,4554,LIED10CTRL/LLN0$Status,0.0023222100000026558,0.0,1.0,1,616.3333333333334,1551.0,1849.3333333333333,306.8333333333333,DoS
ipcas_21:73:33,143,0,4555,LIED10CTRL/LLN0$Status,0.00027475399999943306,0.0,1.0,1,616.3333333333334,1551.0,1849.3333333333333,306.8333333333333,DoS
ipcas_21:73:33,143,0,4556,LIED10CTRL/LLN0$Status,0.0026738950000009254,0.0,1.0,1,616.3333333333334,1551.0,1849.3333333333333,306.8333333333333,DoS
ipcas_21:73:33,143,0,4557,LIED10CTRL/LLN0$Status,0.0026432899999981885,0.0,1.0,1,616.3333333333334,1551.0,1849.3333333333333,306.8333333333333,DoS
ipcas_21:73:33,143,0,4558,LIED10CTRL/LLN0$Status,0.002209208000000018,0.0,1.0,1,616.3333333333334,1551.0,1849.3333333333333,306.8333333333333,DoS
ipcas_21:73:33,143,0,4559,LIED10CTRL/LLN0$Status,0.002553352999999703,0.0,1.0,1,616.3333333333334,1551.0,1849.3333333333333,306.8333333333333,DoS
ipcas_21:73:33,143,0,4560,LIED10CTRL/LLN0$Status,0.002436163000002267,0.0,1.0,1,616.3333333333334,1551.0,1849.3333333333333,306.8333333333333,DoS
ipcas_21:73:33,143,0,4561,LIED10CTRL/LLN0$Status,0.0025214719999979707,0.0,1.0,1,616.3333333333334,1551.0,1849.3333333333333,306.8333333333333,DoS
ipcas_21:73:33,143,0,4562,LIED10CTRL/LLN0$Status,0.00235214699999986,0.0,1.0,1,616.3333333333334,1551.0,1849.3333333333333,306.8333333333333,DoS
ipcas_21:73:33,143,0,4563,LIED10CTRL/LLN0$Status,0.0025259780000013166,0.0,1.0,1,616.3333333333334,1551.0,1849.3333333333333,306.8333333333333,DoS
ipcas_21:73:33,143,0,4564,LIED10CTRL/LLN0$Status,0.002591302999999101,0.0,1.0,1,616.3333333333334,1551.0,1849.3333333333333,306.8333333333333,DoS
ipcas_21:73:33,143,0,4565,LIED10CTRL/LLN0$Status,0.002574442000000232,0.0,1.0,1,616.3333333333334,1551.0,1849.3333333333333,306.8333333333333,DoS
ipcas_21:73:33,143,0,4566,LIED10CTRL/LLN0$Status,0.0024850110000009806,0.0,1.0,1,616.3333333333334,1551.0,1849.3333333333333,306.8333333333333,DoS
ipcas_21:73:33,143,0,4567,LIED10CTRL/LLN0$Status,0.004770031999999702,0.0,1.0,1,616.3333333333334,1551.0,1849.3333333333333,306.8333333333333,DoS
ipcas_21:73:33,143,0,4568,LIED10CTRL/LLN0$Status,0.0005313099999995075,0.0,1.0,1,616.3333333333334,1551.0,1849.3333333333333,306.8333333333333,DoS
ipcas_21:73:33,143,0,4569,LIED10CTRL/LLN0$Status,0.002352930000000697,0.0,1.0,1,616.3333333333334,1551.0,1849.3333333333333,306.8333333333333,DoS
ipcas_21:73:33,143,0,4570,LIED10CTRL/LLN0$Status,0.0028809860000009735,0.0,1.0,1,616.3333333333334,1551.0,1849.3333333333333,306.8333333333333,DoS
ipcas_21:73:33,143,0,4571,LIED10CTRL/LLN0$Status,0.001879694999999515,0.0,1.0,1,616.3333333333334,1551.0,1849.3333333333333,306.8333333333333,DoS
ipcas_21:73:33,143,0,4572,LIED10CTRL/LLN0$Status,0.002504198999996987,0.0,1.0,1,616.3333333333334,1551.0,1849.3333333333333,306.8333333333333,DoS
ipcas_21:73:33,143,0,4573,LIED10CTRL/LLN0$Status,0.0024789670000018305,0.0,1.0,1,616.3333333333334,1551.0,1849.3333333333333,306.8333333333333,DoS
ipcas_21:73:33,143,0,4574,LIED10CTRL/LLN0$Status,0.0025261910000011767,0.0,1.0,1,616.3333333333334,1551.0,1849.3333333333333,306.8333333333333,DoS
ipcas_21:73:33,143,0,4575,LIED10CTRL/LLN0$Status,0.002568734999996991,0.0,1.0,1,616.3333333333334,1551.0,1849.3333333333333,306.8333333333333,DoS
ipcas_21:73:33,143,0,4576,LIED10CTRL/LLN0$Status,0.002435444000003173,0.0,1.0,1,616.3333333333334,1551.0,1849.3333333333333,306.8333333333333,DoS
ipcas_21:73:33,143,0,4577,LIED10CTRL/LLN0$Status,0.0028594109999993123,0.0,1.0,1,616.3333333333334,1551.0,1849.3333333333333,306.8333333333333,DoS
ipcas_21:73:33,143,0,4578,LIED10CTRL/LLN0$Status,0.0021742319999979998,0.0,1.0,1,616.3333333333334,1551.0,1849.3333333333333,306.8333333333333,DoS
ipcas_21:73:33,143,0,4579,LIED10CTRL/LLN0$Status,0.004837437000002609,0.0,1.0,1,616.3333333333334,1551.0,1849.3333333333333,306.8333333333333,DoS
ipcas_21:73:33,143,0,4580,LIED10CTRL/LLN0$Status,0.0027524689999971486,0.0,1.0,1,616.3333333333334,1551.0,1849.3333333333333,306.8333333333333,DoS
ipcas_21:73:33,143,0,4581,LIED10CTRL/LLN0$Status,3.32400000147004e-06,0.0,1.0,1,616.3333333333334,1551.0,1849.3333333333333,306.8333333333333,DoS
ipcas_21:73:33,143,0,4582,LIED10CTRL/LLN0$Status,0.002640200999998399,0.0,1.0,1,616.3333333333334,1551.0,1849.3333333333333,306.8333333333333,DoS
ipcas_21:73:33,143,0,4583,LIED10CTRL/LLN0$Status,0.0026932570000006706,0.0,1.0,1,616.3333333333334,1551.0,1849.3333333333333,306.8333333333333,DoS
ipcas_21:73:33,143,0,4584,LIED10CTRL/LLN0$Status,0.0021842539999994415,0.0,1.0,1,616.3333333333334,1551.0,1849.3333333333333,306.8333333333333,DoS
ipcas_21:73:33,143,0,4585,LIED10CTRL/LLN0$Status,0.002254847999999754,0.0,1.0,1,616.3333333333334,1551.0,1849.3333333333333,306.8333333333333,DoS
ipcas_21:73:33,143,0,4586,LIED10CTRL/LLN0$Status,0.0025178390000029083,0.0,1.0,1,616.3333333333334,1551.0,1849.3333333333333,306.8333333333333,DoS
ipcas_21:73:33,143,0,4587,LIED10CTRL/LLN0$Status,0.0024667489999998793,0.0,1.0,1,616.3333333333334,1551.0,1849.3333333333333,306.8333333333333,DoS
ipcas_21:73:33,143,0,4588,LIED10CTRL/LLN0$Status,0.002564033999998827,0.0,1.0,1,616.3333333333334,1551.0,1849.3333333333333,306.8333333333333,DoS
ipcas_21:73:33,143,0,4589,LIED10CTRL/LLN0$Status,0.002878249999998417,0.0,1.0,1,616.3333333333334,1551.0,1849.3333333333333,306.8333333333333,DoS
ipcas_21:73:33,143,0,4590,LIED10CTRL/LLN0$Status,0.0021234450000022775,0.0,1.0,1,616.3333333333334,1551.0,1849.3333333333333,306.8333333333333,DoS
ipcas_21:73:33,143,0,4591,LIED10CTRL/LLN0$Status,0.00275921899999787,0.0,1.0,1,616.3333333333334,1551.0,1849.3333333333333,306.8333333333333,DoS
ipcas_21:73:33,143,0,4592,LIED10CTRL/LLN0$Status,0.0023894070000025636,0.0,1.0,1,616.3333333333334,1551.0,1849.3333333333333,306.8333333333333,DoS
ipcas_21:73:33,143,0,4593,LIED10CTRL/LLN0$Status,0.00476434299999795,0.0,1.0,1,616.3333333333334,1551.0,1849.3333333333333,306.8333333333333,DoS
ipcas_21:73:33,143,0,4594,LIED10CTRL/LLN0$Status,0.000361573000002835,0.0,1.0,1,616.3333333333334,1551.0,1849.3333333333333,306.8333333333333,DoS
ipcas_21:73:33,143,0,4595,LIED10CTRL/LLN0$Status,0.002603585999999325,0.0,1.0,1,616.3333333333334,1551.0,1849.3333333333333,306.8333333333333,DoS
ipcas_21:73:33,143,0,4596,LIED10CTRL/LLN0$Status,0.0026045870000004356,0.0,1.0,1,616.3333333333334,1551.0,1849.3333333333333,306.8333333333333,DoS
ipcas_21:73:33,143,0,4597,LIED10CTRL/LLN0$Status,0.004660481999998467,0.0,1.0,1,616.3333333333334,1551.0,1849.3333333333333,306.8333333333333,DoS
ipcas_21:73:33,143,0,4598,LIED10CTRL/LLN0$Status,0.0023717569999988086,0.0,1.0,1,616.3333333333334,1551.0,1849.3333333333333,306.8333333333333,DoS
ipcas_21:73:33,143,0,4599,LIED10CTRL/LLN0$Status,0.0024412760000025457,0.0,1.0,1,616.3333333333334,1551.0,1849.3333333333333,306.8333333333333,DoS
ipcas_21:73:33,143,0,4600,LIED10CTRL/LLN0$Status,0.0025249189999989596,0.0,1.0,1,616.3333333333334,1551.0,1849.3333333333333,306.8333333333333,DoS
ipcas_21:73:33,143,0,4601,LIED10CTRL/LLN0$Status,0.0025216820000011353,0.0,1.0,1,616.3333333333334,1551.0,1849.3333333333333,306.8333333333333,DoS
ipcas_21:73:33,143,0,4602,LIED10CTRL/LLN0$Status,0.002535421999997567,0.0,1.0,1,616.3333333333334,1551.0,1849.3333333333333,306.8333333333333,DoS
ipcas_21:73:33,143,0,4603,LIED10CTRL/LLN0$Status,0.002825184000002423,0.0,1.0,1,616.3333333333334,1551.0,1849.3333333333333,306.8333333333333,DoS
ipcas_21:73:33,143,0,4604,LIED10CTRL/LLN0$Status,0.0022695409999968774,0.0,1.0,1,616.3333333333334,1551.0,1849.3333333333333,306.8333333333333,DoS
ipcas_21:73:33,143,0,4605,LIED10CTRL/LLN0$Status,0.0024561180000013394,0.0,1.0,1,616.3333333333334,1551.0,1849.3333333333333,306.8333333333333,DoS
ipcas_21:73:33,143,0,4606,LIED10CTRL/LLN0$Status,0.002805372000000972,0.0,1.0,1,616.3333333333334,1551.0,1849.3333333333333,306.8333333333333,DoS
ipcas_21:73:33,143,0,4607,LIED10CTRL/LLN0$Status,0.0023752150000007077,0.0,1.0,1,616.3333333333334,1551.0,1849.3333333333333,306.8333333333333,DoS
ipcas_21:73:33,143,0,4608,LIED10CTRL/LLN0$Status,0.0022958479999992676,0.0,1.0,1,616.3333333333334,1551.0,1849.3333333333333,306.8333333333333,DoS
ipcas_21:73:33,143,0,4609,LIED10CTRL/LLN0$Status,0.0025514280000003,0.0,1.0,1,616.3333333333334,1551.0,1849.3333333333333,306.8333333333333,DoS
ipcas_21:73:33,143,0,4610,LIED10CTRL/LLN0$Status,0.002405578999997715,0.0,1.0,1,616.3333333333334,1551.0,1849.3333333333333,306.8333333333333,DoS
ipcas_21:73:33,143,0,4611,LIED10CTRL/LLN0$Status,0.002551933000003004,0.0,1.0,1,616.3333333333334,1551.0,1849.3333333333333,306.8333333333333,DoS
ipcas_21:73:33,143,0,4612,LIED10CTRL/LLN0$Status,0.002380278999996932,0.0,1.0,1,616.3333333333334,1551.0,1849.3333333333333,306.8333333333333,DoS
ipcas_21:73:33,143,0,4613,LIED10CTRL/LLN0$Status,0.002488564000000082,0.0,1.0,1,616.3333333333334,1551.0,1849.3333333333333,306.8333333333333,DoS
ipcas_21:73:33,143,0,4614,LIED10CTRL/LLN0$Status,0.0026164830000006134,0.0,1.0,1,616.3333333333334,1551.0,1849.3333333333333,306.8333333333333,DoS
ipcas_21:73:33,143,0,4615,LIED10CTRL/LLN0$Status,0.002927797000001675,0.0,1.0,1,616.3333333333334,1551.0,1849.3333333333333,306.8333333333333,DoS
ipcas_21:73:33,143,0,4616,LIED10CTRL/LLN0$Status,0.004427201999998687,0.0,1.0,1,616.3333333333334,1551.0,1849.3333333333333,306.8333333333333,DoS
ipcas_21:73:33,143,0,4617,LIED10CTRL/LLN0$Status,0.002555478000001443,0.0,1.0,1,616.3333333333334,1551.0,1849.3333333333333,306.8333333333333,DoS
ipcas_21:73:33,143,0,4618,LIED10CTRL/LLN0$Status,2.7779999989263615e-06,0.0,1.0,1,616.3333333333334,1551.0,1849.3333333333333,306.8333333333333,DoS
ipcas_21:73:33,143,0,4619,LIED10CTRL/LLN0$Status,0.0028660440000010112,0.0,1.0,1,616.3333333333334,1551.0,1849.3333333333333,306.8333333333333,DoS
ipcas_21:73:33,143,0,4620,LIED10CTRL/LLN0$Status,0.002697643999997723,0.0,1.0,1,616.3333333333334,1551.0,1849.3333333333333,306.8333333333333,DoS
ipcas_21:73:33,143,0,4621,LIED10CTRL/LLN0$Status,0.0020095100000006028,0.0,1.0,1,616.3333333333334,1551.0,1849.3333333333333,306.8333333333333,DoS
ipcas_21:73:33,143,0,4622,LIED10CTRL/LLN0$Status,0.002415406000000786,0.0,1.0,1,616.3333333333334,1551.0,1849.3333333333333,306.8333333333333,DoS
ipcas_21:73:33,143,0,4623,LIED10CTRL/LLN0$Status,0.0025505529999989562,0.0,1.0,1,616.3333333333334,1551.0,1849.3333333333333,306.8333333333333,DoS
ipcas_21:73:33,143,0,4624,LIED10CTRL/LLN0$Status,0.0024405690000008917,0.0,1.0,1,616.3333333333334,1551.0,1849.3333333333333,306.8333333333333,DoS
ipcas_21:73:33,143,0,4625,LIED10CTRL/LLN0$Status,0.002632530999999716,0.0,1.0,1,616.3333333333334,1551.0,1849.3333333333333,306.8333333333333,DoS
ipcas_21:73:33,143,0,4626,LIED10CTRL/LLN0$Status,0.002356182999999845,0.0,1.0,1,616.3333333333334,1551.0,1849.3333333333333,306.8333333333333,DoS
ipcas_21:73:33,143,0,4627,LIED10CTRL/LLN0$Status,0.0025028459999987263,0.0,1.0,1,616.3333333333334,1551.0,1849.3333333333333,306.8333333333333,DoS
ipcas_21:73:33,143,0,4628,LIED10CTRL/LLN0$Status,0.0028125280000033115,0.0,1.0,1,616.3333333333334,1551.0,1849.3333333333333,306.8333333333333,DoS
ipcas_21:73:33,143,0,4629,LIED10CTRL/LLN0$Status,0.0024765749999993147,0.0,1.0,1,616.3333333333334,1551.0,1849.3333333333333,306.8333333333333,DoS
ipcas_21:73:33,143,0,4630,LIED10CTRL/LLN0$Status,0.0023603849999993542,0.0,1.0,1,616.3333333333334,1551.0,1849.3333333333333,306.8333333333333,DoS
ipcas_21:73:33,143,0,4631,LIED10CTRL/LLN0$Status,0.0023872979999985944,0.0,1.0,1,616.3333333333334,1551.0,1849.3333333333333,306.8333333333333,DoS
ipcas_21:73:33,143,0,4632,LIED10CTRL/LLN0$Status,0.0026742669999997304,0.0,1.0,1,616.3333333333334,1551.0,1849.3333333333333,306.8333333333333,DoS
ipcas_21:73:33,143,0,4633,LIED10CTRL/LLN0$Status,0.002404626000000576,0.0,1.0,1,616.3333333333334,1551.0,1849.3333333333333,306.8333333333333,DoS
ipcas_21:73:33,143,0,4634,LIED10CTRL/LLN0$Status,0.002637626000002058,0.0,1.0,1,616.3333333333334,1551.0,1849.3333333333333,306.8333333333333,DoS
ipcas_21:73:33,143,0,4635,LIED10CTRL/LLN0$Status,0.002610397999998071,0.0,1.0,1,616.3333333333334,1551.0,1849.3333333333333,306.8333333333333,DoS
ipcas_21:73:33,143,0,4636,LIED10CTRL/LLN0$Status,0.0022109189999994783,0.0,1.0,1,616.3333333333334,1551.0,1849.3333333333333,306.8333333333333,DoS
ipcas_21:73:33,143,0,4637,LIED10CTRL/LLN0$Status,0.0024774020000002395,0.0,1.0,1,616.3333333333334,1551.0,1849.3333333333333,306.8333333333333,DoS
ipcas_21:73:33,143,0,4638,LIED10CTRL/LLN0$Status,0.0024390790000019535,0.0,1.0,1,616.3333333333334,1551.0,1849.3333333333333,306.8333333333333,DoS
ipcas_21:73:33,143,0,4639,LIED10CTRL/LLN0$Status,0.0026159309999975733,0.0,1.0,1,616.3333333333334,1551.0,1849.3333333333333,306.8333333333333,DoS
ipcas_21:73:33,143,0,4640,LIED10CTRL/LLN0$Status,0.0028384560000027648,0.0,1.0,1,616.3333333333334,1551.0,1849.3333333333333,306.8333333333333,DoS
ipcas_21:73:33,143,0,4641,LIED10CTRL/LLN0$Status,0.0021437459999980035,0.0,1.0,1,616.3333333333334,1551.0,1849.3333333333333,306.8333333333333,DoS
ipcas_21:73:33,143,0,4642,LIED10CTRL/LLN0$Status,0.002479495999999415,0.0,1.0,1,616.3333333333334,1551.0,1849.3333333333333,306.8333333333333,DoS
ipcas_21:73:33,143,0,4643,LIED10CTRL/LLN0$Status,0.0025381549999998754,0.0,1.0,1,616.3333333333334,1551.0,1849.3333333333333,306.8333333333333,DoS
ipcas_21:73:33,143,0,4644,LIED10CTRL/LLN0$Status,0.002515223000003175,0.0,1.0,1,616.3333333333334,1551.0,1849.3333333333333,306.8333333333333,DoS
ipcas_21:73:33,143,0,4645,LIED10CTRL/LLN0$Status,0.0033881549999996707,0.0,1.0,1,616.3333333333334,1551.0,1849.3333333333333,306.8333333333333,DoS
ipcas_21:73:33,143,0,4646,LIED10CTRL/LLN0$Status,0.0018041740000001028,0.0,1.0,1,616.3333333333334,1551.0,1849.3333333333333,306.8333333333333,DoS
ipcas_21:73:33,143,0,4647,LIED10CTRL/LLN0$Status,0.0022283469999990757,0.0,1.0,1,616.3333333333334,1551.0,1849.3333333333333,306.8333333333333,DoS
ipcas_21:73:33,143,0,4648,LIED10CTRL/LLN0$Status,0.0025563240000003873,0.0,1.0,1,616.3333333333334,1551.0,1849.3333333333333,306.8333333333333,DoS
ipcas_21:73:33,143,0,4649,LIED10CTRL/LLN0$Status,0.0024118820000005314,0.0,1.0,1,616.3333333333334,1551.0,1849.3333333333333,306.8333333333333,DoS
ipcas_21:73:33,143,0,4650,LIED10CTRL/LLN0$Status,0.002525252999998173,0.0,1.0,1,616.3333333333334,1551.0,1849.3333333333333,306.8333333333333,DoS
ipcas_21:73:33,143,0,4651,LIED10CTRL/LLN0$Status,0.002478122999999499,0.0,1.0,1,616.3333333333334,1551.0,1849.3333333333333,306.8333333333333,DoS
ipcas_21:73:33,143,0,4652,LIED10CTRL/LLN0$Status,0.0026185650000023486,0.0,1.0,1,616.3333333333334,1551.0,1849.3333333333333,306.8333333333333,DoS
ipcas_21:73:33,143,0,4653,LIED10CTRL/LLN0$Status,0.0023749789999989446,0.0,1.0,1,616.3333333333334,1551.0,1849.3333333333333,306.8333333333333,DoS
ipcas_21:73:33,143,0,4654,LIED10CTRL/LLN0$Status,0.0024986590000004583,0.0,1.0,1,616.3333333333334,1551.0,1849.3333333333333,306.8333333333333,DoS
ipcas_21:73:33,143,0,4655,LIED10CTRL/LLN0$Status,0.00250170400000016,0.0,1.0,1,616.3333333333334,1551.0,1849.3333333333333,306.8333333333333,DoS
ipcas_21:73:33,143,0,4656,LIED10CTRL/LLN0$Status,0.002932398999998753,0.0,1.0,1,616.3333333333334,1551.0,1849.3333333333333,306.8333333333333,DoS
ipcas_21:73:33,143,0,4657,LIED10CTRL/LLN0$Status,0.0022359330000014666,0.0,1.0,1,616.3333333333334,1551.0,1849.3333333333333,306.8333333333333,DoS
ipcas_21:73:33,143,0,4658,LIED10CTRL/LLN0$Status,0.0024935659999982818,0.0,1.0,1,616.3333333333334,1551.0,1849.3333333333333,306.8333333333333,DoS
ipcas_21:73:33,143,0,4659,LIED10CTRL/LLN0$Status,0.0023576040000001797,0.0,1.0,1,616.3333333333334,1551.0,1849.3333333333333,306.8333333333333,DoS
ipcas_21:73:33,143,0,4660,LIED10CTRL/LLN0$Status,0.0024750420000003714,0.0,1.0,1,616.3333333333334,1551.0,1849.3333333333333,306.8333333333333,DoS
ipcas_21:73:33,143,0,4661,LIED10CTRL/LLN0$Status,0.0027002469999999335,0.0,1.0,1,616.3333333333334,1551.0,1849.3333333333333,306.8333333333333,DoS
ipcas_21:73:33,143,0,4662,LIED10CTRL/LLN0$Status,0.002404257999998549,0.0,1.0,1,616.3333333333334,1551.0,1849.3333333333333,306.8333333333333,DoS
ipcas_21:73:33,143,0,4663,LIED10CTRL/LLN0$Status,0.0025159460000026,0.0,1.0,1,616.3333333333334,1551.0,1849.3333333333333,306.8333333333333,DoS
ipcas_21:73:33,143,0,4664,LIED10CTRL/LLN0$Status,0.002667587999997778,0.0,1.0,1,616.3333333333334,1551.0,1849.3333333333333,306.8333333333333,DoS
ipcas_21:73:33,143,0,4665,LIED10CTRL/LLN0$Status,0.0023064410000017688,0.0,1.0,1,616.3333333333334,1551.0,1849.3333333333333,306.8333333333333,DoS
ipcas_21:73:33,143,0,4666,LIED10CTRL/LLN0$Status,0.002604399999999174,0.0,1.0,1,616.3333333333334,1551.0,1849.3333333333333,306.8333333333333,DoS
ipcas_21:73:33,143,0,4667,LIED10CTRL/LLN0$Status,0.002320853000000511,0.0,1.0,1,616.3333333333334,1551.0,1849.3333333333333,306.8333333333333,DoS
ipcas_21:73:33,143,0,4668,LIED10CTRL/LLN0$Status,0.002615678999998039,0.0,1.0,1,616.3333333333334,1551.0,1849.3333333333333,306.8333333333333,DoS
ipcas_21:73:33,143,0,4669,LIED10CTRL/LLN0$Status,0.0027699530000013795,0.0,1.0,1,616.3333333333334,1551.0,1849.3333333333333,306.8333333333333,DoS
ipcas_21:73:33,143,0,4670,LIED10CTRL/LLN0$Status,0.0023610649999987743,0.0,1.0,1,616.3333333333334,1551.0,1849.3333333333333,306.8333333333333,DoS
ipcas_21:73:33,143,0,4671,LIED10CTRL/LLN0$Status,0.0024813380000026086,0.0,1.0,1,616.3333333333334,1551.0,1849.3333333333333,306.8333333333333,DoS
ipcas_21:73:33,143,0,4672,LIED10CTRL/LLN0$Status,0.0023134359999978926,0.0,1.0,1,616.3333333333334,1551.0,1849.3333333333333,306.8333333333333,DoS
ipcas_21:73:33,143,0,4673,LIED10CTRL/LLN0$Status,0.002468801999999215,0.0,1.0,1,616.3333333333334,1551.0,1849.3333333333333,306.8333333333333,DoS
ipcas_21:73:33,143,0,4674,LIED10CTRL/LLN0$Status,0.002482507999999939,0.0,1.0,1,616.3333333333334,1551.0,1849.3333333333333,306.8333333333333,DoS
ipcas_21:73:33,143,0,4675,LIED10CTRL/LLN0$Status,0.0026085319999999967,0.0,1.0,1,616.3333333333334,1551.0,1849.3333333333333,306.8333333333333,DoS
ipcas_21:73:33,143,0,4676,LIED10CTRL/LLN0$Status,0.0025131300000005297,0.0,1.0,1,616.3333333333334,1551.0,1849.3333333333333,306.8333333333333,DoS
ipcas_21:73:33,143,0,4677,LIED10CTRL/LLN0$Status,0.002627664000002028,0.0,1.0,1,616.3333333333334,1551.0,1849.3333333333333,306.8333333333333,DoS
ipcas_21:73:33,143,0,4678,LIED10CTRL/LLN0$Status,0.0023920219999986614,0.0,1.0,1,616.3333333333334,1551.0,1849.3333333333333,306.8333333333333,DoS
ipcas_21:73:33,143,0,4679,LIED10CTRL/LLN0$Status,0.0024111359999992032,0.0,1.0,1,616.3333333333334,1551.0,1849.3333333333333,306.8333333333333,DoS
ipcas_21:73:33,143,0,4680,LIED10CTRL/LLN0$Status,0.0024881540000016855,0.0,1.0,1,616.3333333333334,1551.0,1849.3333333333333,306.8333333333333,DoS
ipcas_21:73:33,143,0,4681,LIED10CTRL/LLN0$Status,0.002454664999998357,0.0,1.0,1,616.3333333333334,1551.0,1849.3333333333333,306.8333333333333,DoS
ipcas_21:73:33,143,0,4682,LIED10CTRL/LLN0$Status,0.002675489000001363,0.0,1.0,1,616.3333333333334,1551.0,1849.3333333333333,306.8333333333333,DoS
ipcas_21:73:33,143,0,4683,LIED10CTRL/LLN0$Status,0.0023955549999996606,0.0,1.0,1,616.3333333333334,1551.0,1849.3333333333333,306.8333333333333,DoS
ipcas_21:73:33,143,0,4684,LIED10CTRL/LLN0$Status,0.0025080790000018283,0.0,1.0,1,616.3333333333334,1551.0,1849.3333333333333,306.8333333333333,DoS
ipcas_21:73:33,143,0,4685,LIED10CTRL/LLN0$Status,0.0024158749999969586,0.0,1.0,1,616.3333333333334,1551.0,1849.3333333333333,306.8333333333333,DoS
ipcas_21:73:33,143,0,4686,LIED10CTRL/LLN0$Status,0.0025681120000022872,0.0,1.0,1,616.3333333333334,1551.0,1849.3333333333333,306.8333333333333,DoS
ipcas_21:73:33,143,0,4687,LIED10CTRL/LLN0$Status,0.0024377079999986506,0.0,1.0,1,616.3333333333334,1551.0,1849.3333333333333,306.8333333333333,DoS
ipcas_21:73:33,143,0,4688,LIED10CTRL/LLN0$Status,0.0026792939999999987,0.0,1.0,1,616.3333333333334,1551.0,1849.3333333333333,306.8333333333333,DoS
ipcas_21:73:33,143,0,4689,LIED10CTRL/LLN0$Status,0.0023851810000010687,0.0,1.0,1,616.3333333333334,1551.0,1849.3333333333333,306.8333333333333,DoS
ipcas_21:73:33,143,0,4690,LIED10CTRL/LLN0$Status,0.0028192209999993167,0.0,1.0,1,616.3333333333334,1551.0,1849.3333333333333,306.8333333333333,DoS
ipcas_21:73:33,143,0,4691,LIED10CTRL/LLN0$Status,0.0022676260000018544,0.0,1.0,1,616.3333333333334,1551.0,1849.3333333333333,306.8333333333333,DoS
ipcas_21:73:33,143,0,4692,LIED10CTRL/LLN0$Status,0.0025905669999986003,0.0,1.0,1,616.3333333333334,1551.0,1849.3333333333333,306.8333333333333,DoS
ipcas_21:73:33,143,0,4693,LIED10CTRL/LLN0$Status,0.0023860959999986164,0.0,1.0,1,616.3333333333334,1551.0,1849.3333333333333,306.8333333333333,DoS
ipcas_21:73:33,143,0,4694,LIED10CTRL/LLN0$Status,0.002508803000001336,0.0,1.0,1,616.3333333333334,1551.0,1849.3333333333333,306.8333333333333,DoS
ipcas_21:73:33,143,0,4695,LIED10CTRL/LLN0$Status,0.002636206999998336,0.0,1.0,1,616.3333333333334,1551.0,1849.3333333333333,306.8333333333333,DoS
ipcas_21:73:33,143,0,4696,LIED10CTRL/LLN0$Status,0.002512156000001653,0.0,1.0,1,616.3333333333334,1551.0,1849.3333333333333,306.8333333333333,DoS
ipcas_21:73:33,143,0,4697,LIED10CTRL/LLN0$Status,0.0024866760000001875,0.0,1.0,1,616.3333333333334,1551.0,1849.3333333333333,306.8333333333333,DoS
ipcas_21:73:33,143,0,4698,LIED10CTRL/LLN0$Status,0.002396150999999236,0.0,1.0,1,616.3333333333334,1551.0,1849.3333333333333,306.8333333333333,DoS
ipcas_21:73:33,143,0,4699,LIED10CTRL/LLN0$Status,0.0023273060000015278,0.0,1.0,1,616.3333333333334,1551.0,1849.3333333333333,306.8333333333333,DoS
ipcas_21:73:33,143,0,4700,LIED10CTRL/LLN0$Status,0.0025136969999977055,0.0,1.0,1,616.3333333333334,1551.0,1849.3333333333333,306.8333333333333,DoS
ipcas_21:73:33,143,0,4701,LIED10CTRL/LLN0$Status,0.0026382839999996577,0.0,1.0,1,616.3333333333334,1551.0,1849.3333333333333,306.8333333333333,DoS
ipcas_21:73:33,143,0,4702,LIED10CTRL/LLN0$Status,0.0025464820000031807,0.0,1.0,1,616.3333333333334,1551.0,1849.3333333333333,306.8333333333333,DoS
ipcas_21:73:33,143,0,4703,LIED10CTRL/LLN0$Status,0.002791179999999116,0.0,1.0,1,616.3333333333334,1551.0,1849.3333333333333,306.8333333333333,DoS
ipcas_21:73:33,143,0,4704,LIED10CTRL/LLN0$Status,0.0012362770000002854,0.0,1.0,1,616.3333333333334,1551.0,1849.3333333333333,306.8333333333333,DoS
ipcas_21:73:33,143,0,4705,LIED10CTRL/LLN0$Status,0.003923318999998315,0.0,1.0,1,616.3333333333334,1551.0,1849.3333333333333,306.8333333333333,DoS
ipcas_21:73:33,143,0,4706,LIED10CTRL/LLN0$Status,0.0021736700000012377,0.0,1.0,1,616.3333333333334,1551.0,1849.3333333333333,306.8333333333333,DoS
ipcas_21:73:33,143,0,4707,LIED10CTRL/LLN0$Status,0.0020220279999989543,0.0,1.0,1,616.3333333333334,1551.0,1849.3333333333333,306.8333333333333,DoS
ipcas_21:73:33,143,0,4708,LIED10CTRL/LLN0$Status,0.003024025000001984,0.0,1.0,1,616.3333333333334,1551.0,1849.3333333333333,306.8333333333333,DoS
ipcas_21:73:33,143,0,4709,LIED10CTRL/LLN0$Status,0.0029592879999995603,0.0,1.0,1,616.3333333333334,1551.0,1849.3333333333333,306.8333333333333,DoS
ipcas_21:73:33,143,0,4710,LIED10CTRL/LLN0$Status,0.0018997199999972736,0.0,1.0,1,616.3333333333334,1551.0,1849.3333333333333,306.8333333333333,DoS
ipcas_21:73:33,143,0,4711,LIED10CTRL/LLN0$Status,0.0026021400000004746,0.0,1.0,1,616.3333333333334,1551.0,1849.3333333333333,306.8333333333333,DoS
ipcas_21:73:33,143,0,4712,LIED10CTRL/LLN0$Status,0.0023537460000007115,0.0,1.0,1,616.3333333333334,1551.0,1849.3333333333333,306.8333333333333,DoS
ipcas_21:73:33,143,0,4713,LIED10CTRL/LLN0$Status,0.002548940000000499,0.0,1.0,1,616.3333333333334,1551.0,1849.3333333333333,306.8333333333333,DoS
ipcas_21:73:33,143,0,4714,LIED10CTRL/LLN0$Status,0.002495968999998155,0.0,1.0,1,616.3333333333334,1551.0,1849.3333333333333,306.8333333333333,DoS
ipcas_21:73:33,143,0,4715,LIED10CTRL/LLN0$Status,0.002596865000001003,0.0,1.0,1,616.3333333333334,1551.0,1849.3333333333333,306.8333333333333,DoS
ipcas_21:73:33,143,0,4716,LIED10CTRL/LLN0$Status,0.0022867740000016568,0.0,1.0,1,616.3333333333334,1551.0,1849.3333333333333,306.8333333333333,DoS
ipcas_21:73:33,143,0,4717,LIED10CTRL/LLN0$Status,0.0026677789999993706,0.0,1.0,1,616.3333333333334,1551.0,1849.3333333333333,306.8333333333333,DoS
ipcas_21:73:33,143,0,4718,LIED10CTRL/LLN0$Status,0.0024060629999986816,0.0,1.0,1,616.3333333333334,1551.0,1849.3333333333333,306.8333333333333,DoS
ipcas_21:73:33,143,0,4719,LIED10CTRL/LLN0$Status,0.0024389060000018503,0.0,1.0,1,616.3333333333334,1551.0,1849.3333333333333,306.8333333333333,DoS
ipcas_21:73:33,143,0,4720,LIED10CTRL/LLN0$Status,0.002657296999998948,0.0,1.0,1,616.3333333333334,1551.0,1849.3333333333333,306.8333333333333,DoS
ipcas_21:73:33,143,0,4721,LIED10CTRL/LLN0$Status,0.002606296999999813,0.0,1.0,1,616.3333333333334,1551.0,1849.3333333333333,306.8333333333333,DoS
ipcas_21:73:33,143,0,4722,LIED10CTRL/LLN0$Status,0.002353317000000743,0.0,1.0,1,616.3333333333334,1551.0,1849.3333333333333,306.8333333333333,DoS
ipcas_21:73:33,143,0,4723,LIED10CTRL/LLN0$Status,0.0022868040000005863,0.0,1.0,1,616.3333333333334,1551.0,1849.3333333333333,306.8333333333333,DoS
ipcas_21:73:33,143,0,4724,LIED10CTRL/LLN0$Status,0.0029339319999976965,0.0,1.0,1,616.3333333333334,1551.0,1849.3333333333333,306.8333333333333,DoS
ipcas_21:73:33,143,0,4725,LIED10CTRL/LLN0$Status,0.0021997010000021078,0.0,1.0,1,616.3333333333334,1551.0,1849.3333333333333,306.8333333333333,DoS
ipcas_21:73:33,143,0,4726,LIED10CTRL/LLN0$Status,0.0027406019999993703,0.0,1.0,1,616.3333333333334,1551.0,1849.3333333333333,306.8333333333333,DoS
ipcas_21:73:33,143,0,4727,LIED10CTRL/LLN0$Status,0.0022386650000001396,0.0,1.0,1,616.3333333333334,1551.0,1849.3333333333333,306.8333333333333,DoS
ipcas_21:73:33,143,0,4728,LIED10CTRL/LLN0$Status,0.0030410550000006253,0.0,1.0,1,616.3333333333334,1551.0,1849.3333333333333,306.8333333333333,DoS
ipcas_21:73:33,143,0,4729,LIED10CTRL/LLN0$Status,0.0019415410000007682,0.0,1.0,1,616.3333333333334,1551.0,1849.3333333333333,306.8333333333333,DoS
ipcas_21:73:33,143,0,4730,LIED10CTRL/LLN0$Status,0.002376768999997836,0.0,1.0,1,616.3333333333334,1551.0,1849.3333333333333,306.8333333333333,DoS
ipcas_21:73:33,143,0,4731,LIED10CTRL/LLN0$Status,0.0026764889999988384,0.0,1.0,1,616.3333333333334,1551.0,1849.3333333333333,306.8333333333333,DoS
ipcas_21:73:33,143,0,4732,LIED10CTRL/LLN0$Status,0.0025571290000030444,0.0,1.0,1,616.3333333333334,1551.0,1849.3333333333333,306.8333333333333,DoS
ipcas_21:73:33,143,0,4733,LIED10CTRL/LLN0$Status,0.0023533679999978574,0.0,1.0,1,616.3333333333334,1551.0,1849.3333333333333,306.8333333333333,DoS
ipcas_21:73:33,143,0,4734,LIED10CTRL/LLN0$Status,0.0028584410000007665,0.0,1.0,1,616.3333333333334,1551.0,1849.3333333333333,306.8333333333333,DoS
ipcas_21:73:33,143,0,4735,LIED10CTRL/LLN0$Status,0.0021911470000013367,0.0,1.0,1,616.3333333333334,1551.0,1849.3333333333333,306.8333333333333,DoS
ipcas_21:73:33,143,0,4736,LIED10CTRL/LLN0$Status,0.0023929420000001755,0.0,1.0,1,616.3333333333334,1551.0,1849.3333333333333,306.8333333333333,DoS
ipcas_21:73:33,143,0,4737,LIED10CTRL/LLN0$Status,0.0025876479999986657,0.0,1.0,1,616.3333333333334,1551.0,1849.3333333333333,306.8333333333333,DoS
ipcas_21:73:33,143,0,4738,LIED10CTRL/LLN0$Status,0.0025298720000002106,0.0,1.0,1,616.3333333333334,1551.0,1849.3333333333333,306.8333333333333,DoS
ipcas_21:73:33,143,0,4739,LIED10CTRL/LLN0$Status,0.0024523229999999785,0.0,1.0,1,616.3333333333334,1551.0,1849.3333333333333,306.8333333333333,DoS
ipcas_21:73:33,143,0,4740,LIED10CTRL/LLN0$Status,0.0024484680000007586,0.0,1.0,1,616.3333333333334,1551.0,1849.3333333333333,306.8333333333333,DoS
ipcas_21:73:33,143,0,4741,LIED10CTRL/LLN0$Status,0.0026545630000001097,0.0,1.0,1,616.3333333333334,1551.0,1849.3333333333333,306.8333333333333,DoS
ipcas_21:73:33,143,0,4742,LIED10CTRL/LLN0$Status,0.0023766439999981515,0.0,1.0,1,616.3333333333334,1551.0,1849.3333333333333,306.8333333333333,DoS
ipcas_21:73:33,143,0,4743,LIED10CTRL/LLN0$Status,0.002737263000000212,0.0,1.0,1,616.3333333333334,1551.0,1849.3333333333333,306.8333333333333,DoS
ipcas_21:73:33,143,0,4744,LIED10CTRL/LLN0$Status,0.002247138000001314,0.0,1.0,1,616.3333333333334,1551.0,1849.3333333333333,306.8333333333333,DoS
ipcas_21:73:33,143,0,4745,LIED10CTRL/LLN0$Status,0.0026712310000007733,0.0,1.0,1,616.3333333333334,1551.0,1849.3333333333333,306.8333333333333,DoS
ipcas_21:73:33,143,0,4746,LIED10CTRL/LLN0$Status,0.0025402769999978148,0.0,1.0,1,616.3333333333334,1551.0,1849.3333333333333,306.8333333333333,DoS
ipcas_21:73:33,143,0,4747,LIED10CTRL/LLN0$Status,0.0023074429999994095,0.0,1.0,1,616.3333333333334,1551.0,1849.3333333333333,306.8333333333333,DoS
ipcas_21:73:33,143,0,4748,LIED10CTRL/LLN0$Status,0.002473422000001335,0.0,1.0,1,616.3333333333334,1551.0,1849.3333333333333,306.8333333333333,DoS
ipcas_21:73:33,143,0,4749,LIED10CTRL/LLN0$Status,0.003031394000000631,0.0,1.0,1,616.3333333333334,1551.0,1849.3333333333333,306.8333333333333,DoS
ipcas_21:73:33,143,0,4750,LIED10CTRL/LLN0$Status,0.0021101609999973903,0.0,1.0,1,616.3333333333334,1551.0,1849.3333333333333,306.8333333333333,DoS
ipcas_21:73:33,143,0,4751,LIED10CTRL/LLN0$Status,0.002469058000002633,0.0,1.0,1,616.3333333333334,1551.0,1849.3333333333333,306.8333333333333,DoS
ipcas_21:73:33,143,0,4752,LIED10CTRL/LLN0$Status,0.0025110329999975534,0.0,1.0,1,616.3333333333334,1551.0,1849.3333333333333,306.8333333333333,DoS
ipcas_21:73:33,143,0,4753,LIED10CTRL/LLN0$Status,0.0025782700000007708,0.0,1.0,1,616.3333333333334,1551.0,1849.3333333333333,306.8333333333333,DoS
ipcas_21:73:33,143,0,4754,LIED10CTRL/LLN0$Status,0.00236779000000098,0.0,1.0,1,616.3333333333334,1551.0,1849.3333333333333,306.8333333333333,DoS
ipcas_21:73:33,143,0,4755,LIED10CTRL/LLN0$Status,0.002452676000000764,0.0,1.0,1,616.3333333333334,1551.0,1849.3333333333333,306.8333333333333,DoS
ipcas_21:73:33,143,0,4756,LIED10CTRL/LLN0$Status,0.002918567999998345,0.0,1.0,1,616.3333333333334,1551.0,1849.3333333333333,306.8333333333333,DoS
ipcas_21:73:33,143,0,4757,LIED10CTRL/LLN0$Status,0.003701618000000906,0.0,1.0,1,616.3333333333334,1551.0,1849.3333333333333,306.8333333333333,DoS
ipcas_21:73:33,143,0,4758,LIED10CTRL/LLN0$Status,0.0013777299999979675,0.0,1.0,1,616.3333333333334,1551.0,1849.3333333333333,306.8333333333333,DoS
ipcas_21:73:33,143,0,4759,LIED10CTRL/LLN0$Status,0.027729486000001913,0.0,1.0,1,616.3333333333334,1551.0,1849.3333333333333,306.8333333333333,DoS
ipcas_21:73:33,143,0,4760,LIED10CTRL/LLN0$Status,0.0013088570000014954,0.0,1.0,1,616.3333333333334,1551.0,1849.3333333333333,306.8333333333333,DoS
ipcas_21:73:33,143,0,4761,LIED10CTRL/LLN0$Status,0.003177476999997708,0.0,1.0,1,616.3333333333334,1551.0,1849.3333333333333,306.8333333333333,DoS
ipcas_21:73:33,143,0,4762,LIED10CTRL/LLN0$Status,0.0024294490000009716,0.0,1.0,1,616.3333333333334,1551.0,1849.3333333333333,306.8333333333333,DoS
ipcas_21:73:33,143,0,4763,LIED10CTRL/LLN0$Status,0.0023120170000012763,0.0,1.0,1,616.3333333333334,1551.0,1849.3333333333333,306.8333333333333,DoS
ipcas_21:73:33,143,0,4764,LIED10CTRL/LLN0$Status,0.0014120819999980938,0.0,1.0,1,616.3333333333334,1551.0,1849.3333333333333,306.8333333333333,DoS
ipcas_21:73:33,143,0,4765,LIED10CTRL/LLN0$Status,0.0010509340000020018,0.0,1.0,1,616.3333333333334,1551.0,1849.3333333333333,306.8333333333333,DoS
ipcas_21:73:33,143,0,4766,LIED10CTRL/LLN0$Status,0.0018730609999977332,0.0,1.0,1,616.3333333333334,1551.0,1849.3333333333333,306.8333333333333,DoS
ipcas_21:73:33,143,0,4767,LIED10CTRL/LLN0$Status,0.0032898169999988625,0.0,1.0,1,616.3333333333334,1551.0,1849.3333333333333,306.8333333333333,DoS
ipcas_21:73:33,143,0,4768,LIED10CTRL/LLN0$Status,0.002417584000003359,0.0,1.0,1,616.3333333333334,1551.0,1849.3333333333333,306.8333333333333,DoS
ipcas_21:73:33,143,0,4769,LIED10CTRL/LLN0$Status,0.0029320579999989604,0.0,1.0,1,616.3333333333334,1551.0,1849.3333333333333,306.8333333333333,DoS
ipcas_21:73:33,143,0,4770,LIED10CTRL/LLN0$Status,0.0011384829999983026,0.0,1.0,1,616.3333333333334,1551.0,1849.3333333333333,306.8333333333333,DoS
ipcas_21:73:33,143,0,4771,LIED10CTRL/LLN0$Status,0.003352322000001351,0.0,1.0,1,616.3333333333334,1551.0,1849.3333333333333,306.8333333333333,DoS
ipcas_21:73:33,143,0,4772,LIED10CTRL/LLN0$Status,0.0025595420000001923,0.0,1.0,1,616.3333333333334,1551.0,1849.3333333333333,306.8333333333333,DoS
ipcas_21:73:33,143,0,4773,LIED10CTRL/LLN0$Status,0.002960822999998669,0.0,1.0,1,616.3333333333334,1551.0,1849.3333333333333,306.8333333333333,DoS
ipcas_21:73:33,143,0,4774,LIED10CTRL/LLN0$Status,0.002305152000001698,0.0,1.0,1,616.3333333333334,1551.0,1849.3333333333333,306.8333333333333,DoS
ipcas_21:73:33,143,0,4775,LIED10CTRL/LLN0$Status,0.001786530000000397,0.0,1.0,1,616.3333333333334,1551.0,1849.3333333333333,306.8333333333333,DoS
ipcas_21:73:33,143,0,4776,LIED10CTRL/LLN0$Status,0.0011332059999986654,0.0,1.0,1,616.3333333333334,1551.0,1849.3333333333333,306.8333333333333,DoS
ipcas_21:73:33,143,0,4777,LIED10CTRL/LLN0$Status,0.0017412059999983853,0.0,1.0,1,616.3333333333334,1551.0,1849.3333333333333,306.8333333333333,DoS
ipcas_21:73:33,143,0,4778,LIED10CTRL/LLN0$Status,0.002825635000000659,0.0,1.0,1,616.3333333333334,1551.0,1849.3333333333333,306.8333333333333,DoS
ipcas_21:73:33,143,0,4779,LIED10CTRL/LLN0$Status,0.002163715000001787,0.0,1.0,1,616.3333333333334,1551.0,1849.3333333333333,306.8333333333333,DoS
ipcas_21:73:33,143,0,4780,LIED10CTRL/LLN0$Status,0.007175086000000164,0.0,1.0,1,616.3333333333334,1551.0,1849.3333333333333,306.8333333333333,DoS
ipcas_21:73:33,143,0,4781,LIED10CTRL/LLN0$Status,6.800999997835788e-06,0.0,1.0,1,616.3333333333334,1551.0,1849.3333333333333,306.8333333333333,DoS
ipcas_21:73:33,143,0,4782,LIED10CTRL/LLN0$Status,0.00041071300000083966,0.0,1.0,1,616.3333333333334,1551.0,1849.3333333333333,306.8333333333333,DoS
ipcas_21:73:33,143,0,4783,LIED10CTRL/LLN0$Status,0.0033555300000003285,0.0,1.0,1,616.3333333333334,1551.0,1849.3333333333333,306.8333333333333,DoS
ipcas_21:73:33,143,0,4784,LIED10CTRL/LLN0$Status,0.0017709990000014386,0.0,1.0,1,616.3333333333334,1551.0,1849.3333333333333,306.8333333333333,DoS
ipcas_21:73:33,143,0,4785,LIED10CTRL/LLN0$Status,0.001272561000000394,0.0,1.0,1,616.3333333333334,1551.0,1849.3333333333333,306.8333333333333,DoS
ipcas_21:73:33,143,0,4786,LIED10CTRL/LLN0$Status,0.0011635839999968312,0.0,1.0,1,616.3333333333334,1551.0,1849.3333333333333,306.8333333333333,DoS
ipcas_21:73:33,143,0,4787,LIED10CTRL/LLN0$Status,0.002531155999999868,0.0,1.0,1,616.3333333333334,1551.0,1849.3333333333333,306.8333333333333,DoS
ipcas_21:73:33,143,0,4788,LIED10CTRL/LLN0$Status,0.0016822550000021863,0.0,1.0,1,616.3333333333334,1551.0,1849.3333333333333,306.8333333333333,DoS
ipcas_21:73:33,143,0,4789,LIED10CTRL/LLN0$Status,0.003248021000000989,0.0,1.0,1,616.3333333333334,1551.0,1849.3333333333333,306.8333333333333,DoS
ipcas_21:73:33,143,0,4790,LIED10CTRL/LLN0$Status,0.0026103679999991414,0.0,1.0,1,616.3333333333334,1551.0,1849.3333333333333,306.8333333333333,DoS
ipcas_21:73:33,143,0,4791,LIED10CTRL/LLN0$Status,0.0012772089999977254,0.0,1.0,1,616.3333333333334,1551.0,1849.3333333333333,306.8333333333333,DoS
ipcas_21:73:33,143,0,4792,LIED10CTRL/LLN0$Status,0.0011941509999999766,0.0,1.0,1,616.3333333333334,1551.0,1849.3333333333333,306.8333333333333,DoS
ipcas_21:73:33,143,0,4793,LIED10CTRL/LLN0$Status,0.002348502000000252,0.0,1.0,1,616.3333333333334,1551.0,1849.3333333333333,306.8333333333333,DoS
ipcas_21:73:33,143,0,4794,LIED10CTRL/LLN0$Status,0.0025211860000027286,0.0,1.0,1,616.3333333333334,1551.0,1849.3333333333333,306.8333333333333,DoS
ipcas_21:73:33,143,0,4795,LIED10CTRL/LLN0$Status,0.0026196089999999117,0.0,1.0,1,616.3333333333334,1551.0,1849.3333333333333,306.8333333333333,DoS
ipcas_21:73:33,143,0,4796,LIED10CTRL/LLN0$Status,0.0013584509999979844,0.0,1.0,1,616.3333333333334,1551.0,1849.3333333333333,306.8333333333333,DoS
ipcas_21:73:33,143,0,4797,LIED10CTRL/LLN0$Status,0.026350823000001355,0.0,1.0,1,616.3333333333334,1551.0,1849.3333333333333,306.8333333333333,DoS
ipcas_21:73:33,143,0,4798,LIED10CTRL/LLN0$Status,0.0020892359999997723,0.0,1.0,1,616.3333333333334,1551.0,1849.3333333333333,306.8333333333333,DoS
ipcas_21:73:33,143,0,4799,LIED10CTRL/LLN0$Status,0.0028177679999998873,0.0,1.0,1,616.3333333333334,1551.0,1849.3333333333333,306.8333333333333,DoS
ipcas_21:73:33,143,0,4800,LIED10CTRL/LLN0$Status,0.0022025769999984846,0.0,1.0,1,616.3333333333334,1551.0,1849.3333333333333,306.8333333333333,DoS
ipcas_21:73:33,143,0,4801,LIED10CTRL/LLN0$Status,0.00013426699999996572,0.0,1.0,1,616.3333333333334,1551.0,1849.3333333333333,306.8333333333333,DoS
ipcas_21:73:33,143,0,4802,LIED10CTRL/LLN0$Status,0.002328796000000466,0.0,1.0,1,616.3333333333334,1551.0,1849.3333333333333,306.8333333333333,DoS
ipcas_21:73:33,143,0,4803,LIED10CTRL/LLN0$Status,0.001262120999999894,0.0,1.0,1,616.3333333333334,1551.0,1849.3333333333333,306.8333333333333,DoS
ipcas_21:73:33,143,0,4804,LIED10CTRL/LLN0$Status,0.0012330590000004804,0.0,1.0,1,616.3333333333334,1551.0,1849.3333333333333,306.8333333333333,DoS
ipcas_21:73:33,143,0,4805,LIED10CTRL/LLN0$Status,0.001126862999999645,0.0,1.0,1,616.3333333333334,1551.0,1849.3333333333333,306.8333333333333,DoS
ipcas_21:73:33,143,0,4806,LIED10CTRL/LLN0$Status,0.00032543700000076115,0.0,1.0,1,616.3333333333334,1551.0,1849.3333333333333,306.8333333333333,DoS
ipcas_21:73:33,143,0,4807,LIED10CTRL/LLN0$Status,0.0018757510000000366,0.0,1.0,1,616.3333333333334,1551.0,1849.3333333333333,306.8333333333333,DoS
ipcas_21:73:33,143,0,4808,LIED10CTRL/LLN0$Status,0.0018096249999999259,0.0,1.0,1,616.3333333333334,1551.0,1849.3333333333333,306.8333333333333,DoS
ipcas_21:73:33,143,0,4809,LIED10CTRL/LLN0$Status,0.0027234470000010447,0.0,1.0,1,616.3333333333334,1551.0,1849.3333333333333,306.8333333333333,DoS
ipcas_21:73:33,143,0,4810,LIED10CTRL/LLN0$Status,0.002916467999998673,0.0,1.0,1,616.3333333333334,1551.0,1849.3333333333333,306.8333333333333,DoS
ipcas_21:73:33,143,0,4811,LIED10CTRL/LLN0$Status,0.0009389169999991509,0.0,1.0,1,616.3333333333334,1551.0,1849.3333333333333,306.8333333333333,DoS
ipcas_21:73:33,143,0,4812,LIED10CTRL/LLN0$Status,0.007374889000001161,0.0,1.0,1,616.3333333333334,1551.0,1849.3333333333333,306.8333333333333,DoS
ipcas_21:73:33,143,0,4813,LIED10CTRL/LLN0$Status,6.6650000007939525e-06,0.0,1.0,1,616.3333333333334,1551.0,1849.3333333333333,306.8333333333333,DoS
ipcas_21:73:33,143,0,4814,LIED10CTRL/LLN0$Status,0.000999929999998983,0.0,1.0,1,616.3333333333334,1551.0,1849.3333333333333,306.8333333333333,DoS
ipcas_21:73:33,143,0,4815,LIED10CTRL/LLN0$Status,0.0014126169999997273,0.0,1.0,1,616.3333333333334,1551.0,1849.3333333333333,306.8333333333333,DoS
ipcas_21:73:33,143,0,4816,LIED10CTRL/LLN0$Status,0.001292714000001638,0.0,1.0,1,616.3333333333334,1551.0,1849.3333333333333,306.8333333333333,DoS
ipcas_21:73:33,143,0,4817,LIED10CTRL/LLN0$Status,0.0011135429999988844,0.0,1.0,1,616.3333333333334,1551.0,1849.3333333333333,306.8333333333333,DoS
ipcas_21:73:33,143,0,4818,LIED10CTRL/LLN0$Status,0.0015487050000011493,0.0,1.0,1,616.3333333333334,1551.0,1849.3333333333333,306.8333333333333,DoS
ipcas_21:73:33,143,0,4819,LIED10CTRL/LLN0$Status,0.0020895269999989807,0.0,1.0,1,616.3333333333334,1551.0,1849.3333333333333,306.8333333333333,DoS
ipcas_21:73:33,143,0,4820,LIED10CTRL/LLN0$Status,0.0012502919999981543,0.0,1.0,1,616.3333333333334,1551.0,1849.3333333333333,306.8333333333333,DoS
ipcas_21:73:33,143,0,4821,LIED10CTRL/LLN0$Status,0.0012412170000004608,0.0,1.0,1,616.3333333333334,1551.0,1849.3333333333333,306.8333333333333,DoS
ipcas_21:73:33,143,0,4822,LIED10CTRL/LLN0$Status,0.0012675410000007048,0.0,1.0,1,616.3333333333334,1551.0,1849.3333333333333,306.8333333333333,DoS
ipcas_21:73:33,143,0,4823,LIED10CTRL/LLN0$Status,0.0012323169999994832,0.0,1.0,1,616.3333333333334,1551.0,1849.3333333333333,306.8333333333333,DoS
ipcas_21:73:33,143,0,4824,LIED10CTRL/LLN0$Status,0.0012630290000004152,0.0,1.0,1,616.3333333333334,1551.0,1849.3333333333333,306.8333333333333,DoS
ipcas_21:73:33,143,0,4825,LIED10CTRL/LLN0$Status,0.0013001920000021983,0.0,1.0,1,616.3333333333334,1551.0,1849.3333333333333,306.8333333333333,DoS
ipcas_21:73:33,143,0,4826,LIED10CTRL/LLN0$Status,0.001193631999999667,0.0,1.0,1,616.3333333333334,1551.0,1849.3333333333333,306.8333333333333,DoS
ipcas_21:73:33,143,0,4827,LIED10CTRL/LLN0$Status,0.002350470999999743,0.0,1.0,1,616.3333333333334,1551.0,1849.3333333333333,306.8333333333333,DoS
ipcas_21:73:33,143,0,4828,LIED10CTRL/LLN0$Status,0.003853257999999471,0.0,1.0,1,616.3333333333334,1551.0,1849.3333333333333,306.8333333333333,DoS
ipcas_21:73:33,143,0,4829,LIED10CTRL/LLN0$Status,0.0012977680000005876,0.0,1.0,1,616.3333333333334,1551.0,1849.3333333333333,306.8333333333333,DoS
ipcas_21:73:33,143,0,4830,LIED10CTRL/LLN0$Status,0.001202226000000195,0.0,1.0,1,616.3333333333334,1551.0,1849.3333333333333,306.8333333333333,DoS
ipcas_21:73:33,143,0,4831,LIED10CTRL/LLN0$Status,0.0012386109999980022,0.0,1.0,1,616.3333333333334,1551.0,1849.3333333333333,306.8333333333333,DoS
ipcas_21:73:33,143,0,4832,LIED10CTRL/LLN0$Status,0.0016901249999996537,0.0,1.0,1,616.3333333333334,1551.0,1849.3333333333333,306.8333333333333,DoS
ipcas_21:73:33,143,0,4833,LIED10CTRL/LLN0$Status,0.0010621989999997083,0.0,1.0,1,616.3333333333334,1551.0,1849.3333333333333,306.8333333333333,DoS
ipcas_21:73:33,143,0,4834,LIED10CTRL/LLN0$Status,0.0011762750000023914,0.0,1.0,1,616.3333333333334,1551.0,1849.3333333333333,306.8333333333333,DoS
ipcas_21:73:33,143,0,4835,LIED10CTRL/LLN0$Status,0.001440286999997653,0.0,1.0,1,616.3333333333334,1551.0,1849.3333333333333,306.8333333333333,DoS
ipcas_21:73:33,143,0,4836,LIED10CTRL/LLN0$Status,0.0009879370000014376,0.0,1.0,1,616.3333333333334,1551.0,1849.3333333333333,306.8333333333333,DoS
ipcas_21:73:33,143,0,4837,LIED10CTRL/LLN0$Status,0.001851967000000343,0.0,1.0,1,616.3333333333334,1551.0,1849.3333333333333,306.8333333333333,DoS
ipcas_21:73:33,143,0,4838,LIED10CTRL/LLN0$Status,0.0012474539999978163,0.0,1.0,1,616.3333333333334,1551.0,1849.3333333333333,306.8333333333333,DoS
ipcas_21:73:33,143,0,4839,LIED10CTRL/LLN0$Status,0.0021130450000015344,0.0,1.0,1,616.3333333333334,1551.0,1849.3333333333333,306.8333333333333,DoS
ipcas_21:73:33,143,0,4840,LIED10CTRL/LLN0$Status,0.0011663320000003807,0.0,1.0,1,616.3333333333334,1551.0,1849.3333333333333,306.8333333333333,DoS
ipcas_21:73:33,143,0,4841,LIED10CTRL/LLN0$Status,0.0010717729999996095,0.0,1.0,1,616.3333333333334,1551.0,1849.3333333333333,306.8333333333333,DoS
ipcas_21:73:33,143,0,4842,LIED10CTRL/LLN0$Status,0.0012715979999988747,0.0,1.0,1,616.3333333333334,1551.0,1849.3333333333333,306.8333333333333,DoS
ipcas_21:73:33,143,0,4843,LIED10CTRL/LLN0$Status,0.002620837000002041,0.0,1.0,1,616.3333333333334,1551.0,1849.3333333333333,306.8333333333333,DoS
ipcas_21:73:33,143,0,4844,LIED10CTRL/LLN0$Status,0.0011573809999987361,0.0,1.0,1,616.3333333333334,1551.0,1849.3333333333333,306.8333333333333,DoS
ipcas_21:73:33,143,0,4845,LIED10CTRL/LLN0$Status,0.0019269739999998592,0.0,1.0,1,616.3333333333334,1551.0,1849.3333333333333,306.8333333333333,DoS
ipcas_21:73:33,143,0,4846,LIED10CTRL/LLN0$Status,0.00294923999999952,0.0,1.0,1,616.3333333333334,1551.0,1849.3333333333333,306.8333333333333,DoS
ipcas_21:73:33,143,0,4847,LIED10CTRL/LLN0$Status,0.0006143610000002298,0.0,1.0,1,616.3333333333334,1551.0,1849.3333333333333,306.8333333333333,DoS
ipcas_21:73:33,143,0,4848,LIED10CTRL/LLN0$Status,0.0011471550000017317,0.0,1.0,1,616.3333333333334,1551.0,1849.3333333333333,306.8333333333333,DoS
ipcas_21:73:33,143,0,4849,LIED10CTRL/LLN0$Status,0.0008589589999985492,0.0,1.0,1,616.3333333333334,1551.0,1849.3333333333333,306.8333333333333,DoS
ipcas_21:73:33,143,0,4850,LIED10CTRL/LLN0$Status,0.0016033540000002233,0.0,1.0,1,616.3333333333334,1551.0,1849.3333333333333,306.8333333333333,DoS
ipcas_21:73:33,143,0,4851,LIED10CTRL/LLN0$Status,0.002052567999999866,0.0,1.0,1,616.3333333333334,1551.0,1849.3333333333333,306.8333333333333,DoS
ipcas_21:73:33,143,0,4852,LIED10CTRL/LLN0$Status,0.0012427760000015553,0.0,1.0,1,616.3333333333334,1551.0,1849.3333333333333,306.8333333333333,DoS
ipcas_21:73:33,143,0,4853,LIED10CTRL/LLN0$Status,0.0013142289999983348,0.0,1.0,1,616.3333333333334,1551.0,1849.3333333333333,306.8333333333333,DoS
ipcas_21:73:33,143,0,4854,LIED10CTRL/LLN0$Status,0.0011849949999991338,0.0,1.0,1,616.3333333333334,1551.0,1849.3333333333333,306.8333333333333,DoS
ipcas_21:73:33,143,0,4855,LIED10CTRL/LLN0$Status,0.0006144030000001521,0.0,1.0,1,616.3333333333334,1551.0,1849.3333333333333,306.8333333333333,DoS
ipcas_21:73:33,143,0,4856,LIED10CTRL/LLN0$Status,0.0008257630000017002,0.0,1.0,1,616.3333333333334,1551.0,1849.3333333333333,306.8333333333333,DoS
ipcas_21:73:33,143,0,4857,LIED10CTRL/LLN0$Status,0.0005014740000000018,-1.0,4838.0,1,623.3333333333334,1552.3333333333333,1848.6666666666667,306.8333333333333,DoS
ipcas_21:73:33,143,0,4858,LIED10CTRL/LLN0$Status,0.001080203000000779,0.0,1.0,1,623.3333333333334,1552.3333333333333,1848.6666666666667,306.8333333333333,DoS
ipcas_21:73:33,143,0,4859,LIED10CTRL/LLN0$Status,0.0024207099999991044,0.0,1.0,1,623.3333333333334,1552.3333333333333,1848.6666666666667,306.8333333333333,DoS
ipcas_21:73:33,143,0,4860,LIED10CTRL/LLN0$Status,0.00046287500000019577,0.0,1.0,1,623.3333333333334,1552.3333333333333,1848.6666666666667,306.8333333333333,DoS
ipcas_21:73:33,143,0,4861,LIED10CTRL/LLN0$Status,0.0010613910000003557,0.0,1.0,1,623.3333333333334,1552.3333333333333,1848.6666666666667,306.8333333333333,DoS
ipcas_21:73:33,143,0,4862,LIED10CTRL/LLN0$Status,0.0017947300000002997,0.0,1.0,1,623.3333333333334,1552.3333333333333,1848.6666666666667,306.8333333333333,DoS
ipcas_21:73:33,143,0,4863,LIED10CTRL/LLN0$Status,0.0017223030000010908,0.0,1.0,1,623.3333333333334,1552.3333333333333,1848.6666666666667,306.8333333333333,DoS
ipcas_21:73:33,143,0,4864,LIED10CTRL/LLN0$Status,0.001155388000000812,0.0,1.0,1,623.3333333333334,1552.3333333333333,1848.6666666666667,306.8333333333333,DoS
ipcas_21:73:33,143,0,4865,LIED10CTRL/LLN0$Status,0.0013945429999999703,0.0,1.0,1,623.3333333333334,1552.3333333333333,1848.6666666666667,306.8333333333333,DoS
ipcas_21:73:33,143,0,4866,LIED10CTRL/LLN0$Status,0.0011876009999980397,0.0,1.0,1,623.3333333333334,1552.3333333333333,1848.6666666666667,306.8333333333333,DoS
ipcas_21:73:33,143,0,4867,LIED10CTRL/LLN0$Status,0.0011576980000000958,0.0,1.0,1,623.3333333333334,1552.3333333333333,1848.6666666666667,306.8333333333333,DoS
ipcas_21:73:33,143,0,4868,LIED10CTRL/LLN0$Status,0.001170252000001426,0.0,1.0,1,623.3333333333334,1552.3333333333333,1848.6666666666667,306.8333333333333,DoS
ipcas_21:73:33,143,0,4869,LIED10CTRL/LLN0$Status,0.0017822719999998071,0.0,1.0,1,623.3333333333334,1552.3333333333333,1848.6666666666667,306.8333333333333,DoS
ipcas_21:73:33,143,0,4870,LIED10CTRL/LLN0$Status,0.0010884599999982925,0.0,1.0,1,623.3333333333334,1552.3333333333333,1848.6666666666667,306.8333333333333,DoS
ipcas_21:73:33,143,0,4871,LIED10CTRL/LLN0$Status,0.0034602140000004056,0.0,1.0,1,623.3333333333334,1552.3333333333333,1848.6666666666667,306.8333333333333,DoS
ipcas_21:73:33,143,0,4872,LIED10CTRL/LLN0$Status,2.986000001925504e-06,0.0,1.0,1,623.3333333333334,1552.3333333333333,1848.6666666666667,306.8333333333333,DoS
ipcas_21:73:33,143,0,4873,LIED10CTRL/LLN0$Status,0.0011971209999970256,0.0,1.0,1,623.3333333333334,1552.3333333333333,1848.6666666666667,306.8333333333333,DoS
ipcas_21:73:33,143,0,4874,LIED10CTRL/LLN0$Status,0.0012487210000031723,0.0,1.0,1,623.3333333333334,1552.3333333333333,1848.6666666666667,306.8333333333333,DoS
ipcas_21:73:33,143,0,4875,LIED10CTRL/LLN0$Status,0.0010199059999997928,0.0,1.0,1,623.3333333333334,1552.3333333333333,1848.6666666666667,306.8333333333333,DoS
ipcas_21:73:33,143,0,4876,LIED10CTRL/LLN0$Status,0.00041032099999682714,0.0,1.0,1,623.3333333333334,1552.3333333333333,1848.6666666666667,306.8333333333333,DoS
ipcas_21:73:33,143,0,4877,LIED10CTRL/LLN0$Status,0.0013491320000014184,0.0,1.0,1,623.3333333333334,1552.3333333333333,1848.6666666666667,306.8333333333333,DoS
ipcas_21:73:33,143,0,4878,LIED10CTRL/LLN0$Status,0.0015771640000004084,0.0,1.0,1,623.3333333333334,1552.3333333333333,1848.6666666666667,306.8333333333333,DoS
ipcas_21:73:33,143,0,4879,LIED10CTRL/LLN0$Status,0.0007394149999981892,0.0,1.0,1,623.3333333333334,1552.3333333333333,1848.6666666666667,306.8333333333333,DoS
ipcas_21:73:33,143,0,4880,LIED10CTRL/LLN0$Status,0.0015165840000008757,0.0,1.0,1,623.3333333333334,1552.3333333333333,1848.6666666666667,306.8333333333333,DoS
ipcas_21:73:33,143,0,4881,LIED10CTRL/LLN0$Status,0.0022861630000008404,0.0,1.0,1,623.3333333333334,1552.3333333333333,1848.6666666666667,306.8333333333333,DoS
ipcas_21:73:33,143,0,4882,LIED10CTRL/LLN0$Status,0.0013178349999982686,0.0,1.0,1,623.3333333333334,1552.3333333333333,1848.6666666666667,306.8333333333333,DoS
ipcas_21:73:33,143,0,4883,LIED10CTRL/LLN0$Status,0.002325452000000894,0.0,1.0,1,623.3333333333334,1552.3333333333333,1848.6666666666667,306.8333333333333,DoS
ipcas_21:73:33,143,0,4884,LIED10CTRL/LLN0$Status,0.00134158700000242,0.0,1.0,1,623.3333333333334,1552.3333333333333,1848.6666666666667,306.8333333333333,DoS
ipcas_21:73:33,143,0,4885,LIED10CTRL/LLN0$Status,0.0011585329999981298,0.0,1.0,1,623.3333333333334,1552.3333333333333,1848.6666666666667,306.8333333333333,DoS
ipcas_21:73:33,143,0,4886,LIED10CTRL/LLN0$Status,0.0012714910000006796,0.0,1.0,1,623.3333333333334,1552.3333333333333,1848.6666666666667,306.8333333333333,DoS
ipcas_21:73:33,143,0,4887,LIED10CTRL/LLN0$Status,0.0012467419999993012,0.0,1.0,1,623.3333333333334,1552.3333333333333,1848.6666666666667,306.8333333333333,DoS
ipcas_21:73:33,143,0,4888,LIED10CTRL/LLN0$Status,0.0012614769999998998,0.0,1.0,1,623.3333333333334,1552.3333333333333,1848.6666666666667,306.8333333333333,DoS
ipcas_21:73:33,143,0,4889,LIED10CTRL/LLN0$Status,0.0014743760000008876,0.0,1.0,1,623.3333333333334,1552.3333333333333,1848.6666666666667,306.8333333333333,DoS
ipcas_21:73:33,143,0,4890,LIED10CTRL/LLN0$Status,0.001013730000000379,0.0,1.0,1,623.3333333333334,1552.3333333333333,1848.6666666666667,306.8333333333333,DoS
ipcas_21:73:33,143,0,4891,LIED10CTRL/LLN0$Status,0.002253855999999388,0.0,1.0,1,623.3333333333334,1552.3333333333333,1848.6666666666667,306.8333333333333,DoS
ipcas_21:73:33,143,0,4892,LIED10CTRL/LLN0$Status,0.0009338620000001185,0.0,1.0,1,623.3333333333334,1552.3333333333333,1848.6666666666667,306.8333333333333,DoS
ipcas_21:73:33,143,0,4893,LIED10CTRL/LLN0$Status,0.0007979469999987998,0.0,1.0,1,623.3333333333334,1552.3333333333333,1848.6666666666667,306.8333333333333,DoS
ipcas_21:73:33,143,0,4894,LIED10CTRL/LLN0$Status,0.0011360549999999137,0.0,1.0,1,623.3333333333334,1552.3333333333333,1848.6666666666667,306.8333333333333,DoS
ipcas_21:73:33,143,0,4895,LIED10CTRL/LLN0$Status,0.0023352530000018135,0.0,1.0,1,623.3333333333334,1552.3333333333333,1848.6666666666667,306.8333333333333,DoS
ipcas_21:73:33,143,0,4896,LIED10CTRL/LLN0$Status,0.0012509799999982363,0.0,1.0,1,623.3333333333334,1552.3333333333333,1848.6666666666667,306.8333333333333,DoS
ipcas_21:73:33,143,0,4897,LIED10CTRL/LLN0$Status,0.0012529060000012748,0.0,1.0,1,623.3333333333334,1552.3333333333333,1848.6666666666667,306.8333333333333,DoS
ipcas_21:73:33,143,0,4898,LIED10CTRL/LLN0$Status,0.0012482919999996511,0.0,1.0,1,623.3333333333334,1552.3333333333333,1848.6666666666667,306.8333333333333,DoS
ipcas_21:73:33,143,0,4899,LIED10CTRL/LLN0$Status,0.0012544420000004664,0.0,1.0,1,623.3333333333334,1552.3333333333333,1848.6666666666667,306.8333333333333,DoS
ipcas_21:73:33,143,0,4900,LIED10CTRL/LLN0$Status,0.0001810400000010759,0.0,1.0,1,623.3333333333334,1552.3333333333333,1848.6666666666667,306.8333333333333,DoS
ipcas_21:73:33,143,0,4901,LIED10CTRL/LLN0$Status,0.0013003039999972543,0.0,1.0,1,623.3333333333334,1552.3333333333333,1848.6666666666667,306.8333333333333,DoS
ipcas_21:73:33,143,0,4902,LIED10CTRL/LLN0$Status,0.0011775390000003938,0.0,1.0,1,623.3333333333334,1552.3333333333333,1848.6666666666667,306.8333333333333,DoS
ipcas_21:73:33,143,0,4903,LIED10CTRL/LLN0$Status,0.0011651820000011526,0.0,1.0,1,623.3333333333334,1552.3333333333333,1848.6666666666667,306.8333333333333,DoS
ipcas_21:73:33,143,0,4904,LIED10CTRL/LLN0$Status,0.0014627360000005751,0.0,1.0,1,623.3333333333334,1552.3333333333333,1848.6666666666667,306.8333333333333,DoS
ipcas_21:73:33,143,0,4905,LIED10CTRL/LLN0$Status,0.0024615749999981063,0.0,1.0,1,623.3333333333334,1552.3333333333333,1848.6666666666667,306.8333333333333,DoS
ipcas_21:73:33,143,0,4906,LIED10CTRL/LLN0$Status,0.0024175310000025263,0.0,1.0,1,623.3333333333334,1552.3333333333333,1848.6666666666667,306.8333333333333,DoS
ipcas_21:73:33,143,0,4907,LIED10CTRL/LLN0$Status,0.0024073559999990835,0.0,1.0,1,623.3333333333334,1552.3333333333333,1848.6666666666667,306.8333333333333,DoS
ipcas_21:73:33,143,0,4908,LIED10CTRL/LLN0$Status,0.0013018410000000813,0.0,1.0,1,623.3333333333334,1552.3333333333333,1848.6666666666667,306.8333333333333,DoS
ipcas_21:73:33,143,0,4909,LIED10CTRL/LLN0$Status,0.0011834939999992855,0.0,1.0,1,623.3333333333334,1552.3333333333333,1848.6666666666667,306.8333333333333,DoS
ipcas_21:73:33,143,0,4910,LIED10CTRL/LLN0$Status,0.0013914090000000101,0.0,1.0,1,623.3333333333334,1552.3333333333333,1848.6666666666667,306.8333333333333,DoS
ipcas_21:73:33,143,0,4911,LIED10CTRL/LLN0$Status,0.0011312990000007517,0.0,1.0,1,623.3333333333334,1552.3333333333333,1848.6666666666667,306.8333333333333,DoS
ipcas_21:73:33,143,0,4912,LIED10CTRL/LLN0$Status,0.0012411740000004556,0.0,1.0,1,623.3333333333334,1552.3333333333333,1848.6666666666667,306.8333333333333,DoS
ipcas_21:73:33,143,0,4913,LIED10CTRL/LLN0$Status,0.0013723069999969084,0.0,1.0,1,623.3333333333334,1552.3333333333333,1848.6666666666667,306.8333333333333,DoS
ipcas_21:73:33,143,0,4914,LIED10CTRL/LLN0$Status,0.0012257240000010938,0.0,1.0,1,623.3333333333334,1552.3333333333333,1848.6666666666667,306.8333333333333,DoS
ipcas_21:73:33,143,0,4915,LIED10CTRL/LLN0$Status,0.0013278740000011169,0.0,1.0,1,623.3333333333334,1552.3333333333333,1848.6666666666667,306.8333333333333,DoS
ipcas_21:73:33,143,0,4916,LIED10CTRL/LLN0$Status,0.0010601709999988884,0.0,1.0,1,623.3333333333334,1552.3333333333333,1848.6666666666667,306.8333333333333,DoS
ipcas_21:73:33,143,0,4917,LIED10CTRL/LLN0$Status,0.0013618930000021123,0.0,1.0,1,623.3333333333334,1552.3333333333333,1848.6666666666667,306.8333333333333,DoS
ipcas_21:73:33,143,0,4918,LIED10CTRL/LLN0$Status,0.0023969659999991677,0.0,1.0,1,623.3333333333334,1552.3333333333333,1848.6666666666667,306.8333333333333,DoS
ipcas_21:73:33,143,0,4919,LIED10CTRL/LLN0$Status,0.001222481999999303,0.0,1.0,1,623.3333333333334,1552.3333333333333,1848.6666666666667,306.8333333333333,DoS
ipcas_21:73:33,143,0,4920,LIED10CTRL/LLN0$Status,0.001266603000001254,0.0,1.0,1,623.3333333333334,1552.3333333333333,1848.6666666666667,306.8333333333333,DoS
ipcas_21:73:33,143,0,4921,LIED10CTRL/LLN0$Status,0.0013298749999997028,0.0,1.0,1,623.3333333333334,1552.3333333333333,1848.6666666666667,306.8333333333333,DoS
ipcas_21:73:33,143,0,4922,LIED10CTRL/LLN0$Status,0.0014232509999985155,0.0,1.0,1,623.3333333333334,1552.3333333333333,1848.6666666666667,306.8333333333333,DoS
ipcas_21:73:33,143,0,4923,LIED10CTRL/LLN0$Status,0.0010364610000017649,0.0,1.0,1,623.3333333333334,1552.3333333333333,1848.6666666666667,306.8333333333333,DoS
ipcas_21:73:33,143,0,4924,LIED10CTRL/LLN0$Status,0.0014017839999986847,0.0,1.0,1,623.3333333333334,1552.3333333333333,1848.6666666666667,306.8333333333333,DoS
ipcas_21:73:33,143,0,4925,LIED10CTRL/LLN0$Status,0.0012504679999985058,0.0,1.0,1,623.3333333333334,1552.3333333333333,1848.6666666666667,306.8333333333333,DoS
ipcas_21:73:33,143,0,4926,LIED10CTRL/LLN0$Status,0.00119914600000115,0.0,1.0,1,623.3333333333334,1552.3333333333333,1848.6666666666667,306.8333333333333,DoS
ipcas_21:73:33,143,0,4927,LIED10CTRL/LLN0$Status,0.001311013999998778,0.0,1.0,1,623.3333333333334,1552.3333333333333,1848.6666666666667,306.8333333333333,DoS
ipcas_21:73:33,143,0,4928,LIED10CTRL/LLN0$Status,0.0010530670000008513,0.0,1.0,1,623.3333333333334,1552.3333333333333,1848.6666666666667,306.8333333333333,DoS
ipcas_21:73:33,143,0,4929,LIED10CTRL/LLN0$Status,0.0012897440000010363,0.0,1.0,1,623.3333333333334,1552.3333333333333,1848.6666666666667,306.8333333333333,DoS
ipcas_21:73:33,143,0,4930,LIED10CTRL/LLN0$Status,0.001193334999999962,0.0,1.0,1,623.3333333333334,1552.3333333333333,1848.6666666666667,306.8333333333333,DoS
ipcas_21:73:33,143,0,4931,LIED10CTRL/LLN0$Status,0.0012756299999985288,0.0,1.0,1,623.3333333333334,1552.3333333333333,1848.6666666666667,306.8333333333333,DoS
ipcas_21:73:33,143,0,4932,LIED10CTRL/LLN0$Status,0.0014245089999995741,0.0,1.0,1,623.3333333333334,1552.3333333333333,1848.6666666666667,306.8333333333333,DoS
ipcas_21:73:33,143,0,4933,LIED10CTRL/LLN0$Status,0.0010580010000005302,0.0,1.0,1,623.3333333333334,1552.3333333333333,1848.6666666666667,306.8333333333333,DoS
ipcas_21:73:33,143,0,4934,LIED10CTRL/LLN0$Status,0.0013955340000002536,0.0,1.0,1,623.3333333333334,1552.3333333333333,1848.6666666666667,306.8333333333333,DoS
ipcas_21:73:33,143,0,4935,LIED10CTRL/LLN0$Status,0.0011349270000025058,0.0,1.0,1,623.3333333333334,1552.3333333333333,1848.6666666666667,306.8333333333333,DoS
ipcas_21:73:33,143,0,4936,LIED10CTRL/LLN0$Status,0.0013264809999995464,0.0,1.0,1,623.3333333333334,1552.3333333333333,1848.6666666666667,306.8333333333333,DoS
ipcas_21:73:33,143,0,4937,LIED10CTRL/LLN0$Status,0.0024163450000003195,0.0,1.0,1,623.3333333333334,1552.3333333333333,1848.6666666666667,306.8333333333333,DoS
ipcas_21:73:33,143,0,4938,LIED10CTRL/LLN0$Status,0.00125599799999776,0.0,1.0,1,623.3333333333334,1552.3333333333333,1848.6666666666667,306.8333333333333,DoS
ipcas_21:73:33,143,0,4939,LIED10CTRL/LLN0$Status,0.0012277310000001762,0.0,1.0,1,623.3333333333334,1552.3333333333333,1848.6666666666667,306.8333333333333,DoS
ipcas_21:73:33,143,0,4940,LIED10CTRL/LLN0$Status,0.0012398390000001314,0.0,1.0,1,623.3333333333334,1552.3333333333333,1848.6666666666667,306.8333333333333,DoS
ipcas_21:73:33,143,0,4941,LIED10CTRL/LLN0$Status,0.0012637580000003368,0.0,1.0,1,623.3333333333334,1552.3333333333333,1848.6666666666667,306.8333333333333,DoS
ipcas_21:73:33,143,0,4942,LIED10CTRL/LLN0$Status,0.0012834410000017726,0.0,1.0,1,623.3333333333334,1552.3333333333333,1848.6666666666667,306.8333333333333,DoS
ipcas_21:73:33,143,0,4943,LIED10CTRL/LLN0$Status,0.001212602999999035,0.0,1.0,1,623.3333333333334,1552.3333333333333,1848.6666666666667,306.8333333333333,DoS
ipcas_21:73:33,143,0,4944,LIED10CTRL/LLN0$Status,0.00123093399999874,0.0,1.0,1,623.3333333333334,1552.3333333333333,1848.6666666666667,306.8333333333333,DoS
ipcas_21:73:33,143,0,4945,LIED10CTRL/LLN0$Status,0.0013107460000014726,0.0,1.0,1,623.3333333333334,1552.3333333333333,1848.6666666666667,306.8333333333333,DoS
ipcas_21:73:33,143,0,4946,LIED10CTRL/LLN0$Status,0.0012849809999977424,0.0,1.0,1,623.3333333333334,1552.3333333333333,1848.6666666666667,306.8333333333333,DoS
ipcas_21:73:33,143,0,4947,LIED10CTRL/LLN0$Status,0.0011931340000010948,0.0,1.0,1,623.3333333333334,1552.3333333333333,1848.6666666666667,306.8333333333333,DoS
ipcas_21:73:33,143,0,4948,LIED10CTRL/LLN0$Status,0.0013103319999991925,0.0,1.0,1,623.3333333333334,1552.3333333333333,1848.6666666666667,306.8333333333333,DoS
ipcas_21:73:33,143,0,4949,LIED10CTRL/LLN0$Status,0.0012577070000006074,0.0,1.0,1,623.3333333333334,1552.3333333333333,1848.6666666666667,306.8333333333333,DoS
ipcas_21:73:33,143,0,4950,LIED10CTRL/LLN0$Status,0.001219659000000206,0.0,1.0,1,623.3333333333334,1552.3333333333333,1848.6666666666667,306.8333333333333,DoS
ipcas_21:73:33,143,0,4951,LIED10CTRL/LLN0$Status,0.0011885840000012138,0.0,1.0,1,623.3333333333334,1552.3333333333333,1848.6666666666667,306.8333333333333,DoS
ipcas_21:73:33,143,0,4952,LIED10CTRL/LLN0$Status,0.0012684059999976682,0.0,1.0,1,623.3333333333334,1552.3333333333333,1848.6666666666667,306.8333333333333,DoS
ipcas_21:73:33,143,0,4953,LIED10CTRL/LLN0$Status,0.0012420150000025387,0.0,1.0,1,623.3333333333334,1552.3333333333333,1848.6666666666667,306.8333333333333,DoS
ipcas_21:73:33,143,0,4954,LIED10CTRL/LLN0$Status,0.001277047999998615,0.0,1.0,1,623.3333333333334,1552.3333333333333,1848.6666666666667,306.8333333333333,DoS
ipcas_21:73:33,143,0,4955,LIED10CTRL/LLN0$Status,0.0012307830000004572,0.0,1.0,1,623.3333333333334,1552.3333333333333,1848.6666666666667,306.8333333333333,DoS
ipcas_21:73:33,143,0,4956,LIED10CTRL/LLN0$Status,0.0012402449999981968,0.0,1.0,1,623.3333333333334,1552.3333333333333,1848.6666666666667,306.8333333333333,DoS
ipcas_21:73:33,143,0,4957,LIED10CTRL/LLN0$Status,0.0012539660000001618,0.0,1.0,1,623.3333333333334,1552.3333333333333,1848.6666666666667,306.8333333333333,DoS
ipcas_21:73:33,143,0,4958,LIED10CTRL/LLN0$Status,0.0012601650000014786,0.0,1.0,1,623.3333333333334,1552.3333333333333,1848.6666666666667,306.8333333333333,DoS
ipcas_21:73:33,143,0,4959,LIED10CTRL/LLN0$Status,0.0012309200000011344,0.0,1.0,1,623.3333333333334,1552.3333333333333,1848.6666666666667,306.8333333333333,DoS
ipcas_21:73:33,143,0,4960,LIED10CTRL/LLN0$Status,0.0012987500000001262,0.0,1.0,1,623.3333333333334,1552.3333333333333,1848.6666666666667,306.8333333333333,DoS
ipcas_21:73:33,143,0,4961,LIED10CTRL/LLN0$Status,0.0012829019999998081,0.0,1.0,1,623.3333333333334,1552.3333333333333,1848.6666666666667,306.8333333333333,DoS
ipcas_21:73:33,143,0,4962,LIED10CTRL/LLN0$Status,0.001254087999999598,0.0,1.0,1,623.3333333333334,1552.3333333333333,1848.6666666666667,306.8333333333333,DoS
ipcas_21:73:33,143,0,4963,LIED10CTRL/LLN0$Status,0.0027253429999980483,0.0,1.0,1,623.3333333333334,1552.3333333333333,1848.6666666666667,306.8333333333333,DoS
ipcas_21:73:33,143,0,4964,LIED10CTRL/LLN0$Status,0.0009924790000006567,0.0,1.0,1,623.3333333333334,1552.3333333333333,1848.6666666666667,306.8333333333333,DoS
ipcas_21:73:33,143,0,4965,LIED10CTRL/LLN0$Status,0.001197367999999699,0.0,1.0,1,623.3333333333334,1552.3333333333333,1848.6666666666667,306.8333333333333,DoS
ipcas_21:73:33,143,0,4966,LIED10CTRL/LLN0$Status,0.0014313339999993957,0.0,1.0,1,623.3333333333334,1552.3333333333333,1848.6666666666667,306.8333333333333,DoS
ipcas_21:73:33,143,0,4967,LIED10CTRL/LLN0$Status,0.002339591000001917,0.0,1.0,1,623.3333333333334,1552.3333333333333,1848.6666666666667,306.8333333333333,DoS
ipcas_21:73:33,143,0,4968,LIED10CTRL/LLN0$Status,0.0012481209999997134,0.0,1.0,1,623.3333333333334,1552.3333333333333,1848.6666666666667,306.8333333333333,DoS
ipcas_21:73:33,143,0,4969,LIED10CTRL/LLN0$Status,0.0012781379999999842,0.0,1.0,1,623.3333333333334,1552.3333333333333,1848.6666666666667,306.8333333333333,DoS
ipcas_21:73:33,143,0,4970,LIED10CTRL/LLN0$Status,0.0013656789999991759,0.0,1.0,1,623.3333333333334,1552.3333333333333,1848.6666666666667,306.8333333333333,DoS
ipcas_21:73:33,143,0,4971,LIED10CTRL/LLN0$Status,0.0011101050000021928,0.0,1.0,1,623.3333333333334,1552.3333333333333,1848.6666666666667,306.8333333333333,DoS
ipcas_21:73:33,143,0,4972,LIED10CTRL/LLN0$Status,0.0014884989999970344,0.0,1.0,1,623.3333333333334,1552.3333333333333,1848.6666666666667,306.8333333333333,DoS
ipcas_21:73:33,143,0,4973,LIED10CTRL/LLN0$Status,0.002378302000000332,0.0,1.0,1,623.3333333333334,1552.3333333333333,1848.6666666666667,306.8333333333333,DoS
ipcas_21:73:33,143,0,4974,LIED10CTRL/LLN0$Status,0.002383227000002819,0.0,1.0,1,623.3333333333334,1552.3333333333333,1848.6666666666667,306.8333333333333,DoS
ipcas_21:73:33,143,0,4975,LIED10CTRL/LLN0$Status,0.0013281969999994203,0.0,1.0,1,623.3333333333334,1552.3333333333333,1848.6666666666667,306.8333333333333,DoS
ipcas_21:73:33,143,0,4976,LIED10CTRL/LLN0$Status,0.0013569879999977275,0.0,1.0,1,623.3333333333334,1552.3333333333333,1848.6666666666667,306.8333333333333,DoS
ipcas_21:73:33,143,0,4977,LIED10CTRL/LLN0$Status,0.001190567000001863,0.0,1.0,1,623.3333333333334,1552.3333333333333,1848.6666666666667,306.8333333333333,DoS
ipcas_21:73:33,143,0,4978,LIED10CTRL/LLN0$Status,0.0024299769999984733,0.0,1.0,1,623.3333333333334,1552.3333333333333,1848.6666666666667,306.8333333333333,DoS
ipcas_21:73:33,143,0,4979,LIED10CTRL/LLN0$Status,0.0013361590000009471,0.0,1.0,1,623.3333333333334,1552.3333333333333,1848.6666666666667,306.8333333333333,DoS
ipcas_21:73:33,143,0,4980,LIED10CTRL/LLN0$Status,0.002725331000000608,0.0,1.0,1,623.3333333333334,1552.3333333333333,1848.6666666666667,306.8333333333333,DoS
ipcas_21:73:33,143,0,4981,LIED10CTRL/LLN0$Status,0.002160130000000038,0.0,1.0,1,623.3333333333334,1552.3333333333333,1848.6666666666667,306.8333333333333,DoS
ipcas_21:73:33,143,0,4982,LIED10CTRL/LLN0$Status,0.001355273999998019,0.0,1.0,1,623.3333333333334,1552.3333333333333,1848.6666666666667,306.8333333333333,DoS
ipcas_21:73:33,143,0,4983,LIED10CTRL/LLN0$Status,0.0011166060000000755,0.0,1.0,1,623.3333333333334,1552.3333333333333,1848.6666666666667,306.8333333333333,DoS
ipcas_21:73:33,143,0,4984,LIED10CTRL/LLN0$Status,0.0014609860000014407,0.0,1.0,1,623.3333333333334,1552.3333333333333,1848.6666666666667,306.8333333333333,DoS
ipcas_21:73:33,143,0,4985,LIED10CTRL/LLN0$Status,0.002320842999999684,0.0,1.0,1,623.3333333333334,1552.3333333333333,1848.6666666666667,306.8333333333333,DoS
ipcas_21:73:33,143,0,4986,LIED10CTRL/LLN0$Status,0.0013976050000010787,0.0,1.0,1,623.3333333333334,1552.3333333333333,1848.6666666666667,306.8333333333333,DoS
ipcas_21:73:33,143,0,4987,LIED10CTRL/LLN0$Status,0.0010834869999989394,0.0,1.0,1,623.3333333333334,1552.3333333333333,1848.6666666666667,306.8333333333333,DoS
ipcas_21:73:33,143,0,4988,LIED10CTRL/LLN0$Status,0.0012609159999996677,0.0,1.0,1,623.3333333333334,1552.3333333333333,1848.6666666666667,306.8333333333333,DoS
ipcas_21:73:33,143,0,4989,LIED10CTRL/LLN0$Status,0.0012162020000019425,0.0,1.0,1,623.3333333333334,1552.3333333333333,1848.6666666666667,306.8333333333333,DoS
ipcas_21:73:33,143,0,4990,LIED10CTRL/LLN0$Status,0.0013987449999994794,0.0,1.0,1,623.3333333333334,1552.3333333333333,1848.6666666666667,306.8333333333333,DoS
ipcas_21:73:33,143,0,4991,LIED10CTRL/LLN0$Status,0.0023474809999974866,0.0,1.0,1,623.3333333333334,1552.3333333333333,1848.6666666666667,306.8333333333333,DoS
ipcas_21:73:33,143,0,4992,LIED10CTRL/LLN0$Status,0.00131578000000232,0.0,1.0,1,623.3333333333334,1552.3333333333333,1848.6666666666667,306.8333333333333,DoS
ipcas_21:73:33,143,0,4993,LIED10CTRL/LLN0$Status,0.001289947000000069,0.0,1.0,1,623.3333333333334,1552.3333333333333,1848.6666666666667,306.8333333333333,DoS
ipcas_21:73:33,143,0,4994,LIED10CTRL/LLN0$Status,0.0024257849999997916,0.0,1.0,1,623.3333333333334,1552.3333333333333,1848.6666666666667,306.8333333333333,DoS
ipcas_21:73:33,143,0,4995,LIED10CTRL/LLN0$Status,0.0012780170000006308,0.0,1.0,1,623.3333333333334,1552.3333333333333,1848.6666666666667,306.8333333333333,DoS
ipcas_21:73:33,143,0,4996,LIED10CTRL/LLN0$Status,0.0012059729999975843,0.0,1.0,1,623.3333333333334,1552.3333333333333,1848.6666666666667,306.8333333333333,DoS
ipcas_21:73:33,143,0,4997,LIED10CTRL/LLN0$Status,0.0013653190000013637,0.0,1.0,1,623.3333333333334,1552.3333333333333,1848.6666666666667,306.8333333333333,DoS
ipcas_21:73:33,143,0,4998,LIED10CTRL/LLN0$Status,0.0011238999999996224,0.0,1.0,1,623.3333333333334,1552.3333333333333,1848.6666666666667,306.8333333333333,DoS
ipcas_21:73:33,143,0,4999,LIED10CTRL/LLN0$Status,0.0014186679999994567,0.0,1.0,1,623.3333333333334,1552.3333333333333,1848.6666666666667,306.8333333333333,DoS
