"No.","Time","Source","Length","stNum","sqNum","goID","integer","integer","integer"
"7861","54.707089576","ipcas_21:73:33","149","1","50","LIED10CTRL/LLN0$Status","1","1","0"
"7862","54.707184295","ipcas_21:73:33","146","1","50","LIED10PROT/LLN0$Alarm","1","",""
"7863","54.707316846","ipcas_21:73:33","203","1","50","LIED10MEAS/LLN0$Measurement","310","309","312"
"7864","54.711440088","ipcas_21:73:33","142","0","0","LIED12CTRL/LLN0$Status","1234","5678",""
"7865","54.713945217","ipcas_21:73:33","142","0","1","LIED12CTRL/LLN0$Status","1234","5678",""
"7866","54.716469804","ipcas_21:73:33","142","0","2","LIED12CTRL/LLN0$Status","1234","5678",""
"7870","54.718920957","ipcas_21:73:33","142","0","3","LIED12CTRL/LLN0$Status","1234","5678",""
"7871","54.721442367","ipcas_21:73:33","142","0","4","LIED12CTRL/LLN0$Status","1234","5678",""
"7872","54.723940504","ipcas_21:73:33","142","0","5","LIED12CTRL/LLN0$Status","1234","5678",""
"7876","54.726193534","ipcas_21:73:33","142","0","6","LIED12CTRL/LLN0$Status","1234","5678",""
"7877","54.728970002","ipcas_21:73:33","142","0","7","LIED12CTRL/LLN0$Status","1234","5678",""
"7878","54.731475616","ipcas_21:73:33","142","0","8","LIED12CTRL/LLN0$Status","1234","5678",""
"7879","54.733949913","ipcas_21:73:33","142","0","9","LIED12CTRL/LLN0$Status","1234","5678",""
"7883","54.736491345","ipcas_21:73:33","142","0","10","LIED12CTRL/LLN0$Status","1234","5678",""
"7887","54.739193188","ipcas_21:73:33","142","0","11","LIED12CTRL/LLN0$Status","1234","5678",""
"7888","54.741589400","ipcas_21:73:33","142","0","12","LIED12CTRL/LLN0$Status","1234","5678",""
"7892","54.744008780","ipcas_21:73:33","142","0","13","LIED12CTRL/LLN0$Status","1234","5678",""
"7893","54.746492618","ipcas_21:73:33","142","0","14","LIED12CTRL/LLN0$Status","1234","5678",""
"7897","54.749079182","ipcas_21:73:33","142","0","15","LIED12CTRL/LLN0$Status","1234","5678",""
"7901","54.751646563","ipcas_21:73:33","142","0","16","LIED12CTRL/LLN0$Status","1234","5678",""
"7905","54.755375686","ipcas_21:73:33","142","0","17","LIED12CTRL/LLN0$Status","1234","5678",""
"7909","54.759326413","ipcas_21:73:33","142","0","18","LIED12CTRL/LLN0$Status","1234","5678",""
"7910","54.762090265","ipcas_21:73:33","142","0","19","LIED12CTRL/LLN0$Status","1234","5678",""
"7911","54.765377299","ipcas_21:73:33","142","0","20","LIED12CTRL/LLN0$Status","1234","5678",""
"7912","54.769073998","ipcas_21:73:33","142","0","21","LIED12CTRL/LLN0$Status","1234","5678",""
"7913","54.771615742","ipcas_21:73:33","142","0","22","LIED12CTRL/LLN0$Status","1234","5678",""
"7914","54.775642101","ipcas_21:73:33","142","0","23","LIED12CTRL/LLN0$Status","1234","5678",""
"7915","54.778168737","ipcas_21:73:33","142","0","24","LIED12CTRL/LLN0$Status","1234","5678",""
"7916","54.780302835","ipcas_21:73:33","142","0","25","LIED12CTRL/LLN0$Status","1234","5678",""
"7917","54.782772826","ipcas_21:73:33","142","0","26","LIED12CTRL/LLN0$Status","1234","5678",""
"7918","54.785552776","ipcas_21:73:33","142","0","27","LIED12CTRL/LLN0$Status","1234","5678",""
"7919","54.787763274","ipcas_21:73:33","142","0","28","LIED12CTRL/LLN0$Status","1234","5678",""
"7920","54.790398605","ipcas_21:73:33","142","0","29","LIED12CTRL/LLN0$Status","1234","5678",""
"7921","54.792899562","ipcas_21:73:33","142","0","30","LIED12CTRL/LLN0$Status","1234","5678",""
"7922","54.796620223","ipcas_21:73:33","142","0","31","LIED12CTRL/LLN0$Status","1234","5678",""
"7923","54.800281048","ipcas_21:73:33","142","0","32","LIED12CTRL/LLN0$Status","1234","5678",""
"7924","54.803380449","ipcas_21:73:33","142","0","33","LIED12CTRL/LLN0$Status","1234","5678",""
"7925","54.805473897","ipcas_21:73:33","142","0","34","LIED12CTRL/LLN0$Status","1234","5678",""
"7926","54.807839273","ipcas_21:73:33","142","0","35","LIED12CTRL/LLN0$Status","1234","5678",""
"7927","54.810700097","ipcas_21:73:33","142","0","36","LIED12CTRL/LLN0$Status","1234","5678",""
"7928","54.813246772","ipcas_21:73:33","142","0","37","LIED12CTRL/LLN0$Status","1234","5678",""
"7929","54.816869788","ipcas_21:73:33","142","0","38","LIED12CTRL/LLN0$Status","1234","5678",""
"7930","54.820793660","ipcas_21:73:33","142","0","39","LIED12CTRL/LLN0$Status","1234","5678",""
"7931","54.822937740","ipcas_21:73:33","142","0","40","LIED12CTRL/LLN0$Status","1234","5678",""
"7932","54.825640778","ipcas_21:73:33","142","0","41","LIED12CTRL/LLN0$Status","1234","5678",""
"7933","54.827918405","ipcas_21:73:33","142","0","42","LIED12CTRL/LLN0$Status","1234","5678",""
"7934","54.830640377","ipcas_21:73:33","142","0","43","LIED12CTRL/LLN0$Status","1234","5678",""
"7935","54.833175116","ipcas_21:73:33","142","0","44","LIED12CTRL/LLN0$Status","1234","5678",""
"7936","54.835597661","ipcas_21:73:33","142","0","45","LIED12CTRL/LLN0$Status","1234","5678",""
"7937","54.838105922","ipcas_21:73:33","142","0","46","LIED12CTRL/LLN0$Status","1234","5678",""
"7938","54.840399277","ipcas_21:73:33","142","0","47","LIED12CTRL/LLN0$Status","1234","5678",""
"7939","54.843415935","ipcas_21:73:33","142","0","48","LIED12CTRL/LLN0$Status","1234","5678",""
"7940","54.845548068","ipcas_21:73:33","142","0","49","LIED12CTRL/LLN0$Status","1234","5678",""
"7941","54.848113923","ipcas_21:73:33","142","0","50","LIED12CTRL/LLN0$Status","1234","5678",""
"7942","54.850415140","ipcas_21:73:33","142","0","51","LIED12CTRL/LLN0$Status","1234","5678",""
"7943","54.852942692","ipcas_21:73:33","142","0","52","LIED12CTRL/LLN0$Status","1234","5678",""
"7944","54.855428179","ipcas_21:73:33","142","0","53","LIED12CTRL/LLN0$Status","1234","5678",""
"7945","54.857930907","ipcas_21:73:33","142","0","54","LIED12CTRL/LLN0$Status","1234","5678",""
"7946","54.860641496","ipcas_21:73:33","142","0","55","LIED12CTRL/LLN0$Status","1234","5678",""
"7947","54.863083930","ipcas_21:73:33","142","0","56","LIED12CTRL/LLN0$Status","1234","5678",""
"7948","54.865541754","ipcas_21:73:33","142","0","57","LIED12CTRL/LLN0$Status","1234","5678",""
"7949","54.868039477","ipcas_21:73:33","142","0","58","LIED12CTRL/LLN0$Status","1234","5678",""
"7950","54.870457462","ipcas_21:73:33","142","0","59","LIED12CTRL/LLN0$Status","1234","5678",""
"7951","54.872869453","ipcas_21:73:33","142","0","60","LIED12CTRL/LLN0$Status","1234","5678",""
"7952","54.876619799","ipcas_21:73:33","142","0","61","LIED12CTRL/LLN0$Status","1234","5678",""
"7953","54.880371619","ipcas_21:73:33","142","0","62","LIED12CTRL/LLN0$Status","1234","5678",""
"7954","54.884120285","ipcas_21:73:33","142","0","63","LIED12CTRL/LLN0$Status","1234","5678",""
"7955","54.887873775","ipcas_21:73:33","142","0","64","LIED12CTRL/LLN0$Status","1234","5678",""
"7956","54.891623710","ipcas_21:73:33","142","0","65","LIED12CTRL/LLN0$Status","1234","5678",""
"7957","54.895390357","ipcas_21:73:33","142","0","66","LIED12CTRL/LLN0$Status","1234","5678",""
"7958","54.897871034","ipcas_21:73:33","142","0","67","LIED12CTRL/LLN0$Status","1234","5678",""
"7959","54.901624240","ipcas_21:73:33","142","0","68","LIED12CTRL/LLN0$Status","1234","5678",""
"7960","54.905612390","ipcas_21:73:33","142","0","69","LIED12CTRL/LLN0$Status","1234","5678",""
"7961","54.908120069","ipcas_21:73:33","142","0","70","LIED12CTRL/LLN0$Status","1234","5678",""
"7962","54.910616773","ipcas_21:73:33","142","0","71","LIED12CTRL/LLN0$Status","1234","5678",""
"7963","54.912915579","ipcas_21:73:33","142","0","72","LIED12CTRL/LLN0$Status","1234","5678",""
"7964","54.915443358","ipcas_21:73:33","142","0","73","LIED12CTRL/LLN0$Status","1234","5678",""
"7965","54.917933624","ipcas_21:73:33","142","0","74","LIED12CTRL/LLN0$Status","1234","5678",""
"7966","54.920435717","ipcas_21:73:33","142","0","75","LIED12CTRL/LLN0$Status","1234","5678",""
"7967","54.922937322","ipcas_21:73:33","142","0","76","LIED12CTRL/LLN0$Status","1234","5678",""
"7968","54.925437317","ipcas_21:73:33","142","0","77","LIED12CTRL/LLN0$Status","1234","5678",""
"7969","54.928128853","ipcas_21:73:33","142","0","78","LIED12CTRL/LLN0$Status","1234","5678",""
"7970","54.930436293","ipcas_21:73:33","142","0","79","LIED12CTRL/LLN0$Status","1234","5678",""
"7971","54.932935209","ipcas_21:73:33","142","0","80","LIED12CTRL/LLN0$Status","1234","5678",""
"7972","54.935632784","ipcas_21:73:33","142","0","81","LIED12CTRL/LLN0$Status","1234","5678",""
"7973","54.939987117","ipcas_21:73:33","142","0","82","LIED12CTRL/LLN0$Status","1234","5678",""
"7974","54.943195859","ipcas_21:73:33","142","0","83","LIED12CTRL/LLN0$Status","1234","5678",""
"7975","54.945688291","ipcas_21:73:33","142","0","84","LIED12CTRL/LLN0$Status","1234","5678",""
"7976","54.949475492","ipcas_21:73:33","142","0","85","LIED12CTRL/LLN0$Status","1234","5678",""
"7977","54.953170213","ipcas_21:73:33","142","0","86","LIED12CTRL/LLN0$Status","1234","5678",""
"7978","54.956919270","ipcas_21:73:33","142","0","87","LIED12CTRL/LLN0$Status","1234","5678",""
"7979","54.960703971","ipcas_21:73:33","142","0","88","LIED12CTRL/LLN0$Status","1234","5678",""
"7980","54.964381385","ipcas_21:73:33","142","0","89","LIED12CTRL/LLN0$Status","1234","5678",""
"7981","54.966749478","ipcas_21:73:33","142","0","90","LIED12CTRL/LLN0$Status","1234","5678",""
"7982","54.969428524","ipcas_21:73:33","142","0","91","LIED12CTRL/LLN0$Status","1234","5678",""
"7983","54.972010679","ipcas_21:73:33","142","0","92","LIED12CTRL/LLN0$Status","1234","5678",""
"7984","54.975718276","ipcas_21:73:33","142","0","93","LIED12CTRL/LLN0$Status","1234","5678",""
"7985","54.979509009","ipcas_21:73:33","142","0","94","LIED12CTRL/LLN0$Status","1234","5678",""
"7986","54.981940198","ipcas_21:73:33","142","0","95","LIED12CTRL/LLN0$Status","1234","5678",""
"7987","54.984525591","ipcas_21:73:33","142","0","96","LIED12CTRL/LLN0$Status","1234","5678",""
"7988","54.986957388","ipcas_21:73:33","142","0","97","LIED12CTRL/LLN0$Status","1234","5678",""
"7989","54.989470650","ipcas_21:73:33","142","0","98","LIED12CTRL/LLN0$Status","1234","5678",""
"7990","54.992000053","ipcas_21:73:33","142","0","99","LIED12CTRL/LLN0$Status","1234","5678",""
"7991","54.995688255","ipcas_21:73:33","142","0","100","LIED12CTRL/LLN0$Status","1234","5678",""
"7992","54.997965802","ipcas_21:73:33","142","0","101","LIED12CTRL/LLN0$Status","1234","5678",""
"7993","55.000367833","ipcas_21:73:33","142","0","102","LIED12CTRL/LLN0$Status","1234","5678",""
"7994","55.004455854","ipcas_21:73:33","142","0","103","LIED12CTRL/LLN0$Status","1234","5678",""
"7995","55.006931608","ipcas_21:73:33","142","0","104","LIED12CTRL/LLN0$Status","1234","5678",""
"7996","55.009428464","ipcas_21:73:33","142","0","105","LIED12CTRL/LLN0$Status","1234","5678",""
"7997","55.013205142","ipcas_21:73:33","142","0","106","LIED12CTRL/LLN0$Status","1234","5678",""
"7998","55.015724825","ipcas_21:73:33","142","0","107","LIED12CTRL/LLN0$Status","1234","5678",""
"7999","55.018201851","ipcas_21:73:33","142","0","108","LIED12CTRL/LLN0$Status","1234","5678",""
"8000","55.022556359","ipcas_21:73:33","142","0","109","LIED12CTRL/LLN0$Status","1234","5678",""
"8001","55.024095889","ipcas_21:73:33","142","0","110","LIED12CTRL/LLN0$Status","1234","5678",""
"8002","55.027846850","ipcas_21:73:33","142","0","111","LIED12CTRL/LLN0$Status","1234","5678",""
"8003","55.031924788","ipcas_21:73:33","142","0","112","LIED12CTRL/LLN0$Status","1234","5678",""
"8004","55.035656983","ipcas_21:73:33","142","0","113","LIED12CTRL/LLN0$Status","1234","5678",""
"8005","55.039427250","ipcas_21:73:33","142","0","114","LIED12CTRL/LLN0$Status","1234","5678",""
"8006","55.041715032","ipcas_21:73:33","142","0","115","LIED12CTRL/LLN0$Status","1234","5678",""
"8007","55.045345772","ipcas_21:73:33","142","0","116","LIED12CTRL/LLN0$Status","1234","5678",""
"8008","55.049308940","ipcas_21:73:33","142","0","117","LIED12CTRL/LLN0$Status","1234","5678",""
"8009","55.052867065","ipcas_21:73:33","142","0","118","LIED12CTRL/LLN0$Status","1234","5678",""
"8010","55.056636719","ipcas_21:73:33","142","0","119","LIED12CTRL/LLN0$Status","1234","5678",""
"8011","55.060634161","ipcas_21:73:33","142","0","120","LIED12CTRL/LLN0$Status","1234","5678",""
"8012","55.063157019","ipcas_21:73:33","142","0","121","LIED12CTRL/LLN0$Status","1234","5678",""
"8013","55.066880108","ipcas_21:73:33","142","0","122","LIED12CTRL/LLN0$Status","1234","5678",""
"8014","55.069328296","ipcas_21:73:33","142","0","123","LIED12CTRL/LLN0$Status","1234","5678",""
"8015","55.073107110","ipcas_21:73:33","142","0","124","LIED12CTRL/LLN0$Status","1234","5678",""
"8016","55.075381362","ipcas_21:73:33","142","0","125","LIED12CTRL/LLN0$Status","1234","5678",""
"8017","55.078590165","ipcas_21:73:33","142","0","126","LIED12CTRL/LLN0$Status","1234","5678",""
"8018","55.081620333","ipcas_21:73:33","142","0","127","LIED12CTRL/LLN0$Status","1234","5678",""
"8019","55.085343596","ipcas_21:73:33","143","0","128","LIED12CTRL/LLN0$Status","1234","5678",""
"8020","55.087760763","ipcas_21:73:33","143","0","129","LIED12CTRL/LLN0$Status","1234","5678",""
"8021","55.090423081","ipcas_21:73:33","143","0","130","LIED12CTRL/LLN0$Status","1234","5678",""
"8022","55.092735507","ipcas_21:73:33","143","0","131","LIED12CTRL/LLN0$Status","1234","5678",""
"8023","55.095358508","ipcas_21:73:33","143","0","132","LIED12CTRL/LLN0$Status","1234","5678",""
"8024","55.097744484","ipcas_21:73:33","143","0","133","LIED12CTRL/LLN0$Status","1234","5678",""
"8025","55.100243303","ipcas_21:73:33","143","0","134","LIED12CTRL/LLN0$Status","1234","5678",""
"8026","55.103291434","ipcas_21:73:33","143","0","135","LIED12CTRL/LLN0$Status","1234","5678",""
"8027","55.106634748","ipcas_21:73:33","143","0","136","LIED12CTRL/LLN0$Status","1234","5678",""
"8028","55.108990665","ipcas_21:73:33","143","0","137","LIED12CTRL/LLN0$Status","1234","5678",""
"8029","55.111581794","ipcas_21:73:33","143","0","138","LIED12CTRL/LLN0$Status","1234","5678",""
"8030","55.114027940","ipcas_21:73:33","143","0","139","LIED12CTRL/LLN0$Status","1234","5678",""
"8031","55.116519002","ipcas_21:73:33","143","0","140","LIED12CTRL/LLN0$Status","1234","5678",""
"8032","55.118971999","ipcas_21:73:33","143","0","141","LIED12CTRL/LLN0$Status","1234","5678",""
"8033","55.121518350","ipcas_21:73:33","143","0","142","LIED12CTRL/LLN0$Status","1234","5678",""
"8034","55.124131371","ipcas_21:73:33","143","0","143","LIED12CTRL/LLN0$Status","1234","5678",""
"8035","55.126493091","ipcas_21:73:33","143","0","144","LIED12CTRL/LLN0$Status","1234","5678",""
"8036","55.129097344","ipcas_21:73:33","143","0","145","LIED12CTRL/LLN0$Status","1234","5678",""
"8037","55.131580093","ipcas_21:73:33","143","0","146","LIED12CTRL/LLN0$Status","1234","5678",""
"8038","55.134143295","ipcas_21:73:33","143","0","147","LIED12CTRL/LLN0$Status","1234","5678",""
"8039","55.136513152","ipcas_21:73:33","143","0","148","LIED12CTRL/LLN0$Status","1234","5678",""
"8040","55.139021956","ipcas_21:73:33","143","0","149","LIED12CTRL/LLN0$Status","1234","5678",""
"8041","55.142911521","ipcas_21:73:33","143","0","150","LIED12CTRL/LLN0$Status","1234","5678",""
"8042","55.146648663","ipcas_21:73:33","143","0","151","LIED12CTRL/LLN0$Status","1234","5678",""
"8043","55.149149323","ipcas_21:73:33","143","0","152","LIED12CTRL/LLN0$Status","1234","5678",""
"8044","55.152875266","ipcas_21:73:33","143","0","153","LIED12CTRL/LLN0$Status","1234","5678",""
"8045","55.156628964","ipcas_21:73:33","143","0","154","LIED12CTRL/LLN0$Status","1234","5678",""
"8046","55.160618828","ipcas_21:73:33","143","0","155","LIED12CTRL/LLN0$Status","1234","5678",""
"8047","55.164027822","ipcas_21:73:33","143","0","156","LIED12CTRL/LLN0$Status","1234","5678",""
"8048","55.166578957","ipcas_21:73:33","143","0","157","LIED12CTRL/LLN0$Status","1234","5678",""
"8049","55.169147871","ipcas_21:73:33","143","0","158","LIED12CTRL/LLN0$Status","1234","5678",""
"8050","55.172873213","ipcas_21:73:33","143","0","159","LIED12CTRL/LLN0$Status","1234","5678",""
"8051","55.176627643","ipcas_21:73:33","143","0","160","LIED12CTRL/LLN0$Status","1234","5678",""
"8052","55.180385035","ipcas_21:73:33","143","0","161","LIED12CTRL/LLN0$Status","1234","5678",""
"8053","55.184027812","ipcas_21:73:33","143","0","162","LIED12CTRL/LLN0$Status","1234","5678",""
"8054","55.186631290","ipcas_21:73:33","143","0","163","LIED12CTRL/LLN0$Status","1234","5678",""
"8055","55.190375131","ipcas_21:73:33","143","0","164","LIED12CTRL/LLN0$Status","1234","5678",""
"8056","55.193192504","ipcas_21:73:33","143","0","165","LIED12CTRL/LLN0$Status","1234","5678",""
"8057","55.196683243","ipcas_21:73:33","143","0","166","LIED12CTRL/LLN0$Status","1234","5678",""
"8058","55.199183171","ipcas_21:73:33","143","0","167","LIED12CTRL/LLN0$Status","1234","5678",""
"8059","55.201680259","ipcas_21:73:33","143","0","168","LIED12CTRL/LLN0$Status","1234","5678",""
"8060","55.204182369","ipcas_21:73:33","143","0","169","LIED12CTRL/LLN0$Status","1234","5678",""
"8061","55.206680833","ipcas_21:73:33","143","0","170","LIED12CTRL/LLN0$Status","1234","5678",""
"8062","55.209181205","ipcas_21:73:33","143","0","171","LIED12CTRL/LLN0$Status","1234","5678",""
"8063","55.211641017","ipcas_21:73:33","143","0","172","LIED12CTRL/LLN0$Status","1234","5678",""
"8064","55.214123187","ipcas_21:73:33","143","0","173","LIED12CTRL/LLN0$Status","1234","5678",""
"8065","55.216725279","ipcas_21:73:33","143","0","174","LIED12CTRL/LLN0$Status","1234","5678",""
"8066","55.219198461","ipcas_21:73:33","143","0","175","LIED12CTRL/LLN0$Status","1234","5678",""
"8067","55.222873303","ipcas_21:73:33","143","0","176","LIED12CTRL/LLN0$Status","1234","5678",""
"8068","55.226618324","ipcas_21:73:33","143","0","177","LIED12CTRL/LLN0$Status","1234","5678",""
"8069","55.230431124","ipcas_21:73:33","143","0","178","LIED12CTRL/LLN0$Status","1234","5678",""
"8070","55.232905774","ipcas_21:73:33","143","0","179","LIED12CTRL/LLN0$Status","1234","5678",""
"8071","55.235412992","ipcas_21:73:33","143","0","180","LIED12CTRL/LLN0$Status","1234","5678",""
"8072","55.239160759","ipcas_21:73:33","143","0","181","LIED12CTRL/LLN0$Status","1234","5678",""
"8073","55.242947035","ipcas_21:73:33","143","0","182","LIED12CTRL/LLN0$Status","1234","5678",""
"8074","55.245653104","ipcas_21:73:33","143","0","183","LIED12CTRL/LLN0$Status","1234","5678",""
"8075","55.247932892","ipcas_21:73:33","143","0","184","LIED12CTRL/LLN0$Status","1234","5678",""
"8076","55.250431684","ipcas_21:73:33","143","0","185","LIED12CTRL/LLN0$Status","1234","5678",""
"8077","55.252930519","ipcas_21:73:33","143","0","186","LIED12CTRL/LLN0$Status","1234","5678",""
"8078","55.255644142","ipcas_21:73:33","143","0","187","LIED12CTRL/LLN0$Status","1234","5678",""
"8079","55.259182080","ipcas_21:73:33","143","0","188","LIED12CTRL/LLN0$Status","1234","5678",""
"8080","55.261909251","ipcas_21:73:33","143","0","189","LIED12CTRL/LLN0$Status","1234","5678",""
"8081","55.264408805","ipcas_21:73:33","143","0","190","LIED12CTRL/LLN0$Status","1234","5678",""
"8082","55.267931915","ipcas_21:73:33","143","0","191","LIED12CTRL/LLN0$Status","1234","5678",""
"8083","55.270426644","ipcas_21:73:33","143","0","192","LIED12CTRL/LLN0$Status","1234","5678",""
"8084","55.272893512","ipcas_21:73:33","143","0","193","LIED12CTRL/LLN0$Status","1234","5678",""
"8085","55.276680206","ipcas_21:73:33","143","0","194","LIED12CTRL/LLN0$Status","1234","5678",""
"8086","55.279177575","ipcas_21:73:33","143","0","195","LIED12CTRL/LLN0$Status","1234","5678",""
"8087","55.281678843","ipcas_21:73:33","143","0","196","LIED12CTRL/LLN0$Status","1234","5678",""
"8088","55.284176706","ipcas_21:73:33","143","0","197","LIED12CTRL/LLN0$Status","1234","5678",""
"8089","55.286676600","ipcas_21:73:33","143","0","198","LIED12CTRL/LLN0$Status","1234","5678",""
"8090","55.289180236","ipcas_21:73:33","143","0","199","LIED12CTRL/LLN0$Status","1234","5678",""
"8094","55.291680418","ipcas_21:73:33","143","0","200","LIED12CTRL/LLN0$Status","1234","5678",""
"8095","55.294152596","ipcas_21:73:33","143","0","201","LIED12CTRL/LLN0$Status","1234","5678",""
"8098","55.298030128","ipcas_21:73:33","143","0","202","LIED12CTRL/LLN0$Status","1234","5678",""
"8102","55.300535972","ipcas_21:73:33","143","0","203","LIED12CTRL/LLN0$Status","1234","5678",""
"8103","55.303496152","ipcas_21:73:33","143","0","204","LIED12CTRL/LLN0$Status","1234","5678",""
"8104","55.305399913","ipcas_21:73:33","143","0","205","LIED12CTRL/LLN0$Status","1234","5678",""
"8108","55.307958249","ipcas_21:73:33","143","0","206","LIED12CTRL/LLN0$Status","1234","5678",""
"8112","55.310585799","ipcas_21:73:33","143","0","207","LIED12CTRL/LLN0$Status","1234","5678",""
"8113","55.314226589","ipcas_21:73:33","143","0","208","LIED12CTRL/LLN0$Status","1234","5678",""
"8117","55.316911227","ipcas_21:73:33","143","0","209","LIED12CTRL/LLN0$Status","1234","5678",""
"8118","55.319143787","ipcas_21:73:33","143","0","210","LIED12CTRL/LLN0$Status","1234","5678",""
"8127","55.322109249","ipcas_21:73:33","143","0","211","LIED12CTRL/LLN0$Status","1234","5678",""
"8128","55.325395183","ipcas_21:73:33","143","0","212","LIED12CTRL/LLN0$Status","1234","5678",""
"8129","55.328027417","ipcas_21:73:33","143","0","213","LIED12CTRL/LLN0$Status","1234","5678",""
"8130","55.330385824","ipcas_21:73:33","143","0","214","LIED12CTRL/LLN0$Status","1234","5678",""
"8131","55.334173487","ipcas_21:73:33","143","0","215","LIED12CTRL/LLN0$Status","1234","5678",""
"8132","55.336901969","ipcas_21:73:33","143","0","216","LIED12CTRL/LLN0$Status","1234","5678",""
"8133","55.339148456","ipcas_21:73:33","143","0","217","LIED12CTRL/LLN0$Status","1234","5678",""
"8134","55.341642180","ipcas_21:73:33","143","0","218","LIED12CTRL/LLN0$Status","1234","5678",""
"8135","55.345667362","ipcas_21:73:33","143","0","219","LIED12CTRL/LLN0$Status","1234","5678",""
"8136","55.347895451","ipcas_21:73:33","143","0","220","LIED12CTRL/LLN0$Status","1234","5678",""
"8137","55.350396281","ipcas_21:73:33","143","0","221","LIED12CTRL/LLN0$Status","1234","5678",""
"8138","55.352920939","ipcas_21:73:33","143","0","222","LIED12CTRL/LLN0$Status","1234","5678",""
"8139","55.356647620","ipcas_21:73:33","143","0","223","LIED12CTRL/LLN0$Status","1234","5678",""
"8140","55.360381375","ipcas_21:73:33","143","0","224","LIED12CTRL/LLN0$Status","1234","5678",""
"8141","55.364146322","ipcas_21:73:33","143","0","225","LIED12CTRL/LLN0$Status","1234","5678",""
"8142","55.366678064","ipcas_21:73:33","143","0","226","LIED12CTRL/LLN0$Status","1234","5678",""
"8143","55.369175275","ipcas_21:73:33","143","0","227","LIED12CTRL/LLN0$Status","1234","5678",""
"8144","55.371632915","ipcas_21:73:33","143","0","228","LIED12CTRL/LLN0$Status","1234","5678",""
"8145","55.374142415","ipcas_21:73:33","143","0","229","LIED12CTRL/LLN0$Status","1234","5678",""
"8146","55.376645948","ipcas_21:73:33","143","0","230","LIED12CTRL/LLN0$Status","1234","5678",""
"8147","55.379128797","ipcas_21:73:33","143","0","231","LIED12CTRL/LLN0$Status","1234","5678",""
"8148","55.381505477","ipcas_21:73:33","143","0","232","LIED12CTRL/LLN0$Status","1234","5678",""
"8149","55.384118570","ipcas_21:73:33","143","0","233","LIED12CTRL/LLN0$Status","1234","5678",""
"8150","55.386611171","ipcas_21:73:33","143","0","234","LIED12CTRL/LLN0$Status","1234","5678",""
"8151","55.389159246","ipcas_21:73:33","143","0","235","LIED12CTRL/LLN0$Status","1234","5678",""
"8152","55.391648183","ipcas_21:73:33","143","0","236","LIED12CTRL/LLN0$Status","1234","5678",""
"8153","55.394126564","ipcas_21:73:33","143","0","237","LIED12CTRL/LLN0$Status","1234","5678",""
"8154","55.396635142","ipcas_21:73:33","143","0","238","LIED12CTRL/LLN0$Status","1234","5678",""
"8155","55.399138421","ipcas_21:73:33","143","0","239","LIED12CTRL/LLN0$Status","1234","5678",""
"8156","55.401614510","ipcas_21:73:33","143","0","240","LIED12CTRL/LLN0$Status","1234","5678",""
"8157","55.404433046","ipcas_21:73:33","143","0","241","LIED12CTRL/LLN0$Status","1234","5678",""
"8160","55.407083897","ipcas_21:73:33","143","0","242","LIED12CTRL/LLN0$Status","1234","5678",""
"8161","55.409112828","ipcas_21:73:33","143","0","243","LIED12CTRL/LLN0$Status","1234","5678",""
"8162","55.411616767","ipcas_21:73:33","143","0","244","LIED12CTRL/LLN0$Status","1234","5678",""
"8163","55.414050097","ipcas_21:73:33","143","0","245","LIED12CTRL/LLN0$Status","1234","5678",""
"8164","55.416500656","ipcas_21:73:33","143","0","246","LIED12CTRL/LLN0$Status","1234","5678",""
"8165","55.419100303","ipcas_21:73:33","143","0","247","LIED12CTRL/LLN0$Status","1234","5678",""
"8166","55.421513687","ipcas_21:73:33","143","0","248","LIED12CTRL/LLN0$Status","1234","5678",""
"8167","55.423988516","ipcas_21:73:33","143","0","249","LIED12CTRL/LLN0$Status","1234","5678",""
"8168","55.426489130","ipcas_21:73:33","143","0","250","LIED12CTRL/LLN0$Status","1234","5678",""
"8169","55.428988740","ipcas_21:73:33","143","0","251","LIED12CTRL/LLN0$Status","1234","5678",""
"8170","55.431481945","ipcas_21:73:33","143","0","252","LIED12CTRL/LLN0$Status","1234","5678",""
"8171","55.433998523","ipcas_21:73:33","143","0","253","LIED12CTRL/LLN0$Status","1234","5678",""
"8172","55.436587516","ipcas_21:73:33","143","0","254","LIED12CTRL/LLN0$Status","1234","5678",""
"8173","55.439090420","ipcas_21:73:33","143","0","255","LIED12CTRL/LLN0$Status","1234","5678",""
"8174","55.441640956","ipcas_21:73:33","143","0","256","LIED12CTRL/LLN0$Status","1234","5678",""
"8175","55.444118428","ipcas_21:73:33","143","0","257","LIED12CTRL/LLN0$Status","1234","5678",""
"8176","55.447891213","ipcas_21:73:33","143","0","258","LIED12CTRL/LLN0$Status","1234","5678",""
"8177","55.450383443","ipcas_21:73:33","143","0","259","LIED12CTRL/LLN0$Status","1234","5678",""
"8178","55.452879696","ipcas_21:73:33","143","0","260","LIED12CTRL/LLN0$Status","1234","5678",""
"8179","55.456617383","ipcas_21:73:33","143","0","261","LIED12CTRL/LLN0$Status","1234","5678",""
"8180","55.459127023","ipcas_21:73:33","143","0","262","LIED12CTRL/LLN0$Status","1234","5678",""
"8181","55.462934554","ipcas_21:73:33","143","0","263","LIED12CTRL/LLN0$Status","1234","5678",""
"8182","55.466756040","ipcas_21:73:33","143","0","264","LIED12CTRL/LLN0$Status","1234","5678",""
"8183","55.469105209","ipcas_21:73:33","143","0","265","LIED12CTRL/LLN0$Status","1234","5678",""
"8184","55.471618715","ipcas_21:73:33","143","0","266","LIED12CTRL/LLN0$Status","1234","5678",""
"8185","55.475397541","ipcas_21:73:33","143","0","267","LIED12CTRL/LLN0$Status","1234","5678",""
"8186","55.477907940","ipcas_21:73:33","143","0","268","LIED12CTRL/LLN0$Status","1234","5678",""
"8187","55.480389582","ipcas_21:73:33","143","0","269","LIED12CTRL/LLN0$Status","1234","5678",""
"8188","55.484128461","ipcas_21:73:33","143","0","270","LIED12CTRL/LLN0$Status","1234","5678",""
"8189","55.486640133","ipcas_21:73:33","143","0","271","LIED12CTRL/LLN0$Status","1234","5678",""
"8190","55.490458777","ipcas_21:73:33","143","0","272","LIED12CTRL/LLN0$Status","1234","5678",""
"8191","55.492955187","ipcas_21:73:33","143","0","273","LIED12CTRL/LLN0$Status","1234","5678",""
"8192","55.495434126","ipcas_21:73:33","143","0","274","LIED12CTRL/LLN0$Status","1234","5678",""
"8193","55.499161410","ipcas_21:73:33","143","0","275","LIED12CTRL/LLN0$Status","1234","5678",""
"8194","55.503134832","ipcas_21:73:33","143","0","276","LIED12CTRL/LLN0$Status","1234","5678",""
"8195","55.506654430","ipcas_21:73:33","143","0","277","LIED12CTRL/LLN0$Status","1234","5678",""
"8196","55.510405133","ipcas_21:73:33","143","0","278","LIED12CTRL/LLN0$Status","1234","5678",""
"8197","55.513149862","ipcas_21:73:33","143","0","279","LIED12CTRL/LLN0$Status","1234","5678",""
"8198","55.515636137","ipcas_21:73:33","143","0","280","LIED12CTRL/LLN0$Status","1234","5678",""
"8199","55.518073627","ipcas_21:73:33","143","0","281","LIED12CTRL/LLN0$Status","1234","5678",""
"8200","55.520431005","ipcas_21:73:33","143","0","282","LIED12CTRL/LLN0$Status","1234","5678",""
"8201","55.522918929","ipcas_21:73:33","143","0","283","LIED12CTRL/LLN0$Status","1234","5678",""
"8202","55.526649819","ipcas_21:73:33","143","0","284","LIED12CTRL/LLN0$Status","1234","5678",""
"8203","55.530343043","ipcas_21:73:33","143","0","285","LIED12CTRL/LLN0$Status","1234","5678",""
"8204","55.532880568","ipcas_21:73:33","143","0","286","LIED12CTRL/LLN0$Status","1234","5678",""
"8205","55.535452002","ipcas_21:73:33","143","0","287","LIED12CTRL/LLN0$Status","1234","5678",""
"8206","55.539123007","ipcas_21:73:33","143","0","288","LIED12CTRL/LLN0$Status","1234","5678",""
"8207","55.542919630","ipcas_21:73:33","143","0","289","LIED12CTRL/LLN0$Status","1234","5678",""
"8208","55.546657543","ipcas_21:73:33","143","0","290","LIED12CTRL/LLN0$Status","1234","5678",""
"8209","55.550410045","ipcas_21:73:33","143","0","291","LIED12CTRL/LLN0$Status","1234","5678",""
"8210","55.554159032","ipcas_21:73:33","143","0","292","LIED12CTRL/LLN0$Status","1234","5678",""
"8211","55.558163067","ipcas_21:73:33","143","0","293","LIED12CTRL/LLN0$Status","1234","5678",""
"8212","55.560640452","ipcas_21:73:33","143","0","294","LIED12CTRL/LLN0$Status","1234","5678",""
"8213","55.562965763","ipcas_21:73:33","143","0","295","LIED12CTRL/LLN0$Status","1234","5678",""
"8214","55.566888655","ipcas_21:73:33","143","0","296","LIED12CTRL/LLN0$Status","1234","5678",""
"8215","55.570302990","ipcas_21:73:33","143","0","297","LIED12CTRL/LLN0$Status","1234","5678",""
"8216","55.572743512","ipcas_21:73:33","143","0","298","LIED12CTRL/LLN0$Status","1234","5678",""
"8217","55.575243313","ipcas_21:73:33","143","0","299","LIED12CTRL/LLN0$Status","1234","5678",""
"8218","55.577740191","ipcas_21:73:33","143","0","300","LIED12CTRL/LLN0$Status","1234","5678",""
"8219","55.580297059","ipcas_21:73:33","143","0","301","LIED12CTRL/LLN0$Status","1234","5678",""
"8220","55.582772444","ipcas_21:73:33","143","0","302","LIED12CTRL/LLN0$Status","1234","5678",""
"8221","55.585407825","ipcas_21:73:33","143","0","303","LIED12CTRL/LLN0$Status","1234","5678",""
"8222","55.588228733","ipcas_21:73:33","143","0","304","LIED12CTRL/LLN0$Status","1234","5678",""
"8223","55.590386278","ipcas_21:73:33","143","0","305","LIED12CTRL/LLN0$Status","1234","5678",""
"8224","55.592798122","ipcas_21:73:33","143","0","306","LIED12CTRL/LLN0$Status","1234","5678",""
"8225","55.595341832","ipcas_21:73:33","143","0","307","LIED12CTRL/LLN0$Status","1234","5678",""
"8226","55.597797761","ipcas_21:73:33","143","0","308","LIED12CTRL/LLN0$Status","1234","5678",""
"8227","55.600313122","ipcas_21:73:33","143","0","309","LIED12CTRL/LLN0$Status","1234","5678",""
"8228","55.603429517","ipcas_21:73:33","143","0","310","LIED12CTRL/LLN0$Status","1234","5678",""
"8229","55.605378596","ipcas_21:73:33","143","0","311","LIED12CTRL/LLN0$Status","1234","5678",""
"8230","55.607880756","ipcas_21:73:33","143","0","312","LIED12CTRL/LLN0$Status","1234","5678",""
"8231","55.610401332","ipcas_21:73:33","143","0","313","LIED12CTRL/LLN0$Status","1234","5678",""
"8232","55.614133533","ipcas_21:73:33","143","0","314","LIED12CTRL/LLN0$Status","1234","5678",""
"8233","55.616644289","ipcas_21:73:33","143","0","315","LIED12CTRL/LLN0$Status","1234","5678",""
"8234","55.620342648","ipcas_21:73:33","143","0","316","LIED12CTRL/LLN0$Status","1234","5678",""
"8235","55.624128867","ipcas_21:73:33","143","0","317","LIED12CTRL/LLN0$Status","1234","5678",""
"8236","55.627999439","ipcas_21:73:33","143","0","318","LIED12CTRL/LLN0$Status","1234","5678",""
"8237","55.631631151","ipcas_21:73:33","143","0","319","LIED12CTRL/LLN0$Status","1234","5678",""
"8238","55.635366790","ipcas_21:73:33","143","0","320","LIED12CTRL/LLN0$Status","1234","5678",""
"8239","55.639127958","ipcas_21:73:33","143","0","321","LIED12CTRL/LLN0$Status","1234","5678",""
"8240","55.642852788","ipcas_21:73:33","143","0","322","LIED12CTRL/LLN0$Status","1234","5678",""
"8241","55.646615757","ipcas_21:73:33","143","0","323","LIED12CTRL/LLN0$Status","1234","5678",""
"8242","55.649022028","ipcas_21:73:33","143","0","324","LIED12CTRL/LLN0$Status","1234","5678",""
"8243","55.651583339","ipcas_21:73:33","143","0","325","LIED12CTRL/LLN0$Status","1234","5678",""
"8244","55.654075459","ipcas_21:73:33","143","0","326","LIED12CTRL/LLN0$Status","1234","5678",""
"8245","55.656507135","ipcas_21:73:33","143","0","327","LIED12CTRL/LLN0$Status","1234","5678",""
"8246","55.659009936","ipcas_21:73:33","143","0","328","LIED12CTRL/LLN0$Status","1234","5678",""
"8247","55.661518260","ipcas_21:73:33","143","0","329","LIED12CTRL/LLN0$Status","1234","5678",""
"8248","55.664116248","ipcas_21:73:33","143","0","330","LIED12CTRL/LLN0$Status","1234","5678",""
"8249","55.666628765","ipcas_21:73:33","143","0","331","LIED12CTRL/LLN0$Status","1234","5678",""
"8250","55.669052537","ipcas_21:73:33","143","0","332","LIED12CTRL/LLN0$Status","1234","5678",""
"8251","55.671617863","ipcas_21:73:33","143","0","333","LIED12CTRL/LLN0$Status","1234","5678",""
"8252","55.674079726","ipcas_21:73:33","143","0","334","LIED12CTRL/LLN0$Status","1234","5678",""
"8253","55.676507414","ipcas_21:73:33","143","0","335","LIED12CTRL/LLN0$Status","1234","5678",""
"8254","55.679047829","ipcas_21:73:33","143","0","336","LIED12CTRL/LLN0$Status","1234","5678",""
"8255","55.681604131","ipcas_21:73:33","143","0","337","LIED12CTRL/LLN0$Status","1234","5678",""
"8256","55.684142972","ipcas_21:73:33","143","0","338","LIED12CTRL/LLN0$Status","1234","5678",""
"8257","55.686645837","ipcas_21:73:33","143","0","339","LIED12CTRL/LLN0$Status","1234","5678",""
"8258","55.690514120","ipcas_21:73:33","143","0","340","LIED12CTRL/LLN0$Status","1234","5678",""
"8259","55.694204330","ipcas_21:73:33","143","0","341","LIED12CTRL/LLN0$Status","1234","5678",""
"8260","55.697961174","ipcas_21:73:33","143","0","342","LIED12CTRL/LLN0$Status","1234","5678",""
"8261","55.700462048","ipcas_21:73:33","143","0","343","LIED12CTRL/LLN0$Status","1234","5678",""
"8262","55.704162175","ipcas_21:73:33","143","0","344","LIED12CTRL/LLN0$Status","1234","5678",""
"8263","55.706655935","ipcas_21:73:33","143","0","345","LIED12CTRL/LLN0$Status","1234","5678",""
"8264","55.710414444","ipcas_21:73:33","143","0","346","LIED12CTRL/LLN0$Status","1234","5678",""
"8265","55.712911141","ipcas_21:73:33","143","0","347","LIED12CTRL/LLN0$Status","1234","5678",""
"8266","55.715417432","ipcas_21:73:33","143","0","348","LIED12CTRL/LLN0$Status","1234","5678",""
"8267","55.719166243","ipcas_21:73:33","143","0","349","LIED12CTRL/LLN0$Status","1234","5678",""
"8268","55.722898982","ipcas_21:73:33","143","0","350","LIED12CTRL/LLN0$Status","1234","5678",""
"8269","55.726668546","ipcas_21:73:33","143","0","351","LIED12CTRL/LLN0$Status","1234","5678",""
"8270","55.730414650","ipcas_21:73:33","143","0","352","LIED12CTRL/LLN0$Status","1234","5678",""
"8271","55.732912503","ipcas_21:73:33","143","0","353","LIED12CTRL/LLN0$Status","1234","5678",""
"8272","55.736664523","ipcas_21:73:33","143","0","354","LIED12CTRL/LLN0$Status","1234","5678",""
"8273","55.739164709","ipcas_21:73:33","143","0","355","LIED12CTRL/LLN0$Status","1234","5678",""
"8274","55.741662287","ipcas_21:73:33","143","0","356","LIED12CTRL/LLN0$Status","1234","5678",""
"8275","55.744162536","ipcas_21:73:33","143","0","357","LIED12CTRL/LLN0$Status","1234","5678",""
"8276","55.746664505","ipcas_21:73:33","143","0","358","LIED12CTRL/LLN0$Status","1234","5678",""
"8277","55.749163384","ipcas_21:73:33","143","0","359","LIED12CTRL/LLN0$Status","1234","5678",""
"8278","55.751662650","ipcas_21:73:33","143","0","360","LIED12CTRL/LLN0$Status","1234","5678",""
"8279","55.755431954","ipcas_21:73:33","143","0","361","LIED12CTRL/LLN0$Status","1234","5678",""
"8280","55.757932804","ipcas_21:73:33","143","0","362","LIED12CTRL/LLN0$Status","1234","5678",""
"8281","55.760413157","ipcas_21:73:33","143","0","363","LIED12CTRL/LLN0$Status","1234","5678",""
"8282","55.760593835","ipcas_21:73:33","149","1","51","LIED10CTRL/LLN0$Status","1","1","0"
"8283","55.760597924","ipcas_21:73:33","146","1","51","LIED10PROT/LLN0$Alarm","1","",""
"8284","55.760598903","ipcas_21:73:33","203","1","51","LIED10MEAS/LLN0$Measurement","309","315","311"
"8285","55.762984684","ipcas_21:73:33","143","0","364","LIED12CTRL/LLN0$Status","1234","5678",""
"8289","55.766551372","ipcas_21:73:33","143","0","365","LIED12CTRL/LLN0$Status","1234","5678",""
"8290","55.770308709","ipcas_21:73:33","143","0","366","LIED12CTRL/LLN0$Status","1234","5678",""
"8291","55.772751411","ipcas_21:73:33","143","0","367","LIED12CTRL/LLN0$Status","1234","5678",""
"8292","55.775282793","ipcas_21:73:33","143","0","368","LIED12CTRL/LLN0$Status","1234","5678",""
"8293","55.777749089","ipcas_21:73:33","143","0","369","LIED12CTRL/LLN0$Status","1234","5678",""
"8294","55.780426677","ipcas_21:73:33","143","0","370","LIED12CTRL/LLN0$Status","1234","5678",""
"8295","55.782926338","ipcas_21:73:33","143","0","371","LIED12CTRL/LLN0$Status","1234","5678",""
"8296","55.785411281","ipcas_21:73:33","143","0","372","LIED12CTRL/LLN0$Status","1234","5678",""
"8297","55.787892118","ipcas_21:73:33","143","0","373","LIED12CTRL/LLN0$Status","1234","5678",""
"8298","55.793901394","ipcas_21:73:33","143","0","374","LIED12CTRL/LLN0$Status","1234","5678",""
"8299","55.796653402","ipcas_21:73:33","143","0","375","LIED12CTRL/LLN0$Status","1234","5678",""
"8306","55.799156102","ipcas_21:73:33","143","0","376","LIED12CTRL/LLN0$Status","1234","5678",""
"8307","55.801656163","ipcas_21:73:33","143","0","377","LIED12CTRL/LLN0$Status","1234","5678",""
"8314","55.804153373","ipcas_21:73:33","143","0","378","LIED12CTRL/LLN0$Status","1234","5678",""
"8318","55.807912457","ipcas_21:73:33","143","0","379","LIED12CTRL/LLN0$Status","1234","5678",""
"8322","55.810329877","ipcas_21:73:33","143","0","380","LIED12CTRL/LLN0$Status","1234","5678",""
"8326","55.812899747","ipcas_21:73:33","143","0","381","LIED12CTRL/LLN0$Status","1234","5678",""
"8327","55.815410044","ipcas_21:73:33","143","0","382","LIED12CTRL/LLN0$Status","1234","5678",""
"8331","55.819159855","ipcas_21:73:33","143","0","383","LIED12CTRL/LLN0$Status","1234","5678",""
"8332","55.821657481","ipcas_21:73:33","143","0","384","LIED12CTRL/LLN0$Status","1234","5678",""
"8333","55.824153637","ipcas_21:73:33","143","0","385","LIED12CTRL/LLN0$Status","1234","5678",""
"8334","55.826645141","ipcas_21:73:33","143","0","386","LIED12CTRL/LLN0$Status","1234","5678",""
"8335","55.829150582","ipcas_21:73:33","143","0","387","LIED12CTRL/LLN0$Status","1234","5678",""
"8336","55.831657456","ipcas_21:73:33","143","0","388","LIED12CTRL/LLN0$Status","1234","5678",""
"8337","55.834152746","ipcas_21:73:33","143","0","389","LIED12CTRL/LLN0$Status","1234","5678",""
"8338","55.836675514","ipcas_21:73:33","143","0","390","LIED12CTRL/LLN0$Status","1234","5678",""
"8339","55.839158235","ipcas_21:73:33","143","0","391","LIED12CTRL/LLN0$Status","1234","5678",""
"8340","55.841674040","ipcas_21:73:33","143","0","392","LIED12CTRL/LLN0$Status","1234","5678",""
"8341","55.844125128","ipcas_21:73:33","143","0","393","LIED12CTRL/LLN0$Status","1234","5678",""
"8342","55.848012236","ipcas_21:73:33","143","0","394","LIED12CTRL/LLN0$Status","1234","5678",""
"8343","55.851587886","ipcas_21:73:33","143","0","395","LIED12CTRL/LLN0$Status","1234","5678",""
"8344","55.855382572","ipcas_21:73:33","143","0","396","LIED12CTRL/LLN0$Status","1234","5678",""
"8345","55.857820282","ipcas_21:73:33","143","0","397","LIED12CTRL/LLN0$Status","1234","5678",""
"8346","55.860301490","ipcas_21:73:33","143","0","398","LIED12CTRL/LLN0$Status","1234","5678",""
"8347","55.862808174","ipcas_21:73:33","143","0","399","LIED12CTRL/LLN0$Status","1234","5678",""
"8348","55.865427030","ipcas_21:73:33","143","0","400","LIED12CTRL/LLN0$Status","1234","5678",""
"8349","55.869357486","ipcas_21:73:33","143","0","401","LIED12CTRL/LLN0$Status","1234","5678",""
"8350","55.871600884","ipcas_21:73:33","143","0","402","LIED12CTRL/LLN0$Status","1234","5678",""
"8351","55.874079042","ipcas_21:73:33","143","0","403","LIED12CTRL/LLN0$Status","1234","5678",""
"8352","55.876539967","ipcas_21:73:33","143","0","404","LIED12CTRL/LLN0$Status","1234","5678",""
"8353","55.879094008","ipcas_21:73:33","143","0","405","LIED12CTRL/LLN0$Status","1234","5678",""
"8354","55.881776050","ipcas_21:73:33","143","0","406","LIED12CTRL/LLN0$Status","1234","5678",""
"8355","55.884428528","ipcas_21:73:33","143","0","407","LIED12CTRL/LLN0$Status","1234","5678",""
"8356","55.888191469","ipcas_21:73:33","143","0","408","LIED12CTRL/LLN0$Status","1234","5678",""
"8357","55.891692589","ipcas_21:73:33","143","0","409","LIED12CTRL/LLN0$Status","1234","5678",""
"8358","55.895462550","ipcas_21:73:33","143","0","410","LIED12CTRL/LLN0$Status","1234","5678",""
"8359","55.899425059","ipcas_21:73:33","143","0","411","LIED12CTRL/LLN0$Status","1234","5678",""
"8360","55.901690234","ipcas_21:73:33","143","0","412","LIED12CTRL/LLN0$Status","1234","5678",""
"8361","55.905703912","ipcas_21:73:33","143","0","413","LIED12CTRL/LLN0$Status","1234","5678",""
"8362","55.909449281","ipcas_21:73:33","143","0","414","LIED12CTRL/LLN0$Status","1234","5678",""
"8363","55.912940004","ipcas_21:73:33","143","0","415","LIED12CTRL/LLN0$Status","1234","5678",""
"8364","55.916692051","ipcas_21:73:33","143","0","416","LIED12CTRL/LLN0$Status","1234","5678",""
"8365","55.920442767","ipcas_21:73:33","143","0","417","LIED12CTRL/LLN0$Status","1234","5678",""
"8366","55.924453539","ipcas_21:73:33","143","0","418","LIED12CTRL/LLN0$Status","1234","5678",""
"8367","55.928154646","ipcas_21:73:33","143","0","419","LIED12CTRL/LLN0$Status","1234","5678",""
"8368","55.930439890","ipcas_21:73:33","143","0","420","LIED12CTRL/LLN0$Status","1234","5678",""
"8369","55.934463364","ipcas_21:73:33","143","0","421","LIED12CTRL/LLN0$Status","1234","5678",""
"8370","55.939352781","ipcas_21:73:33","143","0","422","LIED12CTRL/LLN0$Status","1234","5678",""
"8371","55.943168768","ipcas_21:73:33","143","0","423","LIED12CTRL/LLN0$Status","1234","5678",""
"8372","55.945685392","ipcas_21:73:33","143","0","424","LIED12CTRL/LLN0$Status","1234","5678",""
"8373","55.948187164","ipcas_21:73:33","143","0","425","LIED12CTRL/LLN0$Status","1234","5678",""
"8374","55.951692348","ipcas_21:73:33","143","0","426","LIED12CTRL/LLN0$Status","1234","5678",""
"8375","55.955570636","ipcas_21:73:33","143","0","427","LIED12CTRL/LLN0$Status","1234","5678",""
"8376","55.957791100","ipcas_21:73:33","143","0","428","LIED12CTRL/LLN0$Status","1234","5678",""
"8377","55.960708418","ipcas_21:73:33","143","0","429","LIED12CTRL/LLN0$Status","1234","5678",""
"8378","55.964429276","ipcas_21:73:33","143","0","430","LIED12CTRL/LLN0$Status","1234","5678",""
"8379","55.966960540","ipcas_21:73:33","143","0","431","LIED12CTRL/LLN0$Status","1234","5678",""
"8380","55.969355296","ipcas_21:73:33","143","0","432","LIED12CTRL/LLN0$Status","1234","5678",""
"8381","55.972890112","ipcas_21:73:33","143","0","433","LIED12CTRL/LLN0$Status","1234","5678",""
"8382","55.976659017","ipcas_21:73:33","143","0","434","LIED12CTRL/LLN0$Status","1234","5678",""
"8383","55.980417876","ipcas_21:73:33","143","0","435","LIED12CTRL/LLN0$Status","1234","5678",""
"8384","55.982935512","ipcas_21:73:33","143","0","436","LIED12CTRL/LLN0$Status","1234","5678",""
"8385","55.985436051","ipcas_21:73:33","143","0","437","LIED12CTRL/LLN0$Status","1234","5678",""
"8386","55.989185934","ipcas_21:73:33","143","0","438","LIED12CTRL/LLN0$Status","1234","5678",""
"8387","55.991709533","ipcas_21:73:33","143","0","439","LIED12CTRL/LLN0$Status","1234","5678",""
"8388","55.994157965","ipcas_21:73:33","143","0","440","LIED12CTRL/LLN0$Status","1234","5678",""
"8389","55.997921616","ipcas_21:73:33","143","0","441","LIED12CTRL/LLN0$Status","1234","5678",""
"8390","56.000405807","ipcas_21:73:33","143","0","442","LIED12CTRL/LLN0$Status","1234","5678",""
"8391","56.003440790","ipcas_21:73:33","143","0","443","LIED12CTRL/LLN0$Status","1234","5678",""
"8392","56.006661299","ipcas_21:73:33","143","0","444","LIED12CTRL/LLN0$Status","1234","5678",""
"8393","56.010420797","ipcas_21:73:33","143","0","445","LIED12CTRL/LLN0$Status","1234","5678",""
"8394","56.014170525","ipcas_21:73:33","143","0","446","LIED12CTRL/LLN0$Status","1234","5678",""
"8395","56.017919683","ipcas_21:73:33","143","0","447","LIED12CTRL/LLN0$Status","1234","5678",""
"8396","56.022067772","ipcas_21:73:33","143","0","448","LIED12CTRL/LLN0$Status","1234","5678",""
"8397","56.022853229","ipcas_21:73:33","143","0","449","LIED12CTRL/LLN0$Status","1234","5678",""
"8398","56.025420703","ipcas_21:73:33","143","0","450","LIED12CTRL/LLN0$Status","1234","5678",""
"8399","56.029171534","ipcas_21:73:33","143","0","451","LIED12CTRL/LLN0$Status","1234","5678",""
"8400","56.032881480","ipcas_21:73:33","143","0","452","LIED12CTRL/LLN0$Status","1234","5678",""
"8401","56.035596128","ipcas_21:73:33","143","0","453","LIED12CTRL/LLN0$Status","1234","5678",""
"8402","56.037926991","ipcas_21:73:33","143","0","454","LIED12CTRL/LLN0$Status","1234","5678",""
"8403","56.041673258","ipcas_21:73:33","143","0","455","LIED12CTRL/LLN0$Status","1234","5678",""
"8404","56.044147847","ipcas_21:73:33","143","0","456","LIED12CTRL/LLN0$Status","1234","5678",""
"8405","56.046641104","ipcas_21:73:33","143","0","457","LIED12CTRL/LLN0$Status","1234","5678",""
"8406","56.050568086","ipcas_21:73:33","143","0","458","LIED12CTRL/LLN0$Status","1234","5678",""
"8407","56.052890208","ipcas_21:73:33","143","0","459","LIED12CTRL/LLN0$Status","1234","5678",""
"8408","56.055420694","ipcas_21:73:33","143","0","460","LIED12CTRL/LLN0$Status","1234","5678",""
"8409","56.057952195","ipcas_21:73:33","143","0","461","LIED12CTRL/LLN0$Status","1234","5678",""
"8410","56.062142864","ipcas_21:73:33","143","0","462","LIED12CTRL/LLN0$Status","1234","5678",""
"8411","56.064469828","ipcas_21:73:33","143","0","463","LIED12CTRL/LLN0$Status","1234","5678",""
"8412","56.066642143","ipcas_21:73:33","143","0","464","LIED12CTRL/LLN0$Status","1234","5678",""
"8413","56.069222367","ipcas_21:73:33","143","0","465","LIED12CTRL/LLN0$Status","1234","5678",""
"8414","56.071654483","ipcas_21:73:33","143","0","466","LIED12CTRL/LLN0$Status","1234","5678",""
"8415","56.074026839","ipcas_21:73:33","143","0","467","LIED12CTRL/LLN0$Status","1234","5678",""
"8416","56.076669516","ipcas_21:73:33","143","0","468","LIED12CTRL/LLN0$Status","1234","5678",""
"8417","56.079009551","ipcas_21:73:33","143","0","469","LIED12CTRL/LLN0$Status","1234","5678",""
"8418","56.081607588","ipcas_21:73:33","143","0","470","LIED12CTRL/LLN0$Status","1234","5678",""
"8419","56.084192454","ipcas_21:73:33","143","0","471","LIED12CTRL/LLN0$Status","1234","5678",""
"8420","56.087770809","ipcas_21:73:33","143","0","472","LIED12CTRL/LLN0$Status","1234","5678",""
"8421","56.090356665","ipcas_21:73:33","143","0","473","LIED12CTRL/LLN0$Status","1234","5678",""
"8422","56.092855770","ipcas_21:73:33","143","0","474","LIED12CTRL/LLN0$Status","1234","5678",""
"8423","56.096600417","ipcas_21:73:33","143","0","475","LIED12CTRL/LLN0$Status","1234","5678",""
"8424","56.099066706","ipcas_21:73:33","143","0","476","LIED12CTRL/LLN0$Status","1234","5678",""
"8425","56.101581892","ipcas_21:73:33","143","0","477","LIED12CTRL/LLN0$Status","1234","5678",""
"8426","56.104198530","ipcas_21:73:33","143","0","478","LIED12CTRL/LLN0$Status","1234","5678",""
"8427","56.108034234","ipcas_21:73:33","143","0","479","LIED12CTRL/LLN0$Status","1234","5678",""
"8428","56.111606134","ipcas_21:73:33","143","0","480","LIED12CTRL/LLN0$Status","1234","5678",""
"8429","56.114092250","ipcas_21:73:33","143","0","481","LIED12CTRL/LLN0$Status","1234","5678",""
"8430","56.116511848","ipcas_21:73:33","143","0","482","LIED12CTRL/LLN0$Status","1234","5678",""
"8431","56.119053243","ipcas_21:73:33","143","0","483","LIED12CTRL/LLN0$Status","1234","5678",""
"8432","56.121589291","ipcas_21:73:33","143","0","484","LIED12CTRL/LLN0$Status","1234","5678",""
"8433","56.124019755","ipcas_21:73:33","143","0","485","LIED12CTRL/LLN0$Status","1234","5678",""
"8434","56.126520200","ipcas_21:73:33","143","0","486","LIED12CTRL/LLN0$Status","1234","5678",""
"8435","56.129034298","ipcas_21:73:33","143","0","487","LIED12CTRL/LLN0$Status","1234","5678",""
"8436","56.131518269","ipcas_21:73:33","143","0","488","LIED12CTRL/LLN0$Status","1234","5678",""
"8437","56.134030699","ipcas_21:73:33","143","0","489","LIED12CTRL/LLN0$Status","1234","5678",""
"8438","56.136505789","ipcas_21:73:33","143","0","490","LIED12CTRL/LLN0$Status","1234","5678",""
"8439","56.139172674","ipcas_21:73:33","143","0","491","LIED12CTRL/LLN0$Status","1234","5678",""
"8440","56.141555050","ipcas_21:73:33","143","0","492","LIED12CTRL/LLN0$Status","1234","5678",""
"8441","56.144145615","ipcas_21:73:33","143","0","493","LIED12CTRL/LLN0$Status","1234","5678",""
"8442","56.146655118","ipcas_21:73:33","143","0","494","LIED12CTRL/LLN0$Status","1234","5678",""
"8443","56.149044423","ipcas_21:73:33","143","0","495","LIED12CTRL/LLN0$Status","1234","5678",""
"8444","56.151528745","ipcas_21:73:33","143","0","496","LIED12CTRL/LLN0$Status","1234","5678",""
"8445","56.154063289","ipcas_21:73:33","143","0","497","LIED12CTRL/LLN0$Status","1234","5678",""
"8446","56.156645421","ipcas_21:73:33","143","0","498","LIED12CTRL/LLN0$Status","1234","5678",""
"8447","56.159080232","ipcas_21:73:33","143","0","499","LIED12CTRL/LLN0$Status","1234","5678",""
"8448","56.161865681","ipcas_21:73:33","143","0","500","LIED12CTRL/LLN0$Status","1234","5678",""
"8449","56.165373653","ipcas_21:73:33","143","0","501","LIED12CTRL/LLN0$Status","1234","5678",""
"8450","56.167846100","ipcas_21:73:33","143","0","502","LIED12CTRL/LLN0$Status","1234","5678",""
"8451","56.170420691","ipcas_21:73:33","143","0","503","LIED12CTRL/LLN0$Status","1234","5678",""
"8452","56.172773185","ipcas_21:73:33","143","0","504","LIED12CTRL/LLN0$Status","1234","5678",""
"8453","56.175308254","ipcas_21:73:33","143","0","505","LIED12CTRL/LLN0$Status","1234","5678",""
"8454","56.177830644","ipcas_21:73:33","143","0","506","LIED12CTRL/LLN0$Status","1234","5678",""
"8455","56.180259427","ipcas_21:73:33","143","0","507","LIED12CTRL/LLN0$Status","1234","5678",""
"8456","56.182835261","ipcas_21:73:33","143","0","508","LIED12CTRL/LLN0$Status","1234","5678",""
"8457","56.185278124","ipcas_21:73:33","143","0","509","LIED12CTRL/LLN0$Status","1234","5678",""
"8458","56.187880184","ipcas_21:73:33","143","0","510","LIED12CTRL/LLN0$Status","1234","5678",""
"8459","56.191615733","ipcas_21:73:33","143","0","511","LIED12CTRL/LLN0$Status","1234","5678",""
"8460","56.194077246","ipcas_21:73:33","143","0","512","LIED12CTRL/LLN0$Status","1234","5678",""
"8461","56.196654910","ipcas_21:73:33","143","0","513","LIED12CTRL/LLN0$Status","1234","5678",""
"8462","56.200382103","ipcas_21:73:33","143","0","514","LIED12CTRL/LLN0$Status","1234","5678",""
"8463","56.202958144","ipcas_21:73:33","143","0","515","LIED12CTRL/LLN0$Status","1234","5678",""
"8464","56.205287549","ipcas_21:73:33","143","0","516","LIED12CTRL/LLN0$Status","1234","5678",""
"8465","56.207845192","ipcas_21:73:33","143","0","517","LIED12CTRL/LLN0$Status","1234","5678",""
"8466","56.210477216","ipcas_21:73:33","143","0","518","LIED12CTRL/LLN0$Status","1234","5678",""
"8467","56.214056761","ipcas_21:73:33","143","0","519","LIED12CTRL/LLN0$Status","1234","5678",""
"8468","56.216765229","ipcas_21:73:33","143","0","520","LIED12CTRL/LLN0$Status","1234","5678",""
"8469","56.219164896","ipcas_21:73:33","143","0","521","LIED12CTRL/LLN0$Status","1234","5678",""
"8470","56.221720440","ipcas_21:73:33","143","0","522","LIED12CTRL/LLN0$Status","1234","5678",""
"8471","56.224184284","ipcas_21:73:33","143","0","523","LIED12CTRL/LLN0$Status","1234","5678",""
"8472","56.226539464","ipcas_21:73:33","143","0","524","LIED12CTRL/LLN0$Status","1234","5678",""
"8473","56.229414513","ipcas_21:73:33","143","0","525","LIED12CTRL/LLN0$Status","1234","5678",""
"8474","56.231969669","ipcas_21:73:33","143","0","526","LIED12CTRL/LLN0$Status","1234","5678",""
"8475","56.235685475","ipcas_21:73:33","143","0","527","LIED12CTRL/LLN0$Status","1234","5678",""
"8476","56.239556976","ipcas_21:73:33","143","0","528","LIED12CTRL/LLN0$Status","1234","5678",""
"8477","56.243201487","ipcas_21:73:33","143","0","529","LIED12CTRL/LLN0$Status","1234","5678",""
"8478","56.246684714","ipcas_21:73:33","143","0","530","LIED12CTRL/LLN0$Status","1234","5678",""
"8479","56.250685428","ipcas_21:73:33","143","0","531","LIED12CTRL/LLN0$Status","1234","5678",""
"8480","56.254450047","ipcas_21:73:33","143","0","532","LIED12CTRL/LLN0$Status","1234","5678",""
"8481","56.257953774","ipcas_21:73:33","143","0","533","LIED12CTRL/LLN0$Status","1234","5678",""
"8482","56.261887544","ipcas_21:73:33","143","0","534","LIED12CTRL/LLN0$Status","1234","5678",""
"8483","56.264446904","ipcas_21:73:33","143","0","535","LIED12CTRL/LLN0$Status","1234","5678",""
"8484","56.266935521","ipcas_21:73:33","143","0","536","LIED12CTRL/LLN0$Status","1234","5678",""
"8485","56.270597173","ipcas_21:73:33","143","0","537","LIED12CTRL/LLN0$Status","1234","5678",""
"8486","56.274091059","ipcas_21:73:33","143","0","538","LIED12CTRL/LLN0$Status","1234","5678",""
"8487","56.278199313","ipcas_21:73:33","143","0","539","LIED12CTRL/LLN0$Status","1234","5678",""
"8488","56.281691571","ipcas_21:73:33","143","0","540","LIED12CTRL/LLN0$Status","1234","5678",""
"8489","56.285437754","ipcas_21:73:33","143","0","541","LIED12CTRL/LLN0$Status","1234","5678",""
"8490","56.289188193","ipcas_21:73:33","143","0","542","LIED12CTRL/LLN0$Status","1234","5678",""
"8491","56.292913878","ipcas_21:73:33","143","0","543","LIED12CTRL/LLN0$Status","1234","5678",""
"8492","56.296688259","ipcas_21:73:33","143","0","544","LIED12CTRL/LLN0$Status","1234","5678",""
"8493","56.300614431","ipcas_21:73:33","143","0","545","LIED12CTRL/LLN0$Status","1234","5678",""
"8494","56.303034442","ipcas_21:73:33","143","0","546","LIED12CTRL/LLN0$Status","1234","5678",""
"8495","56.306710124","ipcas_21:73:33","143","0","547","LIED12CTRL/LLN0$Status","1234","5678",""
"8496","56.309073792","ipcas_21:73:33","143","0","548","LIED12CTRL/LLN0$Status","1234","5678",""
"8497","56.311567554","ipcas_21:73:33","143","0","549","LIED12CTRL/LLN0$Status","1234","5678",""
"8498","56.314128947","ipcas_21:73:33","143","0","550","LIED12CTRL/LLN0$Status","1234","5678",""
"8499","56.316630903","ipcas_21:73:33","143","0","551","LIED12CTRL/LLN0$Status","1234","5678",""
"8500","56.319131378","ipcas_21:73:33","143","0","552","LIED12CTRL/LLN0$Status","1234","5678",""
"8503","56.321723954","ipcas_21:73:33","143","0","553","LIED12CTRL/LLN0$Status","1234","5678",""
"8504","56.324227827","ipcas_21:73:33","143","0","554","LIED12CTRL/LLN0$Status","1234","5678",""
"8505","56.326595681","ipcas_21:73:33","143","0","555","LIED12CTRL/LLN0$Status","1234","5678",""
"8506","56.329155724","ipcas_21:73:33","143","0","556","LIED12CTRL/LLN0$Status","1234","5678",""
"8510","56.331826466","ipcas_21:73:33","143","0","557","LIED12CTRL/LLN0$Status","1234","5678",""
"8511","56.335331636","ipcas_21:73:33","143","0","558","LIED12CTRL/LLN0$Status","1234","5678",""
"8512","56.339144211","ipcas_21:73:33","143","0","559","LIED12CTRL/LLN0$Status","1234","5678",""
"8516","56.341635243","ipcas_21:73:33","143","0","560","LIED12CTRL/LLN0$Status","1234","5678",""
"8517","56.344074688","ipcas_21:73:33","143","0","561","LIED12CTRL/LLN0$Status","1234","5678",""
"8518","56.346668327","ipcas_21:73:33","143","0","562","LIED12CTRL/LLN0$Status","1234","5678",""
"8522","56.350374920","ipcas_21:73:33","143","0","563","LIED12CTRL/LLN0$Status","1234","5678",""
"8523","56.352811576","ipcas_21:73:33","143","0","564","LIED12CTRL/LLN0$Status","1234","5678",""
"8527","56.355372398","ipcas_21:73:33","143","0","565","LIED12CTRL/LLN0$Status","1234","5678",""
"8528","56.359130656","ipcas_21:73:33","143","0","566","LIED12CTRL/LLN0$Status","1234","5678",""
"8532","56.362893568","ipcas_21:73:33","143","0","567","LIED12CTRL/LLN0$Status","1234","5678",""
"8536","56.366528761","ipcas_21:73:33","143","0","568","LIED12CTRL/LLN0$Status","1234","5678",""
"8542","56.369033550","ipcas_21:73:33","143","0","569","LIED12CTRL/LLN0$Status","1234","5678",""
"8543","56.371598796","ipcas_21:73:33","143","0","570","LIED12CTRL/LLN0$Status","1234","5678",""
"8544","56.374168678","ipcas_21:73:33","143","0","571","LIED12CTRL/LLN0$Status","1234","5678",""
"8545","56.377878753","ipcas_21:73:33","143","0","572","LIED12CTRL/LLN0$Status","1234","5678",""
"8546","56.380687638","ipcas_21:73:33","143","0","573","LIED12CTRL/LLN0$Status","1234","5678",""
"8547","56.382806772","ipcas_21:73:33","143","0","574","LIED12CTRL/LLN0$Status","1234","5678",""
"8548","56.385393325","ipcas_21:73:33","143","0","575","LIED12CTRL/LLN0$Status","1234","5678",""
"8549","56.387872016","ipcas_21:73:33","143","0","576","LIED12CTRL/LLN0$Status","1234","5678",""
"8550","56.390373020","ipcas_21:73:33","143","0","577","LIED12CTRL/LLN0$Status","1234","5678",""
"8551","56.392872029","ipcas_21:73:33","143","0","578","LIED12CTRL/LLN0$Status","1234","5678",""
"8552","56.395308126","ipcas_21:73:33","143","0","579","LIED12CTRL/LLN0$Status","1234","5678",""
"8553","56.397829938","ipcas_21:73:33","143","0","580","LIED12CTRL/LLN0$Status","1234","5678",""
"8554","56.400397886","ipcas_21:73:33","143","0","581","LIED12CTRL/LLN0$Status","1234","5678",""
"8555","56.403744578","ipcas_21:73:33","143","0","582","LIED12CTRL/LLN0$Status","1234","5678",""
"8556","56.406696437","ipcas_21:73:33","143","0","583","LIED12CTRL/LLN0$Status","1234","5678",""
"8557","56.410737861","ipcas_21:73:33","143","0","584","LIED12CTRL/LLN0$Status","1234","5678",""
"8558","56.414589342","ipcas_21:73:33","143","0","585","LIED12CTRL/LLN0$Status","1234","5678",""
"8559","56.418236534","ipcas_21:73:33","143","0","586","LIED12CTRL/LLN0$Status","1234","5678",""
"8560","56.421956555","ipcas_21:73:33","143","0","587","LIED12CTRL/LLN0$Status","1234","5678",""
"8561","56.424428584","ipcas_21:73:33","143","0","588","LIED12CTRL/LLN0$Status","1234","5678",""
"8562","56.426993563","ipcas_21:73:33","143","0","589","LIED12CTRL/LLN0$Status","1234","5678",""
"8565","56.431578774","ipcas_21:73:33","143","0","590","LIED12CTRL/LLN0$Status","1234","5678",""
"8566","56.434191953","ipcas_21:73:33","143","0","591","LIED12CTRL/LLN0$Status","1234","5678",""
"8567","56.437221135","ipcas_21:73:33","143","0","592","LIED12CTRL/LLN0$Status","1234","5678",""
"8568","56.440462083","ipcas_21:73:33","143","0","593","LIED12CTRL/LLN0$Status","1234","5678",""
"8569","56.442930851","ipcas_21:73:33","143","0","594","LIED12CTRL/LLN0$Status","1234","5678",""
"8570","56.445358958","ipcas_21:73:33","143","0","595","LIED12CTRL/LLN0$Status","1234","5678",""
"8571","56.447987919","ipcas_21:73:33","143","0","596","LIED12CTRL/LLN0$Status","1234","5678",""
"8572","56.450511001","ipcas_21:73:33","143","0","597","LIED12CTRL/LLN0$Status","1234","5678",""
"8573","56.452854004","ipcas_21:73:33","143","0","598","LIED12CTRL/LLN0$Status","1234","5678",""
"8574","56.455380202","ipcas_21:73:33","143","0","599","LIED12CTRL/LLN0$Status","1234","5678",""
"8575","56.458206448","ipcas_21:73:33","143","0","600","LIED12CTRL/LLN0$Status","1234","5678",""
"8576","56.460526883","ipcas_21:73:33","143","0","601","LIED12CTRL/LLN0$Status","1234","5678",""
"8577","56.462876119","ipcas_21:73:33","143","0","602","LIED12CTRL/LLN0$Status","1234","5678",""
"8578","56.465289367","ipcas_21:73:33","143","0","603","LIED12CTRL/LLN0$Status","1234","5678",""
"8579","56.467811440","ipcas_21:73:33","143","0","604","LIED12CTRL/LLN0$Status","1234","5678",""
"8580","56.470385005","ipcas_21:73:33","143","0","605","LIED12CTRL/LLN0$Status","1234","5678",""
"8581","56.473010627","ipcas_21:73:33","143","0","606","LIED12CTRL/LLN0$Status","1234","5678",""
"8582","56.475418933","ipcas_21:73:33","143","0","607","LIED12CTRL/LLN0$Status","1234","5678",""
"8583","56.477915186","ipcas_21:73:33","143","0","608","LIED12CTRL/LLN0$Status","1234","5678",""
"8584","56.480349907","ipcas_21:73:33","143","0","609","LIED12CTRL/LLN0$Status","1234","5678",""
"8585","56.482894063","ipcas_21:73:33","143","0","610","LIED12CTRL/LLN0$Status","1234","5678",""
"8586","56.485431954","ipcas_21:73:33","143","0","611","LIED12CTRL/LLN0$Status","1234","5678",""
"8587","56.489078880","ipcas_21:73:33","143","0","612","LIED12CTRL/LLN0$Status","1234","5678",""
"8588","56.491577817","ipcas_21:73:33","143","0","613","LIED12CTRL/LLN0$Status","1234","5678",""
"8589","56.494146340","ipcas_21:73:33","143","0","614","LIED12CTRL/LLN0$Status","1234","5678",""
"8590","56.496565252","ipcas_21:73:33","143","0","615","LIED12CTRL/LLN0$Status","1234","5678",""
"8591","56.499125028","ipcas_21:73:33","143","0","616","LIED12CTRL/LLN0$Status","1234","5678",""
"8592","56.501625110","ipcas_21:73:33","143","0","617","LIED12CTRL/LLN0$Status","1234","5678",""
"8593","56.504151346","ipcas_21:73:33","143","0","618","LIED12CTRL/LLN0$Status","1234","5678",""
"8594","56.506649353","ipcas_21:73:33","143","0","619","LIED12CTRL/LLN0$Status","1234","5678",""
"8595","56.509165471","ipcas_21:73:33","143","0","620","LIED12CTRL/LLN0$Status","1234","5678",""
"8596","56.511789066","ipcas_21:73:33","143","0","621","LIED12CTRL/LLN0$Status","1234","5678",""
"8597","56.514303544","ipcas_21:73:33","143","0","622","LIED12CTRL/LLN0$Status","1234","5678",""
"8598","56.516630248","ipcas_21:73:33","143","0","623","LIED12CTRL/LLN0$Status","1234","5678",""
"8599","56.519134990","ipcas_21:73:33","143","0","624","LIED12CTRL/LLN0$Status","1234","5678",""
"8600","56.521976000","ipcas_21:73:33","143","0","625","LIED12CTRL/LLN0$Status","1234","5678",""
"8601","56.524167789","ipcas_21:73:33","143","0","626","LIED12CTRL/LLN0$Status","1234","5678",""
"8602","56.526990671","ipcas_21:73:33","143","0","627","LIED12CTRL/LLN0$Status","1234","5678",""
"8603","56.529477799","ipcas_21:73:33","143","0","628","LIED12CTRL/LLN0$Status","1234","5678",""
"8604","56.531983006","ipcas_21:73:33","143","0","629","LIED12CTRL/LLN0$Status","1234","5678",""
"8605","56.534275925","ipcas_21:73:33","143","0","630","LIED12CTRL/LLN0$Status","1234","5678",""
"8606","56.538289868","ipcas_21:73:33","143","0","631","LIED12CTRL/LLN0$Status","1234","5678",""
"8607","56.540726489","ipcas_21:73:33","143","0","632","LIED12CTRL/LLN0$Status","1234","5678",""
"8608","56.543277306","ipcas_21:73:33","143","0","633","LIED12CTRL/LLN0$Status","1234","5678",""
"8609","56.545729289","ipcas_21:73:33","143","0","634","LIED12CTRL/LLN0$Status","1234","5678",""
"8610","56.547900486","ipcas_21:73:33","143","0","635","LIED12CTRL/LLN0$Status","1234","5678",""
"8611","56.550727354","ipcas_21:73:33","143","0","636","LIED12CTRL/LLN0$Status","1234","5678",""
"8612","56.553312391","ipcas_21:73:33","143","0","637","LIED12CTRL/LLN0$Status","1234","5678",""
"8613","56.555727053","ipcas_21:73:33","143","0","638","LIED12CTRL/LLN0$Status","1234","5678",""
"8614","56.557899660","ipcas_21:73:33","143","0","639","LIED12CTRL/LLN0$Status","1234","5678",""
"8615","56.560459467","ipcas_21:73:33","143","0","640","LIED12CTRL/LLN0$Status","1234","5678",""
"8616","56.562905419","ipcas_21:73:33","143","0","641","LIED12CTRL/LLN0$Status","1234","5678",""
"8617","56.565732070","ipcas_21:73:33","143","0","642","LIED12CTRL/LLN0$Status","1234","5678",""
"8618","56.568208497","ipcas_21:73:33","143","0","643","LIED12CTRL/LLN0$Status","1234","5678",""
"8619","56.570721686","ipcas_21:73:33","143","0","644","LIED12CTRL/LLN0$Status","1234","5678",""
"8620","56.573531134","ipcas_21:73:33","143","0","645","LIED12CTRL/LLN0$Status","1234","5678",""
"8621","56.577398214","ipcas_21:73:33","143","0","646","LIED12CTRL/LLN0$Status","1234","5678",""
"8622","56.580375747","ipcas_21:73:33","143","0","647","LIED12CTRL/LLN0$Status","1234","5678",""
"8623","56.583124365","ipcas_21:73:33","143","0","648","LIED12CTRL/LLN0$Status","1234","5678",""
"8624","56.585864004","ipcas_21:73:33","143","0","649","LIED12CTRL/LLN0$Status","1234","5678",""
"8625","56.588210514","ipcas_21:73:33","143","0","650","LIED12CTRL/LLN0$Status","1234","5678",""
"8626","56.590859300","ipcas_21:73:33","143","0","651","LIED12CTRL/LLN0$Status","1234","5678",""
"8627","56.593242861","ipcas_21:73:33","143","0","652","LIED12CTRL/LLN0$Status","1234","5678",""
"8628","56.595682469","ipcas_21:73:33","143","0","653","LIED12CTRL/LLN0$Status","1234","5678",""
"8629","56.598392742","ipcas_21:73:33","143","0","654","LIED12CTRL/LLN0$Status","1234","5678",""
"8630","56.600940287","ipcas_21:73:33","143","0","655","LIED12CTRL/LLN0$Status","1234","5678",""
"8631","56.603141506","ipcas_21:73:33","143","0","656","LIED12CTRL/LLN0$Status","1234","5678",""
"8632","56.605709528","ipcas_21:73:33","143","0","657","LIED12CTRL/LLN0$Status","1234","5678",""
"8633","56.608124460","ipcas_21:73:33","143","0","658","LIED12CTRL/LLN0$Status","1234","5678",""
"8634","56.610645306","ipcas_21:73:33","143","0","659","LIED12CTRL/LLN0$Status","1234","5678",""
"8635","56.613465569","ipcas_21:73:33","143","0","660","LIED12CTRL/LLN0$Status","1234","5678",""
"8636","56.615827606","ipcas_21:73:33","143","0","661","LIED12CTRL/LLN0$Status","1234","5678",""
"8637","56.618374100","ipcas_21:73:33","143","0","662","LIED12CTRL/LLN0$Status","1234","5678",""
"8638","56.620676862","ipcas_21:73:33","143","0","663","LIED12CTRL/LLN0$Status","1234","5678",""
"8639","56.623226471","ipcas_21:73:33","143","0","664","LIED12CTRL/LLN0$Status","1234","5678",""
"8640","56.627018502","ipcas_21:73:33","143","0","665","LIED12CTRL/LLN0$Status","1234","5678",""
"8641","56.629200833","ipcas_21:73:33","143","0","666","LIED12CTRL/LLN0$Status","1234","5678",""
"8642","56.631972680","ipcas_21:73:33","143","0","667","LIED12CTRL/LLN0$Status","1234","5678",""
"8643","56.634647410","ipcas_21:73:33","143","0","668","LIED12CTRL/LLN0$Status","1234","5678",""
"8644","56.636911964","ipcas_21:73:33","143","0","669","LIED12CTRL/LLN0$Status","1234","5678",""
"8645","56.640520002","ipcas_21:73:33","143","0","670","LIED12CTRL/LLN0$Status","1234","5678",""
"8646","56.643139609","ipcas_21:73:33","143","0","671","LIED12CTRL/LLN0$Status","1234","5678",""
"8647","56.646896974","ipcas_21:73:33","143","0","672","LIED12CTRL/LLN0$Status","1234","5678",""
"8648","56.651621883","ipcas_21:73:33","143","0","673","LIED12CTRL/LLN0$Status","1234","5678",""
"8649","56.655406677","ipcas_21:73:33","143","0","674","LIED12CTRL/LLN0$Status","1234","5678",""
"8650","56.658337049","ipcas_21:73:33","143","0","675","LIED12CTRL/LLN0$Status","1234","5678",""
"8651","56.661725723","ipcas_21:73:33","143","0","676","LIED12CTRL/LLN0$Status","1234","5678",""
"8652","56.664293716","ipcas_21:73:33","143","0","677","LIED12CTRL/LLN0$Status","1234","5678",""
"8653","56.667861306","ipcas_21:73:33","143","0","678","LIED12CTRL/LLN0$Status","1234","5678",""
"8654","56.670322086","ipcas_21:73:33","143","0","679","LIED12CTRL/LLN0$Status","1234","5678",""
"8655","56.672845819","ipcas_21:73:33","143","0","680","LIED12CTRL/LLN0$Status","1234","5678",""
"8656","56.675264406","ipcas_21:73:33","143","0","681","LIED12CTRL/LLN0$Status","1234","5678",""
"8657","56.678003180","ipcas_21:73:33","143","0","682","LIED12CTRL/LLN0$Status","1234","5678",""
"8658","56.680335943","ipcas_21:73:33","143","0","683","LIED12CTRL/LLN0$Status","1234","5678",""
"8659","56.682778454","ipcas_21:73:33","143","0","684","LIED12CTRL/LLN0$Status","1234","5678",""
"8660","56.685335549","ipcas_21:73:33","143","0","685","LIED12CTRL/LLN0$Status","1234","5678",""
"8661","56.687838957","ipcas_21:73:33","143","0","686","LIED12CTRL/LLN0$Status","1234","5678",""
"8662","56.690338304","ipcas_21:73:33","143","0","687","LIED12CTRL/LLN0$Status","1234","5678",""
"8663","56.692846031","ipcas_21:73:33","143","0","688","LIED12CTRL/LLN0$Status","1234","5678",""
"8664","56.695343883","ipcas_21:73:33","143","0","689","LIED12CTRL/LLN0$Status","1234","5678",""
"8665","56.697847313","ipcas_21:73:33","143","0","690","LIED12CTRL/LLN0$Status","1234","5678",""
"8666","56.700632706","ipcas_21:73:33","143","0","691","LIED12CTRL/LLN0$Status","1234","5678",""
"8667","56.702941168","ipcas_21:73:33","143","0","692","LIED12CTRL/LLN0$Status","1234","5678",""
"8668","56.705440093","ipcas_21:73:33","143","0","693","LIED12CTRL/LLN0$Status","1234","5678",""
"8669","56.708129216","ipcas_21:73:33","143","0","694","LIED12CTRL/LLN0$Status","1234","5678",""
"8670","56.710457136","ipcas_21:73:33","143","0","695","LIED12CTRL/LLN0$Status","1234","5678",""
"8671","56.712939710","ipcas_21:73:33","143","0","696","LIED12CTRL/LLN0$Status","1234","5678",""
"8672","56.715443383","ipcas_21:73:33","143","0","697","LIED12CTRL/LLN0$Status","1234","5678",""
"8673","56.717900074","ipcas_21:73:33","143","0","698","LIED12CTRL/LLN0$Status","1234","5678",""
"8674","56.721651982","ipcas_21:73:33","143","0","699","LIED12CTRL/LLN0$Status","1234","5678",""
"8675","56.725419344","ipcas_21:73:33","143","0","700","LIED12CTRL/LLN0$Status","1234","5678",""
"8676","56.729156901","ipcas_21:73:33","143","0","701","LIED12CTRL/LLN0$Status","1234","5678",""
"8677","56.732926161","ipcas_21:73:33","143","0","702","LIED12CTRL/LLN0$Status","1234","5678",""
"8678","56.735423887","ipcas_21:73:33","143","0","703","LIED12CTRL/LLN0$Status","1234","5678",""
"8679","56.739151059","ipcas_21:73:33","143","0","704","LIED12CTRL/LLN0$Status","1234","5678",""
"8680","56.742919875","ipcas_21:73:33","143","0","705","LIED12CTRL/LLN0$Status","1234","5678",""
"8681","56.745424113","ipcas_21:73:33","143","0","706","LIED12CTRL/LLN0$Status","1234","5678",""
"8682","56.749150517","ipcas_21:73:33","143","0","707","LIED12CTRL/LLN0$Status","1234","5678",""
"8683","56.752912852","ipcas_21:73:33","143","0","708","LIED12CTRL/LLN0$Status","1234","5678",""
"8684","56.755424794","ipcas_21:73:33","143","0","709","LIED12CTRL/LLN0$Status","1234","5678",""
"8685","56.759157225","ipcas_21:73:33","143","0","710","LIED12CTRL/LLN0$Status","1234","5678",""
"8686","56.762922783","ipcas_21:73:33","143","0","711","LIED12CTRL/LLN0$Status","1234","5678",""
"8687","56.765422471","ipcas_21:73:33","143","0","712","LIED12CTRL/LLN0$Status","1234","5678",""
"8688","56.769150328","ipcas_21:73:33","143","0","713","LIED12CTRL/LLN0$Status","1234","5678",""
"8689","56.773130838","ipcas_21:73:33","143","0","714","LIED12CTRL/LLN0$Status","1234","5678",""
"8690","56.776653193","ipcas_21:73:33","143","0","715","LIED12CTRL/LLN0$Status","1234","5678",""
"8691","56.780403405","ipcas_21:73:33","143","0","716","LIED12CTRL/LLN0$Status","1234","5678",""
"8692","56.784167677","ipcas_21:73:33","143","0","717","LIED12CTRL/LLN0$Status","1234","5678",""
"8693","56.786674538","ipcas_21:73:33","143","0","718","LIED12CTRL/LLN0$Status","1234","5678",""
"8694","56.789173721","ipcas_21:73:33","143","0","719","LIED12CTRL/LLN0$Status","1234","5678",""
"8695","56.793019735","ipcas_21:73:33","143","0","720","LIED12CTRL/LLN0$Status","1234","5678",""
"8696","56.795425482","ipcas_21:73:33","143","0","721","LIED12CTRL/LLN0$Status","1234","5678",""
"8697","56.799154940","ipcas_21:73:33","143","0","722","LIED12CTRL/LLN0$Status","1234","5678",""
"8698","56.803455407","ipcas_21:73:33","143","0","723","LIED12CTRL/LLN0$Status","1234","5678",""
"8699","56.805398552","ipcas_21:73:33","143","0","724","LIED12CTRL/LLN0$Status","1234","5678",""
"8700","56.809142520","ipcas_21:73:33","143","0","725","LIED12CTRL/LLN0$Status","1234","5678",""
"8701","56.812898987","ipcas_21:73:33","143","0","726","LIED12CTRL/LLN0$Status","1234","5678",""
"8702","56.816654636","ipcas_21:73:33","143","0","727","LIED12CTRL/LLN0$Status","1234","5678",""
"8703","56.820405551","ipcas_21:73:33","143","0","728","LIED12CTRL/LLN0$Status","1234","5678",""
"8704","56.823465191","ipcas_21:73:33","149","1","52","LIED10CTRL/LLN0$Status","1","1","0"
"8705","56.823470607","ipcas_21:73:33","146","1","52","LIED10PROT/LLN0$Alarm","1","",""
"8706","56.823471649","ipcas_21:73:33","203","1","52","LIED10MEAS/LLN0$Measurement","313","309","315"
"8707","56.824223229","ipcas_21:73:33","143","0","729","LIED12CTRL/LLN0$Status","1234","5678",""
"8708","56.827988607","ipcas_21:73:33","143","0","730","LIED12CTRL/LLN0$Status","1234","5678",""
"8709","56.830697940","ipcas_21:73:33","143","0","731","LIED12CTRL/LLN0$Status","1234","5678",""
"8710","56.833190665","ipcas_21:73:33","143","0","732","LIED12CTRL/LLN0$Status","1234","5678",""
"8714","56.836652707","ipcas_21:73:33","143","0","733","LIED12CTRL/LLN0$Status","1234","5678",""
"8715","56.840406451","ipcas_21:73:33","143","0","734","LIED12CTRL/LLN0$Status","1234","5678",""
"8719","56.844159290","ipcas_21:73:33","143","0","735","LIED12CTRL/LLN0$Status","1234","5678",""
"8720","56.847905129","ipcas_21:73:33","143","0","736","LIED12CTRL/LLN0$Status","1234","5678",""
"8724","56.852124622","ipcas_21:73:33","143","0","737","LIED12CTRL/LLN0$Status","1234","5678",""
"8725","56.855407015","ipcas_21:73:33","143","0","738","LIED12CTRL/LLN0$Status","1234","5678",""
"8726","56.859152423","ipcas_21:73:33","143","0","739","LIED12CTRL/LLN0$Status","1234","5678",""
"8730","56.862909792","ipcas_21:73:33","143","0","740","LIED12CTRL/LLN0$Status","1234","5678",""
"8734","56.865513437","ipcas_21:73:33","143","0","741","LIED12CTRL/LLN0$Status","1234","5678",""
"8738","56.869227141","ipcas_21:73:33","143","0","742","LIED12CTRL/LLN0$Status","1234","5678",""
"8739","56.871676319","ipcas_21:73:33","143","0","743","LIED12CTRL/LLN0$Status","1234","5678",""
"8746","56.875250621","ipcas_21:73:33","143","0","744","LIED12CTRL/LLN0$Status","1234","5678",""
"8747","56.877919818","ipcas_21:73:33","143","0","745","LIED12CTRL/LLN0$Status","1234","5678",""
"8751","56.881679966","ipcas_21:73:33","143","0","746","LIED12CTRL/LLN0$Status","1234","5678",""
"8752","56.884176350","ipcas_21:73:33","143","0","747","LIED12CTRL/LLN0$Status","1234","5678",""
"8753","56.887904969","ipcas_21:73:33","143","0","748","LIED12CTRL/LLN0$Status","1234","5678",""
"8754","56.891655970","ipcas_21:73:33","143","0","749","LIED12CTRL/LLN0$Status","1234","5678",""
"8755","56.895406694","ipcas_21:73:33","143","0","750","LIED12CTRL/LLN0$Status","1234","5678",""
"8756","56.899156559","ipcas_21:73:33","143","0","751","LIED12CTRL/LLN0$Status","1234","5678",""
"8757","56.903054718","ipcas_21:73:33","143","0","752","LIED12CTRL/LLN0$Status","1234","5678",""
"8758","56.905424852","ipcas_21:73:33","143","0","753","LIED12CTRL/LLN0$Status","1234","5678",""
"8759","56.909183220","ipcas_21:73:33","143","0","754","LIED12CTRL/LLN0$Status","1234","5678",""
"8760","56.912937739","ipcas_21:73:33","143","0","755","LIED12CTRL/LLN0$Status","1234","5678",""
"8761","56.916657726","ipcas_21:73:33","143","0","756","LIED12CTRL/LLN0$Status","1234","5678",""
"8762","56.920406288","ipcas_21:73:33","143","0","757","LIED12CTRL/LLN0$Status","1234","5678",""
"8763","56.924180135","ipcas_21:73:33","143","0","758","LIED12CTRL/LLN0$Status","1234","5678",""
"8764","56.926651406","ipcas_21:73:33","143","0","759","LIED12CTRL/LLN0$Status","1234","5678",""
"8765","56.930409010","ipcas_21:73:33","143","0","760","LIED12CTRL/LLN0$Status","1234","5678",""
"8766","56.934157081","ipcas_21:73:33","143","0","761","LIED12CTRL/LLN0$Status","1234","5678",""
"8767","56.939971498","ipcas_21:73:33","143","0","762","LIED12CTRL/LLN0$Status","1234","5678",""
"8768","56.943620468","ipcas_21:73:33","143","0","763","LIED12CTRL/LLN0$Status","1234","5678",""
"8769","56.945997638","ipcas_21:73:33","143","0","764","LIED12CTRL/LLN0$Status","1234","5678",""
"8770","56.949400160","ipcas_21:73:33","143","0","765","LIED12CTRL/LLN0$Status","1234","5678",""
"8771","56.953142771","ipcas_21:73:33","143","0","766","LIED12CTRL/LLN0$Status","1234","5678",""
"8772","56.955619625","ipcas_21:73:33","143","0","767","LIED12CTRL/LLN0$Status","1234","5678",""
"8773","56.958229227","ipcas_21:73:33","143","0","768","LIED12CTRL/LLN0$Status","1234","5678",""
"8774","56.960660135","ipcas_21:73:33","143","0","769","LIED12CTRL/LLN0$Status","1234","5678",""
"8775","56.963111638","ipcas_21:73:33","143","0","770","LIED12CTRL/LLN0$Status","1234","5678",""
"8776","56.965443510","ipcas_21:73:33","143","0","771","LIED12CTRL/LLN0$Status","1234","5678",""
"8777","56.969467894","ipcas_21:73:33","143","0","772","LIED12CTRL/LLN0$Status","1234","5678",""
"8778","56.971941007","ipcas_21:73:33","143","0","773","LIED12CTRL/LLN0$Status","1234","5678",""
"8779","56.974006524","ipcas_21:73:33","143","0","774","LIED12CTRL/LLN0$Status","1234","5678",""
"8780","56.976499642","ipcas_21:73:33","143","0","775","LIED12CTRL/LLN0$Status","1234","5678",""
"8781","56.979046258","ipcas_21:73:33","143","0","776","LIED12CTRL/LLN0$Status","1234","5678",""
"8782","56.981522570","ipcas_21:73:33","143","0","777","LIED12CTRL/LLN0$Status","1234","5678",""
"8783","56.983961403","ipcas_21:73:33","143","0","778","LIED12CTRL/LLN0$Status","1234","5678",""
"8784","56.986601171","ipcas_21:73:33","143","0","779","LIED12CTRL/LLN0$Status","1234","5678",""
"8785","56.989100838","ipcas_21:73:33","143","0","780","LIED12CTRL/LLN0$Status","1234","5678",""
"8786","56.991485773","ipcas_21:73:33","143","0","781","LIED12CTRL/LLN0$Status","1234","5678",""
"8787","56.994021793","ipcas_21:73:33","143","0","782","LIED12CTRL/LLN0$Status","1234","5678",""
"8788","56.996489239","ipcas_21:73:33","143","0","783","LIED12CTRL/LLN0$Status","1234","5678",""
"8789","56.998999144","ipcas_21:73:33","143","0","784","LIED12CTRL/LLN0$Status","1234","5678",""
"8790","57.001722752","ipcas_21:73:33","143","0","785","LIED12CTRL/LLN0$Status","1234","5678",""
"8791","57.004016768","ipcas_21:73:33","143","0","786","LIED12CTRL/LLN0$Status","1234","5678",""
"8792","57.006589651","ipcas_21:73:33","143","0","787","LIED12CTRL/LLN0$Status","1234","5678",""
"8793","57.009045305","ipcas_21:73:33","143","0","788","LIED12CTRL/LLN0$Status","1234","5678",""
"8794","57.011501256","ipcas_21:73:33","143","0","789","LIED12CTRL/LLN0$Status","1234","5678",""
"8795","57.014010596","ipcas_21:73:33","143","0","790","LIED12CTRL/LLN0$Status","1234","5678",""
"8796","57.017473705","ipcas_21:73:33","143","0","791","LIED12CTRL/LLN0$Status","1234","5678",""
"8797","57.019746642","ipcas_21:73:33","143","0","792","LIED12CTRL/LLN0$Status","1234","5678",""
"8798","57.022909456","ipcas_21:73:33","143","0","793","LIED12CTRL/LLN0$Status","1234","5678",""
"8799","57.024439224","ipcas_21:73:33","143","0","794","LIED12CTRL/LLN0$Status","1234","5678",""
"8800","57.027767444","ipcas_21:73:33","143","0","795","LIED12CTRL/LLN0$Status","1234","5678",""
"8801","57.030273813","ipcas_21:73:33","143","0","796","LIED12CTRL/LLN0$Status","1234","5678",""
"8802","57.032713775","ipcas_21:73:33","143","0","797","LIED12CTRL/LLN0$Status","1234","5678",""
"8803","57.035232480","ipcas_21:73:33","143","0","798","LIED12CTRL/LLN0$Status","1234","5678",""
"8804","57.037777503","ipcas_21:73:33","143","0","799","LIED12CTRL/LLN0$Status","1234","5678",""
"8805","57.040301500","ipcas_21:73:33","143","0","800","LIED12CTRL/LLN0$Status","1234","5678",""
"8806","57.042755473","ipcas_21:73:33","143","0","801","LIED12CTRL/LLN0$Status","1234","5678",""
"8807","57.045220801","ipcas_21:73:33","143","0","802","LIED12CTRL/LLN0$Status","1234","5678",""
"8808","57.047717003","ipcas_21:73:33","143","0","803","LIED12CTRL/LLN0$Status","1234","5678",""
"8809","57.050233259","ipcas_21:73:33","143","0","804","LIED12CTRL/LLN0$Status","1234","5678",""
"8810","57.052405609","ipcas_21:73:33","143","0","805","LIED12CTRL/LLN0$Status","1234","5678",""
"8811","57.055434231","ipcas_21:73:33","143","0","806","LIED12CTRL/LLN0$Status","1234","5678",""
"8812","57.058039895","ipcas_21:73:33","143","0","807","LIED12CTRL/LLN0$Status","1234","5678",""
"8813","57.060054304","ipcas_21:73:33","143","0","808","LIED12CTRL/LLN0$Status","1234","5678",""
"8814","57.062744683","ipcas_21:73:33","143","0","809","LIED12CTRL/LLN0$Status","1234","5678",""
"8815","57.065222042","ipcas_21:73:33","143","0","810","LIED12CTRL/LLN0$Status","1234","5678",""
"8816","57.067717875","ipcas_21:73:33","143","0","811","LIED12CTRL/LLN0$Status","1234","5678",""
"8817","57.070446846","ipcas_21:73:33","143","0","812","LIED12CTRL/LLN0$Status","1234","5678",""
"8818","57.072752859","ipcas_21:73:33","143","0","813","LIED12CTRL/LLN0$Status","1234","5678",""
"8819","57.075323385","ipcas_21:73:33","143","0","814","LIED12CTRL/LLN0$Status","1234","5678",""
"8820","57.077812102","ipcas_21:73:33","143","0","815","LIED12CTRL/LLN0$Status","1234","5678",""
"8821","57.080082994","ipcas_21:73:33","143","0","816","LIED12CTRL/LLN0$Status","1234","5678",""
"8822","57.082721138","ipcas_21:73:33","143","0","817","LIED12CTRL/LLN0$Status","1234","5678",""
"8823","57.085243639","ipcas_21:73:33","143","0","818","LIED12CTRL/LLN0$Status","1234","5678",""
"8824","57.087590037","ipcas_21:73:33","143","0","819","LIED12CTRL/LLN0$Status","1234","5678",""
"8825","57.090244058","ipcas_21:73:33","143","0","820","LIED12CTRL/LLN0$Status","1234","5678",""
"8826","57.092735628","ipcas_21:73:33","143","0","821","LIED12CTRL/LLN0$Status","1234","5678",""
"8827","57.095236919","ipcas_21:73:33","143","0","822","LIED12CTRL/LLN0$Status","1234","5678",""
"8828","57.097543399","ipcas_21:73:33","143","0","823","LIED12CTRL/LLN0$Status","1234","5678",""
"8829","57.099777295","ipcas_21:73:33","143","0","824","LIED12CTRL/LLN0$Status","1234","5678",""
"8830","57.102309840","ipcas_21:73:33","143","0","825","LIED12CTRL/LLN0$Status","1234","5678",""
"8831","57.105251465","ipcas_21:73:33","143","0","826","LIED12CTRL/LLN0$Status","1234","5678",""
"8832","57.107734682","ipcas_21:73:33","143","0","827","LIED12CTRL/LLN0$Status","1234","5678",""
"8833","57.110254842","ipcas_21:73:33","143","0","828","LIED12CTRL/LLN0$Status","1234","5678",""
"8834","57.112711857","ipcas_21:73:33","143","0","829","LIED12CTRL/LLN0$Status","1234","5678",""
"8835","57.115230861","ipcas_21:73:33","143","0","830","LIED12CTRL/LLN0$Status","1234","5678",""
"8836","57.117734685","ipcas_21:73:33","143","0","831","LIED12CTRL/LLN0$Status","1234","5678",""
"8837","57.120260874","ipcas_21:73:33","143","0","832","LIED12CTRL/LLN0$Status","1234","5678",""
"8838","57.122805095","ipcas_21:73:33","143","0","833","LIED12CTRL/LLN0$Status","1234","5678",""
"8839","57.126595846","ipcas_21:73:33","143","0","834","LIED12CTRL/LLN0$Status","1234","5678",""
"8840","57.128986429","ipcas_21:73:33","143","0","835","LIED12CTRL/LLN0$Status","1234","5678",""
"8841","57.131604961","ipcas_21:73:33","143","0","836","LIED12CTRL/LLN0$Status","1234","5678",""
"8842","57.133985304","ipcas_21:73:33","143","0","837","LIED12CTRL/LLN0$Status","1234","5678",""
"8843","57.136494704","ipcas_21:73:33","143","0","838","LIED12CTRL/LLN0$Status","1234","5678",""
"8844","57.138983271","ipcas_21:73:33","143","0","839","LIED12CTRL/LLN0$Status","1234","5678",""
"8845","57.141518754","ipcas_21:73:33","143","0","840","LIED12CTRL/LLN0$Status","1234","5678",""
"8846","57.144107233","ipcas_21:73:33","143","0","841","LIED12CTRL/LLN0$Status","1234","5678",""
"8847","57.146763143","ipcas_21:73:33","143","0","842","LIED12CTRL/LLN0$Status","1234","5678",""
"8848","57.149028652","ipcas_21:73:33","143","0","843","LIED12CTRL/LLN0$Status","1234","5678",""
"8849","57.151508950","ipcas_21:73:33","143","0","844","LIED12CTRL/LLN0$Status","1234","5678",""
"8850","57.154022740","ipcas_21:73:33","143","0","845","LIED12CTRL/LLN0$Status","1234","5678",""
"8851","57.156595640","ipcas_21:73:33","143","0","846","LIED12CTRL/LLN0$Status","1234","5678",""
"8852","57.159024444","ipcas_21:73:33","143","0","847","LIED12CTRL/LLN0$Status","1234","5678",""
"8853","57.161567897","ipcas_21:73:33","143","0","848","LIED12CTRL/LLN0$Status","1234","5678",""
"8854","57.164064080","ipcas_21:73:33","143","0","849","LIED12CTRL/LLN0$Status","1234","5678",""
"8855","57.166618539","ipcas_21:73:33","143","0","850","LIED12CTRL/LLN0$Status","1234","5678",""
"8856","57.169078454","ipcas_21:73:33","143","0","851","LIED12CTRL/LLN0$Status","1234","5678",""
"8857","57.171519115","ipcas_21:73:33","143","0","852","LIED12CTRL/LLN0$Status","1234","5678",""
"8858","57.174138543","ipcas_21:73:33","143","0","853","LIED12CTRL/LLN0$Status","1234","5678",""
"8859","57.176524292","ipcas_21:73:33","143","0","854","LIED12CTRL/LLN0$Status","1234","5678",""
"8860","57.179035497","ipcas_21:73:33","143","0","855","LIED12CTRL/LLN0$Status","1234","5678",""
"8861","57.181687456","ipcas_21:73:33","143","0","856","LIED12CTRL/LLN0$Status","1234","5678",""
"8862","57.184204721","ipcas_21:73:33","143","0","857","LIED12CTRL/LLN0$Status","1234","5678",""
"8863","57.186572069","ipcas_21:73:33","143","0","858","LIED12CTRL/LLN0$Status","1234","5678",""
"8864","57.189136830","ipcas_21:73:33","143","0","859","LIED12CTRL/LLN0$Status","1234","5678",""
"8865","57.191536400","ipcas_21:73:33","143","0","860","LIED12CTRL/LLN0$Status","1234","5678",""
"8866","57.194167614","ipcas_21:73:33","143","0","861","LIED12CTRL/LLN0$Status","1234","5678",""
"8867","57.196558708","ipcas_21:73:33","143","0","862","LIED12CTRL/LLN0$Status","1234","5678",""
"8868","57.199164574","ipcas_21:73:33","143","0","863","LIED12CTRL/LLN0$Status","1234","5678",""
"8869","57.201785441","ipcas_21:73:33","143","0","864","LIED12CTRL/LLN0$Status","1234","5678",""
"8870","57.205336290","ipcas_21:73:33","143","0","865","LIED12CTRL/LLN0$Status","1234","5678",""
"8871","57.207829987","ipcas_21:73:33","143","0","866","LIED12CTRL/LLN0$Status","1234","5678",""
"8872","57.210267029","ipcas_21:73:33","143","0","867","LIED12CTRL/LLN0$Status","1234","5678",""
"8873","57.212804909","ipcas_21:73:33","143","0","868","LIED12CTRL/LLN0$Status","1234","5678",""
"8874","57.215298786","ipcas_21:73:33","143","0","869","LIED12CTRL/LLN0$Status","1234","5678",""
"8875","57.217995920","ipcas_21:73:33","143","0","870","LIED12CTRL/LLN0$Status","1234","5678",""
"8876","57.220330635","ipcas_21:73:33","143","0","871","LIED12CTRL/LLN0$Status","1234","5678",""
"8877","57.222791232","ipcas_21:73:33","143","0","872","LIED12CTRL/LLN0$Status","1234","5678",""
"8878","57.225363770","ipcas_21:73:33","143","0","873","LIED12CTRL/LLN0$Status","1234","5678",""
"8879","57.227925296","ipcas_21:73:33","143","0","874","LIED12CTRL/LLN0$Status","1234","5678",""
"8880","57.230296642","ipcas_21:73:33","143","0","875","LIED12CTRL/LLN0$Status","1234","5678",""
"8881","57.232780687","ipcas_21:73:33","143","0","876","LIED12CTRL/LLN0$Status","1234","5678",""
"8882","57.235303540","ipcas_21:73:33","143","0","877","LIED12CTRL/LLN0$Status","1234","5678",""
"8883","57.237762618","ipcas_21:73:33","143","0","878","LIED12CTRL/LLN0$Status","1234","5678",""
"8884","57.240277051","ipcas_21:73:33","143","0","879","LIED12CTRL/LLN0$Status","1234","5678",""
"8885","57.242808425","ipcas_21:73:33","143","0","880","LIED12CTRL/LLN0$Status","1234","5678",""
"8886","57.245284932","ipcas_21:73:33","143","0","881","LIED12CTRL/LLN0$Status","1234","5678",""
"8887","57.247811030","ipcas_21:73:33","143","0","882","LIED12CTRL/LLN0$Status","1234","5678",""
"8888","57.250251304","ipcas_21:73:33","143","0","883","LIED12CTRL/LLN0$Status","1234","5678",""
"8889","57.252813304","ipcas_21:73:33","143","0","884","LIED12CTRL/LLN0$Status","1234","5678",""
"8890","57.255374719","ipcas_21:73:33","143","0","885","LIED12CTRL/LLN0$Status","1234","5678",""
"8891","57.257751179","ipcas_21:73:33","143","0","886","LIED12CTRL/LLN0$Status","1234","5678",""
"8892","57.260300063","ipcas_21:73:33","143","0","887","LIED12CTRL/LLN0$Status","1234","5678",""
"8893","57.262887567","ipcas_21:73:33","143","0","888","LIED12CTRL/LLN0$Status","1234","5678",""
"8894","57.265362007","ipcas_21:73:33","143","0","889","LIED12CTRL/LLN0$Status","1234","5678",""
"8895","57.267790790","ipcas_21:73:33","143","0","890","LIED12CTRL/LLN0$Status","1234","5678",""
"8896","57.270427148","ipcas_21:73:33","143","0","891","LIED12CTRL/LLN0$Status","1234","5678",""
"8897","57.272985023","ipcas_21:73:33","143","0","892","LIED12CTRL/LLN0$Status","1234","5678",""
"8898","57.275280102","ipcas_21:73:33","143","0","893","LIED12CTRL/LLN0$Status","1234","5678",""
"8899","57.277857523","ipcas_21:73:33","143","0","894","LIED12CTRL/LLN0$Status","1234","5678",""
"8900","57.280258453","ipcas_21:73:33","143","0","895","LIED12CTRL/LLN0$Status","1234","5678",""
"8901","57.282849331","ipcas_21:73:33","143","0","896","LIED12CTRL/LLN0$Status","1234","5678",""
"8902","57.285323121","ipcas_21:73:33","143","0","897","LIED12CTRL/LLN0$Status","1234","5678",""
"8903","57.287784223","ipcas_21:73:33","143","0","898","LIED12CTRL/LLN0$Status","1234","5678",""
"8904","57.290293054","ipcas_21:73:33","143","0","899","LIED12CTRL/LLN0$Status","1234","5678",""
"8905","57.292758334","ipcas_21:73:33","143","0","900","LIED12CTRL/LLN0$Status","1234","5678",""
"8906","57.295351375","ipcas_21:73:33","143","0","901","LIED12CTRL/LLN0$Status","1234","5678",""
"8907","57.297755830","ipcas_21:73:33","143","0","902","LIED12CTRL/LLN0$Status","1234","5678",""
"8908","57.300542383","ipcas_21:73:33","143","0","903","LIED12CTRL/LLN0$Status","1234","5678",""
"8909","57.304093711","ipcas_21:73:33","143","0","904","LIED12CTRL/LLN0$Status","1234","5678",""
"8910","57.306657609","ipcas_21:73:33","143","0","905","LIED12CTRL/LLN0$Status","1234","5678",""
"8911","57.309109161","ipcas_21:73:33","143","0","906","LIED12CTRL/LLN0$Status","1234","5678",""
"8912","57.311576220","ipcas_21:73:33","143","0","907","LIED12CTRL/LLN0$Status","1234","5678",""
"8913","57.314215728","ipcas_21:73:33","143","0","908","LIED12CTRL/LLN0$Status","1234","5678",""
"8914","57.316632083","ipcas_21:73:33","143","0","909","LIED12CTRL/LLN0$Status","1234","5678",""
"8915","57.319030851","ipcas_21:73:33","143","0","910","LIED12CTRL/LLN0$Status","1234","5678",""
"8916","57.321515459","ipcas_21:73:33","143","0","911","LIED12CTRL/LLN0$Status","1234","5678",""
"8917","57.324099957","ipcas_21:73:33","143","0","912","LIED12CTRL/LLN0$Status","1234","5678",""
"8918","57.326619481","ipcas_21:73:33","143","0","913","LIED12CTRL/LLN0$Status","1234","5678",""
"8919","57.329127785","ipcas_21:73:33","143","0","914","LIED12CTRL/LLN0$Status","1234","5678",""
"8920","57.331691178","ipcas_21:73:33","143","0","915","LIED12CTRL/LLN0$Status","1234","5678",""
"8921","57.334197136","ipcas_21:73:33","143","0","916","LIED12CTRL/LLN0$Status","1234","5678",""
"8922","57.336624105","ipcas_21:73:33","143","0","917","LIED12CTRL/LLN0$Status","1234","5678",""
"8923","57.339052000","ipcas_21:73:33","143","0","918","LIED12CTRL/LLN0$Status","1234","5678",""
"8924","57.341407813","ipcas_21:73:33","143","0","919","LIED12CTRL/LLN0$Status","1234","5678",""
"8925","57.344222515","ipcas_21:73:33","143","0","920","LIED12CTRL/LLN0$Status","1234","5678",""
"8927","57.346648832","ipcas_21:73:33","143","0","921","LIED12CTRL/LLN0$Status","1234","5678",""
"8928","57.349027638","ipcas_21:73:33","143","0","922","LIED12CTRL/LLN0$Status","1234","5678",""
"8929","57.351551179","ipcas_21:73:33","143","0","923","LIED12CTRL/LLN0$Status","1234","5678",""
"8930","57.354200884","ipcas_21:73:33","143","0","924","LIED12CTRL/LLN0$Status","1234","5678",""
"8931","57.356525556","ipcas_21:73:33","143","0","925","LIED12CTRL/LLN0$Status","1234","5678",""
"8932","57.359091898","ipcas_21:73:33","143","0","926","LIED12CTRL/LLN0$Status","1234","5678",""
"8933","57.361549575","ipcas_21:73:33","143","0","927","LIED12CTRL/LLN0$Status","1234","5678",""
"8934","57.364211223","ipcas_21:73:33","143","0","928","LIED12CTRL/LLN0$Status","1234","5678",""
"8935","57.366566536","ipcas_21:73:33","143","0","929","LIED12CTRL/LLN0$Status","1234","5678",""
"8936","57.369108428","ipcas_21:73:33","143","0","930","LIED12CTRL/LLN0$Status","1234","5678",""
"8937","57.371624767","ipcas_21:73:33","143","0","931","LIED12CTRL/LLN0$Status","1234","5678",""
"8938","57.374097776","ipcas_21:73:33","143","0","932","LIED12CTRL/LLN0$Status","1234","5678",""
"8939","57.376529938","ipcas_21:73:33","143","0","933","LIED12CTRL/LLN0$Status","1234","5678",""
"8943","57.379127273","ipcas_21:73:33","143","0","934","LIED12CTRL/LLN0$Status","1234","5678",""
"8944","57.381624122","ipcas_21:73:33","143","0","935","LIED12CTRL/LLN0$Status","1234","5678",""
"8945","57.384093641","ipcas_21:73:33","143","0","936","LIED12CTRL/LLN0$Status","1234","5678",""
"8946","57.386616853","ipcas_21:73:33","143","0","937","LIED12CTRL/LLN0$Status","1234","5678",""
"8950","57.389124926","ipcas_21:73:33","143","0","938","LIED12CTRL/LLN0$Status","1234","5678",""
"8951","57.391595343","ipcas_21:73:33","143","0","939","LIED12CTRL/LLN0$Status","1234","5678",""
"8952","57.394012051","ipcas_21:73:33","143","0","940","LIED12CTRL/LLN0$Status","1234","5678",""
"8956","57.396558016","ipcas_21:73:33","143","0","941","LIED12CTRL/LLN0$Status","1234","5678",""
"8957","57.399013076","ipcas_21:73:33","143","0","942","LIED12CTRL/LLN0$Status","1234","5678",""
"8958","57.401661634","ipcas_21:73:33","143","0","943","LIED12CTRL/LLN0$Status","1234","5678",""
"8959","57.404042316","ipcas_21:73:33","143","0","944","LIED12CTRL/LLN0$Status","1234","5678",""
"8960","57.406594118","ipcas_21:73:33","143","0","945","LIED12CTRL/LLN0$Status","1234","5678",""
"8961","57.409105984","ipcas_21:73:33","143","0","946","LIED12CTRL/LLN0$Status","1234","5678",""
"8962","57.411566032","ipcas_21:73:33","143","0","947","LIED12CTRL/LLN0$Status","1234","5678",""
"8963","57.414131705","ipcas_21:73:33","143","0","948","LIED12CTRL/LLN0$Status","1234","5678",""
"8964","57.416599518","ipcas_21:73:33","143","0","949","LIED12CTRL/LLN0$Status","1234","5678",""
"8965","57.419065600","ipcas_21:73:33","143","0","950","LIED12CTRL/LLN0$Status","1234","5678",""
"8966","57.421688311","ipcas_21:73:33","143","0","951","LIED12CTRL/LLN0$Status","1234","5678",""
"8967","57.424149629","ipcas_21:73:33","143","0","952","LIED12CTRL/LLN0$Status","1234","5678",""
"8971","57.426542897","ipcas_21:73:33","143","0","953","LIED12CTRL/LLN0$Status","1234","5678",""
"8975","57.429025267","ipcas_21:73:33","143","0","954","LIED12CTRL/LLN0$Status","1234","5678",""
"8977","57.431626099","ipcas_21:73:33","143","0","955","LIED12CTRL/LLN0$Status","1234","5678",""
"8980","57.434095370","ipcas_21:73:33","143","0","956","LIED12CTRL/LLN0$Status","1234","5678",""
"8984","57.436572318","ipcas_21:73:33","143","0","957","LIED12CTRL/LLN0$Status","1234","5678",""
"8987","57.438990812","ipcas_21:73:33","143","0","958","LIED12CTRL/LLN0$Status","1234","5678",""
"8988","57.441569528","ipcas_21:73:33","143","0","959","LIED12CTRL/LLN0$Status","1234","5678",""
"8989","57.444067503","ipcas_21:73:33","143","0","960","LIED12CTRL/LLN0$Status","1234","5678",""
"8990","57.446624722","ipcas_21:73:33","143","0","961","LIED12CTRL/LLN0$Status","1234","5678",""
"8991","57.449083326","ipcas_21:73:33","143","0","962","LIED12CTRL/LLN0$Status","1234","5678",""
"8992","57.451662486","ipcas_21:73:33","143","0","963","LIED12CTRL/LLN0$Status","1234","5678",""
"8994","57.454947785","ipcas_21:73:33","143","0","964","LIED12CTRL/LLN0$Status","1234","5678",""
"8996","57.456208513","ipcas_21:73:33","143","0","965","LIED12CTRL/LLN0$Status","1234","5678",""
"8997","57.459161758","ipcas_21:73:33","143","0","966","LIED12CTRL/LLN0$Status","1234","5678",""
"8998","57.461552356","ipcas_21:73:33","143","0","967","LIED12CTRL/LLN0$Status","1234","5678",""
"8999","57.464235522","ipcas_21:73:33","143","0","968","LIED12CTRL/LLN0$Status","1234","5678",""
"9000","57.466600974","ipcas_21:73:33","143","0","969","LIED12CTRL/LLN0$Status","1234","5678",""
"9001","57.469166705","ipcas_21:73:33","143","0","970","LIED12CTRL/LLN0$Status","1234","5678",""
"9002","57.471609527","ipcas_21:73:33","143","0","971","LIED12CTRL/LLN0$Status","1234","5678",""
"9003","57.474204720","ipcas_21:73:33","143","0","972","LIED12CTRL/LLN0$Status","1234","5678",""
"9004","57.476505129","ipcas_21:73:33","143","0","973","LIED12CTRL/LLN0$Status","1234","5678",""
"9005","57.479129962","ipcas_21:73:33","143","0","974","LIED12CTRL/LLN0$Status","1234","5678",""
"9006","57.481559157","ipcas_21:73:33","143","0","975","LIED12CTRL/LLN0$Status","1234","5678",""
"9007","57.484053507","ipcas_21:73:33","143","0","976","LIED12CTRL/LLN0$Status","1234","5678",""
"9008","57.486617241","ipcas_21:73:33","143","0","977","LIED12CTRL/LLN0$Status","1234","5678",""
"9009","57.489030009","ipcas_21:73:33","143","0","978","LIED12CTRL/LLN0$Status","1234","5678",""
"9010","57.491606227","ipcas_21:73:33","143","0","979","LIED12CTRL/LLN0$Status","1234","5678",""
"9011","57.494001838","ipcas_21:73:33","143","0","980","LIED12CTRL/LLN0$Status","1234","5678",""
"9012","57.496478156","ipcas_21:73:33","143","0","981","LIED12CTRL/LLN0$Status","1234","5678",""
"9013","57.499004971","ipcas_21:73:33","143","0","982","LIED12CTRL/LLN0$Status","1234","5678",""
"9014","57.501640808","ipcas_21:73:33","143","0","983","LIED12CTRL/LLN0$Status","1234","5678",""
"9015","57.504033750","ipcas_21:73:33","143","0","984","LIED12CTRL/LLN0$Status","1234","5678",""
"9016","57.506549673","ipcas_21:73:33","143","0","985","LIED12CTRL/LLN0$Status","1234","5678",""
"9017","57.509199912","ipcas_21:73:33","143","0","986","LIED12CTRL/LLN0$Status","1234","5678",""
"9018","57.511638809","ipcas_21:73:33","143","0","987","LIED12CTRL/LLN0$Status","1234","5678",""
"9019","57.514158215","ipcas_21:73:33","143","0","988","LIED12CTRL/LLN0$Status","1234","5678",""
"9020","57.516641027","ipcas_21:73:33","143","0","989","LIED12CTRL/LLN0$Status","1234","5678",""
"9021","57.519135630","ipcas_21:73:33","143","0","990","LIED12CTRL/LLN0$Status","1234","5678",""
"9022","57.521564211","ipcas_21:73:33","143","0","991","LIED12CTRL/LLN0$Status","1234","5678",""
"9023","57.524167493","ipcas_21:73:33","143","0","992","LIED12CTRL/LLN0$Status","1234","5678",""
"9024","57.526669128","ipcas_21:73:33","143","0","993","LIED12CTRL/LLN0$Status","1234","5678",""
"9025","57.529109738","ipcas_21:73:33","143","0","994","LIED12CTRL/LLN0$Status","1234","5678",""
"9026","57.531684710","ipcas_21:73:33","143","0","995","LIED12CTRL/LLN0$Status","1234","5678",""
"9027","57.534168625","ipcas_21:73:33","143","0","996","LIED12CTRL/LLN0$Status","1234","5678",""
"9028","57.536673541","ipcas_21:73:33","143","0","997","LIED12CTRL/LLN0$Status","1234","5678",""
"9029","57.539073813","ipcas_21:73:33","143","0","998","LIED12CTRL/LLN0$Status","1234","5678",""
"9030","57.541755617","ipcas_21:73:33","143","0","999","LIED12CTRL/LLN0$Status","1234","5678",""
"9031","57.544161854","ipcas_21:73:33","143","0","1000","LIED12CTRL/LLN0$Status","1234","5678",""
"9032","57.546604256","ipcas_21:73:33","143","0","1001","LIED12CTRL/LLN0$Status","1234","5678",""
"9033","57.549093893","ipcas_21:73:33","143","0","1002","LIED12CTRL/LLN0$Status","1234","5678",""
"9034","57.551639848","ipcas_21:73:33","143","0","1003","LIED12CTRL/LLN0$Status","1234","5678",""
"9035","57.554065532","ipcas_21:73:33","143","0","1004","LIED12CTRL/LLN0$Status","1234","5678",""
"9036","57.556554672","ipcas_21:73:33","143","0","1005","LIED12CTRL/LLN0$Status","1234","5678",""
"9037","57.559300949","ipcas_21:73:33","143","0","1006","LIED12CTRL/LLN0$Status","1234","5678",""
"9038","57.562772546","ipcas_21:73:33","143","0","1007","LIED12CTRL/LLN0$Status","1234","5678",""
"9039","57.565414537","ipcas_21:73:33","143","0","1008","LIED12CTRL/LLN0$Status","1234","5678",""
"9040","57.567977968","ipcas_21:73:33","143","0","1009","LIED12CTRL/LLN0$Status","1234","5678",""
"9041","57.570328825","ipcas_21:73:33","143","0","1010","LIED12CTRL/LLN0$Status","1234","5678",""
"9042","57.572937103","ipcas_21:73:33","143","0","1011","LIED12CTRL/LLN0$Status","1234","5678",""
"9043","57.575476048","ipcas_21:73:33","143","0","1012","LIED12CTRL/LLN0$Status","1234","5678",""
"9044","57.577916987","ipcas_21:73:33","143","0","1013","LIED12CTRL/LLN0$Status","1234","5678",""
"9045","57.580324271","ipcas_21:73:33","143","0","1014","LIED12CTRL/LLN0$Status","1234","5678",""
"9046","57.582830500","ipcas_21:73:33","143","0","1015","LIED12CTRL/LLN0$Status","1234","5678",""
"9047","57.585419360","ipcas_21:73:33","143","0","1016","LIED12CTRL/LLN0$Status","1234","5678",""
"9048","57.587818953","ipcas_21:73:33","143","0","1017","LIED12CTRL/LLN0$Status","1234","5678",""
"9049","57.590321119","ipcas_21:73:33","143","0","1018","LIED12CTRL/LLN0$Status","1234","5678",""
"9050","57.592892388","ipcas_21:73:33","143","0","1019","LIED12CTRL/LLN0$Status","1234","5678",""
"9051","57.595397208","ipcas_21:73:33","143","0","1020","LIED12CTRL/LLN0$Status","1234","5678",""
"9052","57.597831366","ipcas_21:73:33","143","0","1021","LIED12CTRL/LLN0$Status","1234","5678",""
"9053","57.600311666","ipcas_21:73:33","143","0","1022","LIED12CTRL/LLN0$Status","1234","5678",""
"9054","57.603287435","ipcas_21:73:33","143","0","1023","LIED12CTRL/LLN0$Status","1234","5678",""
"9055","57.605365703","ipcas_21:73:33","143","0","1024","LIED12CTRL/LLN0$Status","1234","5678",""
"9056","57.607928511","ipcas_21:73:33","143","0","1025","LIED12CTRL/LLN0$Status","1234","5678",""
"9057","57.610382441","ipcas_21:73:33","143","0","1026","LIED12CTRL/LLN0$Status","1234","5678",""
"9058","57.612919880","ipcas_21:73:33","143","0","1027","LIED12CTRL/LLN0$Status","1234","5678",""
"9059","57.615354797","ipcas_21:73:33","143","0","1028","LIED12CTRL/LLN0$Status","1234","5678",""
"9060","57.617915794","ipcas_21:73:33","143","0","1029","LIED12CTRL/LLN0$Status","1234","5678",""
"9061","57.620372635","ipcas_21:73:33","143","0","1030","LIED12CTRL/LLN0$Status","1234","5678",""
"9062","57.622828621","ipcas_21:73:33","143","0","1031","LIED12CTRL/LLN0$Status","1234","5678",""
"9063","57.625435517","ipcas_21:73:33","143","0","1032","LIED12CTRL/LLN0$Status","1234","5678",""
"9064","57.627976677","ipcas_21:73:33","143","0","1033","LIED12CTRL/LLN0$Status","1234","5678",""
"9065","57.630446729","ipcas_21:73:33","143","0","1034","LIED12CTRL/LLN0$Status","1234","5678",""
"9066","57.632994826","ipcas_21:73:33","143","0","1035","LIED12CTRL/LLN0$Status","1234","5678",""
"9067","57.635444532","ipcas_21:73:33","143","0","1036","LIED12CTRL/LLN0$Status","1234","5678",""
"9068","57.637944418","ipcas_21:73:33","143","0","1037","LIED12CTRL/LLN0$Status","1234","5678",""
"9069","57.640308216","ipcas_21:73:33","143","0","1038","LIED12CTRL/LLN0$Status","1234","5678",""
"9070","57.642869691","ipcas_21:73:33","143","0","1039","LIED12CTRL/LLN0$Status","1234","5678",""
"9071","57.645390925","ipcas_21:73:33","143","0","1040","LIED12CTRL/LLN0$Status","1234","5678",""
"9072","57.647893219","ipcas_21:73:33","143","0","1041","LIED12CTRL/LLN0$Status","1234","5678",""
"9073","57.650412031","ipcas_21:73:33","143","0","1042","LIED12CTRL/LLN0$Status","1234","5678",""
"9074","57.652904041","ipcas_21:73:33","143","0","1043","LIED12CTRL/LLN0$Status","1234","5678",""
"9075","57.655368785","ipcas_21:73:33","143","0","1044","LIED12CTRL/LLN0$Status","1234","5678",""
"9076","57.658273559","ipcas_21:73:33","143","0","1045","LIED12CTRL/LLN0$Status","1234","5678",""
"9077","57.660275074","ipcas_21:73:33","143","0","1046","LIED12CTRL/LLN0$Status","1234","5678",""
"9078","57.662825103","ipcas_21:73:33","143","0","1047","LIED12CTRL/LLN0$Status","1234","5678",""
"9079","57.665342242","ipcas_21:73:33","143","0","1048","LIED12CTRL/LLN0$Status","1234","5678",""
"9080","57.667846603","ipcas_21:73:33","143","0","1049","LIED12CTRL/LLN0$Status","1234","5678",""
"9081","57.670412547","ipcas_21:73:33","143","0","1050","LIED12CTRL/LLN0$Status","1234","5678",""
"9082","57.672899415","ipcas_21:73:33","143","0","1051","LIED12CTRL/LLN0$Status","1234","5678",""
"9083","57.675327744","ipcas_21:73:33","143","0","1052","LIED12CTRL/LLN0$Status","1234","5678",""
"9084","57.678018434","ipcas_21:73:33","143","0","1053","LIED12CTRL/LLN0$Status","1234","5678",""
"9085","57.680357320","ipcas_21:73:33","143","0","1054","LIED12CTRL/LLN0$Status","1234","5678",""
"9086","57.682852284","ipcas_21:73:33","143","0","1055","LIED12CTRL/LLN0$Status","1234","5678",""
"9087","57.685323928","ipcas_21:73:33","143","0","1056","LIED12CTRL/LLN0$Status","1234","5678",""
"9088","57.687881846","ipcas_21:73:33","143","0","1057","LIED12CTRL/LLN0$Status","1234","5678",""
"9089","57.690229067","ipcas_21:73:33","143","0","1058","LIED12CTRL/LLN0$Status","1234","5678",""
"9090","57.692780376","ipcas_21:73:33","143","0","1059","LIED12CTRL/LLN0$Status","1234","5678",""
"9091","57.695278690","ipcas_21:73:33","143","0","1060","LIED12CTRL/LLN0$Status","1234","5678",""
"9092","57.697915928","ipcas_21:73:33","143","0","1061","LIED12CTRL/LLN0$Status","1234","5678",""
"9093","57.700340586","ipcas_21:73:33","143","0","1062","LIED12CTRL/LLN0$Status","1234","5678",""
"9094","57.702884747","ipcas_21:73:33","143","0","1063","LIED12CTRL/LLN0$Status","1234","5678",""
"9095","57.705291150","ipcas_21:73:33","143","0","1064","LIED12CTRL/LLN0$Status","1234","5678",""
"9096","57.707757793","ipcas_21:73:33","143","0","1065","LIED12CTRL/LLN0$Status","1234","5678",""
"9097","57.710288399","ipcas_21:73:33","143","0","1066","LIED12CTRL/LLN0$Status","1234","5678",""
"9098","57.712739615","ipcas_21:73:33","143","0","1067","LIED12CTRL/LLN0$Status","1234","5678",""
"9099","57.715272702","ipcas_21:73:33","143","0","1068","LIED12CTRL/LLN0$Status","1234","5678",""
"9100","57.717742727","ipcas_21:73:33","143","0","1069","LIED12CTRL/LLN0$Status","1234","5678",""
"9101","57.720279401","ipcas_21:73:33","143","0","1070","LIED12CTRL/LLN0$Status","1234","5678",""
"9102","57.722830458","ipcas_21:73:33","143","0","1071","LIED12CTRL/LLN0$Status","1234","5678",""
"9104","57.725348665","ipcas_21:73:33","143","0","1072","LIED12CTRL/LLN0$Status","1234","5678",""
"9105","57.727814364","ipcas_21:73:33","143","0","1073","LIED12CTRL/LLN0$Status","1234","5678",""
"9106","57.730400214","ipcas_21:73:33","143","0","1074","LIED12CTRL/LLN0$Status","1234","5678",""
"9107","57.732888919","ipcas_21:73:33","143","0","1075","LIED12CTRL/LLN0$Status","1234","5678",""
"9108","57.735346696","ipcas_21:73:33","143","0","1076","LIED12CTRL/LLN0$Status","1234","5678",""
"9109","57.737828859","ipcas_21:73:33","143","0","1077","LIED12CTRL/LLN0$Status","1234","5678",""
"9110","57.740490592","ipcas_21:73:33","143","0","1078","LIED12CTRL/LLN0$Status","1234","5678",""
"9111","57.742892399","ipcas_21:73:33","143","0","1079","LIED12CTRL/LLN0$Status","1234","5678",""
"9112","57.745384062","ipcas_21:73:33","143","0","1080","LIED12CTRL/LLN0$Status","1234","5678",""
"9113","57.747755763","ipcas_21:73:33","143","0","1081","LIED12CTRL/LLN0$Status","1234","5678",""
"9114","57.750389732","ipcas_21:73:33","143","0","1082","LIED12CTRL/LLN0$Status","1234","5678",""
"9115","57.752776277","ipcas_21:73:33","143","0","1083","LIED12CTRL/LLN0$Status","1234","5678",""
"9116","57.755386684","ipcas_21:73:33","143","0","1084","LIED12CTRL/LLN0$Status","1234","5678",""
"9117","57.757845964","ipcas_21:73:33","143","0","1085","LIED12CTRL/LLN0$Status","1234","5678",""
"9118","57.760327726","ipcas_21:73:33","143","0","1086","LIED12CTRL/LLN0$Status","1234","5678",""
"9119","57.762836308","ipcas_21:73:33","143","0","1087","LIED12CTRL/LLN0$Status","1234","5678",""
"9120","57.765335511","ipcas_21:73:33","143","0","1088","LIED12CTRL/LLN0$Status","1234","5678",""
"9121","57.767820665","ipcas_21:73:33","143","0","1089","LIED12CTRL/LLN0$Status","1234","5678",""
"9122","57.770258724","ipcas_21:73:33","143","0","1090","LIED12CTRL/LLN0$Status","1234","5678",""
"9123","57.772908244","ipcas_21:73:33","143","0","1091","LIED12CTRL/LLN0$Status","1234","5678",""
"9124","57.775351504","ipcas_21:73:33","143","0","1092","LIED12CTRL/LLN0$Status","1234","5678",""
"9125","57.777933655","ipcas_21:73:33","143","0","1093","LIED12CTRL/LLN0$Status","1234","5678",""
"9126","57.780368850","ipcas_21:73:33","143","0","1094","LIED12CTRL/LLN0$Status","1234","5678",""
"9127","57.782909443","ipcas_21:73:33","143","0","1095","LIED12CTRL/LLN0$Status","1234","5678",""
"9128","57.785408442","ipcas_21:73:33","143","0","1096","LIED12CTRL/LLN0$Status","1234","5678",""
"9129","57.787755041","ipcas_21:73:33","143","0","1097","LIED12CTRL/LLN0$Status","1234","5678",""
"9130","57.790395311","ipcas_21:73:33","143","0","1098","LIED12CTRL/LLN0$Status","1234","5678",""
"9131","57.792908700","ipcas_21:73:33","143","0","1099","LIED12CTRL/LLN0$Status","1234","5678",""
"9132","57.795354636","ipcas_21:73:33","143","0","1100","LIED12CTRL/LLN0$Status","1234","5678",""
"9133","57.797786460","ipcas_21:73:33","143","0","1101","LIED12CTRL/LLN0$Status","1234","5678",""
"9134","57.800417163","ipcas_21:73:33","143","0","1102","LIED12CTRL/LLN0$Status","1234","5678",""
"9135","57.802865559","ipcas_21:73:33","143","0","1103","LIED12CTRL/LLN0$Status","1234","5678",""
"9136","57.805386105","ipcas_21:73:33","143","0","1104","LIED12CTRL/LLN0$Status","1234","5678",""
"9137","57.807870260","ipcas_21:73:33","143","0","1105","LIED12CTRL/LLN0$Status","1234","5678",""
"9138","57.810282943","ipcas_21:73:33","143","0","1106","LIED12CTRL/LLN0$Status","1234","5678",""
"9139","57.812847633","ipcas_21:73:33","143","0","1107","LIED12CTRL/LLN0$Status","1234","5678",""
"9140","57.815329891","ipcas_21:73:33","143","0","1108","LIED12CTRL/LLN0$Status","1234","5678",""
"9141","57.817811578","ipcas_21:73:33","143","0","1109","LIED12CTRL/LLN0$Status","1234","5678",""
"9142","57.820395649","ipcas_21:73:33","143","0","1110","LIED12CTRL/LLN0$Status","1234","5678",""
"9143","57.822780780","ipcas_21:73:33","143","0","1111","LIED12CTRL/LLN0$Status","1234","5678",""
"9144","57.825364727","ipcas_21:73:33","143","0","1112","LIED12CTRL/LLN0$Status","1234","5678",""
"9145","57.827957784","ipcas_21:73:33","143","0","1113","LIED12CTRL/LLN0$Status","1234","5678",""
"9146","57.830327394","ipcas_21:73:33","143","0","1114","LIED12CTRL/LLN0$Status","1234","5678",""
"9147","57.832821655","ipcas_21:73:33","143","0","1115","LIED12CTRL/LLN0$Status","1234","5678",""
"9148","57.835312806","ipcas_21:73:33","143","0","1116","LIED12CTRL/LLN0$Status","1234","5678",""
"9149","57.837792456","ipcas_21:73:33","143","0","1117","LIED12CTRL/LLN0$Status","1234","5678",""
"9150","57.840398146","ipcas_21:73:33","143","0","1118","LIED12CTRL/LLN0$Status","1234","5678",""
"9151","57.842921118","ipcas_21:73:33","143","0","1119","LIED12CTRL/LLN0$Status","1234","5678",""
"9152","57.846655453","ipcas_21:73:33","143","0","1120","LIED12CTRL/LLN0$Status","1234","5678",""
"9153","57.849091046","ipcas_21:73:33","143","0","1121","LIED12CTRL/LLN0$Status","1234","5678",""
"9154","57.851629035","ipcas_21:73:33","143","0","1122","LIED12CTRL/LLN0$Status","1234","5678",""
"9155","57.854164814","ipcas_21:73:33","143","0","1123","LIED12CTRL/LLN0$Status","1234","5678",""
"9156","57.856534331","ipcas_21:73:33","143","0","1124","LIED12CTRL/LLN0$Status","1234","5678",""
"9157","57.859066171","ipcas_21:73:33","143","0","1125","LIED12CTRL/LLN0$Status","1234","5678",""
"9158","57.861555784","ipcas_21:73:33","143","0","1126","LIED12CTRL/LLN0$Status","1234","5678",""
"9159","57.864134237","ipcas_21:73:33","143","0","1127","LIED12CTRL/LLN0$Status","1234","5678",""
"9160","57.866657248","ipcas_21:73:33","143","0","1128","LIED12CTRL/LLN0$Status","1234","5678",""
"9161","57.869236044","ipcas_21:73:33","143","0","1129","LIED12CTRL/LLN0$Status","1234","5678",""
"9162","57.871627380","ipcas_21:73:33","143","0","1130","LIED12CTRL/LLN0$Status","1234","5678",""
"9163","57.874156443","ipcas_21:73:33","143","0","1131","LIED12CTRL/LLN0$Status","1234","5678",""
"9164","57.876520023","ipcas_21:73:33","143","0","1132","LIED12CTRL/LLN0$Status","1234","5678",""
"9165","57.879044831","ipcas_21:73:33","143","0","1133","LIED12CTRL/LLN0$Status","1234","5678",""
"9166","57.881104954","ipcas_21:73:33","149","1","53","LIED10CTRL/LLN0$Status","1","1","0"
"9167","57.881261170","ipcas_21:73:33","146","1","53","LIED10PROT/LLN0$Alarm","1","",""
"9168","57.881372064","ipcas_21:73:33","203","1","53","LIED10MEAS/LLN0$Measurement","308","311","314"
"9169","57.881590270","ipcas_21:73:33","143","0","1134","LIED12CTRL/LLN0$Status","1234","5678",""
"9173","57.884126850","ipcas_21:73:33","143","0","1135","LIED12CTRL/LLN0$Status","1234","5678",""
"9174","57.886640508","ipcas_21:73:33","143","0","1136","LIED12CTRL/LLN0$Status","1234","5678",""
"9175","57.889133611","ipcas_21:73:33","143","0","1137","LIED12CTRL/LLN0$Status","1234","5678",""
"9176","57.891623499","ipcas_21:73:33","143","0","1138","LIED12CTRL/LLN0$Status","1234","5678",""
"9177","57.894071138","ipcas_21:73:33","143","0","1139","LIED12CTRL/LLN0$Status","1234","5678",""
"9178","57.896689973","ipcas_21:73:33","143","0","1140","LIED12CTRL/LLN0$Status","1234","5678",""
"9179","57.899068591","ipcas_21:73:33","143","0","1141","LIED12CTRL/LLN0$Status","1234","5678",""
"9183","57.901557579","ipcas_21:73:33","143","0","1142","LIED12CTRL/LLN0$Status","1234","5678",""
"9184","57.904017000","ipcas_21:73:33","143","0","1143","LIED12CTRL/LLN0$Status","1234","5678",""
"9185","57.906511706","ipcas_21:73:33","143","0","1144","LIED12CTRL/LLN0$Status","1234","5678",""
"9186","57.909026954","ipcas_21:73:33","143","0","1145","LIED12CTRL/LLN0$Status","1234","5678",""
"9187","57.911510355","ipcas_21:73:33","143","0","1146","LIED12CTRL/LLN0$Status","1234","5678",""
"9188","57.914166135","ipcas_21:73:33","143","0","1147","LIED12CTRL/LLN0$Status","1234","5678",""
"9192","57.916500558","ipcas_21:73:33","143","0","1148","LIED12CTRL/LLN0$Status","1234","5678",""
"9193","57.919212677","ipcas_21:73:33","143","0","1149","LIED12CTRL/LLN0$Status","1234","5678",""
"9197","57.921514757","ipcas_21:73:33","143","0","1150","LIED12CTRL/LLN0$Status","1234","5678",""
"9198","57.924081040","ipcas_21:73:33","143","0","1151","LIED12CTRL/LLN0$Status","1234","5678",""
"9203","57.926533963","ipcas_21:73:33","143","0","1152","LIED12CTRL/LLN0$Status","1234","5678",""
"9206","57.929172199","ipcas_21:73:33","143","0","1153","LIED12CTRL/LLN0$Status","1234","5678",""
"9207","57.931609871","ipcas_21:73:33","143","0","1154","LIED12CTRL/LLN0$Status","1234","5678",""
"9211","57.934068335","ipcas_21:73:33","143","0","1155","LIED12CTRL/LLN0$Status","1234","5678",""
"9215","57.936666974","ipcas_21:73:33","143","0","1156","LIED12CTRL/LLN0$Status","1234","5678",""
"9219","57.940339183","ipcas_21:73:33","143","0","1157","LIED12CTRL/LLN0$Status","1234","5678",""
"9220","57.943201525","ipcas_21:73:33","143","0","1158","LIED12CTRL/LLN0$Status","1234","5678",""
"9221","57.945418240","ipcas_21:73:33","143","0","1159","LIED12CTRL/LLN0$Status","1234","5678",""
"9222","57.947919258","ipcas_21:73:33","143","0","1160","LIED12CTRL/LLN0$Status","1234","5678",""
"9223","57.950416269","ipcas_21:73:33","143","0","1161","LIED12CTRL/LLN0$Status","1234","5678",""
"9224","57.952904708","ipcas_21:73:33","143","0","1162","LIED12CTRL/LLN0$Status","1234","5678",""
"9225","57.955395946","ipcas_21:73:33","143","0","1163","LIED12CTRL/LLN0$Status","1234","5678",""
"9226","57.957917992","ipcas_21:73:33","143","0","1164","LIED12CTRL/LLN0$Status","1234","5678",""
"9227","57.960377003","ipcas_21:73:33","143","0","1165","LIED12CTRL/LLN0$Status","1234","5678",""
"9228","57.962916132","ipcas_21:73:33","143","0","1166","LIED12CTRL/LLN0$Status","1234","5678",""
"9229","57.965509525","ipcas_21:73:33","143","0","1167","LIED12CTRL/LLN0$Status","1234","5678",""
"9230","57.967885934","ipcas_21:73:33","143","0","1168","LIED12CTRL/LLN0$Status","1234","5678",""
"9231","57.970356753","ipcas_21:73:33","143","0","1169","LIED12CTRL/LLN0$Status","1234","5678",""
"9232","57.973255413","ipcas_21:73:33","143","0","1170","LIED12CTRL/LLN0$Status","1234","5678",""
"9233","57.976637145","ipcas_21:73:33","143","0","1171","LIED12CTRL/LLN0$Status","1234","5678",""
"9234","57.979196026","ipcas_21:73:33","143","0","1172","LIED12CTRL/LLN0$Status","1234","5678",""
"9235","57.981594575","ipcas_21:73:33","143","0","1173","LIED12CTRL/LLN0$Status","1234","5678",""
"9236","57.984141431","ipcas_21:73:33","143","0","1174","LIED12CTRL/LLN0$Status","1234","5678",""
"9237","57.986579856","ipcas_21:73:33","143","0","1175","LIED12CTRL/LLN0$Status","1234","5678",""
"9238","57.989249040","ipcas_21:73:33","143","0","1176","LIED12CTRL/LLN0$Status","1234","5678",""
"9239","57.991627929","ipcas_21:73:33","143","0","1177","LIED12CTRL/LLN0$Status","1234","5678",""
"9240","57.994196638","ipcas_21:73:33","143","0","1178","LIED12CTRL/LLN0$Status","1234","5678",""
"9241","57.996672246","ipcas_21:73:33","143","0","1179","LIED12CTRL/LLN0$Status","1234","5678",""
"9242","57.999171808","ipcas_21:73:33","143","0","1180","LIED12CTRL/LLN0$Status","1234","5678",""
"9243","58.001670649","ipcas_21:73:33","143","0","1181","LIED12CTRL/LLN0$Status","1234","5678",""
"9244","58.004115684","ipcas_21:73:33","143","0","1182","LIED12CTRL/LLN0$Status","1234","5678",""
"9245","58.006840107","ipcas_21:73:33","143","0","1183","LIED12CTRL/LLN0$Status","1234","5678",""
"9246","58.009303043","ipcas_21:73:33","143","0","1184","LIED12CTRL/LLN0$Status","1234","5678",""
"9247","58.011679454","ipcas_21:73:33","143","0","1185","LIED12CTRL/LLN0$Status","1234","5678",""
"9248","58.014203513","ipcas_21:73:33","143","0","1186","LIED12CTRL/LLN0$Status","1234","5678",""
"9249","58.016695292","ipcas_21:73:33","143","0","1187","LIED12CTRL/LLN0$Status","1234","5678",""
"9250","58.019165641","ipcas_21:73:33","143","0","1188","LIED12CTRL/LLN0$Status","1234","5678",""
"9251","58.023620596","ipcas_21:73:33","143","0","1189","LIED12CTRL/LLN0$Status","1234","5678",""
"9252","58.024173396","ipcas_21:73:33","143","0","1190","LIED12CTRL/LLN0$Status","1234","5678",""
"9253","58.026934573","ipcas_21:73:33","143","0","1191","LIED12CTRL/LLN0$Status","1234","5678",""
"9254","58.029445686","ipcas_21:73:33","143","0","1192","LIED12CTRL/LLN0$Status","1234","5678",""
"9255","58.031697238","ipcas_21:73:33","143","0","1193","LIED12CTRL/LLN0$Status","1234","5678",""
"9256","58.035456888","ipcas_21:73:33","143","0","1194","LIED12CTRL/LLN0$Status","1234","5678",""
"9257","58.038313049","ipcas_21:73:33","143","0","1195","LIED12CTRL/LLN0$Status","1234","5678",""
"9258","58.040424481","ipcas_21:73:33","143","0","1196","LIED12CTRL/LLN0$Status","1234","5678",""
"9259","58.042931209","ipcas_21:73:33","143","0","1197","LIED12CTRL/LLN0$Status","1234","5678",""
"9260","58.045430722","ipcas_21:73:33","143","0","1198","LIED12CTRL/LLN0$Status","1234","5678",""
"9261","58.047910293","ipcas_21:73:33","143","0","1199","LIED12CTRL/LLN0$Status","1234","5678",""
"9262","58.050453775","ipcas_21:73:33","143","0","1200","LIED12CTRL/LLN0$Status","1234","5678",""
"9263","58.054266218","ipcas_21:73:33","143","0","1201","LIED12CTRL/LLN0$Status","1234","5678",""
"9264","58.056764563","ipcas_21:73:33","143","0","1202","LIED12CTRL/LLN0$Status","1234","5678",""
"9265","58.059265052","ipcas_21:73:33","143","0","1203","LIED12CTRL/LLN0$Status","1234","5678",""
"9266","58.061697123","ipcas_21:73:33","143","0","1204","LIED12CTRL/LLN0$Status","1234","5678",""
"9267","58.064196747","ipcas_21:73:33","143","0","1205","LIED12CTRL/LLN0$Status","1234","5678",""
"9268","58.066829488","ipcas_21:73:33","143","0","1206","LIED12CTRL/LLN0$Status","1234","5678",""
"9269","58.069448429","ipcas_21:73:33","143","0","1207","LIED12CTRL/LLN0$Status","1234","5678",""
"9270","58.071810990","ipcas_21:73:33","143","0","1208","LIED12CTRL/LLN0$Status","1234","5678",""
"9271","58.074409342","ipcas_21:73:33","143","0","1209","LIED12CTRL/LLN0$Status","1234","5678",""
"9272","58.076696090","ipcas_21:73:33","143","0","1210","LIED12CTRL/LLN0$Status","1234","5678",""
"9273","58.079220595","ipcas_21:73:33","143","0","1211","LIED12CTRL/LLN0$Status","1234","5678",""
"9274","58.081688686","ipcas_21:73:33","143","0","1212","LIED12CTRL/LLN0$Status","1234","5678",""
"9275","58.084195663","ipcas_21:73:33","143","0","1213","LIED12CTRL/LLN0$Status","1234","5678",""
"9276","58.086696236","ipcas_21:73:33","143","0","1214","LIED12CTRL/LLN0$Status","1234","5678",""
"9277","58.089482758","ipcas_21:73:33","143","0","1215","LIED12CTRL/LLN0$Status","1234","5678",""
"9278","58.091698270","ipcas_21:73:33","143","0","1216","LIED12CTRL/LLN0$Status","1234","5678",""
"9279","58.094184874","ipcas_21:73:33","143","0","1217","LIED12CTRL/LLN0$Status","1234","5678",""
"9280","58.096715242","ipcas_21:73:33","143","0","1218","LIED12CTRL/LLN0$Status","1234","5678",""
"9281","58.099599546","ipcas_21:73:33","143","0","1219","LIED12CTRL/LLN0$Status","1234","5678",""
"9282","58.102322421","ipcas_21:73:33","143","0","1220","LIED12CTRL/LLN0$Status","1234","5678",""
"9283","58.104191552","ipcas_21:73:33","143","0","1221","LIED12CTRL/LLN0$Status","1234","5678",""
"9284","58.106695205","ipcas_21:73:33","143","0","1222","LIED12CTRL/LLN0$Status","1234","5678",""
"9285","58.109266985","ipcas_21:73:33","143","0","1223","LIED12CTRL/LLN0$Status","1234","5678",""
"9286","58.111728938","ipcas_21:73:33","143","0","1224","LIED12CTRL/LLN0$Status","1234","5678",""
"9287","58.114526396","ipcas_21:73:33","143","0","1225","LIED12CTRL/LLN0$Status","1234","5678",""
"9288","58.116696123","ipcas_21:73:33","143","0","1226","LIED12CTRL/LLN0$Status","1234","5678",""
"9289","58.119201700","ipcas_21:73:33","143","0","1227","LIED12CTRL/LLN0$Status","1234","5678",""
"9290","58.121812716","ipcas_21:73:33","143","0","1228","LIED12CTRL/LLN0$Status","1234","5678",""
"9291","58.124195903","ipcas_21:73:33","143","0","1229","LIED12CTRL/LLN0$Status","1234","5678",""
"9292","58.126700175","ipcas_21:73:33","143","0","1230","LIED12CTRL/LLN0$Status","1234","5678",""
"9293","58.129222809","ipcas_21:73:33","143","0","1231","LIED12CTRL/LLN0$Status","1234","5678",""
"9294","58.131701375","ipcas_21:73:33","143","0","1232","LIED12CTRL/LLN0$Status","1234","5678",""
"9295","58.134196040","ipcas_21:73:33","143","0","1233","LIED12CTRL/LLN0$Status","1234","5678",""
"9296","58.136697291","ipcas_21:73:33","143","0","1234","LIED12CTRL/LLN0$Status","1234","5678",""
"9297","58.139399912","ipcas_21:73:33","143","0","1235","LIED12CTRL/LLN0$Status","1234","5678",""
"9298","58.141857067","ipcas_21:73:33","143","0","1236","LIED12CTRL/LLN0$Status","1234","5678",""
"9299","58.169667246","ipcas_21:73:33","143","0","1237","LIED12CTRL/LLN0$Status","1234","5678",""
"9300","58.169670546","ipcas_21:73:33","143","0","1238","LIED12CTRL/LLN0$Status","1234","5678",""
"9301","58.169671125","ipcas_21:73:33","143","0","1239","LIED12CTRL/LLN0$Status","1234","5678",""
"9302","58.169671687","ipcas_21:73:33","143","0","1240","LIED12CTRL/LLN0$Status","1234","5678",""
"9303","58.169672097","ipcas_21:73:33","143","0","1241","LIED12CTRL/LLN0$Status","1234","5678",""
"9304","58.169672597","ipcas_21:73:33","143","0","1242","LIED12CTRL/LLN0$Status","1234","5678",""
"9305","58.169673332","ipcas_21:73:33","143","0","1243","LIED12CTRL/LLN0$Status","1234","5678",""
"9306","58.169673709","ipcas_21:73:33","143","0","1244","LIED12CTRL/LLN0$Status","1234","5678",""
"9307","58.169674271","ipcas_21:73:33","143","0","1245","LIED12CTRL/LLN0$Status","1234","5678",""
"9308","58.169674592","ipcas_21:73:33","143","0","1246","LIED12CTRL/LLN0$Status","1234","5678",""
"9309","58.169675028","ipcas_21:73:33","143","0","1247","LIED12CTRL/LLN0$Status","1234","5678",""
"9310","58.171811147","ipcas_21:73:33","143","0","1248","LIED12CTRL/LLN0$Status","1234","5678",""
"9311","58.174033634","ipcas_21:73:33","143","0","1249","LIED12CTRL/LLN0$Status","1234","5678",""
"9312","58.176538874","ipcas_21:73:33","143","0","1250","LIED12CTRL/LLN0$Status","1234","5678",""
"9313","58.179088646","ipcas_21:73:33","143","0","1251","LIED12CTRL/LLN0$Status","1234","5678",""
"9314","58.181599075","ipcas_21:73:33","143","0","1252","LIED12CTRL/LLN0$Status","1234","5678",""
"9315","58.184138083","ipcas_21:73:33","143","0","1253","LIED12CTRL/LLN0$Status","1234","5678",""
"9316","58.186619985","ipcas_21:73:33","143","0","1254","LIED12CTRL/LLN0$Status","1234","5678",""
"9317","58.189033892","ipcas_21:73:33","143","0","1255","LIED12CTRL/LLN0$Status","1234","5678",""
"9318","58.191543628","ipcas_21:73:33","143","0","1256","LIED12CTRL/LLN0$Status","1234","5678",""
"9319","58.194035390","ipcas_21:73:33","143","0","1257","LIED12CTRL/LLN0$Status","1234","5678",""
"9320","58.196647526","ipcas_21:73:33","143","0","1258","LIED12CTRL/LLN0$Status","1234","5678",""
"9321","58.199140663","ipcas_21:73:33","143","0","1259","LIED12CTRL/LLN0$Status","1234","5678",""
"9322","58.201843234","ipcas_21:73:33","143","0","1260","LIED12CTRL/LLN0$Status","1234","5678",""
"9323","58.204148402","ipcas_21:73:33","143","0","1261","LIED12CTRL/LLN0$Status","1234","5678",""
"9324","58.206544925","ipcas_21:73:33","143","0","1262","LIED12CTRL/LLN0$Status","1234","5678",""
"9325","58.209031066","ipcas_21:73:33","143","0","1263","LIED12CTRL/LLN0$Status","1234","5678",""
"9326","58.211575354","ipcas_21:73:33","143","0","1264","LIED12CTRL/LLN0$Status","1234","5678",""
"9327","58.214088434","ipcas_21:73:33","143","0","1265","LIED12CTRL/LLN0$Status","1234","5678",""
"9328","58.216519784","ipcas_21:73:33","143","0","1266","LIED12CTRL/LLN0$Status","1234","5678",""
"9329","58.219022309","ipcas_21:73:33","143","0","1267","LIED12CTRL/LLN0$Status","1234","5678",""
"9330","58.221670528","ipcas_21:73:33","143","0","1268","LIED12CTRL/LLN0$Status","1234","5678",""
"9331","58.224143045","ipcas_21:73:33","143","0","1269","LIED12CTRL/LLN0$Status","1234","5678",""
"9332","58.226573258","ipcas_21:73:33","143","0","1270","LIED12CTRL/LLN0$Status","1234","5678",""
"9333","58.229080679","ipcas_21:73:33","143","0","1271","LIED12CTRL/LLN0$Status","1234","5678",""
"9334","58.231541449","ipcas_21:73:33","143","0","1272","LIED12CTRL/LLN0$Status","1234","5678",""
"9335","58.234138835","ipcas_21:73:33","143","0","1273","LIED12CTRL/LLN0$Status","1234","5678",""
"9336","58.236646872","ipcas_21:73:33","143","0","1274","LIED12CTRL/LLN0$Status","1234","5678",""
"9337","58.239202722","ipcas_21:73:33","143","0","1275","LIED12CTRL/LLN0$Status","1234","5678",""
"9338","58.241593407","ipcas_21:73:33","143","0","1276","LIED12CTRL/LLN0$Status","1234","5678",""
"9339","58.244108201","ipcas_21:73:33","143","0","1277","LIED12CTRL/LLN0$Status","1234","5678",""
"9340","58.246614573","ipcas_21:73:33","143","0","1278","LIED12CTRL/LLN0$Status","1234","5678",""
"9341","58.249078097","ipcas_21:73:33","143","0","1279","LIED12CTRL/LLN0$Status","1234","5678",""
"9342","58.251579887","ipcas_21:73:33","143","0","1280","LIED12CTRL/LLN0$Status","1234","5678",""
"9343","58.254220448","ipcas_21:73:33","143","0","1281","LIED12CTRL/LLN0$Status","1234","5678",""
"9344","58.256582177","ipcas_21:73:33","143","0","1282","LIED12CTRL/LLN0$Status","1234","5678",""
"9345","58.259191550","ipcas_21:73:33","143","0","1283","LIED12CTRL/LLN0$Status","1234","5678",""
"9346","58.261669844","ipcas_21:73:33","143","0","1284","LIED12CTRL/LLN0$Status","1234","5678",""
"9347","58.264168791","ipcas_21:73:33","143","0","1285","LIED12CTRL/LLN0$Status","1234","5678",""
"9348","58.266691529","ipcas_21:73:33","143","0","1286","LIED12CTRL/LLN0$Status","1234","5678",""
"9349","58.269227986","ipcas_21:73:33","143","0","1287","LIED12CTRL/LLN0$Status","1234","5678",""
"9350","58.271692783","ipcas_21:73:33","143","0","1288","LIED12CTRL/LLN0$Status","1234","5678",""
"9351","58.274219789","ipcas_21:73:33","143","0","1289","LIED12CTRL/LLN0$Status","1234","5678",""
"9352","58.276671488","ipcas_21:73:33","143","0","1290","LIED12CTRL/LLN0$Status","1234","5678",""
"9353","58.279176965","ipcas_21:73:33","143","0","1291","LIED12CTRL/LLN0$Status","1234","5678",""
"9354","58.281715608","ipcas_21:73:33","143","0","1292","LIED12CTRL/LLN0$Status","1234","5678",""
"9355","58.284238198","ipcas_21:73:33","143","0","1293","LIED12CTRL/LLN0$Status","1234","5678",""
"9356","58.286729760","ipcas_21:73:33","143","0","1294","LIED12CTRL/LLN0$Status","1234","5678",""
"9357","58.289196371","ipcas_21:73:33","143","0","1295","LIED12CTRL/LLN0$Status","1234","5678",""
"9358","58.291724164","ipcas_21:73:33","143","0","1296","LIED12CTRL/LLN0$Status","1234","5678",""
"9359","58.294221155","ipcas_21:73:33","143","0","1297","LIED12CTRL/LLN0$Status","1234","5678",""
"9360","58.296721895","ipcas_21:73:33","143","0","1298","LIED12CTRL/LLN0$Status","1234","5678",""
"9361","58.299223734","ipcas_21:73:33","143","0","1299","LIED12CTRL/LLN0$Status","1234","5678",""
"9362","58.302374220","ipcas_21:73:33","143","0","1300","LIED12CTRL/LLN0$Status","1234","5678",""
"9363","58.304149032","ipcas_21:73:33","143","0","1301","LIED12CTRL/LLN0$Status","1234","5678",""
"9364","58.306564436","ipcas_21:73:33","143","0","1302","LIED12CTRL/LLN0$Status","1234","5678",""
"9365","58.309085314","ipcas_21:73:33","143","0","1303","LIED12CTRL/LLN0$Status","1234","5678",""
"9366","58.311603875","ipcas_21:73:33","143","0","1304","LIED12CTRL/LLN0$Status","1234","5678",""
"9367","58.314129381","ipcas_21:73:33","143","0","1305","LIED12CTRL/LLN0$Status","1234","5678",""
"9368","58.316554266","ipcas_21:73:33","143","0","1306","LIED12CTRL/LLN0$Status","1234","5678",""
"9369","58.319121595","ipcas_21:73:33","143","0","1307","LIED12CTRL/LLN0$Status","1234","5678",""
"9370","58.321652978","ipcas_21:73:33","143","0","1308","LIED12CTRL/LLN0$Status","1234","5678",""
"9371","58.324185642","ipcas_21:73:33","143","0","1309","LIED12CTRL/LLN0$Status","1234","5678",""
"9372","58.326707699","ipcas_21:73:33","143","0","1310","LIED12CTRL/LLN0$Status","1234","5678",""
"9373","58.329170220","ipcas_21:73:33","143","0","1311","LIED12CTRL/LLN0$Status","1234","5678",""
"9374","58.331553169","ipcas_21:73:33","143","0","1312","LIED12CTRL/LLN0$Status","1234","5678",""
"9375","58.334108282","ipcas_21:73:33","143","0","1313","LIED12CTRL/LLN0$Status","1234","5678",""
"9376","58.336745472","ipcas_21:73:33","143","0","1314","LIED12CTRL/LLN0$Status","1234","5678",""
"9377","58.339219759","ipcas_21:73:33","143","0","1315","LIED12CTRL/LLN0$Status","1234","5678",""
"9378","58.341630204","ipcas_21:73:33","143","0","1316","LIED12CTRL/LLN0$Status","1234","5678",""
"9379","58.344230571","ipcas_21:73:33","143","0","1317","LIED12CTRL/LLN0$Status","1234","5678",""
"9380","58.346723809","ipcas_21:73:33","143","0","1318","LIED12CTRL/LLN0$Status","1234","5678",""
"9381","58.349308608","ipcas_21:73:33","143","0","1319","LIED12CTRL/LLN0$Status","1234","5678",""
"9382","58.351740318","ipcas_21:73:33","143","0","1320","LIED12CTRL/LLN0$Status","1234","5678",""
"9383","58.354247139","ipcas_21:73:33","143","0","1321","LIED12CTRL/LLN0$Status","1234","5678",""
"9384","58.356741584","ipcas_21:73:33","143","0","1322","LIED12CTRL/LLN0$Status","1234","5678",""
"9385","58.359245514","ipcas_21:73:33","143","0","1323","LIED12CTRL/LLN0$Status","1234","5678",""
"9386","58.361742195","ipcas_21:73:33","143","0","1324","LIED12CTRL/LLN0$Status","1234","5678",""
"9387","58.364242333","ipcas_21:73:33","143","0","1325","LIED12CTRL/LLN0$Status","1234","5678",""
"9388","58.366697434","ipcas_21:73:33","143","0","1326","LIED12CTRL/LLN0$Status","1234","5678",""
"9390","58.369188392","ipcas_21:73:33","143","0","1327","LIED12CTRL/LLN0$Status","1234","5678",""
"9391","58.371710856","ipcas_21:73:33","143","0","1328","LIED12CTRL/LLN0$Status","1234","5678",""
"9392","58.374285342","ipcas_21:73:33","143","0","1329","LIED12CTRL/LLN0$Status","1234","5678",""
"9393","58.376785797","ipcas_21:73:33","143","0","1330","LIED12CTRL/LLN0$Status","1234","5678",""
"9394","58.379076675","ipcas_21:73:33","143","0","1331","LIED12CTRL/LLN0$Status","1234","5678",""
"9395","58.381991361","ipcas_21:73:33","143","0","1332","LIED12CTRL/LLN0$Status","1234","5678",""
"9396","58.385429136","ipcas_21:73:33","143","0","1333","LIED12CTRL/LLN0$Status","1234","5678",""
"9397","58.389088352","ipcas_21:73:33","143","0","1334","LIED12CTRL/LLN0$Status","1234","5678",""
"9398","58.391586596","ipcas_21:73:33","143","0","1335","LIED12CTRL/LLN0$Status","1234","5678",""
"9399","58.394119422","ipcas_21:73:33","143","0","1336","LIED12CTRL/LLN0$Status","1234","5678",""
"9400","58.396545285","ipcas_21:73:33","143","0","1337","LIED12CTRL/LLN0$Status","1234","5678",""
"9401","58.399128078","ipcas_21:73:33","143","0","1338","LIED12CTRL/LLN0$Status","1234","5678",""
"9402","58.402230752","ipcas_21:73:33","143","0","1339","LIED12CTRL/LLN0$Status","1234","5678",""
"9403","58.405373872","ipcas_21:73:33","143","0","1340","LIED12CTRL/LLN0$Status","1234","5678",""
"9404","58.407905391","ipcas_21:73:33","143","0","1341","LIED12CTRL/LLN0$Status","1234","5678",""
"9405","58.410491426","ipcas_21:73:33","143","0","1342","LIED12CTRL/LLN0$Status","1234","5678",""
"9406","58.412997882","ipcas_21:73:33","143","0","1343","LIED12CTRL/LLN0$Status","1234","5678",""
"9407","58.415488862","ipcas_21:73:33","143","0","1344","LIED12CTRL/LLN0$Status","1234","5678",""
"9408","58.417891050","ipcas_21:73:33","143","0","1345","LIED12CTRL/LLN0$Status","1234","5678",""
"9409","58.420349781","ipcas_21:73:33","143","0","1346","LIED12CTRL/LLN0$Status","1234","5678",""
"9410","58.422977730","ipcas_21:73:33","143","0","1347","LIED12CTRL/LLN0$Status","1234","5678",""
"9411","58.425451662","ipcas_21:73:33","143","0","1348","LIED12CTRL/LLN0$Status","1234","5678",""
"9412","58.427954046","ipcas_21:73:33","143","0","1349","LIED12CTRL/LLN0$Status","1234","5678",""
"9413","58.430427774","ipcas_21:73:33","143","0","1350","LIED12CTRL/LLN0$Status","1234","5678",""
"9414","58.432950771","ipcas_21:73:33","143","0","1351","LIED12CTRL/LLN0$Status","1234","5678",""
"9415","58.435439162","ipcas_21:73:33","143","0","1352","LIED12CTRL/LLN0$Status","1234","5678",""
"9416","58.438004185","ipcas_21:73:33","143","0","1353","LIED12CTRL/LLN0$Status","1234","5678",""
"9417","58.440456676","ipcas_21:73:33","143","0","1354","LIED12CTRL/LLN0$Status","1234","5678",""
"9418","58.444201750","ipcas_21:73:33","143","0","1355","LIED12CTRL/LLN0$Status","1234","5678",""
"9421","58.447967345","ipcas_21:73:33","143","0","1356","LIED12CTRL/LLN0$Status","1234","5678",""
"9423","58.450448579","ipcas_21:73:33","143","0","1357","LIED12CTRL/LLN0$Status","1234","5678",""
"9424","58.454225229","ipcas_21:73:33","143","0","1358","LIED12CTRL/LLN0$Status","1234","5678",""
"9425","58.456726806","ipcas_21:73:33","143","0","1359","LIED12CTRL/LLN0$Status","1234","5678",""
"9429","58.459190215","ipcas_21:73:33","143","0","1360","LIED12CTRL/LLN0$Status","1234","5678",""
"9430","58.461716836","ipcas_21:73:33","143","0","1361","LIED12CTRL/LLN0$Status","1234","5678",""
"9431","58.464223597","ipcas_21:73:33","143","0","1362","LIED12CTRL/LLN0$Status","1234","5678",""
"9435","58.466850280","ipcas_21:73:33","143","0","1363","LIED12CTRL/LLN0$Status","1234","5678",""
"9436","58.469251750","ipcas_21:73:33","143","0","1364","LIED12CTRL/LLN0$Status","1234","5678",""
"9437","58.471600718","ipcas_21:73:33","143","0","1365","LIED12CTRL/LLN0$Status","1234","5678",""
"9438","58.474245164","ipcas_21:73:33","143","0","1366","LIED12CTRL/LLN0$Status","1234","5678",""
"9439","58.476629696","ipcas_21:73:33","143","0","1367","LIED12CTRL/LLN0$Status","1234","5678",""
"9442","58.479086313","ipcas_21:73:33","143","0","1368","LIED12CTRL/LLN0$Status","1234","5678",""
"9446","58.481731370","ipcas_21:73:33","143","0","1369","LIED12CTRL/LLN0$Status","1234","5678",""
"9447","58.484059626","ipcas_21:73:33","143","0","1370","LIED12CTRL/LLN0$Status","1234","5678",""
"9451","58.486709343","ipcas_21:73:33","143","0","1371","LIED12CTRL/LLN0$Status","1234","5678",""
"9455","58.489189909","ipcas_21:73:33","143","0","1372","LIED12CTRL/LLN0$Status","1234","5678",""
"9459","58.492002326","ipcas_21:73:33","143","0","1373","LIED12CTRL/LLN0$Status","1234","5678",""
"9462","58.494134243","ipcas_21:73:33","143","0","1374","LIED12CTRL/LLN0$Status","1234","5678",""
"9463","58.496677307","ipcas_21:73:33","143","0","1375","LIED12CTRL/LLN0$Status","1234","5678",""
"9464","58.499175242","ipcas_21:73:33","143","0","1376","LIED12CTRL/LLN0$Status","1234","5678",""
"9465","58.501952160","ipcas_21:73:33","143","0","1377","LIED12CTRL/LLN0$Status","1234","5678",""
"9466","58.505295257","ipcas_21:73:33","143","0","1378","LIED12CTRL/LLN0$Status","1234","5678",""
"9467","58.507759462","ipcas_21:73:33","143","0","1379","LIED12CTRL/LLN0$Status","1234","5678",""
"9468","58.510258660","ipcas_21:73:33","143","0","1380","LIED12CTRL/LLN0$Status","1234","5678",""
"9469","58.512910677","ipcas_21:73:33","143","0","1381","LIED12CTRL/LLN0$Status","1234","5678",""
"9470","58.515281822","ipcas_21:73:33","143","0","1382","LIED12CTRL/LLN0$Status","1234","5678",""
"9471","58.517890291","ipcas_21:73:33","143","0","1383","LIED12CTRL/LLN0$Status","1234","5678",""
"9472","58.520265623","ipcas_21:73:33","143","0","1384","LIED12CTRL/LLN0$Status","1234","5678",""
"9473","58.522890227","ipcas_21:73:33","143","0","1385","LIED12CTRL/LLN0$Status","1234","5678",""
"9474","58.525281677","ipcas_21:73:33","143","0","1386","LIED12CTRL/LLN0$Status","1234","5678",""
"9475","58.528020337","ipcas_21:73:33","143","0","1387","LIED12CTRL/LLN0$Status","1234","5678",""
"9476","58.530455755","ipcas_21:73:33","143","0","1388","LIED12CTRL/LLN0$Status","1234","5678",""
"9477","58.532954964","ipcas_21:73:33","143","0","1389","LIED12CTRL/LLN0$Status","1234","5678",""
"9478","58.535459202","ipcas_21:73:33","143","0","1390","LIED12CTRL/LLN0$Status","1234","5678",""
"9479","58.538329294","ipcas_21:73:33","143","0","1391","LIED12CTRL/LLN0$Status","1234","5678",""
"9480","58.540486954","ipcas_21:73:33","143","0","1392","LIED12CTRL/LLN0$Status","1234","5678",""
"9481","58.542987690","ipcas_21:73:33","143","0","1393","LIED12CTRL/LLN0$Status","1234","5678",""
"9482","58.545781429","ipcas_21:73:33","143","0","1394","LIED12CTRL/LLN0$Status","1234","5678",""
"9483","58.547971365","ipcas_21:73:33","143","0","1395","LIED12CTRL/LLN0$Status","1234","5678",""
"9484","58.550497391","ipcas_21:73:33","143","0","1396","LIED12CTRL/LLN0$Status","1234","5678",""
"9485","58.552994164","ipcas_21:73:33","143","0","1397","LIED12CTRL/LLN0$Status","1234","5678",""
"9486","58.555486765","ipcas_21:73:33","143","0","1398","LIED12CTRL/LLN0$Status","1234","5678",""
"9487","58.557986615","ipcas_21:73:33","143","0","1399","LIED12CTRL/LLN0$Status","1234","5678",""
"9488","58.560557184","ipcas_21:73:33","143","0","1400","LIED12CTRL/LLN0$Status","1234","5678",""
"9489","58.562987871","ipcas_21:73:33","143","0","1401","LIED12CTRL/LLN0$Status","1234","5678",""
"9490","58.565603945","ipcas_21:73:33","143","0","1402","LIED12CTRL/LLN0$Status","1234","5678",""
"9491","58.567985866","ipcas_21:73:33","143","0","1403","LIED12CTRL/LLN0$Status","1234","5678",""
"9492","58.570482904","ipcas_21:73:33","143","0","1404","LIED12CTRL/LLN0$Status","1234","5678",""
"9493","58.573164659","ipcas_21:73:33","143","0","1405","LIED12CTRL/LLN0$Status","1234","5678",""
"9494","58.575616811","ipcas_21:73:33","143","0","1406","LIED12CTRL/LLN0$Status","1234","5678",""
"9495","58.577981492","ipcas_21:73:33","143","0","1407","LIED12CTRL/LLN0$Status","1234","5678",""
"9496","58.580470478","ipcas_21:73:33","143","0","1408","LIED12CTRL/LLN0$Status","1234","5678",""
"9497","58.582984960","ipcas_21:73:33","143","0","1409","LIED12CTRL/LLN0$Status","1234","5678",""
"9498","58.585437141","ipcas_21:73:33","143","0","1410","LIED12CTRL/LLN0$Status","1234","5678",""
"9499","58.587968998","ipcas_21:73:33","143","0","1411","LIED12CTRL/LLN0$Status","1234","5678",""
"9500","58.591700633","ipcas_21:73:33","143","0","1412","LIED12CTRL/LLN0$Status","1234","5678",""
"9501","58.594194513","ipcas_21:73:33","143","0","1413","LIED12CTRL/LLN0$Status","1234","5678",""
"9502","58.596697023","ipcas_21:73:33","143","0","1414","LIED12CTRL/LLN0$Status","1234","5678",""
"9503","58.599190871","ipcas_21:73:33","143","0","1415","LIED12CTRL/LLN0$Status","1234","5678",""
"9504","58.601948215","ipcas_21:73:33","143","0","1416","LIED12CTRL/LLN0$Status","1234","5678",""
"9505","58.605502276","ipcas_21:73:33","143","0","1417","LIED12CTRL/LLN0$Status","1234","5678",""
"9506","58.607947741","ipcas_21:73:33","143","0","1418","LIED12CTRL/LLN0$Status","1234","5678",""
"9507","58.610448114","ipcas_21:73:33","143","0","1419","LIED12CTRL/LLN0$Status","1234","5678",""
"9508","58.613189280","ipcas_21:73:33","143","0","1420","LIED12CTRL/LLN0$Status","1234","5678",""
"9509","58.615696902","ipcas_21:73:33","143","0","1421","LIED12CTRL/LLN0$Status","1234","5678",""
"9510","58.618218815","ipcas_21:73:33","143","0","1422","LIED12CTRL/LLN0$Status","1234","5678",""
"9511","58.620693387","ipcas_21:73:33","143","0","1423","LIED12CTRL/LLN0$Status","1234","5678",""
"9512","58.623191464","ipcas_21:73:33","143","0","1424","LIED12CTRL/LLN0$Status","1234","5678",""
"9513","58.625690935","ipcas_21:73:33","143","0","1425","LIED12CTRL/LLN0$Status","1234","5678",""
"9514","58.627957994","ipcas_21:73:33","143","0","1426","LIED12CTRL/LLN0$Status","1234","5678",""
"9515","58.630449649","ipcas_21:73:33","143","0","1427","LIED12CTRL/LLN0$Status","1234","5678",""
"9516","58.632947737","ipcas_21:73:33","143","0","1428","LIED12CTRL/LLN0$Status","1234","5678",""
"9517","58.635470323","ipcas_21:73:33","143","0","1429","LIED12CTRL/LLN0$Status","1234","5678",""
"9518","58.638010578","ipcas_21:73:33","143","0","1430","LIED12CTRL/LLN0$Status","1234","5678",""
"9519","58.640468268","ipcas_21:73:33","143","0","1431","LIED12CTRL/LLN0$Status","1234","5678",""
"9520","58.642972432","ipcas_21:73:33","143","0","1432","LIED12CTRL/LLN0$Status","1234","5678",""
"9521","58.645466166","ipcas_21:73:33","143","0","1433","LIED12CTRL/LLN0$Status","1234","5678",""
"9522","58.647949676","ipcas_21:73:33","143","0","1434","LIED12CTRL/LLN0$Status","1234","5678",""
"9523","58.650448862","ipcas_21:73:33","143","0","1435","LIED12CTRL/LLN0$Status","1234","5678",""
"9524","58.652949461","ipcas_21:73:33","143","0","1436","LIED12CTRL/LLN0$Status","1234","5678",""
"9525","58.655447535","ipcas_21:73:33","143","0","1437","LIED12CTRL/LLN0$Status","1234","5678",""
"9526","58.658072296","ipcas_21:73:33","143","0","1438","LIED12CTRL/LLN0$Status","1234","5678",""
"9527","58.660584111","ipcas_21:73:33","143","0","1439","LIED12CTRL/LLN0$Status","1234","5678",""
"9528","58.663393904","ipcas_21:73:33","143","0","1440","LIED12CTRL/LLN0$Status","1234","5678",""
"9529","58.666607730","ipcas_21:73:33","143","0","1441","LIED12CTRL/LLN0$Status","1234","5678",""
"9530","58.669173980","ipcas_21:73:33","143","0","1442","LIED12CTRL/LLN0$Status","1234","5678",""
"9531","58.672036871","ipcas_21:73:33","143","0","1443","LIED12CTRL/LLN0$Status","1234","5678",""
"9532","58.674474341","ipcas_21:73:33","143","0","1444","LIED12CTRL/LLN0$Status","1234","5678",""
"9533","58.677927857","ipcas_21:73:33","143","0","1445","LIED12CTRL/LLN0$Status","1234","5678",""
"9534","58.680405182","ipcas_21:73:33","143","0","1446","LIED12CTRL/LLN0$Status","1234","5678",""
"9535","58.682810552","ipcas_21:73:33","143","0","1447","LIED12CTRL/LLN0$Status","1234","5678",""
"9536","58.685481956","ipcas_21:73:33","143","0","1448","LIED12CTRL/LLN0$Status","1234","5678",""
"9537","58.688024306","ipcas_21:73:33","143","0","1449","LIED12CTRL/LLN0$Status","1234","5678",""
"9538","58.690430383","ipcas_21:73:33","143","0","1450","LIED12CTRL/LLN0$Status","1234","5678",""
"9539","58.692959183","ipcas_21:73:33","143","0","1451","LIED12CTRL/LLN0$Status","1234","5678",""
"9540","58.695475725","ipcas_21:73:33","143","0","1452","LIED12CTRL/LLN0$Status","1234","5678",""
"9541","58.697902602","ipcas_21:73:33","143","0","1453","LIED12CTRL/LLN0$Status","1234","5678",""
"9542","58.700341649","ipcas_21:73:33","143","0","1454","LIED12CTRL/LLN0$Status","1234","5678",""
"9543","58.703274308","ipcas_21:73:33","143","0","1455","LIED12CTRL/LLN0$Status","1234","5678",""
"9544","58.706726984","ipcas_21:73:33","143","0","1456","LIED12CTRL/LLN0$Status","1234","5678",""
"9545","58.709208178","ipcas_21:73:33","143","0","1457","LIED12CTRL/LLN0$Status","1234","5678",""
"9546","58.711751574","ipcas_21:73:33","143","0","1458","LIED12CTRL/LLN0$Status","1234","5678",""
"9547","58.714200684","ipcas_21:73:33","143","0","1459","LIED12CTRL/LLN0$Status","1234","5678",""
"9548","58.716699208","ipcas_21:73:33","143","0","1460","LIED12CTRL/LLN0$Status","1234","5678",""
"9549","58.719257681","ipcas_21:73:33","143","0","1461","LIED12CTRL/LLN0$Status","1234","5678",""
"9550","58.721685600","ipcas_21:73:33","143","0","1462","LIED12CTRL/LLN0$Status","1234","5678",""
"9551","58.724173805","ipcas_21:73:33","143","0","1463","LIED12CTRL/LLN0$Status","1234","5678",""
"9552","58.726618258","ipcas_21:73:33","143","0","1464","LIED12CTRL/LLN0$Status","1234","5678",""
"9553","58.729081617","ipcas_21:73:33","143","0","1465","LIED12CTRL/LLN0$Status","1234","5678",""
"9554","58.731596276","ipcas_21:73:33","143","0","1466","LIED12CTRL/LLN0$Status","1234","5678",""
"9555","58.734052721","ipcas_21:73:33","143","0","1467","LIED12CTRL/LLN0$Status","1234","5678",""
"9556","58.736685382","ipcas_21:73:33","143","0","1468","LIED12CTRL/LLN0$Status","1234","5678",""
"9557","58.739189288","ipcas_21:73:33","143","0","1469","LIED12CTRL/LLN0$Status","1234","5678",""
"9558","58.741750372","ipcas_21:73:33","143","0","1470","LIED12CTRL/LLN0$Status","1234","5678",""
"9559","58.744070550","ipcas_21:73:33","143","0","1471","LIED12CTRL/LLN0$Status","1234","5678",""
"9560","58.746728402","ipcas_21:73:33","143","0","1472","LIED12CTRL/LLN0$Status","1234","5678",""
"9561","58.749067002","ipcas_21:73:33","143","0","1473","LIED12CTRL/LLN0$Status","1234","5678",""
"9563","58.752106690","ipcas_21:73:33","143","0","1474","LIED12CTRL/LLN0$Status","1234","5678",""
"9564","58.755566530","ipcas_21:73:33","143","0","1475","LIED12CTRL/LLN0$Status","1234","5678",""
"9565","58.758047176","ipcas_21:73:33","143","0","1476","LIED12CTRL/LLN0$Status","1234","5678",""
"9566","58.760508301","ipcas_21:73:33","143","0","1477","LIED12CTRL/LLN0$Status","1234","5678",""
"9567","58.762961634","ipcas_21:73:33","143","0","1478","LIED12CTRL/LLN0$Status","1234","5678",""
"9568","58.765694014","ipcas_21:73:33","143","0","1479","LIED12CTRL/LLN0$Status","1234","5678",""
"9569","58.769227218","ipcas_21:73:33","143","0","1480","LIED12CTRL/LLN0$Status","1234","5678",""
"9570","58.771763691","ipcas_21:73:33","143","0","1481","LIED12CTRL/LLN0$Status","1234","5678",""
"9571","58.774353057","ipcas_21:73:33","143","0","1482","LIED12CTRL/LLN0$Status","1234","5678",""
"9572","58.776725672","ipcas_21:73:33","143","0","1483","LIED12CTRL/LLN0$Status","1234","5678",""
"9573","58.779230234","ipcas_21:73:33","143","0","1484","LIED12CTRL/LLN0$Status","1234","5678",""
"9574","58.781719320","ipcas_21:73:33","143","0","1485","LIED12CTRL/LLN0$Status","1234","5678",""
"9575","58.784151412","ipcas_21:73:33","143","0","1486","LIED12CTRL/LLN0$Status","1234","5678",""
"9576","58.786675100","ipcas_21:73:33","143","0","1487","LIED12CTRL/LLN0$Status","1234","5678",""
"9577","58.789315764","ipcas_21:73:33","143","0","1488","LIED12CTRL/LLN0$Status","1234","5678",""
"9578","58.791668375","ipcas_21:73:33","143","0","1489","LIED12CTRL/LLN0$Status","1234","5678",""
"9579","58.794108997","ipcas_21:73:33","143","0","1490","LIED12CTRL/LLN0$Status","1234","5678",""
"9580","58.796704060","ipcas_21:73:33","143","0","1491","LIED12CTRL/LLN0$Status","1234","5678",""
"9581","58.799226988","ipcas_21:73:33","143","0","1492","LIED12CTRL/LLN0$Status","1234","5678",""
"9582","58.801711794","ipcas_21:73:33","143","0","1493","LIED12CTRL/LLN0$Status","1234","5678",""
"9583","58.804208782","ipcas_21:73:33","143","0","1494","LIED12CTRL/LLN0$Status","1234","5678",""
"9584","58.807996012","ipcas_21:73:33","143","0","1495","LIED12CTRL/LLN0$Status","1234","5678",""
"9585","58.810497086","ipcas_21:73:33","143","0","1496","LIED12CTRL/LLN0$Status","1234","5678",""
"9586","58.812993596","ipcas_21:73:33","143","0","1497","LIED12CTRL/LLN0$Status","1234","5678",""
"9587","58.815500259","ipcas_21:73:33","143","0","1498","LIED12CTRL/LLN0$Status","1234","5678",""
"9588","58.817952566","ipcas_21:73:33","143","0","1499","LIED12CTRL/LLN0$Status","1234","5678",""
"9589","58.820455601","ipcas_21:73:33","143","0","1500","LIED12CTRL/LLN0$Status","1234","5678",""
"9590","58.822951794","ipcas_21:73:33","143","0","1501","LIED12CTRL/LLN0$Status","1234","5678",""
"9591","58.825451364","ipcas_21:73:33","143","0","1502","LIED12CTRL/LLN0$Status","1234","5678",""
"9592","58.828002805","ipcas_21:73:33","143","0","1503","LIED12CTRL/LLN0$Status","1234","5678",""
"9593","58.830449686","ipcas_21:73:33","143","0","1504","LIED12CTRL/LLN0$Status","1234","5678",""
"9594","58.832831314","ipcas_21:73:33","143","0","1505","LIED12CTRL/LLN0$Status","1234","5678",""
"9595","58.835459355","ipcas_21:73:33","143","0","1506","LIED12CTRL/LLN0$Status","1234","5678",""
"9596","58.838048067","ipcas_21:73:33","143","0","1507","LIED12CTRL/LLN0$Status","1234","5678",""
"9597","58.840528104","ipcas_21:73:33","143","0","1508","LIED12CTRL/LLN0$Status","1234","5678",""
"9598","58.842975344","ipcas_21:73:33","143","0","1509","LIED12CTRL/LLN0$Status","1234","5678",""
"9599","58.845452168","ipcas_21:73:33","143","0","1510","LIED12CTRL/LLN0$Status","1234","5678",""
"9600","58.847992652","ipcas_21:73:33","143","0","1511","LIED12CTRL/LLN0$Status","1234","5678",""
"9601","58.850558515","ipcas_21:73:33","143","0","1512","LIED12CTRL/LLN0$Status","1234","5678",""
"9602","58.852952439","ipcas_21:73:33","143","0","1513","LIED12CTRL/LLN0$Status","1234","5678",""
"9603","58.856765905","ipcas_21:73:33","143","0","1514","LIED12CTRL/LLN0$Status","1234","5678",""
"9604","58.860516607","ipcas_21:73:33","143","0","1515","LIED12CTRL/LLN0$Status","1234","5678",""
"9605","58.862996993","ipcas_21:73:33","143","0","1516","LIED12CTRL/LLN0$Status","1234","5678",""
"9606","58.865557421","ipcas_21:73:33","143","0","1517","LIED12CTRL/LLN0$Status","1234","5678",""
"9607","58.868158299","ipcas_21:73:33","143","0","1518","LIED12CTRL/LLN0$Status","1234","5678",""
"9608","58.870465173","ipcas_21:73:33","143","0","1519","LIED12CTRL/LLN0$Status","1234","5678",""
"9609","58.872964790","ipcas_21:73:33","143","0","1520","LIED12CTRL/LLN0$Status","1234","5678",""
"9610","58.875486448","ipcas_21:73:33","143","0","1521","LIED12CTRL/LLN0$Status","1234","5678",""
"9611","58.878036125","ipcas_21:73:33","143","0","1522","LIED12CTRL/LLN0$Status","1234","5678",""
"9612","58.880867500","ipcas_21:73:33","143","0","1523","LIED12CTRL/LLN0$Status","1234","5678",""
"9613","58.882977088","ipcas_21:73:33","143","0","1524","LIED12CTRL/LLN0$Status","1234","5678",""
"9614","58.885451286","ipcas_21:73:33","143","0","1525","LIED12CTRL/LLN0$Status","1234","5678",""
"9615","58.887983024","ipcas_21:73:33","143","0","1526","LIED12CTRL/LLN0$Status","1234","5678",""
"9616","58.890465859","ipcas_21:73:33","143","0","1527","LIED12CTRL/LLN0$Status","1234","5678",""
"9617","58.892969145","ipcas_21:73:33","143","0","1528","LIED12CTRL/LLN0$Status","1234","5678",""
"9618","58.895501418","ipcas_21:73:33","143","0","1529","LIED12CTRL/LLN0$Status","1234","5678",""
"9619","58.897997854","ipcas_21:73:33","143","0","1530","LIED12CTRL/LLN0$Status","1234","5678",""
"9620","58.900493616","ipcas_21:73:33","143","0","1531","LIED12CTRL/LLN0$Status","1234","5678",""
"9621","58.903010266","ipcas_21:73:33","143","0","1532","LIED12CTRL/LLN0$Status","1234","5678",""
"9622","58.905441083","ipcas_21:73:33","143","0","1533","LIED12CTRL/LLN0$Status","1234","5678",""
"9623","58.907990546","ipcas_21:73:33","143","0","1534","LIED12CTRL/LLN0$Status","1234","5678",""
"9624","58.910552064","ipcas_21:73:33","143","0","1535","LIED12CTRL/LLN0$Status","1234","5678",""
"9625","58.912947253","ipcas_21:73:33","143","0","1536","LIED12CTRL/LLN0$Status","1234","5678",""
"9626","58.915844688","ipcas_21:73:33","143","0","1537","LIED12CTRL/LLN0$Status","1234","5678",""
"9627","58.917963911","ipcas_21:73:33","143","0","1538","LIED12CTRL/LLN0$Status","1234","5678",""
"9628","58.920558805","ipcas_21:73:33","143","0","1539","LIED12CTRL/LLN0$Status","1234","5678",""
"9629","58.922970549","ipcas_21:73:33","143","0","1540","LIED12CTRL/LLN0$Status","1234","5678",""
"9630","58.925346841","ipcas_21:73:33","143","0","1541","LIED12CTRL/LLN0$Status","1234","5678",""
"9631","58.928208513","ipcas_21:73:33","143","0","1542","LIED12CTRL/LLN0$Status","1234","5678",""
"9632","58.930696102","ipcas_21:73:33","143","0","1543","LIED12CTRL/LLN0$Status","1234","5678",""
"9633","58.933220346","ipcas_21:73:33","143","0","1544","LIED12CTRL/LLN0$Status","1234","5678",""
"9634","58.935701233","ipcas_21:73:33","143","0","1545","LIED12CTRL/LLN0$Status","1234","5678",""
"9635","58.938261220","ipcas_21:73:33","143","0","1546","LIED12CTRL/LLN0$Status","1234","5678",""
"9636","58.941048724","ipcas_21:73:33","143","0","1547","LIED12CTRL/LLN0$Status","1234","5678",""
"9637","58.944231019","ipcas_21:73:33","149","1","54","LIED10CTRL/LLN0$Status","1","1","0"
"9638","58.944236545","ipcas_21:73:33","146","1","54","LIED10PROT/LLN0$Alarm","1","",""
"9639","58.944237785","ipcas_21:73:33","203","1","54","LIED10MEAS/LLN0$Measurement","311","314","305"
"9640","58.944238914","ipcas_21:73:33","143","0","1548","LIED12CTRL/LLN0$Status","1234","5678",""
"9641","58.947075210","ipcas_21:73:33","143","0","1549","LIED12CTRL/LLN0$Status","1234","5678",""
"9645","58.949227601","ipcas_21:73:33","143","0","1550","LIED12CTRL/LLN0$Status","1234","5678",""
"9649","58.951692448","ipcas_21:73:33","143","0","1551","LIED12CTRL/LLN0$Status","1234","5678",""
"9653","58.954678013","ipcas_21:73:33","143","0","1552","LIED12CTRL/LLN0$Status","1234","5678",""
"9654","58.956742958","ipcas_21:73:33","143","0","1553","LIED12CTRL/LLN0$Status","1234","5678",""
"9657","58.959281147","ipcas_21:73:33","143","0","1554","LIED12CTRL/LLN0$Status","1234","5678",""
"9659","58.961812686","ipcas_21:73:33","143","0","1555","LIED12CTRL/LLN0$Status","1234","5678",""
"9663","58.964217309","ipcas_21:73:33","143","0","1556","LIED12CTRL/LLN0$Status","1234","5678",""
"9667","58.966718134","ipcas_21:73:33","143","0","1557","LIED12CTRL/LLN0$Status","1234","5678",""
"9668","58.969064658","ipcas_21:73:33","143","0","1558","LIED12CTRL/LLN0$Status","1234","5678",""
"9672","58.972055874","ipcas_21:73:33","143","0","1559","LIED12CTRL/LLN0$Status","1234","5678",""
"9673","58.974329167","ipcas_21:73:33","143","0","1560","LIED12CTRL/LLN0$Status","1234","5678",""
"9677","58.976937436","ipcas_21:73:33","143","0","1561","LIED12CTRL/LLN0$Status","1234","5678",""
"9678","58.979242098","ipcas_21:73:33","143","0","1562","LIED12CTRL/LLN0$Status","1234","5678",""
"9682","58.981739410","ipcas_21:73:33","143","0","1563","LIED12CTRL/LLN0$Status","1234","5678",""
"9683","58.984246187","ipcas_21:73:33","143","0","1564","LIED12CTRL/LLN0$Status","1234","5678",""
"9684","58.986738983","ipcas_21:73:33","143","0","1565","LIED12CTRL/LLN0$Status","1234","5678",""
"9685","58.989262659","ipcas_21:73:33","143","0","1566","LIED12CTRL/LLN0$Status","1234","5678",""
"9686","58.991741602","ipcas_21:73:33","143","0","1567","LIED12CTRL/LLN0$Status","1234","5678",""
"9687","58.994237624","ipcas_21:73:33","143","0","1568","LIED12CTRL/LLN0$Status","1234","5678",""
"9688","58.996739557","ipcas_21:73:33","143","0","1569","LIED12CTRL/LLN0$Status","1234","5678",""
"9689","58.999261997","ipcas_21:73:33","143","0","1570","LIED12CTRL/LLN0$Status","1234","5678",""
"9690","59.001736148","ipcas_21:73:33","143","0","1571","LIED12CTRL/LLN0$Status","1234","5678",""
"9691","59.004705730","ipcas_21:73:33","143","0","1572","LIED12CTRL/LLN0$Status","1234","5678",""
"9692","59.006775682","ipcas_21:73:33","143","0","1573","LIED12CTRL/LLN0$Status","1234","5678",""
"9693","59.009263275","ipcas_21:73:33","143","0","1574","LIED12CTRL/LLN0$Status","1234","5678",""
"9694","59.011741863","ipcas_21:73:33","143","0","1575","LIED12CTRL/LLN0$Status","1234","5678",""
"9695","59.014241989","ipcas_21:73:33","143","0","1576","LIED12CTRL/LLN0$Status","1234","5678",""
"9696","59.016737039","ipcas_21:73:33","143","0","1577","LIED12CTRL/LLN0$Status","1234","5678",""
"9697","59.019239666","ipcas_21:73:33","143","0","1578","LIED12CTRL/LLN0$Status","1234","5678",""
"9698","59.023854767","ipcas_21:73:33","143","0","1579","LIED12CTRL/LLN0$Status","1234","5678",""
"9699","59.024163119","ipcas_21:73:33","143","0","1580","LIED12CTRL/LLN0$Status","1234","5678",""
"9700","59.027027113","ipcas_21:73:33","143","0","1581","LIED12CTRL/LLN0$Status","1234","5678",""
"9701","59.029212245","ipcas_21:73:33","143","0","1582","LIED12CTRL/LLN0$Status","1234","5678",""
"9702","59.031711518","ipcas_21:73:33","143","0","1583","LIED12CTRL/LLN0$Status","1234","5678",""
"9703","59.034209048","ipcas_21:73:33","143","0","1584","LIED12CTRL/LLN0$Status","1234","5678",""
"9704","59.036741661","ipcas_21:73:33","143","0","1585","LIED12CTRL/LLN0$Status","1234","5678",""
"9705","59.039613907","ipcas_21:73:33","143","0","1586","LIED12CTRL/LLN0$Status","1234","5678",""
"9706","59.041823657","ipcas_21:73:33","143","0","1587","LIED12CTRL/LLN0$Status","1234","5678",""
"9707","59.044648381","ipcas_21:73:33","143","0","1588","LIED12CTRL/LLN0$Status","1234","5678",""
"9708","59.046678638","ipcas_21:73:33","143","0","1589","LIED12CTRL/LLN0$Status","1234","5678",""
"9709","59.050270207","ipcas_21:73:33","143","0","1590","LIED12CTRL/LLN0$Status","1234","5678",""
"9710","59.051820890","ipcas_21:73:33","143","0","1591","LIED12CTRL/LLN0$Status","1234","5678",""
"9711","59.054327062","ipcas_21:73:33","143","0","1592","LIED12CTRL/LLN0$Status","1234","5678",""
"9712","59.057119234","ipcas_21:73:33","143","0","1593","LIED12CTRL/LLN0$Status","1234","5678",""
"9713","59.059281344","ipcas_21:73:33","143","0","1594","LIED12CTRL/LLN0$Status","1234","5678",""
"9714","59.061703120","ipcas_21:73:33","143","0","1595","LIED12CTRL/LLN0$Status","1234","5678",""
"9715","59.064210652","ipcas_21:73:33","143","0","1596","LIED12CTRL/LLN0$Status","1234","5678",""
"9716","59.066698559","ipcas_21:73:33","143","0","1597","LIED12CTRL/LLN0$Status","1234","5678",""
"9717","59.069215884","ipcas_21:73:33","143","0","1598","LIED12CTRL/LLN0$Status","1234","5678",""
"9718","59.071782605","ipcas_21:73:33","143","0","1599","LIED12CTRL/LLN0$Status","1234","5678",""
"9719","59.074057847","ipcas_21:73:33","143","0","1600","LIED12CTRL/LLN0$Status","1234","5678",""
"9720","59.076633029","ipcas_21:73:33","143","0","1601","LIED12CTRL/LLN0$Status","1234","5678",""
"9721","59.079133244","ipcas_21:73:33","143","0","1602","LIED12CTRL/LLN0$Status","1234","5678",""
"9722","59.081525743","ipcas_21:73:33","143","0","1603","LIED12CTRL/LLN0$Status","1234","5678",""
"9723","59.084014274","ipcas_21:73:33","143","0","1604","LIED12CTRL/LLN0$Status","1234","5678",""
"9724","59.086653690","ipcas_21:73:33","143","0","1605","LIED12CTRL/LLN0$Status","1234","5678",""
"9725","59.089114243","ipcas_21:73:33","143","0","1606","LIED12CTRL/LLN0$Status","1234","5678",""
"9726","59.091636272","ipcas_21:73:33","143","0","1607","LIED12CTRL/LLN0$Status","1234","5678",""
"9727","59.094138602","ipcas_21:73:33","143","0","1608","LIED12CTRL/LLN0$Status","1234","5678",""
"9728","59.096631124","ipcas_21:73:33","143","0","1609","LIED12CTRL/LLN0$Status","1234","5678",""
"9729","59.099058996","ipcas_21:73:33","143","0","1610","LIED12CTRL/LLN0$Status","1234","5678",""
"9730","59.101760348","ipcas_21:73:33","143","0","1611","LIED12CTRL/LLN0$Status","1234","5678",""
"9731","59.104197254","ipcas_21:73:33","143","0","1612","LIED12CTRL/LLN0$Status","1234","5678",""
"9732","59.106666335","ipcas_21:73:33","143","0","1613","LIED12CTRL/LLN0$Status","1234","5678",""
"9733","59.109285409","ipcas_21:73:33","143","0","1614","LIED12CTRL/LLN0$Status","1234","5678",""
"9734","59.111709935","ipcas_21:73:33","143","0","1615","LIED12CTRL/LLN0$Status","1234","5678",""
"9735","59.114210264","ipcas_21:73:33","143","0","1616","LIED12CTRL/LLN0$Status","1234","5678",""
"9736","59.116708972","ipcas_21:73:33","143","0","1617","LIED12CTRL/LLN0$Status","1234","5678",""
"9737","59.119210768","ipcas_21:73:33","143","0","1618","LIED12CTRL/LLN0$Status","1234","5678",""
"9738","59.121733054","ipcas_21:73:33","143","0","1619","LIED12CTRL/LLN0$Status","1234","5678",""
"9739","59.124222398","ipcas_21:73:33","143","0","1620","LIED12CTRL/LLN0$Status","1234","5678",""
"9740","59.126725012","ipcas_21:73:33","143","0","1621","LIED12CTRL/LLN0$Status","1234","5678",""
"9741","59.129228706","ipcas_21:73:33","143","0","1622","LIED12CTRL/LLN0$Status","1234","5678",""
"9742","59.131717759","ipcas_21:73:33","143","0","1623","LIED12CTRL/LLN0$Status","1234","5678",""
"9743","59.134219437","ipcas_21:73:33","143","0","1624","LIED12CTRL/LLN0$Status","1234","5678",""
"9744","59.136737844","ipcas_21:73:33","143","0","1625","LIED12CTRL/LLN0$Status","1234","5678",""
"9745","59.140505060","ipcas_21:73:33","143","0","1626","LIED12CTRL/LLN0$Status","1234","5678",""
"9746","59.142987437","ipcas_21:73:33","143","0","1627","LIED12CTRL/LLN0$Status","1234","5678",""
"9747","59.145461405","ipcas_21:73:33","143","0","1628","LIED12CTRL/LLN0$Status","1234","5678",""
"9748","59.147972599","ipcas_21:73:33","143","0","1629","LIED12CTRL/LLN0$Status","1234","5678",""
"9749","59.150475227","ipcas_21:73:33","143","0","1630","LIED12CTRL/LLN0$Status","1234","5678",""
"9750","59.152822095","ipcas_21:73:33","143","0","1631","LIED12CTRL/LLN0$Status","1234","5678",""
"9751","59.155517955","ipcas_21:73:33","143","0","1632","LIED12CTRL/LLN0$Status","1234","5678",""
"9752","59.157963289","ipcas_21:73:33","143","0","1633","LIED12CTRL/LLN0$Status","1234","5678",""
"9753","59.160429871","ipcas_21:73:33","143","0","1634","LIED12CTRL/LLN0$Status","1234","5678",""
"9754","59.162951187","ipcas_21:73:33","143","0","1635","LIED12CTRL/LLN0$Status","1234","5678",""
"9755","59.165538341","ipcas_21:73:33","143","0","1636","LIED12CTRL/LLN0$Status","1234","5678",""
"9756","59.168011452","ipcas_21:73:33","143","0","1637","LIED12CTRL/LLN0$Status","1234","5678",""
"9757","59.170549577","ipcas_21:73:33","143","0","1638","LIED12CTRL/LLN0$Status","1234","5678",""
"9758","59.172949247","ipcas_21:73:33","143","0","1639","LIED12CTRL/LLN0$Status","1234","5678",""
"9759","59.175525552","ipcas_21:73:33","143","0","1640","LIED12CTRL/LLN0$Status","1234","5678",""
"9760","59.177980121","ipcas_21:73:33","143","0","1641","LIED12CTRL/LLN0$Status","1234","5678",""
"9761","59.180758171","ipcas_21:73:33","143","0","1642","LIED12CTRL/LLN0$Status","1234","5678",""
"9762","59.182979946","ipcas_21:73:33","143","0","1643","LIED12CTRL/LLN0$Status","1234","5678",""
"9763","59.185456424","ipcas_21:73:33","143","0","1644","LIED12CTRL/LLN0$Status","1234","5678",""
"9764","59.188020552","ipcas_21:73:33","143","0","1645","LIED12CTRL/LLN0$Status","1234","5678",""
"9765","59.190430683","ipcas_21:73:33","143","0","1646","LIED12CTRL/LLN0$Status","1234","5678",""
"9766","59.192836316","ipcas_21:73:33","143","0","1647","LIED12CTRL/LLN0$Status","1234","5678",""
"9767","59.195457034","ipcas_21:73:33","143","0","1648","LIED12CTRL/LLN0$Status","1234","5678",""
"9768","59.199347589","ipcas_21:73:33","143","0","1649","LIED12CTRL/LLN0$Status","1234","5678",""
"9769","59.201600271","ipcas_21:73:33","143","0","1650","LIED12CTRL/LLN0$Status","1234","5678",""
"9770","59.204184043","ipcas_21:73:33","143","0","1651","LIED12CTRL/LLN0$Status","1234","5678",""
"9771","59.206584955","ipcas_21:73:33","143","0","1652","LIED12CTRL/LLN0$Status","1234","5678",""
"9772","59.209193417","ipcas_21:73:33","143","0","1653","LIED12CTRL/LLN0$Status","1234","5678",""
"9773","59.212800901","ipcas_21:73:33","143","0","1654","LIED12CTRL/LLN0$Status","1234","5678",""
"9774","59.215416194","ipcas_21:73:33","143","0","1655","LIED12CTRL/LLN0$Status","1234","5678",""
"9775","59.217915465","ipcas_21:73:33","143","0","1656","LIED12CTRL/LLN0$Status","1234","5678",""
"9776","59.220421450","ipcas_21:73:33","143","0","1657","LIED12CTRL/LLN0$Status","1234","5678",""
"9777","59.222965798","ipcas_21:73:33","143","0","1658","LIED12CTRL/LLN0$Status","1234","5678",""
"9778","59.225447861","ipcas_21:73:33","143","0","1659","LIED12CTRL/LLN0$Status","1234","5678",""
"9779","59.227904368","ipcas_21:73:33","143","0","1660","LIED12CTRL/LLN0$Status","1234","5678",""
"9780","59.230443173","ipcas_21:73:33","143","0","1661","LIED12CTRL/LLN0$Status","1234","5678",""
"9781","59.234363840","ipcas_21:73:33","143","0","1662","LIED12CTRL/LLN0$Status","1234","5678",""
"9782","59.236846895","ipcas_21:73:33","143","0","1663","LIED12CTRL/LLN0$Status","1234","5678",""
"9783","59.239619962","ipcas_21:73:33","143","0","1664","LIED12CTRL/LLN0$Status","1234","5678",""
"9784","59.241666494","ipcas_21:73:33","143","0","1665","LIED12CTRL/LLN0$Status","1234","5678",""
"9785","59.244213912","ipcas_21:73:33","143","0","1666","LIED12CTRL/LLN0$Status","1234","5678",""
"9786","59.246706710","ipcas_21:73:33","143","0","1667","LIED12CTRL/LLN0$Status","1234","5678",""
"9787","59.249205479","ipcas_21:73:33","143","0","1668","LIED12CTRL/LLN0$Status","1234","5678",""
"9788","59.251708334","ipcas_21:73:33","143","0","1669","LIED12CTRL/LLN0$Status","1234","5678",""
"9789","59.254429091","ipcas_21:73:33","143","0","1670","LIED12CTRL/LLN0$Status","1234","5678",""
"9790","59.256705063","ipcas_21:73:33","143","0","1671","LIED12CTRL/LLN0$Status","1234","5678",""
"9791","59.259522104","ipcas_21:73:33","143","0","1672","LIED12CTRL/LLN0$Status","1234","5678",""
"9792","59.261610109","ipcas_21:73:33","143","0","1673","LIED12CTRL/LLN0$Status","1234","5678",""
"9793","59.264558034","ipcas_21:73:33","143","0","1674","LIED12CTRL/LLN0$Status","1234","5678",""
"9794","59.266707268","ipcas_21:73:33","143","0","1675","LIED12CTRL/LLN0$Status","1234","5678",""
"9795","59.269314285","ipcas_21:73:33","143","0","1676","LIED12CTRL/LLN0$Status","1234","5678",""
"9796","59.271809782","ipcas_21:73:33","143","0","1677","LIED12CTRL/LLN0$Status","1234","5678",""
"9797","59.274076662","ipcas_21:73:33","143","0","1678","LIED12CTRL/LLN0$Status","1234","5678",""
"9798","59.276531113","ipcas_21:73:33","143","0","1679","LIED12CTRL/LLN0$Status","1234","5678",""
"9799","59.279186315","ipcas_21:73:33","143","0","1680","LIED12CTRL/LLN0$Status","1234","5678",""
"9800","59.281706480","ipcas_21:73:33","143","0","1681","LIED12CTRL/LLN0$Status","1234","5678",""
"9801","59.284235295","ipcas_21:73:33","143","0","1682","LIED12CTRL/LLN0$Status","1234","5678",""
"9802","59.286706950","ipcas_21:73:33","143","0","1683","LIED12CTRL/LLN0$Status","1234","5678",""
"9803","59.289193457","ipcas_21:73:33","143","0","1684","LIED12CTRL/LLN0$Status","1234","5678",""
"9804","59.291694311","ipcas_21:73:33","143","0","1685","LIED12CTRL/LLN0$Status","1234","5678",""
"9805","59.294183387","ipcas_21:73:33","143","0","1686","LIED12CTRL/LLN0$Status","1234","5678",""
"9806","59.296674839","ipcas_21:73:33","143","0","1687","LIED12CTRL/LLN0$Status","1234","5678",""
"9807","59.299198782","ipcas_21:73:33","143","0","1688","LIED12CTRL/LLN0$Status","1234","5678",""
"9808","59.301748048","ipcas_21:73:33","143","0","1689","LIED12CTRL/LLN0$Status","1234","5678",""
"9809","59.304211857","ipcas_21:73:33","143","0","1690","LIED12CTRL/LLN0$Status","1234","5678",""
"9810","59.306698082","ipcas_21:73:33","143","0","1691","LIED12CTRL/LLN0$Status","1234","5678",""
"9811","59.309219968","ipcas_21:73:33","143","0","1692","LIED12CTRL/LLN0$Status","1234","5678",""
"9812","59.311709091","ipcas_21:73:33","143","0","1693","LIED12CTRL/LLN0$Status","1234","5678",""
"9813","59.314211986","ipcas_21:73:33","143","0","1694","LIED12CTRL/LLN0$Status","1234","5678",""
"9814","59.316706347","ipcas_21:73:33","143","0","1695","LIED12CTRL/LLN0$Status","1234","5678",""
"9815","59.319214671","ipcas_21:73:33","143","0","1696","LIED12CTRL/LLN0$Status","1234","5678",""
"9816","59.321706594","ipcas_21:73:33","143","0","1697","LIED12CTRL/LLN0$Status","1234","5678",""
"9817","59.324212452","ipcas_21:73:33","143","0","1698","LIED12CTRL/LLN0$Status","1234","5678",""
"9818","59.326711441","ipcas_21:73:33","143","0","1699","LIED12CTRL/LLN0$Status","1234","5678",""
"9819","59.329208653","ipcas_21:73:33","143","0","1700","LIED12CTRL/LLN0$Status","1234","5678",""
"9820","59.331716887","ipcas_21:73:33","143","0","1701","LIED12CTRL/LLN0$Status","1234","5678",""
"9821","59.334201810","ipcas_21:73:33","143","0","1702","LIED12CTRL/LLN0$Status","1234","5678",""
"9822","59.336628402","ipcas_21:73:33","143","0","1703","LIED12CTRL/LLN0$Status","1234","5678",""
"9823","59.339140323","ipcas_21:73:33","143","0","1704","LIED12CTRL/LLN0$Status","1234","5678",""
"9824","59.341668628","ipcas_21:73:33","143","0","1705","LIED12CTRL/LLN0$Status","1234","5678",""
"9825","59.344097632","ipcas_21:73:33","143","0","1706","LIED12CTRL/LLN0$Status","1234","5678",""
"9826","59.346681223","ipcas_21:73:33","143","0","1707","LIED12CTRL/LLN0$Status","1234","5678",""
"9827","59.349113865","ipcas_21:73:33","143","0","1708","LIED12CTRL/LLN0$Status","1234","5678",""
"9828","59.351581221","ipcas_21:73:33","143","0","1709","LIED12CTRL/LLN0$Status","1234","5678",""
"9829","59.354189674","ipcas_21:73:33","143","0","1710","LIED12CTRL/LLN0$Status","1234","5678",""
"9830","59.356699765","ipcas_21:73:33","143","0","1711","LIED12CTRL/LLN0$Status","1234","5678",""
"9831","59.359221344","ipcas_21:73:33","143","0","1712","LIED12CTRL/LLN0$Status","1234","5678",""
"9832","59.361713925","ipcas_21:73:33","143","0","1713","LIED12CTRL/LLN0$Status","1234","5678",""
"9833","59.364115359","ipcas_21:73:33","143","0","1714","LIED12CTRL/LLN0$Status","1234","5678",""
"9834","59.366707058","ipcas_21:73:33","143","0","1715","LIED12CTRL/LLN0$Status","1234","5678",""
"9835","59.369092233","ipcas_21:73:33","143","0","1716","LIED12CTRL/LLN0$Status","1234","5678",""
"9836","59.371565671","ipcas_21:73:33","143","0","1717","LIED12CTRL/LLN0$Status","1234","5678",""
"9837","59.374065052","ipcas_21:73:33","143","0","1718","LIED12CTRL/LLN0$Status","1234","5678",""
"9838","59.376706783","ipcas_21:73:33","143","0","1719","LIED12CTRL/LLN0$Status","1234","5678",""
"9839","59.379182332","ipcas_21:73:33","143","0","1720","LIED12CTRL/LLN0$Status","1234","5678",""
"9840","59.381579097","ipcas_21:73:33","143","0","1721","LIED12CTRL/LLN0$Status","1234","5678",""
"9841","59.384184052","ipcas_21:73:33","143","0","1722","LIED12CTRL/LLN0$Status","1234","5678",""
"9842","59.386637066","ipcas_21:73:33","143","0","1723","LIED12CTRL/LLN0$Status","1234","5678",""
"9843","59.388896579","ipcas_21:73:33","143","0","1724","LIED12CTRL/LLN0$Status","1234","5678",""
"9844","59.391353651","ipcas_21:73:33","143","0","1725","LIED12CTRL/LLN0$Status","1234","5678",""
"9846","59.394130497","ipcas_21:73:33","143","0","1726","LIED12CTRL/LLN0$Status","1234","5678",""
"9847","59.396905502","ipcas_21:73:33","143","0","1727","LIED12CTRL/LLN0$Status","1234","5678",""
"9848","59.399199647","ipcas_21:73:33","143","0","1728","LIED12CTRL/LLN0$Status","1234","5678",""
"9849","59.401941044","ipcas_21:73:33","143","0","1729","LIED12CTRL/LLN0$Status","1234","5678",""
"9850","59.404039515","ipcas_21:73:33","143","0","1730","LIED12CTRL/LLN0$Status","1234","5678",""
"9851","59.406866931","ipcas_21:73:33","143","0","1731","LIED12CTRL/LLN0$Status","1234","5678",""
"9852","59.409102978","ipcas_21:73:33","143","0","1732","LIED12CTRL/LLN0$Status","1234","5678",""
"9853","59.423996567","ipcas_21:73:33","143","0","1733","LIED12CTRL/LLN0$Status","1234","5678",""
"9854","59.429174916","ipcas_21:73:33","143","0","1734","LIED12CTRL/LLN0$Status","1234","5678",""
"9855","59.431542673","ipcas_21:73:33","143","0","1735","LIED12CTRL/LLN0$Status","1234","5678",""
"9856","59.434209576","ipcas_21:73:33","143","0","1736","LIED12CTRL/LLN0$Status","1234","5678",""
"9857","59.436549821","ipcas_21:73:33","143","0","1737","LIED12CTRL/LLN0$Status","1234","5678",""
"9858","59.439029620","ipcas_21:73:33","143","0","1738","LIED12CTRL/LLN0$Status","1234","5678",""
"9859","59.441146558","ipcas_21:73:33","143","0","1739","LIED12CTRL/LLN0$Status","1234","5678",""
"9860","59.443677368","ipcas_21:73:33","143","0","1740","LIED12CTRL/LLN0$Status","1234","5678",""
"9861","59.446057875","ipcas_21:73:33","143","0","1741","LIED12CTRL/LLN0$Status","1234","5678",""
"9862","59.449035554","ipcas_21:73:33","143","0","1742","LIED12CTRL/LLN0$Status","1234","5678",""
"9863","59.451559654","ipcas_21:73:33","143","0","1743","LIED12CTRL/LLN0$Status","1234","5678",""
"9864","59.453867757","ipcas_21:73:33","143","0","1744","LIED12CTRL/LLN0$Status","1234","5678",""
"9865","59.456582873","ipcas_21:73:33","143","0","1745","LIED12CTRL/LLN0$Status","1234","5678",""
"9866","59.459158575","ipcas_21:73:33","143","0","1746","LIED12CTRL/LLN0$Status","1234","5678",""
"9867","59.461603922","ipcas_21:73:33","143","0","1747","LIED12CTRL/LLN0$Status","1234","5678",""
"9868","59.464087559","ipcas_21:73:33","143","0","1748","LIED12CTRL/LLN0$Status","1234","5678",""
"9869","59.466559090","ipcas_21:73:33","143","0","1749","LIED12CTRL/LLN0$Status","1234","5678",""
"9870","59.469125661","ipcas_21:73:33","143","0","1750","LIED12CTRL/LLN0$Status","1234","5678",""
"9871","59.471557545","ipcas_21:73:33","143","0","1751","LIED12CTRL/LLN0$Status","1234","5678",""
"9872","59.474059444","ipcas_21:73:33","143","0","1752","LIED12CTRL/LLN0$Status","1234","5678",""
"9873","59.476597956","ipcas_21:73:33","143","0","1753","LIED12CTRL/LLN0$Status","1234","5678",""
"9874","59.479035979","ipcas_21:73:33","143","0","1754","LIED12CTRL/LLN0$Status","1234","5678",""
"9875","59.481605167","ipcas_21:73:33","143","0","1755","LIED12CTRL/LLN0$Status","1234","5678",""
"9876","59.484023560","ipcas_21:73:33","143","0","1756","LIED12CTRL/LLN0$Status","1234","5678",""
"9877","59.486549367","ipcas_21:73:33","143","0","1757","LIED12CTRL/LLN0$Status","1234","5678",""
"9878","59.489079350","ipcas_21:73:33","143","0","1758","LIED12CTRL/LLN0$Status","1234","5678",""
"9879","59.491690194","ipcas_21:73:33","143","0","1759","LIED12CTRL/LLN0$Status","1234","5678",""
"9880","59.494041561","ipcas_21:73:33","143","0","1760","LIED12CTRL/LLN0$Status","1234","5678",""
"9881","59.496547201","ipcas_21:73:33","143","0","1761","LIED12CTRL/LLN0$Status","1234","5678",""
"9882","59.499128121","ipcas_21:73:33","143","0","1762","LIED12CTRL/LLN0$Status","1234","5678",""
"9888","59.503546184","ipcas_21:73:33","143","0","1763","LIED12CTRL/LLN0$Status","1234","5678",""
"9889","59.506561871","ipcas_21:73:33","143","0","1764","LIED12CTRL/LLN0$Status","1234","5678",""
"9890","59.509126029","ipcas_21:73:33","143","0","1765","LIED12CTRL/LLN0$Status","1234","5678",""
"9894","59.511750059","ipcas_21:73:33","143","0","1766","LIED12CTRL/LLN0$Status","1234","5678",""
"9895","59.514058714","ipcas_21:73:33","143","0","1767","LIED12CTRL/LLN0$Status","1234","5678",""
"9896","59.516541271","ipcas_21:73:33","143","0","1768","LIED12CTRL/LLN0$Status","1234","5678",""
"9899","59.519168745","ipcas_21:73:33","143","0","1769","LIED12CTRL/LLN0$Status","1234","5678",""
"9901","59.521571149","ipcas_21:73:33","143","0","1770","LIED12CTRL/LLN0$Status","1234","5678",""
"9902","59.524034824","ipcas_21:73:33","143","0","1771","LIED12CTRL/LLN0$Status","1234","5678",""
"9903","59.526585349","ipcas_21:73:33","143","0","1772","LIED12CTRL/LLN0$Status","1234","5678",""
"9904","59.529025169","ipcas_21:73:33","143","0","1773","LIED12CTRL/LLN0$Status","1234","5678",""
"9908","59.531517899","ipcas_21:73:33","143","0","1774","LIED12CTRL/LLN0$Status","1234","5678",""
"9909","59.534040561","ipcas_21:73:33","143","0","1775","LIED12CTRL/LLN0$Status","1234","5678",""
"9913","59.536513383","ipcas_21:73:33","143","0","1776","LIED12CTRL/LLN0$Status","1234","5678",""
"9917","59.539028415","ipcas_21:73:33","143","0","1777","LIED12CTRL/LLN0$Status","1234","5678",""
"9918","59.541516028","ipcas_21:73:33","143","0","1778","LIED12CTRL/LLN0$Status","1234","5678",""
"9924","59.544018543","ipcas_21:73:33","143","0","1779","LIED12CTRL/LLN0$Status","1234","5678",""
"9925","59.546515057","ipcas_21:73:33","143","0","1780","LIED12CTRL/LLN0$Status","1234","5678",""
"9926","59.549022138","ipcas_21:73:33","143","0","1781","LIED12CTRL/LLN0$Status","1234","5678",""
"9927","59.551511166","ipcas_21:73:33","143","0","1782","LIED12CTRL/LLN0$Status","1234","5678",""
"9928","59.554040508","ipcas_21:73:33","143","0","1783","LIED12CTRL/LLN0$Status","1234","5678",""
"9929","59.556512204","ipcas_21:73:33","143","0","1784","LIED12CTRL/LLN0$Status","1234","5678",""
"9930","59.559014448","ipcas_21:73:33","143","0","1785","LIED12CTRL/LLN0$Status","1234","5678",""
"9931","59.561529299","ipcas_21:73:33","143","0","1786","LIED12CTRL/LLN0$Status","1234","5678",""
"9932","59.564174687","ipcas_21:73:33","143","0","1787","LIED12CTRL/LLN0$Status","1234","5678",""
"9933","59.566565315","ipcas_21:73:33","143","0","1788","LIED12CTRL/LLN0$Status","1234","5678",""
"9934","59.569066695","ipcas_21:73:33","143","0","1789","LIED12CTRL/LLN0$Status","1234","5678",""
"9935","59.571636582","ipcas_21:73:33","143","0","1790","LIED12CTRL/LLN0$Status","1234","5678",""
"9936","59.574277300","ipcas_21:73:33","143","0","1791","LIED12CTRL/LLN0$Status","1234","5678",""
"9937","59.576652009","ipcas_21:73:33","143","0","1792","LIED12CTRL/LLN0$Status","1234","5678",""
"9938","59.579184185","ipcas_21:73:33","143","0","1793","LIED12CTRL/LLN0$Status","1234","5678",""
"9939","59.581717033","ipcas_21:73:33","143","0","1794","LIED12CTRL/LLN0$Status","1234","5678",""
"9940","59.584215896","ipcas_21:73:33","143","0","1795","LIED12CTRL/LLN0$Status","1234","5678",""
"9941","59.586554945","ipcas_21:73:33","143","0","1796","LIED12CTRL/LLN0$Status","1234","5678",""
"9942","59.589044366","ipcas_21:73:33","143","0","1797","LIED12CTRL/LLN0$Status","1234","5678",""
"9943","59.591546290","ipcas_21:73:33","143","0","1798","LIED12CTRL/LLN0$Status","1234","5678",""
"9944","59.594072971","ipcas_21:73:33","143","0","1799","LIED12CTRL/LLN0$Status","1234","5678",""
"9945","59.596683737","ipcas_21:73:33","143","0","1800","LIED12CTRL/LLN0$Status","1234","5678",""
"9946","59.599215488","ipcas_21:73:33","143","0","1801","LIED12CTRL/LLN0$Status","1234","5678",""
"9947","59.601547985","ipcas_21:73:33","143","0","1802","LIED12CTRL/LLN0$Status","1234","5678",""
"9948","59.604087045","ipcas_21:73:33","143","0","1803","LIED12CTRL/LLN0$Status","1234","5678",""
"9949","59.606669202","ipcas_21:73:33","143","0","1804","LIED12CTRL/LLN0$Status","1234","5678",""
"9950","59.609126522","ipcas_21:73:33","143","0","1805","LIED12CTRL/LLN0$Status","1234","5678",""
"9951","59.611728563","ipcas_21:73:33","143","0","1806","LIED12CTRL/LLN0$Status","1234","5678",""
"9952","59.614233636","ipcas_21:73:33","143","0","1807","LIED12CTRL/LLN0$Status","1234","5678",""
"9953","59.616761616","ipcas_21:73:33","143","0","1808","LIED12CTRL/LLN0$Status","1234","5678",""
"9954","59.619258066","ipcas_21:73:33","143","0","1809","LIED12CTRL/LLN0$Status","1234","5678",""
"9955","59.621881854","ipcas_21:73:33","143","0","1810","LIED12CTRL/LLN0$Status","1234","5678",""
"9956","59.625488972","ipcas_21:73:33","143","0","1811","LIED12CTRL/LLN0$Status","1234","5678",""
"9957","59.628311146","ipcas_21:73:33","143","0","1812","LIED12CTRL/LLN0$Status","1234","5678",""
"9958","59.631726223","ipcas_21:73:33","143","0","1813","LIED12CTRL/LLN0$Status","1234","5678",""
"9959","59.634261402","ipcas_21:73:33","143","0","1814","LIED12CTRL/LLN0$Status","1234","5678",""
"9960","59.636792539","ipcas_21:73:33","143","0","1815","LIED12CTRL/LLN0$Status","1234","5678",""
"9961","59.639616200","ipcas_21:73:33","143","0","1816","LIED12CTRL/LLN0$Status","1234","5678",""
"9962","59.641976264","ipcas_21:73:33","143","0","1817","LIED12CTRL/LLN0$Status","1234","5678",""
"9963","59.644879599","ipcas_21:73:33","143","0","1818","LIED12CTRL/LLN0$Status","1234","5678",""
"9964","59.646878296","ipcas_21:73:33","143","0","1819","LIED12CTRL/LLN0$Status","1234","5678",""
"9965","59.649145141","ipcas_21:73:33","143","0","1820","LIED12CTRL/LLN0$Status","1234","5678",""
"9966","59.651568048","ipcas_21:73:33","143","0","1821","LIED12CTRL/LLN0$Status","1234","5678",""
"9967","59.654365802","ipcas_21:73:33","143","0","1822","LIED12CTRL/LLN0$Status","1234","5678",""
"9968","59.658176782","ipcas_21:73:33","143","0","1823","LIED12CTRL/LLN0$Status","1234","5678",""
"9969","59.661769080","ipcas_21:73:33","143","0","1824","LIED12CTRL/LLN0$Status","1234","5678",""
"9970","59.664398090","ipcas_21:73:33","143","0","1825","LIED12CTRL/LLN0$Status","1234","5678",""
"9971","59.666700734","ipcas_21:73:33","143","0","1826","LIED12CTRL/LLN0$Status","1234","5678",""
"9972","59.670328116","ipcas_21:73:33","143","0","1827","LIED12CTRL/LLN0$Status","1234","5678",""
"9973","59.672806297","ipcas_21:73:33","143","0","1828","LIED12CTRL/LLN0$Status","1234","5678",""
"9974","59.675329965","ipcas_21:73:33","143","0","1829","LIED12CTRL/LLN0$Status","1234","5678",""
"9975","59.677816704","ipcas_21:73:33","143","0","1830","LIED12CTRL/LLN0$Status","1234","5678",""
"9976","59.680305054","ipcas_21:73:33","143","0","1831","LIED12CTRL/LLN0$Status","1234","5678",""
"9977","59.682788796","ipcas_21:73:33","143","0","1832","LIED12CTRL/LLN0$Status","1234","5678",""
"9978","59.685038681","ipcas_21:73:33","143","0","1833","LIED12CTRL/LLN0$Status","1234","5678",""
"9979","59.703321288","ipcas_21:73:33","143","0","1834","LIED12CTRL/LLN0$Status","1234","5678",""
"9980","59.705693242","ipcas_21:73:33","143","0","1835","LIED12CTRL/LLN0$Status","1234","5678",""
"9981","59.708124586","ipcas_21:73:33","143","0","1836","LIED12CTRL/LLN0$Status","1234","5678",""
"9982","59.729765022","ipcas_21:73:33","143","0","1837","LIED12CTRL/LLN0$Status","1234","5678",""
"9983","59.729773289","ipcas_21:73:33","143","0","1838","LIED12CTRL/LLN0$Status","1234","5678",""
"9984","59.729774251","ipcas_21:73:33","143","0","1839","LIED12CTRL/LLN0$Status","1234","5678",""
"9985","59.731979721","ipcas_21:73:33","143","0","1840","LIED12CTRL/LLN0$Status","1234","5678",""
"9986","59.734166724","ipcas_21:73:33","143","0","1841","LIED12CTRL/LLN0$Status","1234","5678",""
"9987","59.736575076","ipcas_21:73:33","143","0","1842","LIED12CTRL/LLN0$Status","1234","5678",""
"9988","59.739057378","ipcas_21:73:33","143","0","1843","LIED12CTRL/LLN0$Status","1234","5678",""
"9989","59.741582763","ipcas_21:73:33","143","0","1844","LIED12CTRL/LLN0$Status","1234","5678",""
"9990","59.744080172","ipcas_21:73:33","143","0","1845","LIED12CTRL/LLN0$Status","1234","5678",""
"9991","59.746559246","ipcas_21:73:33","143","0","1846","LIED12CTRL/LLN0$Status","1234","5678",""
"9992","59.748707278","ipcas_21:73:33","143","0","1847","LIED12CTRL/LLN0$Status","1234","5678",""
"9993","59.751038777","ipcas_21:73:33","143","0","1848","LIED12CTRL/LLN0$Status","1234","5678",""
"9994","59.754056790","ipcas_21:73:33","143","0","1849","LIED12CTRL/LLN0$Status","1234","5678",""
"9995","59.756547749","ipcas_21:73:33","143","0","1850","LIED12CTRL/LLN0$Status","1234","5678",""
"9996","59.759023228","ipcas_21:73:33","143","0","1851","LIED12CTRL/LLN0$Status","1234","5678",""
"9997","59.761712829","ipcas_21:73:33","143","0","1852","LIED12CTRL/LLN0$Status","1234","5678",""
"9998","59.764065688","ipcas_21:73:33","143","0","1853","LIED12CTRL/LLN0$Status","1234","5678",""
"9999","59.766586303","ipcas_21:73:33","143","0","1854","LIED12CTRL/LLN0$Status","1234","5678",""
"10000","59.769073258","ipcas_21:73:33","143","0","1855","LIED12CTRL/LLN0$Status","1234","5678",""
"10001","59.771576300","ipcas_21:73:33","143","0","1856","LIED12CTRL/LLN0$Status","1234","5678",""
"10002","59.773683245","ipcas_21:73:33","143","0","1857","LIED12CTRL/LLN0$Status","1234","5678",""
"10004","59.776549239","ipcas_21:73:33","143","0","1858","LIED12CTRL/LLN0$Status","1234","5678",""
"10005","59.779058689","ipcas_21:73:33","143","0","1859","LIED12CTRL/LLN0$Status","1234","5678",""
"10006","59.781538000","ipcas_21:73:33","143","0","1860","LIED12CTRL/LLN0$Status","1234","5678",""
"10007","59.784116414","ipcas_21:73:33","143","0","1861","LIED12CTRL/LLN0$Status","1234","5678",""
"10008","59.786587601","ipcas_21:73:33","143","0","1862","LIED12CTRL/LLN0$Status","1234","5678",""
"10009","59.789078088","ipcas_21:73:33","143","0","1863","LIED12CTRL/LLN0$Status","1234","5678",""
"10010","59.791560794","ipcas_21:73:33","143","0","1864","LIED12CTRL/LLN0$Status","1234","5678",""
"10011","59.794144308","ipcas_21:73:33","143","0","1865","LIED12CTRL/LLN0$Status","1234","5678",""
"10012","59.796531474","ipcas_21:73:33","143","0","1866","LIED12CTRL/LLN0$Status","1234","5678",""
"10013","59.798841416","ipcas_21:73:33","143","0","1867","LIED12CTRL/LLN0$Status","1234","5678",""
"10014","59.801563577","ipcas_21:73:33","143","0","1868","LIED12CTRL/LLN0$Status","1234","5678",""
"10015","59.804224209","ipcas_21:73:33","143","0","1869","LIED12CTRL/LLN0$Status","1234","5678",""
"10016","59.806577364","ipcas_21:73:33","143","0","1870","LIED12CTRL/LLN0$Status","1234","5678",""
"10017","59.809135590","ipcas_21:73:33","143","0","1871","LIED12CTRL/LLN0$Status","1234","5678",""
"10018","59.811303963","ipcas_21:73:33","143","0","1872","LIED12CTRL/LLN0$Status","1234","5678",""
"10019","59.814055592","ipcas_21:73:33","143","0","1873","LIED12CTRL/LLN0$Status","1234","5678",""
"10020","59.816512731","ipcas_21:73:33","143","0","1874","LIED12CTRL/LLN0$Status","1234","5678",""
"10021","59.819066413","ipcas_21:73:33","143","0","1875","LIED12CTRL/LLN0$Status","1234","5678",""
"10022","59.821592061","ipcas_21:73:33","143","0","1876","LIED12CTRL/LLN0$Status","1234","5678",""
"10023","59.824031322","ipcas_21:73:33","143","0","1877","LIED12CTRL/LLN0$Status","1234","5678",""
"10024","59.826542375","ipcas_21:73:33","143","0","1878","LIED12CTRL/LLN0$Status","1234","5678",""
"10025","59.829043011","ipcas_21:73:33","143","0","1879","LIED12CTRL/LLN0$Status","1234","5678",""
"10026","59.831536218","ipcas_21:73:33","143","0","1880","LIED12CTRL/LLN0$Status","1234","5678",""
"10027","59.834058062","ipcas_21:73:33","143","0","1881","LIED12CTRL/LLN0$Status","1234","5678",""
"10028","59.836529762","ipcas_21:73:33","143","0","1882","LIED12CTRL/LLN0$Status","1234","5678",""
"10029","59.839059626","ipcas_21:73:33","143","0","1883","LIED12CTRL/LLN0$Status","1234","5678",""
"10030","59.841619620","ipcas_21:73:33","143","0","1884","LIED12CTRL/LLN0$Status","1234","5678",""
"10031","59.844048889","ipcas_21:73:33","143","0","1885","LIED12CTRL/LLN0$Status","1234","5678",""
"10032","59.846591922","ipcas_21:73:33","143","0","1886","LIED12CTRL/LLN0$Status","1234","5678",""
"10033","59.849113613","ipcas_21:73:33","143","0","1887","LIED12CTRL/LLN0$Status","1234","5678",""
"10034","59.851699780","ipcas_21:73:33","143","0","1888","LIED12CTRL/LLN0$Status","1234","5678",""
"10035","59.854321838","ipcas_21:73:33","143","0","1889","LIED12CTRL/LLN0$Status","1234","5678",""
"10036","59.856722122","ipcas_21:73:33","143","0","1890","LIED12CTRL/LLN0$Status","1234","5678",""
"10037","59.859218414","ipcas_21:73:33","143","0","1891","LIED12CTRL/LLN0$Status","1234","5678",""
"10038","59.861709024","ipcas_21:73:33","143","0","1892","LIED12CTRL/LLN0$Status","1234","5678",""
"10039","59.864216310","ipcas_21:73:33","143","0","1893","LIED12CTRL/LLN0$Status","1234","5678",""
"10040","59.866755064","ipcas_21:73:33","143","0","1894","LIED12CTRL/LLN0$Status","1234","5678",""
"10041","59.869219771","ipcas_21:73:33","143","0","1895","LIED12CTRL/LLN0$Status","1234","5678",""
"10042","59.871716838","ipcas_21:73:33","143","0","1896","LIED12CTRL/LLN0$Status","1234","5678",""
"10043","59.874286573","ipcas_21:73:33","143","0","1897","LIED12CTRL/LLN0$Status","1234","5678",""
"10044","59.876758425","ipcas_21:73:33","143","0","1898","LIED12CTRL/LLN0$Status","1234","5678",""
"10045","59.879225312","ipcas_21:73:33","143","0","1899","LIED12CTRL/LLN0$Status","1234","5678",""
"10046","59.881711869","ipcas_21:73:33","143","0","1900","LIED12CTRL/LLN0$Status","1234","5678",""
"10047","59.884216020","ipcas_21:73:33","143","0","1901","LIED12CTRL/LLN0$Status","1234","5678",""
"10048","59.886719840","ipcas_21:73:33","143","0","1902","LIED12CTRL/LLN0$Status","1234","5678",""
"10049","59.889215278","ipcas_21:73:33","143","0","1903","LIED12CTRL/LLN0$Status","1234","5678",""
"10050","59.891737385","ipcas_21:73:33","143","0","1904","LIED12CTRL/LLN0$Status","1234","5678",""
"10051","59.894240328","ipcas_21:73:33","143","0","1905","LIED12CTRL/LLN0$Status","1234","5678",""
"10052","59.896747803","ipcas_21:73:33","143","0","1906","LIED12CTRL/LLN0$Status","1234","5678",""
"10053","59.899248486","ipcas_21:73:33","143","0","1907","LIED12CTRL/LLN0$Status","1234","5678",""
"10054","59.901734251","ipcas_21:73:33","143","0","1908","LIED12CTRL/LLN0$Status","1234","5678",""
"10055","59.904316970","ipcas_21:73:33","143","0","1909","LIED12CTRL/LLN0$Status","1234","5678",""
"10056","59.906738081","ipcas_21:73:33","143","0","1910","LIED12CTRL/LLN0$Status","1234","5678",""
"10057","59.909216573","ipcas_21:73:33","143","0","1911","LIED12CTRL/LLN0$Status","1234","5678",""
"10058","59.911836539","ipcas_21:73:33","143","0","1912","LIED12CTRL/LLN0$Status","1234","5678",""
"10059","59.914244785","ipcas_21:73:33","143","0","1913","LIED12CTRL/LLN0$Status","1234","5678",""
"10060","59.916718111","ipcas_21:73:33","143","0","1914","LIED12CTRL/LLN0$Status","1234","5678",""
"10061","59.919218553","ipcas_21:73:33","143","0","1915","LIED12CTRL/LLN0$Status","1234","5678",""
"10062","59.921729103","ipcas_21:73:33","143","0","1916","LIED12CTRL/LLN0$Status","1234","5678",""
"10063","59.925347149","ipcas_21:73:33","143","0","1917","LIED12CTRL/LLN0$Status","1234","5678",""
"10064","59.927835176","ipcas_21:73:33","143","0","1918","LIED12CTRL/LLN0$Status","1234","5678",""
"10065","59.930351967","ipcas_21:73:33","143","0","1919","LIED12CTRL/LLN0$Status","1234","5678",""
"10066","59.932920591","ipcas_21:73:33","143","0","1920","LIED12CTRL/LLN0$Status","1234","5678",""
"10067","59.935423068","ipcas_21:73:33","143","0","1921","LIED12CTRL/LLN0$Status","1234","5678",""
"10068","59.937899057","ipcas_21:73:33","143","0","1922","LIED12CTRL/LLN0$Status","1234","5678",""
"10069","59.940516123","ipcas_21:73:33","143","0","1923","LIED12CTRL/LLN0$Status","1234","5678",""
"10070","59.942933152","ipcas_21:73:33","143","0","1924","LIED12CTRL/LLN0$Status","1234","5678",""
"10071","59.945329809","ipcas_21:73:33","143","0","1925","LIED12CTRL/LLN0$Status","1234","5678",""
"10072","59.947817981","ipcas_21:73:33","143","0","1926","LIED12CTRL/LLN0$Status","1234","5678",""
"10073","59.950410376","ipcas_21:73:33","143","0","1927","LIED12CTRL/LLN0$Status","1234","5678",""
"10074","59.952906828","ipcas_21:73:33","143","0","1928","LIED12CTRL/LLN0$Status","1234","5678",""
"10075","59.955410704","ipcas_21:73:33","143","0","1929","LIED12CTRL/LLN0$Status","1234","5678",""
"10076","59.957917013","ipcas_21:73:33","143","0","1930","LIED12CTRL/LLN0$Status","1234","5678",""
"10077","59.960442436","ipcas_21:73:33","143","0","1931","LIED12CTRL/LLN0$Status","1234","5678",""
"10078","59.962920111","ipcas_21:73:33","143","0","1932","LIED12CTRL/LLN0$Status","1234","5678",""
"10079","59.965422054","ipcas_21:73:33","143","0","1933","LIED12CTRL/LLN0$Status","1234","5678",""
"10080","59.967938514","ipcas_21:73:33","143","0","1934","LIED12CTRL/LLN0$Status","1234","5678",""
"10081","59.970485981","ipcas_21:73:33","143","0","1935","LIED12CTRL/LLN0$Status","1234","5678",""
"10082","59.972948631","ipcas_21:73:33","143","0","1936","LIED12CTRL/LLN0$Status","1234","5678",""
"10083","59.975432958","ipcas_21:73:33","143","0","1937","LIED12CTRL/LLN0$Status","1234","5678",""
"10084","59.977918679","ipcas_21:73:33","143","0","1938","LIED12CTRL/LLN0$Status","1234","5678",""
"10085","59.980700142","ipcas_21:73:33","143","0","1939","LIED12CTRL/LLN0$Status","1234","5678",""
"10086","59.982977385","ipcas_21:73:33","143","0","1940","LIED12CTRL/LLN0$Status","1234","5678",""
"10087","59.985478860","ipcas_21:73:33","143","0","1941","LIED12CTRL/LLN0$Status","1234","5678",""
"10088","59.986688032","ipcas_21:73:33","149","1","55","LIED10CTRL/LLN0$Status","1","1","0"
"10089","59.986690887","ipcas_21:73:33","146","1","55","LIED10PROT/LLN0$Alarm","1","",""
"10090","59.986691509","ipcas_21:73:33","203","1","55","LIED10MEAS/LLN0$Measurement","308","313","309"
"10091","59.987984695","ipcas_21:73:33","143","0","1942","LIED12CTRL/LLN0$Status","1234","5678",""
"10092","59.990357945","ipcas_21:73:33","143","0","1943","LIED12CTRL/LLN0$Status","1234","5678",""
"10093","59.992944201","ipcas_21:73:33","143","0","1944","LIED12CTRL/LLN0$Status","1234","5678",""
"10097","59.995449744","ipcas_21:73:33","143","0","1945","LIED12CTRL/LLN0$Status","1234","5678",""
"10098","59.997945108","ipcas_21:73:33","143","0","1946","LIED12CTRL/LLN0$Status","1234","5678",""
"10099","60.000601469","ipcas_21:73:33","143","0","1947","LIED12CTRL/LLN0$Status","1234","5678",""
"10100","60.002979809","ipcas_21:73:33","143","0","1948","LIED12CTRL/LLN0$Status","1234","5678",""
"10101","60.005610655","ipcas_21:73:33","143","0","1949","LIED12CTRL/LLN0$Status","1234","5678",""
"10105","60.007990556","ipcas_21:73:33","143","0","1950","LIED12CTRL/LLN0$Status","1234","5678",""
"10106","60.010502809","ipcas_21:73:33","143","0","1951","LIED12CTRL/LLN0$Status","1234","5678",""
"10107","60.012984283","ipcas_21:73:33","143","0","1952","LIED12CTRL/LLN0$Status","1234","5678",""
"10111","60.015548221","ipcas_21:73:33","143","0","1953","LIED12CTRL/LLN0$Status","1234","5678",""
"10112","60.017935254","ipcas_21:73:33","143","0","1954","LIED12CTRL/LLN0$Status","1234","5678",""
"10116","60.020456532","ipcas_21:73:33","143","0","1955","LIED12CTRL/LLN0$Status","1234","5678",""
"10117","60.022828125","ipcas_21:73:33","143","0","1956","LIED12CTRL/LLN0$Status","1234","5678",""
"10121","60.025381338","ipcas_21:73:33","143","0","1957","LIED12CTRL/LLN0$Status","1234","5678",""
"10122","60.027951201","ipcas_21:73:33","143","0","1958","LIED12CTRL/LLN0$Status","1234","5678",""
"10126","60.030319101","ipcas_21:73:33","143","0","1959","LIED12CTRL/LLN0$Status","1234","5678",""
"10127","60.032818660","ipcas_21:73:33","143","0","1960","LIED12CTRL/LLN0$Status","1234","5678",""
"10131","60.035338810","ipcas_21:73:33","143","0","1961","LIED12CTRL/LLN0$Status","1234","5678",""
"10135","60.037826678","ipcas_21:73:33","143","0","1962","LIED12CTRL/LLN0$Status","1234","5678",""
"10136","60.040399889","ipcas_21:73:33","143","0","1963","LIED12CTRL/LLN0$Status","1234","5678",""
"10140","60.042929857","ipcas_21:73:33","143","0","1964","LIED12CTRL/LLN0$Status","1234","5678",""
"10141","60.045318329","ipcas_21:73:33","143","0","1965","LIED12CTRL/LLN0$Status","1234","5678",""
"10142","60.047920077","ipcas_21:73:33","143","0","1966","LIED12CTRL/LLN0$Status","1234","5678",""
"10143","60.050312749","ipcas_21:73:33","143","0","1967","LIED12CTRL/LLN0$Status","1234","5678",""
"10144","60.052901304","ipcas_21:73:33","143","0","1968","LIED12CTRL/LLN0$Status","1234","5678",""
"10145","60.055398946","ipcas_21:73:33","143","0","1969","LIED12CTRL/LLN0$Status","1234","5678",""
"10146","60.057966410","ipcas_21:73:33","143","0","1970","LIED12CTRL/LLN0$Status","1234","5678",""
"10147","60.060412816","ipcas_21:73:33","143","0","1971","LIED12CTRL/LLN0$Status","1234","5678",""
"10148","60.062915527","ipcas_21:73:33","143","0","1972","LIED12CTRL/LLN0$Status","1234","5678",""
"10149","60.065490913","ipcas_21:73:33","143","0","1973","LIED12CTRL/LLN0$Status","1234","5678",""
"10150","60.067990199","ipcas_21:73:33","143","0","1974","LIED12CTRL/LLN0$Status","1234","5678",""
"10151","60.070545885","ipcas_21:73:33","143","0","1975","LIED12CTRL/LLN0$Status","1234","5678",""
"10152","60.072987860","ipcas_21:73:33","143","0","1976","LIED12CTRL/LLN0$Status","1234","5678",""
"10153","60.075497049","ipcas_21:73:33","143","0","1977","LIED12CTRL/LLN0$Status","1234","5678",""
"10154","60.077918599","ipcas_21:73:33","143","0","1978","LIED12CTRL/LLN0$Status","1234","5678",""
"10155","60.080512217","ipcas_21:73:33","143","0","1979","LIED12CTRL/LLN0$Status","1234","5678",""
"10156","60.082995477","ipcas_21:73:33","143","0","1980","LIED12CTRL/LLN0$Status","1234","5678",""
"10157","60.085544471","ipcas_21:73:33","143","0","1981","LIED12CTRL/LLN0$Status","1234","5678",""
"10158","60.088023999","ipcas_21:73:33","143","0","1982","LIED12CTRL/LLN0$Status","1234","5678",""
"10159","60.090452913","ipcas_21:73:33","143","0","1983","LIED12CTRL/LLN0$Status","1234","5678",""
"10160","60.092992751","ipcas_21:73:33","143","0","1984","LIED12CTRL/LLN0$Status","1234","5678",""
"10161","60.095363625","ipcas_21:73:33","143","0","1985","LIED12CTRL/LLN0$Status","1234","5678",""
"10162","60.097985937","ipcas_21:73:33","143","0","1986","LIED12CTRL/LLN0$Status","1234","5678",""
"10163","60.100376518","ipcas_21:73:33","143","0","1987","LIED12CTRL/LLN0$Status","1234","5678",""
"10164","60.102930054","ipcas_21:73:33","143","0","1988","LIED12CTRL/LLN0$Status","1234","5678",""
"10165","60.105982935","ipcas_21:73:33","143","0","1989","LIED12CTRL/LLN0$Status","1234","5678",""
"10166","60.108073674","ipcas_21:73:33","143","0","1990","LIED12CTRL/LLN0$Status","1234","5678",""
"10167","60.110367733","ipcas_21:73:33","143","0","1991","LIED12CTRL/LLN0$Status","1234","5678",""
"10168","60.113001728","ipcas_21:73:33","143","0","1992","LIED12CTRL/LLN0$Status","1234","5678",""
"10169","60.115496652","ipcas_21:73:33","143","0","1993","LIED12CTRL/LLN0$Status","1234","5678",""
"10170","60.117949618","ipcas_21:73:33","143","0","1994","LIED12CTRL/LLN0$Status","1234","5678",""
"10171","60.120531843","ipcas_21:73:33","143","0","1995","LIED12CTRL/LLN0$Status","1234","5678",""
"10172","60.122918940","ipcas_21:73:33","143","0","1996","LIED12CTRL/LLN0$Status","1234","5678",""
"10173","60.125373680","ipcas_21:73:33","143","0","1997","LIED12CTRL/LLN0$Status","1234","5678",""
"10174","60.128002342","ipcas_21:73:33","143","0","1998","LIED12CTRL/LLN0$Status","1234","5678",""
"10175","60.130487767","ipcas_21:73:33","143","0","1999","LIED12CTRL/LLN0$Status","1234","5678",""
"10176","60.132860681","ipcas_21:73:33","143","0","2000","LIED12CTRL/LLN0$Status","1234","5678",""
"10177","60.135355958","ipcas_21:73:33","143","0","2001","LIED12CTRL/LLN0$Status","1234","5678",""
"10178","60.138037212","ipcas_21:73:33","143","0","2002","LIED12CTRL/LLN0$Status","1234","5678",""
"10179","60.140492243","ipcas_21:73:33","143","0","2003","LIED12CTRL/LLN0$Status","1234","5678",""
"10180","60.142919088","ipcas_21:73:33","143","0","2004","LIED12CTRL/LLN0$Status","1234","5678",""
"10181","60.145346493","ipcas_21:73:33","143","0","2005","LIED12CTRL/LLN0$Status","1234","5678",""
"10182","60.148032745","ipcas_21:73:33","143","0","2006","LIED12CTRL/LLN0$Status","1234","5678",""
"10183","60.150463363","ipcas_21:73:33","143","0","2007","LIED12CTRL/LLN0$Status","1234","5678",""
"10184","60.152925827","ipcas_21:73:33","143","0","2008","LIED12CTRL/LLN0$Status","1234","5678",""
"10185","60.155356233","ipcas_21:73:33","143","0","2009","LIED12CTRL/LLN0$Status","1234","5678",""
"10186","60.158018748","ipcas_21:73:33","143","0","2010","LIED12CTRL/LLN0$Status","1234","5678",""
"10187","60.160554456","ipcas_21:73:33","143","0","2011","LIED12CTRL/LLN0$Status","1234","5678",""
"10188","60.162862189","ipcas_21:73:33","143","0","2012","LIED12CTRL/LLN0$Status","1234","5678",""
"10189","60.165531567","ipcas_21:73:33","143","0","2013","LIED12CTRL/LLN0$Status","1234","5678",""
"10190","60.167933114","ipcas_21:73:33","143","0","2014","LIED12CTRL/LLN0$Status","1234","5678",""
"10191","60.170603007","ipcas_21:73:33","143","0","2015","LIED12CTRL/LLN0$Status","1234","5678",""
"10192","60.172927004","ipcas_21:73:33","143","0","2016","LIED12CTRL/LLN0$Status","1234","5678",""
"10193","60.175474933","ipcas_21:73:33","143","0","2017","LIED12CTRL/LLN0$Status","1234","5678",""
"10194","60.177875493","ipcas_21:73:33","143","0","2018","LIED12CTRL/LLN0$Status","1234","5678",""
"10195","60.180395724","ipcas_21:73:33","143","0","2019","LIED12CTRL/LLN0$Status","1234","5678",""
"10196","60.182998643","ipcas_21:73:33","143","0","2020","LIED12CTRL/LLN0$Status","1234","5678",""
"10197","60.185461261","ipcas_21:73:33","143","0","2021","LIED12CTRL/LLN0$Status","1234","5678",""
"10198","60.187934214","ipcas_21:73:33","143","0","2022","LIED12CTRL/LLN0$Status","1234","5678",""
"10199","60.190489997","ipcas_21:73:33","143","0","2023","LIED12CTRL/LLN0$Status","1234","5678",""
"10200","60.192895569","ipcas_21:73:33","143","0","2024","LIED12CTRL/LLN0$Status","1234","5678",""
"10201","60.195397198","ipcas_21:73:33","143","0","2025","LIED12CTRL/LLN0$Status","1234","5678",""
"10202","60.197996914","ipcas_21:73:33","143","0","2026","LIED12CTRL/LLN0$Status","1234","5678",""
"10203","60.200503563","ipcas_21:73:33","143","0","2027","LIED12CTRL/LLN0$Status","1234","5678",""
"10204","60.203170833","ipcas_21:73:33","143","0","2028","LIED12CTRL/LLN0$Status","1234","5678",""
"10205","60.205492478","ipcas_21:73:33","143","0","2029","LIED12CTRL/LLN0$Status","1234","5678",""
"10206","60.207973546","ipcas_21:73:33","143","0","2030","LIED12CTRL/LLN0$Status","1234","5678",""
"10207","60.210471276","ipcas_21:73:33","143","0","2031","LIED12CTRL/LLN0$Status","1234","5678",""
"10208","60.212993442","ipcas_21:73:33","143","0","2032","LIED12CTRL/LLN0$Status","1234","5678",""
"10209","60.215497095","ipcas_21:73:33","143","0","2033","LIED12CTRL/LLN0$Status","1234","5678",""
"10210","60.218526483","ipcas_21:73:33","143","0","2034","LIED12CTRL/LLN0$Status","1234","5678",""
"10211","60.220396656","ipcas_21:73:33","143","0","2035","LIED12CTRL/LLN0$Status","1234","5678",""
"10212","60.222851188","ipcas_21:73:33","143","0","2036","LIED12CTRL/LLN0$Status","1234","5678",""
"10213","60.225649524","ipcas_21:73:33","143","0","2037","LIED12CTRL/LLN0$Status","1234","5678",""
"10214","60.228143702","ipcas_21:73:33","143","0","2038","LIED12CTRL/LLN0$Status","1234","5678",""
"10215","60.230345242","ipcas_21:73:33","143","0","2039","LIED12CTRL/LLN0$Status","1234","5678",""
"10216","60.232997226","ipcas_21:73:33","143","0","2040","LIED12CTRL/LLN0$Status","1234","5678",""
"10217","60.235364208","ipcas_21:73:33","143","0","2041","LIED12CTRL/LLN0$Status","1234","5678",""
"10218","60.238392433","ipcas_21:73:33","143","0","2042","LIED12CTRL/LLN0$Status","1234","5678",""
"10219","60.240370193","ipcas_21:73:33","143","0","2043","LIED12CTRL/LLN0$Status","1234","5678",""
"10220","60.242827725","ipcas_21:73:33","143","0","2044","LIED12CTRL/LLN0$Status","1234","5678",""
"10221","60.245408616","ipcas_21:73:33","143","0","2045","LIED12CTRL/LLN0$Status","1234","5678",""
"10222","60.247834109","ipcas_21:73:33","143","0","2046","LIED12CTRL/LLN0$Status","1234","5678",""
"10223","60.250481399","ipcas_21:73:33","143","0","2047","LIED12CTRL/LLN0$Status","1234","5678",""
"10224","60.252973606","ipcas_21:73:33","143","0","2048","LIED12CTRL/LLN0$Status","1234","5678",""
"10225","60.255386866","ipcas_21:73:33","143","0","2049","LIED12CTRL/LLN0$Status","1234","5678",""
"10226","60.258030905","ipcas_21:73:33","143","0","2050","LIED12CTRL/LLN0$Status","1234","5678",""
"10227","60.260374362","ipcas_21:73:33","143","0","2051","LIED12CTRL/LLN0$Status","1234","5678",""
"10228","60.262943254","ipcas_21:73:33","143","0","2052","LIED12CTRL/LLN0$Status","1234","5678",""
"10229","60.265422640","ipcas_21:73:33","143","0","2053","LIED12CTRL/LLN0$Status","1234","5678",""
"10230","60.267838582","ipcas_21:73:33","143","0","2054","LIED12CTRL/LLN0$Status","1234","5678",""
"10231","60.270486685","ipcas_21:73:33","143","0","2055","LIED12CTRL/LLN0$Status","1234","5678",""
"10232","60.272831137","ipcas_21:73:33","143","0","2056","LIED12CTRL/LLN0$Status","1234","5678",""
"10233","60.275335224","ipcas_21:73:33","143","0","2057","LIED12CTRL/LLN0$Status","1234","5678",""
"10234","60.277832387","ipcas_21:73:33","143","0","2058","LIED12CTRL/LLN0$Status","1234","5678",""
"10235","60.280411692","ipcas_21:73:33","143","0","2059","LIED12CTRL/LLN0$Status","1234","5678",""
"10236","60.282824400","ipcas_21:73:33","143","0","2060","LIED12CTRL/LLN0$Status","1234","5678",""
"10237","60.285410329","ipcas_21:73:33","143","0","2061","LIED12CTRL/LLN0$Status","1234","5678",""
"10238","60.287963239","ipcas_21:73:33","143","0","2062","LIED12CTRL/LLN0$Status","1234","5678",""
"10239","60.290327346","ipcas_21:73:33","143","0","2063","LIED12CTRL/LLN0$Status","1234","5678",""
"10240","60.292840911","ipcas_21:73:33","143","0","2064","LIED12CTRL/LLN0$Status","1234","5678",""
"10241","60.295405904","ipcas_21:73:33","143","0","2065","LIED12CTRL/LLN0$Status","1234","5678",""
"10242","60.297836130","ipcas_21:73:33","143","0","2066","LIED12CTRL/LLN0$Status","1234","5678",""
"10243","60.300448018","ipcas_21:73:33","143","0","2067","LIED12CTRL/LLN0$Status","1234","5678",""
"10244","60.303003224","ipcas_21:73:33","143","0","2068","LIED12CTRL/LLN0$Status","1234","5678",""
"10245","60.305506346","ipcas_21:73:33","143","0","2069","LIED12CTRL/LLN0$Status","1234","5678",""
"10246","60.308434997","ipcas_21:73:33","143","0","2070","LIED12CTRL/LLN0$Status","1234","5678",""
"10247","60.310498050","ipcas_21:73:33","143","0","2071","LIED12CTRL/LLN0$Status","1234","5678",""
"10248","60.312911785","ipcas_21:73:33","143","0","2072","LIED12CTRL/LLN0$Status","1234","5678",""
"10249","60.315516582","ipcas_21:73:33","143","0","2073","LIED12CTRL/LLN0$Status","1234","5678",""
"10250","60.317960921","ipcas_21:73:33","143","0","2074","LIED12CTRL/LLN0$Status","1234","5678",""
"10251","60.320487491","ipcas_21:73:33","143","0","2075","LIED12CTRL/LLN0$Status","1234","5678",""
"10252","60.322971358","ipcas_21:73:33","143","0","2076","LIED12CTRL/LLN0$Status","1234","5678",""
"10253","60.325410619","ipcas_21:73:33","143","0","2077","LIED12CTRL/LLN0$Status","1234","5678",""
"10254","60.327974756","ipcas_21:73:33","143","0","2078","LIED12CTRL/LLN0$Status","1234","5678",""
"10255","60.330417451","ipcas_21:73:33","143","0","2079","LIED12CTRL/LLN0$Status","1234","5678",""
"10256","60.332894776","ipcas_21:73:33","143","0","2080","LIED12CTRL/LLN0$Status","1234","5678",""
"10257","60.335364565","ipcas_21:73:33","143","0","2081","LIED12CTRL/LLN0$Status","1234","5678",""
"10258","60.337965474","ipcas_21:73:33","143","0","2082","LIED12CTRL/LLN0$Status","1234","5678",""
"10259","60.340387077","ipcas_21:73:33","143","0","2083","LIED12CTRL/LLN0$Status","1234","5678",""
"10260","60.342997247","ipcas_21:73:33","143","0","2084","LIED12CTRL/LLN0$Status","1234","5678",""
"10261","60.345377790","ipcas_21:73:33","143","0","2085","LIED12CTRL/LLN0$Status","1234","5678",""
"10262","60.347879393","ipcas_21:73:33","143","0","2086","LIED12CTRL/LLN0$Status","1234","5678",""
"10263","60.350496977","ipcas_21:73:33","143","0","2087","LIED12CTRL/LLN0$Status","1234","5678",""
"10264","60.352998442","ipcas_21:73:33","143","0","2088","LIED12CTRL/LLN0$Status","1234","5678",""
"10265","60.355717721","ipcas_21:73:33","143","0","2089","LIED12CTRL/LLN0$Status","1234","5678",""
"10266","60.357919238","ipcas_21:73:33","143","0","2090","LIED12CTRL/LLN0$Status","1234","5678",""
"10267","60.360599089","ipcas_21:73:33","143","0","2091","LIED12CTRL/LLN0$Status","1234","5678",""
"10268","60.362979664","ipcas_21:73:33","143","0","2092","LIED12CTRL/LLN0$Status","1234","5678",""
"10269","60.365471363","ipcas_21:73:33","143","0","2093","LIED12CTRL/LLN0$Status","1234","5678",""
"10270","60.367949792","ipcas_21:73:33","143","0","2094","LIED12CTRL/LLN0$Status","1234","5678",""
"10271","60.370380340","ipcas_21:73:33","143","0","2095","LIED12CTRL/LLN0$Status","1234","5678",""
"10272","60.373128033","ipcas_21:73:33","143","0","2096","LIED12CTRL/LLN0$Status","1234","5678",""
"10273","60.375519522","ipcas_21:73:33","143","0","2097","LIED12CTRL/LLN0$Status","1234","5678",""
"10274","60.377984855","ipcas_21:73:33","143","0","2098","LIED12CTRL/LLN0$Status","1234","5678",""
"10275","60.380414905","ipcas_21:73:33","143","0","2099","LIED12CTRL/LLN0$Status","1234","5678",""
"10276","60.382891513","ipcas_21:73:33","143","0","2100","LIED12CTRL/LLN0$Status","1234","5678",""
"10277","60.385441429","ipcas_21:73:33","143","0","2101","LIED12CTRL/LLN0$Status","1234","5678",""
"10278","60.388155181","ipcas_21:73:33","143","0","2102","LIED12CTRL/LLN0$Status","1234","5678",""
"10279","60.390575915","ipcas_21:73:33","143","0","2103","LIED12CTRL/LLN0$Status","1234","5678",""
"10280","60.393005204","ipcas_21:73:33","143","0","2104","LIED12CTRL/LLN0$Status","1234","5678",""
"10281","60.395488405","ipcas_21:73:33","143","0","2105","LIED12CTRL/LLN0$Status","1234","5678",""
"10282","60.398104568","ipcas_21:73:33","143","0","2106","LIED12CTRL/LLN0$Status","1234","5678",""
"10283","60.400422305","ipcas_21:73:33","143","0","2107","LIED12CTRL/LLN0$Status","1234","5678",""
"10284","60.402925359","ipcas_21:73:33","143","0","2108","LIED12CTRL/LLN0$Status","1234","5678",""
"10285","60.405415109","ipcas_21:73:33","143","0","2109","LIED12CTRL/LLN0$Status","1234","5678",""
"10286","60.408764371","ipcas_21:73:33","143","0","2110","LIED12CTRL/LLN0$Status","1234","5678",""
"10287","60.410513290","ipcas_21:73:33","143","0","2111","LIED12CTRL/LLN0$Status","1234","5678",""
"10288","60.412882230","ipcas_21:73:33","143","0","2112","LIED12CTRL/LLN0$Status","1234","5678",""
"10289","60.415618212","ipcas_21:73:33","143","0","2113","LIED12CTRL/LLN0$Status","1234","5678",""
"10291","60.418050599","ipcas_21:73:33","143","0","2114","LIED12CTRL/LLN0$Status","1234","5678",""
"10292","60.420623302","ipcas_21:73:33","143","0","2115","LIED12CTRL/LLN0$Status","1234","5678",""
"10293","60.422985559","ipcas_21:73:33","143","0","2116","LIED12CTRL/LLN0$Status","1234","5678",""
"10294","60.425362903","ipcas_21:73:33","143","0","2117","LIED12CTRL/LLN0$Status","1234","5678",""
"10295","60.427928377","ipcas_21:73:33","143","0","2118","LIED12CTRL/LLN0$Status","1234","5678",""
"10296","60.430495675","ipcas_21:73:33","143","0","2119","LIED12CTRL/LLN0$Status","1234","5678",""
"10297","60.432992477","ipcas_21:73:33","143","0","2120","LIED12CTRL/LLN0$Status","1234","5678",""
"10298","60.435785241","ipcas_21:73:33","143","0","2121","LIED12CTRL/LLN0$Status","1234","5678",""
"10299","60.438045629","ipcas_21:73:33","143","0","2122","LIED12CTRL/LLN0$Status","1234","5678",""
"10300","60.440339758","ipcas_21:73:33","143","0","2123","LIED12CTRL/LLN0$Status","1234","5678",""
"10301","60.443034061","ipcas_21:73:33","143","0","2124","LIED12CTRL/LLN0$Status","1234","5678",""
"10302","60.445352305","ipcas_21:73:33","143","0","2125","LIED12CTRL/LLN0$Status","1234","5678",""
"10303","60.448013182","ipcas_21:73:33","143","0","2126","LIED12CTRL/LLN0$Status","1234","5678",""
"10304","60.450609418","ipcas_21:73:33","143","0","2127","LIED12CTRL/LLN0$Status","1234","5678",""
"10305","60.452996275","ipcas_21:73:33","143","0","2128","LIED12CTRL/LLN0$Status","1234","5678",""
"10306","60.455468459","ipcas_21:73:33","143","0","2129","LIED12CTRL/LLN0$Status","1234","5678",""
"10307","60.457959687","ipcas_21:73:33","143","0","2130","LIED12CTRL/LLN0$Status","1234","5678",""
"10308","60.460393957","ipcas_21:73:33","143","0","2131","LIED12CTRL/LLN0$Status","1234","5678",""
"10309","60.462867647","ipcas_21:73:33","143","0","2132","LIED12CTRL/LLN0$Status","1234","5678",""
"10310","60.465362346","ipcas_21:73:33","143","0","2133","LIED12CTRL/LLN0$Status","1234","5678",""
"10311","60.467834417","ipcas_21:73:33","143","0","2134","LIED12CTRL/LLN0$Status","1234","5678",""
"10312","60.470530699","ipcas_21:73:33","143","0","2135","LIED12CTRL/LLN0$Status","1234","5678",""
"10313","60.472901849","ipcas_21:73:33","143","0","2136","LIED12CTRL/LLN0$Status","1234","5678",""
"10314","60.475370086","ipcas_21:73:33","143","0","2137","LIED12CTRL/LLN0$Status","1234","5678",""
"10315","60.478005024","ipcas_21:73:33","143","0","2138","LIED12CTRL/LLN0$Status","1234","5678",""
"10316","60.480466576","ipcas_21:73:33","143","0","2139","LIED12CTRL/LLN0$Status","1234","5678",""
"10317","60.482972272","ipcas_21:73:33","143","0","2140","LIED12CTRL/LLN0$Status","1234","5678",""
"10318","60.485383875","ipcas_21:73:33","143","0","2141","LIED12CTRL/LLN0$Status","1234","5678",""
"10319","60.487883458","ipcas_21:73:33","143","0","2142","LIED12CTRL/LLN0$Status","1234","5678",""
"10320","60.490391662","ipcas_21:73:33","143","0","2143","LIED12CTRL/LLN0$Status","1234","5678",""
"10321","60.492912832","ipcas_21:73:33","143","0","2144","LIED12CTRL/LLN0$Status","1234","5678",""
"10322","60.495625282","ipcas_21:73:33","143","0","2145","LIED12CTRL/LLN0$Status","1234","5678",""
"10323","60.497974759","ipcas_21:73:33","143","0","2146","LIED12CTRL/LLN0$Status","1234","5678",""
"10324","60.500602209","ipcas_21:73:33","143","0","2147","LIED12CTRL/LLN0$Status","1234","5678",""
"10325","60.502927648","ipcas_21:73:33","143","0","2148","LIED12CTRL/LLN0$Status","1234","5678",""
"10326","60.505513385","ipcas_21:73:33","143","0","2149","LIED12CTRL/LLN0$Status","1234","5678",""
"10327","60.508069724","ipcas_21:73:33","143","0","2150","LIED12CTRL/LLN0$Status","1234","5678",""
"10328","60.510480242","ipcas_21:73:33","143","0","2151","LIED12CTRL/LLN0$Status","1234","5678",""
"10329","60.512933151","ipcas_21:73:33","143","0","2152","LIED12CTRL/LLN0$Status","1234","5678",""
"10330","60.516700898","ipcas_21:73:33","143","0","2153","LIED12CTRL/LLN0$Status","1234","5678",""
"10331","60.520449647","ipcas_21:73:33","143","0","2154","LIED12CTRL/LLN0$Status","1234","5678",""
"10332","60.524194728","ipcas_21:73:33","143","0","2155","LIED12CTRL/LLN0$Status","1234","5678",""
"10335","60.527634055","ipcas_21:73:33","143","0","2156","LIED12CTRL/LLN0$Status","1234","5678",""
"10336","60.530456348","ipcas_21:73:33","143","0","2157","LIED12CTRL/LLN0$Status","1234","5678",""
"10337","60.532983615","ipcas_21:73:33","143","0","2158","LIED12CTRL/LLN0$Status","1234","5678",""
"10338","60.535449301","ipcas_21:73:33","143","0","2159","LIED12CTRL/LLN0$Status","1234","5678",""
"10339","60.538095993","ipcas_21:73:33","143","0","2160","LIED12CTRL/LLN0$Status","1234","5678",""
"10340","60.540546410","ipcas_21:73:33","143","0","2161","LIED12CTRL/LLN0$Status","1234","5678",""
"10341","60.543039856","ipcas_21:73:33","143","0","2162","LIED12CTRL/LLN0$Status","1234","5678",""
"10342","60.545414304","ipcas_21:73:33","143","0","2163","LIED12CTRL/LLN0$Status","1234","5678",""
"10343","60.547987937","ipcas_21:73:33","143","0","2164","LIED12CTRL/LLN0$Status","1234","5678",""
"10344","60.550566134","ipcas_21:73:33","143","0","2165","LIED12CTRL/LLN0$Status","1234","5678",""
"10348","60.553098753","ipcas_21:73:33","143","0","2166","LIED12CTRL/LLN0$Status","1234","5678",""
"10355","60.556627898","ipcas_21:73:33","143","0","2167","LIED12CTRL/LLN0$Status","1234","5678",""
"10356","60.559230110","ipcas_21:73:33","143","0","2168","LIED12CTRL/LLN0$Status","1234","5678",""
"10360","60.561590275","ipcas_21:73:33","143","0","2169","LIED12CTRL/LLN0$Status","1234","5678",""
"10361","60.564229758","ipcas_21:73:33","143","0","2170","LIED12CTRL/LLN0$Status","1234","5678",""
"10365","60.566722948","ipcas_21:73:33","143","0","2171","LIED12CTRL/LLN0$Status","1234","5678",""
"10369","60.569248633","ipcas_21:73:33","143","0","2172","LIED12CTRL/LLN0$Status","1234","5678",""
"10370","60.571737739","ipcas_21:73:33","143","0","2173","LIED12CTRL/LLN0$Status","1234","5678",""
"10374","60.574488146","ipcas_21:73:33","143","0","2174","LIED12CTRL/LLN0$Status","1234","5678",""
"10377","60.577974155","ipcas_21:73:33","143","0","2175","LIED12CTRL/LLN0$Status","1234","5678",""
"10378","60.580483490","ipcas_21:73:33","143","0","2176","LIED12CTRL/LLN0$Status","1234","5678",""
"10379","60.583306168","ipcas_21:73:33","143","0","2177","LIED12CTRL/LLN0$Status","1234","5678",""
"10380","60.585508015","ipcas_21:73:33","143","0","2178","LIED12CTRL/LLN0$Status","1234","5678",""
"10381","60.587928444","ipcas_21:73:33","143","0","2179","LIED12CTRL/LLN0$Status","1234","5678",""
"10382","60.590491724","ipcas_21:73:33","143","0","2180","LIED12CTRL/LLN0$Status","1234","5678",""
"10383","60.592954410","ipcas_21:73:33","143","0","2181","LIED12CTRL/LLN0$Status","1234","5678",""
"10384","60.595466308","ipcas_21:73:33","143","0","2182","LIED12CTRL/LLN0$Status","1234","5678",""
"10385","60.598221103","ipcas_21:73:33","143","0","2183","LIED12CTRL/LLN0$Status","1234","5678",""
"10386","60.600521157","ipcas_21:73:33","143","0","2184","LIED12CTRL/LLN0$Status","1234","5678",""
"10387","60.603028060","ipcas_21:73:33","143","0","2185","LIED12CTRL/LLN0$Status","1234","5678",""
"10388","60.605528743","ipcas_21:73:33","143","0","2186","LIED12CTRL/LLN0$Status","1234","5678",""
"10389","60.608376186","ipcas_21:73:33","143","0","2187","LIED12CTRL/LLN0$Status","1234","5678",""
"10390","60.610748501","ipcas_21:73:33","143","0","2188","LIED12CTRL/LLN0$Status","1234","5678",""
"10391","60.612974056","ipcas_21:73:33","143","0","2189","LIED12CTRL/LLN0$Status","1234","5678",""
"10392","60.615475455","ipcas_21:73:33","143","0","2190","LIED12CTRL/LLN0$Status","1234","5678",""
"10393","60.617980596","ipcas_21:73:33","143","0","2191","LIED12CTRL/LLN0$Status","1234","5678",""
"10394","60.620536523","ipcas_21:73:33","143","0","2192","LIED12CTRL/LLN0$Status","1234","5678",""
"10395","60.622976592","ipcas_21:73:33","143","0","2193","LIED12CTRL/LLN0$Status","1234","5678",""
"10396","60.625473627","ipcas_21:73:33","143","0","2194","LIED12CTRL/LLN0$Status","1234","5678",""
"10397","60.627911339","ipcas_21:73:33","143","0","2195","LIED12CTRL/LLN0$Status","1234","5678",""
"10398","60.630534826","ipcas_21:73:33","143","0","2196","LIED12CTRL/LLN0$Status","1234","5678",""
"10399","60.633012365","ipcas_21:73:33","143","0","2197","LIED12CTRL/LLN0$Status","1234","5678",""
"10400","60.635517936","ipcas_21:73:33","143","0","2198","LIED12CTRL/LLN0$Status","1234","5678",""
"10401","60.638012661","ipcas_21:73:33","143","0","2199","LIED12CTRL/LLN0$Status","1234","5678",""
"10402","60.640519796","ipcas_21:73:33","143","0","2200","LIED12CTRL/LLN0$Status","1234","5678",""
"10403","60.643012056","ipcas_21:73:33","143","0","2201","LIED12CTRL/LLN0$Status","1234","5678",""
"10404","60.645522706","ipcas_21:73:33","143","0","2202","LIED12CTRL/LLN0$Status","1234","5678",""
"10405","60.648050544","ipcas_21:73:33","143","0","2203","LIED12CTRL/LLN0$Status","1234","5678",""
"10406","60.650520621","ipcas_21:73:33","143","0","2204","LIED12CTRL/LLN0$Status","1234","5678",""
"10407","60.652987051","ipcas_21:73:33","143","0","2205","LIED12CTRL/LLN0$Status","1234","5678",""
"10408","60.655478305","ipcas_21:73:33","143","0","2206","LIED12CTRL/LLN0$Status","1234","5678",""
"10409","60.657969449","ipcas_21:73:33","143","0","2207","LIED12CTRL/LLN0$Status","1234","5678",""
"10410","60.660473634","ipcas_21:73:33","143","0","2208","LIED12CTRL/LLN0$Status","1234","5678",""
"10411","60.662973870","ipcas_21:73:33","143","0","2209","LIED12CTRL/LLN0$Status","1234","5678",""
"10412","60.665490399","ipcas_21:73:33","143","0","2210","LIED12CTRL/LLN0$Status","1234","5678",""
"10413","60.667877537","ipcas_21:73:33","143","0","2211","LIED12CTRL/LLN0$Status","1234","5678",""
"10414","60.670480406","ipcas_21:73:33","143","0","2212","LIED12CTRL/LLN0$Status","1234","5678",""
"10415","60.672971076","ipcas_21:73:33","143","0","2213","LIED12CTRL/LLN0$Status","1234","5678",""
"10416","60.675410842","ipcas_21:73:33","143","0","2214","LIED12CTRL/LLN0$Status","1234","5678",""
"10417","60.677860026","ipcas_21:73:33","143","0","2215","LIED12CTRL/LLN0$Status","1234","5678",""
"10418","60.680357378","ipcas_21:73:33","143","0","2216","LIED12CTRL/LLN0$Status","1234","5678",""
"10419","60.683030013","ipcas_21:73:33","143","0","2217","LIED12CTRL/LLN0$Status","1234","5678",""
"10420","60.685414967","ipcas_21:73:33","143","0","2218","LIED12CTRL/LLN0$Status","1234","5678",""
"10421","60.688027053","ipcas_21:73:33","143","0","2219","LIED12CTRL/LLN0$Status","1234","5678",""
"10422","60.690519073","ipcas_21:73:33","143","0","2220","LIED12CTRL/LLN0$Status","1234","5678",""
"10423","60.693016950","ipcas_21:73:33","143","0","2221","LIED12CTRL/LLN0$Status","1234","5678",""
"10424","60.695512982","ipcas_21:73:33","143","0","2222","LIED12CTRL/LLN0$Status","1234","5678",""
"10425","60.698023713","ipcas_21:73:33","143","0","2223","LIED12CTRL/LLN0$Status","1234","5678",""
"10426","60.700521666","ipcas_21:73:33","143","0","2224","LIED12CTRL/LLN0$Status","1234","5678",""
"10427","60.703035081","ipcas_21:73:33","143","0","2225","LIED12CTRL/LLN0$Status","1234","5678",""
"10428","60.705516443","ipcas_21:73:33","143","0","2226","LIED12CTRL/LLN0$Status","1234","5678",""
"10429","60.708311980","ipcas_21:73:33","143","0","2227","LIED12CTRL/LLN0$Status","1234","5678",""
"10430","60.710526911","ipcas_21:73:33","143","0","2228","LIED12CTRL/LLN0$Status","1234","5678",""
"10431","60.713018054","ipcas_21:73:33","143","0","2229","LIED12CTRL/LLN0$Status","1234","5678",""
"10432","60.715523505","ipcas_21:73:33","143","0","2230","LIED12CTRL/LLN0$Status","1234","5678",""
"10433","60.718014910","ipcas_21:73:33","143","0","2231","LIED12CTRL/LLN0$Status","1234","5678",""
"10434","60.720521306","ipcas_21:73:33","143","0","2232","LIED12CTRL/LLN0$Status","1234","5678",""
"10435","60.723018481","ipcas_21:73:33","143","0","2233","LIED12CTRL/LLN0$Status","1234","5678",""
"10436","60.725512910","ipcas_21:73:33","143","0","2234","LIED12CTRL/LLN0$Status","1234","5678",""
"10437","60.728013670","ipcas_21:73:33","143","0","2235","LIED12CTRL/LLN0$Status","1234","5678",""
"10438","60.730465345","ipcas_21:73:33","143","0","2236","LIED12CTRL/LLN0$Status","1234","5678",""
"10439","60.732896595","ipcas_21:73:33","143","0","2237","LIED12CTRL/LLN0$Status","1234","5678",""
"10440","60.735673585","ipcas_21:73:33","143","0","2238","LIED12CTRL/LLN0$Status","1234","5678",""
"10441","60.737998257","ipcas_21:73:33","143","0","2239","LIED12CTRL/LLN0$Status","1234","5678",""
"10442","60.740795414","ipcas_21:73:33","143","0","2240","LIED12CTRL/LLN0$Status","1234","5678",""
"10443","60.743360028","ipcas_21:73:33","143","0","2241","LIED12CTRL/LLN0$Status","1234","5678",""
"10444","60.745483381","ipcas_21:73:33","143","0","2242","LIED12CTRL/LLN0$Status","1234","5678",""
"10445","60.748049953","ipcas_21:73:33","143","0","2243","LIED12CTRL/LLN0$Status","1234","5678",""
"10446","60.751677462","ipcas_21:73:33","143","0","2244","LIED12CTRL/LLN0$Status","1234","5678",""
"10447","60.754128665","ipcas_21:73:33","143","0","2245","LIED12CTRL/LLN0$Status","1234","5678",""
"10448","60.756661373","ipcas_21:73:33","143","0","2246","LIED12CTRL/LLN0$Status","1234","5678",""
"10449","60.759331187","ipcas_21:73:33","143","0","2247","LIED12CTRL/LLN0$Status","1234","5678",""
"10450","60.761651525","ipcas_21:73:33","143","0","2248","LIED12CTRL/LLN0$Status","1234","5678",""
"10451","60.764215590","ipcas_21:73:33","143","0","2249","LIED12CTRL/LLN0$Status","1234","5678",""
"10452","60.766675440","ipcas_21:73:33","143","0","2250","LIED12CTRL/LLN0$Status","1234","5678",""
"10453","60.769223849","ipcas_21:73:33","143","0","2251","LIED12CTRL/LLN0$Status","1234","5678",""
"10454","60.771649422","ipcas_21:73:33","143","0","2252","LIED12CTRL/LLN0$Status","1234","5678",""
"10455","60.774304389","ipcas_21:73:33","143","0","2253","LIED12CTRL/LLN0$Status","1234","5678",""
"10456","60.776604836","ipcas_21:73:33","143","0","2254","LIED12CTRL/LLN0$Status","1234","5678",""
"10457","60.779102842","ipcas_21:73:33","143","0","2255","LIED12CTRL/LLN0$Status","1234","5678",""
"10458","60.781612100","ipcas_21:73:33","143","0","2256","LIED12CTRL/LLN0$Status","1234","5678",""
"10459","60.784150147","ipcas_21:73:33","143","0","2257","LIED12CTRL/LLN0$Status","1234","5678",""
"10460","60.786648056","ipcas_21:73:33","143","0","2258","LIED12CTRL/LLN0$Status","1234","5678",""
"10461","60.789076321","ipcas_21:73:33","143","0","2259","LIED12CTRL/LLN0$Status","1234","5678",""
"10462","60.791547259","ipcas_21:73:33","143","0","2260","LIED12CTRL/LLN0$Status","1234","5678",""
"10463","60.794046567","ipcas_21:73:33","143","0","2261","LIED12CTRL/LLN0$Status","1234","5678",""
"10464","60.796630842","ipcas_21:73:33","143","0","2262","LIED12CTRL/LLN0$Status","1234","5678",""
"10465","60.799075276","ipcas_21:73:33","143","0","2263","LIED12CTRL/LLN0$Status","1234","5678",""
"10466","60.801735194","ipcas_21:73:33","143","0","2264","LIED12CTRL/LLN0$Status","1234","5678",""
"10467","60.804178865","ipcas_21:73:33","143","0","2265","LIED12CTRL/LLN0$Status","1234","5678",""
"10468","60.806692318","ipcas_21:73:33","143","0","2266","LIED12CTRL/LLN0$Status","1234","5678",""
"10469","60.809504055","ipcas_21:73:33","143","0","2267","LIED12CTRL/LLN0$Status","1234","5678",""
"10470","60.811679538","ipcas_21:73:33","143","0","2268","LIED12CTRL/LLN0$Status","1234","5678",""
"10471","60.814241942","ipcas_21:73:33","143","0","2269","LIED12CTRL/LLN0$Status","1234","5678",""
"10472","60.816593134","ipcas_21:73:33","143","0","2270","LIED12CTRL/LLN0$Status","1234","5678",""
"10473","60.819172427","ipcas_21:73:33","143","0","2271","LIED12CTRL/LLN0$Status","1234","5678",""
"10474","60.821586071","ipcas_21:73:33","143","0","2272","LIED12CTRL/LLN0$Status","1234","5678",""
"10475","60.824202136","ipcas_21:73:33","143","0","2273","LIED12CTRL/LLN0$Status","1234","5678",""
"10476","60.826593782","ipcas_21:73:33","143","0","2274","LIED12CTRL/LLN0$Status","1234","5678",""
"10477","60.829141981","ipcas_21:73:33","143","0","2275","LIED12CTRL/LLN0$Status","1234","5678",""
"10478","60.831681929","ipcas_21:73:33","143","0","2276","LIED12CTRL/LLN0$Status","1234","5678",""
"10479","60.834247034","ipcas_21:73:33","143","0","2277","LIED12CTRL/LLN0$Status","1234","5678",""
"10480","60.836648896","ipcas_21:73:33","143","0","2278","LIED12CTRL/LLN0$Status","1234","5678",""
"10481","60.839213486","ipcas_21:73:33","143","0","2279","LIED12CTRL/LLN0$Status","1234","5678",""
"10482","60.841731553","ipcas_21:73:33","143","0","2280","LIED12CTRL/LLN0$Status","1234","5678",""
"10483","60.844315546","ipcas_21:73:33","143","0","2281","LIED12CTRL/LLN0$Status","1234","5678",""
"10484","60.846741061","ipcas_21:73:33","143","0","2282","LIED12CTRL/LLN0$Status","1234","5678",""
"10485","60.849209810","ipcas_21:73:33","143","0","2283","LIED12CTRL/LLN0$Status","1234","5678",""
"10486","60.851734258","ipcas_21:73:33","143","0","2284","LIED12CTRL/LLN0$Status","1234","5678",""
"10487","60.854270096","ipcas_21:73:33","143","0","2285","LIED12CTRL/LLN0$Status","1234","5678",""
"10488","60.856713574","ipcas_21:73:33","143","0","2286","LIED12CTRL/LLN0$Status","1234","5678",""
"10489","60.859274242","ipcas_21:73:33","143","0","2287","LIED12CTRL/LLN0$Status","1234","5678",""
"10490","60.861633668","ipcas_21:73:33","143","0","2288","LIED12CTRL/LLN0$Status","1234","5678",""
"10491","60.864274175","ipcas_21:73:33","143","0","2289","LIED12CTRL/LLN0$Status","1234","5678",""
"10492","60.866692734","ipcas_21:73:33","143","0","2290","LIED12CTRL/LLN0$Status","1234","5678",""
"10493","60.869162559","ipcas_21:73:33","143","0","2291","LIED12CTRL/LLN0$Status","1234","5678",""
"10494","60.871576784","ipcas_21:73:33","143","0","2292","LIED12CTRL/LLN0$Status","1234","5678",""
"10495","60.874437441","ipcas_21:73:33","143","0","2293","LIED12CTRL/LLN0$Status","1234","5678",""
"10496","60.877862093","ipcas_21:73:33","143","0","2294","LIED12CTRL/LLN0$Status","1234","5678",""
"10497","60.880396807","ipcas_21:73:33","143","0","2295","LIED12CTRL/LLN0$Status","1234","5678",""
"10498","60.882972152","ipcas_21:73:33","143","0","2296","LIED12CTRL/LLN0$Status","1234","5678",""
"10499","60.885382298","ipcas_21:73:33","143","0","2297","LIED12CTRL/LLN0$Status","1234","5678",""
"10500","60.887856850","ipcas_21:73:33","143","0","2298","LIED12CTRL/LLN0$Status","1234","5678",""
"10501","60.890474522","ipcas_21:73:33","143","0","2299","LIED12CTRL/LLN0$Status","1234","5678",""
"10502","60.892976148","ipcas_21:73:33","143","0","2300","LIED12CTRL/LLN0$Status","1234","5678",""
"10503","60.895507317","ipcas_21:73:33","143","0","2301","LIED12CTRL/LLN0$Status","1234","5678",""
"10504","60.899130638","ipcas_21:73:33","143","0","2302","LIED12CTRL/LLN0$Status","1234","5678",""
"10505","60.901648472","ipcas_21:73:33","143","0","2303","LIED12CTRL/LLN0$Status","1234","5678",""
"10506","60.904235183","ipcas_21:73:33","143","0","2304","LIED12CTRL/LLN0$Status","1234","5678",""
"10507","60.906690338","ipcas_21:73:33","143","0","2305","LIED12CTRL/LLN0$Status","1234","5678",""
"10508","60.909200964","ipcas_21:73:33","143","0","2306","LIED12CTRL/LLN0$Status","1234","5678",""
"10509","60.911772104","ipcas_21:73:33","143","0","2307","LIED12CTRL/LLN0$Status","1234","5678",""
"10510","60.914245757","ipcas_21:73:33","143","0","2308","LIED12CTRL/LLN0$Status","1234","5678",""
"10511","60.916635775","ipcas_21:73:33","143","0","2309","LIED12CTRL/LLN0$Status","1234","5678",""
"10512","60.919237191","ipcas_21:73:33","143","0","2310","LIED12CTRL/LLN0$Status","1234","5678",""
"10513","60.921649719","ipcas_21:73:33","143","0","2311","LIED12CTRL/LLN0$Status","1234","5678",""
"10514","60.924135864","ipcas_21:73:33","143","0","2312","LIED12CTRL/LLN0$Status","1234","5678",""
"10515","60.926636366","ipcas_21:73:33","143","0","2313","LIED12CTRL/LLN0$Status","1234","5678",""
"10516","60.929146052","ipcas_21:73:33","143","0","2314","LIED12CTRL/LLN0$Status","1234","5678",""
"10517","60.931638384","ipcas_21:73:33","143","0","2315","LIED12CTRL/LLN0$Status","1234","5678",""
"10518","60.934199532","ipcas_21:73:33","143","0","2316","LIED12CTRL/LLN0$Status","1234","5678",""
"10519","60.936647163","ipcas_21:73:33","143","0","2317","LIED12CTRL/LLN0$Status","1234","5678",""
"10520","60.940743618","ipcas_21:73:33","143","0","2318","LIED12CTRL/LLN0$Status","1234","5678",""
"10521","60.944282104","ipcas_21:73:33","143","0","2319","LIED12CTRL/LLN0$Status","1234","5678",""
"10522","60.946646282","ipcas_21:73:33","143","0","2320","LIED12CTRL/LLN0$Status","1234","5678",""
"10523","60.949136414","ipcas_21:73:33","143","0","2321","LIED12CTRL/LLN0$Status","1234","5678",""
"10524","60.951753306","ipcas_21:73:33","143","0","2322","LIED12CTRL/LLN0$Status","1234","5678",""
"10525","60.954246753","ipcas_21:73:33","143","0","2323","LIED12CTRL/LLN0$Status","1234","5678",""
"10526","60.956684043","ipcas_21:73:33","143","0","2324","LIED12CTRL/LLN0$Status","1234","5678",""
"10527","60.959288538","ipcas_21:73:33","143","0","2325","LIED12CTRL/LLN0$Status","1234","5678",""
"10528","60.961786021","ipcas_21:73:33","143","0","2326","LIED12CTRL/LLN0$Status","1234","5678",""
"10529","60.964279000","ipcas_21:73:33","143","0","2327","LIED12CTRL/LLN0$Status","1234","5678",""
"10530","60.966804923","ipcas_21:73:33","143","0","2328","LIED12CTRL/LLN0$Status","1234","5678",""
"10531","60.969253185","ipcas_21:73:33","143","0","2329","LIED12CTRL/LLN0$Status","1234","5678",""
"10532","60.971786401","ipcas_21:73:33","143","0","2330","LIED12CTRL/LLN0$Status","1234","5678",""
"10533","60.975954573","ipcas_21:73:33","143","0","2331","LIED12CTRL/LLN0$Status","1234","5678",""
"10534","60.979284748","ipcas_21:73:33","143","0","2332","LIED12CTRL/LLN0$Status","1234","5678",""
"10535","60.981870583","ipcas_21:73:33","143","0","2333","LIED12CTRL/LLN0$Status","1234","5678",""
"10536","60.984197864","ipcas_21:73:33","143","0","2334","LIED12CTRL/LLN0$Status","1234","5678",""
"10537","60.986646738","ipcas_21:73:33","143","0","2335","LIED12CTRL/LLN0$Status","1234","5678",""
"10538","60.989266573","ipcas_21:73:33","143","0","2336","LIED12CTRL/LLN0$Status","1234","5678",""
"10539","60.991696189","ipcas_21:73:33","143","0","2337","LIED12CTRL/LLN0$Status","1234","5678",""
"10540","60.994135798","ipcas_21:73:33","143","0","2338","LIED12CTRL/LLN0$Status","1234","5678",""
"10541","60.996836945","ipcas_21:73:33","143","0","2339","LIED12CTRL/LLN0$Status","1234","5678",""
"10543","60.999560540","ipcas_21:73:33","143","0","2340","LIED12CTRL/LLN0$Status","1234","5678",""
"10544","61.001768098","ipcas_21:73:33","143","0","2341","LIED12CTRL/LLN0$Status","1234","5678",""
"10545","61.004176496","ipcas_21:73:33","143","0","2342","LIED12CTRL/LLN0$Status","1234","5678",""
"10546","61.006742071","ipcas_21:73:33","143","0","2343","LIED12CTRL/LLN0$Status","1234","5678",""
"10547","61.009729183","ipcas_21:73:33","143","0","2344","LIED12CTRL/LLN0$Status","1234","5678",""
"10548","61.011811951","ipcas_21:73:33","143","0","2345","LIED12CTRL/LLN0$Status","1234","5678",""
"10549","61.014305876","ipcas_21:73:33","143","0","2346","LIED12CTRL/LLN0$Status","1234","5678",""
"10550","61.016629969","ipcas_21:73:33","143","0","2347","LIED12CTRL/LLN0$Status","1234","5678",""
"10551","61.019121192","ipcas_21:73:33","143","0","2348","LIED12CTRL/LLN0$Status","1234","5678",""
"10552","61.021793204","ipcas_21:73:33","143","0","2349","LIED12CTRL/LLN0$Status","1234","5678",""
"10553","61.024260574","ipcas_21:73:33","143","0","2350","LIED12CTRL/LLN0$Status","1234","5678",""
"10554","61.027950004","ipcas_21:73:33","143","0","2351","LIED12CTRL/LLN0$Status","1234","5678",""
"10555","61.030380259","ipcas_21:73:33","143","0","2352","LIED12CTRL/LLN0$Status","1234","5678",""
"10556","61.032824844","ipcas_21:73:33","143","0","2353","LIED12CTRL/LLN0$Status","1234","5678",""
"10557","61.035411551","ipcas_21:73:33","143","0","2354","LIED12CTRL/LLN0$Status","1234","5678",""
"10558","61.037947596","ipcas_21:73:33","143","0","2355","LIED12CTRL/LLN0$Status","1234","5678",""
"10559","61.040371365","ipcas_21:73:33","143","0","2356","LIED12CTRL/LLN0$Status","1234","5678",""
"10560","61.043028246","ipcas_21:73:33","143","0","2357","LIED12CTRL/LLN0$Status","1234","5678",""
"10561","61.045495455","ipcas_21:73:33","143","0","2358","LIED12CTRL/LLN0$Status","1234","5678",""
"10562","61.047384751","ipcas_21:73:33","149","1","56","LIED10CTRL/LLN0$Status","1","1","0"
"10563","61.047390150","ipcas_21:73:33","146","1","56","LIED10PROT/LLN0$Alarm","1","",""
"10564","61.047391460","ipcas_21:73:33","203","1","56","LIED10MEAS/LLN0$Measurement","311","313","313"
"10565","61.047853476","ipcas_21:73:33","143","0","2359","LIED12CTRL/LLN0$Status","1234","5678",""
"10566","61.050507392","ipcas_21:73:33","143","0","2360","LIED12CTRL/LLN0$Status","1234","5678",""
"10570","61.052882571","ipcas_21:73:33","143","0","2361","LIED12CTRL/LLN0$Status","1234","5678",""
"10574","61.055755632","ipcas_21:73:33","143","0","2362","LIED12CTRL/LLN0$Status","1234","5678",""
"10575","61.059258356","ipcas_21:73:33","143","0","2363","LIED12CTRL/LLN0$Status","1234","5678",""
"10579","61.063028064","ipcas_21:73:33","143","0","2364","LIED12CTRL/LLN0$Status","1234","5678",""
"10583","61.065503712","ipcas_21:73:33","143","0","2365","LIED12CTRL/LLN0$Status","1234","5678",""
"10587","61.067761743","ipcas_21:73:33","143","0","2366","LIED12CTRL/LLN0$Status","1234","5678",""
"10588","61.070387880","ipcas_21:73:33","143","0","2367","LIED12CTRL/LLN0$Status","1234","5678",""
"10592","61.073004909","ipcas_21:73:33","143","0","2368","LIED12CTRL/LLN0$Status","1234","5678",""
"10593","61.075504105","ipcas_21:73:33","143","0","2369","LIED12CTRL/LLN0$Status","1234","5678",""
"10597","61.079138076","ipcas_21:73:33","143","0","2370","LIED12CTRL/LLN0$Status","1234","5678",""
"10601","61.081902723","ipcas_21:73:33","143","0","2371","LIED12CTRL/LLN0$Status","1234","5678",""
"10605","61.084075921","ipcas_21:73:33","143","0","2372","LIED12CTRL/LLN0$Status","1234","5678",""
"10606","61.086773266","ipcas_21:73:33","143","0","2373","LIED12CTRL/LLN0$Status","1234","5678",""
"10607","61.089268854","ipcas_21:73:33","143","0","2374","LIED12CTRL/LLN0$Status","1234","5678",""
"10608","61.091772167","ipcas_21:73:33","143","0","2375","LIED12CTRL/LLN0$Status","1234","5678",""
"10609","61.094342180","ipcas_21:73:33","143","0","2376","LIED12CTRL/LLN0$Status","1234","5678",""
"10610","61.098020680","ipcas_21:73:33","143","0","2377","LIED12CTRL/LLN0$Status","1234","5678",""
"10611","61.100518644","ipcas_21:73:33","143","0","2378","LIED12CTRL/LLN0$Status","1234","5678",""
"10612","61.103370520","ipcas_21:73:33","143","0","2379","LIED12CTRL/LLN0$Status","1234","5678",""
"10613","61.106779092","ipcas_21:73:33","143","0","2380","LIED12CTRL/LLN0$Status","1234","5678",""
"10614","61.109887659","ipcas_21:73:33","143","0","2381","LIED12CTRL/LLN0$Status","1234","5678",""
"10615","61.113152494","ipcas_21:73:33","143","0","2382","LIED12CTRL/LLN0$Status","1234","5678",""
"10616","61.115531632","ipcas_21:73:33","143","0","2383","LIED12CTRL/LLN0$Status","1234","5678",""
"10617","61.118022914","ipcas_21:73:33","143","0","2384","LIED12CTRL/LLN0$Status","1234","5678",""
"10618","61.120643492","ipcas_21:73:33","143","0","2385","LIED12CTRL/LLN0$Status","1234","5678",""
"10619","61.123376977","ipcas_21:73:33","143","0","2386","LIED12CTRL/LLN0$Status","1234","5678",""
"10620","61.126778151","ipcas_21:73:33","143","0","2387","LIED12CTRL/LLN0$Status","1234","5678",""
"10621","61.129262226","ipcas_21:73:33","143","0","2388","LIED12CTRL/LLN0$Status","1234","5678",""
"10622","61.133038913","ipcas_21:73:33","143","0","2389","LIED12CTRL/LLN0$Status","1234","5678",""
"10623","61.136861630","ipcas_21:73:33","143","0","2390","LIED12CTRL/LLN0$Status","1234","5678",""
"10624","61.139275064","ipcas_21:73:33","143","0","2391","LIED12CTRL/LLN0$Status","1234","5678",""
"10625","61.141769263","ipcas_21:73:33","143","0","2392","LIED12CTRL/LLN0$Status","1234","5678",""
"10626","61.144273781","ipcas_21:73:33","143","0","2393","LIED12CTRL/LLN0$Status","1234","5678",""
"10627","61.146902524","ipcas_21:73:33","143","0","2394","LIED12CTRL/LLN0$Status","1234","5678",""
"10628","61.149261639","ipcas_21:73:33","143","0","2395","LIED12CTRL/LLN0$Status","1234","5678",""
"10629","61.151784297","ipcas_21:73:33","143","0","2396","LIED12CTRL/LLN0$Status","1234","5678",""
"10630","61.154291969","ipcas_21:73:33","143","0","2397","LIED12CTRL/LLN0$Status","1234","5678",""
"10631","61.158027869","ipcas_21:73:33","143","0","2398","LIED12CTRL/LLN0$Status","1234","5678",""
"10632","61.160515649","ipcas_21:73:33","143","0","2399","LIED12CTRL/LLN0$Status","1234","5678",""
"10633","61.163062111","ipcas_21:73:33","143","0","2400","LIED12CTRL/LLN0$Status","1234","5678",""
"10634","61.165507469","ipcas_21:73:33","143","0","2401","LIED12CTRL/LLN0$Status","1234","5678",""
"10635","61.169236524","ipcas_21:73:33","143","0","2402","LIED12CTRL/LLN0$Status","1234","5678",""
"10636","61.171825093","ipcas_21:73:33","143","0","2403","LIED12CTRL/LLN0$Status","1234","5678",""
"10637","61.174248584","ipcas_21:73:33","143","0","2404","LIED12CTRL/LLN0$Status","1234","5678",""
"10638","61.176731276","ipcas_21:73:33","143","0","2405","LIED12CTRL/LLN0$Status","1234","5678",""
"10639","61.179285606","ipcas_21:73:33","143","0","2406","LIED12CTRL/LLN0$Status","1234","5678",""
"10640","61.181938491","ipcas_21:73:33","143","0","2407","LIED12CTRL/LLN0$Status","1234","5678",""
"10641","61.184250752","ipcas_21:73:33","143","0","2408","LIED12CTRL/LLN0$Status","1234","5678",""
"10642","61.186728040","ipcas_21:73:33","143","0","2409","LIED12CTRL/LLN0$Status","1234","5678",""
"10643","61.189268038","ipcas_21:73:33","143","0","2410","LIED12CTRL/LLN0$Status","1234","5678",""
"10644","61.191716816","ipcas_21:73:33","143","0","2411","LIED12CTRL/LLN0$Status","1234","5678",""
"10645","61.195398010","ipcas_21:73:33","143","0","2412","LIED12CTRL/LLN0$Status","1234","5678",""
"10646","61.197993046","ipcas_21:73:33","143","0","2413","LIED12CTRL/LLN0$Status","1234","5678",""
"10647","61.200524258","ipcas_21:73:33","143","0","2414","LIED12CTRL/LLN0$Status","1234","5678",""
"10648","61.203028490","ipcas_21:73:33","143","0","2415","LIED12CTRL/LLN0$Status","1234","5678",""
"10649","61.205466204","ipcas_21:73:33","143","0","2416","LIED12CTRL/LLN0$Status","1234","5678",""
"10650","61.209514036","ipcas_21:73:33","143","0","2417","LIED12CTRL/LLN0$Status","1234","5678",""
"10651","61.211646276","ipcas_21:73:33","143","0","2418","LIED12CTRL/LLN0$Status","1234","5678",""
"10652","61.214214699","ipcas_21:73:33","143","0","2419","LIED12CTRL/LLN0$Status","1234","5678",""
"10653","61.218110693","ipcas_21:73:33","143","0","2420","LIED12CTRL/LLN0$Status","1234","5678",""
"10654","61.221772648","ipcas_21:73:33","143","0","2421","LIED12CTRL/LLN0$Status","1234","5678",""
"10655","61.224273859","ipcas_21:73:33","143","0","2422","LIED12CTRL/LLN0$Status","1234","5678",""
"10656","61.226728188","ipcas_21:73:33","143","0","2423","LIED12CTRL/LLN0$Status","1234","5678",""
"10657","61.229262365","ipcas_21:73:33","143","0","2424","LIED12CTRL/LLN0$Status","1234","5678",""
"10658","61.231855472","ipcas_21:73:33","143","0","2425","LIED12CTRL/LLN0$Status","1234","5678",""
"10659","61.234270731","ipcas_21:73:33","143","0","2426","LIED12CTRL/LLN0$Status","1234","5678",""
"10660","61.236758803","ipcas_21:73:33","143","0","2427","LIED12CTRL/LLN0$Status","1234","5678",""
"10661","61.239158724","ipcas_21:73:33","143","0","2428","LIED12CTRL/LLN0$Status","1234","5678",""
"10662","61.241725042","ipcas_21:73:33","143","0","2429","LIED12CTRL/LLN0$Status","1234","5678",""
"10663","61.244351049","ipcas_21:73:33","143","0","2430","LIED12CTRL/LLN0$Status","1234","5678",""
"10664","61.248095338","ipcas_21:73:33","143","0","2431","LIED12CTRL/LLN0$Status","1234","5678",""
"10665","61.250460060","ipcas_21:73:33","143","0","2432","LIED12CTRL/LLN0$Status","1234","5678",""
"10666","61.254239634","ipcas_21:73:33","143","0","2433","LIED12CTRL/LLN0$Status","1234","5678",""
"10667","61.257921518","ipcas_21:73:33","143","0","2434","LIED12CTRL/LLN0$Status","1234","5678",""
"10668","61.260437977","ipcas_21:73:33","143","0","2435","LIED12CTRL/LLN0$Status","1234","5678",""
"10669","61.262996381","ipcas_21:73:33","143","0","2436","LIED12CTRL/LLN0$Status","1234","5678",""
"10670","61.265484575","ipcas_21:73:33","143","0","2437","LIED12CTRL/LLN0$Status","1234","5678",""
"10671","61.268073396","ipcas_21:73:33","143","0","2438","LIED12CTRL/LLN0$Status","1234","5678",""
"10672","61.270503776","ipcas_21:73:33","143","0","2439","LIED12CTRL/LLN0$Status","1234","5678",""
"10673","61.273001414","ipcas_21:73:33","143","0","2440","LIED12CTRL/LLN0$Status","1234","5678",""
"10674","61.275694186","ipcas_21:73:33","143","0","2441","LIED12CTRL/LLN0$Status","1234","5678",""
"10675","61.278067201","ipcas_21:73:33","143","0","2442","LIED12CTRL/LLN0$Status","1234","5678",""
"10676","61.280520109","ipcas_21:73:33","143","0","2443","LIED12CTRL/LLN0$Status","1234","5678",""
"10677","61.282911483","ipcas_21:73:33","143","0","2444","LIED12CTRL/LLN0$Status","1234","5678",""
"10678","61.285384563","ipcas_21:73:33","143","0","2445","LIED12CTRL/LLN0$Status","1234","5678",""
"10679","61.288049428","ipcas_21:73:33","143","0","2446","LIED12CTRL/LLN0$Status","1234","5678",""
"10680","61.290512281","ipcas_21:73:33","143","0","2447","LIED12CTRL/LLN0$Status","1234","5678",""
"10681","61.294141046","ipcas_21:73:33","143","0","2448","LIED12CTRL/LLN0$Status","1234","5678",""
"10682","61.296667087","ipcas_21:73:33","143","0","2449","LIED12CTRL/LLN0$Status","1234","5678",""
"10683","61.299166647","ipcas_21:73:33","143","0","2450","LIED12CTRL/LLN0$Status","1234","5678",""
"10684","61.301843389","ipcas_21:73:33","143","0","2451","LIED12CTRL/LLN0$Status","1234","5678",""
"10685","61.304211755","ipcas_21:73:33","143","0","2452","LIED12CTRL/LLN0$Status","1234","5678",""
"10686","61.306738359","ipcas_21:73:33","143","0","2453","LIED12CTRL/LLN0$Status","1234","5678",""
"10687","61.309748737","ipcas_21:73:33","143","0","2454","LIED12CTRL/LLN0$Status","1234","5678",""
"10688","61.311773272","ipcas_21:73:33","143","0","2455","LIED12CTRL/LLN0$Status","1234","5678",""
"10689","61.314127344","ipcas_21:73:33","143","0","2456","LIED12CTRL/LLN0$Status","1234","5678",""
"10690","61.316775132","ipcas_21:73:33","143","0","2457","LIED12CTRL/LLN0$Status","1234","5678",""
"10691","61.319284338","ipcas_21:73:33","143","0","2458","LIED12CTRL/LLN0$Status","1234","5678",""
"10692","61.321645157","ipcas_21:73:33","143","0","2459","LIED12CTRL/LLN0$Status","1234","5678",""
"10693","61.324361687","ipcas_21:73:33","143","0","2460","LIED12CTRL/LLN0$Status","1234","5678",""
"10694","61.326754654","ipcas_21:73:33","143","0","2461","LIED12CTRL/LLN0$Status","1234","5678",""
"10695","61.329281368","ipcas_21:73:33","143","0","2462","LIED12CTRL/LLN0$Status","1234","5678",""
"10696","61.331646893","ipcas_21:73:33","143","0","2463","LIED12CTRL/LLN0$Status","1234","5678",""
"10697","61.334268969","ipcas_21:73:33","143","0","2464","LIED12CTRL/LLN0$Status","1234","5678",""
"10698","61.336775402","ipcas_21:73:33","143","0","2465","LIED12CTRL/LLN0$Status","1234","5678",""
"10699","61.339348379","ipcas_21:73:33","143","0","2466","LIED12CTRL/LLN0$Status","1234","5678",""
"10700","61.341709635","ipcas_21:73:33","143","0","2467","LIED12CTRL/LLN0$Status","1234","5678",""
"10701","61.344348789","ipcas_21:73:33","143","0","2468","LIED12CTRL/LLN0$Status","1234","5678",""
"10702","61.346738615","ipcas_21:73:33","143","0","2469","LIED12CTRL/LLN0$Status","1234","5678",""
"10703","61.349312331","ipcas_21:73:33","143","0","2470","LIED12CTRL/LLN0$Status","1234","5678",""
"10704","61.351639131","ipcas_21:73:33","143","0","2471","LIED12CTRL/LLN0$Status","1234","5678",""
"10705","61.354275121","ipcas_21:73:33","143","0","2472","LIED12CTRL/LLN0$Status","1234","5678",""
"10706","61.356632666","ipcas_21:73:33","143","0","2473","LIED12CTRL/LLN0$Status","1234","5678",""
"10707","61.359207780","ipcas_21:73:33","143","0","2474","LIED12CTRL/LLN0$Status","1234","5678",""
"10708","61.361748918","ipcas_21:73:33","143","0","2475","LIED12CTRL/LLN0$Status","1234","5678",""
"10709","61.365505312","ipcas_21:73:33","143","0","2476","LIED12CTRL/LLN0$Status","1234","5678",""
"10710","61.368161635","ipcas_21:73:33","143","0","2477","LIED12CTRL/LLN0$Status","1234","5678",""
"10711","61.370406105","ipcas_21:73:33","143","0","2478","LIED12CTRL/LLN0$Status","1234","5678",""
"10712","61.373095886","ipcas_21:73:33","143","0","2479","LIED12CTRL/LLN0$Status","1234","5678",""
"10713","61.375489621","ipcas_21:73:33","143","0","2480","LIED12CTRL/LLN0$Status","1234","5678",""
"10714","61.378096577","ipcas_21:73:33","143","0","2481","LIED12CTRL/LLN0$Status","1234","5678",""
"10715","61.380597564","ipcas_21:73:33","143","0","2482","LIED12CTRL/LLN0$Status","1234","5678",""
"10716","61.383099129","ipcas_21:73:33","143","0","2483","LIED12CTRL/LLN0$Status","1234","5678",""
"10717","61.385623096","ipcas_21:73:33","143","0","2484","LIED12CTRL/LLN0$Status","1234","5678",""
"10718","61.389291402","ipcas_21:73:33","143","0","2485","LIED12CTRL/LLN0$Status","1234","5678",""
"10719","61.391871944","ipcas_21:73:33","143","0","2486","LIED12CTRL/LLN0$Status","1234","5678",""
"10720","61.394208554","ipcas_21:73:33","143","0","2487","LIED12CTRL/LLN0$Status","1234","5678",""
"10721","61.396925775","ipcas_21:73:33","143","0","2488","LIED12CTRL/LLN0$Status","1234","5678",""
"10722","61.399348097","ipcas_21:73:33","143","0","2489","LIED12CTRL/LLN0$Status","1234","5678",""
"10723","61.401846588","ipcas_21:73:33","143","0","2490","LIED12CTRL/LLN0$Status","1234","5678",""
"10724","61.404348076","ipcas_21:73:33","143","0","2491","LIED12CTRL/LLN0$Status","1234","5678",""
"10725","61.406851235","ipcas_21:73:33","143","0","2492","LIED12CTRL/LLN0$Status","1234","5678",""
"10726","61.409396044","ipcas_21:73:33","143","0","2493","LIED12CTRL/LLN0$Status","1234","5678",""
"10727","61.412873096","ipcas_21:73:33","143","0","2494","LIED12CTRL/LLN0$Status","1234","5678",""
"10728","61.415600682","ipcas_21:73:33","143","0","2495","LIED12CTRL/LLN0$Status","1234","5678",""
"10729","61.418075535","ipcas_21:73:33","143","0","2496","LIED12CTRL/LLN0$Status","1234","5678",""
"10730","61.420595530","ipcas_21:73:33","143","0","2497","LIED12CTRL/LLN0$Status","1234","5678",""
"10731","61.423101054","ipcas_21:73:33","143","0","2498","LIED12CTRL/LLN0$Status","1234","5678",""
"10732","61.425522537","ipcas_21:73:33","143","0","2499","LIED12CTRL/LLN0$Status","1234","5678",""
"10733","61.429336888","ipcas_21:73:33","143","0","2500","LIED12CTRL/LLN0$Status","1234","5678",""
"10734","61.431901756","ipcas_21:73:33","143","0","2501","LIED12CTRL/LLN0$Status","1234","5678",""
"10735","61.434154585","ipcas_21:73:33","143","0","2502","LIED12CTRL/LLN0$Status","1234","5678",""
"10736","61.436942383","ipcas_21:73:33","143","0","2503","LIED12CTRL/LLN0$Status","1234","5678",""
"10738","61.440745238","ipcas_21:73:33","143","0","2504","LIED12CTRL/LLN0$Status","1234","5678",""
"10739","61.443178207","ipcas_21:73:33","143","0","2505","LIED12CTRL/LLN0$Status","1234","5678",""
"10740","61.446747638","ipcas_21:73:33","143","0","2506","LIED12CTRL/LLN0$Status","1234","5678",""
"10741","61.450538161","ipcas_21:73:33","143","0","2507","LIED12CTRL/LLN0$Status","1234","5678",""
"10742","61.453172962","ipcas_21:73:33","143","0","2508","LIED12CTRL/LLN0$Status","1234","5678",""
"10743","61.456900351","ipcas_21:73:33","143","0","2509","LIED12CTRL/LLN0$Status","1234","5678",""
"10744","61.459407178","ipcas_21:73:33","143","0","2510","LIED12CTRL/LLN0$Status","1234","5678",""
"10745","61.463174103","ipcas_21:73:33","143","0","2511","LIED12CTRL/LLN0$Status","1234","5678",""
"10746","61.466950295","ipcas_21:73:33","143","0","2512","LIED12CTRL/LLN0$Status","1234","5678",""
"10747","61.470469582","ipcas_21:73:33","143","0","2513","LIED12CTRL/LLN0$Status","1234","5678",""
"10748","61.472835308","ipcas_21:73:33","143","0","2514","LIED12CTRL/LLN0$Status","1234","5678",""
"10749","61.475481803","ipcas_21:73:33","143","0","2515","LIED12CTRL/LLN0$Status","1234","5678",""
"10750","61.477905585","ipcas_21:73:33","143","0","2516","LIED12CTRL/LLN0$Status","1234","5678",""
"10751","61.480396470","ipcas_21:73:33","143","0","2517","LIED12CTRL/LLN0$Status","1234","5678",""
"10752","61.482870417","ipcas_21:73:33","143","0","2518","LIED12CTRL/LLN0$Status","1234","5678",""
"10753","61.485544607","ipcas_21:73:33","143","0","2519","LIED12CTRL/LLN0$Status","1234","5678",""
"10754","61.488033211","ipcas_21:73:33","143","0","2520","LIED12CTRL/LLN0$Status","1234","5678",""
"10755","61.490398996","ipcas_21:73:33","143","0","2521","LIED12CTRL/LLN0$Status","1234","5678",""
"10756","61.492988200","ipcas_21:73:33","143","0","2522","LIED12CTRL/LLN0$Status","1234","5678",""
"10757","61.496818228","ipcas_21:73:33","143","0","2523","LIED12CTRL/LLN0$Status","1234","5678",""
"10758","61.499172613","ipcas_21:73:33","143","0","2524","LIED12CTRL/LLN0$Status","1234","5678",""
"10759","61.501742929","ipcas_21:73:33","143","0","2525","LIED12CTRL/LLN0$Status","1234","5678",""
"10760","61.505767694","ipcas_21:73:33","143","0","2526","LIED12CTRL/LLN0$Status","1234","5678",""
"10761","61.508172275","ipcas_21:73:33","143","0","2527","LIED12CTRL/LLN0$Status","1234","5678",""
"10762","61.511756066","ipcas_21:73:33","143","0","2528","LIED12CTRL/LLN0$Status","1234","5678",""
"10763","61.514225969","ipcas_21:73:33","143","0","2529","LIED12CTRL/LLN0$Status","1234","5678",""
"10764","61.516710654","ipcas_21:73:33","143","0","2530","LIED12CTRL/LLN0$Status","1234","5678",""
"10765","61.519159032","ipcas_21:73:33","143","0","2531","LIED12CTRL/LLN0$Status","1234","5678",""
"10766","61.525094962","ipcas_21:73:33","143","0","2532","LIED12CTRL/LLN0$Status","1234","5678",""
"10767","61.528033535","ipcas_21:73:33","143","0","2533","LIED12CTRL/LLN0$Status","1234","5678",""
"10768","61.531769328","ipcas_21:73:33","143","0","2534","LIED12CTRL/LLN0$Status","1234","5678",""
"10769","61.535435761","ipcas_21:73:33","143","0","2535","LIED12CTRL/LLN0$Status","1234","5678",""
"10770","61.538022055","ipcas_21:73:33","143","0","2536","LIED12CTRL/LLN0$Status","1234","5678",""
"10771","61.541775956","ipcas_21:73:33","143","0","2537","LIED12CTRL/LLN0$Status","1234","5678",""
"10772","61.545457360","ipcas_21:73:33","143","0","2538","LIED12CTRL/LLN0$Status","1234","5678",""
"10773","61.549245710","ipcas_21:73:33","143","0","2539","LIED12CTRL/LLN0$Status","1234","5678",""
"10776","61.553022538","ipcas_21:73:33","143","0","2540","LIED12CTRL/LLN0$Status","1234","5678",""
"10777","61.555466517","ipcas_21:73:33","143","0","2541","LIED12CTRL/LLN0$Status","1234","5678",""
"10778","61.557998723","ipcas_21:73:33","143","0","2542","LIED12CTRL/LLN0$Status","1234","5678",""
"10779","61.560465078","ipcas_21:73:33","143","0","2543","LIED12CTRL/LLN0$Status","1234","5678",""
"10780","61.563092372","ipcas_21:73:33","143","0","2544","LIED12CTRL/LLN0$Status","1234","5678",""
"10781","61.565502753","ipcas_21:73:33","143","0","2545","LIED12CTRL/LLN0$Status","1234","5678",""
"10782","61.569337455","ipcas_21:73:33","143","0","2546","LIED12CTRL/LLN0$Status","1234","5678",""
"10783","61.573149244","ipcas_21:73:33","143","0","2547","LIED12CTRL/LLN0$Status","1234","5678",""
"10784","61.575374816","ipcas_21:73:33","143","0","2548","LIED12CTRL/LLN0$Status","1234","5678",""
"10785","61.578163365","ipcas_21:73:33","143","0","2549","LIED12CTRL/LLN0$Status","1234","5678",""
"10786","61.582135973","ipcas_21:73:33","143","0","2550","LIED12CTRL/LLN0$Status","1234","5678",""
"10787","61.584259244","ipcas_21:73:33","143","0","2551","LIED12CTRL/LLN0$Status","1234","5678",""
"10791","61.586780520","ipcas_21:73:33","143","0","2552","LIED12CTRL/LLN0$Status","1234","5678",""
"10792","61.590537742","ipcas_21:73:33","143","0","2553","LIED12CTRL/LLN0$Status","1234","5678",""
"10793","61.593039655","ipcas_21:73:33","143","0","2554","LIED12CTRL/LLN0$Status","1234","5678",""
"10797","61.595556140","ipcas_21:73:33","143","0","2555","LIED12CTRL/LLN0$Status","1234","5678",""
"10798","61.599131301","ipcas_21:73:33","143","0","2556","LIED12CTRL/LLN0$Status","1234","5678",""
"10802","61.601796849","ipcas_21:73:33","143","0","2557","LIED12CTRL/LLN0$Status","1234","5678",""
"10803","61.604243188","ipcas_21:73:33","143","0","2558","LIED12CTRL/LLN0$Status","1234","5678",""
"10807","61.606742464","ipcas_21:73:33","143","0","2559","LIED12CTRL/LLN0$Status","1234","5678",""
"10808","61.609537302","ipcas_21:73:33","143","0","2560","LIED12CTRL/LLN0$Status","1234","5678",""
"10809","61.612917060","ipcas_21:73:33","143","0","2561","LIED12CTRL/LLN0$Status","1234","5678",""
"10813","61.615433330","ipcas_21:73:33","143","0","2562","LIED12CTRL/LLN0$Status","1234","5678",""
"10814","61.618013346","ipcas_21:73:33","143","0","2563","LIED12CTRL/LLN0$Status","1234","5678",""
"10818","61.620713516","ipcas_21:73:33","143","0","2564","LIED12CTRL/LLN0$Status","1234","5678",""
"10819","61.622966120","ipcas_21:73:33","143","0","2565","LIED12CTRL/LLN0$Status","1234","5678",""
"10825","61.625619579","ipcas_21:73:33","143","0","2566","LIED12CTRL/LLN0$Status","1234","5678",""
"10826","61.627959922","ipcas_21:73:33","143","0","2567","LIED12CTRL/LLN0$Status","1234","5678",""
"10827","61.630582265","ipcas_21:73:33","143","0","2568","LIED12CTRL/LLN0$Status","1234","5678",""
"10828","61.634140237","ipcas_21:73:33","143","0","2569","LIED12CTRL/LLN0$Status","1234","5678",""
"10829","61.636625293","ipcas_21:73:33","143","0","2570","LIED12CTRL/LLN0$Status","1234","5678",""
"10830","61.639331784","ipcas_21:73:33","143","0","2571","LIED12CTRL/LLN0$Status","1234","5678",""
"10831","61.641742806","ipcas_21:73:33","143","0","2572","LIED12CTRL/LLN0$Status","1234","5678",""
"10832","61.644245281","ipcas_21:73:33","143","0","2573","LIED12CTRL/LLN0$Status","1234","5678",""
"10833","61.646864283","ipcas_21:73:33","143","0","2574","LIED12CTRL/LLN0$Status","1234","5678",""
"10834","61.650534736","ipcas_21:73:33","143","0","2575","LIED12CTRL/LLN0$Status","1234","5678",""
"10835","61.652902081","ipcas_21:73:33","143","0","2576","LIED12CTRL/LLN0$Status","1234","5678",""
"10836","61.655535906","ipcas_21:73:33","143","0","2577","LIED12CTRL/LLN0$Status","1234","5678",""
"10837","61.657900895","ipcas_21:73:33","143","0","2578","LIED12CTRL/LLN0$Status","1234","5678",""
"10838","61.660699541","ipcas_21:73:33","143","0","2579","LIED12CTRL/LLN0$Status","1234","5678",""
"10839","61.662996733","ipcas_21:73:33","143","0","2580","LIED12CTRL/LLN0$Status","1234","5678",""
"10840","61.665442556","ipcas_21:73:33","143","0","2581","LIED12CTRL/LLN0$Status","1234","5678",""
"10841","61.668061729","ipcas_21:73:33","143","0","2582","LIED12CTRL/LLN0$Status","1234","5678",""
"10842","61.670581042","ipcas_21:73:33","143","0","2583","LIED12CTRL/LLN0$Status","1234","5678",""
"10843","61.674511922","ipcas_21:73:33","143","0","2584","LIED12CTRL/LLN0$Status","1234","5678",""
"10844","61.677908899","ipcas_21:73:33","143","0","2585","LIED12CTRL/LLN0$Status","1234","5678",""
"10845","61.680544371","ipcas_21:73:33","143","0","2586","LIED12CTRL/LLN0$Status","1234","5678",""
"10846","61.683046380","ipcas_21:73:33","143","0","2587","LIED12CTRL/LLN0$Status","1234","5678",""
"10847","61.685540067","ipcas_21:73:33","143","0","2588","LIED12CTRL/LLN0$Status","1234","5678",""
"10848","61.689267300","ipcas_21:73:33","143","0","2589","LIED12CTRL/LLN0$Status","1234","5678",""
"10849","61.693021271","ipcas_21:73:33","143","0","2590","LIED12CTRL/LLN0$Status","1234","5678",""
"10850","61.696790548","ipcas_21:73:33","143","0","2591","LIED12CTRL/LLN0$Status","1234","5678",""
"10851","61.699295698","ipcas_21:73:33","143","0","2592","LIED12CTRL/LLN0$Status","1234","5678",""
"10852","61.701793380","ipcas_21:73:33","143","0","2593","LIED12CTRL/LLN0$Status","1234","5678",""
"10853","61.704271354","ipcas_21:73:33","143","0","2594","LIED12CTRL/LLN0$Status","1234","5678",""
"10854","61.708020558","ipcas_21:73:33","143","0","2595","LIED12CTRL/LLN0$Status","1234","5678",""
"10855","61.711764960","ipcas_21:73:33","143","0","2596","LIED12CTRL/LLN0$Status","1234","5678",""
"10856","61.714141550","ipcas_21:73:33","143","0","2597","LIED12CTRL/LLN0$Status","1234","5678",""
"10857","61.716772481","ipcas_21:73:33","143","0","2598","LIED12CTRL/LLN0$Status","1234","5678",""
"10858","61.719273728","ipcas_21:73:33","143","0","2599","LIED12CTRL/LLN0$Status","1234","5678",""
"10859","61.723023433","ipcas_21:73:33","143","0","2600","LIED12CTRL/LLN0$Status","1234","5678",""
"10860","61.725520701","ipcas_21:73:33","143","0","2601","LIED12CTRL/LLN0$Status","1234","5678",""
"10861","61.729305858","ipcas_21:73:33","143","0","2602","LIED12CTRL/LLN0$Status","1234","5678",""
"10862","61.731635716","ipcas_21:73:33","143","0","2603","LIED12CTRL/LLN0$Status","1234","5678",""
"10863","61.734272331","ipcas_21:73:33","143","0","2604","LIED12CTRL/LLN0$Status","1234","5678",""
"10864","61.738028504","ipcas_21:73:33","143","0","2605","LIED12CTRL/LLN0$Status","1234","5678",""
"10865","61.740520991","ipcas_21:73:33","143","0","2606","LIED12CTRL/LLN0$Status","1234","5678",""
"10866","61.744275711","ipcas_21:73:33","143","0","2607","LIED12CTRL/LLN0$Status","1234","5678",""
"10867","61.748021193","ipcas_21:73:33","143","0","2608","LIED12CTRL/LLN0$Status","1234","5678",""
"10868","61.751924450","ipcas_21:73:33","143","0","2609","LIED12CTRL/LLN0$Status","1234","5678",""
"10869","61.754269098","ipcas_21:73:33","143","0","2610","LIED12CTRL/LLN0$Status","1234","5678",""
"10870","61.758025462","ipcas_21:73:33","143","0","2611","LIED12CTRL/LLN0$Status","1234","5678",""
"10871","61.760604874","ipcas_21:73:33","143","0","2612","LIED12CTRL/LLN0$Status","1234","5678",""
"10872","61.763088334","ipcas_21:73:33","143","0","2613","LIED12CTRL/LLN0$Status","1234","5678",""
"10873","61.765692333","ipcas_21:73:33","143","0","2614","LIED12CTRL/LLN0$Status","1234","5678",""
"10874","61.768306301","ipcas_21:73:33","143","0","2615","LIED12CTRL/LLN0$Status","1234","5678",""
"10875","61.771874306","ipcas_21:73:33","143","0","2616","LIED12CTRL/LLN0$Status","1234","5678",""
"10876","61.775613636","ipcas_21:73:33","143","0","2617","LIED12CTRL/LLN0$Status","1234","5678",""
"10877","61.778028593","ipcas_21:73:33","143","0","2618","LIED12CTRL/LLN0$Status","1234","5678",""
"10878","61.781746082","ipcas_21:73:33","143","0","2619","LIED12CTRL/LLN0$Status","1234","5678",""
"10879","61.785498756","ipcas_21:73:33","143","0","2620","LIED12CTRL/LLN0$Status","1234","5678",""
"10880","61.789244658","ipcas_21:73:33","143","0","2621","LIED12CTRL/LLN0$Status","1234","5678",""
"10881","61.793363015","ipcas_21:73:33","143","0","2622","LIED12CTRL/LLN0$Status","1234","5678",""
"10882","61.796712510","ipcas_21:73:33","143","0","2623","LIED12CTRL/LLN0$Status","1234","5678",""
"10883","61.800468092","ipcas_21:73:33","143","0","2624","LIED12CTRL/LLN0$Status","1234","5678",""
"10884","61.802885533","ipcas_21:73:33","143","0","2625","LIED12CTRL/LLN0$Status","1234","5678",""
"10885","61.805350270","ipcas_21:73:33","143","0","2626","LIED12CTRL/LLN0$Status","1234","5678",""
"10886","61.807873590","ipcas_21:73:33","143","0","2627","LIED12CTRL/LLN0$Status","1234","5678",""
"10887","61.810351182","ipcas_21:73:33","143","0","2628","LIED12CTRL/LLN0$Status","1234","5678",""
"10888","61.812949579","ipcas_21:73:33","143","0","2629","LIED12CTRL/LLN0$Status","1234","5678",""
"10889","61.815344066","ipcas_21:73:33","143","0","2630","LIED12CTRL/LLN0$Status","1234","5678",""
"10890","61.817862144","ipcas_21:73:33","143","0","2631","LIED12CTRL/LLN0$Status","1234","5678",""
"10891","61.820352790","ipcas_21:73:33","143","0","2632","LIED12CTRL/LLN0$Status","1234","5678",""
"10892","61.822872809","ipcas_21:73:33","143","0","2633","LIED12CTRL/LLN0$Status","1234","5678",""
"10893","61.825373108","ipcas_21:73:33","143","0","2634","LIED12CTRL/LLN0$Status","1234","5678",""
"10894","61.827856812","ipcas_21:73:33","143","0","2635","LIED12CTRL/LLN0$Status","1234","5678",""
"10895","61.830537888","ipcas_21:73:33","143","0","2636","LIED12CTRL/LLN0$Status","1234","5678",""
"10896","61.832926678","ipcas_21:73:33","143","0","2637","LIED12CTRL/LLN0$Status","1234","5678",""
"10897","61.835489734","ipcas_21:73:33","143","0","2638","LIED12CTRL/LLN0$Status","1234","5678",""
"10898","61.837997913","ipcas_21:73:33","143","0","2639","LIED12CTRL/LLN0$Status","1234","5678",""
"10899","61.841757059","ipcas_21:73:33","143","0","2640","LIED12CTRL/LLN0$Status","1234","5678",""
"10900","61.844151093","ipcas_21:73:33","143","0","2641","LIED12CTRL/LLN0$Status","1234","5678",""
"10901","61.846667927","ipcas_21:73:33","143","0","2642","LIED12CTRL/LLN0$Status","1234","5678",""
"10902","61.849271301","ipcas_21:73:33","143","0","2643","LIED12CTRL/LLN0$Status","1234","5678",""
"10903","61.851735985","ipcas_21:73:33","143","0","2644","LIED12CTRL/LLN0$Status","1234","5678",""
"10904","61.855385236","ipcas_21:73:33","143","0","2645","LIED12CTRL/LLN0$Status","1234","5678",""
"10905","61.857857949","ipcas_21:73:33","143","0","2646","LIED12CTRL/LLN0$Status","1234","5678",""
"10906","61.860507454","ipcas_21:73:33","143","0","2647","LIED12CTRL/LLN0$Status","1234","5678",""
"10907","61.863065798","ipcas_21:73:33","143","0","2648","LIED12CTRL/LLN0$Status","1234","5678",""
"10908","61.865510599","ipcas_21:73:33","143","0","2649","LIED12CTRL/LLN0$Status","1234","5678",""
"10909","61.869259618","ipcas_21:73:33","143","0","2650","LIED12CTRL/LLN0$Status","1234","5678",""
"10910","61.871718132","ipcas_21:73:33","143","0","2651","LIED12CTRL/LLN0$Status","1234","5678",""
"10911","61.874249816","ipcas_21:73:33","143","0","2652","LIED12CTRL/LLN0$Status","1234","5678",""
"10912","61.876593214","ipcas_21:73:33","143","0","2653","LIED12CTRL/LLN0$Status","1234","5678",""
"10913","61.879158573","ipcas_21:73:33","143","0","2654","LIED12CTRL/LLN0$Status","1234","5678",""
"10914","61.881735804","ipcas_21:73:33","143","0","2655","LIED12CTRL/LLN0$Status","1234","5678",""
"10915","61.884232481","ipcas_21:73:33","143","0","2656","LIED12CTRL/LLN0$Status","1234","5678",""
"10916","61.886735598","ipcas_21:73:33","143","0","2657","LIED12CTRL/LLN0$Status","1234","5678",""
"10917","61.889248123","ipcas_21:73:33","143","0","2658","LIED12CTRL/LLN0$Status","1234","5678",""
"10918","61.891763905","ipcas_21:73:33","143","0","2659","LIED12CTRL/LLN0$Status","1234","5678",""
"10919","61.894274635","ipcas_21:73:33","143","0","2660","LIED12CTRL/LLN0$Status","1234","5678",""
"10920","61.896763918","ipcas_21:73:33","143","0","2661","LIED12CTRL/LLN0$Status","1234","5678",""
"10921","61.900515507","ipcas_21:73:33","143","0","2662","LIED12CTRL/LLN0$Status","1234","5678",""
"10922","61.903042294","ipcas_21:73:33","143","0","2663","LIED12CTRL/LLN0$Status","1234","5678",""
"10923","61.905535159","ipcas_21:73:33","143","0","2664","LIED12CTRL/LLN0$Status","1234","5678",""
"10924","61.909811847","ipcas_21:73:33","143","0","2665","LIED12CTRL/LLN0$Status","1234","5678",""
"10925","61.911761691","ipcas_21:73:33","143","0","2666","LIED12CTRL/LLN0$Status","1234","5678",""
"10926","61.914332169","ipcas_21:73:33","143","0","2667","LIED12CTRL/LLN0$Status","1234","5678",""
"10927","61.916786218","ipcas_21:73:33","143","0","2668","LIED12CTRL/LLN0$Status","1234","5678",""
"10928","61.919291776","ipcas_21:73:33","143","0","2669","LIED12CTRL/LLN0$Status","1234","5678",""
"10929","61.921785416","ipcas_21:73:33","143","0","2670","LIED12CTRL/LLN0$Status","1234","5678",""
"10930","61.924285932","ipcas_21:73:33","143","0","2671","LIED12CTRL/LLN0$Status","1234","5678",""
"10931","61.926785058","ipcas_21:73:33","143","0","2672","LIED12CTRL/LLN0$Status","1234","5678",""
"10932","61.929351878","ipcas_21:73:33","143","0","2673","LIED12CTRL/LLN0$Status","1234","5678",""
"10933","61.931801201","ipcas_21:73:33","143","0","2674","LIED12CTRL/LLN0$Status","1234","5678",""
"10934","61.934335786","ipcas_21:73:33","143","0","2675","LIED12CTRL/LLN0$Status","1234","5678",""
"10935","61.936782728","ipcas_21:73:33","143","0","2676","LIED12CTRL/LLN0$Status","1234","5678",""
"10936","61.940749405","ipcas_21:73:33","143","0","2677","LIED12CTRL/LLN0$Status","1234","5678",""
"10937","61.944261828","ipcas_21:73:33","143","0","2678","LIED12CTRL/LLN0$Status","1234","5678",""
"10938","61.946785511","ipcas_21:73:33","143","0","2679","LIED12CTRL/LLN0$Status","1234","5678",""
"10939","61.949287004","ipcas_21:73:33","143","0","2680","LIED12CTRL/LLN0$Status","1234","5678",""
"10940","61.951787508","ipcas_21:73:33","143","0","2681","LIED12CTRL/LLN0$Status","1234","5678",""
"10941","61.954365280","ipcas_21:73:33","143","0","2682","LIED12CTRL/LLN0$Status","1234","5678",""
"10942","61.956773451","ipcas_21:73:33","143","0","2683","LIED12CTRL/LLN0$Status","1234","5678",""
"10943","61.959289025","ipcas_21:73:33","143","0","2684","LIED12CTRL/LLN0$Status","1234","5678",""
"10944","61.961803364","ipcas_21:73:33","143","0","2685","LIED12CTRL/LLN0$Status","1234","5678",""
"10945","61.964284546","ipcas_21:73:33","143","0","2686","LIED12CTRL/LLN0$Status","1234","5678",""
"10946","61.966764223","ipcas_21:73:33","143","0","2687","LIED12CTRL/LLN0$Status","1234","5678",""
"10947","61.969365733","ipcas_21:73:33","143","0","2688","LIED12CTRL/LLN0$Status","1234","5678",""
"10948","61.971787493","ipcas_21:73:33","143","0","2689","LIED12CTRL/LLN0$Status","1234","5678",""
"10949","61.974299689","ipcas_21:73:33","143","0","2690","LIED12CTRL/LLN0$Status","1234","5678",""
"10950","61.976765619","ipcas_21:73:33","143","0","2691","LIED12CTRL/LLN0$Status","1234","5678",""
"10951","61.979325078","ipcas_21:73:33","143","0","2692","LIED12CTRL/LLN0$Status","1234","5678",""
"10952","61.981812280","ipcas_21:73:33","143","0","2693","LIED12CTRL/LLN0$Status","1234","5678",""
"10953","61.984291015","ipcas_21:73:33","143","0","2694","LIED12CTRL/LLN0$Status","1234","5678",""
"10954","61.986774184","ipcas_21:73:33","143","0","2695","LIED12CTRL/LLN0$Status","1234","5678",""
"10955","61.989416011","ipcas_21:73:33","143","0","2696","LIED12CTRL/LLN0$Status","1234","5678",""
"10956","61.991821894","ipcas_21:73:33","143","0","2697","LIED12CTRL/LLN0$Status","1234","5678",""
"10957","61.994266444","ipcas_21:73:33","143","0","2698","LIED12CTRL/LLN0$Status","1234","5678",""
"10958","61.996786849","ipcas_21:73:33","143","0","2699","LIED12CTRL/LLN0$Status","1234","5678",""
"10959","61.999295174","ipcas_21:73:33","143","0","2700","LIED12CTRL/LLN0$Status","1234","5678",""
"10960","62.001786873","ipcas_21:73:33","143","0","2701","LIED12CTRL/LLN0$Status","1234","5678",""
"10961","62.004288238","ipcas_21:73:33","143","0","2702","LIED12CTRL/LLN0$Status","1234","5678",""
"10962","62.006790344","ipcas_21:73:33","143","0","2703","LIED12CTRL/LLN0$Status","1234","5678",""
"10963","62.009519529","ipcas_21:73:33","143","0","2704","LIED12CTRL/LLN0$Status","1234","5678",""
"10964","62.013144535","ipcas_21:73:33","143","0","2705","LIED12CTRL/LLN0$Status","1234","5678",""
"10966","62.015920773","ipcas_21:73:33","143","0","2706","LIED12CTRL/LLN0$Status","1234","5678",""
"10967","62.019400989","ipcas_21:73:33","143","0","2707","LIED12CTRL/LLN0$Status","1234","5678",""
"10968","62.023249738","ipcas_21:73:33","143","0","2708","LIED12CTRL/LLN0$Status","1234","5678",""
"10969","62.024234261","ipcas_21:73:33","143","0","2709","LIED12CTRL/LLN0$Status","1234","5678",""
"10970","62.026774558","ipcas_21:73:33","143","0","2710","LIED12CTRL/LLN0$Status","1234","5678",""
"10971","62.029305265","ipcas_21:73:33","143","0","2711","LIED12CTRL/LLN0$Status","1234","5678",""
"10972","62.031792310","ipcas_21:73:33","143","0","2712","LIED12CTRL/LLN0$Status","1234","5678",""
"10973","62.034266502","ipcas_21:73:33","143","0","2713","LIED12CTRL/LLN0$Status","1234","5678",""
"10974","62.036787755","ipcas_21:73:33","143","0","2714","LIED12CTRL/LLN0$Status","1234","5678",""
"10975","62.039288311","ipcas_21:73:33","143","0","2715","LIED12CTRL/LLN0$Status","1234","5678",""
"10976","62.041789225","ipcas_21:73:33","143","0","2716","LIED12CTRL/LLN0$Status","1234","5678",""
"10977","62.044280847","ipcas_21:73:33","143","0","2717","LIED12CTRL/LLN0$Status","1234","5678",""
"10978","62.046880241","ipcas_21:73:33","143","0","2718","LIED12CTRL/LLN0$Status","1234","5678",""
"10979","62.049259189","ipcas_21:73:33","143","0","2719","LIED12CTRL/LLN0$Status","1234","5678",""
"10980","62.053023131","ipcas_21:73:33","143","0","2720","LIED12CTRL/LLN0$Status","1234","5678",""
"10981","62.055561972","ipcas_21:73:33","143","0","2721","LIED12CTRL/LLN0$Status","1234","5678",""
"10982","62.058141174","ipcas_21:73:33","143","0","2722","LIED12CTRL/LLN0$Status","1234","5678",""
"10983","62.060514889","ipcas_21:73:33","143","0","2723","LIED12CTRL/LLN0$Status","1234","5678",""
"10984","62.063019124","ipcas_21:73:33","143","0","2724","LIED12CTRL/LLN0$Status","1234","5678",""
"10985","62.065805813","ipcas_21:73:33","143","0","2725","LIED12CTRL/LLN0$Status","1234","5678",""
"10986","62.068097639","ipcas_21:73:33","143","0","2726","LIED12CTRL/LLN0$Status","1234","5678",""
"10987","62.071633271","ipcas_21:73:33","143","0","2727","LIED12CTRL/LLN0$Status","1234","5678",""
"10988","62.074218176","ipcas_21:73:33","143","0","2728","LIED12CTRL/LLN0$Status","1234","5678",""
"10989","62.076718045","ipcas_21:73:33","143","0","2729","LIED12CTRL/LLN0$Status","1234","5678",""
"10990","62.080442551","ipcas_21:73:33","143","0","2730","LIED12CTRL/LLN0$Status","1234","5678",""
"10991","62.082969121","ipcas_21:73:33","143","0","2731","LIED12CTRL/LLN0$Status","1234","5678",""
"10992","62.085384667","ipcas_21:73:33","143","0","2732","LIED12CTRL/LLN0$Status","1234","5678",""
"10993","62.087977140","ipcas_21:73:33","143","0","2733","LIED12CTRL/LLN0$Status","1234","5678",""
"10994","62.091703914","ipcas_21:73:33","143","0","2734","LIED12CTRL/LLN0$Status","1234","5678",""
"10995","62.093416613","ipcas_21:73:33","149","1","57","LIED10CTRL/LLN0$Status","1","1","0"
"10996","62.093445862","ipcas_21:73:33","146","1","57","LIED10PROT/LLN0$Alarm","1","",""
"10997","62.093529235","ipcas_21:73:33","203","1","57","LIED10MEAS/LLN0$Measurement","314","308","308"
"10998","62.094023446","ipcas_21:73:33","143","0","2735","LIED12CTRL/LLN0$Status","1234","5678",""
"10999","62.096665749","ipcas_21:73:33","143","0","2736","LIED12CTRL/LLN0$Status","1234","5678",""
"11000","62.099204594","ipcas_21:73:33","143","0","2737","LIED12CTRL/LLN0$Status","1234","5678",""
"11001","62.101696292","ipcas_21:73:33","143","0","2738","LIED12CTRL/LLN0$Status","1234","5678",""
"11005","62.104070918","ipcas_21:73:33","143","0","2739","LIED12CTRL/LLN0$Status","1234","5678",""
"11006","62.106771754","ipcas_21:73:33","143","0","2740","LIED12CTRL/LLN0$Status","1234","5678",""
"11007","62.109553206","ipcas_21:73:33","143","0","2741","LIED12CTRL/LLN0$Status","1234","5678",""
"11008","62.111705421","ipcas_21:73:33","143","0","2742","LIED12CTRL/LLN0$Status","1234","5678",""
"11012","62.114107200","ipcas_21:73:33","143","0","2743","LIED12CTRL/LLN0$Status","1234","5678",""
"11014","62.116781043","ipcas_21:73:33","143","0","2744","LIED12CTRL/LLN0$Status","1234","5678",""
"11017","62.119107176","ipcas_21:73:33","143","0","2745","LIED12CTRL/LLN0$Status","1234","5678",""
"11018","62.121613749","ipcas_21:73:33","143","0","2746","LIED12CTRL/LLN0$Status","1234","5678",""
"11019","62.124141435","ipcas_21:73:33","143","0","2747","LIED12CTRL/LLN0$Status","1234","5678",""
"11023","62.126638652","ipcas_21:73:33","143","0","2748","LIED12CTRL/LLN0$Status","1234","5678",""
"11024","62.129200389","ipcas_21:73:33","143","0","2749","LIED12CTRL/LLN0$Status","1234","5678",""
"11028","62.131887925","ipcas_21:73:33","143","0","2750","LIED12CTRL/LLN0$Status","1234","5678",""
"11029","62.134235447","ipcas_21:73:33","143","0","2751","LIED12CTRL/LLN0$Status","1234","5678",""
"11033","62.136712575","ipcas_21:73:33","143","0","2752","LIED12CTRL/LLN0$Status","1234","5678",""
"11034","62.139351599","ipcas_21:73:33","143","0","2753","LIED12CTRL/LLN0$Status","1234","5678",""
"11038","62.141840888","ipcas_21:73:33","143","0","2754","LIED12CTRL/LLN0$Status","1234","5678",""
"11040","62.144200170","ipcas_21:73:33","143","0","2755","LIED12CTRL/LLN0$Status","1234","5678",""
"11043","62.146716628","ipcas_21:73:33","143","0","2756","LIED12CTRL/LLN0$Status","1234","5678",""
"11044","62.149164471","ipcas_21:73:33","143","0","2757","LIED12CTRL/LLN0$Status","1234","5678",""
"11048","62.151887018","ipcas_21:73:33","143","0","2758","LIED12CTRL/LLN0$Status","1234","5678",""
"11049","62.154087620","ipcas_21:73:33","143","0","2759","LIED12CTRL/LLN0$Status","1234","5678",""
"11050","62.156908247","ipcas_21:73:33","143","0","2760","LIED12CTRL/LLN0$Status","1234","5678",""
"11051","62.159156662","ipcas_21:73:33","143","0","2761","LIED12CTRL/LLN0$Status","1234","5678",""
"11052","62.161784306","ipcas_21:73:33","143","0","2762","LIED12CTRL/LLN0$Status","1234","5678",""
"11053","62.164149889","ipcas_21:73:33","143","0","2763","LIED12CTRL/LLN0$Status","1234","5678",""
"11054","62.166674478","ipcas_21:73:33","143","0","2764","LIED12CTRL/LLN0$Status","1234","5678",""
"11055","62.169274317","ipcas_21:73:33","143","0","2765","LIED12CTRL/LLN0$Status","1234","5678",""
"11056","62.171731345","ipcas_21:73:33","143","0","2766","LIED12CTRL/LLN0$Status","1234","5678",""
"11057","62.175480065","ipcas_21:73:33","143","0","2767","LIED12CTRL/LLN0$Status","1234","5678",""
"11058","62.177945430","ipcas_21:73:33","143","0","2768","LIED12CTRL/LLN0$Status","1234","5678",""
"11059","62.180478173","ipcas_21:73:33","143","0","2769","LIED12CTRL/LLN0$Status","1234","5678",""
"11060","62.184229087","ipcas_21:73:33","143","0","2770","LIED12CTRL/LLN0$Status","1234","5678",""
"11061","62.187997312","ipcas_21:73:33","143","0","2771","LIED12CTRL/LLN0$Status","1234","5678",""
"11062","62.190548652","ipcas_21:73:33","143","0","2772","LIED12CTRL/LLN0$Status","1234","5678",""
"11063","62.193082134","ipcas_21:73:33","143","0","2773","LIED12CTRL/LLN0$Status","1234","5678",""
"11064","62.195533848","ipcas_21:73:33","143","0","2774","LIED12CTRL/LLN0$Status","1234","5678",""
"11065","62.198043445","ipcas_21:73:33","143","0","2775","LIED12CTRL/LLN0$Status","1234","5678",""
"11066","62.200532524","ipcas_21:73:33","143","0","2776","LIED12CTRL/LLN0$Status","1234","5678",""
"11067","62.204283612","ipcas_21:73:33","143","0","2777","LIED12CTRL/LLN0$Status","1234","5678",""
"11068","62.208034002","ipcas_21:73:33","143","0","2778","LIED12CTRL/LLN0$Status","1234","5678",""
"11069","62.211717240","ipcas_21:73:33","143","0","2779","LIED12CTRL/LLN0$Status","1234","5678",""
"11070","62.214297250","ipcas_21:73:33","143","0","2780","LIED12CTRL/LLN0$Status","1234","5678",""
"11071","62.216791929","ipcas_21:73:33","143","0","2781","LIED12CTRL/LLN0$Status","1234","5678",""
"11072","62.219312113","ipcas_21:73:33","143","0","2782","LIED12CTRL/LLN0$Status","1234","5678",""
"11073","62.221783960","ipcas_21:73:33","143","0","2783","LIED12CTRL/LLN0$Status","1234","5678",""
"11074","62.224278762","ipcas_21:73:33","143","0","2784","LIED12CTRL/LLN0$Status","1234","5678",""
"11075","62.226782059","ipcas_21:73:33","143","0","2785","LIED12CTRL/LLN0$Status","1234","5678",""
"11076","62.229412553","ipcas_21:73:33","143","0","2786","LIED12CTRL/LLN0$Status","1234","5678",""
"11077","62.231850881","ipcas_21:73:33","143","0","2787","LIED12CTRL/LLN0$Status","1234","5678",""
"11078","62.234279013","ipcas_21:73:33","143","0","2788","LIED12CTRL/LLN0$Status","1234","5678",""
"11079","62.236782105","ipcas_21:73:33","143","0","2789","LIED12CTRL/LLN0$Status","1234","5678",""
"11080","62.239284669","ipcas_21:73:33","143","0","2790","LIED12CTRL/LLN0$Status","1234","5678",""
"11081","62.241780768","ipcas_21:73:33","143","0","2791","LIED12CTRL/LLN0$Status","1234","5678",""
"11082","62.245531024","ipcas_21:73:33","143","0","2792","LIED12CTRL/LLN0$Status","1234","5678",""
"11083","62.249339922","ipcas_21:73:33","143","0","2793","LIED12CTRL/LLN0$Status","1234","5678",""
"11084","62.251812690","ipcas_21:73:33","143","0","2794","LIED12CTRL/LLN0$Status","1234","5678",""
"11085","62.254306729","ipcas_21:73:33","143","0","2795","LIED12CTRL/LLN0$Status","1234","5678",""
"11086","62.256804004","ipcas_21:73:33","143","0","2796","LIED12CTRL/LLN0$Status","1234","5678",""
"11087","62.259305188","ipcas_21:73:33","143","0","2797","LIED12CTRL/LLN0$Status","1234","5678",""
"11088","62.261792781","ipcas_21:73:33","143","0","2798","LIED12CTRL/LLN0$Status","1234","5678",""
"11089","62.264276929","ipcas_21:73:33","143","0","2799","LIED12CTRL/LLN0$Status","1234","5678",""
"11090","62.266781628","ipcas_21:73:33","143","0","2800","LIED12CTRL/LLN0$Status","1234","5678",""
"11091","62.269241948","ipcas_21:73:33","143","0","2801","LIED12CTRL/LLN0$Status","1234","5678",""
"11092","62.271768701","ipcas_21:73:33","143","0","2802","LIED12CTRL/LLN0$Status","1234","5678",""
"11093","62.274200684","ipcas_21:73:33","143","0","2803","LIED12CTRL/LLN0$Status","1234","5678",""
"11094","62.276677188","ipcas_21:73:33","143","0","2804","LIED12CTRL/LLN0$Status","1234","5678",""
"11095","62.279291575","ipcas_21:73:33","143","0","2805","LIED12CTRL/LLN0$Status","1234","5678",""
"11096","62.281663189","ipcas_21:73:33","143","0","2806","LIED12CTRL/LLN0$Status","1234","5678",""
"11097","62.284348086","ipcas_21:73:33","143","0","2807","LIED12CTRL/LLN0$Status","1234","5678",""
"11098","62.286820179","ipcas_21:73:33","143","0","2808","LIED12CTRL/LLN0$Status","1234","5678",""
"11099","62.289281257","ipcas_21:73:33","143","0","2809","LIED12CTRL/LLN0$Status","1234","5678",""
"11100","62.293028302","ipcas_21:73:33","143","0","2810","LIED12CTRL/LLN0$Status","1234","5678",""
"11101","62.296782090","ipcas_21:73:33","143","0","2811","LIED12CTRL/LLN0$Status","1234","5678",""
"11102","62.300518888","ipcas_21:73:33","143","0","2812","LIED12CTRL/LLN0$Status","1234","5678",""
"11103","62.304325651","ipcas_21:73:33","143","0","2813","LIED12CTRL/LLN0$Status","1234","5678",""
"11104","62.307933945","ipcas_21:73:33","143","0","2814","LIED12CTRL/LLN0$Status","1234","5678",""
"11105","62.311084921","ipcas_21:73:33","143","0","2815","LIED12CTRL/LLN0$Status","1234","5678",""
"11106","62.312998024","ipcas_21:73:33","143","0","2816","LIED12CTRL/LLN0$Status","1234","5678",""
"11107","62.315534066","ipcas_21:73:33","143","0","2817","LIED12CTRL/LLN0$Status","1234","5678",""
"11108","62.318247170","ipcas_21:73:33","143","0","2818","LIED12CTRL/LLN0$Status","1234","5678",""
"11109","62.320512244","ipcas_21:73:33","143","0","2819","LIED12CTRL/LLN0$Status","1234","5678",""
"11110","62.323024404","ipcas_21:73:33","143","0","2820","LIED12CTRL/LLN0$Status","1234","5678",""
"11111","62.325519731","ipcas_21:73:33","143","0","2821","LIED12CTRL/LLN0$Status","1234","5678",""
"11112","62.329373815","ipcas_21:73:33","143","0","2822","LIED12CTRL/LLN0$Status","1234","5678",""
"11113","62.333027875","ipcas_21:73:33","143","0","2823","LIED12CTRL/LLN0$Status","1234","5678",""
"11114","62.335537836","ipcas_21:73:33","143","0","2824","LIED12CTRL/LLN0$Status","1234","5678",""
"11115","62.338088355","ipcas_21:73:33","143","0","2825","LIED12CTRL/LLN0$Status","1234","5678",""
"11116","62.340476730","ipcas_21:73:33","143","0","2826","LIED12CTRL/LLN0$Status","1234","5678",""
"11117","62.342883785","ipcas_21:73:33","143","0","2827","LIED12CTRL/LLN0$Status","1234","5678",""
"11118","62.345538714","ipcas_21:73:33","143","0","2828","LIED12CTRL/LLN0$Status","1234","5678",""
"11119","62.347831910","ipcas_21:73:33","143","0","2829","LIED12CTRL/LLN0$Status","1234","5678",""
"11120","62.350406932","ipcas_21:73:33","143","0","2830","LIED12CTRL/LLN0$Status","1234","5678",""
"11121","62.352876923","ipcas_21:73:33","143","0","2831","LIED12CTRL/LLN0$Status","1234","5678",""
"11122","62.355487118","ipcas_21:73:33","143","0","2832","LIED12CTRL/LLN0$Status","1234","5678",""
"11123","62.357906730","ipcas_21:73:33","143","0","2833","LIED12CTRL/LLN0$Status","1234","5678",""
"11124","62.360366880","ipcas_21:73:33","143","0","2834","LIED12CTRL/LLN0$Status","1234","5678",""
"11125","62.362872854","ipcas_21:73:33","143","0","2835","LIED12CTRL/LLN0$Status","1234","5678",""
"11126","62.365394422","ipcas_21:73:33","143","0","2836","LIED12CTRL/LLN0$Status","1234","5678",""
"11127","62.368356434","ipcas_21:73:33","143","0","2837","LIED12CTRL/LLN0$Status","1234","5678",""
"11128","62.371853075","ipcas_21:73:33","143","0","2838","LIED12CTRL/LLN0$Status","1234","5678",""
"11129","62.374206694","ipcas_21:73:33","143","0","2839","LIED12CTRL/LLN0$Status","1234","5678",""
"11130","62.376648888","ipcas_21:73:33","143","0","2840","LIED12CTRL/LLN0$Status","1234","5678",""
"11131","62.379107706","ipcas_21:73:33","143","0","2841","LIED12CTRL/LLN0$Status","1234","5678",""
"11132","62.381616119","ipcas_21:73:33","143","0","2842","LIED12CTRL/LLN0$Status","1234","5678",""
"11133","62.384119777","ipcas_21:73:33","143","0","2843","LIED12CTRL/LLN0$Status","1234","5678",""
"11134","62.386744767","ipcas_21:73:33","143","0","2844","LIED12CTRL/LLN0$Status","1234","5678",""
"11135","62.389100653","ipcas_21:73:33","143","0","2845","LIED12CTRL/LLN0$Status","1234","5678",""
"11136","62.391618202","ipcas_21:73:33","143","0","2846","LIED12CTRL/LLN0$Status","1234","5678",""
"11137","62.394113072","ipcas_21:73:33","143","0","2847","LIED12CTRL/LLN0$Status","1234","5678",""
"11138","62.396609375","ipcas_21:73:33","143","0","2848","LIED12CTRL/LLN0$Status","1234","5678",""
"11139","62.399039319","ipcas_21:73:33","143","0","2849","LIED12CTRL/LLN0$Status","1234","5678",""
"11140","62.401618055","ipcas_21:73:33","143","0","2850","LIED12CTRL/LLN0$Status","1234","5678",""
"11141","62.404079998","ipcas_21:73:33","143","0","2851","LIED12CTRL/LLN0$Status","1234","5678",""
"11142","62.406479988","ipcas_21:73:33","143","0","2852","LIED12CTRL/LLN0$Status","1234","5678",""
"11143","62.409577993","ipcas_21:73:33","143","0","2853","LIED12CTRL/LLN0$Status","1234","5678",""
"11144","62.411519225","ipcas_21:73:33","143","0","2854","LIED12CTRL/LLN0$Status","1234","5678",""
"11145","62.413650869","ipcas_21:73:33","143","0","2855","LIED12CTRL/LLN0$Status","1234","5678",""
"11146","62.417411437","ipcas_21:73:33","143","0","2856","LIED12CTRL/LLN0$Status","1234","5678",""
"11147","62.425493292","ipcas_21:73:33","143","0","2857","LIED12CTRL/LLN0$Status","1234","5678",""
"11148","62.427840482","ipcas_21:73:33","143","0","2858","LIED12CTRL/LLN0$Status","1234","5678",""
"11149","62.430463603","ipcas_21:73:33","143","0","2859","LIED12CTRL/LLN0$Status","1234","5678",""
"11150","62.432903001","ipcas_21:73:33","143","0","2860","LIED12CTRL/LLN0$Status","1234","5678",""
"11151","62.435366837","ipcas_21:73:33","143","0","2861","LIED12CTRL/LLN0$Status","1234","5678",""
"11152","62.437892938","ipcas_21:73:33","143","0","2862","LIED12CTRL/LLN0$Status","1234","5678",""
"11153","62.440379656","ipcas_21:73:33","143","0","2863","LIED12CTRL/LLN0$Status","1234","5678",""
"11154","62.443079145","ipcas_21:73:33","143","0","2864","LIED12CTRL/LLN0$Status","1234","5678",""
"11155","62.445232651","ipcas_21:73:33","143","0","2865","LIED12CTRL/LLN0$Status","1234","5678",""
"11156","62.447676473","ipcas_21:73:33","143","0","2866","LIED12CTRL/LLN0$Status","1234","5678",""
"11157","62.449945915","ipcas_21:73:33","143","0","2867","LIED12CTRL/LLN0$Status","1234","5678",""
"11158","62.452913857","ipcas_21:73:33","143","0","2868","LIED12CTRL/LLN0$Status","1234","5678",""
"11159","62.455330618","ipcas_21:73:33","143","0","2869","LIED12CTRL/LLN0$Status","1234","5678",""
"11160","62.457914216","ipcas_21:73:33","143","0","2870","LIED12CTRL/LLN0$Status","1234","5678",""
"11162","62.474616256","ipcas_21:73:33","143","0","2871","LIED12CTRL/LLN0$Status","1234","5678",""
"11163","62.477703859","ipcas_21:73:33","143","0","2872","LIED12CTRL/LLN0$Status","1234","5678",""
"11164","62.480346952","ipcas_21:73:33","143","0","2873","LIED12CTRL/LLN0$Status","1234","5678",""
"11165","62.482892747","ipcas_21:73:33","143","0","2874","LIED12CTRL/LLN0$Status","1234","5678",""
"11166","62.485403546","ipcas_21:73:33","143","0","2875","LIED12CTRL/LLN0$Status","1234","5678",""
"11167","62.487856283","ipcas_21:73:33","143","0","2876","LIED12CTRL/LLN0$Status","1234","5678",""
"11168","62.490385384","ipcas_21:73:33","143","0","2877","LIED12CTRL/LLN0$Status","1234","5678",""
"11169","62.492855996","ipcas_21:73:33","143","0","2878","LIED12CTRL/LLN0$Status","1234","5678",""
"11170","62.495369957","ipcas_21:73:33","143","0","2879","LIED12CTRL/LLN0$Status","1234","5678",""
"11171","62.497622296","ipcas_21:73:33","143","0","2880","LIED12CTRL/LLN0$Status","1234","5678",""
"11172","62.500362434","ipcas_21:73:33","143","0","2881","LIED12CTRL/LLN0$Status","1234","5678",""
"11173","62.502552998","ipcas_21:73:33","143","0","2882","LIED12CTRL/LLN0$Status","1234","5678",""
"11174","62.505338621","ipcas_21:73:33","143","0","2883","LIED12CTRL/LLN0$Status","1234","5678",""
"11175","62.507840320","ipcas_21:73:33","143","0","2884","LIED12CTRL/LLN0$Status","1234","5678",""
"11176","62.510577451","ipcas_21:73:33","143","0","2885","LIED12CTRL/LLN0$Status","1234","5678",""
"11177","62.512854166","ipcas_21:73:33","143","0","2886","LIED12CTRL/LLN0$Status","1234","5678",""
"11178","62.515335360","ipcas_21:73:33","143","0","2887","LIED12CTRL/LLN0$Status","1234","5678",""
"11179","62.517877769","ipcas_21:73:33","143","0","2888","LIED12CTRL/LLN0$Status","1234","5678",""
"11180","62.520218217","ipcas_21:73:33","143","0","2889","LIED12CTRL/LLN0$Status","1234","5678",""
"11181","62.522877575","ipcas_21:73:33","143","0","2890","LIED12CTRL/LLN0$Status","1234","5678",""
"11182","62.525166016","ipcas_21:73:33","143","0","2891","LIED12CTRL/LLN0$Status","1234","5678",""
"11183","62.527392737","ipcas_21:73:33","143","0","2892","LIED12CTRL/LLN0$Status","1234","5678",""
"11184","62.530382931","ipcas_21:73:33","143","0","2893","LIED12CTRL/LLN0$Status","1234","5678",""
"11185","62.532863106","ipcas_21:73:33","143","0","2894","LIED12CTRL/LLN0$Status","1234","5678",""
"11186","62.535332066","ipcas_21:73:33","143","0","2895","LIED12CTRL/LLN0$Status","1234","5678",""
"11187","62.537845633","ipcas_21:73:33","143","0","2896","LIED12CTRL/LLN0$Status","1234","5678",""
"11188","62.540355283","ipcas_21:73:33","143","0","2897","LIED12CTRL/LLN0$Status","1234","5678",""
"11189","62.542890635","ipcas_21:73:33","143","0","2898","LIED12CTRL/LLN0$Status","1234","5678",""
"11190","62.545387015","ipcas_21:73:33","143","0","2899","LIED12CTRL/LLN0$Status","1234","5678",""
"11191","62.547862823","ipcas_21:73:33","143","0","2900","LIED12CTRL/LLN0$Status","1234","5678",""
"11192","62.550437106","ipcas_21:73:33","143","0","2901","LIED12CTRL/LLN0$Status","1234","5678",""
"11193","62.552941150","ipcas_21:73:33","143","0","2902","LIED12CTRL/LLN0$Status","1234","5678",""
"11194","62.556676075","ipcas_21:73:33","143","0","2903","LIED12CTRL/LLN0$Status","1234","5678",""
"11195","62.559123606","ipcas_21:73:33","143","0","2904","LIED12CTRL/LLN0$Status","1234","5678",""
"11196","62.561650625","ipcas_21:73:33","143","0","2905","LIED12CTRL/LLN0$Status","1234","5678",""
"11197","62.564205571","ipcas_21:73:33","143","0","2906","LIED12CTRL/LLN0$Status","1234","5678",""
"11198","62.566612696","ipcas_21:73:33","143","0","2907","LIED12CTRL/LLN0$Status","1234","5678",""
"11199","62.569220230","ipcas_21:73:33","143","0","2908","LIED12CTRL/LLN0$Status","1234","5678",""
"11200","62.571641353","ipcas_21:73:33","143","0","2909","LIED12CTRL/LLN0$Status","1234","5678",""
"11202","62.574680013","ipcas_21:73:33","143","0","2910","LIED12CTRL/LLN0$Status","1234","5678",""
"11204","62.576724691","ipcas_21:73:33","143","0","2911","LIED12CTRL/LLN0$Status","1234","5678",""
"11205","62.579150667","ipcas_21:73:33","143","0","2912","LIED12CTRL/LLN0$Status","1234","5678",""
"11206","62.581707018","ipcas_21:73:33","143","0","2913","LIED12CTRL/LLN0$Status","1234","5678",""
"11207","62.584213017","ipcas_21:73:33","143","0","2914","LIED12CTRL/LLN0$Status","1234","5678",""
"11208","62.586733568","ipcas_21:73:33","143","0","2915","LIED12CTRL/LLN0$Status","1234","5678",""
"11209","62.589219695","ipcas_21:73:33","143","0","2916","LIED12CTRL/LLN0$Status","1234","5678",""
"11210","62.592970523","ipcas_21:73:33","143","0","2917","LIED12CTRL/LLN0$Status","1234","5678",""
"11211","62.595480588","ipcas_21:73:33","143","0","2918","LIED12CTRL/LLN0$Status","1234","5678",""
"11212","62.597979779","ipcas_21:73:33","143","0","2919","LIED12CTRL/LLN0$Status","1234","5678",""
"11213","62.600476402","ipcas_21:73:33","143","0","2920","LIED12CTRL/LLN0$Status","1234","5678",""
"11214","62.603023462","ipcas_21:73:33","143","0","2921","LIED12CTRL/LLN0$Status","1234","5678",""
"11215","62.606729922","ipcas_21:73:33","143","0","2922","LIED12CTRL/LLN0$Status","1234","5678",""
"11216","62.609562848","ipcas_21:73:33","143","0","2923","LIED12CTRL/LLN0$Status","1234","5678",""
"11217","62.611731930","ipcas_21:73:33","143","0","2924","LIED12CTRL/LLN0$Status","1234","5678",""
"11218","62.614232797","ipcas_21:73:33","143","0","2925","LIED12CTRL/LLN0$Status","1234","5678",""
"11219","62.616731062","ipcas_21:73:33","143","0","2926","LIED12CTRL/LLN0$Status","1234","5678",""
"11220","62.619250402","ipcas_21:73:33","143","0","2927","LIED12CTRL/LLN0$Status","1234","5678",""
"11221","62.622996860","ipcas_21:73:33","143","0","2928","LIED12CTRL/LLN0$Status","1234","5678",""
"11222","62.626735791","ipcas_21:73:33","143","0","2929","LIED12CTRL/LLN0$Status","1234","5678",""
"11223","62.629162942","ipcas_21:73:33","143","0","2930","LIED12CTRL/LLN0$Status","1234","5678",""
"11224","62.631625012","ipcas_21:73:33","143","0","2931","LIED12CTRL/LLN0$Status","1234","5678",""
"11228","62.634170531","ipcas_21:73:33","143","0","2932","LIED12CTRL/LLN0$Status","1234","5678",""
"11229","62.636607808","ipcas_21:73:33","143","0","2933","LIED12CTRL/LLN0$Status","1234","5678",""
"11230","62.639248775","ipcas_21:73:33","143","0","2934","LIED12CTRL/LLN0$Status","1234","5678",""
"11231","62.641707444","ipcas_21:73:33","143","0","2935","LIED12CTRL/LLN0$Status","1234","5678",""
"11232","62.644250883","ipcas_21:73:33","143","0","2936","LIED12CTRL/LLN0$Status","1234","5678",""
"11236","62.648039765","ipcas_21:73:33","143","0","2937","LIED12CTRL/LLN0$Status","1234","5678",""
"11237","62.650494037","ipcas_21:73:33","143","0","2938","LIED12CTRL/LLN0$Status","1234","5678",""
"11238","62.652998663","ipcas_21:73:33","143","0","2939","LIED12CTRL/LLN0$Status","1234","5678",""
"11242","62.655558395","ipcas_21:73:33","143","0","2940","LIED12CTRL/LLN0$Status","1234","5678",""
"11243","62.658064501","ipcas_21:73:33","143","0","2941","LIED12CTRL/LLN0$Status","1234","5678",""
"11244","62.660531887","ipcas_21:73:33","143","0","2942","LIED12CTRL/LLN0$Status","1234","5678",""
"11245","62.663054094","ipcas_21:73:33","143","0","2943","LIED12CTRL/LLN0$Status","1234","5678",""
"11246","62.666686828","ipcas_21:73:33","143","0","2944","LIED12CTRL/LLN0$Status","1234","5678",""
"11247","62.669286607","ipcas_21:73:33","143","0","2945","LIED12CTRL/LLN0$Status","1234","5678",""
"11248","62.671752587","ipcas_21:73:33","143","0","2946","LIED12CTRL/LLN0$Status","1234","5678",""
"11249","62.674219879","ipcas_21:73:33","143","0","2947","LIED12CTRL/LLN0$Status","1234","5678",""
"11250","62.676654810","ipcas_21:73:33","143","0","2948","LIED12CTRL/LLN0$Status","1234","5678",""
"11251","62.679145466","ipcas_21:73:33","143","0","2949","LIED12CTRL/LLN0$Status","1234","5678",""
"11252","62.681655194","ipcas_21:73:33","143","0","2950","LIED12CTRL/LLN0$Status","1234","5678",""
"11259","62.684275390","ipcas_21:73:33","143","0","2951","LIED12CTRL/LLN0$Status","1234","5678",""
"11260","62.686683218","ipcas_21:73:33","143","0","2952","LIED12CTRL/LLN0$Status","1234","5678",""
"11261","62.689291290","ipcas_21:73:33","143","0","2953","LIED12CTRL/LLN0$Status","1234","5678",""
"11265","62.691889919","ipcas_21:73:33","143","0","2954","LIED12CTRL/LLN0$Status","1234","5678",""
"11266","62.694117934","ipcas_21:73:33","143","0","2955","LIED12CTRL/LLN0$Status","1234","5678",""
"11272","62.696754144","ipcas_21:73:33","143","0","2956","LIED12CTRL/LLN0$Status","1234","5678",""
"11273","62.699190198","ipcas_21:73:33","143","0","2957","LIED12CTRL/LLN0$Status","1234","5678",""
"11274","62.701747157","ipcas_21:73:33","143","0","2958","LIED12CTRL/LLN0$Status","1234","5678",""
"11275","62.705495407","ipcas_21:73:33","143","0","2959","LIED12CTRL/LLN0$Status","1234","5678",""
"11276","62.708001270","ipcas_21:73:33","143","0","2960","LIED12CTRL/LLN0$Status","1234","5678",""
"11277","62.711800986","ipcas_21:73:33","143","0","2961","LIED12CTRL/LLN0$Status","1234","5678",""
"11278","62.715517269","ipcas_21:73:33","143","0","2962","LIED12CTRL/LLN0$Status","1234","5678",""
"11279","62.717877162","ipcas_21:73:33","143","0","2963","LIED12CTRL/LLN0$Status","1234","5678",""
"11280","62.720494146","ipcas_21:73:33","143","0","2964","LIED12CTRL/LLN0$Status","1234","5678",""
"11281","62.722992699","ipcas_21:73:33","143","0","2965","LIED12CTRL/LLN0$Status","1234","5678",""
"11282","62.725503663","ipcas_21:73:33","143","0","2966","LIED12CTRL/LLN0$Status","1234","5678",""
"11283","62.727894484","ipcas_21:73:33","143","0","2967","LIED12CTRL/LLN0$Status","1234","5678",""
"11284","62.730409331","ipcas_21:73:33","143","0","2968","LIED12CTRL/LLN0$Status","1234","5678",""
"11285","62.732896079","ipcas_21:73:33","143","0","2969","LIED12CTRL/LLN0$Status","1234","5678",""
"11286","62.735415101","ipcas_21:73:33","143","0","2970","LIED12CTRL/LLN0$Status","1234","5678",""
"11287","62.737876759","ipcas_21:73:33","143","0","2971","LIED12CTRL/LLN0$Status","1234","5678",""
"11288","62.740485229","ipcas_21:73:33","143","0","2972","LIED12CTRL/LLN0$Status","1234","5678",""
"11289","62.743030360","ipcas_21:73:33","143","0","2973","LIED12CTRL/LLN0$Status","1234","5678",""
"11290","62.745547019","ipcas_21:73:33","143","0","2974","LIED12CTRL/LLN0$Status","1234","5678",""
"11291","62.748019091","ipcas_21:73:33","143","0","2975","LIED12CTRL/LLN0$Status","1234","5678",""
"11292","62.750495689","ipcas_21:73:33","143","0","2976","LIED12CTRL/LLN0$Status","1234","5678",""
"11293","62.752943021","ipcas_21:73:33","143","0","2977","LIED12CTRL/LLN0$Status","1234","5678",""
"11294","62.755420030","ipcas_21:73:33","143","0","2978","LIED12CTRL/LLN0$Status","1234","5678",""
"11295","62.758019803","ipcas_21:73:33","143","0","2979","LIED12CTRL/LLN0$Status","1234","5678",""
"11296","62.760482665","ipcas_21:73:33","143","0","2980","LIED12CTRL/LLN0$Status","1234","5678",""
"11297","62.763064860","ipcas_21:73:33","143","0","2981","LIED12CTRL/LLN0$Status","1234","5678",""
"11298","62.765479448","ipcas_21:73:33","143","0","2982","LIED12CTRL/LLN0$Status","1234","5678",""
"11299","62.768035469","ipcas_21:73:33","143","0","2983","LIED12CTRL/LLN0$Status","1234","5678",""
"11300","62.770582686","ipcas_21:73:33","143","0","2984","LIED12CTRL/LLN0$Status","1234","5678",""
"11301","62.773163602","ipcas_21:73:33","143","0","2985","LIED12CTRL/LLN0$Status","1234","5678",""
"11302","62.775591864","ipcas_21:73:33","143","0","2986","LIED12CTRL/LLN0$Status","1234","5678",""
"11303","62.778056110","ipcas_21:73:33","143","0","2987","LIED12CTRL/LLN0$Status","1234","5678",""
"11304","62.780590403","ipcas_21:73:33","143","0","2988","LIED12CTRL/LLN0$Status","1234","5678",""
"11305","62.783168018","ipcas_21:73:33","143","0","2989","LIED12CTRL/LLN0$Status","1234","5678",""
"11306","62.785715736","ipcas_21:73:33","143","0","2990","LIED12CTRL/LLN0$Status","1234","5678",""
"11307","62.788350341","ipcas_21:73:33","143","0","2991","LIED12CTRL/LLN0$Status","1234","5678",""
"11308","62.791654624","ipcas_21:73:33","143","0","2992","LIED12CTRL/LLN0$Status","1234","5678",""
"11309","62.794162517","ipcas_21:73:33","143","0","2993","LIED12CTRL/LLN0$Status","1234","5678",""
"11310","62.796750163","ipcas_21:73:33","143","0","2994","LIED12CTRL/LLN0$Status","1234","5678",""
"11311","62.799619094","ipcas_21:73:33","143","0","2995","LIED12CTRL/LLN0$Status","1234","5678",""
"11312","62.802951009","ipcas_21:73:33","143","0","2996","LIED12CTRL/LLN0$Status","1234","5678",""
"11313","62.805404809","ipcas_21:73:33","143","0","2997","LIED12CTRL/LLN0$Status","1234","5678",""
"11314","62.807956573","ipcas_21:73:33","143","0","2998","LIED12CTRL/LLN0$Status","1234","5678",""
"11315","62.810405787","ipcas_21:73:33","143","0","2999","LIED12CTRL/LLN0$Status","1234","5678",""
"11316","62.812929751","ipcas_21:73:33","143","0","3000","LIED12CTRL/LLN0$Status","1234","5678",""
"11317","62.815384040","ipcas_21:73:33","143","0","3001","LIED12CTRL/LLN0$Status","1234","5678",""
"11318","62.817979801","ipcas_21:73:33","143","0","3002","LIED12CTRL/LLN0$Status","1234","5678",""
"11319","62.820350543","ipcas_21:73:33","143","0","3003","LIED12CTRL/LLN0$Status","1234","5678",""
"11320","62.823043546","ipcas_21:73:33","143","0","3004","LIED12CTRL/LLN0$Status","1234","5678",""
"11321","62.825547021","ipcas_21:73:33","143","0","3005","LIED12CTRL/LLN0$Status","1234","5678",""
"11322","62.827909502","ipcas_21:73:33","143","0","3006","LIED12CTRL/LLN0$Status","1234","5678",""
"11323","62.830532133","ipcas_21:73:33","143","0","3007","LIED12CTRL/LLN0$Status","1234","5678",""
"11324","62.832892758","ipcas_21:73:33","143","0","3008","LIED12CTRL/LLN0$Status","1234","5678",""
"11325","62.842256467","ipcas_21:73:33","143","0","3009","LIED12CTRL/LLN0$Status","1234","5678",""
"11326","62.845397798","ipcas_21:73:33","143","0","3010","LIED12CTRL/LLN0$Status","1234","5678",""
"11327","62.847932846","ipcas_21:73:33","143","0","3011","LIED12CTRL/LLN0$Status","1234","5678",""
"11328","62.850467409","ipcas_21:73:33","143","0","3012","LIED12CTRL/LLN0$Status","1234","5678",""
"11329","62.852866637","ipcas_21:73:33","143","0","3013","LIED12CTRL/LLN0$Status","1234","5678",""
"11330","62.855412141","ipcas_21:73:33","143","0","3014","LIED12CTRL/LLN0$Status","1234","5678",""
"11331","62.857879636","ipcas_21:73:33","143","0","3015","LIED12CTRL/LLN0$Status","1234","5678",""
"11332","62.860336471","ipcas_21:73:33","143","0","3016","LIED12CTRL/LLN0$Status","1234","5678",""
"11333","62.863021846","ipcas_21:73:33","143","0","3017","LIED12CTRL/LLN0$Status","1234","5678",""
"11334","62.865413305","ipcas_21:73:33","143","0","3018","LIED12CTRL/LLN0$Status","1234","5678",""
"11335","62.867937744","ipcas_21:73:33","143","0","3019","LIED12CTRL/LLN0$Status","1234","5678",""
"11336","62.870378359","ipcas_21:73:33","143","0","3020","LIED12CTRL/LLN0$Status","1234","5678",""
"11337","62.873095280","ipcas_21:73:33","143","0","3021","LIED12CTRL/LLN0$Status","1234","5678",""
"11338","62.875476552","ipcas_21:73:33","143","0","3022","LIED12CTRL/LLN0$Status","1234","5678",""
"11339","62.878060745","ipcas_21:73:33","143","0","3023","LIED12CTRL/LLN0$Status","1234","5678",""
"11340","62.880506660","ipcas_21:73:33","143","0","3024","LIED12CTRL/LLN0$Status","1234","5678",""
"11341","62.882934815","ipcas_21:73:33","143","0","3025","LIED12CTRL/LLN0$Status","1234","5678",""
"11342","62.885391564","ipcas_21:73:33","143","0","3026","LIED12CTRL/LLN0$Status","1234","5678",""
"11343","62.887891614","ipcas_21:73:33","143","0","3027","LIED12CTRL/LLN0$Status","1234","5678",""
"11344","62.890489270","ipcas_21:73:33","143","0","3028","LIED12CTRL/LLN0$Status","1234","5678",""
"11345","62.892995284","ipcas_21:73:33","143","0","3029","LIED12CTRL/LLN0$Status","1234","5678",""
"11346","62.895429446","ipcas_21:73:33","143","0","3030","LIED12CTRL/LLN0$Status","1234","5678",""
"11347","62.898031735","ipcas_21:73:33","143","0","3031","LIED12CTRL/LLN0$Status","1234","5678",""
"11348","62.900493687","ipcas_21:73:33","143","0","3032","LIED12CTRL/LLN0$Status","1234","5678",""
"11349","62.902971175","ipcas_21:73:33","143","0","3033","LIED12CTRL/LLN0$Status","1234","5678",""
"11350","62.905437999","ipcas_21:73:33","143","0","3034","LIED12CTRL/LLN0$Status","1234","5678",""
"11351","62.907939798","ipcas_21:73:33","143","0","3035","LIED12CTRL/LLN0$Status","1234","5678",""
"11352","62.910830699","ipcas_21:73:33","143","0","3036","LIED12CTRL/LLN0$Status","1234","5678",""
"11353","62.913084940","ipcas_21:73:33","143","0","3037","LIED12CTRL/LLN0$Status","1234","5678",""
"11354","62.915580621","ipcas_21:73:33","143","0","3038","LIED12CTRL/LLN0$Status","1234","5678",""
"11355","62.918103703","ipcas_21:73:33","143","0","3039","LIED12CTRL/LLN0$Status","1234","5678",""
"11356","62.920515022","ipcas_21:73:33","143","0","3040","LIED12CTRL/LLN0$Status","1234","5678",""
"11357","62.923039317","ipcas_21:73:33","143","0","3041","LIED12CTRL/LLN0$Status","1234","5678",""
"11358","62.925465397","ipcas_21:73:33","143","0","3042","LIED12CTRL/LLN0$Status","1234","5678",""
"11359","62.927922519","ipcas_21:73:33","143","0","3043","LIED12CTRL/LLN0$Status","1234","5678",""
"11360","62.930471779","ipcas_21:73:33","143","0","3044","LIED12CTRL/LLN0$Status","1234","5678",""
"11361","62.933068135","ipcas_21:73:33","143","0","3045","LIED12CTRL/LLN0$Status","1234","5678",""
"11362","62.935559585","ipcas_21:73:33","143","0","3046","LIED12CTRL/LLN0$Status","1234","5678",""
"11363","62.938035354","ipcas_21:73:33","143","0","3047","LIED12CTRL/LLN0$Status","1234","5678",""
"11364","62.942576975","ipcas_21:73:33","143","0","3048","LIED12CTRL/LLN0$Status","1234","5678",""
"11365","62.945631264","ipcas_21:73:33","143","0","3049","LIED12CTRL/LLN0$Status","1234","5678",""
"11366","62.948079458","ipcas_21:73:33","143","0","3050","LIED12CTRL/LLN0$Status","1234","5678",""
"11367","62.950596165","ipcas_21:73:33","143","0","3051","LIED12CTRL/LLN0$Status","1234","5678",""
"11368","62.953031210","ipcas_21:73:33","143","0","3052","LIED12CTRL/LLN0$Status","1234","5678",""
"11369","62.955512414","ipcas_21:73:33","143","0","3053","LIED12CTRL/LLN0$Status","1234","5678",""
"11370","62.958084766","ipcas_21:73:33","143","0","3054","LIED12CTRL/LLN0$Status","1234","5678",""
"11371","62.960511799","ipcas_21:73:33","143","0","3055","LIED12CTRL/LLN0$Status","1234","5678",""
"11372","62.963069163","ipcas_21:73:33","143","0","3056","LIED12CTRL/LLN0$Status","1234","5678",""
"11373","62.965547437","ipcas_21:73:33","143","0","3057","LIED12CTRL/LLN0$Status","1234","5678",""
"11374","62.968016881","ipcas_21:73:33","143","0","3058","LIED12CTRL/LLN0$Status","1234","5678",""
"11375","62.970548469","ipcas_21:73:33","143","0","3059","LIED12CTRL/LLN0$Status","1234","5678",""
"11376","62.972962254","ipcas_21:73:33","143","0","3060","LIED12CTRL/LLN0$Status","1234","5678",""
"11377","62.975394592","ipcas_21:73:33","143","0","3061","LIED12CTRL/LLN0$Status","1234","5678",""
"11378","62.978088881","ipcas_21:73:33","143","0","3062","LIED12CTRL/LLN0$Status","1234","5678",""
"11379","62.980585081","ipcas_21:73:33","143","0","3063","LIED12CTRL/LLN0$Status","1234","5678",""
"11380","62.983033960","ipcas_21:73:33","143","0","3064","LIED12CTRL/LLN0$Status","1234","5678",""
"11381","62.985580085","ipcas_21:73:33","143","0","3065","LIED12CTRL/LLN0$Status","1234","5678",""
"11382","62.988046980","ipcas_21:73:33","143","0","3066","LIED12CTRL/LLN0$Status","1234","5678",""
"11383","62.990840457","ipcas_21:73:33","143","0","3067","LIED12CTRL/LLN0$Status","1234","5678",""
"11384","62.992986846","ipcas_21:73:33","143","0","3068","LIED12CTRL/LLN0$Status","1234","5678",""
"11385","62.995575941","ipcas_21:73:33","143","0","3069","LIED12CTRL/LLN0$Status","1234","5678",""
"11386","62.998084950","ipcas_21:73:33","143","0","3070","LIED12CTRL/LLN0$Status","1234","5678",""
"11387","63.000578386","ipcas_21:73:33","143","0","3071","LIED12CTRL/LLN0$Status","1234","5678",""
"11388","63.003050162","ipcas_21:73:33","143","0","3072","LIED12CTRL/LLN0$Status","1234","5678",""
"11389","63.005580571","ipcas_21:73:33","143","0","3073","LIED12CTRL/LLN0$Status","1234","5678",""
"11390","63.008076624","ipcas_21:73:33","143","0","3074","LIED12CTRL/LLN0$Status","1234","5678",""
"11391","63.010989331","ipcas_21:73:33","143","0","3075","LIED12CTRL/LLN0$Status","1234","5678",""
"11392","63.013191469","ipcas_21:73:33","143","0","3076","LIED12CTRL/LLN0$Status","1234","5678",""
"11393","63.015427008","ipcas_21:73:33","143","0","3077","LIED12CTRL/LLN0$Status","1234","5678",""
"11394","63.018086746","ipcas_21:73:33","143","0","3078","LIED12CTRL/LLN0$Status","1234","5678",""
"11395","63.020583824","ipcas_21:73:33","143","0","3079","LIED12CTRL/LLN0$Status","1234","5678",""
"11396","63.023824921","ipcas_21:73:33","143","0","3080","LIED12CTRL/LLN0$Status","1234","5678",""
"11397","63.025566630","ipcas_21:73:33","143","0","3081","LIED12CTRL/LLN0$Status","1234","5678",""
"11398","63.028043057","ipcas_21:73:33","143","0","3082","LIED12CTRL/LLN0$Status","1234","5678",""
"11399","63.030548982","ipcas_21:73:33","143","0","3083","LIED12CTRL/LLN0$Status","1234","5678",""
"11400","63.033062929","ipcas_21:73:33","143","0","3084","LIED12CTRL/LLN0$Status","1234","5678",""
"11401","63.036819474","ipcas_21:73:33","143","0","3085","LIED12CTRL/LLN0$Status","1234","5678",""
"11402","63.039292456","ipcas_21:73:33","143","0","3086","LIED12CTRL/LLN0$Status","1234","5678",""
"11404","63.041806917","ipcas_21:73:33","143","0","3087","LIED12CTRL/LLN0$Status","1234","5678",""
"11405","63.044448577","ipcas_21:73:33","143","0","3088","LIED12CTRL/LLN0$Status","1234","5678",""
"11406","63.046738936","ipcas_21:73:33","143","0","3089","LIED12CTRL/LLN0$Status","1234","5678",""
"11407","63.050089794","ipcas_21:73:33","143","0","3090","LIED12CTRL/LLN0$Status","1234","5678",""
"11408","63.051631703","ipcas_21:73:33","143","0","3091","LIED12CTRL/LLN0$Status","1234","5678",""
"11409","63.054283916","ipcas_21:73:33","143","0","3092","LIED12CTRL/LLN0$Status","1234","5678",""
"11410","63.056780883","ipcas_21:73:33","143","0","3093","LIED12CTRL/LLN0$Status","1234","5678",""
"11411","63.059193605","ipcas_21:73:33","143","0","3094","LIED12CTRL/LLN0$Status","1234","5678",""
"11412","63.061788226","ipcas_21:73:33","143","0","3095","LIED12CTRL/LLN0$Status","1234","5678",""
"11413","63.064296426","ipcas_21:73:33","143","0","3096","LIED12CTRL/LLN0$Status","1234","5678",""
"11414","63.066940628","ipcas_21:73:33","143","0","3097","LIED12CTRL/LLN0$Status","1234","5678",""
"11415","63.069301768","ipcas_21:73:33","143","0","3098","LIED12CTRL/LLN0$Status","1234","5678",""
"11416","63.071786030","ipcas_21:73:33","143","0","3099","LIED12CTRL/LLN0$Status","1234","5678",""
"11417","63.075570288","ipcas_21:73:33","143","0","3100","LIED12CTRL/LLN0$Status","1234","5678",""
"11418","63.078047748","ipcas_21:73:33","143","0","3101","LIED12CTRL/LLN0$Status","1234","5678",""
"11419","63.080547255","ipcas_21:73:33","143","0","3102","LIED12CTRL/LLN0$Status","1234","5678",""
"11420","63.083049765","ipcas_21:73:33","143","0","3103","LIED12CTRL/LLN0$Status","1234","5678",""
"11421","63.085443140","ipcas_21:73:33","143","0","3104","LIED12CTRL/LLN0$Status","1234","5678",""
"11422","63.088029284","ipcas_21:73:33","143","0","3105","LIED12CTRL/LLN0$Status","1234","5678",""
"11423","63.091789930","ipcas_21:73:33","143","0","3106","LIED12CTRL/LLN0$Status","1234","5678",""
"11424","63.094188815","ipcas_21:73:33","143","0","3107","LIED12CTRL/LLN0$Status","1234","5678",""
"11425","63.096754280","ipcas_21:73:33","143","0","3108","LIED12CTRL/LLN0$Status","1234","5678",""
"11426","63.099188026","ipcas_21:73:33","143","0","3109","LIED12CTRL/LLN0$Status","1234","5678",""
"11427","63.101801457","ipcas_21:73:33","143","0","3110","LIED12CTRL/LLN0$Status","1234","5678",""
"11428","63.104310456","ipcas_21:73:33","143","0","3111","LIED12CTRL/LLN0$Status","1234","5678",""
"11429","63.106790979","ipcas_21:73:33","143","0","3112","LIED12CTRL/LLN0$Status","1234","5678",""
"11430","63.109299129","ipcas_21:73:33","143","0","3113","LIED12CTRL/LLN0$Status","1234","5678",""
"11431","63.111665559","ipcas_21:73:33","143","0","3114","LIED12CTRL/LLN0$Status","1234","5678",""
"11432","63.114266236","ipcas_21:73:33","143","0","3115","LIED12CTRL/LLN0$Status","1234","5678",""
"11433","63.116948079","ipcas_21:73:33","143","0","3116","LIED12CTRL/LLN0$Status","1234","5678",""
"11434","63.119592879","ipcas_21:73:33","143","0","3117","LIED12CTRL/LLN0$Status","1234","5678",""
"11435","63.122092624","ipcas_21:73:33","143","0","3118","LIED12CTRL/LLN0$Status","1234","5678",""
"11436","63.124588132","ipcas_21:73:33","143","0","3119","LIED12CTRL/LLN0$Status","1234","5678",""
"11437","63.127094435","ipcas_21:73:33","143","0","3120","LIED12CTRL/LLN0$Status","1234","5678",""
"11438","63.129190751","ipcas_21:73:33","143","0","3121","LIED12CTRL/LLN0$Status","1234","5678",""
"11439","63.132158339","ipcas_21:73:33","143","0","3122","LIED12CTRL/LLN0$Status","1234","5678",""
"11440","63.134188578","ipcas_21:73:33","143","0","3123","LIED12CTRL/LLN0$Status","1234","5678",""
"11441","63.137153096","ipcas_21:73:33","143","0","3124","LIED12CTRL/LLN0$Status","1234","5678",""
"11442","63.139284933","ipcas_21:73:33","143","0","3125","LIED12CTRL/LLN0$Status","1234","5678",""
"11443","63.141799970","ipcas_21:73:33","143","0","3126","LIED12CTRL/LLN0$Status","1234","5678",""
"11444","63.144295103","ipcas_21:73:33","143","0","3127","LIED12CTRL/LLN0$Status","1234","5678",""
"11445","63.146798880","ipcas_21:73:33","143","0","3128","LIED12CTRL/LLN0$Status","1234","5678",""
"11446","63.149302500","ipcas_21:73:33","143","0","3129","LIED12CTRL/LLN0$Status","1234","5678",""
"11447","63.151798616","ipcas_21:73:33","143","0","3130","LIED12CTRL/LLN0$Status","1234","5678",""
"11448","63.154295109","ipcas_21:73:33","143","0","3131","LIED12CTRL/LLN0$Status","1234","5678",""
"11449","63.156799982","ipcas_21:73:33","143","0","3132","LIED12CTRL/LLN0$Status","1234","5678",""
"11450","63.159302536","ipcas_21:73:33","143","0","3133","LIED12CTRL/LLN0$Status","1234","5678",""
"11451","63.160058854","ipcas_21:73:33","149","1","58","LIED10CTRL/LLN0$Status","1","1","0"
"11452","63.160064283","ipcas_21:73:33","146","1","58","LIED10PROT/LLN0$Alarm","1","",""
"11453","63.160065576","ipcas_21:73:33","203","1","58","LIED10MEAS/LLN0$Measurement","312","307","306"
"11454","63.161788562","ipcas_21:73:33","143","0","3134","LIED12CTRL/LLN0$Status","1234","5678",""
"11455","63.165555307","ipcas_21:73:33","143","0","3135","LIED12CTRL/LLN0$Status","1234","5678",""
"11456","63.169329434","ipcas_21:73:33","143","0","3136","LIED12CTRL/LLN0$Status","1234","5678",""
"11460","63.171806720","ipcas_21:73:33","143","0","3137","LIED12CTRL/LLN0$Status","1234","5678",""
"11461","63.174602278","ipcas_21:73:33","143","0","3138","LIED12CTRL/LLN0$Status","1234","5678",""
"11462","63.176895155","ipcas_21:73:33","143","0","3139","LIED12CTRL/LLN0$Status","1234","5678",""
"11466","63.179297279","ipcas_21:73:33","143","0","3140","LIED12CTRL/LLN0$Status","1234","5678",""
"11467","63.181752415","ipcas_21:73:33","143","0","3141","LIED12CTRL/LLN0$Status","1234","5678",""
"11468","63.184389703","ipcas_21:73:33","143","0","3142","LIED12CTRL/LLN0$Status","1234","5678",""
"11469","63.186882330","ipcas_21:73:33","143","0","3143","LIED12CTRL/LLN0$Status","1234","5678",""
"11470","63.189386638","ipcas_21:73:33","143","0","3144","LIED12CTRL/LLN0$Status","1234","5678",""
"11474","63.191727451","ipcas_21:73:33","143","0","3145","LIED12CTRL/LLN0$Status","1234","5678",""
"11475","63.194387473","ipcas_21:73:33","143","0","3146","LIED12CTRL/LLN0$Status","1234","5678",""
"11476","63.196882326","ipcas_21:73:33","143","0","3147","LIED12CTRL/LLN0$Status","1234","5678",""
"11477","63.199385508","ipcas_21:73:33","143","0","3148","LIED12CTRL/LLN0$Status","1234","5678",""
"11478","63.201880863","ipcas_21:73:33","143","0","3149","LIED12CTRL/LLN0$Status","1234","5678",""
"11479","63.204412584","ipcas_21:73:33","143","0","3150","LIED12CTRL/LLN0$Status","1234","5678",""
"11480","63.206833243","ipcas_21:73:33","143","0","3151","LIED12CTRL/LLN0$Status","1234","5678",""
"11481","63.209405390","ipcas_21:73:33","143","0","3152","LIED12CTRL/LLN0$Status","1234","5678",""
"11482","63.211854407","ipcas_21:73:33","143","0","3153","LIED12CTRL/LLN0$Status","1234","5678",""
"11483","63.214578225","ipcas_21:73:33","143","0","3154","LIED12CTRL/LLN0$Status","1234","5678",""
"11484","63.217093740","ipcas_21:73:33","143","0","3155","LIED12CTRL/LLN0$Status","1234","5678",""
"11485","63.219548934","ipcas_21:73:33","143","0","3156","LIED12CTRL/LLN0$Status","1234","5678",""
"11489","63.221976677","ipcas_21:73:33","143","0","3157","LIED12CTRL/LLN0$Status","1234","5678",""
"11490","63.224547367","ipcas_21:73:33","143","0","3158","LIED12CTRL/LLN0$Status","1234","5678",""
"11494","63.227037221","ipcas_21:73:33","143","0","3159","LIED12CTRL/LLN0$Status","1234","5678",""
"11495","63.229284872","ipcas_21:73:33","143","0","3160","LIED12CTRL/LLN0$Status","1234","5678",""
"11499","63.231790197","ipcas_21:73:33","143","0","3161","LIED12CTRL/LLN0$Status","1234","5678",""
"11500","63.234681529","ipcas_21:73:33","143","0","3162","LIED12CTRL/LLN0$Status","1234","5678",""
"11504","63.237114658","ipcas_21:73:33","143","0","3163","LIED12CTRL/LLN0$Status","1234","5678",""
"11508","63.239264737","ipcas_21:73:33","143","0","3164","LIED12CTRL/LLN0$Status","1234","5678",""
"11511","63.241807181","ipcas_21:73:33","143","0","3165","LIED12CTRL/LLN0$Status","1234","5678",""
"11513","63.244190035","ipcas_21:73:33","143","0","3166","LIED12CTRL/LLN0$Status","1234","5678",""
"11514","63.246831340","ipcas_21:73:33","143","0","3167","LIED12CTRL/LLN0$Status","1234","5678",""
"11515","63.249514108","ipcas_21:73:33","143","0","3168","LIED12CTRL/LLN0$Status","1234","5678",""
"11516","63.252003813","ipcas_21:73:33","143","0","3169","LIED12CTRL/LLN0$Status","1234","5678",""
"11517","63.254304964","ipcas_21:73:33","143","0","3170","LIED12CTRL/LLN0$Status","1234","5678",""
"11518","63.256686436","ipcas_21:73:33","143","0","3171","LIED12CTRL/LLN0$Status","1234","5678",""
"11519","63.259809608","ipcas_21:73:33","143","0","3172","LIED12CTRL/LLN0$Status","1234","5678",""
"11520","63.263055387","ipcas_21:73:33","143","0","3173","LIED12CTRL/LLN0$Status","1234","5678",""
"11521","63.265518782","ipcas_21:73:33","143","0","3174","LIED12CTRL/LLN0$Status","1234","5678",""
"11522","63.268039523","ipcas_21:73:33","143","0","3175","LIED12CTRL/LLN0$Status","1234","5678",""
"11523","63.270431853","ipcas_21:73:33","143","0","3176","LIED12CTRL/LLN0$Status","1234","5678",""
"11524","63.273450638","ipcas_21:73:33","143","0","3177","LIED12CTRL/LLN0$Status","1234","5678",""
"11525","63.276638970","ipcas_21:73:33","143","0","3178","LIED12CTRL/LLN0$Status","1234","5678",""
"11526","63.279184493","ipcas_21:73:33","143","0","3179","LIED12CTRL/LLN0$Status","1234","5678",""
"11527","63.281705316","ipcas_21:73:33","143","0","3180","LIED12CTRL/LLN0$Status","1234","5678",""
"11528","63.284200052","ipcas_21:73:33","143","0","3181","LIED12CTRL/LLN0$Status","1234","5678",""
"11529","63.286678145","ipcas_21:73:33","143","0","3182","LIED12CTRL/LLN0$Status","1234","5678",""
"11530","63.289173270","ipcas_21:73:33","143","0","3183","LIED12CTRL/LLN0$Status","1234","5678",""
"11531","63.291757357","ipcas_21:73:33","143","0","3184","LIED12CTRL/LLN0$Status","1234","5678",""
"11532","63.294156427","ipcas_21:73:33","143","0","3185","LIED12CTRL/LLN0$Status","1234","5678",""
"11533","63.296762641","ipcas_21:73:33","143","0","3186","LIED12CTRL/LLN0$Status","1234","5678",""
"11534","63.300430330","ipcas_21:73:33","143","0","3187","LIED12CTRL/LLN0$Status","1234","5678",""
"11535","63.302997664","ipcas_21:73:33","143","0","3188","LIED12CTRL/LLN0$Status","1234","5678",""
"11536","63.305547273","ipcas_21:73:33","143","0","3189","LIED12CTRL/LLN0$Status","1234","5678",""
"11537","63.307946443","ipcas_21:73:33","143","0","3190","LIED12CTRL/LLN0$Status","1234","5678",""
"11538","63.311064456","ipcas_21:73:33","143","0","3191","LIED12CTRL/LLN0$Status","1234","5678",""
"11539","63.312994098","ipcas_21:73:33","143","0","3192","LIED12CTRL/LLN0$Status","1234","5678",""
"11540","63.315460160","ipcas_21:73:33","143","0","3193","LIED12CTRL/LLN0$Status","1234","5678",""
"11541","63.318055166","ipcas_21:73:33","143","0","3194","LIED12CTRL/LLN0$Status","1234","5678",""
"11542","63.320433653","ipcas_21:73:33","143","0","3195","LIED12CTRL/LLN0$Status","1234","5678",""
"11543","63.322981636","ipcas_21:73:33","143","0","3196","LIED12CTRL/LLN0$Status","1234","5678",""
"11544","63.325558945","ipcas_21:73:33","143","0","3197","LIED12CTRL/LLN0$Status","1234","5678",""
"11545","63.328452570","ipcas_21:73:33","143","0","3198","LIED12CTRL/LLN0$Status","1234","5678",""
"11546","63.331665116","ipcas_21:73:33","143","0","3199","LIED12CTRL/LLN0$Status","1234","5678",""
"11547","63.334183600","ipcas_21:73:33","143","0","3200","LIED12CTRL/LLN0$Status","1234","5678",""
"11548","63.336641747","ipcas_21:73:33","143","0","3201","LIED12CTRL/LLN0$Status","1234","5678",""
"11549","63.339286859","ipcas_21:73:33","143","0","3202","LIED12CTRL/LLN0$Status","1234","5678",""
"11550","63.341703710","ipcas_21:73:33","143","0","3203","LIED12CTRL/LLN0$Status","1234","5678",""
"11551","63.344876441","ipcas_21:73:33","143","0","3204","LIED12CTRL/LLN0$Status","1234","5678",""
"11552","63.348156364","ipcas_21:73:33","143","0","3205","LIED12CTRL/LLN0$Status","1234","5678",""
"11553","63.350692155","ipcas_21:73:33","143","0","3206","LIED12CTRL/LLN0$Status","1234","5678",""
"11554","63.354900830","ipcas_21:73:33","143","0","3207","LIED12CTRL/LLN0$Status","1234","5678",""
"11555","63.358999529","ipcas_21:73:33","143","0","3208","LIED12CTRL/LLN0$Status","1234","5678",""
"11556","63.361772601","ipcas_21:73:33","143","0","3209","LIED12CTRL/LLN0$Status","1234","5678",""
"11557","63.364246547","ipcas_21:73:33","143","0","3210","LIED12CTRL/LLN0$Status","1234","5678",""
"11558","63.366692714","ipcas_21:73:33","143","0","3211","LIED12CTRL/LLN0$Status","1234","5678",""
"11559","63.369150115","ipcas_21:73:33","143","0","3212","LIED12CTRL/LLN0$Status","1234","5678",""
"11560","63.371784688","ipcas_21:73:33","143","0","3213","LIED12CTRL/LLN0$Status","1234","5678",""
"11561","63.375522580","ipcas_21:73:33","143","0","3214","LIED12CTRL/LLN0$Status","1234","5678",""
"11562","63.379492161","ipcas_21:73:33","143","0","3215","LIED12CTRL/LLN0$Status","1234","5678",""
"11563","63.382938831","ipcas_21:73:33","143","0","3216","LIED12CTRL/LLN0$Status","1234","5678",""
"11564","63.386739417","ipcas_21:73:33","143","0","3217","LIED12CTRL/LLN0$Status","1234","5678",""
"11565","63.389183757","ipcas_21:73:33","143","0","3218","LIED12CTRL/LLN0$Status","1234","5678",""
"11566","63.391656412","ipcas_21:73:33","143","0","3219","LIED12CTRL/LLN0$Status","1234","5678",""
"11567","63.394157968","ipcas_21:73:33","143","0","3220","LIED12CTRL/LLN0$Status","1234","5678",""
"11568","63.396645711","ipcas_21:73:33","143","0","3221","LIED12CTRL/LLN0$Status","1234","5678",""
"11569","63.399110397","ipcas_21:73:33","143","0","3222","LIED12CTRL/LLN0$Status","1234","5678",""
"11570","63.401605913","ipcas_21:73:33","143","0","3223","LIED12CTRL/LLN0$Status","1234","5678",""
"11571","63.404109718","ipcas_21:73:33","143","0","3224","LIED12CTRL/LLN0$Status","1234","5678",""
"11572","63.406609713","ipcas_21:73:33","143","0","3225","LIED12CTRL/LLN0$Status","1234","5678",""
"11573","63.409105643","ipcas_21:73:33","143","0","3226","LIED12CTRL/LLN0$Status","1234","5678",""
"11574","63.411835226","ipcas_21:73:33","143","0","3227","LIED12CTRL/LLN0$Status","1234","5678",""
"11575","63.414108507","ipcas_21:73:33","143","0","3228","LIED12CTRL/LLN0$Status","1234","5678",""
"11576","63.416604175","ipcas_21:73:33","143","0","3229","LIED12CTRL/LLN0$Status","1234","5678",""
"11577","63.419116463","ipcas_21:73:33","143","0","3230","LIED12CTRL/LLN0$Status","1234","5678",""
"11578","63.421815795","ipcas_21:73:33","143","0","3231","LIED12CTRL/LLN0$Status","1234","5678",""
"11579","63.424288296","ipcas_21:73:33","143","0","3232","LIED12CTRL/LLN0$Status","1234","5678",""
"11580","63.426722750","ipcas_21:73:33","143","0","3233","LIED12CTRL/LLN0$Status","1234","5678",""
"11581","63.429363651","ipcas_21:73:33","143","0","3234","LIED12CTRL/LLN0$Status","1234","5678",""
"11582","63.431763719","ipcas_21:73:33","143","0","3235","LIED12CTRL/LLN0$Status","1234","5678",""
"11583","63.434260215","ipcas_21:73:33","143","0","3236","LIED12CTRL/LLN0$Status","1234","5678",""
"11584","63.436630629","ipcas_21:73:33","143","0","3237","LIED12CTRL/LLN0$Status","1234","5678",""
"11585","63.439319551","ipcas_21:73:33","143","0","3238","LIED12CTRL/LLN0$Status","1234","5678",""
"11586","63.441627188","ipcas_21:73:33","143","0","3239","LIED12CTRL/LLN0$Status","1234","5678",""
"11587","63.444251002","ipcas_21:73:33","143","0","3240","LIED12CTRL/LLN0$Status","1234","5678",""
"11588","63.447043335","ipcas_21:73:33","143","0","3241","LIED12CTRL/LLN0$Status","1234","5678",""
"11589","63.449313387","ipcas_21:73:33","143","0","3242","LIED12CTRL/LLN0$Status","1234","5678",""
"11590","63.451786627","ipcas_21:73:33","143","0","3243","LIED12CTRL/LLN0$Status","1234","5678",""
"11591","63.454281216","ipcas_21:73:33","143","0","3244","LIED12CTRL/LLN0$Status","1234","5678",""
"11592","63.456815834","ipcas_21:73:33","143","0","3245","LIED12CTRL/LLN0$Status","1234","5678",""
"11593","63.459310967","ipcas_21:73:33","143","0","3246","LIED12CTRL/LLN0$Status","1234","5678",""
"11594","63.461844987","ipcas_21:73:33","143","0","3247","LIED12CTRL/LLN0$Status","1234","5678",""
"11595","63.464330222","ipcas_21:73:33","143","0","3248","LIED12CTRL/LLN0$Status","1234","5678",""
"11596","63.466807782","ipcas_21:73:33","143","0","3249","LIED12CTRL/LLN0$Status","1234","5678",""
"11597","63.469364685","ipcas_21:73:33","143","0","3250","LIED12CTRL/LLN0$Status","1234","5678",""
"11598","63.471787685","ipcas_21:73:33","143","0","3251","LIED12CTRL/LLN0$Status","1234","5678",""
"11599","63.474402517","ipcas_21:73:33","143","0","3252","LIED12CTRL/LLN0$Status","1234","5678",""
"11600","63.476812007","ipcas_21:73:33","143","0","3253","LIED12CTRL/LLN0$Status","1234","5678",""
"11601","63.479141941","ipcas_21:73:33","143","0","3254","LIED12CTRL/LLN0$Status","1234","5678",""
"11602","63.481752140","ipcas_21:73:33","143","0","3255","LIED12CTRL/LLN0$Status","1234","5678",""
"11603","63.484306796","ipcas_21:73:33","143","0","3256","LIED12CTRL/LLN0$Status","1234","5678",""
"11604","63.486828757","ipcas_21:73:33","143","0","3257","LIED12CTRL/LLN0$Status","1234","5678",""
"11606","63.489329456","ipcas_21:73:33","143","0","3258","LIED12CTRL/LLN0$Status","1234","5678",""
"11607","63.491817373","ipcas_21:73:33","143","0","3259","LIED12CTRL/LLN0$Status","1234","5678",""
"11608","63.494325992","ipcas_21:73:33","143","0","3260","LIED12CTRL/LLN0$Status","1234","5678",""
"11609","63.498095965","ipcas_21:73:33","143","0","3261","LIED12CTRL/LLN0$Status","1234","5678",""
"11610","63.500546175","ipcas_21:73:33","143","0","3262","LIED12CTRL/LLN0$Status","1234","5678",""
"11611","63.503046733","ipcas_21:73:33","143","0","3263","LIED12CTRL/LLN0$Status","1234","5678",""
"11612","63.505527762","ipcas_21:73:33","143","0","3264","LIED12CTRL/LLN0$Status","1234","5678",""
"11613","63.509279560","ipcas_21:73:33","143","0","3265","LIED12CTRL/LLN0$Status","1234","5678",""
"11614","63.513085833","ipcas_21:73:33","143","0","3266","LIED12CTRL/LLN0$Status","1234","5678",""
"11615","63.515570999","ipcas_21:73:33","143","0","3267","LIED12CTRL/LLN0$Status","1234","5678",""
"11616","63.518123145","ipcas_21:73:33","143","0","3268","LIED12CTRL/LLN0$Status","1234","5678",""
"11617","63.520577090","ipcas_21:73:33","143","0","3269","LIED12CTRL/LLN0$Status","1234","5678",""
"11618","63.523078307","ipcas_21:73:33","143","0","3270","LIED12CTRL/LLN0$Status","1234","5678",""
"11619","63.525583180","ipcas_21:73:33","143","0","3271","LIED12CTRL/LLN0$Status","1234","5678",""
"11620","63.528067919","ipcas_21:73:33","143","0","3272","LIED12CTRL/LLN0$Status","1234","5678",""
"11621","63.530564403","ipcas_21:73:33","143","0","3273","LIED12CTRL/LLN0$Status","1234","5678",""
"11622","63.533062266","ipcas_21:73:33","143","0","3274","LIED12CTRL/LLN0$Status","1234","5678",""
"11623","63.536100749","ipcas_21:73:33","143","0","3275","LIED12CTRL/LLN0$Status","1234","5678",""
"11624","63.539345607","ipcas_21:73:33","143","0","3276","LIED12CTRL/LLN0$Status","1234","5678",""
"11625","63.541840640","ipcas_21:73:33","143","0","3277","LIED12CTRL/LLN0$Status","1234","5678",""
"11626","63.544328547","ipcas_21:73:33","143","0","3278","LIED12CTRL/LLN0$Status","1234","5678",""
"11627","63.546818332","ipcas_21:73:33","143","0","3279","LIED12CTRL/LLN0$Status","1234","5678",""
"11628","63.549326522","ipcas_21:73:33","143","0","3280","LIED12CTRL/LLN0$Status","1234","5678",""
"11629","63.551850789","ipcas_21:73:33","143","0","3281","LIED12CTRL/LLN0$Status","1234","5678",""
"11630","63.554349644","ipcas_21:73:33","143","0","3282","LIED12CTRL/LLN0$Status","1234","5678",""
"11631","63.556837712","ipcas_21:73:33","143","0","3283","LIED12CTRL/LLN0$Status","1234","5678",""
"11632","63.559343905","ipcas_21:73:33","143","0","3284","LIED12CTRL/LLN0$Status","1234","5678",""
"11633","63.561858430","ipcas_21:73:33","143","0","3285","LIED12CTRL/LLN0$Status","1234","5678",""
"11634","63.564337830","ipcas_21:73:33","143","0","3286","LIED12CTRL/LLN0$Status","1234","5678",""
"11635","63.566840551","ipcas_21:73:33","143","0","3287","LIED12CTRL/LLN0$Status","1234","5678",""
"11636","63.569355086","ipcas_21:73:33","143","0","3288","LIED12CTRL/LLN0$Status","1234","5678",""
"11637","63.571840039","ipcas_21:73:33","143","0","3289","LIED12CTRL/LLN0$Status","1234","5678",""
"11638","63.574175002","ipcas_21:73:33","143","0","3290","LIED12CTRL/LLN0$Status","1234","5678",""
"11639","63.576656437","ipcas_21:73:33","143","0","3291","LIED12CTRL/LLN0$Status","1234","5678",""
"11640","63.579170720","ipcas_21:73:33","143","0","3292","LIED12CTRL/LLN0$Status","1234","5678",""
"11641","63.581717582","ipcas_21:73:33","143","0","3293","LIED12CTRL/LLN0$Status","1234","5678",""
"11642","63.584348951","ipcas_21:73:33","143","0","3294","LIED12CTRL/LLN0$Status","1234","5678",""
"11643","63.586840523","ipcas_21:73:33","143","0","3295","LIED12CTRL/LLN0$Status","1234","5678",""
"11644","63.589337169","ipcas_21:73:33","143","0","3296","LIED12CTRL/LLN0$Status","1234","5678",""
"11645","63.591827345","ipcas_21:73:33","143","0","3297","LIED12CTRL/LLN0$Status","1234","5678",""
"11646","63.594305854","ipcas_21:73:33","143","0","3298","LIED12CTRL/LLN0$Status","1234","5678",""
"11647","63.596802975","ipcas_21:73:33","143","0","3299","LIED12CTRL/LLN0$Status","1234","5678",""
"11650","63.599566217","ipcas_21:73:33","143","0","3300","LIED12CTRL/LLN0$Status","1234","5678",""
"11651","63.603100523","ipcas_21:73:33","143","0","3301","LIED12CTRL/LLN0$Status","1234","5678",""
"11652","63.605622248","ipcas_21:73:33","143","0","3302","LIED12CTRL/LLN0$Status","1234","5678",""
"11653","63.608111449","ipcas_21:73:33","143","0","3303","LIED12CTRL/LLN0$Status","1234","5678",""
"11654","63.610586437","ipcas_21:73:33","143","0","3304","LIED12CTRL/LLN0$Status","1234","5678",""
"11655","63.613050158","ipcas_21:73:33","143","0","3305","LIED12CTRL/LLN0$Status","1234","5678",""
"11656","63.615587904","ipcas_21:73:33","143","0","3306","LIED12CTRL/LLN0$Status","1234","5678",""
"11657","63.618102861","ipcas_21:73:33","143","0","3307","LIED12CTRL/LLN0$Status","1234","5678",""
"11658","63.620574287","ipcas_21:73:33","143","0","3308","LIED12CTRL/LLN0$Status","1234","5678",""
"11659","63.623042882","ipcas_21:73:33","143","0","3309","LIED12CTRL/LLN0$Status","1234","5678",""
"11660","63.625574100","ipcas_21:73:33","143","0","3310","LIED12CTRL/LLN0$Status","1234","5678",""
"11661","63.628072136","ipcas_21:73:33","143","0","3311","LIED12CTRL/LLN0$Status","1234","5678",""
"11662","63.630569385","ipcas_21:73:33","143","0","3312","LIED12CTRL/LLN0$Status","1234","5678",""
"11663","63.633070318","ipcas_21:73:33","143","0","3313","LIED12CTRL/LLN0$Status","1234","5678",""
"11664","63.635590302","ipcas_21:73:33","143","0","3314","LIED12CTRL/LLN0$Status","1234","5678",""
"11665","63.638080080","ipcas_21:73:33","143","0","3315","LIED12CTRL/LLN0$Status","1234","5678",""
"11666","63.640583073","ipcas_21:73:33","143","0","3316","LIED12CTRL/LLN0$Status","1234","5678",""
"11667","63.643076164","ipcas_21:73:33","143","0","3317","LIED12CTRL/LLN0$Status","1234","5678",""
"11668","63.645568778","ipcas_21:73:33","143","0","3318","LIED12CTRL/LLN0$Status","1234","5678",""
"11669","63.648063391","ipcas_21:73:33","143","0","3319","LIED12CTRL/LLN0$Status","1234","5678",""
"11670","63.650582340","ipcas_21:73:33","143","0","3320","LIED12CTRL/LLN0$Status","1234","5678",""
"11671","63.653076410","ipcas_21:73:33","143","0","3321","LIED12CTRL/LLN0$Status","1234","5678",""
"11672","63.655577702","ipcas_21:73:33","143","0","3322","LIED12CTRL/LLN0$Status","1234","5678",""
"11673","63.658080761","ipcas_21:73:33","143","0","3323","LIED12CTRL/LLN0$Status","1234","5678",""
"11674","63.660582746","ipcas_21:73:33","143","0","3324","LIED12CTRL/LLN0$Status","1234","5678",""
"11675","63.663102139","ipcas_21:73:33","143","0","3325","LIED12CTRL/LLN0$Status","1234","5678",""
"11676","63.665603628","ipcas_21:73:33","143","0","3326","LIED12CTRL/LLN0$Status","1234","5678",""
"11677","63.668101487","ipcas_21:73:33","143","0","3327","LIED12CTRL/LLN0$Status","1234","5678",""
"11678","63.670590382","ipcas_21:73:33","143","0","3328","LIED12CTRL/LLN0$Status","1234","5678",""
"11679","63.673093307","ipcas_21:73:33","143","0","3329","LIED12CTRL/LLN0$Status","1234","5678",""
"11680","63.675580520","ipcas_21:73:33","143","0","3330","LIED12CTRL/LLN0$Status","1234","5678",""
"11681","63.678080779","ipcas_21:73:33","143","0","3331","LIED12CTRL/LLN0$Status","1234","5678",""
"11682","63.680581158","ipcas_21:73:33","143","0","3332","LIED12CTRL/LLN0$Status","1234","5678",""
"11683","63.683084855","ipcas_21:73:33","143","0","3333","LIED12CTRL/LLN0$Status","1234","5678",""
"11684","63.685566721","ipcas_21:73:33","143","0","3334","LIED12CTRL/LLN0$Status","1234","5678",""
"11685","63.688068951","ipcas_21:73:33","143","0","3335","LIED12CTRL/LLN0$Status","1234","5678",""
"11686","63.690584994","ipcas_21:73:33","143","0","3336","LIED12CTRL/LLN0$Status","1234","5678",""
"11687","63.694346491","ipcas_21:73:33","143","0","3337","LIED12CTRL/LLN0$Status","1234","5678",""
"11688","63.696844204","ipcas_21:73:33","143","0","3338","LIED12CTRL/LLN0$Status","1234","5678",""
"11689","63.699344346","ipcas_21:73:33","143","0","3339","LIED12CTRL/LLN0$Status","1234","5678",""
"11690","63.701828283","ipcas_21:73:33","143","0","3340","LIED12CTRL/LLN0$Status","1234","5678",""
"11691","63.704322137","ipcas_21:73:33","143","0","3341","LIED12CTRL/LLN0$Status","1234","5678",""
"11692","63.706822862","ipcas_21:73:33","143","0","3342","LIED12CTRL/LLN0$Status","1234","5678",""
"11696","63.709345289","ipcas_21:73:33","143","0","3343","LIED12CTRL/LLN0$Status","1234","5678",""
"11697","63.712218542","ipcas_21:73:33","143","0","3344","LIED12CTRL/LLN0$Status","1234","5678",""
"11698","63.714342696","ipcas_21:73:33","143","0","3345","LIED12CTRL/LLN0$Status","1234","5678",""
"11699","63.716863600","ipcas_21:73:33","143","0","3346","LIED12CTRL/LLN0$Status","1234","5678",""
"11703","63.719323551","ipcas_21:73:33","143","0","3347","LIED12CTRL/LLN0$Status","1234","5678",""
"11704","63.721830098","ipcas_21:73:33","143","0","3348","LIED12CTRL/LLN0$Status","1234","5678",""
"11705","63.724318663","ipcas_21:73:33","143","0","3349","LIED12CTRL/LLN0$Status","1234","5678",""
"11706","63.726829339","ipcas_21:73:33","143","0","3350","LIED12CTRL/LLN0$Status","1234","5678",""
"11710","63.729355167","ipcas_21:73:33","143","0","3351","LIED12CTRL/LLN0$Status","1234","5678",""
"11711","63.731844183","ipcas_21:73:33","143","0","3352","LIED12CTRL/LLN0$Status","1234","5678",""
"11712","63.734345591","ipcas_21:73:33","143","0","3353","LIED12CTRL/LLN0$Status","1234","5678",""
"11716","63.736843849","ipcas_21:73:33","143","0","3354","LIED12CTRL/LLN0$Status","1234","5678",""
"11717","63.739345093","ipcas_21:73:33","143","0","3355","LIED12CTRL/LLN0$Status","1234","5678",""
"11721","63.741819960","ipcas_21:73:33","143","0","3356","LIED12CTRL/LLN0$Status","1234","5678",""
"11725","63.744272692","ipcas_21:73:33","143","0","3357","LIED12CTRL/LLN0$Status","1234","5678",""
"11726","63.746825219","ipcas_21:73:33","143","0","3358","LIED12CTRL/LLN0$Status","1234","5678",""
"11730","63.749317680","ipcas_21:73:33","143","0","3359","LIED12CTRL/LLN0$Status","1234","5678",""
"11733","63.751826726","ipcas_21:73:33","143","0","3360","LIED12CTRL/LLN0$Status","1234","5678",""
"11734","63.754327432","ipcas_21:73:33","143","0","3361","LIED12CTRL/LLN0$Status","1234","5678",""
"11735","63.756824715","ipcas_21:73:33","143","0","3362","LIED12CTRL/LLN0$Status","1234","5678",""
"11736","63.759382346","ipcas_21:73:33","143","0","3363","LIED12CTRL/LLN0$Status","1234","5678",""
"11737","63.761824435","ipcas_21:73:33","143","0","3364","LIED12CTRL/LLN0$Status","1234","5678",""
"11738","63.764325111","ipcas_21:73:33","143","0","3365","LIED12CTRL/LLN0$Status","1234","5678",""
"11739","63.766825069","ipcas_21:73:33","143","0","3366","LIED12CTRL/LLN0$Status","1234","5678",""
"11740","63.769327550","ipcas_21:73:33","143","0","3367","LIED12CTRL/LLN0$Status","1234","5678",""
"11741","63.771854828","ipcas_21:73:33","143","0","3368","LIED12CTRL/LLN0$Status","1234","5678",""
"11742","63.774348505","ipcas_21:73:33","143","0","3369","LIED12CTRL/LLN0$Status","1234","5678",""
"11743","63.776845178","ipcas_21:73:33","143","0","3370","LIED12CTRL/LLN0$Status","1234","5678",""
"11744","63.779364337","ipcas_21:73:33","143","0","3371","LIED12CTRL/LLN0$Status","1234","5678",""
"11745","63.781846521","ipcas_21:73:33","143","0","3372","LIED12CTRL/LLN0$Status","1234","5678",""
"11746","63.784348314","ipcas_21:73:33","143","0","3373","LIED12CTRL/LLN0$Status","1234","5678",""
"11747","63.786850537","ipcas_21:73:33","143","0","3374","LIED12CTRL/LLN0$Status","1234","5678",""
"11748","63.789344287","ipcas_21:73:33","143","0","3375","LIED12CTRL/LLN0$Status","1234","5678",""
"11749","63.791851171","ipcas_21:73:33","143","0","3376","LIED12CTRL/LLN0$Status","1234","5678",""
"11750","63.794343686","ipcas_21:73:33","143","0","3377","LIED12CTRL/LLN0$Status","1234","5678",""
"11751","63.796844536","ipcas_21:73:33","143","0","3378","LIED12CTRL/LLN0$Status","1234","5678",""
"11752","63.799370530","ipcas_21:73:33","143","0","3379","LIED12CTRL/LLN0$Status","1234","5678",""
"11753","63.801850395","ipcas_21:73:33","143","0","3380","LIED12CTRL/LLN0$Status","1234","5678",""
"11754","63.804343413","ipcas_21:73:33","143","0","3381","LIED12CTRL/LLN0$Status","1234","5678",""
"11755","63.806832643","ipcas_21:73:33","143","0","3382","LIED12CTRL/LLN0$Status","1234","5678",""
"11756","63.809468874","ipcas_21:73:33","143","0","3383","LIED12CTRL/LLN0$Status","1234","5678",""
"11757","63.812757990","ipcas_21:73:33","143","0","3384","LIED12CTRL/LLN0$Status","1234","5678",""
"11758","63.814540817","ipcas_21:73:33","143","0","3385","LIED12CTRL/LLN0$Status","1234","5678",""
"11759","63.817036175","ipcas_21:73:33","143","0","3386","LIED12CTRL/LLN0$Status","1234","5678",""
"11760","63.819333333","ipcas_21:73:33","143","0","3387","LIED12CTRL/LLN0$Status","1234","5678",""
"11761","63.821841149","ipcas_21:73:33","143","0","3388","LIED12CTRL/LLN0$Status","1234","5678",""
"11762","63.824488929","ipcas_21:73:33","143","0","3389","LIED12CTRL/LLN0$Status","1234","5678",""
"11763","63.826822819","ipcas_21:73:33","143","0","3390","LIED12CTRL/LLN0$Status","1234","5678",""
"11764","63.830594355","ipcas_21:73:33","143","0","3391","LIED12CTRL/LLN0$Status","1234","5678",""
"11765","63.833098816","ipcas_21:73:33","143","0","3392","LIED12CTRL/LLN0$Status","1234","5678",""
"11766","63.835653919","ipcas_21:73:33","143","0","3393","LIED12CTRL/LLN0$Status","1234","5678",""
"11767","63.838664626","ipcas_21:73:33","143","0","3394","LIED12CTRL/LLN0$Status","1234","5678",""
"11768","63.840654390","ipcas_21:73:33","143","0","3395","LIED12CTRL/LLN0$Status","1234","5678",""
"11769","63.843063095","ipcas_21:73:33","143","0","3396","LIED12CTRL/LLN0$Status","1234","5678",""
"11770","63.845994253","ipcas_21:73:33","143","0","3397","LIED12CTRL/LLN0$Status","1234","5678",""
"11771","63.849512325","ipcas_21:73:33","143","0","3398","LIED12CTRL/LLN0$Status","1234","5678",""
"11772","63.853072424","ipcas_21:73:33","143","0","3399","LIED12CTRL/LLN0$Status","1234","5678",""
"11773","63.855700776","ipcas_21:73:33","143","0","3400","LIED12CTRL/LLN0$Status","1234","5678",""
"11774","63.859434457","ipcas_21:73:33","143","0","3401","LIED12CTRL/LLN0$Status","1234","5678",""
"11775","63.862575836","ipcas_21:73:33","143","0","3402","LIED12CTRL/LLN0$Status","1234","5678",""
"11776","63.864384360","ipcas_21:73:33","143","0","3403","LIED12CTRL/LLN0$Status","1234","5678",""
"11777","63.867489192","ipcas_21:73:33","143","0","3404","LIED12CTRL/LLN0$Status","1234","5678",""
"11778","63.870456738","ipcas_21:73:33","143","0","3405","LIED12CTRL/LLN0$Status","1234","5678",""
"11779","63.873283206","ipcas_21:73:33","143","0","3406","LIED12CTRL/LLN0$Status","1234","5678",""
"11780","63.876649897","ipcas_21:73:33","143","0","3407","LIED12CTRL/LLN0$Status","1234","5678",""
"11781","63.879136937","ipcas_21:73:33","143","0","3408","LIED12CTRL/LLN0$Status","1234","5678",""
"11782","63.881633192","ipcas_21:73:33","143","0","3409","LIED12CTRL/LLN0$Status","1234","5678",""
"11783","63.884126068","ipcas_21:73:33","143","0","3410","LIED12CTRL/LLN0$Status","1234","5678",""
"11784","63.886634068","ipcas_21:73:33","143","0","3411","LIED12CTRL/LLN0$Status","1234","5678",""
"11785","63.889126678","ipcas_21:73:33","143","0","3412","LIED12CTRL/LLN0$Status","1234","5678",""
"11786","63.891635410","ipcas_21:73:33","143","0","3413","LIED12CTRL/LLN0$Status","1234","5678",""
"11787","63.894147163","ipcas_21:73:33","143","0","3414","LIED12CTRL/LLN0$Status","1234","5678",""
"11788","63.896624019","ipcas_21:73:33","143","0","3415","LIED12CTRL/LLN0$Status","1234","5678",""
"11789","63.899135680","ipcas_21:73:33","143","0","3416","LIED12CTRL/LLN0$Status","1234","5678",""
"11790","63.901706267","ipcas_21:73:33","143","0","3417","LIED12CTRL/LLN0$Status","1234","5678",""
"11791","63.904294554","ipcas_21:73:33","143","0","3418","LIED12CTRL/LLN0$Status","1234","5678",""
"11792","63.906699100","ipcas_21:73:33","143","0","3419","LIED12CTRL/LLN0$Status","1234","5678",""
"11793","63.909290564","ipcas_21:73:33","143","0","3420","LIED12CTRL/LLN0$Status","1234","5678",""
"11794","63.911703109","ipcas_21:73:33","143","0","3421","LIED12CTRL/LLN0$Status","1234","5678",""
"11795","63.914197554","ipcas_21:73:33","143","0","3422","LIED12CTRL/LLN0$Status","1234","5678",""
"11796","63.916714442","ipcas_21:73:33","143","0","3423","LIED12CTRL/LLN0$Status","1234","5678",""
"11797","63.919151788","ipcas_21:73:33","143","0","3424","LIED12CTRL/LLN0$Status","1234","5678",""
"11798","63.921742088","ipcas_21:73:33","143","0","3425","LIED12CTRL/LLN0$Status","1234","5678",""
"11799","63.924165206","ipcas_21:73:33","143","0","3426","LIED12CTRL/LLN0$Status","1234","5678",""
"11800","63.926700930","ipcas_21:73:33","143","0","3427","LIED12CTRL/LLN0$Status","1234","5678",""
"11801","63.929199686","ipcas_21:73:33","143","0","3428","LIED12CTRL/LLN0$Status","1234","5678",""
"11802","63.931648408","ipcas_21:73:33","143","0","3429","LIED12CTRL/LLN0$Status","1234","5678",""
"11803","63.934148954","ipcas_21:73:33","143","0","3430","LIED12CTRL/LLN0$Status","1234","5678",""
"11804","63.936687414","ipcas_21:73:33","143","0","3431","LIED12CTRL/LLN0$Status","1234","5678",""
"11805","63.939333905","ipcas_21:73:33","143","0","3432","LIED12CTRL/LLN0$Status","1234","5678",""
"11806","63.943394311","ipcas_21:73:33","143","0","3433","LIED12CTRL/LLN0$Status","1234","5678",""
"11807","63.946852678","ipcas_21:73:33","143","0","3434","LIED12CTRL/LLN0$Status","1234","5678",""
"11808","63.949351748","ipcas_21:73:33","143","0","3435","LIED12CTRL/LLN0$Status","1234","5678",""
"11809","63.951828249","ipcas_21:73:33","143","0","3436","LIED12CTRL/LLN0$Status","1234","5678",""
"11810","63.954322708","ipcas_21:73:33","143","0","3437","LIED12CTRL/LLN0$Status","1234","5678",""
"11811","63.956829024","ipcas_21:73:33","143","0","3438","LIED12CTRL/LLN0$Status","1234","5678",""
"11812","63.959326306","ipcas_21:73:33","143","0","3439","LIED12CTRL/LLN0$Status","1234","5678",""
"11813","63.961857913","ipcas_21:73:33","143","0","3440","LIED12CTRL/LLN0$Status","1234","5678",""
"11814","63.964316724","ipcas_21:73:33","143","0","3441","LIED12CTRL/LLN0$Status","1234","5678",""
"11815","63.966839238","ipcas_21:73:33","143","0","3442","LIED12CTRL/LLN0$Status","1234","5678",""
"11816","63.969330058","ipcas_21:73:33","143","0","3443","LIED12CTRL/LLN0$Status","1234","5678",""
"11817","63.971828285","ipcas_21:73:33","143","0","3444","LIED12CTRL/LLN0$Status","1234","5678",""
"11818","63.974207353","ipcas_21:73:33","143","0","3445","LIED12CTRL/LLN0$Status","1234","5678",""
"11819","63.976696456","ipcas_21:73:33","143","0","3446","LIED12CTRL/LLN0$Status","1234","5678",""
"11820","63.979192789","ipcas_21:73:33","143","0","3447","LIED12CTRL/LLN0$Status","1234","5678",""
"11821","63.981696712","ipcas_21:73:33","143","0","3448","LIED12CTRL/LLN0$Status","1234","5678",""
"11822","63.984183112","ipcas_21:73:33","143","0","3449","LIED12CTRL/LLN0$Status","1234","5678",""
"11823","63.986675644","ipcas_21:73:33","143","0","3450","LIED12CTRL/LLN0$Status","1234","5678",""
"11824","63.989253857","ipcas_21:73:33","143","0","3451","LIED12CTRL/LLN0$Status","1234","5678",""
"11825","63.991691127","ipcas_21:73:33","143","0","3452","LIED12CTRL/LLN0$Status","1234","5678",""
"11826","63.994169614","ipcas_21:73:33","143","0","3453","LIED12CTRL/LLN0$Status","1234","5678",""
"11827","63.996757192","ipcas_21:73:33","143","0","3454","LIED12CTRL/LLN0$Status","1234","5678",""
"11828","63.999190806","ipcas_21:73:33","143","0","3455","LIED12CTRL/LLN0$Status","1234","5678",""
"11829","64.001668598","ipcas_21:73:33","143","0","3456","LIED12CTRL/LLN0$Status","1234","5678",""
"11830","64.004278957","ipcas_21:73:33","143","0","3457","LIED12CTRL/LLN0$Status","1234","5678",""
"11831","64.006706936","ipcas_21:73:33","143","0","3458","LIED12CTRL/LLN0$Status","1234","5678",""
"11832","64.009262231","ipcas_21:73:33","143","0","3459","LIED12CTRL/LLN0$Status","1234","5678",""
"11833","64.011856733","ipcas_21:73:33","143","0","3460","LIED12CTRL/LLN0$Status","1234","5678",""
"11834","64.014494785","ipcas_21:73:33","143","0","3461","LIED12CTRL/LLN0$Status","1234","5678",""
"11835","64.016741035","ipcas_21:73:33","143","0","3462","LIED12CTRL/LLN0$Status","1234","5678",""
"11836","64.019170132","ipcas_21:73:33","143","0","3463","LIED12CTRL/LLN0$Status","1234","5678",""
"11837","64.022305859","ipcas_21:73:33","143","0","3464","LIED12CTRL/LLN0$Status","1234","5678",""
"11838","64.024230779","ipcas_21:73:33","143","0","3465","LIED12CTRL/LLN0$Status","1234","5678",""
"11839","64.026738281","ipcas_21:73:33","143","0","3466","LIED12CTRL/LLN0$Status","1234","5678",""
"11840","64.029156605","ipcas_21:73:33","143","0","3467","LIED12CTRL/LLN0$Status","1234","5678",""
"11841","64.031662766","ipcas_21:73:33","143","0","3468","LIED12CTRL/LLN0$Status","1234","5678",""
"11842","64.034211463","ipcas_21:73:33","143","0","3469","LIED12CTRL/LLN0$Status","1234","5678",""
"11843","64.036732437","ipcas_21:73:33","143","0","3470","LIED12CTRL/LLN0$Status","1234","5678",""
"11844","64.039176938","ipcas_21:73:33","143","0","3471","LIED12CTRL/LLN0$Status","1234","5678",""
"11845","64.041712642","ipcas_21:73:33","143","0","3472","LIED12CTRL/LLN0$Status","1234","5678",""
"11846","64.044155086","ipcas_21:73:33","143","0","3473","LIED12CTRL/LLN0$Status","1234","5678",""
"11847","64.046699750","ipcas_21:73:33","143","0","3474","LIED12CTRL/LLN0$Status","1234","5678",""
"11848","64.049303860","ipcas_21:73:33","143","0","3475","LIED12CTRL/LLN0$Status","1234","5678",""
"11849","64.051830764","ipcas_21:73:33","143","0","3476","LIED12CTRL/LLN0$Status","1234","5678",""
"11850","64.054297381","ipcas_21:73:33","143","0","3477","LIED12CTRL/LLN0$Status","1234","5678",""
"11851","64.056794407","ipcas_21:73:33","143","0","3478","LIED12CTRL/LLN0$Status","1234","5678",""
"11852","64.059293762","ipcas_21:73:33","143","0","3479","LIED12CTRL/LLN0$Status","1234","5678",""
"11853","64.061844721","ipcas_21:73:33","143","0","3480","LIED12CTRL/LLN0$Status","1234","5678",""
"11854","64.064350816","ipcas_21:73:33","143","0","3481","LIED12CTRL/LLN0$Status","1234","5678",""
"11855","64.066825724","ipcas_21:73:33","143","0","3482","LIED12CTRL/LLN0$Status","1234","5678",""
"11856","64.069292399","ipcas_21:73:33","143","0","3483","LIED12CTRL/LLN0$Status","1234","5678",""
"11857","64.071800111","ipcas_21:73:33","143","0","3484","LIED12CTRL/LLN0$Status","1234","5678",""
"11858","64.074177255","ipcas_21:73:33","143","0","3485","LIED12CTRL/LLN0$Status","1234","5678",""
"11859","64.076670172","ipcas_21:73:33","143","0","3486","LIED12CTRL/LLN0$Status","1234","5678",""
"11860","64.079211717","ipcas_21:73:33","143","0","3487","LIED12CTRL/LLN0$Status","1234","5678",""
"11861","64.081682289","ipcas_21:73:33","143","0","3488","LIED12CTRL/LLN0$Status","1234","5678",""
"11862","64.084180308","ipcas_21:73:33","143","0","3489","LIED12CTRL/LLN0$Status","1234","5678",""
"11863","64.086678800","ipcas_21:73:33","143","0","3490","LIED12CTRL/LLN0$Status","1234","5678",""
"11864","64.089217309","ipcas_21:73:33","143","0","3491","LIED12CTRL/LLN0$Status","1234","5678",""
"11865","64.091668121","ipcas_21:73:33","143","0","3492","LIED12CTRL/LLN0$Status","1234","5678",""
"11866","64.094163003","ipcas_21:73:33","143","0","3493","LIED12CTRL/LLN0$Status","1234","5678",""
"11867","64.096672253","ipcas_21:73:33","143","0","3494","LIED12CTRL/LLN0$Status","1234","5678",""
"11868","64.099302600","ipcas_21:73:33","143","0","3495","LIED12CTRL/LLN0$Status","1234","5678",""
"11869","64.101691750","ipcas_21:73:33","143","0","3496","LIED12CTRL/LLN0$Status","1234","5678",""
"11870","64.104224503","ipcas_21:73:33","143","0","3497","LIED12CTRL/LLN0$Status","1234","5678",""
"11871","64.106749236","ipcas_21:73:33","143","0","3498","LIED12CTRL/LLN0$Status","1234","5678",""
"11872","64.109377296","ipcas_21:73:33","143","0","3499","LIED12CTRL/LLN0$Status","1234","5678",""
"11873","64.111839558","ipcas_21:73:33","143","0","3500","LIED12CTRL/LLN0$Status","1234","5678",""
"11874","64.114865088","ipcas_21:73:33","143","0","3501","LIED12CTRL/LLN0$Status","1234","5678",""
"11875","64.116830828","ipcas_21:73:33","143","0","3502","LIED12CTRL/LLN0$Status","1234","5678",""
"11876","64.119329436","ipcas_21:73:33","143","0","3503","LIED12CTRL/LLN0$Status","1234","5678",""
"11877","64.121783846","ipcas_21:73:33","143","0","3504","LIED12CTRL/LLN0$Status","1234","5678",""
"11878","64.124277803","ipcas_21:73:33","143","0","3505","LIED12CTRL/LLN0$Status","1234","5678",""
"11879","64.126726141","ipcas_21:73:33","143","0","3506","LIED12CTRL/LLN0$Status","1234","5678",""
"11880","64.129305433","ipcas_21:73:33","143","0","3507","LIED12CTRL/LLN0$Status","1234","5678",""
"11881","64.131782251","ipcas_21:73:33","143","0","3508","LIED12CTRL/LLN0$Status","1234","5678",""
"11882","64.134312836","ipcas_21:73:33","143","0","3509","LIED12CTRL/LLN0$Status","1234","5678",""
"11883","64.136863646","ipcas_21:73:33","143","0","3510","LIED12CTRL/LLN0$Status","1234","5678",""
"11884","64.139371228","ipcas_21:73:33","143","0","3511","LIED12CTRL/LLN0$Status","1234","5678",""
"11885","64.141816819","ipcas_21:73:33","143","0","3512","LIED12CTRL/LLN0$Status","1234","5678",""
"11886","64.144330139","ipcas_21:73:33","143","0","3513","LIED12CTRL/LLN0$Status","1234","5678",""
"11887","64.146837480","ipcas_21:73:33","143","0","3514","LIED12CTRL/LLN0$Status","1234","5678",""
"11888","64.149329116","ipcas_21:73:33","143","0","3515","LIED12CTRL/LLN0$Status","1234","5678",""
"11889","64.151821272","ipcas_21:73:33","143","0","3516","LIED12CTRL/LLN0$Status","1234","5678",""
"11890","64.154300360","ipcas_21:73:33","143","0","3517","LIED12CTRL/LLN0$Status","1234","5678",""
"11891","64.156814361","ipcas_21:73:33","143","0","3518","LIED12CTRL/LLN0$Status","1234","5678",""
"11892","64.159289292","ipcas_21:73:33","143","0","3519","LIED12CTRL/LLN0$Status","1234","5678",""
"11893","64.161816704","ipcas_21:73:33","143","0","3520","LIED12CTRL/LLN0$Status","1234","5678",""
"11894","64.164349693","ipcas_21:73:33","143","0","3521","LIED12CTRL/LLN0$Status","1234","5678",""
"11895","64.166819771","ipcas_21:73:33","143","0","3522","LIED12CTRL/LLN0$Status","1234","5678",""
"11896","64.169226754","ipcas_21:73:33","143","0","3523","LIED12CTRL/LLN0$Status","1234","5678",""
"11897","64.171698691","ipcas_21:73:33","143","0","3524","LIED12CTRL/LLN0$Status","1234","5678",""
"11898","64.174281438","ipcas_21:73:33","143","0","3525","LIED12CTRL/LLN0$Status","1234","5678",""
"11899","64.176700488","ipcas_21:73:33","143","0","3526","LIED12CTRL/LLN0$Status","1234","5678",""
"11900","64.179342902","ipcas_21:73:33","143","0","3527","LIED12CTRL/LLN0$Status","1234","5678",""
"11901","64.181675061","ipcas_21:73:33","143","0","3528","LIED12CTRL/LLN0$Status","1234","5678",""
"11902","64.184236694","ipcas_21:73:33","143","0","3529","LIED12CTRL/LLN0$Status","1234","5678",""
"11903","64.186674521","ipcas_21:73:33","143","0","3530","LIED12CTRL/LLN0$Status","1234","5678",""
"11904","64.189201081","ipcas_21:73:33","143","0","3531","LIED12CTRL/LLN0$Status","1234","5678",""
"11905","64.191747191","ipcas_21:73:33","143","0","3532","LIED12CTRL/LLN0$Status","1234","5678",""
"11906","64.194316009","ipcas_21:73:33","143","0","3533","LIED12CTRL/LLN0$Status","1234","5678",""
"11907","64.196700312","ipcas_21:73:33","143","0","3534","LIED12CTRL/LLN0$Status","1234","5678",""
"11908","64.199236049","ipcas_21:73:33","143","0","3535","LIED12CTRL/LLN0$Status","1234","5678",""
"11909","64.201791569","ipcas_21:73:33","143","0","3536","LIED12CTRL/LLN0$Status","1234","5678",""
"11910","64.204223292","ipcas_21:73:33","143","0","3537","LIED12CTRL/LLN0$Status","1234","5678",""
"11911","64.206831866","ipcas_21:73:33","143","0","3538","LIED12CTRL/LLN0$Status","1234","5678",""
"11912","64.209314864","ipcas_21:73:33","143","0","3539","LIED12CTRL/LLN0$Status","1234","5678",""
"11913","64.211817852","ipcas_21:73:33","143","0","3540","LIED12CTRL/LLN0$Status","1234","5678",""
"11914","64.215465413","ipcas_21:73:33","143","0","3541","LIED12CTRL/LLN0$Status","1234","5678",""
"11915","64.216746081","ipcas_21:73:33","143","0","3542","LIED12CTRL/LLN0$Status","1234","5678",""
"11916","64.219324325","ipcas_21:73:33","143","0","3543","LIED12CTRL/LLN0$Status","1234","5678",""
"11917","64.221822138","ipcas_21:73:33","143","0","3544","LIED12CTRL/LLN0$Status","1234","5678",""
"11919","64.224342491","ipcas_21:73:33","143","0","3545","LIED12CTRL/LLN0$Status","1234","5678",""
"11920","64.226784681","ipcas_21:73:33","143","0","3546","LIED12CTRL/LLN0$Status","1234","5678",""
"11921","64.229261415","ipcas_21:73:33","143","0","3547","LIED12CTRL/LLN0$Status","1234","5678",""
"11922","64.231799882","ipcas_21:73:33","143","0","3548","LIED12CTRL/LLN0$Status","1234","5678",""
"11923","64.234394784","ipcas_21:73:33","143","0","3549","LIED12CTRL/LLN0$Status","1234","5678",""
"11924","64.236815334","ipcas_21:73:33","143","0","3550","LIED12CTRL/LLN0$Status","1234","5678",""
"11925","64.239303137","ipcas_21:73:33","143","0","3551","LIED12CTRL/LLN0$Status","1234","5678",""
"11926","64.241977551","ipcas_21:73:33","143","0","3552","LIED12CTRL/LLN0$Status","1234","5678",""
"11927","64.244660578","ipcas_21:73:33","143","0","3553","LIED12CTRL/LLN0$Status","1234","5678",""
"11928","64.246811686","ipcas_21:73:33","143","0","3554","LIED12CTRL/LLN0$Status","1234","5678",""
"11929","64.248104024","ipcas_21:73:33","149","1","59","LIED10CTRL/LLN0$Status","1","1","0"
"11930","64.248109457","ipcas_21:73:33","146","1","59","LIED10PROT/LLN0$Alarm","1","",""
"11931","64.248435452","ipcas_21:73:33","203","1","59","LIED10MEAS/LLN0$Measurement","309","312","309"
"11932","64.249652967","ipcas_21:73:33","143","0","3555","LIED12CTRL/LLN0$Status","1234","5678",""
"11933","64.251821424","ipcas_21:73:33","143","0","3556","LIED12CTRL/LLN0$Status","1234","5678",""
"11937","64.254416006","ipcas_21:73:33","143","0","3557","LIED12CTRL/LLN0$Status","1234","5678",""
"11938","64.256820655","ipcas_21:73:33","143","0","3558","LIED12CTRL/LLN0$Status","1234","5678",""
"11941","64.259439672","ipcas_21:73:33","143","0","3559","LIED12CTRL/LLN0$Status","1234","5678",""
"11943","64.262127866","ipcas_21:73:33","143","0","3560","LIED12CTRL/LLN0$Status","1234","5678",""
"11947","64.264550795","ipcas_21:73:33","143","0","3561","LIED12CTRL/LLN0$Status","1234","5678",""
"11951","64.267029224","ipcas_21:73:33","143","0","3562","LIED12CTRL/LLN0$Status","1234","5678",""
"11952","64.269305150","ipcas_21:73:33","143","0","3563","LIED12CTRL/LLN0$Status","1234","5678",""
"11953","64.271820106","ipcas_21:73:33","143","0","3564","LIED12CTRL/LLN0$Status","1234","5678",""
"11954","64.274328277","ipcas_21:73:33","143","0","3565","LIED12CTRL/LLN0$Status","1234","5678",""
"11958","64.276815104","ipcas_21:73:33","143","0","3566","LIED12CTRL/LLN0$Status","1234","5678",""
"11959","64.279312994","ipcas_21:73:33","143","0","3567","LIED12CTRL/LLN0$Status","1234","5678",""
"11960","64.282123598","ipcas_21:73:33","143","0","3568","LIED12CTRL/LLN0$Status","1234","5678",""
"11961","64.284568037","ipcas_21:73:33","143","0","3569","LIED12CTRL/LLN0$Status","1234","5678",""
"11962","64.288360474","ipcas_21:73:33","143","0","3570","LIED12CTRL/LLN0$Status","1234","5678",""
"11963","64.290819621","ipcas_21:73:33","143","0","3571","LIED12CTRL/LLN0$Status","1234","5678",""
"11973","64.293415795","ipcas_21:73:33","143","0","3572","LIED12CTRL/LLN0$Status","1234","5678",""
"11974","64.296801136","ipcas_21:73:33","143","0","3573","LIED12CTRL/LLN0$Status","1234","5678",""
"11978","64.300584931","ipcas_21:73:33","143","0","3574","LIED12CTRL/LLN0$Status","1234","5678",""
"11979","64.303128855","ipcas_21:73:33","143","0","3575","LIED12CTRL/LLN0$Status","1234","5678",""
"11980","64.305832162","ipcas_21:73:33","143","0","3576","LIED12CTRL/LLN0$Status","1234","5678",""
"11981","64.308305428","ipcas_21:73:33","143","0","3577","LIED12CTRL/LLN0$Status","1234","5678",""
"11982","64.310899654","ipcas_21:73:33","143","0","3578","LIED12CTRL/LLN0$Status","1234","5678",""
"11983","64.313054978","ipcas_21:73:33","143","0","3579","LIED12CTRL/LLN0$Status","1234","5678",""
"11984","64.316823089","ipcas_21:73:33","143","0","3580","LIED12CTRL/LLN0$Status","1234","5678",""
"11985","64.319585735","ipcas_21:73:33","143","0","3581","LIED12CTRL/LLN0$Status","1234","5678",""
"11986","64.321971135","ipcas_21:73:33","143","0","3582","LIED12CTRL/LLN0$Status","1234","5678",""
"11987","64.324469044","ipcas_21:73:33","143","0","3583","LIED12CTRL/LLN0$Status","1234","5678",""
"11988","64.326881975","ipcas_21:73:33","143","0","3584","LIED12CTRL/LLN0$Status","1234","5678",""
"11989","64.329349892","ipcas_21:73:33","143","0","3585","LIED12CTRL/LLN0$Status","1234","5678",""
"11990","64.331806737","ipcas_21:73:33","143","0","3586","LIED12CTRL/LLN0$Status","1234","5678",""
"11991","64.334317878","ipcas_21:73:33","143","0","3587","LIED12CTRL/LLN0$Status","1234","5678",""
"11992","64.336814187","ipcas_21:73:33","143","0","3588","LIED12CTRL/LLN0$Status","1234","5678",""
"11993","64.339301155","ipcas_21:73:33","143","0","3589","LIED12CTRL/LLN0$Status","1234","5678",""
"11994","64.341811203","ipcas_21:73:33","143","0","3590","LIED12CTRL/LLN0$Status","1234","5678",""
"11995","64.344332483","ipcas_21:73:33","143","0","3591","LIED12CTRL/LLN0$Status","1234","5678",""
"11996","64.346924378","ipcas_21:73:33","143","0","3592","LIED12CTRL/LLN0$Status","1234","5678",""
"11997","64.349457810","ipcas_21:73:33","143","0","3593","LIED12CTRL/LLN0$Status","1234","5678",""
"11998","64.351801924","ipcas_21:73:33","143","0","3594","LIED12CTRL/LLN0$Status","1234","5678",""
"11999","64.354223181","ipcas_21:73:33","143","0","3595","LIED12CTRL/LLN0$Status","1234","5678",""
"12000","64.356802262","ipcas_21:73:33","143","0","3596","LIED12CTRL/LLN0$Status","1234","5678",""
"12001","64.359277840","ipcas_21:73:33","143","0","3597","LIED12CTRL/LLN0$Status","1234","5678",""
"12002","64.361828829","ipcas_21:73:33","143","0","3598","LIED12CTRL/LLN0$Status","1234","5678",""
"12003","64.364277054","ipcas_21:73:33","143","0","3599","LIED12CTRL/LLN0$Status","1234","5678",""
"12004","64.366696091","ipcas_21:73:33","143","0","3600","LIED12CTRL/LLN0$Status","1234","5678",""
"12005","64.369188786","ipcas_21:73:33","143","0","3601","LIED12CTRL/LLN0$Status","1234","5678",""
"12006","64.371795878","ipcas_21:73:33","143","0","3602","LIED12CTRL/LLN0$Status","1234","5678",""
"12007","64.374196400","ipcas_21:73:33","143","0","3603","LIED12CTRL/LLN0$Status","1234","5678",""
"12008","64.376711623","ipcas_21:73:33","143","0","3604","LIED12CTRL/LLN0$Status","1234","5678",""
"12009","64.379345815","ipcas_21:73:33","143","0","3605","LIED12CTRL/LLN0$Status","1234","5678",""
"12010","64.381735058","ipcas_21:73:33","143","0","3606","LIED12CTRL/LLN0$Status","1234","5678",""
"12011","64.384383893","ipcas_21:73:33","143","0","3607","LIED12CTRL/LLN0$Status","1234","5678",""
"12012","64.386865556","ipcas_21:73:33","143","0","3608","LIED12CTRL/LLN0$Status","1234","5678",""
"12013","64.389200394","ipcas_21:73:33","143","0","3609","LIED12CTRL/LLN0$Status","1234","5678",""
"12014","64.391729819","ipcas_21:73:33","143","0","3610","LIED12CTRL/LLN0$Status","1234","5678",""
"12015","64.394367880","ipcas_21:73:33","143","0","3611","LIED12CTRL/LLN0$Status","1234","5678",""
"12016","64.396758497","ipcas_21:73:33","143","0","3612","LIED12CTRL/LLN0$Status","1234","5678",""
"12017","64.399472948","ipcas_21:73:33","143","0","3613","LIED12CTRL/LLN0$Status","1234","5678",""
"12018","64.401731524","ipcas_21:73:33","143","0","3614","LIED12CTRL/LLN0$Status","1234","5678",""
"12019","64.404187835","ipcas_21:73:33","143","0","3615","LIED12CTRL/LLN0$Status","1234","5678",""
"12020","64.406820743","ipcas_21:73:33","143","0","3616","LIED12CTRL/LLN0$Status","1234","5678",""
"12021","64.409349661","ipcas_21:73:33","143","0","3617","LIED12CTRL/LLN0$Status","1234","5678",""
"12022","64.411916023","ipcas_21:73:33","143","0","3618","LIED12CTRL/LLN0$Status","1234","5678",""
"12023","64.414673701","ipcas_21:73:33","143","0","3619","LIED12CTRL/LLN0$Status","1234","5678",""
"12024","64.418057770","ipcas_21:73:33","143","0","3620","LIED12CTRL/LLN0$Status","1234","5678",""
"12025","64.420678183","ipcas_21:73:33","143","0","3621","LIED12CTRL/LLN0$Status","1234","5678",""
"12026","64.423196016","ipcas_21:73:33","143","0","3622","LIED12CTRL/LLN0$Status","1234","5678",""
"12027","64.425552636","ipcas_21:73:33","143","0","3623","LIED12CTRL/LLN0$Status","1234","5678",""
"12028","64.429257115","ipcas_21:73:33","143","0","3624","LIED12CTRL/LLN0$Status","1234","5678",""
"12029","64.431756134","ipcas_21:73:33","143","0","3625","LIED12CTRL/LLN0$Status","1234","5678",""
"12030","64.434325714","ipcas_21:73:33","143","0","3626","LIED12CTRL/LLN0$Status","1234","5678",""
"12031","64.436724018","ipcas_21:73:33","143","0","3627","LIED12CTRL/LLN0$Status","1234","5678",""
"12032","64.439275062","ipcas_21:73:33","143","0","3628","LIED12CTRL/LLN0$Status","1234","5678",""
"12033","64.443093219","ipcas_21:73:33","143","0","3629","LIED12CTRL/LLN0$Status","1234","5678",""
"12034","64.445332598","ipcas_21:73:33","143","0","3630","LIED12CTRL/LLN0$Status","1234","5678",""
"12035","64.448437589","ipcas_21:73:33","143","0","3631","LIED12CTRL/LLN0$Status","1234","5678",""
"12036","64.450985563","ipcas_21:73:33","143","0","3632","LIED12CTRL/LLN0$Status","1234","5678",""
"12037","64.453416551","ipcas_21:73:33","143","0","3633","LIED12CTRL/LLN0$Status","1234","5678",""
"12038","64.456855429","ipcas_21:73:33","143","0","3634","LIED12CTRL/LLN0$Status","1234","5678",""
"12039","64.459428624","ipcas_21:73:33","143","0","3635","LIED12CTRL/LLN0$Status","1234","5678",""
"12040","64.461807395","ipcas_21:73:33","143","0","3636","LIED12CTRL/LLN0$Status","1234","5678",""
"12041","64.464276411","ipcas_21:73:33","143","0","3637","LIED12CTRL/LLN0$Status","1234","5678",""
"12042","64.466821293","ipcas_21:73:33","143","0","3638","LIED12CTRL/LLN0$Status","1234","5678",""
"12043","64.469223695","ipcas_21:73:33","143","0","3639","LIED12CTRL/LLN0$Status","1234","5678",""
"12044","64.471692812","ipcas_21:73:33","143","0","3640","LIED12CTRL/LLN0$Status","1234","5678",""
"12045","64.474194020","ipcas_21:73:33","143","0","3641","LIED12CTRL/LLN0$Status","1234","5678",""
"12046","64.476730332","ipcas_21:73:33","143","0","3642","LIED12CTRL/LLN0$Status","1234","5678",""
"12047","64.479181104","ipcas_21:73:33","143","0","3643","LIED12CTRL/LLN0$Status","1234","5678",""
"12048","64.481777167","ipcas_21:73:33","143","0","3644","LIED12CTRL/LLN0$Status","1234","5678",""
"12049","64.484185432","ipcas_21:73:33","143","0","3645","LIED12CTRL/LLN0$Status","1234","5678",""
"12050","64.486781498","ipcas_21:73:33","143","0","3646","LIED12CTRL/LLN0$Status","1234","5678",""
"12051","64.489207090","ipcas_21:73:33","143","0","3647","LIED12CTRL/LLN0$Status","1234","5678",""
"12052","64.491757940","ipcas_21:73:33","143","0","3648","LIED12CTRL/LLN0$Status","1234","5678",""
"12053","64.494243027","ipcas_21:73:33","143","0","3649","LIED12CTRL/LLN0$Status","1234","5678",""
"12054","64.496703300","ipcas_21:73:33","143","0","3650","LIED12CTRL/LLN0$Status","1234","5678",""
"12055","64.499255041","ipcas_21:73:33","143","0","3651","LIED12CTRL/LLN0$Status","1234","5678",""
"12056","64.501691661","ipcas_21:73:33","143","0","3652","LIED12CTRL/LLN0$Status","1234","5678",""
"12057","64.504375728","ipcas_21:73:33","143","0","3653","LIED12CTRL/LLN0$Status","1234","5678",""
"12058","64.506817210","ipcas_21:73:33","143","0","3654","LIED12CTRL/LLN0$Status","1234","5678",""
"12059","64.509342540","ipcas_21:73:33","143","0","3655","LIED12CTRL/LLN0$Status","1234","5678",""
"12061","64.512148307","ipcas_21:73:33","143","0","3656","LIED12CTRL/LLN0$Status","1234","5678",""
"12062","64.514862209","ipcas_21:73:33","143","0","3657","LIED12CTRL/LLN0$Status","1234","5678",""
"12063","64.518120440","ipcas_21:73:33","143","0","3658","LIED12CTRL/LLN0$Status","1234","5678",""
"12064","64.520412523","ipcas_21:73:33","143","0","3659","LIED12CTRL/LLN0$Status","1234","5678",""
"12065","64.522934663","ipcas_21:73:33","143","0","3660","LIED12CTRL/LLN0$Status","1234","5678",""
"12066","64.525481350","ipcas_21:73:33","143","0","3661","LIED12CTRL/LLN0$Status","1234","5678",""
"12067","64.527926903","ipcas_21:73:33","143","0","3662","LIED12CTRL/LLN0$Status","1234","5678",""
"12068","64.530766061","ipcas_21:73:33","143","0","3663","LIED12CTRL/LLN0$Status","1234","5678",""
"12069","64.533096855","ipcas_21:73:33","143","0","3664","LIED12CTRL/LLN0$Status","1234","5678",""
"12070","64.535675440","ipcas_21:73:33","143","0","3665","LIED12CTRL/LLN0$Status","1234","5678",""
"12071","64.538041665","ipcas_21:73:33","143","0","3666","LIED12CTRL/LLN0$Status","1234","5678",""
"12072","64.540694567","ipcas_21:73:33","143","0","3667","LIED12CTRL/LLN0$Status","1234","5678",""
"12073","64.543125945","ipcas_21:73:33","143","0","3668","LIED12CTRL/LLN0$Status","1234","5678",""
"12074","64.545701033","ipcas_21:73:33","143","0","3669","LIED12CTRL/LLN0$Status","1234","5678",""
"12075","64.548184215","ipcas_21:73:33","143","0","3670","LIED12CTRL/LLN0$Status","1234","5678",""
"12076","64.550619917","ipcas_21:73:33","143","0","3671","LIED12CTRL/LLN0$Status","1234","5678",""
"12077","64.553178325","ipcas_21:73:33","143","0","3672","LIED12CTRL/LLN0$Status","1234","5678",""
"12078","64.555690422","ipcas_21:73:33","143","0","3673","LIED12CTRL/LLN0$Status","1234","5678",""
"12079","64.558233133","ipcas_21:73:33","143","0","3674","LIED12CTRL/LLN0$Status","1234","5678",""
"12080","64.560568993","ipcas_21:73:33","143","0","3675","LIED12CTRL/LLN0$Status","1234","5678",""
"12081","64.563348515","ipcas_21:73:33","143","0","3676","LIED12CTRL/LLN0$Status","1234","5678",""
"12082","64.565619576","ipcas_21:73:33","143","0","3677","LIED12CTRL/LLN0$Status","1234","5678",""
"12083","64.568125695","ipcas_21:73:33","143","0","3678","LIED12CTRL/LLN0$Status","1234","5678",""
"12084","64.570730251","ipcas_21:73:33","143","0","3679","LIED12CTRL/LLN0$Status","1234","5678",""
"12085","64.573066426","ipcas_21:73:33","143","0","3680","LIED12CTRL/LLN0$Status","1234","5678",""
"12086","64.575850777","ipcas_21:73:33","143","0","3681","LIED12CTRL/LLN0$Status","1234","5678",""
"12087","64.578121140","ipcas_21:73:33","143","0","3682","LIED12CTRL/LLN0$Status","1234","5678",""
"12088","64.580855353","ipcas_21:73:33","143","0","3683","LIED12CTRL/LLN0$Status","1234","5678",""
"12089","64.583360119","ipcas_21:73:33","143","0","3684","LIED12CTRL/LLN0$Status","1234","5678",""
"12090","64.585618519","ipcas_21:73:33","143","0","3685","LIED12CTRL/LLN0$Status","1234","5678",""
"12091","64.588019284","ipcas_21:73:33","143","0","3686","LIED12CTRL/LLN0$Status","1234","5678",""
"12092","64.590449631","ipcas_21:73:33","143","0","3687","LIED12CTRL/LLN0$Status","1234","5678",""
"12093","64.593351475","ipcas_21:73:33","143","0","3688","LIED12CTRL/LLN0$Status","1234","5678",""
"12094","64.595851510","ipcas_21:73:33","143","0","3689","LIED12CTRL/LLN0$Status","1234","5678",""
"12095","64.598122060","ipcas_21:73:33","143","0","3690","LIED12CTRL/LLN0$Status","1234","5678",""
"12096","64.600850340","ipcas_21:73:33","143","0","3691","LIED12CTRL/LLN0$Status","1234","5678",""
"12097","64.603115458","ipcas_21:73:33","143","0","3692","LIED12CTRL/LLN0$Status","1234","5678",""
"12098","64.605618567","ipcas_21:73:33","143","0","3693","LIED12CTRL/LLN0$Status","1234","5678",""
"12099","64.608197928","ipcas_21:73:33","143","0","3694","LIED12CTRL/LLN0$Status","1234","5678",""
"12100","64.610622527","ipcas_21:73:33","143","0","3695","LIED12CTRL/LLN0$Status","1234","5678",""
"12101","64.613350054","ipcas_21:73:33","143","0","3696","LIED12CTRL/LLN0$Status","1234","5678",""
"12102","64.615499699","ipcas_21:73:33","143","0","3697","LIED12CTRL/LLN0$Status","1234","5678",""
"12103","64.618112029","ipcas_21:73:33","143","0","3698","LIED12CTRL/LLN0$Status","1234","5678",""
"12104","64.620529692","ipcas_21:73:33","143","0","3699","LIED12CTRL/LLN0$Status","1234","5678",""
"12107","64.623381933","ipcas_21:73:33","143","0","3700","LIED12CTRL/LLN0$Status","1234","5678",""
"12108","64.625672443","ipcas_21:73:33","143","0","3701","LIED12CTRL/LLN0$Status","1234","5678",""
"12109","64.628124858","ipcas_21:73:33","143","0","3702","LIED12CTRL/LLN0$Status","1234","5678",""
"12110","64.630575602","ipcas_21:73:33","143","0","3703","LIED12CTRL/LLN0$Status","1234","5678",""
"12111","64.634435509","ipcas_21:73:33","143","0","3704","LIED12CTRL/LLN0$Status","1234","5678",""
"12112","64.638043636","ipcas_21:73:33","143","0","3705","LIED12CTRL/LLN0$Status","1234","5678",""
"12113","64.641806749","ipcas_21:73:33","143","0","3706","LIED12CTRL/LLN0$Status","1234","5678",""
"12114","64.645660015","ipcas_21:73:33","143","0","3707","LIED12CTRL/LLN0$Status","1234","5678",""
"12115","64.648075048","ipcas_21:73:33","143","0","3708","LIED12CTRL/LLN0$Status","1234","5678",""
"12116","64.651914957","ipcas_21:73:33","143","0","3709","LIED12CTRL/LLN0$Status","1234","5678",""
"12117","64.654517106","ipcas_21:73:33","143","0","3710","LIED12CTRL/LLN0$Status","1234","5678",""
"12118","64.658083872","ipcas_21:73:33","143","0","3711","LIED12CTRL/LLN0$Status","1234","5678",""
"12119","64.660579079","ipcas_21:73:33","143","0","3712","LIED12CTRL/LLN0$Status","1234","5678",""
"12120","64.662996803","ipcas_21:73:33","143","0","3713","LIED12CTRL/LLN0$Status","1234","5678",""
"12121","64.666835700","ipcas_21:73:33","143","0","3714","LIED12CTRL/LLN0$Status","1234","5678",""
"12122","64.670573588","ipcas_21:73:33","143","0","3715","LIED12CTRL/LLN0$Status","1234","5678",""
"12123","64.673374028","ipcas_21:73:33","143","0","3716","LIED12CTRL/LLN0$Status","1234","5678",""
"12124","64.676741967","ipcas_21:73:33","143","0","3717","LIED12CTRL/LLN0$Status","1234","5678",""
"12125","64.679288301","ipcas_21:73:33","143","0","3718","LIED12CTRL/LLN0$Status","1234","5678",""
"12126","64.683008194","ipcas_21:73:33","143","0","3719","LIED12CTRL/LLN0$Status","1234","5678",""
"12127","64.685662800","ipcas_21:73:33","143","0","3720","LIED12CTRL/LLN0$Status","1234","5678",""
"12128","64.688164990","ipcas_21:73:33","143","0","3721","LIED12CTRL/LLN0$Status","1234","5678",""
"12129","64.690670331","ipcas_21:73:33","143","0","3722","LIED12CTRL/LLN0$Status","1234","5678",""
"12130","64.693167596","ipcas_21:73:33","143","0","3723","LIED12CTRL/LLN0$Status","1234","5678",""
"12131","64.695675506","ipcas_21:73:33","143","0","3724","LIED12CTRL/LLN0$Status","1234","5678",""
"12132","64.698174171","ipcas_21:73:33","143","0","3725","LIED12CTRL/LLN0$Status","1234","5678",""
"12133","64.700665284","ipcas_21:73:33","143","0","3726","LIED12CTRL/LLN0$Status","1234","5678",""
"12134","64.703186882","ipcas_21:73:33","143","0","3727","LIED12CTRL/LLN0$Status","1234","5678",""
"12135","64.705662444","ipcas_21:73:33","143","0","3728","LIED12CTRL/LLN0$Status","1234","5678",""
"12136","64.708165663","ipcas_21:73:33","143","0","3729","LIED12CTRL/LLN0$Status","1234","5678",""
"12137","64.710678567","ipcas_21:73:33","143","0","3730","LIED12CTRL/LLN0$Status","1234","5678",""
"12138","64.713165920","ipcas_21:73:33","143","0","3731","LIED12CTRL/LLN0$Status","1234","5678",""
"12139","64.715553484","ipcas_21:73:33","143","0","3732","LIED12CTRL/LLN0$Status","1234","5678",""
"12140","64.719481776","ipcas_21:73:33","143","0","3733","LIED12CTRL/LLN0$Status","1234","5678",""
"12141","64.721911501","ipcas_21:73:33","143","0","3734","LIED12CTRL/LLN0$Status","1234","5678",""
"12142","64.724415666","ipcas_21:73:33","143","0","3735","LIED12CTRL/LLN0$Status","1234","5678",""
"12143","64.726843427","ipcas_21:73:33","143","0","3736","LIED12CTRL/LLN0$Status","1234","5678",""
"12144","64.729233721","ipcas_21:73:33","143","0","3737","LIED12CTRL/LLN0$Status","1234","5678",""
"12145","64.731993691","ipcas_21:73:33","143","0","3738","LIED12CTRL/LLN0$Status","1234","5678",""
"12146","64.734340695","ipcas_21:73:33","143","0","3739","LIED12CTRL/LLN0$Status","1234","5678",""
"12147","64.736722756","ipcas_21:73:33","143","0","3740","LIED12CTRL/LLN0$Status","1234","5678",""
"12148","64.739416677","ipcas_21:73:33","143","0","3741","LIED12CTRL/LLN0$Status","1234","5678",""
"12149","64.741913531","ipcas_21:73:33","143","0","3742","LIED12CTRL/LLN0$Status","1234","5678",""
"12150","64.744514469","ipcas_21:73:33","143","0","3743","LIED12CTRL/LLN0$Status","1234","5678",""
"12151","64.746913785","ipcas_21:73:33","143","0","3744","LIED12CTRL/LLN0$Status","1234","5678",""
"12152","64.749414321","ipcas_21:73:33","143","0","3745","LIED12CTRL/LLN0$Status","1234","5678",""
"12153","64.751915953","ipcas_21:73:33","143","0","3746","LIED12CTRL/LLN0$Status","1234","5678",""
"12154","64.754342735","ipcas_21:73:33","143","0","3747","LIED12CTRL/LLN0$Status","1234","5678",""
"12155","64.756925665","ipcas_21:73:33","143","0","3748","LIED12CTRL/LLN0$Status","1234","5678",""
"12159","64.759206860","ipcas_21:73:33","143","0","3749","LIED12CTRL/LLN0$Status","1234","5678",""
"12160","64.761867749","ipcas_21:73:33","143","0","3750","LIED12CTRL/LLN0$Status","1234","5678",""
"12161","64.764164937","ipcas_21:73:33","143","0","3751","LIED12CTRL/LLN0$Status","1234","5678",""
"12162","64.766915076","ipcas_21:73:33","143","0","3752","LIED12CTRL/LLN0$Status","1234","5678",""
"12166","64.769624201","ipcas_21:73:33","143","0","3753","LIED12CTRL/LLN0$Status","1234","5678",""
"12167","64.773066090","ipcas_21:73:33","143","0","3754","LIED12CTRL/LLN0$Status","1234","5678",""
"12168","64.775642138","ipcas_21:73:33","143","0","3755","LIED12CTRL/LLN0$Status","1234","5678",""
"12169","64.778079898","ipcas_21:73:33","143","0","3756","LIED12CTRL/LLN0$Status","1234","5678",""
"12173","64.780582880","ipcas_21:73:33","143","0","3757","LIED12CTRL/LLN0$Status","1234","5678",""
"12174","64.784355906","ipcas_21:73:33","143","0","3758","LIED12CTRL/LLN0$Status","1234","5678",""
"12175","64.786854040","ipcas_21:73:33","143","0","3759","LIED12CTRL/LLN0$Status","1234","5678",""
"12176","64.789353126","ipcas_21:73:33","143","0","3760","LIED12CTRL/LLN0$Status","1234","5678",""
"12177","64.791855119","ipcas_21:73:33","143","0","3761","LIED12CTRL/LLN0$Status","1234","5678",""
"12178","64.794307079","ipcas_21:73:33","143","0","3762","LIED12CTRL/LLN0$Status","1234","5678",""
"12179","64.796834294","ipcas_21:73:33","143","0","3763","LIED12CTRL/LLN0$Status","1234","5678",""
"12180","64.799333012","ipcas_21:73:33","143","0","3764","LIED12CTRL/LLN0$Status","1234","5678",""
"12181","64.803102993","ipcas_21:73:33","143","0","3765","LIED12CTRL/LLN0$Status","1234","5678",""
"12182","64.806854235","ipcas_21:73:33","143","0","3766","LIED12CTRL/LLN0$Status","1234","5678",""
"12186","64.809162980","ipcas_21:73:33","143","0","3767","LIED12CTRL/LLN0$Status","1234","5678",""
"12187","64.811714711","ipcas_21:73:33","143","0","3768","LIED12CTRL/LLN0$Status","1234","5678",""
"12188","64.814552005","ipcas_21:73:33","143","0","3769","LIED12CTRL/LLN0$Status","1234","5678",""
"12193","64.817194955","ipcas_21:73:33","143","0","3770","LIED12CTRL/LLN0$Status","1234","5678",""
"12196","64.820584337","ipcas_21:73:33","143","0","3771","LIED12CTRL/LLN0$Status","1234","5678",""
"12197","64.822945132","ipcas_21:73:33","143","0","3772","LIED12CTRL/LLN0$Status","1234","5678",""
"12201","64.825540519","ipcas_21:73:33","143","0","3773","LIED12CTRL/LLN0$Status","1234","5678",""
"12204","64.829292035","ipcas_21:73:33","143","0","3774","LIED12CTRL/LLN0$Status","1234","5678",""
"12205","64.832991349","ipcas_21:73:33","143","0","3775","LIED12CTRL/LLN0$Status","1234","5678",""
"12206","64.835553231","ipcas_21:73:33","143","0","3776","LIED12CTRL/LLN0$Status","1234","5678",""
"12207","64.838088450","ipcas_21:73:33","143","0","3777","LIED12CTRL/LLN0$Status","1234","5678",""
"12208","64.840727340","ipcas_21:73:33","143","0","3778","LIED12CTRL/LLN0$Status","1234","5678",""
"12209","64.843258217","ipcas_21:73:33","143","0","3779","LIED12CTRL/LLN0$Status","1234","5678",""
"12210","64.845816711","ipcas_21:73:33","143","0","3780","LIED12CTRL/LLN0$Status","1234","5678",""
"12211","64.848243713","ipcas_21:73:33","143","0","3781","LIED12CTRL/LLN0$Status","1234","5678",""
"12212","64.850611101","ipcas_21:73:33","143","0","3782","LIED12CTRL/LLN0$Status","1234","5678",""
"12213","64.853080180","ipcas_21:73:33","143","0","3783","LIED12CTRL/LLN0$Status","1234","5678",""
"12214","64.855553486","ipcas_21:73:33","143","0","3784","LIED12CTRL/LLN0$Status","1234","5678",""
"12215","64.859367650","ipcas_21:73:33","143","0","3785","LIED12CTRL/LLN0$Status","1234","5678",""
"12216","64.861998272","ipcas_21:73:33","143","0","3786","LIED12CTRL/LLN0$Status","1234","5678",""
"12217","64.864265214","ipcas_21:73:33","143","0","3787","LIED12CTRL/LLN0$Status","1234","5678",""
"12218","64.866799244","ipcas_21:73:33","143","0","3788","LIED12CTRL/LLN0$Status","1234","5678",""
"12219","64.869154128","ipcas_21:73:33","143","0","3789","LIED12CTRL/LLN0$Status","1234","5678",""
"12220","64.871790443","ipcas_21:73:33","143","0","3790","LIED12CTRL/LLN0$Status","1234","5678",""
"12221","64.874227223","ipcas_21:73:33","143","0","3791","LIED12CTRL/LLN0$Status","1234","5678",""
"12222","64.876863256","ipcas_21:73:33","143","0","3792","LIED12CTRL/LLN0$Status","1234","5678",""
"12223","64.879362321","ipcas_21:73:33","143","0","3793","LIED12CTRL/LLN0$Status","1234","5678",""
"12224","64.882975150","ipcas_21:73:33","143","0","3794","LIED12CTRL/LLN0$Status","1234","5678",""
"12225","64.885620064","ipcas_21:73:33","143","0","3795","LIED12CTRL/LLN0$Status","1234","5678",""
"12226","64.889357604","ipcas_21:73:33","143","0","3796","LIED12CTRL/LLN0$Status","1234","5678",""
"12227","64.891903489","ipcas_21:73:33","143","0","3797","LIED12CTRL/LLN0$Status","1234","5678",""
"12228","64.894305908","ipcas_21:73:33","143","0","3798","LIED12CTRL/LLN0$Status","1234","5678",""
"12229","64.897500710","ipcas_21:73:33","143","0","3799","LIED12CTRL/LLN0$Status","1234","5678",""
"12230","64.900578431","ipcas_21:73:33","143","0","3800","LIED12CTRL/LLN0$Status","1234","5678",""
"12231","64.903114263","ipcas_21:73:33","143","0","3801","LIED12CTRL/LLN0$Status","1234","5678",""
"12232","64.905418604","ipcas_21:73:33","143","0","3802","LIED12CTRL/LLN0$Status","1234","5678",""
"12233","64.908018442","ipcas_21:73:33","143","0","3803","LIED12CTRL/LLN0$Status","1234","5678",""
"12234","64.910510797","ipcas_21:73:33","143","0","3804","LIED12CTRL/LLN0$Status","1234","5678",""
"12235","64.913021021","ipcas_21:73:33","143","0","3805","LIED12CTRL/LLN0$Status","1234","5678",""
"12236","64.915557757","ipcas_21:73:33","143","0","3806","LIED12CTRL/LLN0$Status","1234","5678",""
"12237","64.917941254","ipcas_21:73:33","143","0","3807","LIED12CTRL/LLN0$Status","1234","5678",""
"12238","64.920454200","ipcas_21:73:33","143","0","3808","LIED12CTRL/LLN0$Status","1234","5678",""
"12239","64.923111393","ipcas_21:73:33","143","0","3809","LIED12CTRL/LLN0$Status","1234","5678",""
"12240","64.925514401","ipcas_21:73:33","143","0","3810","LIED12CTRL/LLN0$Status","1234","5678",""
"12241","64.928063275","ipcas_21:73:33","143","0","3811","LIED12CTRL/LLN0$Status","1234","5678",""
"12242","64.930467753","ipcas_21:73:33","143","0","3812","LIED12CTRL/LLN0$Status","1234","5678",""
"12243","64.933115093","ipcas_21:73:33","143","0","3813","LIED12CTRL/LLN0$Status","1234","5678",""
"12244","64.935513546","ipcas_21:73:33","143","0","3814","LIED12CTRL/LLN0$Status","1234","5678",""
"12245","64.938006256","ipcas_21:73:33","143","0","3815","LIED12CTRL/LLN0$Status","1234","5678",""
"12246","64.941952787","ipcas_21:73:33","143","0","3816","LIED12CTRL/LLN0$Status","1234","5678",""
"12247","64.944199225","ipcas_21:73:33","143","0","3817","LIED12CTRL/LLN0$Status","1234","5678",""
"12248","64.946872831","ipcas_21:73:33","143","0","3818","LIED12CTRL/LLN0$Status","1234","5678",""
"12249","64.949276453","ipcas_21:73:33","143","0","3819","LIED12CTRL/LLN0$Status","1234","5678",""
"12250","64.951850374","ipcas_21:73:33","143","0","3820","LIED12CTRL/LLN0$Status","1234","5678",""
"12251","64.954267834","ipcas_21:73:33","143","0","3821","LIED12CTRL/LLN0$Status","1234","5678",""
"12252","64.956840740","ipcas_21:73:33","143","0","3822","LIED12CTRL/LLN0$Status","1234","5678",""
"12253","64.959333297","ipcas_21:73:33","143","0","3823","LIED12CTRL/LLN0$Status","1234","5678",""
"12254","64.961838730","ipcas_21:73:33","143","0","3824","LIED12CTRL/LLN0$Status","1234","5678",""
"12255","64.964309947","ipcas_21:73:33","143","0","3825","LIED12CTRL/LLN0$Status","1234","5678",""
"12256","64.966826395","ipcas_21:73:33","143","0","3826","LIED12CTRL/LLN0$Status","1234","5678",""
"12257","64.969325329","ipcas_21:73:33","143","0","3827","LIED12CTRL/LLN0$Status","1234","5678",""
"12258","64.971810657","ipcas_21:73:33","143","0","3828","LIED12CTRL/LLN0$Status","1234","5678",""
"12259","64.974204320","ipcas_21:73:33","143","0","3829","LIED12CTRL/LLN0$Status","1234","5678",""
"12260","64.976826742","ipcas_21:73:33","143","0","3830","LIED12CTRL/LLN0$Status","1234","5678",""
"12261","64.979328203","ipcas_21:73:33","143","0","3831","LIED12CTRL/LLN0$Status","1234","5678",""
"12262","64.983033996","ipcas_21:73:33","143","0","3832","LIED12CTRL/LLN0$Status","1234","5678",""
"12263","64.985488259","ipcas_21:73:33","143","0","3833","LIED12CTRL/LLN0$Status","1234","5678",""
"12264","64.988065402","ipcas_21:73:33","143","0","3834","LIED12CTRL/LLN0$Status","1234","5678",""
"12265","64.990581006","ipcas_21:73:33","143","0","3835","LIED12CTRL/LLN0$Status","1234","5678",""
"12266","64.993064690","ipcas_21:73:33","143","0","3836","LIED12CTRL/LLN0$Status","1234","5678",""
"12267","64.995573357","ipcas_21:73:33","143","0","3837","LIED12CTRL/LLN0$Status","1234","5678",""
"12268","64.998092301","ipcas_21:73:33","143","0","3838","LIED12CTRL/LLN0$Status","1234","5678",""
"12269","65.000606036","ipcas_21:73:33","143","0","3839","LIED12CTRL/LLN0$Status","1234","5678",""
"12270","65.003041303","ipcas_21:73:33","143","0","3840","LIED12CTRL/LLN0$Status","1234","5678",""
"12271","65.005535060","ipcas_21:73:33","143","0","3841","LIED12CTRL/LLN0$Status","1234","5678",""
"12272","65.007977958","ipcas_21:73:33","143","0","3842","LIED12CTRL/LLN0$Status","1234","5678",""
"12273","65.010635158","ipcas_21:73:33","143","0","3843","LIED12CTRL/LLN0$Status","1234","5678",""
"12274","65.013099772","ipcas_21:73:33","143","0","3844","LIED12CTRL/LLN0$Status","1234","5678",""
"12275","65.015591689","ipcas_21:73:33","143","0","3845","LIED12CTRL/LLN0$Status","1234","5678",""
"12276","65.019338828","ipcas_21:73:33","143","0","3846","LIED12CTRL/LLN0$Status","1234","5678",""
"12277","65.023736011","ipcas_21:73:33","143","0","3847","LIED12CTRL/LLN0$Status","1234","5678",""
"12278","65.025589880","ipcas_21:73:33","143","0","3848","LIED12CTRL/LLN0$Status","1234","5678",""
"12279","65.028122556","ipcas_21:73:33","143","0","3849","LIED12CTRL/LLN0$Status","1234","5678",""
"12280","65.030589973","ipcas_21:73:33","143","0","3850","LIED12CTRL/LLN0$Status","1234","5678",""
"12281","65.032995800","ipcas_21:73:33","143","0","3851","LIED12CTRL/LLN0$Status","1234","5678",""
"12282","65.035520584","ipcas_21:73:33","143","0","3852","LIED12CTRL/LLN0$Status","1234","5678",""
"12283","65.038010861","ipcas_21:73:33","143","0","3853","LIED12CTRL/LLN0$Status","1234","5678",""
"12284","65.040575058","ipcas_21:73:33","143","0","3854","LIED12CTRL/LLN0$Status","1234","5678",""
"12285","65.044337730","ipcas_21:73:33","143","0","3855","LIED12CTRL/LLN0$Status","1234","5678",""
"12286","65.047990807","ipcas_21:73:33","143","0","3856","LIED12CTRL/LLN0$Status","1234","5678",""
"12287","65.051677847","ipcas_21:73:33","143","0","3857","LIED12CTRL/LLN0$Status","1234","5678",""
"12288","65.054318755","ipcas_21:73:33","143","0","3858","LIED12CTRL/LLN0$Status","1234","5678",""
"12289","65.056795215","ipcas_21:73:33","143","0","3859","LIED12CTRL/LLN0$Status","1234","5678",""
"12290","65.060550403","ipcas_21:73:33","143","0","3860","LIED12CTRL/LLN0$Status","1234","5678",""
"12291","65.063016827","ipcas_21:73:33","143","0","3861","LIED12CTRL/LLN0$Status","1234","5678",""
"12292","65.065523357","ipcas_21:73:33","143","0","3862","LIED12CTRL/LLN0$Status","1234","5678",""
"12293","65.070438328","ipcas_21:73:33","143","0","3863","LIED12CTRL/LLN0$Status","1234","5678",""
"12294","65.072985011","ipcas_21:73:33","143","0","3864","LIED12CTRL/LLN0$Status","1234","5678",""
"12295","65.075390332","ipcas_21:73:33","143","0","3865","LIED12CTRL/LLN0$Status","1234","5678",""
"12296","65.077909174","ipcas_21:73:33","143","0","3866","LIED12CTRL/LLN0$Status","1234","5678",""
"12297","65.080404192","ipcas_21:73:33","143","0","3867","LIED12CTRL/LLN0$Status","1234","5678",""
"12298","65.082900055","ipcas_21:73:33","143","0","3868","LIED12CTRL/LLN0$Status","1234","5678",""
"12299","65.085395603","ipcas_21:73:33","143","0","3869","LIED12CTRL/LLN0$Status","1234","5678",""
"12300","65.087640497","ipcas_21:73:33","143","0","3870","LIED12CTRL/LLN0$Status","1234","5678",""
"12301","65.090454258","ipcas_21:73:33","143","0","3871","LIED12CTRL/LLN0$Status","1234","5678",""
"12302","65.092896742","ipcas_21:73:33","143","0","3872","LIED12CTRL/LLN0$Status","1234","5678",""
"12303","65.095408179","ipcas_21:73:33","143","0","3873","LIED12CTRL/LLN0$Status","1234","5678",""
"12304","65.097794904","ipcas_21:73:33","143","0","3874","LIED12CTRL/LLN0$Status","1234","5678",""
"12305","65.099971154","ipcas_21:73:33","143","0","3875","LIED12CTRL/LLN0$Status","1234","5678",""
"12306","65.102897043","ipcas_21:73:33","143","0","3876","LIED12CTRL/LLN0$Status","1234","5678",""
"12307","65.105212446","ipcas_21:73:33","143","0","3877","LIED12CTRL/LLN0$Status","1234","5678",""
"12308","65.107983798","ipcas_21:73:33","143","0","3878","LIED12CTRL/LLN0$Status","1234","5678",""
"12309","65.111356891","ipcas_21:73:33","143","0","3879","LIED12CTRL/LLN0$Status","1234","5678",""
"12310","65.113824500","ipcas_21:73:33","143","0","3880","LIED12CTRL/LLN0$Status","1234","5678",""
"12311","65.116265072","ipcas_21:73:33","143","0","3881","LIED12CTRL/LLN0$Status","1234","5678",""
"12312","65.119156880","ipcas_21:73:33","143","0","3882","LIED12CTRL/LLN0$Status","1234","5678",""
"12313","65.121653006","ipcas_21:73:33","143","0","3883","LIED12CTRL/LLN0$Status","1234","5678",""
"12314","65.124167892","ipcas_21:73:33","143","0","3884","LIED12CTRL/LLN0$Status","1234","5678",""
"12315","65.126601083","ipcas_21:73:33","143","0","3885","LIED12CTRL/LLN0$Status","1234","5678",""
"12316","65.129173359","ipcas_21:73:33","143","0","3886","LIED12CTRL/LLN0$Status","1234","5678",""
"12317","65.131656103","ipcas_21:73:33","143","0","3887","LIED12CTRL/LLN0$Status","1234","5678",""
"12318","65.134214280","ipcas_21:73:33","143","0","3888","LIED12CTRL/LLN0$Status","1234","5678",""
"12319","65.136647013","ipcas_21:73:33","143","0","3889","LIED12CTRL/LLN0$Status","1234","5678",""
"12320","65.139201900","ipcas_21:73:33","143","0","3890","LIED12CTRL/LLN0$Status","1234","5678",""
"12321","65.141665175","ipcas_21:73:33","143","0","3891","LIED12CTRL/LLN0$Status","1234","5678",""
"12322","65.144141875","ipcas_21:73:33","143","0","3892","LIED12CTRL/LLN0$Status","1234","5678",""
"12323","65.146657527","ipcas_21:73:33","143","0","3893","LIED12CTRL/LLN0$Status","1234","5678",""
"12324","65.149035368","ipcas_21:73:33","143","0","3894","LIED12CTRL/LLN0$Status","1234","5678",""
"12325","65.151654836","ipcas_21:73:33","143","0","3895","LIED12CTRL/LLN0$Status","1234","5678",""
"12326","65.155160756","ipcas_21:73:33","143","0","3896","LIED12CTRL/LLN0$Status","1234","5678",""
"12327","65.156713886","ipcas_21:73:33","143","0","3897","LIED12CTRL/LLN0$Status","1234","5678",""
"12328","65.159181482","ipcas_21:73:33","143","0","3898","LIED12CTRL/LLN0$Status","1234","5678",""
"12329","65.161711411","ipcas_21:73:33","143","0","3899","LIED12CTRL/LLN0$Status","1234","5678",""
"12330","65.164168539","ipcas_21:73:33","143","0","3900","LIED12CTRL/LLN0$Status","1234","5678",""
"12331","65.166712612","ipcas_21:73:33","143","0","3901","LIED12CTRL/LLN0$Status","1234","5678",""
"12332","65.169162510","ipcas_21:73:33","143","0","3902","LIED12CTRL/LLN0$Status","1234","5678",""
"12333","65.171674445","ipcas_21:73:33","143","0","3903","LIED12CTRL/LLN0$Status","1234","5678",""
"12334","65.174199165","ipcas_21:73:33","143","0","3904","LIED12CTRL/LLN0$Status","1234","5678",""
"12335","65.176672251","ipcas_21:73:33","143","0","3905","LIED12CTRL/LLN0$Status","1234","5678",""
"12336","65.179185573","ipcas_21:73:33","143","0","3906","LIED12CTRL/LLN0$Status","1234","5678",""
"12337","65.181727042","ipcas_21:73:33","143","0","3907","LIED12CTRL/LLN0$Status","1234","5678",""
"12338","65.184159510","ipcas_21:73:33","143","0","3908","LIED12CTRL/LLN0$Status","1234","5678",""
"12339","65.186686284","ipcas_21:73:33","143","0","3909","LIED12CTRL/LLN0$Status","1234","5678",""
"12340","65.189106879","ipcas_21:73:33","143","0","3910","LIED12CTRL/LLN0$Status","1234","5678",""
"12341","65.191736280","ipcas_21:73:33","143","0","3911","LIED12CTRL/LLN0$Status","1234","5678",""
"12342","65.194202226","ipcas_21:73:33","143","0","3912","LIED12CTRL/LLN0$Status","1234","5678",""
"12343","65.196658947","ipcas_21:73:33","143","0","3913","LIED12CTRL/LLN0$Status","1234","5678",""
"12344","65.199168443","ipcas_21:73:33","143","0","3914","LIED12CTRL/LLN0$Status","1234","5678",""
"12345","65.201529113","ipcas_21:73:33","143","0","3915","LIED12CTRL/LLN0$Status","1234","5678",""
"12346","65.204167428","ipcas_21:73:33","143","0","3916","LIED12CTRL/LLN0$Status","1234","5678",""
"12347","65.206683562","ipcas_21:73:33","143","0","3917","LIED12CTRL/LLN0$Status","1234","5678",""
"12348","65.209186304","ipcas_21:73:33","143","0","3918","LIED12CTRL/LLN0$Status","1234","5678",""
"12349","65.211713147","ipcas_21:73:33","143","0","3919","LIED12CTRL/LLN0$Status","1234","5678",""
"12350","65.214517735","ipcas_21:73:33","143","0","3920","LIED12CTRL/LLN0$Status","1234","5678",""
"12351","65.216658294","ipcas_21:73:33","143","0","3921","LIED12CTRL/LLN0$Status","1234","5678",""
"12352","65.219164505","ipcas_21:73:33","143","0","3922","LIED12CTRL/LLN0$Status","1234","5678",""
"12353","65.221704683","ipcas_21:73:33","143","0","3923","LIED12CTRL/LLN0$Status","1234","5678",""
"12354","65.224198876","ipcas_21:73:33","143","0","3924","LIED12CTRL/LLN0$Status","1234","5678",""
"12355","65.226478097","ipcas_21:73:33","143","0","3925","LIED12CTRL/LLN0$Status","1234","5678",""
"12356","65.229249329","ipcas_21:73:33","143","0","3926","LIED12CTRL/LLN0$Status","1234","5678",""
"12357","65.231666182","ipcas_21:73:33","143","0","3927","LIED12CTRL/LLN0$Status","1234","5678",""
"12358","65.234191380","ipcas_21:73:33","143","0","3928","LIED12CTRL/LLN0$Status","1234","5678",""
"12359","65.236672056","ipcas_21:73:33","143","0","3929","LIED12CTRL/LLN0$Status","1234","5678",""
"12360","65.239172702","ipcas_21:73:33","143","0","3930","LIED12CTRL/LLN0$Status","1234","5678",""
"12361","65.241755743","ipcas_21:73:33","143","0","3931","LIED12CTRL/LLN0$Status","1234","5678",""
"12362","65.244197695","ipcas_21:73:33","143","0","3932","LIED12CTRL/LLN0$Status","1234","5678",""
"12363","65.246668345","ipcas_21:73:33","143","0","3933","LIED12CTRL/LLN0$Status","1234","5678",""
"12365","65.249212287","ipcas_21:73:33","143","0","3934","LIED12CTRL/LLN0$Status","1234","5678",""
"12366","65.251844770","ipcas_21:73:33","143","0","3935","LIED12CTRL/LLN0$Status","1234","5678",""
"12367","65.255549520","ipcas_21:73:33","143","0","3936","LIED12CTRL/LLN0$Status","1234","5678",""
"12368","65.259300710","ipcas_21:73:33","143","0","3937","LIED12CTRL/LLN0$Status","1234","5678",""
"12369","65.261746695","ipcas_21:73:33","143","0","3938","LIED12CTRL/LLN0$Status","1234","5678",""
"12370","65.264212156","ipcas_21:73:33","143","0","3939","LIED12CTRL/LLN0$Status","1234","5678",""
"12371","65.266937065","ipcas_21:73:33","143","0","3940","LIED12CTRL/LLN0$Status","1234","5678",""
"12372","65.270585408","ipcas_21:73:33","143","0","3941","LIED12CTRL/LLN0$Status","1234","5678",""
"12373","65.273402428","ipcas_21:73:33","143","0","3942","LIED12CTRL/LLN0$Status","1234","5678",""
"12374","65.276988324","ipcas_21:73:33","143","0","3943","LIED12CTRL/LLN0$Status","1234","5678",""
"12375","65.280530525","ipcas_21:73:33","143","0","3944","LIED12CTRL/LLN0$Status","1234","5678",""
"12376","65.284306998","ipcas_21:73:33","143","0","3945","LIED12CTRL/LLN0$Status","1234","5678",""
"12377","65.288038990","ipcas_21:73:33","143","0","3946","LIED12CTRL/LLN0$Status","1234","5678",""
"12378","65.291839230","ipcas_21:73:33","143","0","3947","LIED12CTRL/LLN0$Status","1234","5678",""
"12379","65.294390273","ipcas_21:73:33","143","0","3948","LIED12CTRL/LLN0$Status","1234","5678",""
"12380","65.298086400","ipcas_21:73:33","143","0","3949","LIED12CTRL/LLN0$Status","1234","5678",""
"12381","65.301836128","ipcas_21:73:33","143","0","3950","LIED12CTRL/LLN0$Status","1234","5678",""
"12382","65.304170726","ipcas_21:73:33","143","0","3951","LIED12CTRL/LLN0$Status","1234","5678",""
"12383","65.306832894","ipcas_21:73:33","143","0","3952","LIED12CTRL/LLN0$Status","1234","5678",""
"12384","65.307915937","ipcas_21:73:33","149","1","60","LIED10CTRL/LLN0$Status","1","1","0"
"12385","65.308037622","ipcas_21:73:33","146","1","60","LIED10PROT/LLN0$Alarm","1","",""
"12386","65.308862330","ipcas_21:73:33","203","1","60","LIED10MEAS/LLN0$Measurement","312","311","312"
"12387","65.309599456","ipcas_21:73:33","143","0","3953","LIED12CTRL/LLN0$Status","1234","5678",""
"12388","65.313125981","ipcas_21:73:33","143","0","3954","LIED12CTRL/LLN0$Status","1234","5678",""
"12389","65.315625272","ipcas_21:73:33","143","0","3955","LIED12CTRL/LLN0$Status","1234","5678",""
"12390","65.318077230","ipcas_21:73:33","143","0","3956","LIED12CTRL/LLN0$Status","1234","5678",""
"12392","65.320581362","ipcas_21:73:33","143","0","3957","LIED12CTRL/LLN0$Status","1234","5678",""
"12395","65.324398108","ipcas_21:73:33","143","0","3958","LIED12CTRL/LLN0$Status","1234","5678",""
"12399","65.326832065","ipcas_21:73:33","143","0","3959","LIED12CTRL/LLN0$Status","1234","5678",""
"12400","65.329313510","ipcas_21:73:33","143","0","3960","LIED12CTRL/LLN0$Status","1234","5678",""
"12404","65.331788737","ipcas_21:73:33","143","0","3961","LIED12CTRL/LLN0$Status","1234","5678",""
"12405","65.334286801","ipcas_21:73:33","143","0","3962","LIED12CTRL/LLN0$Status","1234","5678",""
"12406","65.336856523","ipcas_21:73:33","143","0","3963","LIED12CTRL/LLN0$Status","1234","5678",""
"12407","65.339343153","ipcas_21:73:33","143","0","3964","LIED12CTRL/LLN0$Status","1234","5678",""
"12408","65.341823531","ipcas_21:73:33","143","0","3965","LIED12CTRL/LLN0$Status","1234","5678",""
"12409","65.344401558","ipcas_21:73:33","143","0","3966","LIED12CTRL/LLN0$Status","1234","5678",""
"12410","65.348167357","ipcas_21:73:33","143","0","3967","LIED12CTRL/LLN0$Status","1234","5678",""
"12411","65.351980689","ipcas_21:73:33","143","0","3968","LIED12CTRL/LLN0$Status","1234","5678",""
"12412","65.354329743","ipcas_21:73:33","143","0","3969","LIED12CTRL/LLN0$Status","1234","5678",""
"12416","65.356857357","ipcas_21:73:33","143","0","3970","LIED12CTRL/LLN0$Status","1234","5678",""
"12417","65.360637362","ipcas_21:73:33","143","0","3971","LIED12CTRL/LLN0$Status","1234","5678",""
"12418","65.363038157","ipcas_21:73:33","143","0","3972","LIED12CTRL/LLN0$Status","1234","5678",""
"12422","65.367276289","ipcas_21:73:33","143","0","3973","LIED12CTRL/LLN0$Status","1234","5678",""
"12423","65.370585552","ipcas_21:73:33","143","0","3974","LIED12CTRL/LLN0$Status","1234","5678",""
"12427","65.374174328","ipcas_21:73:33","143","0","3975","LIED12CTRL/LLN0$Status","1234","5678",""
"12431","65.376770313","ipcas_21:73:33","143","0","3976","LIED12CTRL/LLN0$Status","1234","5678",""
"12435","65.380560940","ipcas_21:73:33","143","0","3977","LIED12CTRL/LLN0$Status","1234","5678",""
"12439","65.382890410","ipcas_21:73:33","143","0","3978","LIED12CTRL/LLN0$Status","1234","5678",""
"12440","65.385591146","ipcas_21:73:33","143","0","3979","LIED12CTRL/LLN0$Status","1234","5678",""
"12441","65.388071970","ipcas_21:73:33","143","0","3980","LIED12CTRL/LLN0$Status","1234","5678",""
"12442","65.390560491","ipcas_21:73:33","143","0","3981","LIED12CTRL/LLN0$Status","1234","5678",""
"12443","65.393059687","ipcas_21:73:33","143","0","3982","LIED12CTRL/LLN0$Status","1234","5678",""
"12444","65.395563116","ipcas_21:73:33","143","0","3983","LIED12CTRL/LLN0$Status","1234","5678",""
"12445","65.398217517","ipcas_21:73:33","143","0","3984","LIED12CTRL/LLN0$Status","1234","5678",""
"12446","65.401676727","ipcas_21:73:33","143","0","3985","LIED12CTRL/LLN0$Status","1234","5678",""
"12447","65.404196917","ipcas_21:73:33","143","0","3986","LIED12CTRL/LLN0$Status","1234","5678",""
"12448","65.406674431","ipcas_21:73:33","143","0","3987","LIED12CTRL/LLN0$Status","1234","5678",""
"12449","65.409168773","ipcas_21:73:33","143","0","3988","LIED12CTRL/LLN0$Status","1234","5678",""
"12450","65.411716286","ipcas_21:73:33","143","0","3989","LIED12CTRL/LLN0$Status","1234","5678",""
"12451","65.414527014","ipcas_21:73:33","143","0","3990","LIED12CTRL/LLN0$Status","1234","5678",""
"12452","65.416663030","ipcas_21:73:33","143","0","3991","LIED12CTRL/LLN0$Status","1234","5678",""
"12453","65.419249434","ipcas_21:73:33","143","0","3992","LIED12CTRL/LLN0$Status","1234","5678",""
"12454","65.421785227","ipcas_21:73:33","143","0","3993","LIED12CTRL/LLN0$Status","1234","5678",""
"12455","65.424313218","ipcas_21:73:33","143","0","3994","LIED12CTRL/LLN0$Status","1234","5678",""
"12456","65.426780363","ipcas_21:73:33","143","0","3995","LIED12CTRL/LLN0$Status","1234","5678",""
"12457","65.429362438","ipcas_21:73:33","143","0","3996","LIED12CTRL/LLN0$Status","1234","5678",""
"12458","65.431820572","ipcas_21:73:33","143","0","3997","LIED12CTRL/LLN0$Status","1234","5678",""
"12459","65.434184444","ipcas_21:73:33","143","0","3998","LIED12CTRL/LLN0$Status","1234","5678",""
"12460","65.436714137","ipcas_21:73:33","143","0","3999","LIED12CTRL/LLN0$Status","1234","5678",""
"12461","65.439360122","ipcas_21:73:33","143","0","4000","LIED12CTRL/LLN0$Status","1234","5678",""
"12462","65.441732765","ipcas_21:73:33","143","0","4001","LIED12CTRL/LLN0$Status","1234","5678",""
"12463","65.444267362","ipcas_21:73:33","143","0","4002","LIED12CTRL/LLN0$Status","1234","5678",""
"12464","65.446854898","ipcas_21:73:33","143","0","4003","LIED12CTRL/LLN0$Status","1234","5678",""
"12465","65.449359580","ipcas_21:73:33","143","0","4004","LIED12CTRL/LLN0$Status","1234","5678",""
"12466","65.451817442","ipcas_21:73:33","143","0","4005","LIED12CTRL/LLN0$Status","1234","5678",""
"12467","65.454374749","ipcas_21:73:33","143","0","4006","LIED12CTRL/LLN0$Status","1234","5678",""
"12468","65.456862672","ipcas_21:73:33","143","0","4007","LIED12CTRL/LLN0$Status","1234","5678",""
"12469","65.459288855","ipcas_21:73:33","143","0","4008","LIED12CTRL/LLN0$Status","1234","5678",""
"12470","65.461879168","ipcas_21:73:33","143","0","4009","LIED12CTRL/LLN0$Status","1234","5678",""
"12471","65.464373522","ipcas_21:73:33","143","0","4010","LIED12CTRL/LLN0$Status","1234","5678",""
"12472","65.466854187","ipcas_21:73:33","143","0","4011","LIED12CTRL/LLN0$Status","1234","5678",""
"12473","65.469456647","ipcas_21:73:33","143","0","4012","LIED12CTRL/LLN0$Status","1234","5678",""
"12474","65.471950500","ipcas_21:73:33","143","0","4013","LIED12CTRL/LLN0$Status","1234","5678",""
"12475","65.475609907","ipcas_21:73:33","143","0","4014","LIED12CTRL/LLN0$Status","1234","5678",""
"12476","65.478021842","ipcas_21:73:33","143","0","4015","LIED12CTRL/LLN0$Status","1234","5678",""
"12477","65.480515855","ipcas_21:73:33","143","0","4016","LIED12CTRL/LLN0$Status","1234","5678",""
"12478","65.483115765","ipcas_21:73:33","143","0","4017","LIED12CTRL/LLN0$Status","1234","5678",""
"12479","65.485720048","ipcas_21:73:33","143","0","4018","LIED12CTRL/LLN0$Status","1234","5678",""
"12480","65.488013885","ipcas_21:73:33","143","0","4019","LIED12CTRL/LLN0$Status","1234","5678",""
"12481","65.490607557","ipcas_21:73:33","143","0","4020","LIED12CTRL/LLN0$Status","1234","5678",""
"12482","65.493100612","ipcas_21:73:33","143","0","4021","LIED12CTRL/LLN0$Status","1234","5678",""
"12483","65.495605526","ipcas_21:73:33","143","0","4022","LIED12CTRL/LLN0$Status","1234","5678",""
"12484","65.498115701","ipcas_21:73:33","143","0","4023","LIED12CTRL/LLN0$Status","1234","5678",""
"12485","65.500608268","ipcas_21:73:33","143","0","4024","LIED12CTRL/LLN0$Status","1234","5678",""
"12486","65.503122158","ipcas_21:73:33","143","0","4025","LIED12CTRL/LLN0$Status","1234","5678",""
"12487","65.505610951","ipcas_21:73:33","143","0","4026","LIED12CTRL/LLN0$Status","1234","5678",""
"12488","65.508153428","ipcas_21:73:33","143","0","4027","LIED12CTRL/LLN0$Status","1234","5678",""
"12489","65.510652648","ipcas_21:73:33","143","0","4028","LIED12CTRL/LLN0$Status","1234","5678",""
"12490","65.513125586","ipcas_21:73:33","143","0","4029","LIED12CTRL/LLN0$Status","1234","5678",""
"12491","65.515632380","ipcas_21:73:33","143","0","4030","LIED12CTRL/LLN0$Status","1234","5678",""
"12492","65.518071561","ipcas_21:73:33","143","0","4031","LIED12CTRL/LLN0$Status","1234","5678",""
"12493","65.520639973","ipcas_21:73:33","143","0","4032","LIED12CTRL/LLN0$Status","1234","5678",""
"12494","65.523127994","ipcas_21:73:33","143","0","4033","LIED12CTRL/LLN0$Status","1234","5678",""
"12495","65.525606666","ipcas_21:73:33","143","0","4034","LIED12CTRL/LLN0$Status","1234","5678",""
"12496","65.528120312","ipcas_21:73:33","143","0","4035","LIED12CTRL/LLN0$Status","1234","5678",""
"12497","65.530604741","ipcas_21:73:33","143","0","4036","LIED12CTRL/LLN0$Status","1234","5678",""
"12498","65.533394180","ipcas_21:73:33","143","0","4037","LIED12CTRL/LLN0$Status","1234","5678",""
"12500","65.535716373","ipcas_21:73:33","143","0","4038","LIED12CTRL/LLN0$Status","1234","5678",""
"12501","65.538101906","ipcas_21:73:33","143","0","4039","LIED12CTRL/LLN0$Status","1234","5678",""
"12502","65.540590823","ipcas_21:73:33","143","0","4040","LIED12CTRL/LLN0$Status","1234","5678",""
"12503","65.543116392","ipcas_21:73:33","143","0","4041","LIED12CTRL/LLN0$Status","1234","5678",""
"12504","65.545549228","ipcas_21:73:33","143","0","4042","LIED12CTRL/LLN0$Status","1234","5678",""
"12505","65.548087484","ipcas_21:73:33","143","0","4043","LIED12CTRL/LLN0$Status","1234","5678",""
"12506","65.550582976","ipcas_21:73:33","143","0","4044","LIED12CTRL/LLN0$Status","1234","5678",""
"12507","65.554259002","ipcas_21:73:33","143","0","4045","LIED12CTRL/LLN0$Status","1234","5678",""
"12508","65.556885661","ipcas_21:73:33","143","0","4046","LIED12CTRL/LLN0$Status","1234","5678",""
"12509","65.559297271","ipcas_21:73:33","143","0","4047","LIED12CTRL/LLN0$Status","1234","5678",""
"12510","65.561864585","ipcas_21:73:33","143","0","4048","LIED12CTRL/LLN0$Status","1234","5678",""
"12511","65.564331878","ipcas_21:73:33","143","0","4049","LIED12CTRL/LLN0$Status","1234","5678",""
"12512","65.566906231","ipcas_21:73:33","143","0","4050","LIED12CTRL/LLN0$Status","1234","5678",""
"12513","65.569381960","ipcas_21:73:33","143","0","4051","LIED12CTRL/LLN0$Status","1234","5678",""
"12514","65.571918285","ipcas_21:73:33","143","0","4052","LIED12CTRL/LLN0$Status","1234","5678",""
"12515","65.574410730","ipcas_21:73:33","143","0","4053","LIED12CTRL/LLN0$Status","1234","5678",""
"12516","65.576882235","ipcas_21:73:33","143","0","4054","LIED12CTRL/LLN0$Status","1234","5678",""
"12517","65.579390148","ipcas_21:73:33","143","0","4055","LIED12CTRL/LLN0$Status","1234","5678",""
"12518","65.581891039","ipcas_21:73:33","143","0","4056","LIED12CTRL/LLN0$Status","1234","5678",""
"12519","65.584370790","ipcas_21:73:33","143","0","4057","LIED12CTRL/LLN0$Status","1234","5678",""
"12520","65.586891693","ipcas_21:73:33","143","0","4058","LIED12CTRL/LLN0$Status","1234","5678",""
"12521","65.589361365","ipcas_21:73:33","143","0","4059","LIED12CTRL/LLN0$Status","1234","5678",""
"12522","65.592990928","ipcas_21:73:33","143","0","4060","LIED12CTRL/LLN0$Status","1234","5678",""
"12523","65.595574994","ipcas_21:73:33","143","0","4061","LIED12CTRL/LLN0$Status","1234","5678",""
"12524","65.599346552","ipcas_21:73:33","143","0","4062","LIED12CTRL/LLN0$Status","1234","5678",""
"12525","65.603081814","ipcas_21:73:33","143","0","4063","LIED12CTRL/LLN0$Status","1234","5678",""
"12526","65.605571859","ipcas_21:73:33","143","0","4064","LIED12CTRL/LLN0$Status","1234","5678",""
"12527","65.608133205","ipcas_21:73:33","143","0","4065","LIED12CTRL/LLN0$Status","1234","5678",""
"12528","65.610506253","ipcas_21:73:33","143","0","4066","LIED12CTRL/LLN0$Status","1234","5678",""
"12529","65.613063918","ipcas_21:73:33","143","0","4067","LIED12CTRL/LLN0$Status","1234","5678",""
"12530","65.616812000","ipcas_21:73:33","143","0","4068","LIED12CTRL/LLN0$Status","1234","5678",""
"12531","65.619270919","ipcas_21:73:33","143","0","4069","LIED12CTRL/LLN0$Status","1234","5678",""
"12532","65.621723026","ipcas_21:73:33","143","0","4070","LIED12CTRL/LLN0$Status","1234","5678",""
"12533","65.624224687","ipcas_21:73:33","143","0","4071","LIED12CTRL/LLN0$Status","1234","5678",""
"12534","65.626750593","ipcas_21:73:33","143","0","4072","LIED12CTRL/LLN0$Status","1234","5678",""
"12535","65.629243284","ipcas_21:73:33","143","0","4073","LIED12CTRL/LLN0$Status","1234","5678",""
"12536","65.631751287","ipcas_21:73:33","143","0","4074","LIED12CTRL/LLN0$Status","1234","5678",""
"12537","65.634229140","ipcas_21:73:33","143","0","4075","LIED12CTRL/LLN0$Status","1234","5678",""
"12538","65.636856587","ipcas_21:73:33","143","0","4076","LIED12CTRL/LLN0$Status","1234","5678",""
"12539","65.639267175","ipcas_21:73:33","143","0","4077","LIED12CTRL/LLN0$Status","1234","5678",""
"12540","65.641842231","ipcas_21:73:33","143","0","4078","LIED12CTRL/LLN0$Status","1234","5678",""
"12541","65.644334822","ipcas_21:73:33","143","0","4079","LIED12CTRL/LLN0$Status","1234","5678",""
"12544","65.647379821","ipcas_21:73:33","143","0","4080","LIED12CTRL/LLN0$Status","1234","5678",""
"12545","65.650421190","ipcas_21:73:33","143","0","4081","LIED12CTRL/LLN0$Status","1234","5678",""
"12546","65.653047204","ipcas_21:73:33","143","0","4082","LIED12CTRL/LLN0$Status","1234","5678",""
"12547","65.655541729","ipcas_21:73:33","143","0","4083","LIED12CTRL/LLN0$Status","1234","5678",""
"12548","65.657930432","ipcas_21:73:33","143","0","4084","LIED12CTRL/LLN0$Status","1234","5678",""
"12549","65.660636397","ipcas_21:73:33","143","0","4085","LIED12CTRL/LLN0$Status","1234","5678",""
"12550","65.664123855","ipcas_21:73:33","143","0","4086","LIED12CTRL/LLN0$Status","1234","5678",""
"12551","65.666986115","ipcas_21:73:33","143","0","4087","LIED12CTRL/LLN0$Status","1234","5678",""
"12552","65.669267303","ipcas_21:73:33","143","0","4088","LIED12CTRL/LLN0$Status","1234","5678",""
"12553","65.671676699","ipcas_21:73:33","143","0","4089","LIED12CTRL/LLN0$Status","1234","5678",""
"12554","65.674259058","ipcas_21:73:33","143","0","4090","LIED12CTRL/LLN0$Status","1234","5678",""
"12555","65.676883521","ipcas_21:73:33","143","0","4091","LIED12CTRL/LLN0$Status","1234","5678",""
"12556","65.679217582","ipcas_21:73:33","143","0","4092","LIED12CTRL/LLN0$Status","1234","5678",""
"12557","65.681820054","ipcas_21:73:33","143","0","4093","LIED12CTRL/LLN0$Status","1234","5678",""
"12558","65.684351926","ipcas_21:73:33","143","0","4094","LIED12CTRL/LLN0$Status","1234","5678",""
"12559","65.686734289","ipcas_21:73:33","143","0","4095","LIED12CTRL/LLN0$Status","1234","5678",""
"12560","65.689364734","ipcas_21:73:33","143","0","4096","LIED12CTRL/LLN0$Status","1234","5678",""
"12561","65.691783149","ipcas_21:73:33","143","0","4097","LIED12CTRL/LLN0$Status","1234","5678",""
"12562","65.694328631","ipcas_21:73:33","143","0","4098","LIED12CTRL/LLN0$Status","1234","5678",""
"12563","65.696795298","ipcas_21:73:33","143","0","4099","LIED12CTRL/LLN0$Status","1234","5678",""
"12564","65.699207360","ipcas_21:73:33","143","0","4100","LIED12CTRL/LLN0$Status","1234","5678",""
"12565","65.701780766","ipcas_21:73:33","143","0","4101","LIED12CTRL/LLN0$Status","1234","5678",""
"12566","65.704317724","ipcas_21:73:33","143","0","4102","LIED12CTRL/LLN0$Status","1234","5678",""
"12567","65.706774815","ipcas_21:73:33","143","0","4103","LIED12CTRL/LLN0$Status","1234","5678",""
"12568","65.709255558","ipcas_21:73:33","143","0","4104","LIED12CTRL/LLN0$Status","1234","5678",""
"12569","65.711809471","ipcas_21:73:33","143","0","4105","LIED12CTRL/LLN0$Status","1234","5678",""
"12570","65.714503025","ipcas_21:73:33","143","0","4106","LIED12CTRL/LLN0$Status","1234","5678",""
"12571","65.718068636","ipcas_21:73:33","143","0","4107","LIED12CTRL/LLN0$Status","1234","5678",""
"12572","65.720774362","ipcas_21:73:33","143","0","4108","LIED12CTRL/LLN0$Status","1234","5678",""
"12573","65.723072976","ipcas_21:73:33","143","0","4109","LIED12CTRL/LLN0$Status","1234","5678",""
"12574","65.725569702","ipcas_21:73:33","143","0","4110","LIED12CTRL/LLN0$Status","1234","5678",""
"12575","65.728054734","ipcas_21:73:33","143","0","4111","LIED12CTRL/LLN0$Status","1234","5678",""
"12576","65.730787478","ipcas_21:73:33","143","0","4112","LIED12CTRL/LLN0$Status","1234","5678",""
"12577","65.734366111","ipcas_21:73:33","143","0","4113","LIED12CTRL/LLN0$Status","1234","5678",""
"12578","65.736866092","ipcas_21:73:33","143","0","4114","LIED12CTRL/LLN0$Status","1234","5678",""
"12579","65.739397429","ipcas_21:73:33","143","0","4115","LIED12CTRL/LLN0$Status","1234","5678",""
"12580","65.741907618","ipcas_21:73:33","143","0","4116","LIED12CTRL/LLN0$Status","1234","5678",""
"12581","65.744579216","ipcas_21:73:33","143","0","4117","LIED12CTRL/LLN0$Status","1234","5678",""
"12582","65.746956267","ipcas_21:73:33","143","0","4118","LIED12CTRL/LLN0$Status","1234","5678",""
"12583","65.749447865","ipcas_21:73:33","143","0","4119","LIED12CTRL/LLN0$Status","1234","5678",""
"12584","65.753114952","ipcas_21:73:33","143","0","4120","LIED12CTRL/LLN0$Status","1234","5678",""
"12585","65.755604234","ipcas_21:73:33","143","0","4121","LIED12CTRL/LLN0$Status","1234","5678",""
"12586","65.758245259","ipcas_21:73:33","143","0","4122","LIED12CTRL/LLN0$Status","1234","5678",""
"12587","65.760618350","ipcas_21:73:33","143","0","4123","LIED12CTRL/LLN0$Status","1234","5678",""
"12588","65.763125505","ipcas_21:73:33","143","0","4124","LIED12CTRL/LLN0$Status","1234","5678",""
"12589","65.765622263","ipcas_21:73:33","143","0","4125","LIED12CTRL/LLN0$Status","1234","5678",""
"12590","65.768121526","ipcas_21:73:33","143","0","4126","LIED12CTRL/LLN0$Status","1234","5678",""
"12591","65.770624104","ipcas_21:73:33","143","0","4127","LIED12CTRL/LLN0$Status","1234","5678",""
"12592","65.773335783","ipcas_21:73:33","143","0","4128","LIED12CTRL/LLN0$Status","1234","5678",""
"12593","65.776962705","ipcas_21:73:33","143","0","4129","LIED12CTRL/LLN0$Status","1234","5678",""
"12594","65.779465196","ipcas_21:73:33","143","0","4130","LIED12CTRL/LLN0$Status","1234","5678",""
"12595","65.783216147","ipcas_21:73:33","143","0","4131","LIED12CTRL/LLN0$Status","1234","5678",""
"12596","65.786964575","ipcas_21:73:33","143","0","4132","LIED12CTRL/LLN0$Status","1234","5678",""
"12597","65.790710150","ipcas_21:73:33","143","0","4133","LIED12CTRL/LLN0$Status","1234","5678",""
"12598","65.793121353","ipcas_21:73:33","143","0","4134","LIED12CTRL/LLN0$Status","1234","5678",""
"12599","65.796856177","ipcas_21:73:33","143","0","4135","LIED12CTRL/LLN0$Status","1234","5678",""
"12600","65.799379282","ipcas_21:73:33","143","0","4136","LIED12CTRL/LLN0$Status","1234","5678",""
"12601","65.803127052","ipcas_21:73:33","143","0","4137","LIED12CTRL/LLN0$Status","1234","5678",""
"12602","65.805631785","ipcas_21:73:33","143","0","4138","LIED12CTRL/LLN0$Status","1234","5678",""
"12603","65.809376167","ipcas_21:73:33","143","0","4139","LIED12CTRL/LLN0$Status","1234","5678",""
"12604","65.813120639","ipcas_21:73:33","143","0","4140","LIED12CTRL/LLN0$Status","1234","5678",""
"12605","65.815627103","ipcas_21:73:33","143","0","4141","LIED12CTRL/LLN0$Status","1234","5678",""
"12606","65.819376841","ipcas_21:73:33","143","0","4142","LIED12CTRL/LLN0$Status","1234","5678",""
"12607","65.823219979","ipcas_21:73:33","143","0","4143","LIED12CTRL/LLN0$Status","1234","5678",""
"12608","65.826869286","ipcas_21:73:33","143","0","4144","LIED12CTRL/LLN0$Status","1234","5678",""
"12609","65.829473024","ipcas_21:73:33","143","0","4145","LIED12CTRL/LLN0$Status","1234","5678",""
"12610","65.833137809","ipcas_21:73:33","143","0","4146","LIED12CTRL/LLN0$Status","1234","5678",""
"12614","65.835971788","ipcas_21:73:33","143","0","4147","LIED12CTRL/LLN0$Status","1234","5678",""
"12615","65.839211515","ipcas_21:73:33","143","0","4148","LIED12CTRL/LLN0$Status","1234","5678",""
"12616","65.841851393","ipcas_21:73:33","143","0","4149","LIED12CTRL/LLN0$Status","1234","5678",""
"12620","65.845594532","ipcas_21:73:33","143","0","4150","LIED12CTRL/LLN0$Status","1234","5678",""
"12621","65.848000568","ipcas_21:73:33","143","0","4151","LIED12CTRL/LLN0$Status","1234","5678",""
"12622","65.850480113","ipcas_21:73:33","143","0","4152","LIED12CTRL/LLN0$Status","1234","5678",""
"12623","65.853102779","ipcas_21:73:33","143","0","4153","LIED12CTRL/LLN0$Status","1234","5678",""
"12627","65.856970326","ipcas_21:73:33","143","0","4154","LIED12CTRL/LLN0$Status","1234","5678",""
"12628","65.860630086","ipcas_21:73:33","143","0","4155","LIED12CTRL/LLN0$Status","1234","5678",""
"12629","65.863026388","ipcas_21:73:33","143","0","4156","LIED12CTRL/LLN0$Status","1234","5678",""
"12633","65.865738748","ipcas_21:73:33","143","0","4157","LIED12CTRL/LLN0$Status","1234","5678",""
"12640","65.876453285","ipcas_21:73:33","143","0","4158","LIED12CTRL/LLN0$Status","1234","5678",""
"12646","65.879463405","ipcas_21:73:33","143","0","4159","LIED12CTRL/LLN0$Status","1234","5678",""
"12647","65.882930808","ipcas_21:73:33","143","0","4160","LIED12CTRL/LLN0$Status","1234","5678",""
"12648","65.885432374","ipcas_21:73:33","143","0","4161","LIED12CTRL/LLN0$Status","1234","5678",""
"12649","65.887960479","ipcas_21:73:33","143","0","4162","LIED12CTRL/LLN0$Status","1234","5678",""
"12650","65.890477359","ipcas_21:73:33","143","0","4163","LIED12CTRL/LLN0$Status","1234","5678",""
"12651","65.892945313","ipcas_21:73:33","143","0","4164","LIED12CTRL/LLN0$Status","1234","5678",""
"12652","65.895520928","ipcas_21:73:33","143","0","4165","LIED12CTRL/LLN0$Status","1234","5678",""
"12653","65.898060700","ipcas_21:73:33","143","0","4166","LIED12CTRL/LLN0$Status","1234","5678",""
"12654","65.900532811","ipcas_21:73:33","143","0","4167","LIED12CTRL/LLN0$Status","1234","5678",""
"12655","65.902981776","ipcas_21:73:33","143","0","4168","LIED12CTRL/LLN0$Status","1234","5678",""
"12656","65.905430983","ipcas_21:73:33","143","0","4169","LIED12CTRL/LLN0$Status","1234","5678",""
"12657","65.907950521","ipcas_21:73:33","143","0","4170","LIED12CTRL/LLN0$Status","1234","5678",""
"12658","65.910685594","ipcas_21:73:33","143","0","4171","LIED12CTRL/LLN0$Status","1234","5678",""
"12659","65.915183165","ipcas_21:73:33","143","0","4172","LIED12CTRL/LLN0$Status","1234","5678",""
"12660","65.918020797","ipcas_21:73:33","143","0","4173","LIED12CTRL/LLN0$Status","1234","5678",""
"12661","65.921957545","ipcas_21:73:33","143","0","4174","LIED12CTRL/LLN0$Status","1234","5678",""
"12662","65.925626355","ipcas_21:73:33","143","0","4175","LIED12CTRL/LLN0$Status","1234","5678",""
"12663","65.929280019","ipcas_21:73:33","143","0","4176","LIED12CTRL/LLN0$Status","1234","5678",""
"12664","65.931719894","ipcas_21:73:33","143","0","4177","LIED12CTRL/LLN0$Status","1234","5678",""
"12665","65.934323686","ipcas_21:73:33","143","0","4178","LIED12CTRL/LLN0$Status","1234","5678",""
"12666","65.938041657","ipcas_21:73:33","143","0","4179","LIED12CTRL/LLN0$Status","1234","5678",""
"12667","65.940474961","ipcas_21:73:33","143","0","4180","LIED12CTRL/LLN0$Status","1234","5678",""
"12668","65.944348135","ipcas_21:73:33","143","0","4181","LIED12CTRL/LLN0$Status","1234","5678",""
"12669","65.947006105","ipcas_21:73:33","143","0","4182","LIED12CTRL/LLN0$Status","1234","5678",""
"12670","65.950492924","ipcas_21:73:33","143","0","4183","LIED12CTRL/LLN0$Status","1234","5678",""
"12671","65.953106290","ipcas_21:73:33","143","0","4184","LIED12CTRL/LLN0$Status","1234","5678",""
"12672","65.955538971","ipcas_21:73:33","143","0","4185","LIED12CTRL/LLN0$Status","1234","5678",""
"12673","65.957911581","ipcas_21:73:33","143","0","4186","LIED12CTRL/LLN0$Status","1234","5678",""
"12674","65.960485633","ipcas_21:73:33","143","0","4187","LIED12CTRL/LLN0$Status","1234","5678",""
"12675","65.963056226","ipcas_21:73:33","143","0","4188","LIED12CTRL/LLN0$Status","1234","5678",""
"12676","65.965501971","ipcas_21:73:33","143","0","4189","LIED12CTRL/LLN0$Status","1234","5678",""
"12677","65.967958954","ipcas_21:73:33","143","0","4190","LIED12CTRL/LLN0$Status","1234","5678",""
"12678","65.970555638","ipcas_21:73:33","143","0","4191","LIED12CTRL/LLN0$Status","1234","5678",""
"12679","65.973263895","ipcas_21:73:33","143","0","4192","LIED12CTRL/LLN0$Status","1234","5678",""
"12680","65.976778052","ipcas_21:73:33","143","0","4193","LIED12CTRL/LLN0$Status","1234","5678",""
"12681","65.979417857","ipcas_21:73:33","143","0","4194","LIED12CTRL/LLN0$Status","1234","5678",""
"12682","65.981906574","ipcas_21:73:33","143","0","4195","LIED12CTRL/LLN0$Status","1234","5678",""
"12683","65.984218458","ipcas_21:73:33","143","0","4196","LIED12CTRL/LLN0$Status","1234","5678",""
"12684","65.986714475","ipcas_21:73:33","143","0","4197","LIED12CTRL/LLN0$Status","1234","5678",""
"12685","65.989276649","ipcas_21:73:33","143","0","4198","LIED12CTRL/LLN0$Status","1234","5678",""
"12686","65.991744110","ipcas_21:73:33","143","0","4199","LIED12CTRL/LLN0$Status","1234","5678",""
"12687","65.994517650","ipcas_21:73:33","143","0","4200","LIED12CTRL/LLN0$Status","1234","5678",""
"12688","65.996896283","ipcas_21:73:33","143","0","4201","LIED12CTRL/LLN0$Status","1234","5678",""
"12689","65.999247948","ipcas_21:73:33","143","0","4202","LIED12CTRL/LLN0$Status","1234","5678",""
"12690","66.002015875","ipcas_21:73:33","143","0","4203","LIED12CTRL/LLN0$Status","1234","5678",""
"12691","66.004270135","ipcas_21:73:33","143","0","4204","LIED12CTRL/LLN0$Status","1234","5678",""
"12692","66.006730550","ipcas_21:73:33","143","0","4205","LIED12CTRL/LLN0$Status","1234","5678",""
"12693","66.009283544","ipcas_21:73:33","143","0","4206","LIED12CTRL/LLN0$Status","1234","5678",""
"12694","66.011657751","ipcas_21:73:33","143","0","4207","LIED12CTRL/LLN0$Status","1234","5678",""
"12695","66.015036208","ipcas_21:73:33","143","0","4208","LIED12CTRL/LLN0$Status","1234","5678",""
"12696","66.016779729","ipcas_21:73:33","143","0","4209","LIED12CTRL/LLN0$Status","1234","5678",""
"12697","66.019186781","ipcas_21:73:33","143","0","4210","LIED12CTRL/LLN0$Status","1234","5678",""
"12698","66.023112597","ipcas_21:73:33","143","0","4211","LIED12CTRL/LLN0$Status","1234","5678",""
"12699","66.025483283","ipcas_21:73:33","143","0","4212","LIED12CTRL/LLN0$Status","1234","5678",""
"12700","66.027950552","ipcas_21:73:33","143","0","4213","LIED12CTRL/LLN0$Status","1234","5678",""
"12701","66.030567961","ipcas_21:73:33","143","0","4214","LIED12CTRL/LLN0$Status","1234","5678",""
"12702","66.034274922","ipcas_21:73:33","143","0","4215","LIED12CTRL/LLN0$Status","1234","5678",""
"12703","66.036897109","ipcas_21:73:33","143","0","4216","LIED12CTRL/LLN0$Status","1234","5678",""
"12704","66.039404641","ipcas_21:73:33","143","0","4217","LIED12CTRL/LLN0$Status","1234","5678",""
"12705","66.043060031","ipcas_21:73:33","143","0","4218","LIED12CTRL/LLN0$Status","1234","5678",""
"12706","66.045618334","ipcas_21:73:33","143","0","4219","LIED12CTRL/LLN0$Status","1234","5678",""
"12707","66.049493891","ipcas_21:73:33","143","0","4220","LIED12CTRL/LLN0$Status","1234","5678",""
"12708","66.053026838","ipcas_21:73:33","143","0","4221","LIED12CTRL/LLN0$Status","1234","5678",""
"12709","66.055482088","ipcas_21:73:33","143","0","4222","LIED12CTRL/LLN0$Status","1234","5678",""
"12710","66.058007074","ipcas_21:73:33","143","0","4223","LIED12CTRL/LLN0$Status","1234","5678",""
"12711","66.060586606","ipcas_21:73:33","143","0","4224","LIED12CTRL/LLN0$Status","1234","5678",""
"12712","66.062965509","ipcas_21:73:33","143","0","4225","LIED12CTRL/LLN0$Status","1234","5678",""
"12713","66.065607504","ipcas_21:73:33","143","0","4226","LIED12CTRL/LLN0$Status","1234","5678",""
"12714","66.069341429","ipcas_21:73:33","143","0","4227","LIED12CTRL/LLN0$Status","1234","5678",""
"12715","66.073522189","ipcas_21:73:33","143","0","4228","LIED12CTRL/LLN0$Status","1234","5678",""
"12716","66.076789527","ipcas_21:73:33","143","0","4229","LIED12CTRL/LLN0$Status","1234","5678",""
"12717","66.079468672","ipcas_21:73:33","143","0","4230","LIED12CTRL/LLN0$Status","1234","5678",""
"12718","66.081760336","ipcas_21:73:33","143","0","4231","LIED12CTRL/LLN0$Status","1234","5678",""
"12719","66.084394000","ipcas_21:73:33","143","0","4232","LIED12CTRL/LLN0$Status","1234","5678",""
"12720","66.086702377","ipcas_21:73:33","143","0","4233","LIED12CTRL/LLN0$Status","1234","5678",""
"12721","66.089304058","ipcas_21:73:33","143","0","4234","LIED12CTRL/LLN0$Status","1234","5678",""
"12722","66.091776753","ipcas_21:73:33","143","0","4235","LIED12CTRL/LLN0$Status","1234","5678",""
"12723","66.094209924","ipcas_21:73:33","143","0","4236","LIED12CTRL/LLN0$Status","1234","5678",""
"12724","66.096771587","ipcas_21:73:33","143","0","4237","LIED12CTRL/LLN0$Status","1234","5678",""
"12725","66.099282903","ipcas_21:73:33","143","0","4238","LIED12CTRL/LLN0$Status","1234","5678",""
"12726","66.101893345","ipcas_21:73:33","143","0","4239","LIED12CTRL/LLN0$Status","1234","5678",""
"12727","66.104345756","ipcas_21:73:33","143","0","4240","LIED12CTRL/LLN0$Status","1234","5678",""
"12728","66.108271375","ipcas_21:73:33","143","0","4241","LIED12CTRL/LLN0$Status","1234","5678",""
"12729","66.110630795","ipcas_21:73:33","143","0","4242","LIED12CTRL/LLN0$Status","1234","5678",""
"12730","66.113084171","ipcas_21:73:33","143","0","4243","LIED12CTRL/LLN0$Status","1234","5678",""
"12731","66.116824860","ipcas_21:73:33","143","0","4244","LIED12CTRL/LLN0$Status","1234","5678",""
"12732","66.119267322","ipcas_21:73:33","143","0","4245","LIED12CTRL/LLN0$Status","1234","5678",""
"12733","66.121726105","ipcas_21:73:33","143","0","4246","LIED12CTRL/LLN0$Status","1234","5678",""
"12734","66.124408299","ipcas_21:73:33","143","0","4247","LIED12CTRL/LLN0$Status","1234","5678",""
"12735","66.126844490","ipcas_21:73:33","143","0","4248","LIED12CTRL/LLN0$Status","1234","5678",""
"12736","66.129341679","ipcas_21:73:33","143","0","4249","LIED12CTRL/LLN0$Status","1234","5678",""
"12737","66.131721233","ipcas_21:73:33","143","0","4250","LIED12CTRL/LLN0$Status","1234","5678",""
"12738","66.134225329","ipcas_21:73:33","143","0","4251","LIED12CTRL/LLN0$Status","1234","5678",""
"12739","66.136919175","ipcas_21:73:33","143","0","4252","LIED12CTRL/LLN0$Status","1234","5678",""
"12740","66.139223820","ipcas_21:73:33","143","0","4253","LIED12CTRL/LLN0$Status","1234","5678",""
"12741","66.141718996","ipcas_21:73:33","143","0","4254","LIED12CTRL/LLN0$Status","1234","5678",""
"12742","66.144219839","ipcas_21:73:33","143","0","4255","LIED12CTRL/LLN0$Status","1234","5678",""
"12743","66.146768433","ipcas_21:73:33","143","0","4256","LIED12CTRL/LLN0$Status","1234","5678",""
"12744","66.149621538","ipcas_21:73:33","143","0","4257","LIED12CTRL/LLN0$Status","1234","5678",""
"12745","66.151978000","ipcas_21:73:33","143","0","4258","LIED12CTRL/LLN0$Status","1234","5678",""
"12746","66.155642321","ipcas_21:73:33","143","0","4259","LIED12CTRL/LLN0$Status","1234","5678",""
"12747","66.159230460","ipcas_21:73:33","143","0","4260","LIED12CTRL/LLN0$Status","1234","5678",""
"12748","66.162000264","ipcas_21:73:33","143","0","4261","LIED12CTRL/LLN0$Status","1234","5678",""
"12749","66.164409236","ipcas_21:73:33","143","0","4262","LIED12CTRL/LLN0$Status","1234","5678",""
"12750","66.167975647","ipcas_21:73:33","143","0","4263","LIED12CTRL/LLN0$Status","1234","5678",""
"12751","66.170630612","ipcas_21:73:33","143","0","4264","LIED12CTRL/LLN0$Status","1234","5678",""
"12752","66.173310307","ipcas_21:73:33","143","0","4265","LIED12CTRL/LLN0$Status","1234","5678",""
"12753","66.176886089","ipcas_21:73:33","143","0","4266","LIED12CTRL/LLN0$Status","1234","5678",""
"12754","66.180595237","ipcas_21:73:33","143","0","4267","LIED12CTRL/LLN0$Status","1234","5678",""
"12755","66.183082285","ipcas_21:73:33","143","0","4268","LIED12CTRL/LLN0$Status","1234","5678",""
"12756","66.185538368","ipcas_21:73:33","143","0","4269","LIED12CTRL/LLN0$Status","1234","5678",""
"12757","66.188009062","ipcas_21:73:33","143","0","4270","LIED12CTRL/LLN0$Status","1234","5678",""
"12758","66.190526044","ipcas_21:73:33","143","0","4271","LIED12CTRL/LLN0$Status","1234","5678",""
"12759","66.193134718","ipcas_21:73:33","143","0","4272","LIED12CTRL/LLN0$Status","1234","5678",""
"12760","66.196728710","ipcas_21:73:33","143","0","4273","LIED12CTRL/LLN0$Status","1234","5678",""
"12761","66.199388993","ipcas_21:73:33","143","0","4274","LIED12CTRL/LLN0$Status","1234","5678",""
"12762","66.203110198","ipcas_21:73:33","143","0","4275","LIED12CTRL/LLN0$Status","1234","5678",""
"12763","66.205556953","ipcas_21:73:33","143","0","4276","LIED12CTRL/LLN0$Status","1234","5678",""
"12764","66.208127130","ipcas_21:73:33","143","0","4277","LIED12CTRL/LLN0$Status","1234","5678",""
"12765","66.211725706","ipcas_21:73:33","143","0","4278","LIED12CTRL/LLN0$Status","1234","5678",""
"12766","66.214794423","ipcas_21:73:33","143","0","4279","LIED12CTRL/LLN0$Status","1234","5678",""
"12767","66.216845462","ipcas_21:73:33","143","0","4280","LIED12CTRL/LLN0$Status","1234","5678",""
"12768","66.219336826","ipcas_21:73:33","143","0","4281","LIED12CTRL/LLN0$Status","1234","5678",""
"12769","66.221763265","ipcas_21:73:33","143","0","4282","LIED12CTRL/LLN0$Status","1234","5678",""
"12770","66.224281533","ipcas_21:73:33","143","0","4283","LIED12CTRL/LLN0$Status","1234","5678",""
"12771","66.226881999","ipcas_21:73:33","143","0","4284","LIED12CTRL/LLN0$Status","1234","5678",""
"12772","66.230617500","ipcas_21:73:33","143","0","4285","LIED12CTRL/LLN0$Status","1234","5678",""
"12773","66.232932643","ipcas_21:73:33","143","0","4286","LIED12CTRL/LLN0$Status","1234","5678",""
"12774","66.235470651","ipcas_21:73:33","143","0","4287","LIED12CTRL/LLN0$Status","1234","5678",""
"12775","66.238010584","ipcas_21:73:33","143","0","4288","LIED12CTRL/LLN0$Status","1234","5678",""
"12776","66.240635061","ipcas_21:73:33","143","0","4289","LIED12CTRL/LLN0$Status","1234","5678",""
"12777","66.243073843","ipcas_21:73:33","143","0","4290","LIED12CTRL/LLN0$Status","1234","5678",""
"12778","66.245523799","ipcas_21:73:33","143","0","4291","LIED12CTRL/LLN0$Status","1234","5678",""
"12779","66.247996558","ipcas_21:73:33","143","0","4292","LIED12CTRL/LLN0$Status","1234","5678",""
"12780","66.250551798","ipcas_21:73:33","143","0","4293","LIED12CTRL/LLN0$Status","1234","5678",""
"12781","66.253016079","ipcas_21:73:33","143","0","4294","LIED12CTRL/LLN0$Status","1234","5678",""
"12782","66.255805085","ipcas_21:73:33","143","0","4295","LIED12CTRL/LLN0$Status","1234","5678",""
"12783","66.258194489","ipcas_21:73:33","143","0","4296","LIED12CTRL/LLN0$Status","1234","5678",""
"12784","66.260762394","ipcas_21:73:33","143","0","4297","LIED12CTRL/LLN0$Status","1234","5678",""
"12785","66.263018069","ipcas_21:73:33","143","0","4298","LIED12CTRL/LLN0$Status","1234","5678",""
"12786","66.265633759","ipcas_21:73:33","143","0","4299","LIED12CTRL/LLN0$Status","1234","5678",""
"12787","66.269348944","ipcas_21:73:33","143","0","4300","LIED12CTRL/LLN0$Status","1234","5678",""
"12789","66.272063778","ipcas_21:73:33","143","0","4301","LIED12CTRL/LLN0$Status","1234","5678",""
"12790","66.274243854","ipcas_21:73:33","143","0","4302","LIED12CTRL/LLN0$Status","1234","5678",""
"12791","66.276748175","ipcas_21:73:33","143","0","4303","LIED12CTRL/LLN0$Status","1234","5678",""
"12792","66.279252645","ipcas_21:73:33","143","0","4304","LIED12CTRL/LLN0$Status","1234","5678",""
"12793","66.281791544","ipcas_21:73:33","143","0","4305","LIED12CTRL/LLN0$Status","1234","5678",""
"12794","66.284217492","ipcas_21:73:33","143","0","4306","LIED12CTRL/LLN0$Status","1234","5678",""
"12795","66.286810129","ipcas_21:73:33","143","0","4307","LIED12CTRL/LLN0$Status","1234","5678",""
"12796","66.289346491","ipcas_21:73:33","143","0","4308","LIED12CTRL/LLN0$Status","1234","5678",""
"12797","66.293096873","ipcas_21:73:33","143","0","4309","LIED12CTRL/LLN0$Status","1234","5678",""
"12798","66.295467906","ipcas_21:73:33","143","0","4310","LIED12CTRL/LLN0$Status","1234","5678",""
"12799","66.298051261","ipcas_21:73:33","143","0","4311","LIED12CTRL/LLN0$Status","1234","5678",""
"12800","66.300637482","ipcas_21:73:33","143","0","4312","LIED12CTRL/LLN0$Status","1234","5678",""
"12801","66.304390215","ipcas_21:73:33","143","0","4313","LIED12CTRL/LLN0$Status","1234","5678",""
"12802","66.307071397","ipcas_21:73:33","143","0","4314","LIED12CTRL/LLN0$Status","1234","5678",""
"12803","66.310724138","ipcas_21:73:33","143","0","4315","LIED12CTRL/LLN0$Status","1234","5678",""
"12804","66.315039828","ipcas_21:73:33","143","0","4316","LIED12CTRL/LLN0$Status","1234","5678",""
"12805","66.318134636","ipcas_21:73:33","143","0","4317","LIED12CTRL/LLN0$Status","1234","5678",""
"12806","66.321887368","ipcas_21:73:33","143","0","4318","LIED12CTRL/LLN0$Status","1234","5678",""
"12807","66.325641347","ipcas_21:73:33","143","0","4319","LIED12CTRL/LLN0$Status","1234","5678",""
"12808","66.329374021","ipcas_21:73:33","143","0","4320","LIED12CTRL/LLN0$Status","1234","5678",""
"12809","66.333148286","ipcas_21:73:33","143","0","4321","LIED12CTRL/LLN0$Status","1234","5678",""
"12810","66.336884817","ipcas_21:73:33","143","0","4322","LIED12CTRL/LLN0$Status","1234","5678",""
"12811","66.340639108","ipcas_21:73:33","143","0","4323","LIED12CTRL/LLN0$Status","1234","5678",""
"12812","66.344362636","ipcas_21:73:33","143","0","4324","LIED12CTRL/LLN0$Status","1234","5678",""
"12813","66.348137339","ipcas_21:73:33","143","0","4325","LIED12CTRL/LLN0$Status","1234","5678",""
"12814","66.351907341","ipcas_21:73:33","143","0","4326","LIED12CTRL/LLN0$Status","1234","5678",""
"12815","66.355636669","ipcas_21:73:33","143","0","4327","LIED12CTRL/LLN0$Status","1234","5678",""
"12816","66.359401487","ipcas_21:73:33","143","0","4328","LIED12CTRL/LLN0$Status","1234","5678",""
"12817","66.363151791","ipcas_21:73:33","143","0","4329","LIED12CTRL/LLN0$Status","1234","5678",""
"12818","66.366871223","ipcas_21:73:33","143","0","4330","LIED12CTRL/LLN0$Status","1234","5678",""
"12819","66.369369821","ipcas_21:73:33","143","0","4331","LIED12CTRL/LLN0$Status","1234","5678",""
"12820","66.373454528","ipcas_21:73:33","143","0","4332","LIED12CTRL/LLN0$Status","1234","5678",""
"12821","66.376926914","ipcas_21:73:33","143","0","4333","LIED12CTRL/LLN0$Status","1234","5678",""
"12822","66.379721991","ipcas_21:73:33","143","0","4334","LIED12CTRL/LLN0$Status","1234","5678",""
"12823","66.383184678","ipcas_21:73:33","143","0","4335","LIED12CTRL/LLN0$Status","1234","5678",""
"12824","66.386981988","ipcas_21:73:33","143","0","4336","LIED12CTRL/LLN0$Status","1234","5678",""
"12825","66.389934765","ipcas_21:73:33","149","1","61","LIED10CTRL/LLN0$Status","1","1","0"
"12826","66.390226322","ipcas_21:73:33","146","1","61","LIED10PROT/LLN0$Alarm","1","",""
"12827","66.390228099","ipcas_21:73:33","203","1","61","LIED10MEAS/LLN0$Measurement","306","305","311"
"12828","66.390706651","ipcas_21:73:33","143","0","4337","LIED12CTRL/LLN0$Status","1234","5678",""
"12832","66.394892733","ipcas_21:73:33","143","0","4338","LIED12CTRL/LLN0$Status","1234","5678",""
"12833","66.398140720","ipcas_21:73:33","143","0","4339","LIED12CTRL/LLN0$Status","1234","5678",""
"12837","66.401030196","ipcas_21:73:33","143","0","4340","LIED12CTRL/LLN0$Status","1234","5678",""
"12838","66.404489144","ipcas_21:73:33","143","0","4341","LIED12CTRL/LLN0$Status","1234","5678",""
"12839","66.408190805","ipcas_21:73:33","143","0","4342","LIED12CTRL/LLN0$Status","1234","5678",""
"12846","66.410865083","ipcas_21:73:33","143","0","4343","LIED12CTRL/LLN0$Status","1234","5678",""
"12847","66.415155431","ipcas_21:73:33","143","0","4344","LIED12CTRL/LLN0$Status","1234","5678",""
"12851","66.417950658","ipcas_21:73:33","143","0","4345","LIED12CTRL/LLN0$Status","1234","5678",""
"12852","66.421952847","ipcas_21:73:33","143","0","4346","LIED12CTRL/LLN0$Status","1234","5678",""
"12853","66.425615168","ipcas_21:73:33","143","0","4347","LIED12CTRL/LLN0$Status","1234","5678",""
"12854","66.429642104","ipcas_21:73:33","143","0","4348","LIED12CTRL/LLN0$Status","1234","5678",""
"12855","66.433244300","ipcas_21:73:33","143","0","4349","LIED12CTRL/LLN0$Status","1234","5678",""
"12868","66.435995719","ipcas_21:73:33","143","0","4350","LIED12CTRL/LLN0$Status","1234","5678",""
"12869","66.439386916","ipcas_21:73:33","143","0","4351","LIED12CTRL/LLN0$Status","1234","5678",""
"12870","66.443226678","ipcas_21:73:33","143","0","4352","LIED12CTRL/LLN0$Status","1234","5678",""
"12871","66.446977168","ipcas_21:73:33","143","0","4353","LIED12CTRL/LLN0$Status","1234","5678",""
"12872","66.450725320","ipcas_21:73:33","143","0","4354","LIED12CTRL/LLN0$Status","1234","5678",""
"12873","66.454360678","ipcas_21:73:33","143","0","4355","LIED12CTRL/LLN0$Status","1234","5678",""
"12874","66.458116750","ipcas_21:73:33","143","0","4356","LIED12CTRL/LLN0$Status","1234","5678",""
"12875","66.461747371","ipcas_21:73:33","143","0","4357","LIED12CTRL/LLN0$Status","1234","5678",""
"12876","66.464347252","ipcas_21:73:33","143","0","4358","LIED12CTRL/LLN0$Status","1234","5678",""
"12877","66.466885522","ipcas_21:73:33","143","0","4359","LIED12CTRL/LLN0$Status","1234","5678",""
"12878","66.470636924","ipcas_21:73:33","143","0","4360","LIED12CTRL/LLN0$Status","1234","5678",""
"12879","66.473348294","ipcas_21:73:33","143","0","4361","LIED12CTRL/LLN0$Status","1234","5678",""
"12880","66.475493276","ipcas_21:73:33","143","0","4362","LIED12CTRL/LLN0$Status","1234","5678",""
"12881","66.478126621","ipcas_21:73:33","143","0","4363","LIED12CTRL/LLN0$Status","1234","5678",""
"12882","66.481762728","ipcas_21:73:33","143","0","4364","LIED12CTRL/LLN0$Status","1234","5678",""
"12883","66.484404825","ipcas_21:73:33","143","0","4365","LIED12CTRL/LLN0$Status","1234","5678",""
"12884","66.488134549","ipcas_21:73:33","143","0","4366","LIED12CTRL/LLN0$Status","1234","5678",""
"12885","66.491892883","ipcas_21:73:33","143","0","4367","LIED12CTRL/LLN0$Status","1234","5678",""
"12886","66.495624542","ipcas_21:73:33","143","0","4368","LIED12CTRL/LLN0$Status","1234","5678",""
"12887","66.499409743","ipcas_21:73:33","143","0","4369","LIED12CTRL/LLN0$Status","1234","5678",""
"12888","66.503129044","ipcas_21:73:33","143","0","4370","LIED12CTRL/LLN0$Status","1234","5678",""
"12889","66.506847013","ipcas_21:73:33","143","0","4371","LIED12CTRL/LLN0$Status","1234","5678",""
"12890","66.510631243","ipcas_21:73:33","143","0","4372","LIED12CTRL/LLN0$Status","1234","5678",""
"12891","66.514955445","ipcas_21:73:33","143","0","4373","LIED12CTRL/LLN0$Status","1234","5678",""
"12892","66.518121880","ipcas_21:73:33","143","0","4374","LIED12CTRL/LLN0$Status","1234","5678",""
"12893","66.521878684","ipcas_21:73:33","143","0","4375","LIED12CTRL/LLN0$Status","1234","5678",""
"12894","66.525617874","ipcas_21:73:33","143","0","4376","LIED12CTRL/LLN0$Status","1234","5678",""
"12895","66.529393219","ipcas_21:73:33","143","0","4377","LIED12CTRL/LLN0$Status","1234","5678",""
"12896","66.533150939","ipcas_21:73:33","143","0","4378","LIED12CTRL/LLN0$Status","1234","5678",""
"12897","66.536889208","ipcas_21:73:33","143","0","4379","LIED12CTRL/LLN0$Status","1234","5678",""
"12898","66.540638237","ipcas_21:73:33","143","0","4380","LIED12CTRL/LLN0$Status","1234","5678",""
"12899","66.544390762","ipcas_21:73:33","143","0","4381","LIED12CTRL/LLN0$Status","1234","5678",""
"12900","66.548133160","ipcas_21:73:33","143","0","4382","LIED12CTRL/LLN0$Status","1234","5678",""
"12901","66.551891088","ipcas_21:73:33","143","0","4383","LIED12CTRL/LLN0$Status","1234","5678",""
"12902","66.555614607","ipcas_21:73:33","143","0","4384","LIED12CTRL/LLN0$Status","1234","5678",""
"12903","66.559518734","ipcas_21:73:33","143","0","4385","LIED12CTRL/LLN0$Status","1234","5678",""
"12905","66.563171491","ipcas_21:73:33","143","0","4386","LIED12CTRL/LLN0$Status","1234","5678",""
"12906","66.566787731","ipcas_21:73:33","143","0","4387","LIED12CTRL/LLN0$Status","1234","5678",""
"12907","66.569368761","ipcas_21:73:33","143","0","4388","LIED12CTRL/LLN0$Status","1234","5678",""
"12908","66.573223716","ipcas_21:73:33","143","0","4389","LIED12CTRL/LLN0$Status","1234","5678",""
"12909","66.575667239","ipcas_21:73:33","143","0","4390","LIED12CTRL/LLN0$Status","1234","5678",""
"12910","66.579338084","ipcas_21:73:33","143","0","4391","LIED12CTRL/LLN0$Status","1234","5678",""
"12911","66.581934245","ipcas_21:73:33","143","0","4392","LIED12CTRL/LLN0$Status","1234","5678",""
"12912","66.585632701","ipcas_21:73:33","143","0","4393","LIED12CTRL/LLN0$Status","1234","5678",""
"12913","66.589385219","ipcas_21:73:33","143","0","4394","LIED12CTRL/LLN0$Status","1234","5678",""
"12914","66.593175711","ipcas_21:73:33","143","0","4395","LIED12CTRL/LLN0$Status","1234","5678",""
"12915","66.596885739","ipcas_21:73:33","143","0","4396","LIED12CTRL/LLN0$Status","1234","5678",""
"12916","66.600640287","ipcas_21:73:33","143","0","4397","LIED12CTRL/LLN0$Status","1234","5678",""
"12917","66.604378790","ipcas_21:73:33","143","0","4398","LIED12CTRL/LLN0$Status","1234","5678",""
"12918","66.608146265","ipcas_21:73:33","143","0","4399","LIED12CTRL/LLN0$Status","1234","5678",""
"12919","66.611854504","ipcas_21:73:33","143","0","4400","LIED12CTRL/LLN0$Status","1234","5678",""
"12920","66.615725731","ipcas_21:73:33","143","0","4401","LIED12CTRL/LLN0$Status","1234","5678",""
"12921","66.619481276","ipcas_21:73:33","143","0","4402","LIED12CTRL/LLN0$Status","1234","5678",""
"12922","66.623125426","ipcas_21:73:33","143","0","4403","LIED12CTRL/LLN0$Status","1234","5678",""
"12923","66.626890480","ipcas_21:73:33","143","0","4404","LIED12CTRL/LLN0$Status","1234","5678",""
"12924","66.629257335","ipcas_21:73:33","143","0","4405","LIED12CTRL/LLN0$Status","1234","5678",""
"12925","66.631890706","ipcas_21:73:33","143","0","4406","LIED12CTRL/LLN0$Status","1234","5678",""
"12926","66.635641624","ipcas_21:73:33","143","0","4407","LIED12CTRL/LLN0$Status","1234","5678",""
"12927","66.639300306","ipcas_21:73:33","143","0","4408","LIED12CTRL/LLN0$Status","1234","5678",""
"12928","66.641895270","ipcas_21:73:33","143","0","4409","LIED12CTRL/LLN0$Status","1234","5678",""
"12929","66.645630418","ipcas_21:73:33","143","0","4410","LIED12CTRL/LLN0$Status","1234","5678",""
"12930","66.649377987","ipcas_21:73:33","143","0","4411","LIED12CTRL/LLN0$Status","1234","5678",""
"12931","66.653141065","ipcas_21:73:33","143","0","4412","LIED12CTRL/LLN0$Status","1234","5678",""
"12932","66.656888517","ipcas_21:73:33","143","0","4413","LIED12CTRL/LLN0$Status","1234","5678",""
"12933","66.660621970","ipcas_21:73:33","143","0","4414","LIED12CTRL/LLN0$Status","1234","5678",""
"12934","66.664391715","ipcas_21:73:33","143","0","4415","LIED12CTRL/LLN0$Status","1234","5678",""
"12935","66.668140547","ipcas_21:73:33","143","0","4416","LIED12CTRL/LLN0$Status","1234","5678",""
"12938","66.672470793","ipcas_21:73:33","143","0","4417","LIED12CTRL/LLN0$Status","1234","5678",""
"12939","66.675604705","ipcas_21:73:33","143","0","4418","LIED12CTRL/LLN0$Status","1234","5678",""
"12940","66.678107676","ipcas_21:73:33","143","0","4419","LIED12CTRL/LLN0$Status","1234","5678",""
"12941","66.681939647","ipcas_21:73:33","143","0","4420","LIED12CTRL/LLN0$Status","1234","5678",""
"12942","66.685619412","ipcas_21:73:33","143","0","4421","LIED12CTRL/LLN0$Status","1234","5678",""
"12943","66.688057637","ipcas_21:73:33","143","0","4422","LIED12CTRL/LLN0$Status","1234","5678",""
"12944","66.690656845","ipcas_21:73:33","143","0","4423","LIED12CTRL/LLN0$Status","1234","5678",""
"12945","66.693114608","ipcas_21:73:33","143","0","4424","LIED12CTRL/LLN0$Status","1234","5678",""
"12946","66.696891250","ipcas_21:73:33","143","0","4425","LIED12CTRL/LLN0$Status","1234","5678",""
"12947","66.700627162","ipcas_21:73:33","143","0","4426","LIED12CTRL/LLN0$Status","1234","5678",""
"12948","66.703142329","ipcas_21:73:33","143","0","4427","LIED12CTRL/LLN0$Status","1234","5678",""
"12949","66.705639170","ipcas_21:73:33","143","0","4428","LIED12CTRL/LLN0$Status","1234","5678",""
"12950","66.709526583","ipcas_21:73:33","143","0","4429","LIED12CTRL/LLN0$Status","1234","5678",""
"12951","66.713006485","ipcas_21:73:33","143","0","4430","LIED12CTRL/LLN0$Status","1234","5678",""
"12952","66.715608742","ipcas_21:73:33","143","0","4431","LIED12CTRL/LLN0$Status","1234","5678",""
"12953","66.718233793","ipcas_21:73:33","143","0","4432","LIED12CTRL/LLN0$Status","1234","5678",""
"12954","66.720630666","ipcas_21:73:33","143","0","4433","LIED12CTRL/LLN0$Status","1234","5678",""
"12955","66.723237120","ipcas_21:73:33","143","0","4434","LIED12CTRL/LLN0$Status","1234","5678",""
"12956","66.726980968","ipcas_21:73:33","143","0","4435","LIED12CTRL/LLN0$Status","1234","5678",""
"12957","66.729391536","ipcas_21:73:33","143","0","4436","LIED12CTRL/LLN0$Status","1234","5678",""
"12958","66.733038272","ipcas_21:73:33","143","0","4437","LIED12CTRL/LLN0$Status","1234","5678",""
"12959","66.735629408","ipcas_21:73:33","143","0","4438","LIED12CTRL/LLN0$Status","1234","5678",""
"12960","66.738087402","ipcas_21:73:33","143","0","4439","LIED12CTRL/LLN0$Status","1234","5678",""
"12961","66.740653954","ipcas_21:73:33","143","0","4440","LIED12CTRL/LLN0$Status","1234","5678",""
"12962","66.744394441","ipcas_21:73:33","143","0","4441","LIED12CTRL/LLN0$Status","1234","5678",""
"12963","66.746882565","ipcas_21:73:33","143","0","4442","LIED12CTRL/LLN0$Status","1234","5678",""
"12964","66.750647175","ipcas_21:73:33","143","0","4443","LIED12CTRL/LLN0$Status","1234","5678",""
"12965","66.753038635","ipcas_21:73:33","143","0","4444","LIED12CTRL/LLN0$Status","1234","5678",""
"12966","66.755667565","ipcas_21:73:33","143","0","4445","LIED12CTRL/LLN0$Status","1234","5678",""
"12967","66.759483233","ipcas_21:73:33","143","0","4446","LIED12CTRL/LLN0$Status","1234","5678",""
"12968","66.761981012","ipcas_21:73:33","143","0","4447","LIED12CTRL/LLN0$Status","1234","5678",""
"12969","66.764393372","ipcas_21:73:33","143","0","4448","LIED12CTRL/LLN0$Status","1234","5678",""
"12970","66.768121206","ipcas_21:73:33","143","0","4449","LIED12CTRL/LLN0$Status","1234","5678",""
"12971","66.771873824","ipcas_21:73:33","143","0","4450","LIED12CTRL/LLN0$Status","1234","5678",""
"12972","66.775651793","ipcas_21:73:33","143","0","4451","LIED12CTRL/LLN0$Status","1234","5678",""
"12973","66.779395936","ipcas_21:73:33","143","0","4452","LIED12CTRL/LLN0$Status","1234","5678",""
"12974","66.783137148","ipcas_21:73:33","143","0","4453","LIED12CTRL/LLN0$Status","1234","5678",""
"12975","66.786894463","ipcas_21:73:33","143","0","4454","LIED12CTRL/LLN0$Status","1234","5678",""
"12976","66.789218774","ipcas_21:73:33","143","0","4455","LIED12CTRL/LLN0$Status","1234","5678",""
"12977","66.791928836","ipcas_21:73:33","143","0","4456","LIED12CTRL/LLN0$Status","1234","5678",""
"12978","66.794390161","ipcas_21:73:33","143","0","4457","LIED12CTRL/LLN0$Status","1234","5678",""
"12979","66.798414230","ipcas_21:73:33","143","0","4458","LIED12CTRL/LLN0$Status","1234","5678",""
"12980","66.802165419","ipcas_21:73:33","143","0","4459","LIED12CTRL/LLN0$Status","1234","5678",""
"12981","66.804660362","ipcas_21:73:33","143","0","4460","LIED12CTRL/LLN0$Status","1234","5678",""
"12982","66.806893726","ipcas_21:73:33","143","0","4461","LIED12CTRL/LLN0$Status","1234","5678",""
"12983","66.809449931","ipcas_21:73:33","143","0","4462","LIED12CTRL/LLN0$Status","1234","5678",""
"12984","66.812221405","ipcas_21:73:33","143","0","4463","LIED12CTRL/LLN0$Status","1234","5678",""
"12985","66.815676139","ipcas_21:73:33","143","0","4464","LIED12CTRL/LLN0$Status","1234","5678",""
"12986","66.819388806","ipcas_21:73:33","143","0","4465","LIED12CTRL/LLN0$Status","1234","5678",""
"12987","66.823208844","ipcas_21:73:33","143","0","4466","LIED12CTRL/LLN0$Status","1234","5678",""
"12988","66.826894032","ipcas_21:73:33","143","0","4467","LIED12CTRL/LLN0$Status","1234","5678",""
"12989","66.829376479","ipcas_21:73:33","143","0","4468","LIED12CTRL/LLN0$Status","1234","5678",""
"12990","66.831878482","ipcas_21:73:33","143","0","4469","LIED12CTRL/LLN0$Status","1234","5678",""
"12991","66.834418279","ipcas_21:73:33","143","0","4470","LIED12CTRL/LLN0$Status","1234","5678",""
"12992","66.838172260","ipcas_21:73:33","143","0","4471","LIED12CTRL/LLN0$Status","1234","5678",""
"12993","66.840674321","ipcas_21:73:33","143","0","4472","LIED12CTRL/LLN0$Status","1234","5678",""
"12994","66.844396033","ipcas_21:73:33","143","0","4473","LIED12CTRL/LLN0$Status","1234","5678",""
"12995","66.846856704","ipcas_21:73:33","143","0","4474","LIED12CTRL/LLN0$Status","1234","5678",""
"12996","66.849281150","ipcas_21:73:33","143","0","4475","LIED12CTRL/LLN0$Status","1234","5678",""
"12997","66.851854796","ipcas_21:73:33","143","0","4476","LIED12CTRL/LLN0$Status","1234","5678",""
"12998","66.855566049","ipcas_21:73:33","143","0","4477","LIED12CTRL/LLN0$Status","1234","5678",""
"12999","66.858020899","ipcas_21:73:33","143","0","4478","LIED12CTRL/LLN0$Status","1234","5678",""
"13000","66.860648171","ipcas_21:73:33","143","0","4479","LIED12CTRL/LLN0$Status","1234","5678",""
"13001","66.864430077","ipcas_21:73:33","143","0","4480","LIED12CTRL/LLN0$Status","1234","5678",""
"13002","66.866836639","ipcas_21:73:33","143","0","4481","LIED12CTRL/LLN0$Status","1234","5678",""
"13003","66.869270360","ipcas_21:73:33","143","0","4482","LIED12CTRL/LLN0$Status","1234","5678",""
"13004","66.871728270","ipcas_21:73:33","143","0","4483","LIED12CTRL/LLN0$Status","1234","5678",""
"13005","66.874343973","ipcas_21:73:33","143","0","4484","LIED12CTRL/LLN0$Status","1234","5678",""
"13006","66.878165576","ipcas_21:73:33","143","0","4485","LIED12CTRL/LLN0$Status","1234","5678",""
"13007","66.880583506","ipcas_21:73:33","143","0","4486","LIED12CTRL/LLN0$Status","1234","5678",""
"13008","66.882995933","ipcas_21:73:33","143","0","4487","LIED12CTRL/LLN0$Status","1234","5678",""
"13009","66.885472199","ipcas_21:73:33","143","0","4488","LIED12CTRL/LLN0$Status","1234","5678",""
"13010","66.887992106","ipcas_21:73:33","143","0","4489","LIED12CTRL/LLN0$Status","1234","5678",""
"13014","66.890387167","ipcas_21:73:33","143","0","4490","LIED12CTRL/LLN0$Status","1234","5678",""
"13015","66.893224543","ipcas_21:73:33","143","0","4491","LIED12CTRL/LLN0$Status","1234","5678",""
"13016","66.895443859","ipcas_21:73:33","143","0","4492","LIED12CTRL/LLN0$Status","1234","5678",""
"13017","66.897955055","ipcas_21:73:33","143","0","4493","LIED12CTRL/LLN0$Status","1234","5678",""
"13018","66.900696393","ipcas_21:73:33","143","0","4494","LIED12CTRL/LLN0$Status","1234","5678",""
"13022","66.904322029","ipcas_21:73:33","143","0","4495","LIED12CTRL/LLN0$Status","1234","5678",""
"13023","66.906849870","ipcas_21:73:33","143","0","4496","LIED12CTRL/LLN0$Status","1234","5678",""
"13024","66.909394672","ipcas_21:73:33","143","0","4497","LIED12CTRL/LLN0$Status","1234","5678",""
"13028","66.913017369","ipcas_21:73:33","143","0","4498","LIED12CTRL/LLN0$Status","1234","5678",""
"13029","66.915534304","ipcas_21:73:33","143","0","4499","LIED12CTRL/LLN0$Status","1234","5678",""
"13033","66.918121537","ipcas_21:73:33","143","0","4500","LIED12CTRL/LLN0$Status","1234","5678",""
"13034","66.920718911","ipcas_21:73:33","143","0","4501","LIED12CTRL/LLN0$Status","1234","5678",""
"13035","66.923254994","ipcas_21:73:33","143","0","4502","LIED12CTRL/LLN0$Status","1234","5678",""
"13036","66.925511576","ipcas_21:73:33","143","0","4503","LIED12CTRL/LLN0$Status","1234","5678",""
"13037","66.928234879","ipcas_21:73:33","143","0","4504","LIED12CTRL/LLN0$Status","1234","5678",""
"13038","66.930615634","ipcas_21:73:33","143","0","4505","LIED12CTRL/LLN0$Status","1234","5678",""
"13039","66.934345576","ipcas_21:73:33","143","0","4506","LIED12CTRL/LLN0$Status","1234","5678",""
"13040","66.936929872","ipcas_21:73:33","143","0","4507","LIED12CTRL/LLN0$Status","1234","5678",""
"13041","66.939382468","ipcas_21:73:33","143","0","4508","LIED12CTRL/LLN0$Status","1234","5678",""
"13042","66.943121869","ipcas_21:73:33","143","0","4509","LIED12CTRL/LLN0$Status","1234","5678",""
"13043","66.946161230","ipcas_21:73:33","143","0","4510","LIED12CTRL/LLN0$Status","1234","5678",""
"13047","66.949127420","ipcas_21:73:33","143","0","4511","LIED12CTRL/LLN0$Status","1234","5678",""
"13048","66.952017715","ipcas_21:73:33","143","0","4512","LIED12CTRL/LLN0$Status","1234","5678",""
"13052","66.954512421","ipcas_21:73:33","143","0","4513","LIED12CTRL/LLN0$Status","1234","5678",""
"13053","66.957016077","ipcas_21:73:33","143","0","4514","LIED12CTRL/LLN0$Status","1234","5678",""
"13059","66.959627022","ipcas_21:73:33","143","0","4515","LIED12CTRL/LLN0$Status","1234","5678",""
"13060","66.961891538","ipcas_21:73:33","143","0","4516","LIED12CTRL/LLN0$Status","1234","5678",""
"13061","66.964267947","ipcas_21:73:33","143","0","4517","LIED12CTRL/LLN0$Status","1234","5678",""
"13062","66.966674649","ipcas_21:73:33","143","0","4518","LIED12CTRL/LLN0$Status","1234","5678",""
"13063","66.969325351","ipcas_21:73:33","143","0","4519","LIED12CTRL/LLN0$Status","1234","5678",""
"13064","66.971813403","ipcas_21:73:33","143","0","4520","LIED12CTRL/LLN0$Status","1234","5678",""
"13065","66.974492866","ipcas_21:73:33","143","0","4521","LIED12CTRL/LLN0$Status","1234","5678",""
"13066","66.977047613","ipcas_21:73:33","143","0","4522","LIED12CTRL/LLN0$Status","1234","5678",""
"13067","66.979301714","ipcas_21:73:33","143","0","4523","LIED12CTRL/LLN0$Status","1234","5678",""
"13068","66.981713829","ipcas_21:73:33","143","0","4524","LIED12CTRL/LLN0$Status","1234","5678",""
"13069","66.984193871","ipcas_21:73:33","143","0","4525","LIED12CTRL/LLN0$Status","1234","5678",""
"13070","66.986873940","ipcas_21:73:33","143","0","4526","LIED12CTRL/LLN0$Status","1234","5678",""
"13071","66.989216626","ipcas_21:73:33","143","0","4527","LIED12CTRL/LLN0$Status","1234","5678",""
"13072","66.991797499","ipcas_21:73:33","143","0","4528","LIED12CTRL/LLN0$Status","1234","5678",""
"13073","66.994296018","ipcas_21:73:33","143","0","4529","LIED12CTRL/LLN0$Status","1234","5678",""
"13074","66.996735651","ipcas_21:73:33","143","0","4530","LIED12CTRL/LLN0$Status","1234","5678",""
"13075","66.999206838","ipcas_21:73:33","143","0","4531","LIED12CTRL/LLN0$Status","1234","5678",""
"13076","67.001733413","ipcas_21:73:33","143","0","4532","LIED12CTRL/LLN0$Status","1234","5678",""
"13077","67.004391522","ipcas_21:73:33","143","0","4533","LIED12CTRL/LLN0$Status","1234","5678",""
"13078","67.006796450","ipcas_21:73:33","143","0","4534","LIED12CTRL/LLN0$Status","1234","5678",""
"13079","67.009332178","ipcas_21:73:33","143","0","4535","LIED12CTRL/LLN0$Status","1234","5678",""
"13080","67.013012725","ipcas_21:73:33","143","0","4536","LIED12CTRL/LLN0$Status","1234","5678",""
"13081","67.015622867","ipcas_21:73:33","143","0","4537","LIED12CTRL/LLN0$Status","1234","5678",""
"13082","67.019250875","ipcas_21:73:33","143","0","4538","LIED12CTRL/LLN0$Status","1234","5678",""
"13083","67.021791472","ipcas_21:73:33","143","0","4539","LIED12CTRL/LLN0$Status","1234","5678",""
"13084","67.024533186","ipcas_21:73:33","143","0","4540","LIED12CTRL/LLN0$Status","1234","5678",""
"13085","67.026802148","ipcas_21:73:33","143","0","4541","LIED12CTRL/LLN0$Status","1234","5678",""
"13086","67.029251271","ipcas_21:73:33","143","0","4542","LIED12CTRL/LLN0$Status","1234","5678",""
"13087","67.031893876","ipcas_21:73:33","143","0","4543","LIED12CTRL/LLN0$Status","1234","5678",""
"13088","67.035637939","ipcas_21:73:33","143","0","4544","LIED12CTRL/LLN0$Status","1234","5678",""
"13089","67.038105422","ipcas_21:73:33","143","0","4545","LIED12CTRL/LLN0$Status","1234","5678",""
"13090","67.040668133","ipcas_21:73:33","143","0","4546","LIED12CTRL/LLN0$Status","1234","5678",""
"13091","67.044243608","ipcas_21:73:33","143","0","4547","LIED12CTRL/LLN0$Status","1234","5678",""
"13092","67.046904177","ipcas_21:73:33","143","0","4548","LIED12CTRL/LLN0$Status","1234","5678",""
"13093","67.050852728","ipcas_21:73:33","143","0","4549","LIED12CTRL/LLN0$Status","1234","5678",""
"13094","67.053154546","ipcas_21:73:33","143","0","4550","LIED12CTRL/LLN0$Status","1234","5678",""
"13095","67.056813458","ipcas_21:73:33","143","0","4551","LIED12CTRL/LLN0$Status","1234","5678",""
"13096","67.059391136","ipcas_21:73:33","143","0","4552","LIED12CTRL/LLN0$Status","1234","5678",""
"13097","67.063147078","ipcas_21:73:33","143","0","4553","LIED12CTRL/LLN0$Status","1234","5678",""
"13098","67.066833236","ipcas_21:73:33","143","0","4554","LIED12CTRL/LLN0$Status","1234","5678",""
"13099","67.069402040","ipcas_21:73:33","143","0","4555","LIED12CTRL/LLN0$Status","1234","5678",""
"13100","67.071882783","ipcas_21:73:33","143","0","4556","LIED12CTRL/LLN0$Status","1234","5678",""
"13101","67.074368247","ipcas_21:73:33","143","0","4557","LIED12CTRL/LLN0$Status","1234","5678",""
"13102","67.076760389","ipcas_21:73:33","143","0","4558","LIED12CTRL/LLN0$Status","1234","5678",""
"13103","67.079249716","ipcas_21:73:33","143","0","4559","LIED12CTRL/LLN0$Status","1234","5678",""
"13104","67.081891529","ipcas_21:73:33","143","0","4560","LIED12CTRL/LLN0$Status","1234","5678",""
"13105","67.085629186","ipcas_21:73:33","143","0","4561","LIED12CTRL/LLN0$Status","1234","5678",""
"13106","67.089372476","ipcas_21:73:33","143","0","4562","LIED12CTRL/LLN0$Status","1234","5678",""
"13107","67.093139604","ipcas_21:73:33","143","0","4563","LIED12CTRL/LLN0$Status","1234","5678",""
"13108","67.096872263","ipcas_21:73:33","143","0","4564","LIED12CTRL/LLN0$Status","1234","5678",""
"13109","67.099271592","ipcas_21:73:33","143","0","4565","LIED12CTRL/LLN0$Status","1234","5678",""
"13110","67.101854194","ipcas_21:73:33","143","0","4566","LIED12CTRL/LLN0$Status","1234","5678",""
"13111","67.105624763","ipcas_21:73:33","143","0","4567","LIED12CTRL/LLN0$Status","1234","5678",""
"13112","67.109470091","ipcas_21:73:33","143","0","4568","LIED12CTRL/LLN0$Status","1234","5678",""
"13113","67.111874053","ipcas_21:73:33","143","0","4569","LIED12CTRL/LLN0$Status","1234","5678",""
"13114","67.115587424","ipcas_21:73:33","143","0","4570","LIED12CTRL/LLN0$Status","1234","5678",""
"13115","67.118233826","ipcas_21:73:33","143","0","4571","LIED12CTRL/LLN0$Status","1234","5678",""
"13116","67.120546826","ipcas_21:73:33","143","0","4572","LIED12CTRL/LLN0$Status","1234","5678",""
"13117","67.122991499","ipcas_21:73:33","143","0","4573","LIED12CTRL/LLN0$Status","1234","5678",""
"13118","67.125635920","ipcas_21:73:33","143","0","4574","LIED12CTRL/LLN0$Status","1234","5678",""
"13119","67.129375976","ipcas_21:73:33","143","0","4575","LIED12CTRL/LLN0$Status","1234","5678",""
"13120","67.133134220","ipcas_21:73:33","143","0","4576","LIED12CTRL/LLN0$Status","1234","5678",""
"13121","67.136840584","ipcas_21:73:33","143","0","4577","LIED12CTRL/LLN0$Status","1234","5678",""
"13122","67.140635778","ipcas_21:73:33","143","0","4578","LIED12CTRL/LLN0$Status","1234","5678",""
"13123","67.143109541","ipcas_21:73:33","143","0","4579","LIED12CTRL/LLN0$Status","1234","5678",""
"13124","67.145673177","ipcas_21:73:33","143","0","4580","LIED12CTRL/LLN0$Status","1234","5678",""
"13125","67.148172360","ipcas_21:73:33","143","0","4581","LIED12CTRL/LLN0$Status","1234","5678",""
"13126","67.150629034","ipcas_21:73:33","143","0","4582","LIED12CTRL/LLN0$Status","1234","5678",""
"13127","67.154394625","ipcas_21:73:33","143","0","4583","LIED12CTRL/LLN0$Status","1234","5678",""
"13128","67.158122734","ipcas_21:73:33","143","0","4584","LIED12CTRL/LLN0$Status","1234","5678",""
"13129","67.160548453","ipcas_21:73:33","143","0","4585","LIED12CTRL/LLN0$Status","1234","5678",""
"13130","67.164364656","ipcas_21:73:33","143","0","4586","LIED12CTRL/LLN0$Status","1234","5678",""
"13131","67.168125630","ipcas_21:73:33","143","0","4587","LIED12CTRL/LLN0$Status","1234","5678",""
"13132","67.171875922","ipcas_21:73:33","143","0","4588","LIED12CTRL/LLN0$Status","1234","5678",""
"13133","67.175628674","ipcas_21:73:33","143","0","4589","LIED12CTRL/LLN0$Status","1234","5678",""
"13134","67.179374824","ipcas_21:73:33","143","0","4590","LIED12CTRL/LLN0$Status","1234","5678",""
"13135","67.181873149","ipcas_21:73:33","143","0","4591","LIED12CTRL/LLN0$Status","1234","5678",""
"13136","67.185613636","ipcas_21:73:33","143","0","4592","LIED12CTRL/LLN0$Status","1234","5678",""
"13137","67.188125843","ipcas_21:73:33","143","0","4593","LIED12CTRL/LLN0$Status","1234","5678",""
"13138","67.190636980","ipcas_21:73:33","143","0","4594","LIED12CTRL/LLN0$Status","1234","5678",""
"13139","67.194409521","ipcas_21:73:33","143","0","4595","LIED12CTRL/LLN0$Status","1234","5678",""
"13140","67.198133142","ipcas_21:73:33","143","0","4596","LIED12CTRL/LLN0$Status","1234","5678",""
"13141","67.201888386","ipcas_21:73:33","143","0","4597","LIED12CTRL/LLN0$Status","1234","5678",""
"13142","67.204376223","ipcas_21:73:33","143","0","4598","LIED12CTRL/LLN0$Status","1234","5678",""
"13143","67.206890189","ipcas_21:73:33","143","0","4599","LIED12CTRL/LLN0$Status","1234","5678",""
"13144","67.209309598","ipcas_21:73:33","143","0","4600","LIED12CTRL/LLN0$Status","1234","5678",""
"13145","67.212992086","ipcas_21:73:33","143","0","4601","LIED12CTRL/LLN0$Status","1234","5678",""
"13146","67.215598280","ipcas_21:73:33","143","0","4602","LIED12CTRL/LLN0$Status","1234","5678",""
"13147","67.218108441","ipcas_21:73:33","143","0","4603","LIED12CTRL/LLN0$Status","1234","5678",""
"13148","67.220619074","ipcas_21:73:33","143","0","4604","LIED12CTRL/LLN0$Status","1234","5678",""
"13149","67.223118504","ipcas_21:73:33","143","0","4605","LIED12CTRL/LLN0$Status","1234","5678",""
"13150","67.226855736","ipcas_21:73:33","143","0","4606","LIED12CTRL/LLN0$Status","1234","5678",""
"13151","67.229725148","ipcas_21:73:33","143","0","4607","LIED12CTRL/LLN0$Status","1234","5678",""
"13152","67.233125164","ipcas_21:73:33","143","0","4608","LIED12CTRL/LLN0$Status","1234","5678",""
"13153","67.236869596","ipcas_21:73:33","143","0","4609","LIED12CTRL/LLN0$Status","1234","5678",""
"13154","67.240606801","ipcas_21:73:33","143","0","4610","LIED12CTRL/LLN0$Status","1234","5678",""
"13155","67.244367588","ipcas_21:73:33","143","0","4611","LIED12CTRL/LLN0$Status","1234","5678",""
"13156","67.246866218","ipcas_21:73:33","143","0","4612","LIED12CTRL/LLN0$Status","1234","5678",""
"13157","67.250619271","ipcas_21:73:33","143","0","4613","LIED12CTRL/LLN0$Status","1234","5678",""
"13158","67.253105113","ipcas_21:73:33","143","0","4614","LIED12CTRL/LLN0$Status","1234","5678",""
"13159","67.256870396","ipcas_21:73:33","143","0","4615","LIED12CTRL/LLN0$Status","1234","5678",""
"13160","67.260626720","ipcas_21:73:33","143","0","4616","LIED12CTRL/LLN0$Status","1234","5678",""
"13161","67.263038545","ipcas_21:73:33","143","0","4617","LIED12CTRL/LLN0$Status","1234","5678",""
"13162","67.265617668","ipcas_21:73:33","143","0","4618","LIED12CTRL/LLN0$Status","1234","5678",""
"13163","67.268118582","ipcas_21:73:33","143","0","4619","LIED12CTRL/LLN0$Status","1234","5678",""
"13164","67.270619709","ipcas_21:73:33","143","0","4620","LIED12CTRL/LLN0$Status","1234","5678",""
"13165","67.273344702","ipcas_21:73:33","143","0","4621","LIED12CTRL/LLN0$Status","1234","5678",""
"13166","67.276965280","ipcas_21:73:33","143","0","4622","LIED12CTRL/LLN0$Status","1234","5678",""
"13167","67.279489041","ipcas_21:73:33","143","0","4623","LIED12CTRL/LLN0$Status","1234","5678",""
"13168","67.281976248","ipcas_21:73:33","143","0","4624","LIED12CTRL/LLN0$Status","1234","5678",""
"13169","67.285644561","ipcas_21:73:33","143","0","4625","LIED12CTRL/LLN0$Status","1234","5678",""
"13170","67.288138000","ipcas_21:73:33","143","0","4626","LIED12CTRL/LLN0$Status","1234","5678",""
"13171","67.290616568","ipcas_21:73:33","143","0","4627","LIED12CTRL/LLN0$Status","1234","5678",""
"13172","67.293138956","ipcas_21:73:33","143","0","4628","LIED12CTRL/LLN0$Status","1234","5678",""
"13173","67.296865886","ipcas_21:73:33","143","0","4629","LIED12CTRL/LLN0$Status","1234","5678",""
"13174","67.299219484","ipcas_21:73:33","143","0","4630","LIED12CTRL/LLN0$Status","1234","5678",""
"13175","67.301758849","ipcas_21:73:33","143","0","4631","LIED12CTRL/LLN0$Status","1234","5678",""
"13176","67.304378010","ipcas_21:73:33","143","0","4632","LIED12CTRL/LLN0$Status","1234","5678",""
"13177","67.306865715","ipcas_21:73:33","143","0","4633","LIED12CTRL/LLN0$Status","1234","5678",""
"13178","67.309312392","ipcas_21:73:33","143","0","4634","LIED12CTRL/LLN0$Status","1234","5678",""
"13179","67.311867102","ipcas_21:73:33","143","0","4635","LIED12CTRL/LLN0$Status","1234","5678",""
"13180","67.315631527","ipcas_21:73:33","143","0","4636","LIED12CTRL/LLN0$Status","1234","5678",""
"13181","67.319257910","ipcas_21:73:33","143","0","4637","LIED12CTRL/LLN0$Status","1234","5678",""
"13182","67.321736609","ipcas_21:73:33","143","0","4638","LIED12CTRL/LLN0$Status","1234","5678",""
"13183","67.324248321","ipcas_21:73:33","143","0","4639","LIED12CTRL/LLN0$Status","1234","5678",""
"13184","67.326805969","ipcas_21:73:33","143","0","4640","LIED12CTRL/LLN0$Status","1234","5678",""
"13185","67.329289436","ipcas_21:73:33","143","0","4641","LIED12CTRL/LLN0$Status","1234","5678",""
"13186","67.331875669","ipcas_21:73:33","143","0","4642","LIED12CTRL/LLN0$Status","1234","5678",""
"13187","67.335527898","ipcas_21:73:33","143","0","4643","LIED12CTRL/LLN0$Status","1234","5678",""
"13188","67.338145188","ipcas_21:73:33","143","0","4644","LIED12CTRL/LLN0$Status","1234","5678",""
"13189","67.341876026","ipcas_21:73:33","143","0","4645","LIED12CTRL/LLN0$Status","1234","5678",""
"13190","67.344408218","ipcas_21:73:33","143","0","4646","LIED12CTRL/LLN0$Status","1234","5678",""
"13191","67.348127132","ipcas_21:73:33","143","0","4647","LIED12CTRL/LLN0$Status","1234","5678",""
"13192","67.350584320","ipcas_21:73:33","143","0","4648","LIED12CTRL/LLN0$Status","1234","5678",""
"13193","67.353023577","ipcas_21:73:33","143","0","4649","LIED12CTRL/LLN0$Status","1234","5678",""
"13194","67.355601178","ipcas_21:73:33","143","0","4650","LIED12CTRL/LLN0$Status","1234","5678",""
"13195","67.359233579","ipcas_21:73:33","143","0","4651","LIED12CTRL/LLN0$Status","1234","5678",""
"13196","67.361772703","ipcas_21:73:33","143","0","4652","LIED12CTRL/LLN0$Status","1234","5678",""
"13197","67.364321666","ipcas_21:73:33","143","0","4653","LIED12CTRL/LLN0$Status","1234","5678",""
"13198","67.366857589","ipcas_21:73:33","143","0","4654","LIED12CTRL/LLN0$Status","1234","5678",""
"13199","67.370470501","ipcas_21:73:33","143","0","4655","LIED12CTRL/LLN0$Status","1234","5678",""
"13200","67.373045545","ipcas_21:73:33","143","0","4656","LIED12CTRL/LLN0$Status","1234","5678",""
"13201","67.375602868","ipcas_21:73:33","143","0","4657","LIED12CTRL/LLN0$Status","1234","5678",""
"13202","67.377989535","ipcas_21:73:33","143","0","4658","LIED12CTRL/LLN0$Status","1234","5678",""
"13203","67.380660348","ipcas_21:73:33","143","0","4659","LIED12CTRL/LLN0$Status","1234","5678",""
"13204","67.384384604","ipcas_21:73:33","143","0","4660","LIED12CTRL/LLN0$Status","1234","5678",""
"13205","67.386932072","ipcas_21:73:33","143","0","4661","LIED12CTRL/LLN0$Status","1234","5678",""
"13206","67.389446393","ipcas_21:73:33","143","0","4662","LIED12CTRL/LLN0$Status","1234","5678",""
"13207","67.393124312","ipcas_21:73:33","143","0","4663","LIED12CTRL/LLN0$Status","1234","5678",""
"13208","67.395594123","ipcas_21:73:33","143","0","4664","LIED12CTRL/LLN0$Status","1234","5678",""
"13209","67.399332842","ipcas_21:73:33","143","0","4665","LIED12CTRL/LLN0$Status","1234","5678",""
"13210","67.403121374","ipcas_21:73:33","143","0","4666","LIED12CTRL/LLN0$Status","1234","5678",""
"13211","67.406737143","ipcas_21:73:33","143","0","4667","LIED12CTRL/LLN0$Status","1234","5678",""
"13212","67.409338659","ipcas_21:73:33","143","0","4668","LIED12CTRL/LLN0$Status","1234","5678",""
"13213","67.412047661","ipcas_21:73:33","143","0","4669","LIED12CTRL/LLN0$Status","1234","5678",""
"13214","67.414636975","ipcas_21:73:33","143","0","4670","LIED12CTRL/LLN0$Status","1234","5678",""
"13215","67.418075687","ipcas_21:73:33","143","0","4671","LIED12CTRL/LLN0$Status","1234","5678",""
"13216","67.420450882","ipcas_21:73:33","143","0","4672","LIED12CTRL/LLN0$Status","1234","5678",""
"13217","67.422920535","ipcas_21:73:33","143","0","4673","LIED12CTRL/LLN0$Status","1234","5678",""
"13218","67.425453163","ipcas_21:73:33","143","0","4674","LIED12CTRL/LLN0$Status","1234","5678",""
"13219","67.427978541","ipcas_21:73:33","143","0","4675","LIED12CTRL/LLN0$Status","1234","5678",""
"13220","67.430625637","ipcas_21:73:33","143","0","4676","LIED12CTRL/LLN0$Status","1234","5678",""
"13221","67.434357471","ipcas_21:73:33","143","0","4677","LIED12CTRL/LLN0$Status","1234","5678",""
"13222","67.438006908","ipcas_21:73:33","143","0","4678","LIED12CTRL/LLN0$Status","1234","5678",""
"13223","67.440627517","ipcas_21:73:33","143","0","4679","LIED12CTRL/LLN0$Status","1234","5678",""
"13224","67.444349588","ipcas_21:73:33","143","0","4680","LIED12CTRL/LLN0$Status","1234","5678",""
"13225","67.445797420","ipcas_21:73:33","149","1","62","LIED10CTRL/LLN0$Status","1","1","0"
"13226","67.446066576","ipcas_21:73:33","146","1","62","LIED10PROT/LLN0$Alarm","1","",""
"13227","67.446068701","ipcas_21:73:33","203","1","62","LIED10MEAS/LLN0$Measurement","310","307","311"
"13228","67.448065280","ipcas_21:73:33","143","0","4681","LIED12CTRL/LLN0$Status","1234","5678",""
"13229","67.450542105","ipcas_21:73:33","143","0","4682","LIED12CTRL/LLN0$Status","1234","5678",""
"13230","67.453134858","ipcas_21:73:33","143","0","4683","LIED12CTRL/LLN0$Status","1234","5678",""
"13234","67.456757255","ipcas_21:73:33","143","0","4684","LIED12CTRL/LLN0$Status","1234","5678",""
"13238","67.459396062","ipcas_21:73:33","143","0","4685","LIED12CTRL/LLN0$Status","1234","5678",""
"13239","67.461811376","ipcas_21:73:33","143","0","4686","LIED12CTRL/LLN0$Status","1234","5678",""
"13243","67.464261305","ipcas_21:73:33","143","0","4687","LIED12CTRL/LLN0$Status","1234","5678",""
"13244","67.466780391","ipcas_21:73:33","143","0","4688","LIED12CTRL/LLN0$Status","1234","5678",""
"13245","67.469463701","ipcas_21:73:33","143","0","4689","LIED12CTRL/LLN0$Status","1234","5678",""
"13249","67.471783130","ipcas_21:73:33","143","0","4690","LIED12CTRL/LLN0$Status","1234","5678",""
"13253","67.474316228","ipcas_21:73:33","143","0","4691","LIED12CTRL/LLN0$Status","1234","5678",""
"13254","67.476733239","ipcas_21:73:33","143","0","4692","LIED12CTRL/LLN0$Status","1234","5678",""
"13255","67.479413587","ipcas_21:73:33","143","0","4693","LIED12CTRL/LLN0$Status","1234","5678",""
"13259","67.481790928","ipcas_21:73:33","143","0","4694","LIED12CTRL/LLN0$Status","1234","5678",""
"13260","67.484387302","ipcas_21:73:33","143","0","4695","LIED12CTRL/LLN0$Status","1234","5678",""
"13264","67.488090669","ipcas_21:73:33","143","0","4696","LIED12CTRL/LLN0$Status","1234","5678",""
"13271","67.492196215","ipcas_21:73:33","143","0","4697","LIED12CTRL/LLN0$Status","1234","5678",""
"13272","67.495620634","ipcas_21:73:33","143","0","4698","LIED12CTRL/LLN0$Status","1234","5678",""
"13273","67.499388674","ipcas_21:73:33","143","0","4699","LIED12CTRL/LLN0$Status","1234","5678",""
"13274","67.503156374","ipcas_21:73:33","143","0","4700","LIED12CTRL/LLN0$Status","1234","5678",""
"13275","67.506864044","ipcas_21:73:33","143","0","4701","LIED12CTRL/LLN0$Status","1234","5678",""
"13276","67.509444064","ipcas_21:73:33","143","0","4702","LIED12CTRL/LLN0$Status","1234","5678",""
"13277","67.511892794","ipcas_21:73:33","143","0","4703","LIED12CTRL/LLN0$Status","1234","5678",""
"13278","67.514630971","ipcas_21:73:33","143","0","4704","LIED12CTRL/LLN0$Status","1234","5678",""
"13279","67.518121022","ipcas_21:73:33","143","0","4705","LIED12CTRL/LLN0$Status","1234","5678",""
"13280","67.521783969","ipcas_21:73:33","143","0","4706","LIED12CTRL/LLN0$Status","1234","5678",""
"13281","67.524226133","ipcas_21:73:33","143","0","4707","LIED12CTRL/LLN0$Status","1234","5678",""
"13282","67.526743242","ipcas_21:73:33","143","0","4708","LIED12CTRL/LLN0$Status","1234","5678",""
"13283","67.529287174","ipcas_21:73:33","143","0","4709","LIED12CTRL/LLN0$Status","1234","5678",""
"13284","67.531870287","ipcas_21:73:33","143","0","4710","LIED12CTRL/LLN0$Status","1234","5678",""
"13285","67.534426785","ipcas_21:73:33","143","0","4711","LIED12CTRL/LLN0$Status","1234","5678",""
"13286","67.536883414","ipcas_21:73:33","143","0","4712","LIED12CTRL/LLN0$Status","1234","5678",""
"13287","67.539381285","ipcas_21:73:33","143","0","4713","LIED12CTRL/LLN0$Status","1234","5678",""
"13288","67.543139074","ipcas_21:73:33","143","0","4714","LIED12CTRL/LLN0$Status","1234","5678",""
"13289","67.545494149","ipcas_21:73:33","143","0","4715","LIED12CTRL/LLN0$Status","1234","5678",""
"13290","67.548144650","ipcas_21:73:33","143","0","4716","LIED12CTRL/LLN0$Status","1234","5678",""
"13291","67.550648688","ipcas_21:73:33","143","0","4717","LIED12CTRL/LLN0$Status","1234","5678",""
"13292","67.553148816","ipcas_21:73:33","143","0","4718","LIED12CTRL/LLN0$Status","1234","5678",""
"13293","67.556789078","ipcas_21:73:33","143","0","4719","LIED12CTRL/LLN0$Status","1234","5678",""
"13294","67.559392335","ipcas_21:73:33","143","0","4720","LIED12CTRL/LLN0$Status","1234","5678",""
"13295","67.563141819","ipcas_21:73:33","143","0","4721","LIED12CTRL/LLN0$Status","1234","5678",""
"13296","67.567096558","ipcas_21:73:33","143","0","4722","LIED12CTRL/LLN0$Status","1234","5678",""
"13297","67.569605909","ipcas_21:73:33","143","0","4723","LIED12CTRL/LLN0$Status","1234","5678",""
"13298","67.571866066","ipcas_21:73:33","143","0","4724","LIED12CTRL/LLN0$Status","1234","5678",""
"13299","67.574443328","ipcas_21:73:33","143","0","4725","LIED12CTRL/LLN0$Status","1234","5678",""
"13300","67.576790723","ipcas_21:73:33","143","0","4726","LIED12CTRL/LLN0$Status","1234","5678",""
"13301","67.579690705","ipcas_21:73:33","143","0","4727","LIED12CTRL/LLN0$Status","1234","5678",""
"13302","67.583138687","ipcas_21:73:33","143","0","4728","LIED12CTRL/LLN0$Status","1234","5678",""
"13304","67.586879833","ipcas_21:73:33","143","0","4729","LIED12CTRL/LLN0$Status","1234","5678",""
"13305","67.589369964","ipcas_21:73:33","143","0","4730","LIED12CTRL/LLN0$Status","1234","5678",""
"13306","67.591905077","ipcas_21:73:33","143","0","4731","LIED12CTRL/LLN0$Status","1234","5678",""
"13307","67.594447492","ipcas_21:73:33","143","0","4732","LIED12CTRL/LLN0$Status","1234","5678",""
"13308","67.598179003","ipcas_21:73:33","143","0","4733","LIED12CTRL/LLN0$Status","1234","5678",""
"13309","67.601930162","ipcas_21:73:33","143","0","4734","LIED12CTRL/LLN0$Status","1234","5678",""
"13310","67.605621644","ipcas_21:73:33","143","0","4735","LIED12CTRL/LLN0$Status","1234","5678",""
"13311","67.608123681","ipcas_21:73:33","143","0","4736","LIED12CTRL/LLN0$Status","1234","5678",""
"13312","67.611877198","ipcas_21:73:33","143","0","4737","LIED12CTRL/LLN0$Status","1234","5678",""
"13313","67.614688191","ipcas_21:73:33","143","0","4738","LIED12CTRL/LLN0$Status","1234","5678",""
"13314","67.618043530","ipcas_21:73:33","143","0","4739","LIED12CTRL/LLN0$Status","1234","5678",""
"13315","67.620542543","ipcas_21:73:33","143","0","4740","LIED12CTRL/LLN0$Status","1234","5678",""
"13316","67.623157457","ipcas_21:73:33","143","0","4741","LIED12CTRL/LLN0$Status","1234","5678",""
"13317","67.626912551","ipcas_21:73:33","143","0","4742","LIED12CTRL/LLN0$Status","1234","5678",""
"13318","67.629411663","ipcas_21:73:33","143","0","4743","LIED12CTRL/LLN0$Status","1234","5678",""
"13319","67.633167419","ipcas_21:73:33","143","0","4744","LIED12CTRL/LLN0$Status","1234","5678",""
"13320","67.636914273","ipcas_21:73:33","143","0","4745","LIED12CTRL/LLN0$Status","1234","5678",""
"13321","67.640640140","ipcas_21:73:33","143","0","4746","LIED12CTRL/LLN0$Status","1234","5678",""
"13322","67.643166814","ipcas_21:73:33","143","0","4747","LIED12CTRL/LLN0$Status","1234","5678",""
"13323","67.646878046","ipcas_21:73:33","143","0","4748","LIED12CTRL/LLN0$Status","1234","5678",""
"13324","67.649399560","ipcas_21:73:33","143","0","4749","LIED12CTRL/LLN0$Status","1234","5678",""
"13325","67.652011564","ipcas_21:73:33","143","0","4750","LIED12CTRL/LLN0$Status","1234","5678",""
"13326","67.655663647","ipcas_21:73:33","143","0","4751","LIED12CTRL/LLN0$Status","1234","5678",""
"13327","67.659410375","ipcas_21:73:33","143","0","4752","LIED12CTRL/LLN0$Status","1234","5678",""
"13328","67.661798466","ipcas_21:73:33","143","0","4753","LIED12CTRL/LLN0$Status","1234","5678",""
"13329","67.664494035","ipcas_21:73:33","143","0","4754","LIED12CTRL/LLN0$Status","1234","5678",""
"13330","67.666789818","ipcas_21:73:33","143","0","4755","LIED12CTRL/LLN0$Status","1234","5678",""
"13331","67.669394138","ipcas_21:73:33","143","0","4756","LIED12CTRL/LLN0$Status","1234","5678",""
"13332","67.671790085","ipcas_21:73:33","143","0","4757","LIED12CTRL/LLN0$Status","1234","5678",""
"13333","67.674412949","ipcas_21:73:33","143","0","4758","LIED12CTRL/LLN0$Status","1234","5678",""
"13334","67.676783486","ipcas_21:73:33","143","0","4759","LIED12CTRL/LLN0$Status","1234","5678",""
"13335","67.679465514","ipcas_21:73:33","143","0","4760","LIED12CTRL/LLN0$Status","1234","5678",""
"13336","67.683166456","ipcas_21:73:33","143","0","4761","LIED12CTRL/LLN0$Status","1234","5678",""
"13337","67.687195514","ipcas_21:73:33","143","0","4762","LIED12CTRL/LLN0$Status","1234","5678",""
"13338","67.689940898","ipcas_21:73:33","143","0","4763","LIED12CTRL/LLN0$Status","1234","5678",""
"13339","67.693263715","ipcas_21:73:33","143","0","4764","LIED12CTRL/LLN0$Status","1234","5678",""
"13342","67.697014609","ipcas_21:73:33","143","0","4765","LIED12CTRL/LLN0$Status","1234","5678",""
"13343","67.700553308","ipcas_21:73:33","143","0","4766","LIED12CTRL/LLN0$Status","1234","5678",""
"13344","67.704435005","ipcas_21:73:33","143","0","4767","LIED12CTRL/LLN0$Status","1234","5678",""
"13345","67.706919277","ipcas_21:73:33","143","0","4768","LIED12CTRL/LLN0$Status","1234","5678",""
"13346","67.710231037","ipcas_21:73:33","143","0","4769","LIED12CTRL/LLN0$Status","1234","5678",""
"13347","67.713297053","ipcas_21:73:33","143","0","4770","LIED12CTRL/LLN0$Status","1234","5678",""
"13348","67.715596804","ipcas_21:73:33","143","0","4771","LIED12CTRL/LLN0$Status","1234","5678",""
"13349","67.718253084","ipcas_21:73:33","143","0","4772","LIED12CTRL/LLN0$Status","1234","5678",""
"13350","67.721918680","ipcas_21:73:33","143","0","4773","LIED12CTRL/LLN0$Status","1234","5678",""
"13351","67.724400356","ipcas_21:73:33","143","0","4774","LIED12CTRL/LLN0$Status","1234","5678",""
"13352","67.726834792","ipcas_21:73:33","143","0","4775","LIED12CTRL/LLN0$Status","1234","5678",""
"13353","67.729448761","ipcas_21:73:33","143","0","4776","LIED12CTRL/LLN0$Status","1234","5678",""
"13354","67.732048371","ipcas_21:73:33","143","0","4777","LIED12CTRL/LLN0$Status","1234","5678",""
"13355","67.734390993","ipcas_21:73:33","143","0","4778","LIED12CTRL/LLN0$Status","1234","5678",""
"13356","67.736834534","ipcas_21:73:33","143","0","4779","LIED12CTRL/LLN0$Status","1234","5678",""
"13357","67.739498723","ipcas_21:73:33","143","0","4780","LIED12CTRL/LLN0$Status","1234","5678",""
"13358","67.741771927","ipcas_21:73:33","143","0","4781","LIED12CTRL/LLN0$Status","1234","5678",""
"13359","67.744390278","ipcas_21:73:33","143","0","4782","LIED12CTRL/LLN0$Status","1234","5678",""
"13360","67.746841126","ipcas_21:73:33","143","0","4783","LIED12CTRL/LLN0$Status","1234","5678",""
"13361","67.749263929","ipcas_21:73:33","143","0","4784","LIED12CTRL/LLN0$Status","1234","5678",""
"13362","67.751847794","ipcas_21:73:33","143","0","4785","LIED12CTRL/LLN0$Status","1234","5678",""
"13363","67.754417311","ipcas_21:73:33","143","0","4786","LIED12CTRL/LLN0$Status","1234","5678",""
"13364","67.756778365","ipcas_21:73:33","143","0","4787","LIED12CTRL/LLN0$Status","1234","5678",""
"13365","67.759258099","ipcas_21:73:33","143","0","4788","LIED12CTRL/LLN0$Status","1234","5678",""
"13366","67.761918046","ipcas_21:73:33","143","0","4789","LIED12CTRL/LLN0$Status","1234","5678",""
"13367","67.764234505","ipcas_21:73:33","143","0","4790","LIED12CTRL/LLN0$Status","1234","5678",""
"13368","67.768104146","ipcas_21:73:33","143","0","4791","LIED12CTRL/LLN0$Status","1234","5678",""
"13369","67.770512296","ipcas_21:73:33","143","0","4792","LIED12CTRL/LLN0$Status","1234","5678",""
"13370","67.773251360","ipcas_21:73:33","143","0","4793","LIED12CTRL/LLN0$Status","1234","5678",""
"13371","67.775861263","ipcas_21:73:33","143","0","4794","LIED12CTRL/LLN0$Status","1234","5678",""
"13372","67.777976244","ipcas_21:73:33","143","0","4795","LIED12CTRL/LLN0$Status","1234","5678",""
"13373","67.780820695","ipcas_21:73:33","143","0","4796","LIED12CTRL/LLN0$Status","1234","5678",""
"13374","67.783001406","ipcas_21:73:33","143","0","4797","LIED12CTRL/LLN0$Status","1234","5678",""
"13375","67.785549731","ipcas_21:73:33","143","0","4798","LIED12CTRL/LLN0$Status","1234","5678",""
"13376","67.788132557","ipcas_21:73:33","143","0","4799","LIED12CTRL/LLN0$Status","1234","5678",""
"13377","67.790513418","ipcas_21:73:33","143","0","4800","LIED12CTRL/LLN0$Status","1234","5678",""
"13378","67.793033258","ipcas_21:73:33","143","0","4801","LIED12CTRL/LLN0$Status","1234","5678",""
"13379","67.795623434","ipcas_21:73:33","143","0","4802","LIED12CTRL/LLN0$Status","1234","5678",""
"13380","67.798072936","ipcas_21:73:33","143","0","4803","LIED12CTRL/LLN0$Status","1234","5678",""
"13381","67.800487581","ipcas_21:73:33","143","0","4804","LIED12CTRL/LLN0$Status","1234","5678",""
"13382","67.803012008","ipcas_21:73:33","143","0","4805","LIED12CTRL/LLN0$Status","1234","5678",""
"13383","67.805213416","ipcas_21:73:33","143","0","4806","LIED12CTRL/LLN0$Status","1234","5678",""
"13384","67.808029248","ipcas_21:73:33","143","0","4807","LIED12CTRL/LLN0$Status","1234","5678",""
"13385","67.810656719","ipcas_21:73:33","143","0","4808","LIED12CTRL/LLN0$Status","1234","5678",""
"13386","67.812998996","ipcas_21:73:33","143","0","4809","LIED12CTRL/LLN0$Status","1234","5678",""
"13387","67.815568109","ipcas_21:73:33","143","0","4810","LIED12CTRL/LLN0$Status","1234","5678",""
"13388","67.818084465","ipcas_21:73:33","143","0","4811","LIED12CTRL/LLN0$Status","1234","5678",""
"13389","67.820485603","ipcas_21:73:33","143","0","4812","LIED12CTRL/LLN0$Status","1234","5678",""
"13390","67.822979668","ipcas_21:73:33","143","0","4813","LIED12CTRL/LLN0$Status","1234","5678",""
"13391","67.825442406","ipcas_21:73:33","143","0","4814","LIED12CTRL/LLN0$Status","1234","5678",""
"13392","67.827943080","ipcas_21:73:33","143","0","4815","LIED12CTRL/LLN0$Status","1234","5678",""
"13393","67.830444815","ipcas_21:73:33","143","0","4816","LIED12CTRL/LLN0$Status","1234","5678",""
"13394","67.832937822","ipcas_21:73:33","143","0","4817","LIED12CTRL/LLN0$Status","1234","5678",""
"13395","67.835201814","ipcas_21:73:33","143","0","4818","LIED12CTRL/LLN0$Status","1234","5678",""
"13396","67.838286371","ipcas_21:73:33","143","0","4819","LIED12CTRL/LLN0$Status","1234","5678",""
"13397","67.840475982","ipcas_21:73:33","143","0","4820","LIED12CTRL/LLN0$Status","1234","5678",""
"13398","67.842975560","ipcas_21:73:33","143","0","4821","LIED12CTRL/LLN0$Status","1234","5678",""
"13399","67.845502223","ipcas_21:73:33","143","0","4822","LIED12CTRL/LLN0$Status","1234","5678",""
"13400","67.847998151","ipcas_21:73:33","143","0","4823","LIED12CTRL/LLN0$Status","1234","5678",""
"13401","67.850151701","ipcas_21:73:33","143","0","4824","LIED12CTRL/LLN0$Status","1234","5678",""
"13402","67.852976826","ipcas_21:73:33","143","0","4825","LIED12CTRL/LLN0$Status","1234","5678",""
"13403","67.855239073","ipcas_21:73:33","143","0","4826","LIED12CTRL/LLN0$Status","1234","5678",""
"13404","67.858027804","ipcas_21:73:33","143","0","4827","LIED12CTRL/LLN0$Status","1234","5678",""
"13405","67.860487584","ipcas_21:73:33","143","0","4828","LIED12CTRL/LLN0$Status","1234","5678",""
"13406","67.862986203","ipcas_21:73:33","143","0","4829","LIED12CTRL/LLN0$Status","1234","5678",""
"13407","67.865515016","ipcas_21:73:33","143","0","4830","LIED12CTRL/LLN0$Status","1234","5678",""
"13408","67.867990627","ipcas_21:73:33","143","0","4831","LIED12CTRL/LLN0$Status","1234","5678",""
"13409","67.870461378","ipcas_21:73:33","143","0","4832","LIED12CTRL/LLN0$Status","1234","5678",""
"13410","67.873001278","ipcas_21:73:33","143","0","4833","LIED12CTRL/LLN0$Status","1234","5678",""
"13411","67.875451952","ipcas_21:73:33","143","0","4834","LIED12CTRL/LLN0$Status","1234","5678",""
"13412","67.878735140","ipcas_21:73:33","143","0","4835","LIED12CTRL/LLN0$Status","1234","5678",""
"13413","67.881737242","ipcas_21:73:33","143","0","4836","LIED12CTRL/LLN0$Status","1234","5678",""
"13414","67.884184833","ipcas_21:73:33","143","0","4837","LIED12CTRL/LLN0$Status","1234","5678",""
"13415","67.886686690","ipcas_21:73:33","143","0","4838","LIED12CTRL/LLN0$Status","1234","5678",""
"13416","67.889185378","ipcas_21:73:33","143","0","4839","LIED12CTRL/LLN0$Status","1234","5678",""
"13417","67.891679569","ipcas_21:73:33","143","0","4840","LIED12CTRL/LLN0$Status","1234","5678",""
"13418","67.894265152","ipcas_21:73:33","143","0","4841","LIED12CTRL/LLN0$Status","1234","5678",""
"13419","67.896746563","ipcas_21:73:33","143","0","4842","LIED12CTRL/LLN0$Status","1234","5678",""
"13420","67.899311497","ipcas_21:73:33","143","0","4843","LIED12CTRL/LLN0$Status","1234","5678",""
"13421","67.901750905","ipcas_21:73:33","143","0","4844","LIED12CTRL/LLN0$Status","1234","5678",""
"13422","67.904294031","ipcas_21:73:33","143","0","4845","LIED12CTRL/LLN0$Status","1234","5678",""
"13423","67.906784214","ipcas_21:73:33","143","0","4846","LIED12CTRL/LLN0$Status","1234","5678",""
"13424","67.909229124","ipcas_21:73:33","143","0","4847","LIED12CTRL/LLN0$Status","1234","5678",""
"13425","67.911791373","ipcas_21:73:33","143","0","4848","LIED12CTRL/LLN0$Status","1234","5678",""
"13426","67.914434333","ipcas_21:73:33","143","0","4849","LIED12CTRL/LLN0$Status","1234","5678",""
"13427","67.918150678","ipcas_21:73:33","143","0","4850","LIED12CTRL/LLN0$Status","1234","5678",""
"13428","67.920553452","ipcas_21:73:33","143","0","4851","LIED12CTRL/LLN0$Status","1234","5678",""
"13429","67.922966326","ipcas_21:73:33","143","0","4852","LIED12CTRL/LLN0$Status","1234","5678",""
"13430","67.925594446","ipcas_21:73:33","143","0","4853","LIED12CTRL/LLN0$Status","1234","5678",""
"13431","67.928002442","ipcas_21:73:33","143","0","4854","LIED12CTRL/LLN0$Status","1234","5678",""
"13432","67.930502058","ipcas_21:73:33","143","0","4855","LIED12CTRL/LLN0$Status","1234","5678",""
"13433","67.933111142","ipcas_21:73:33","143","0","4856","LIED12CTRL/LLN0$Status","1234","5678",""
"13434","67.935500673","ipcas_21:73:33","143","0","4857","LIED12CTRL/LLN0$Status","1234","5678",""
"13435","67.938096694","ipcas_21:73:33","143","0","4858","LIED12CTRL/LLN0$Status","1234","5678",""
"13436","67.940519881","ipcas_21:73:33","143","0","4859","LIED12CTRL/LLN0$Status","1234","5678",""
"13437","67.943200440","ipcas_21:73:33","143","0","4860","LIED12CTRL/LLN0$Status","1234","5678",""
"13438","67.945524047","ipcas_21:73:33","143","0","4861","LIED12CTRL/LLN0$Status","1234","5678",""
"13439","67.948148934","ipcas_21:73:33","143","0","4862","LIED12CTRL/LLN0$Status","1234","5678",""
"13440","67.950634385","ipcas_21:73:33","143","0","4863","LIED12CTRL/LLN0$Status","1234","5678",""
"13441","67.953145343","ipcas_21:73:33","143","0","4864","LIED12CTRL/LLN0$Status","1234","5678",""
"13442","67.955706502","ipcas_21:73:33","143","0","4865","LIED12CTRL/LLN0$Status","1234","5678",""
"13443","67.958160868","ipcas_21:73:33","143","0","4866","LIED12CTRL/LLN0$Status","1234","5678",""
"13444","67.960805684","ipcas_21:73:33","143","0","4867","LIED12CTRL/LLN0$Status","1234","5678",""
"13445","67.963298456","ipcas_21:73:33","143","0","4868","LIED12CTRL/LLN0$Status","1234","5678",""
"13446","67.965643813","ipcas_21:73:33","143","0","4869","LIED12CTRL/LLN0$Status","1234","5678",""
"13447","67.968171502","ipcas_21:73:33","143","0","4870","LIED12CTRL/LLN0$Status","1234","5678",""
"13451","67.970673230","ipcas_21:73:33","143","0","4871","LIED12CTRL/LLN0$Status","1234","5678",""
"13452","67.973237013","ipcas_21:73:33","143","0","4872","LIED12CTRL/LLN0$Status","1234","5678",""
"13453","67.975775012","ipcas_21:73:33","143","0","4873","LIED12CTRL/LLN0$Status","1234","5678",""
"13457","67.978547168","ipcas_21:73:33","143","0","4874","LIED12CTRL/LLN0$Status","1234","5678",""
"13458","67.981796033","ipcas_21:73:33","143","0","4875","LIED12CTRL/LLN0$Status","1234","5678",""
"13459","67.984342433","ipcas_21:73:33","143","0","4876","LIED12CTRL/LLN0$Status","1234","5678",""
"13460","67.986920929","ipcas_21:73:33","143","0","4877","LIED12CTRL/LLN0$Status","1234","5678",""
"13464","67.989350029","ipcas_21:73:33","143","0","4878","LIED12CTRL/LLN0$Status","1234","5678",""
"13465","67.991887696","ipcas_21:73:33","143","0","4879","LIED12CTRL/LLN0$Status","1234","5678",""
"13466","67.994776351","ipcas_21:73:33","143","0","4880","LIED12CTRL/LLN0$Status","1234","5678",""
"13471","67.998274299","ipcas_21:73:33","143","0","4881","LIED12CTRL/LLN0$Status","1234","5678",""
"13472","68.002971895","ipcas_21:73:33","143","0","4882","LIED12CTRL/LLN0$Status","1234","5678",""
"13476","68.002979234","ipcas_21:73:33","143","0","4883","LIED12CTRL/LLN0$Status","1234","5678",""
"13478","68.004280235","ipcas_21:73:33","143","0","4884","LIED12CTRL/LLN0$Status","1234","5678",""
"13481","68.006856231","ipcas_21:73:33","143","0","4885","LIED12CTRL/LLN0$Status","1234","5678",""
"13487","68.009303271","ipcas_21:73:33","143","0","4886","LIED12CTRL/LLN0$Status","1234","5678",""
"13488","68.011700201","ipcas_21:73:33","143","0","4887","LIED12CTRL/LLN0$Status","1234","5678",""
"13489","68.014672183","ipcas_21:73:33","143","0","4888","LIED12CTRL/LLN0$Status","1234","5678",""
"13490","68.016754615","ipcas_21:73:33","143","0","4889","LIED12CTRL/LLN0$Status","1234","5678",""
"13491","68.019245680","ipcas_21:73:33","143","0","4890","LIED12CTRL/LLN0$Status","1234","5678",""
"13492","68.021787422","ipcas_21:73:33","143","0","4891","LIED12CTRL/LLN0$Status","1234","5678",""
"13493","68.024231323","ipcas_21:73:33","143","0","4892","LIED12CTRL/LLN0$Status","1234","5678",""
"13494","68.026745974","ipcas_21:73:33","143","0","4893","LIED12CTRL/LLN0$Status","1234","5678",""
"13495","68.029196238","ipcas_21:73:33","143","0","4894","LIED12CTRL/LLN0$Status","1234","5678",""
"13496","68.031886868","ipcas_21:73:33","143","0","4895","LIED12CTRL/LLN0$Status","1234","5678",""
"13497","68.034317103","ipcas_21:73:33","143","0","4896","LIED12CTRL/LLN0$Status","1234","5678",""
"13498","68.036745677","ipcas_21:73:33","143","0","4897","LIED12CTRL/LLN0$Status","1234","5678",""
"13499","68.039359482","ipcas_21:73:33","143","0","4898","LIED12CTRL/LLN0$Status","1234","5678",""
"13500","68.041861914","ipcas_21:73:33","143","0","4899","LIED12CTRL/LLN0$Status","1234","5678",""
"13501","68.044272734","ipcas_21:73:33","143","0","4900","LIED12CTRL/LLN0$Status","1234","5678",""
"13502","68.046749669","ipcas_21:73:33","143","0","4901","LIED12CTRL/LLN0$Status","1234","5678",""
"13503","68.049358790","ipcas_21:73:33","143","0","4902","LIED12CTRL/LLN0$Status","1234","5678",""
"13504","68.051771447","ipcas_21:73:33","143","0","4903","LIED12CTRL/LLN0$Status","1234","5678",""
"13505","68.054293685","ipcas_21:73:33","143","0","4904","LIED12CTRL/LLN0$Status","1234","5678",""
"13506","68.056765544","ipcas_21:73:33","143","0","4905","LIED12CTRL/LLN0$Status","1234","5678",""
"13507","68.059279639","ipcas_21:73:33","143","0","4906","LIED12CTRL/LLN0$Status","1234","5678",""
"13508","68.061774122","ipcas_21:73:33","143","0","4907","LIED12CTRL/LLN0$Status","1234","5678",""
"13509","68.064427113","ipcas_21:73:33","143","0","4908","LIED12CTRL/LLN0$Status","1234","5678",""
"13510","68.066791004","ipcas_21:73:33","143","0","4909","LIED12CTRL/LLN0$Status","1234","5678",""
"13511","68.069313883","ipcas_21:73:33","143","0","4910","LIED12CTRL/LLN0$Status","1234","5678",""
"13512","68.071726634","ipcas_21:73:33","143","0","4911","LIED12CTRL/LLN0$Status","1234","5678",""
"13513","68.074299681","ipcas_21:73:33","143","0","4912","LIED12CTRL/LLN0$Status","1234","5678",""
"13514","68.076861373","ipcas_21:73:33","143","0","4913","LIED12CTRL/LLN0$Status","1234","5678",""
"13515","68.079379881","ipcas_21:73:33","143","0","4914","LIED12CTRL/LLN0$Status","1234","5678",""
"13516","68.081856195","ipcas_21:73:33","143","0","4915","LIED12CTRL/LLN0$Status","1234","5678",""
"13517","68.084317171","ipcas_21:73:33","143","0","4916","LIED12CTRL/LLN0$Status","1234","5678",""
"13518","68.086832370","ipcas_21:73:33","143","0","4917","LIED12CTRL/LLN0$Status","1234","5678",""
"13519","68.089314340","ipcas_21:73:33","143","0","4918","LIED12CTRL/LLN0$Status","1234","5678",""
"13520","68.125936084","ipcas_21:73:33","143","0","4919","LIED12CTRL/LLN0$Status","1234","5678",""
"13521","68.127956072","ipcas_21:73:33","143","0","4920","LIED12CTRL/LLN0$Status","1234","5678",""
"13522","68.130448353","ipcas_21:73:33","143","0","4921","LIED12CTRL/LLN0$Status","1234","5678",""
"13523","68.132951230","ipcas_21:73:33","143","0","4922","LIED12CTRL/LLN0$Status","1234","5678",""
"13524","68.135446775","ipcas_21:73:33","143","0","4923","LIED12CTRL/LLN0$Status","1234","5678",""
"13525","68.137942129","ipcas_21:73:33","143","0","4924","LIED12CTRL/LLN0$Status","1234","5678",""
"13526","68.140466211","ipcas_21:73:33","143","0","4925","LIED12CTRL/LLN0$Status","1234","5678",""
"13527","68.142967644","ipcas_21:73:33","143","0","4926","LIED12CTRL/LLN0$Status","1234","5678",""
"13528","68.145449294","ipcas_21:73:33","143","0","4927","LIED12CTRL/LLN0$Status","1234","5678",""
"13529","68.147945980","ipcas_21:73:33","143","0","4928","LIED12CTRL/LLN0$Status","1234","5678",""
"13530","68.150447858","ipcas_21:73:33","143","0","4929","LIED12CTRL/LLN0$Status","1234","5678",""
"13531","68.152942819","ipcas_21:73:33","143","0","4930","LIED12CTRL/LLN0$Status","1234","5678",""
"13532","68.155449983","ipcas_21:73:33","143","0","4931","LIED12CTRL/LLN0$Status","1234","5678",""
"13533","68.157968603","ipcas_21:73:33","143","0","4932","LIED12CTRL/LLN0$Status","1234","5678",""
"13534","68.160613419","ipcas_21:73:33","143","0","4933","LIED12CTRL/LLN0$Status","1234","5678",""
"13535","68.163043565","ipcas_21:73:33","143","0","4934","LIED12CTRL/LLN0$Status","1234","5678",""
"13536","68.165541852","ipcas_21:73:33","143","0","4935","LIED12CTRL/LLN0$Status","1234","5678",""
"13537","68.168037845","ipcas_21:73:33","143","0","4936","LIED12CTRL/LLN0$Status","1234","5678",""
"13538","68.170573475","ipcas_21:73:33","143","0","4937","LIED12CTRL/LLN0$Status","1234","5678",""
"13539","68.173187520","ipcas_21:73:33","143","0","4938","LIED12CTRL/LLN0$Status","1234","5678",""
"13540","68.175594694","ipcas_21:73:33","143","0","4939","LIED12CTRL/LLN0$Status","1234","5678",""
"13541","68.178022689","ipcas_21:73:33","143","0","4940","LIED12CTRL/LLN0$Status","1234","5678",""
"13542","68.180549743","ipcas_21:73:33","143","0","4941","LIED12CTRL/LLN0$Status","1234","5678",""
"13543","68.183028479","ipcas_21:73:33","143","0","4942","LIED12CTRL/LLN0$Status","1234","5678",""
"13544","68.185525433","ipcas_21:73:33","143","0","4943","LIED12CTRL/LLN0$Status","1234","5678",""
"13545","68.188026929","ipcas_21:73:33","143","0","4944","LIED12CTRL/LLN0$Status","1234","5678",""
"13546","68.190666736","ipcas_21:73:33","143","0","4945","LIED12CTRL/LLN0$Status","1234","5678",""
"13547","68.193200162","ipcas_21:73:33","143","0","4946","LIED12CTRL/LLN0$Status","1234","5678",""
"13548","68.195688720","ipcas_21:73:33","143","0","4947","LIED12CTRL/LLN0$Status","1234","5678",""
"13549","68.198184869","ipcas_21:73:33","143","0","4948","LIED12CTRL/LLN0$Status","1234","5678",""
"13550","68.200687457","ipcas_21:73:33","143","0","4949","LIED12CTRL/LLN0$Status","1234","5678",""
"13551","68.203187244","ipcas_21:73:33","143","0","4950","LIED12CTRL/LLN0$Status","1234","5678",""
"13552","68.205687710","ipcas_21:73:33","143","0","4951","LIED12CTRL/LLN0$Status","1234","5678",""
"13553","68.208179582","ipcas_21:73:33","143","0","4952","LIED12CTRL/LLN0$Status","1234","5678",""
"13554","68.210687192","ipcas_21:73:33","143","0","4953","LIED12CTRL/LLN0$Status","1234","5678",""
"13555","68.213184260","ipcas_21:73:33","143","0","4954","LIED12CTRL/LLN0$Status","1234","5678",""
"13556","68.215706904","ipcas_21:73:33","143","0","4955","LIED12CTRL/LLN0$Status","1234","5678",""
"13557","68.218178694","ipcas_21:73:33","143","0","4956","LIED12CTRL/LLN0$Status","1234","5678",""
"13558","68.220692450","ipcas_21:73:33","143","0","4957","LIED12CTRL/LLN0$Status","1234","5678",""
"13559","68.223184824","ipcas_21:73:33","143","0","4958","LIED12CTRL/LLN0$Status","1234","5678",""
"13560","68.226112779","ipcas_21:73:33","143","0","4959","LIED12CTRL/LLN0$Status","1234","5678",""
"13561","68.228128915","ipcas_21:73:33","143","0","4960","LIED12CTRL/LLN0$Status","1234","5678",""
"13562","68.230636423","ipcas_21:73:33","143","0","4961","LIED12CTRL/LLN0$Status","1234","5678",""
"13563","68.233141456","ipcas_21:73:33","143","0","4962","LIED12CTRL/LLN0$Status","1234","5678",""
"13564","68.235500632","ipcas_21:73:33","143","0","4963","LIED12CTRL/LLN0$Status","1234","5678",""
"13565","68.238173478","ipcas_21:73:33","143","0","4964","LIED12CTRL/LLN0$Status","1234","5678",""
"13566","68.240508500","ipcas_21:73:33","143","0","4965","LIED12CTRL/LLN0$Status","1234","5678",""
"13567","68.243018948","ipcas_21:73:33","143","0","4966","LIED12CTRL/LLN0$Status","1234","5678",""
"13568","68.245564061","ipcas_21:73:33","143","0","4967","LIED12CTRL/LLN0$Status","1234","5678",""
"13569","68.248064403","ipcas_21:73:33","143","0","4968","LIED12CTRL/LLN0$Status","1234","5678",""
"13570","68.250564618","ipcas_21:73:33","143","0","4969","LIED12CTRL/LLN0$Status","1234","5678",""
"13571","68.253063303","ipcas_21:73:33","143","0","4970","LIED12CTRL/LLN0$Status","1234","5678",""
"13572","68.255589695","ipcas_21:73:33","143","0","4971","LIED12CTRL/LLN0$Status","1234","5678",""
"13573","68.258099394","ipcas_21:73:33","143","0","4972","LIED12CTRL/LLN0$Status","1234","5678",""
"13574","68.260583300","ipcas_21:73:33","143","0","4973","LIED12CTRL/LLN0$Status","1234","5678",""
"13575","68.263100710","ipcas_21:73:33","143","0","4974","LIED12CTRL/LLN0$Status","1234","5678",""
"13576","68.265594493","ipcas_21:73:33","143","0","4975","LIED12CTRL/LLN0$Status","1234","5678",""
"13577","68.268096981","ipcas_21:73:33","143","0","4976","LIED12CTRL/LLN0$Status","1234","5678",""
"13578","68.270672330","ipcas_21:73:33","143","0","4977","LIED12CTRL/LLN0$Status","1234","5678",""
"13579","68.273179612","ipcas_21:73:33","143","0","4978","LIED12CTRL/LLN0$Status","1234","5678",""
"13580","68.275602433","ipcas_21:73:33","143","0","4979","LIED12CTRL/LLN0$Status","1234","5678",""
"13581","68.278042153","ipcas_21:73:33","143","0","4980","LIED12CTRL/LLN0$Status","1234","5678",""
"13582","68.280651444","ipcas_21:73:33","143","0","4981","LIED12CTRL/LLN0$Status","1234","5678",""
"13583","68.283190161","ipcas_21:73:33","143","0","4982","LIED12CTRL/LLN0$Status","1234","5678",""
"13584","68.285716724","ipcas_21:73:33","143","0","4983","LIED12CTRL/LLN0$Status","1234","5678",""
"13585","68.288100750","ipcas_21:73:33","143","0","4984","LIED12CTRL/LLN0$Status","1234","5678",""
"13586","68.290598637","ipcas_21:73:33","143","0","4985","LIED12CTRL/LLN0$Status","1234","5678",""
"13587","68.293173334","ipcas_21:73:33","143","0","4986","LIED12CTRL/LLN0$Status","1234","5678",""
"13588","68.295597901","ipcas_21:73:33","143","0","4987","LIED12CTRL/LLN0$Status","1234","5678",""
"13589","68.298093670","ipcas_21:73:33","143","0","4988","LIED12CTRL/LLN0$Status","1234","5678",""
"13590","68.300699723","ipcas_21:73:33","143","0","4989","LIED12CTRL/LLN0$Status","1234","5678",""
"13591","68.303174904","ipcas_21:73:33","143","0","4990","LIED12CTRL/LLN0$Status","1234","5678",""
"13592","68.305562088","ipcas_21:73:33","143","0","4991","LIED12CTRL/LLN0$Status","1234","5678",""
"13593","68.308125844","ipcas_21:73:33","143","0","4992","LIED12CTRL/LLN0$Status","1234","5678",""
"13594","68.310639119","ipcas_21:73:33","143","0","4993","LIED12CTRL/LLN0$Status","1234","5678",""
"13595","68.313131520","ipcas_21:73:33","143","0","4994","LIED12CTRL/LLN0$Status","1234","5678",""
"13596","68.315640308","ipcas_21:73:33","143","0","4995","LIED12CTRL/LLN0$Status","1234","5678",""
"13597","68.318123903","ipcas_21:73:33","143","0","4996","LIED12CTRL/LLN0$Status","1234","5678",""
"13598","68.320633042","ipcas_21:73:33","143","0","4997","LIED12CTRL/LLN0$Status","1234","5678",""
"13599","68.323134537","ipcas_21:73:33","143","0","4998","LIED12CTRL/LLN0$Status","1234","5678",""
"13600","68.325698184","ipcas_21:73:33","143","0","4999","LIED12CTRL/LLN0$Status","1234","5678",""
