"No.","Time","Source","Length","stNum","sqNum","goID"
"583","0.000000000","ipcas_21:73:33","149","1","10","LIED10CTRL/LLN0$Status"
"586","0.006275870","ipcas_21:73:33","142","0","0","LIED10CTRL/LLN0$Status"
"587","0.002006623","ipcas_21:73:33","142","0","1","LIED10CTRL/LLN0$Status"
"591","0.001848505","ipcas_21:73:33","142","0","2","LIED10CTRL/LLN0$Status"
"592","0.002098075","ipcas_21:73:33","142","0","3","LIED10CTRL/LLN0$Status"
"593","0.002122453","ipcas_21:73:33","142","0","4","LIED10CTRL/LLN0$Status"
"594","0.001907580","ipcas_21:73:33","142","0","5","LIED10CTRL/LLN0$Status"
"598","0.002070797","ipcas_21:73:33","142","0","6","LIED10CTRL/LLN0$Status"
"599","0.002011663","ipcas_21:73:33","142","0","7","LIED10CTRL/LLN0$Status"
"603","0.001872200","ipcas_21:73:33","142","0","8","LIED10CTRL/LLN0$Status"
"604","0.002056805","ipcas_21:73:33","142","0","9","LIED10CTRL/LLN0$Status"
"605","0.001988006","ipcas_21:73:33","142","0","10","LIED10CTRL/LLN0$Status"
"606","0.002000378","ipcas_21:73:33","142","0","11","LIED10CTRL/LLN0$Status"
"607","0.002098359","ipcas_21:73:33","142","0","12","LIED10CTRL/LLN0$Status"
"609","0.002187130","ipcas_21:73:33","142","0","13","LIED10CTRL/LLN0$Status"
"610","0.001818927","ipcas_21:73:33","142","0","14","LIED10CTRL/LLN0$Status"
"613","0.002089449","ipcas_21:73:33","142","0","15","LIED10CTRL/LLN0$Status"
"617","0.001804898","ipcas_21:73:33","142","0","16","LIED10CTRL/LLN0$Status"
"618","0.001979367","ipcas_21:73:33","142","0","17","LIED10CTRL/LLN0$Status"
"622","0.001968129","ipcas_21:73:33","142","0","18","LIED10CTRL/LLN0$Status"
"623","0.002066260","ipcas_21:73:33","142","0","19","LIED10CTRL/LLN0$Status"
"627","0.001974737","ipcas_21:73:33","142","0","20","LIED10CTRL/LLN0$Status"
"628","0.002729892","ipcas_21:73:33","142","0","21","LIED10CTRL/LLN0$Status"
"632","0.001302059","ipcas_21:73:33","142","0","22","LIED10CTRL/LLN0$Status"
"633","0.002881147","ipcas_21:73:33","142","0","23","LIED10CTRL/LLN0$Status"
"637","0.001123297","ipcas_21:73:33","142","0","24","LIED10CTRL/LLN0$Status"
"638","0.001626121","ipcas_21:73:33","142","0","25","LIED10CTRL/LLN0$Status"
"639","0.001359534","ipcas_21:73:33","142","0","26","LIED10CTRL/LLN0$Status"
"640","0.001944824","ipcas_21:73:33","142","0","27","LIED10CTRL/LLN0$Status"
"641","0.002253700","ipcas_21:73:33","142","0","28","LIED10CTRL/LLN0$Status"
"642","0.001765449","ipcas_21:73:33","142","0","29","LIED10CTRL/LLN0$Status"
"643","0.002223315","ipcas_21:73:33","142","0","30","LIED10CTRL/LLN0$Status"
"644","0.001645659","ipcas_21:73:33","142","0","31","LIED10CTRL/LLN0$Status"
"645","0.002047061","ipcas_21:73:33","142","0","32","LIED10CTRL/LLN0$Status"
"646","0.001971370","ipcas_21:73:33","142","0","33","LIED10CTRL/LLN0$Status"
"647","0.002127205","ipcas_21:73:33","142","0","34","LIED10CTRL/LLN0$Status"
"648","0.002035533","ipcas_21:73:33","142","0","35","LIED10CTRL/LLN0$Status"
"649","0.001832823","ipcas_21:73:33","142","0","36","LIED10CTRL/LLN0$Status"
"650","0.002045240","ipcas_21:73:33","142","0","37","LIED10CTRL/LLN0$Status"
"651","0.002018357","ipcas_21:73:33","142","0","38","LIED10CTRL/LLN0$Status"
"652","0.002007499","ipcas_21:73:33","142","0","39","LIED10CTRL/LLN0$Status"
"653","0.002081564","ipcas_21:73:33","142","0","40","LIED10CTRL/LLN0$Status"
"654","0.002050292","ipcas_21:73:33","142","0","41","LIED10CTRL/LLN0$Status"
"655","0.001964838","ipcas_21:73:33","142","0","42","LIED10CTRL/LLN0$Status"
"656","0.002034281","ipcas_21:73:33","142","0","43","LIED10CTRL/LLN0$Status"
"657","0.001834200","ipcas_21:73:33","142","0","44","LIED10CTRL/LLN0$Status"
"658","0.002075126","ipcas_21:73:33","142","0","45","LIED10CTRL/LLN0$Status"
"659","0.002075441","ipcas_21:73:33","142","0","46","LIED10CTRL/LLN0$Status"
"660","0.001846427","ipcas_21:73:33","142","0","47","LIED10CTRL/LLN0$Status"
"661","0.002065835","ipcas_21:73:33","142","0","48","LIED10CTRL/LLN0$Status"
"662","0.002128515","ipcas_21:73:33","142","0","49","LIED10CTRL/LLN0$Status"
"663","0.001941135","ipcas_21:73:33","142","0","50","LIED10CTRL/LLN0$Status"
"664","0.001850001","ipcas_21:73:33","142","0","51","LIED10CTRL/LLN0$Status"
"665","0.001956774","ipcas_21:73:33","142","0","52","LIED10CTRL/LLN0$Status"
"666","0.002084772","ipcas_21:73:33","142","0","53","LIED10CTRL/LLN0$Status"
"667","0.001965355","ipcas_21:73:33","142","0","54","LIED10CTRL/LLN0$Status"
"668","0.002137173","ipcas_21:73:33","142","0","55","LIED10CTRL/LLN0$Status"
"669","0.002052922","ipcas_21:73:33","142","0","56","LIED10CTRL/LLN0$Status"
"670","0.001864551","ipcas_21:73:33","142","0","57","LIED10CTRL/LLN0$Status"
"671","0.002002213","ipcas_21:73:33","142","0","58","LIED10CTRL/LLN0$Status"
"672","0.001934634","ipcas_21:73:33","142","0","59","LIED10CTRL/LLN0$Status"
"673","0.001987077","ipcas_21:73:33","142","0","60","LIED10CTRL/LLN0$Status"
"674","0.002069318","ipcas_21:73:33","142","0","61","LIED10CTRL/LLN0$Status"
"675","0.002091519","ipcas_21:73:33","142","0","62","LIED10CTRL/LLN0$Status"
"676","0.001938936","ipcas_21:73:33","142","0","63","LIED10CTRL/LLN0$Status"
"677","0.002061131","ipcas_21:73:33","142","0","64","LIED10CTRL/LLN0$Status"
"678","0.001829011","ipcas_21:73:33","142","0","65","LIED10CTRL/LLN0$Status"
"679","0.002038421","ipcas_21:73:33","142","0","66","LIED10CTRL/LLN0$Status"
"680","0.001999821","ipcas_21:73:33","142","0","67","LIED10CTRL/LLN0$Status"
"681","0.001981452","ipcas_21:73:33","142","0","68","LIED10CTRL/LLN0$Status"
"682","0.002149483","ipcas_21:73:33","142","0","69","LIED10CTRL/LLN0$Status"
"683","0.001879822","ipcas_21:73:33","142","0","70","LIED10CTRL/LLN0$Status"
"684","0.001982895","ipcas_21:73:33","142","0","71","LIED10CTRL/LLN0$Status"
"685","0.001970567","ipcas_21:73:33","142","0","72","LIED10CTRL/LLN0$Status"
"686","0.002103113","ipcas_21:73:33","142","0","73","LIED10CTRL/LLN0$Status"
"687","0.001994735","ipcas_21:73:33","142","0","74","LIED10CTRL/LLN0$Status"
"688","0.002065701","ipcas_21:73:33","142","0","75","LIED10CTRL/LLN0$Status"
"689","0.001979466","ipcas_21:73:33","142","0","76","LIED10CTRL/LLN0$Status"
"690","0.002040544","ipcas_21:73:33","142","0","77","LIED10CTRL/LLN0$Status"
"691","0.002013150","ipcas_21:73:33","142","0","78","LIED10CTRL/LLN0$Status"
"692","0.002013601","ipcas_21:73:33","142","0","79","LIED10CTRL/LLN0$Status"
"693","0.001894802","ipcas_21:73:33","142","0","80","LIED10CTRL/LLN0$Status"
"694","0.002058306","ipcas_21:73:33","142","0","81","LIED10CTRL/LLN0$Status"
"695","0.002101744","ipcas_21:73:33","142","0","82","LIED10CTRL/LLN0$Status"
"696","0.001961649","ipcas_21:73:33","142","0","83","LIED10CTRL/LLN0$Status"
"697","0.002007208","ipcas_21:73:33","142","0","84","LIED10CTRL/LLN0$Status"
"698","0.001906134","ipcas_21:73:33","142","0","85","LIED10CTRL/LLN0$Status"
"699","0.002893372","ipcas_21:73:33","142","0","86","LIED10CTRL/LLN0$Status"
"700","0.001034556","ipcas_21:73:33","142","0","87","LIED10CTRL/LLN0$Status"
"701","0.002077156","ipcas_21:73:33","142","0","88","LIED10CTRL/LLN0$Status"
"702","0.001961598","ipcas_21:73:33","142","0","89","LIED10CTRL/LLN0$Status"
"703","0.002232572","ipcas_21:73:33","142","0","90","LIED10CTRL/LLN0$Status"
"704","0.001810880","ipcas_21:73:33","142","0","91","LIED10CTRL/LLN0$Status"
"705","0.002112457","ipcas_21:73:33","142","0","92","LIED10CTRL/LLN0$Status"
"706","0.002116748","ipcas_21:73:33","142","0","93","LIED10CTRL/LLN0$Status"
"707","0.001860965","ipcas_21:73:33","142","0","94","LIED10CTRL/LLN0$Status"
"708","0.001895629","ipcas_21:73:33","142","0","95","LIED10CTRL/LLN0$Status"
"709","0.002160849","ipcas_21:73:33","142","0","96","LIED10CTRL/LLN0$Status"
"710","0.001811933","ipcas_21:73:33","142","0","97","LIED10CTRL/LLN0$Status"
"711","0.002000101","ipcas_21:73:33","142","0","98","LIED10CTRL/LLN0$Status"
"712","0.002073483","ipcas_21:73:33","142","0","99","LIED10CTRL/LLN0$Status"
"713","0.001983815","ipcas_21:73:33","142","0","100","LIED10CTRL/LLN0$Status"
"714","0.001944767","ipcas_21:73:33","142","0","101","LIED10CTRL/LLN0$Status"
"715","0.002063461","ipcas_21:73:33","142","0","102","LIED10CTRL/LLN0$Status"
"716","0.001853801","ipcas_21:73:33","142","0","103","LIED10CTRL/LLN0$Status"
"717","0.002076227","ipcas_21:73:33","142","0","104","LIED10CTRL/LLN0$Status"
"718","0.002007947","ipcas_21:73:33","142","0","105","LIED10CTRL/LLN0$Status"
"719","0.002061186","ipcas_21:73:33","142","0","106","LIED10CTRL/LLN0$Status"
"720","0.001942390","ipcas_21:73:33","142","0","107","LIED10CTRL/LLN0$Status"
"721","0.002088869","ipcas_21:73:33","142","0","108","LIED10CTRL/LLN0$Status"
"722","0.001866198","ipcas_21:73:33","142","0","109","LIED10CTRL/LLN0$Status"
"723","0.001966051","ipcas_21:73:33","142","0","110","LIED10CTRL/LLN0$Status"
"724","0.002210302","ipcas_21:73:33","142","0","111","LIED10CTRL/LLN0$Status"
"725","0.001993445","ipcas_21:73:33","142","0","112","LIED10CTRL/LLN0$Status"
"726","0.001927002","ipcas_21:73:33","142","0","113","LIED10CTRL/LLN0$Status"
"727","0.001992442","ipcas_21:73:33","142","0","114","LIED10CTRL/LLN0$Status"
"728","0.002002548","ipcas_21:73:33","142","0","115","LIED10CTRL/LLN0$Status"
"729","0.002023433","ipcas_21:73:33","142","0","116","LIED10CTRL/LLN0$Status"
"730","0.001885604","ipcas_21:73:33","142","0","117","LIED10CTRL/LLN0$Status"
"731","0.001986932","ipcas_21:73:33","142","0","118","LIED10CTRL/LLN0$Status"
"732","0.002057971","ipcas_21:73:33","142","0","119","LIED10CTRL/LLN0$Status"
"733","0.002059949","ipcas_21:73:33","142","0","120","LIED10CTRL/LLN0$Status"
"734","0.002070320","ipcas_21:73:33","142","0","121","LIED10CTRL/LLN0$Status"
"735","0.001884823","ipcas_21:73:33","142","0","122","LIED10CTRL/LLN0$Status"
"736","0.002195071","ipcas_21:73:33","142","0","123","LIED10CTRL/LLN0$Status"
"737","0.001713423","ipcas_21:73:33","142","0","124","LIED10CTRL/LLN0$Status"
"738","0.002141871","ipcas_21:73:33","142","0","125","LIED10CTRL/LLN0$Status"
"739","0.002052492","ipcas_21:73:33","142","0","126","LIED10CTRL/LLN0$Status"
"740","0.001920088","ipcas_21:73:33","142","0","127","LIED10CTRL/LLN0$Status"
"741","0.002002995","ipcas_21:73:33","143","0","128","LIED10CTRL/LLN0$Status"
"742","0.001989555","ipcas_21:73:33","143","0","129","LIED10CTRL/LLN0$Status"
"743","0.001939354","ipcas_21:73:33","143","0","130","LIED10CTRL/LLN0$Status"
"744","0.002155347","ipcas_21:73:33","143","0","131","LIED10CTRL/LLN0$Status"
"745","0.001873203","ipcas_21:73:33","143","0","132","LIED10CTRL/LLN0$Status"
"746","0.002039113","ipcas_21:73:33","143","0","133","LIED10CTRL/LLN0$Status"
"747","0.001996824","ipcas_21:73:33","143","0","134","LIED10CTRL/LLN0$Status"
"748","0.002025119","ipcas_21:73:33","143","0","135","LIED10CTRL/LLN0$Status"
"749","0.001971006","ipcas_21:73:33","143","0","136","LIED10CTRL/LLN0$Status"
"750","0.001998948","ipcas_21:73:33","143","0","137","LIED10CTRL/LLN0$Status"
"751","0.001927522","ipcas_21:73:33","143","0","138","LIED10CTRL/LLN0$Status"
"752","0.002090267","ipcas_21:73:33","143","0","139","LIED10CTRL/LLN0$Status"
"753","0.002009616","ipcas_21:73:33","143","0","140","LIED10CTRL/LLN0$Status"
"754","0.001916056","ipcas_21:73:33","143","0","141","LIED10CTRL/LLN0$Status"
"755","0.002007885","ipcas_21:73:33","143","0","142","LIED10CTRL/LLN0$Status"
"756","0.002048356","ipcas_21:73:33","143","0","143","LIED10CTRL/LLN0$Status"
"757","0.001968097","ipcas_21:73:33","143","0","144","LIED10CTRL/LLN0$Status"
"758","0.002070683","ipcas_21:73:33","143","0","145","LIED10CTRL/LLN0$Status"
"759","0.001988830","ipcas_21:73:33","143","0","146","LIED10CTRL/LLN0$Status"
"760","0.001983759","ipcas_21:73:33","143","0","147","LIED10CTRL/LLN0$Status"
"761","0.001968342","ipcas_21:73:33","143","0","148","LIED10CTRL/LLN0$Status"
"762","0.002007709","ipcas_21:73:33","143","0","149","LIED10CTRL/LLN0$Status"
"763","0.001956624","ipcas_21:73:33","143","0","150","LIED10CTRL/LLN0$Status"
"764","0.001969530","ipcas_21:73:33","143","0","151","LIED10CTRL/LLN0$Status"
"765","0.002064069","ipcas_21:73:33","143","0","152","LIED10CTRL/LLN0$Status"
"766","0.002105173","ipcas_21:73:33","143","0","153","LIED10CTRL/LLN0$Status"
"767","0.001979011","ipcas_21:73:33","143","0","154","LIED10CTRL/LLN0$Status"
"768","0.001986344","ipcas_21:73:33","143","0","155","LIED10CTRL/LLN0$Status"
"769","0.001914509","ipcas_21:73:33","143","0","156","LIED10CTRL/LLN0$Status"
"770","0.001983289","ipcas_21:73:33","143","0","157","LIED10CTRL/LLN0$Status"
"771","0.002155575","ipcas_21:73:33","143","0","158","LIED10CTRL/LLN0$Status"
"772","0.001996417","ipcas_21:73:33","143","0","159","LIED10CTRL/LLN0$Status"
"773","0.001933956","ipcas_21:73:33","143","0","160","LIED10CTRL/LLN0$Status"
"774","0.002037784","ipcas_21:73:33","143","0","161","LIED10CTRL/LLN0$Status"
"775","0.001821092","ipcas_21:73:33","143","0","162","LIED10CTRL/LLN0$Status"
"776","0.002056074","ipcas_21:73:33","143","0","163","LIED10CTRL/LLN0$Status"
"777","0.002030787","ipcas_21:73:33","143","0","164","LIED10CTRL/LLN0$Status"
"778","0.001984002","ipcas_21:73:33","143","0","165","LIED10CTRL/LLN0$Status"
"779","0.001994394","ipcas_21:73:33","143","0","166","LIED10CTRL/LLN0$Status"
"780","0.001961943","ipcas_21:73:33","143","0","167","LIED10CTRL/LLN0$Status"
"781","0.002114285","ipcas_21:73:33","143","0","168","LIED10CTRL/LLN0$Status"
"782","0.001896156","ipcas_21:73:33","143","0","169","LIED10CTRL/LLN0$Status"
"783","0.002000548","ipcas_21:73:33","143","0","170","LIED10CTRL/LLN0$Status"
"784","0.002270554","ipcas_21:73:33","143","0","171","LIED10CTRL/LLN0$Status"
"785","0.001843375","ipcas_21:73:33","143","0","172","LIED10CTRL/LLN0$Status"
"786","0.001995547","ipcas_21:73:33","143","0","173","LIED10CTRL/LLN0$Status"
"787","0.002005770","ipcas_21:73:33","143","0","174","LIED10CTRL/LLN0$Status"
"788","0.001990693","ipcas_21:73:33","143","0","175","LIED10CTRL/LLN0$Status"
"789","0.002163850","ipcas_21:73:33","143","0","176","LIED10CTRL/LLN0$Status"
"790","0.001869794","ipcas_21:73:33","143","0","177","LIED10CTRL/LLN0$Status"
"791","0.001888735","ipcas_21:73:33","143","0","178","LIED10CTRL/LLN0$Status"
"792","0.002101856","ipcas_21:73:33","143","0","179","LIED10CTRL/LLN0$Status"
"793","0.001995213","ipcas_21:73:33","143","0","180","LIED10CTRL/LLN0$Status"
"794","0.001986078","ipcas_21:73:33","143","0","181","LIED10CTRL/LLN0$Status"
"795","0.001988600","ipcas_21:73:33","143","0","182","LIED10CTRL/LLN0$Status"
"796","0.001972677","ipcas_21:73:33","143","0","183","LIED10CTRL/LLN0$Status"
"797","0.002080253","ipcas_21:73:33","143","0","184","LIED10CTRL/LLN0$Status"
"798","0.001903380","ipcas_21:73:33","143","0","185","LIED10CTRL/LLN0$Status"
"799","0.001977245","ipcas_21:73:33","143","0","186","LIED10CTRL/LLN0$Status"
"800","0.002121116","ipcas_21:73:33","143","0","187","LIED10CTRL/LLN0$Status"
"801","0.001880909","ipcas_21:73:33","143","0","188","LIED10CTRL/LLN0$Status"
"802","0.002055700","ipcas_21:73:33","143","0","189","LIED10CTRL/LLN0$Status"
"803","0.001869290","ipcas_21:73:33","143","0","190","LIED10CTRL/LLN0$Status"
"804","0.002010353","ipcas_21:73:33","143","0","191","LIED10CTRL/LLN0$Status"
"805","0.002274344","ipcas_21:73:33","143","0","192","LIED10CTRL/LLN0$Status"
"806","0.001784006","ipcas_21:73:33","143","0","193","LIED10CTRL/LLN0$Status"
"807","0.002083708","ipcas_21:73:33","143","0","194","LIED10CTRL/LLN0$Status"
"808","0.001975375","ipcas_21:73:33","143","0","195","LIED10CTRL/LLN0$Status"
"809","0.001989620","ipcas_21:73:33","143","0","196","LIED10CTRL/LLN0$Status"
"810","0.002016971","ipcas_21:73:33","143","0","197","LIED10CTRL/LLN0$Status"
"811","0.001902616","ipcas_21:73:33","143","0","198","LIED10CTRL/LLN0$Status"
"812","0.002077324","ipcas_21:73:33","143","0","199","LIED10CTRL/LLN0$Status"
"813","0.001997829","ipcas_21:73:33","143","0","200","LIED10CTRL/LLN0$Status"
"814","0.002214764","ipcas_21:73:33","143","0","201","LIED10CTRL/LLN0$Status"
"815","0.001826503","ipcas_21:73:33","143","0","202","LIED10CTRL/LLN0$Status"
"816","0.001947804","ipcas_21:73:33","143","0","203","LIED10CTRL/LLN0$Status"
"817","0.002016484","ipcas_21:73:33","143","0","204","LIED10CTRL/LLN0$Status"
"818","0.002063153","ipcas_21:73:33","143","0","205","LIED10CTRL/LLN0$Status"
"819","0.001956360","ipcas_21:73:33","143","0","206","LIED10CTRL/LLN0$Status"
"820","0.001980542","ipcas_21:73:33","143","0","207","LIED10CTRL/LLN0$Status"
"821","0.002022843","ipcas_21:73:33","143","0","208","LIED10CTRL/LLN0$Status"
"822","0.002144295","ipcas_21:73:33","143","0","209","LIED10CTRL/LLN0$Status"
"823","0.002669912","ipcas_21:73:33","143","0","210","LIED10CTRL/LLN0$Status"
"824","0.001998217","ipcas_21:73:33","143","0","211","LIED10CTRL/LLN0$Status"
"825","0.001274764","ipcas_21:73:33","143","0","212","LIED10CTRL/LLN0$Status"
"826","0.001895397","ipcas_21:73:33","143","0","213","LIED10CTRL/LLN0$Status"
"827","0.002464609","ipcas_21:73:33","143","0","214","LIED10CTRL/LLN0$Status"
"828","0.001533169","ipcas_21:73:33","143","0","215","LIED10CTRL/LLN0$Status"
"829","0.002398911","ipcas_21:73:33","143","0","216","LIED10CTRL/LLN0$Status"
"830","0.002236547","ipcas_21:73:33","143","0","217","LIED10CTRL/LLN0$Status"
"831","0.001289899","ipcas_21:73:33","143","0","218","LIED10CTRL/LLN0$Status"
"832","0.002795067","ipcas_21:73:33","143","0","219","LIED10CTRL/LLN0$Status"
"833","0.000874425","ipcas_21:73:33","143","0","220","LIED10CTRL/LLN0$Status"
"834","0.002055687","ipcas_21:73:33","143","0","221","LIED10CTRL/LLN0$Status"
"835","0.001746677","ipcas_21:73:33","143","0","222","LIED10CTRL/LLN0$Status"
"836","0.001850991","ipcas_21:73:33","143","0","223","LIED10CTRL/LLN0$Status"
"837","0.002569689","ipcas_21:73:33","143","0","224","LIED10CTRL/LLN0$Status"
"838","0.001989607","ipcas_21:73:33","143","0","225","LIED10CTRL/LLN0$Status"
"839","0.002914119","ipcas_21:73:33","143","0","226","LIED10CTRL/LLN0$Status"
"840","0.001163974","ipcas_21:73:33","143","0","227","LIED10CTRL/LLN0$Status"
"841","0.002059026","ipcas_21:73:33","143","0","228","LIED10CTRL/LLN0$Status"
"842","0.001922429","ipcas_21:73:33","143","0","229","LIED10CTRL/LLN0$Status"
"843","0.001979314","ipcas_21:73:33","143","0","230","LIED10CTRL/LLN0$Status"
"844","0.002005212","ipcas_21:73:33","143","0","231","LIED10CTRL/LLN0$Status"
"845","0.001988791","ipcas_21:73:33","143","0","232","LIED10CTRL/LLN0$Status"
"846","0.002007521","ipcas_21:73:33","143","0","233","LIED10CTRL/LLN0$Status"
"847","0.001995584","ipcas_21:73:33","143","0","234","LIED10CTRL/LLN0$Status"
"848","0.002014340","ipcas_21:73:33","143","0","235","LIED10CTRL/LLN0$Status"
"849","0.001988816","ipcas_21:73:33","143","0","236","LIED10CTRL/LLN0$Status"
"850","0.001994824","ipcas_21:73:33","143","0","237","LIED10CTRL/LLN0$Status"
"851","0.002000148","ipcas_21:73:33","143","0","238","LIED10CTRL/LLN0$Status"
"852","0.002013918","ipcas_21:73:33","143","0","239","LIED10CTRL/LLN0$Status"
"853","0.001375809","ipcas_21:73:33","143","0","240","LIED10CTRL/LLN0$Status"
"854","0.001763777","ipcas_21:73:33","143","0","241","LIED10CTRL/LLN0$Status"
"855","0.001984983","ipcas_21:73:33","143","0","242","LIED10CTRL/LLN0$Status"
"856","0.002106751","ipcas_21:73:33","143","0","243","LIED10CTRL/LLN0$Status"
"857","0.001970409","ipcas_21:73:33","143","0","244","LIED10CTRL/LLN0$Status"
"858","0.002219356","ipcas_21:73:33","143","0","245","LIED10CTRL/LLN0$Status"
"859","0.002089557","ipcas_21:73:33","143","0","246","LIED10CTRL/LLN0$Status"
"860","0.001955427","ipcas_21:73:33","143","0","247","LIED10CTRL/LLN0$Status"
"861","0.002118358","ipcas_21:73:33","143","0","248","LIED10CTRL/LLN0$Status"
"862","0.001975634","ipcas_21:73:33","143","0","249","LIED10CTRL/LLN0$Status"
"863","0.002262743","ipcas_21:73:33","143","0","250","LIED10CTRL/LLN0$Status"
"864","0.002091575","ipcas_21:73:33","143","0","251","LIED10CTRL/LLN0$Status"
"865","0.001552314","ipcas_21:73:33","143","0","252","LIED10CTRL/LLN0$Status"
"866","0.002033231","ipcas_21:73:33","143","0","253","LIED10CTRL/LLN0$Status"
"867","0.001983700","ipcas_21:73:33","143","0","254","LIED10CTRL/LLN0$Status"
"868","0.002249860","ipcas_21:73:33","143","0","255","LIED10CTRL/LLN0$Status"
"869","0.001289491","ipcas_21:73:33","143","0","256","LIED10CTRL/LLN0$Status"
"870","0.001960873","ipcas_21:73:33","143","0","257","LIED10CTRL/LLN0$Status"
"871","0.002041203","ipcas_21:73:33","143","0","258","LIED10CTRL/LLN0$Status"
"872","0.002073725","ipcas_21:73:33","143","0","259","LIED10CTRL/LLN0$Status"
"873","0.001896638","ipcas_21:73:33","143","0","260","LIED10CTRL/LLN0$Status"
"874","0.001985199","ipcas_21:73:33","143","0","261","LIED10CTRL/LLN0$Status"
"875","0.002053705","ipcas_21:73:33","143","0","262","LIED10CTRL/LLN0$Status"
"876","0.002058521","ipcas_21:73:33","143","0","263","LIED10CTRL/LLN0$Status"
"877","0.001963059","ipcas_21:73:33","143","0","264","LIED10CTRL/LLN0$Status"
"878","0.001917009","ipcas_21:73:33","143","0","265","LIED10CTRL/LLN0$Status"
"879","0.002041457","ipcas_21:73:33","143","0","266","LIED10CTRL/LLN0$Status"
"880","0.001961887","ipcas_21:73:33","143","0","267","LIED10CTRL/LLN0$Status"
"881","0.002045255","ipcas_21:73:33","143","0","268","LIED10CTRL/LLN0$Status"
"882","0.002001807","ipcas_21:73:33","143","0","269","LIED10CTRL/LLN0$Status"
"883","0.002192963","ipcas_21:73:33","143","0","270","LIED10CTRL/LLN0$Status"
"884","0.004151254","ipcas_21:73:33","143","0","271","LIED10CTRL/LLN0$Status"
"885","0.000005707","ipcas_21:73:33","143","0","272","LIED10CTRL/LLN0$Status"
"886","0.001801621","ipcas_21:73:33","143","0","273","LIED10CTRL/LLN0$Status"
"887","0.001970800","ipcas_21:73:33","143","0","274","LIED10CTRL/LLN0$Status"
"888","0.001988607","ipcas_21:73:33","143","0","275","LIED10CTRL/LLN0$Status"
"889","0.002037304","ipcas_21:73:33","143","0","276","LIED10CTRL/LLN0$Status"
"890","0.002268348","ipcas_21:73:33","143","0","277","LIED10CTRL/LLN0$Status"
"891","0.001697892","ipcas_21:73:33","143","0","278","LIED10CTRL/LLN0$Status"
"892","0.001997702","ipcas_21:73:33","143","0","279","LIED10CTRL/LLN0$Status"
"893","0.001872288","ipcas_21:73:33","143","0","280","LIED10CTRL/LLN0$Status"
"894","0.002013102","ipcas_21:73:33","143","0","281","LIED10CTRL/LLN0$Status"
"895","0.002003887","ipcas_21:73:33","143","0","282","LIED10CTRL/LLN0$Status"
"896","0.002190202","ipcas_21:73:33","143","0","283","LIED10CTRL/LLN0$Status"
"897","0.002012008","ipcas_21:73:33","143","0","284","LIED10CTRL/LLN0$Status"
"898","0.002073565","ipcas_21:73:33","143","0","285","LIED10CTRL/LLN0$Status"
"899","0.001909129","ipcas_21:73:33","143","0","286","LIED10CTRL/LLN0$Status"
"900","0.001996112","ipcas_21:73:33","143","0","287","LIED10CTRL/LLN0$Status"
"901","0.001994499","ipcas_21:73:33","143","0","288","LIED10CTRL/LLN0$Status"
"902","0.001980006","ipcas_21:73:33","143","0","289","LIED10CTRL/LLN0$Status"
"903","0.002275448","ipcas_21:73:33","143","0","290","LIED10CTRL/LLN0$Status"
"904","0.001756237","ipcas_21:73:33","143","0","291","LIED10CTRL/LLN0$Status"
"905","0.002002633","ipcas_21:73:33","143","0","292","LIED10CTRL/LLN0$Status"
"906","0.001804530","ipcas_21:73:33","143","0","293","LIED10CTRL/LLN0$Status"
"907","0.002008040","ipcas_21:73:33","143","0","294","LIED10CTRL/LLN0$Status"
"908","0.001999212","ipcas_21:73:33","143","0","295","LIED10CTRL/LLN0$Status"
"909","0.002070887","ipcas_21:73:33","143","0","296","LIED10CTRL/LLN0$Status"
"910","0.001944747","ipcas_21:73:33","143","0","297","LIED10CTRL/LLN0$Status"
"911","0.002080450","ipcas_21:73:33","143","0","298","LIED10CTRL/LLN0$Status"
"912","0.001937881","ipcas_21:73:33","143","0","299","LIED10CTRL/LLN0$Status"
"913","0.002154471","ipcas_21:73:33","143","0","300","LIED10CTRL/LLN0$Status"
"914","0.001984795","ipcas_21:73:33","143","0","301","LIED10CTRL/LLN0$Status"
"915","0.002004210","ipcas_21:73:33","143","0","302","LIED10CTRL/LLN0$Status"
"916","0.002030077","ipcas_21:73:33","143","0","303","LIED10CTRL/LLN0$Status"
"917","0.001916859","ipcas_21:73:33","143","0","304","LIED10CTRL/LLN0$Status"
"918","0.002081762","ipcas_21:73:33","143","0","305","LIED10CTRL/LLN0$Status"
"919","0.001940897","ipcas_21:73:33","143","0","306","LIED10CTRL/LLN0$Status"
"920","0.002054831","ipcas_21:73:33","143","0","307","LIED10CTRL/LLN0$Status"
"921","0.001897519","ipcas_21:73:33","143","0","308","LIED10CTRL/LLN0$Status"
"922","0.002086237","ipcas_21:73:33","143","0","309","LIED10CTRL/LLN0$Status"
"923","0.001887891","ipcas_21:73:33","143","0","310","LIED10CTRL/LLN0$Status"
"924","0.002094802","ipcas_21:73:33","143","0","311","LIED10CTRL/LLN0$Status"
"925","0.002004787","ipcas_21:73:33","143","0","312","LIED10CTRL/LLN0$Status"
"926","0.001988984","ipcas_21:73:33","143","0","313","LIED10CTRL/LLN0$Status"
"927","0.002077731","ipcas_21:73:33","143","0","314","LIED10CTRL/LLN0$Status"
"928","0.001950009","ipcas_21:73:33","143","0","315","LIED10CTRL/LLN0$Status"
"929","0.002054249","ipcas_21:73:33","143","0","316","LIED10CTRL/LLN0$Status"
"930","0.002210410","ipcas_21:73:33","143","0","317","LIED10CTRL/LLN0$Status"
"931","0.001739000","ipcas_21:73:33","143","0","318","LIED10CTRL/LLN0$Status"
"932","0.002028096","ipcas_21:73:33","143","0","319","LIED10CTRL/LLN0$Status"
"933","0.001972760","ipcas_21:73:33","143","0","320","LIED10CTRL/LLN0$Status"
"934","0.001998725","ipcas_21:73:33","143","0","321","LIED10CTRL/LLN0$Status"
"935","0.002263368","ipcas_21:73:33","143","0","322","LIED10CTRL/LLN0$Status"
"936","0.001740850","ipcas_21:73:33","143","0","323","LIED10CTRL/LLN0$Status"
"937","0.001996208","ipcas_21:73:33","143","0","324","LIED10CTRL/LLN0$Status"
"938","0.001997114","ipcas_21:73:33","143","0","325","LIED10CTRL/LLN0$Status"
"939","0.002001280","ipcas_21:73:33","143","0","326","LIED10CTRL/LLN0$Status"
"940","0.001991784","ipcas_21:73:33","143","0","327","LIED10CTRL/LLN0$Status"
"941","0.001990489","ipcas_21:73:33","143","0","328","LIED10CTRL/LLN0$Status"
"942","0.001965851","ipcas_21:73:33","143","0","329","LIED10CTRL/LLN0$Status"
"943","0.002027150","ipcas_21:73:33","143","0","330","LIED10CTRL/LLN0$Status"
"944","0.001993706","ipcas_21:73:33","143","0","331","LIED10CTRL/LLN0$Status"
"945","0.002003823","ipcas_21:73:33","143","0","332","LIED10CTRL/LLN0$Status"
"946","0.002017722","ipcas_21:73:33","143","0","333","LIED10CTRL/LLN0$Status"
"947","0.002027912","ipcas_21:73:33","143","0","334","LIED10CTRL/LLN0$Status"
"948","0.002004438","ipcas_21:73:33","143","0","335","LIED10CTRL/LLN0$Status"
"949","0.001983525","ipcas_21:73:33","143","0","336","LIED10CTRL/LLN0$Status"
"950","0.001992466","ipcas_21:73:33","143","0","337","LIED10CTRL/LLN0$Status"
"951","0.002033973","ipcas_21:73:33","143","0","338","LIED10CTRL/LLN0$Status"
"952","0.001965337","ipcas_21:73:33","143","0","339","LIED10CTRL/LLN0$Status"
"953","0.002418960","ipcas_21:73:33","143","0","340","LIED10CTRL/LLN0$Status"
"954","0.001583697","ipcas_21:73:33","143","0","341","LIED10CTRL/LLN0$Status"
"955","0.002002590","ipcas_21:73:33","143","0","342","LIED10CTRL/LLN0$Status"
"956","0.001995967","ipcas_21:73:33","143","0","343","LIED10CTRL/LLN0$Status"
"957","0.002006646","ipcas_21:73:33","143","0","344","LIED10CTRL/LLN0$Status"
"958","0.001996917","ipcas_21:73:33","143","0","345","LIED10CTRL/LLN0$Status"
"959","0.002011183","ipcas_21:73:33","143","0","346","LIED10CTRL/LLN0$Status"
"960","0.002335507","ipcas_21:73:33","143","0","347","LIED10CTRL/LLN0$Status"
"961","0.002100236","ipcas_21:73:33","143","0","348","LIED10CTRL/LLN0$Status"
"962","0.001519769","ipcas_21:73:33","143","0","349","LIED10CTRL/LLN0$Status"
"963","0.002026966","ipcas_21:73:33","143","0","350","LIED10CTRL/LLN0$Status"
"964","0.002056287","ipcas_21:73:33","143","0","351","LIED10CTRL/LLN0$Status"
"965","0.001994341","ipcas_21:73:33","143","0","352","LIED10CTRL/LLN0$Status"
"966","0.002174648","ipcas_21:73:33","143","0","353","LIED10CTRL/LLN0$Status"
"967","0.001772835","ipcas_21:73:33","143","0","354","LIED10CTRL/LLN0$Status"
"968","0.002543699","ipcas_21:73:33","143","0","355","LIED10CTRL/LLN0$Status"
"969","0.001465460","ipcas_21:73:33","143","0","356","LIED10CTRL/LLN0$Status"
"970","0.001971300","ipcas_21:73:33","143","0","357","LIED10CTRL/LLN0$Status"
"971","0.002033234","ipcas_21:73:33","143","0","358","LIED10CTRL/LLN0$Status"
"972","0.002321686","ipcas_21:73:33","143","0","359","LIED10CTRL/LLN0$Status"
"973","0.001587623","ipcas_21:73:33","143","0","360","LIED10CTRL/LLN0$Status"
"974","0.001876936","ipcas_21:73:33","143","0","361","LIED10CTRL/LLN0$Status"
"975","0.002147289","ipcas_21:73:33","143","0","362","LIED10CTRL/LLN0$Status"
"976","0.001967986","ipcas_21:73:33","143","0","363","LIED10CTRL/LLN0$Status"
"977","0.002051307","ipcas_21:73:33","143","0","364","LIED10CTRL/LLN0$Status"
"978","0.001978883","ipcas_21:73:33","143","0","365","LIED10CTRL/LLN0$Status"
"979","0.001868953","ipcas_21:73:33","143","0","366","LIED10CTRL/LLN0$Status"
"980","0.002127202","ipcas_21:73:33","143","0","367","LIED10CTRL/LLN0$Status"
"981","0.001864640","ipcas_21:73:33","143","0","368","LIED10CTRL/LLN0$Status"
"982","0.002065401","ipcas_21:73:33","143","0","369","LIED10CTRL/LLN0$Status"
"983","0.001934458","ipcas_21:73:33","143","0","370","LIED10CTRL/LLN0$Status"
"984","0.002073156","ipcas_21:73:33","143","0","371","LIED10CTRL/LLN0$Status"
"985","0.001994140","ipcas_21:73:33","143","0","372","LIED10CTRL/LLN0$Status"
"986","0.001922397","ipcas_21:73:33","143","0","373","LIED10CTRL/LLN0$Status"
"987","0.002158735","ipcas_21:73:33","143","0","374","LIED10CTRL/LLN0$Status"
"988","0.002000752","ipcas_21:73:33","143","0","375","LIED10CTRL/LLN0$Status"
"989","0.001877055","ipcas_21:73:33","143","0","376","LIED10CTRL/LLN0$Status"
"990","0.001978659","ipcas_21:73:33","143","0","377","LIED10CTRL/LLN0$Status"
"991","0.001996470","ipcas_21:73:33","143","0","378","LIED10CTRL/LLN0$Status"
"992","0.002008846","ipcas_21:73:33","143","0","379","LIED10CTRL/LLN0$Status"
"993","0.001991671","ipcas_21:73:33","143","0","380","LIED10CTRL/LLN0$Status"
"994","0.002009676","ipcas_21:73:33","143","0","381","LIED10CTRL/LLN0$Status"
"995","0.001983927","ipcas_21:73:33","143","0","382","LIED10CTRL/LLN0$Status"
"996","0.002020307","ipcas_21:73:33","143","0","383","LIED10CTRL/LLN0$Status"
"997","0.001999429","ipcas_21:73:33","143","0","384","LIED10CTRL/LLN0$Status"
"998","0.002032795","ipcas_21:73:33","143","0","385","LIED10CTRL/LLN0$Status"
"999","0.001952354","ipcas_21:73:33","143","0","386","LIED10CTRL/LLN0$Status"
"1000","0.001978788","ipcas_21:73:33","143","0","387","LIED10CTRL/LLN0$Status"
"1001","0.002000550","ipcas_21:73:33","143","0","388","LIED10CTRL/LLN0$Status"
"1002","0.002053160","ipcas_21:73:33","143","0","389","LIED10CTRL/LLN0$Status"
"1003","0.002089070","ipcas_21:73:33","143","0","390","LIED10CTRL/LLN0$Status"
"1004","0.001988915","ipcas_21:73:33","143","0","391","LIED10CTRL/LLN0$Status"
"1005","0.001902470","ipcas_21:73:33","143","0","392","LIED10CTRL/LLN0$Status"
"1006","0.002003668","ipcas_21:73:33","143","0","393","LIED10CTRL/LLN0$Status"
"1007","0.001991304","ipcas_21:73:33","143","0","394","LIED10CTRL/LLN0$Status"
"1008","0.002008267","ipcas_21:73:33","143","0","395","LIED10CTRL/LLN0$Status"
"1009","0.002036178","ipcas_21:73:33","143","0","396","LIED10CTRL/LLN0$Status"
"1010","0.001982685","ipcas_21:73:33","143","0","397","LIED10CTRL/LLN0$Status"
"1011","0.001981664","ipcas_21:73:33","143","0","398","LIED10CTRL/LLN0$Status"
"1012","0.002054459","ipcas_21:73:33","143","0","399","LIED10CTRL/LLN0$Status"
"1013","0.002032310","ipcas_21:73:33","143","0","400","LIED10CTRL/LLN0$Status"
"1014","0.001902764","ipcas_21:73:33","143","0","401","LIED10CTRL/LLN0$Status"
"1015","0.002020021","ipcas_21:73:33","143","0","402","LIED10CTRL/LLN0$Status"
"1016","0.001976716","ipcas_21:73:33","143","0","403","LIED10CTRL/LLN0$Status"
"1017","0.002100976","ipcas_21:73:33","143","0","404","LIED10CTRL/LLN0$Status"
"1018","0.002126092","ipcas_21:73:33","143","0","405","LIED10CTRL/LLN0$Status"
"1019","0.001880580","ipcas_21:73:33","143","0","406","LIED10CTRL/LLN0$Status"
"1020","0.001945292","ipcas_21:73:33","143","0","407","LIED10CTRL/LLN0$Status"
"1021","0.002156511","ipcas_21:73:33","143","0","408","LIED10CTRL/LLN0$Status"
"1022","0.001961744","ipcas_21:73:33","143","0","409","LIED10CTRL/LLN0$Status"
"1023","0.001964984","ipcas_21:73:33","143","0","410","LIED10CTRL/LLN0$Status"
"1024","0.002167209","ipcas_21:73:33","143","0","411","LIED10CTRL/LLN0$Status"
"1025","0.001859663","ipcas_21:73:33","143","0","412","LIED10CTRL/LLN0$Status"
"1026","0.002014616","ipcas_21:73:33","143","0","413","LIED10CTRL/LLN0$Status"
"1027","0.001919053","ipcas_21:73:33","143","0","414","LIED10CTRL/LLN0$Status"
"1028","0.002000458","ipcas_21:73:33","143","0","415","LIED10CTRL/LLN0$Status"
"1031","0.002444626","ipcas_21:73:33","143","0","416","LIED10CTRL/LLN0$Status"
"1032","0.001713199","ipcas_21:73:33","143","0","417","LIED10CTRL/LLN0$Status"
"1033","0.001906901","ipcas_21:73:33","143","0","418","LIED10CTRL/LLN0$Status"
"1034","0.002054863","ipcas_21:73:33","143","0","419","LIED10CTRL/LLN0$Status"
"1038","0.001915404","ipcas_21:73:33","143","0","420","LIED10CTRL/LLN0$Status"
"1039","0.001958019","ipcas_21:73:33","143","0","421","LIED10CTRL/LLN0$Status"
"1043","0.002258455","ipcas_21:73:33","143","0","422","LIED10CTRL/LLN0$Status"
"1044","0.001748563","ipcas_21:73:33","143","0","423","LIED10CTRL/LLN0$Status"
"1045","0.002076921","ipcas_21:73:33","143","0","424","LIED10CTRL/LLN0$Status"
"1046","0.001956263","ipcas_21:73:33","143","0","425","LIED10CTRL/LLN0$Status"
"1050","0.002004026","ipcas_21:73:33","143","0","426","LIED10CTRL/LLN0$Status"
"1051","0.002013077","ipcas_21:73:33","143","0","427","LIED10CTRL/LLN0$Status"
"1055","0.002002841","ipcas_21:73:33","143","0","428","LIED10CTRL/LLN0$Status"
"1056","0.001978330","ipcas_21:73:33","143","0","429","LIED10CTRL/LLN0$Status"
"1057","0.002026421","ipcas_21:73:33","143","0","430","LIED10CTRL/LLN0$Status"
"1061","0.001554135","ipcas_21:73:33","143","0","431","LIED10CTRL/LLN0$Status"
"1065","0.001528756","ipcas_21:73:33","143","0","432","LIED10CTRL/LLN0$Status"
"1066","0.001863513","ipcas_21:73:33","143","0","433","LIED10CTRL/LLN0$Status"
"1070","0.001999447","ipcas_21:73:33","143","0","434","LIED10CTRL/LLN0$Status"
"1073","0.002115377","ipcas_21:73:33","143","0","435","LIED10CTRL/LLN0$Status"
"1074","0.001961429","ipcas_21:73:33","143","0","436","LIED10CTRL/LLN0$Status"
"1075","0.002002543","ipcas_21:73:33","143","0","437","LIED10CTRL/LLN0$Status"
"1076","0.002115679","ipcas_21:73:33","143","0","438","LIED10CTRL/LLN0$Status"
"1077","0.002175146","ipcas_21:73:33","143","0","439","LIED10CTRL/LLN0$Status"
"1078","0.002215647","ipcas_21:73:33","143","0","440","LIED10CTRL/LLN0$Status"
"1079","0.000992236","ipcas_21:73:33","143","0","441","LIED10CTRL/LLN0$Status"
"1080","0.002960134","ipcas_21:73:33","143","0","442","LIED10CTRL/LLN0$Status"
"1081","0.001793144","ipcas_21:73:33","143","0","443","LIED10CTRL/LLN0$Status"
"1082","0.002550475","ipcas_21:73:33","143","0","444","LIED10CTRL/LLN0$Status"
"1083","0.002201800","ipcas_21:73:33","143","0","445","LIED10CTRL/LLN0$Status"
"1084","0.001895412","ipcas_21:73:33","143","0","446","LIED10CTRL/LLN0$Status"
"1085","0.002079883","ipcas_21:73:33","143","0","447","LIED10CTRL/LLN0$Status"
"1086","0.002092317","ipcas_21:73:33","143","0","448","LIED10CTRL/LLN0$Status"
"1087","0.002276648","ipcas_21:73:33","143","0","449","LIED10CTRL/LLN0$Status"
"1088","0.001513056","ipcas_21:73:33","143","0","450","LIED10CTRL/LLN0$Status"
"1089","0.001963594","ipcas_21:73:33","143","0","451","LIED10CTRL/LLN0$Status"
"1090","0.002132868","ipcas_21:73:33","143","0","452","LIED10CTRL/LLN0$Status"
"1091","0.001954706","ipcas_21:73:33","143","0","453","LIED10CTRL/LLN0$Status"
"1092","0.001954147","ipcas_21:73:33","143","0","454","LIED10CTRL/LLN0$Status"
"1093","0.002492556","ipcas_21:73:33","143","0","455","LIED10CTRL/LLN0$Status"
"1094","0.001952000","ipcas_21:73:33","143","0","456","LIED10CTRL/LLN0$Status"
"1095","0.001912375","ipcas_21:73:33","143","0","457","LIED10CTRL/LLN0$Status"
"1096","0.003681177","ipcas_21:73:33","143","0","458","LIED10CTRL/LLN0$Status"
"1097","0.000312516","ipcas_21:73:33","143","0","459","LIED10CTRL/LLN0$Status"
"1098","0.001844743","ipcas_21:73:33","143","0","460","LIED10CTRL/LLN0$Status"
"1099","0.002835114","ipcas_21:73:33","143","0","461","LIED10CTRL/LLN0$Status"
"1100","0.002027448","ipcas_21:73:33","143","0","462","LIED10CTRL/LLN0$Status"
"1101","0.002076683","ipcas_21:73:33","143","0","463","LIED10CTRL/LLN0$Status"
"1102","0.002063323","ipcas_21:73:33","143","0","464","LIED10CTRL/LLN0$Status"
"1103","0.001949760","ipcas_21:73:33","143","0","465","LIED10CTRL/LLN0$Status"
"1104","0.001972732","ipcas_21:73:33","143","0","466","LIED10CTRL/LLN0$Status"
"1105","0.001899656","ipcas_21:73:33","143","0","467","LIED10CTRL/LLN0$Status"
"1106","0.002156843","ipcas_21:73:33","143","0","468","LIED10CTRL/LLN0$Status"
"1107","0.001833635","ipcas_21:73:33","143","0","469","LIED10CTRL/LLN0$Status"
"1108","0.001973761","ipcas_21:73:33","143","0","470","LIED10CTRL/LLN0$Status"
"1111","0.002236869","ipcas_21:73:33","143","0","471","LIED10CTRL/LLN0$Status"
"1112","0.001827801","ipcas_21:73:33","143","0","472","LIED10CTRL/LLN0$Status"
"1113","0.001912148","ipcas_21:73:33","143","0","473","LIED10CTRL/LLN0$Status"
"1114","0.002080221","ipcas_21:73:33","143","0","474","LIED10CTRL/LLN0$Status"
"1115","0.001966673","ipcas_21:73:33","143","0","475","LIED10CTRL/LLN0$Status"
"1116","0.008179716","ipcas_21:73:33","143","0","476","LIED10CTRL/LLN0$Status"
"1117","0.001793982","ipcas_21:73:33","143","0","477","LIED10CTRL/LLN0$Status"
"1118","0.002324960","ipcas_21:73:33","143","0","478","LIED10CTRL/LLN0$Status"
"1119","0.002589166","ipcas_21:73:33","143","0","479","LIED10CTRL/LLN0$Status"
"1120","0.001998022","ipcas_21:73:33","143","0","480","LIED10CTRL/LLN0$Status"
"1121","0.001385212","ipcas_21:73:33","143","0","481","LIED10CTRL/LLN0$Status"
"1122","0.001867390","ipcas_21:73:33","143","0","482","LIED10CTRL/LLN0$Status"
"1123","0.001971571","ipcas_21:73:33","143","0","483","LIED10CTRL/LLN0$Status"
"1124","0.001814102","ipcas_21:73:33","143","0","484","LIED10CTRL/LLN0$Status"
"1125","0.001996892","ipcas_21:73:33","143","0","485","LIED10CTRL/LLN0$Status"
"1126","0.001999808","ipcas_21:73:33","143","0","486","LIED10CTRL/LLN0$Status"
"1127","0.001215825","ipcas_21:73:33","143","0","487","LIED10CTRL/LLN0$Status"
"1128","0.002740476","ipcas_21:73:33","143","0","488","LIED10CTRL/LLN0$Status"
"1129","0.001996124","ipcas_21:73:33","143","0","489","LIED10CTRL/LLN0$Status"
"1130","0.002013973","ipcas_21:73:33","143","0","490","LIED10CTRL/LLN0$Status"
"1131","0.001264399","ipcas_21:73:33","143","0","491","LIED10CTRL/LLN0$Status"
"1132","0.001876661","ipcas_21:73:33","143","0","492","LIED10CTRL/LLN0$Status"
"1133","0.001912322","ipcas_21:73:33","143","0","493","LIED10CTRL/LLN0$Status"
"1134","0.002011369","ipcas_21:73:33","143","0","494","LIED10CTRL/LLN0$Status"
"1135","0.001999077","ipcas_21:73:33","143","0","495","LIED10CTRL/LLN0$Status"
"1136","0.001999604","ipcas_21:73:33","143","0","496","LIED10CTRL/LLN0$Status"
"1137","0.002135689","ipcas_21:73:33","143","0","497","LIED10CTRL/LLN0$Status"
"1138","0.001965320","ipcas_21:73:33","143","0","498","LIED10CTRL/LLN0$Status"
"1139","0.001988861","ipcas_21:73:33","143","0","499","LIED10CTRL/LLN0$Status"
"1140","0.001916152","ipcas_21:73:33","143","0","500","LIED10CTRL/LLN0$Status"
"1141","0.002082356","ipcas_21:73:33","143","0","501","LIED10CTRL/LLN0$Status"
"1142","0.001958696","ipcas_21:73:33","143","0","502","LIED10CTRL/LLN0$Status"
"1143","0.002038006","ipcas_21:73:33","143","0","503","LIED10CTRL/LLN0$Status"
"1144","0.002017028","ipcas_21:73:33","143","0","504","LIED10CTRL/LLN0$Status"
"1145","0.001869155","ipcas_21:73:33","143","0","505","LIED10CTRL/LLN0$Status"
"1146","0.002053438","ipcas_21:73:33","143","0","506","LIED10CTRL/LLN0$Status"
"1147","0.001977870","ipcas_21:73:33","143","0","507","LIED10CTRL/LLN0$Status"
"1148","0.002004210","ipcas_21:73:33","143","0","508","LIED10CTRL/LLN0$Status"
"1149","0.002086617","ipcas_21:73:33","143","0","509","LIED10CTRL/LLN0$Status"
"1150","0.001992072","ipcas_21:73:33","143","0","510","LIED10CTRL/LLN0$Status"
"1151","0.001999850","ipcas_21:73:33","143","0","511","LIED10CTRL/LLN0$Status"
"1152","0.001924787","ipcas_21:73:33","143","0","512","LIED10CTRL/LLN0$Status"
"1153","0.002141498","ipcas_21:73:33","143","0","513","LIED10CTRL/LLN0$Status"
"1154","0.002024725","ipcas_21:73:33","143","0","514","LIED10CTRL/LLN0$Status"
"1155","0.001837600","ipcas_21:73:33","143","0","515","LIED10CTRL/LLN0$Status"
"1156","0.002155889","ipcas_21:73:33","143","0","516","LIED10CTRL/LLN0$Status"
"1157","0.001933637","ipcas_21:73:33","143","0","517","LIED10CTRL/LLN0$Status"
"1158","0.001944485","ipcas_21:73:33","143","0","518","LIED10CTRL/LLN0$Status"
"1159","0.002110547","ipcas_21:73:33","143","0","519","LIED10CTRL/LLN0$Status"
"1160","0.001869725","ipcas_21:73:33","143","0","520","LIED10CTRL/LLN0$Status"
"1161","0.002115214","ipcas_21:73:33","143","0","521","LIED10CTRL/LLN0$Status"
"1162","0.002059462","ipcas_21:73:33","143","0","522","LIED10CTRL/LLN0$Status"
"1163","0.001991628","ipcas_21:73:33","143","0","523","LIED10CTRL/LLN0$Status"
"1164","0.002025276","ipcas_21:73:33","143","0","524","LIED10CTRL/LLN0$Status"
"1165","0.001976098","ipcas_21:73:33","143","0","525","LIED10CTRL/LLN0$Status"
"1166","0.002005614","ipcas_21:73:33","143","0","526","LIED10CTRL/LLN0$Status"
"1168","0.001985622","ipcas_21:73:33","143","0","527","LIED10CTRL/LLN0$Status"
"1171","0.002014516","ipcas_21:73:33","143","0","528","LIED10CTRL/LLN0$Status"
"1172","0.002069876","ipcas_21:73:33","143","0","529","LIED10CTRL/LLN0$Status"
"1173","0.001919217","ipcas_21:73:33","143","0","530","LIED10CTRL/LLN0$Status"
"1177","0.002294434","ipcas_21:73:33","143","0","531","LIED10CTRL/LLN0$Status"
"1178","0.001716275","ipcas_21:73:33","143","0","532","LIED10CTRL/LLN0$Status"
"1179","0.001994220","ipcas_21:73:33","143","0","533","LIED10CTRL/LLN0$Status"
"1180","0.002008459","ipcas_21:73:33","143","0","534","LIED10CTRL/LLN0$Status"
"1182","0.001666621","ipcas_21:73:33","143","0","535","LIED10CTRL/LLN0$Status"
"1183","0.001326687","ipcas_21:73:33","143","0","536","LIED10CTRL/LLN0$Status"
"1186","0.001962187","ipcas_21:73:33","143","0","537","LIED10CTRL/LLN0$Status"
"1187","0.001371632","ipcas_21:73:33","143","0","538","LIED10CTRL/LLN0$Status"
"1188","0.001623853","ipcas_21:73:33","143","0","539","LIED10CTRL/LLN0$Status"
"1189","0.002031049","ipcas_21:73:33","143","0","540","LIED10CTRL/LLN0$Status"
"1190","0.001970456","ipcas_21:73:33","143","0","541","LIED10CTRL/LLN0$Status"
"1191","0.001907641","ipcas_21:73:33","143","0","542","LIED10CTRL/LLN0$Status"
"1195","0.002138162","ipcas_21:73:33","143","0","543","LIED10CTRL/LLN0$Status"
"1196","0.001966334","ipcas_21:73:33","143","0","544","LIED10CTRL/LLN0$Status"
"1197","0.001986492","ipcas_21:73:33","143","0","545","LIED10CTRL/LLN0$Status"
"1201","0.001996209","ipcas_21:73:33","143","0","546","LIED10CTRL/LLN0$Status"
"1202","0.002007540","ipcas_21:73:33","143","0","547","LIED10CTRL/LLN0$Status"
"1205","0.001501825","ipcas_21:73:33","143","0","548","LIED10CTRL/LLN0$Status"
"1207","0.001558717","ipcas_21:73:33","143","0","549","LIED10CTRL/LLN0$Status"
"1208","0.001958162","ipcas_21:73:33","143","0","550","LIED10CTRL/LLN0$Status"
"1212","0.001919270","ipcas_21:73:33","143","0","551","LIED10CTRL/LLN0$Status"
"1213","0.002166739","ipcas_21:73:33","143","0","552","LIED10CTRL/LLN0$Status"
"1217","0.001902395","ipcas_21:73:33","143","0","553","LIED10CTRL/LLN0$Status"
"1218","0.002656305","ipcas_21:73:33","143","0","554","LIED10CTRL/LLN0$Status"
"1222","0.001353295","ipcas_21:73:33","143","0","555","LIED10CTRL/LLN0$Status"
"1223","0.002011793","ipcas_21:73:33","143","0","556","LIED10CTRL/LLN0$Status"
"1227","0.002011514","ipcas_21:73:33","143","0","557","LIED10CTRL/LLN0$Status"
"1228","0.002007842","ipcas_21:73:33","143","0","558","LIED10CTRL/LLN0$Status"
"1229","0.001957439","ipcas_21:73:33","143","0","559","LIED10CTRL/LLN0$Status"
"1230","0.001998384","ipcas_21:73:33","143","0","560","LIED10CTRL/LLN0$Status"
"1231","0.001936815","ipcas_21:73:33","143","0","561","LIED10CTRL/LLN0$Status"
"1232","0.002123795","ipcas_21:73:33","143","0","562","LIED10CTRL/LLN0$Status"
"1233","0.001976664","ipcas_21:73:33","143","0","563","LIED10CTRL/LLN0$Status"
"1234","0.002004837","ipcas_21:73:33","143","0","564","LIED10CTRL/LLN0$Status"
"1235","0.001987013","ipcas_21:73:33","143","0","565","LIED10CTRL/LLN0$Status"
"1236","0.002018399","ipcas_21:73:33","143","0","566","LIED10CTRL/LLN0$Status"
"1237","0.001887455","ipcas_21:73:33","143","0","567","LIED10CTRL/LLN0$Status"
"1238","0.002118934","ipcas_21:73:33","143","0","568","LIED10CTRL/LLN0$Status"
"1239","0.001981327","ipcas_21:73:33","143","0","569","LIED10CTRL/LLN0$Status"
"1240","0.002011307","ipcas_21:73:33","143","0","570","LIED10CTRL/LLN0$Status"
"1241","0.001990750","ipcas_21:73:33","143","0","571","LIED10CTRL/LLN0$Status"
"1242","0.001970698","ipcas_21:73:33","143","0","572","LIED10CTRL/LLN0$Status"
"1243","0.001947624","ipcas_21:73:33","143","0","573","LIED10CTRL/LLN0$Status"
"1244","0.002051368","ipcas_21:73:33","143","0","574","LIED10CTRL/LLN0$Status"
"1245","0.001989193","ipcas_21:73:33","143","0","575","LIED10CTRL/LLN0$Status"
"1246","0.002005283","ipcas_21:73:33","143","0","576","LIED10CTRL/LLN0$Status"
"1247","0.001993107","ipcas_21:73:33","143","0","577","LIED10CTRL/LLN0$Status"
"1248","0.002015509","ipcas_21:73:33","143","0","578","LIED10CTRL/LLN0$Status"
"1249","0.002029453","ipcas_21:73:33","143","0","579","LIED10CTRL/LLN0$Status"
"1250","0.002009476","ipcas_21:73:33","143","0","580","LIED10CTRL/LLN0$Status"
"1251","0.001874394","ipcas_21:73:33","143","0","581","LIED10CTRL/LLN0$Status"
"1252","0.002075725","ipcas_21:73:33","143","0","582","LIED10CTRL/LLN0$Status"
"1253","0.001999509","ipcas_21:73:33","143","0","583","LIED10CTRL/LLN0$Status"
"1254","0.001971527","ipcas_21:73:33","143","0","584","LIED10CTRL/LLN0$Status"
"1255","0.001971791","ipcas_21:73:33","143","0","585","LIED10CTRL/LLN0$Status"
"1256","0.002083407","ipcas_21:73:33","143","0","586","LIED10CTRL/LLN0$Status"
"1257","0.001986839","ipcas_21:73:33","143","0","587","LIED10CTRL/LLN0$Status"
"1258","0.001924647","ipcas_21:73:33","143","0","588","LIED10CTRL/LLN0$Status"
"1259","0.002361791","ipcas_21:73:33","143","0","589","LIED10CTRL/LLN0$Status"
"1260","0.001644171","ipcas_21:73:33","143","0","590","LIED10CTRL/LLN0$Status"
"1261","0.001616235","ipcas_21:73:33","143","0","591","LIED10CTRL/LLN0$Status"
"1262","0.001619887","ipcas_21:73:33","143","0","592","LIED10CTRL/LLN0$Status"
"1263","0.001982029","ipcas_21:73:33","143","0","593","LIED10CTRL/LLN0$Status"
"1264","0.001481676","ipcas_21:73:33","143","0","594","LIED10CTRL/LLN0$Status"
"1265","0.001382956","ipcas_21:73:33","143","0","595","LIED10CTRL/LLN0$Status"
"1266","0.001869975","ipcas_21:73:33","143","0","596","LIED10CTRL/LLN0$Status"
"1267","0.002121161","ipcas_21:73:33","143","0","597","LIED10CTRL/LLN0$Status"
"1268","0.001934997","ipcas_21:73:33","143","0","598","LIED10CTRL/LLN0$Status"
"1269","0.002156507","ipcas_21:73:33","143","0","599","LIED10CTRL/LLN0$Status"
"1270","0.001747407","ipcas_21:73:33","143","0","600","LIED10CTRL/LLN0$Status"
"1271","0.002135532","ipcas_21:73:33","143","0","601","LIED10CTRL/LLN0$Status"
"1272","0.001859470","ipcas_21:73:33","143","0","602","LIED10CTRL/LLN0$Status"
"1273","0.002157319","ipcas_21:73:33","143","0","603","LIED10CTRL/LLN0$Status"
"1274","0.002006987","ipcas_21:73:33","143","0","604","LIED10CTRL/LLN0$Status"
"1275","0.002622960","ipcas_21:73:33","143","0","605","LIED10CTRL/LLN0$Status"
"1276","0.001277004","ipcas_21:73:33","143","0","606","LIED10CTRL/LLN0$Status"
"1277","0.001923385","ipcas_21:73:33","143","0","607","LIED10CTRL/LLN0$Status"
"1278","0.002011262","ipcas_21:73:33","143","0","608","LIED10CTRL/LLN0$Status"
"1279","0.002103405","ipcas_21:73:33","143","0","609","LIED10CTRL/LLN0$Status"
"1280","0.001949539","ipcas_21:73:33","143","0","610","LIED10CTRL/LLN0$Status"
"1281","0.002035317","ipcas_21:73:33","143","0","611","LIED10CTRL/LLN0$Status"
"1282","0.001925337","ipcas_21:73:33","143","0","612","LIED10CTRL/LLN0$Status"
"1283","0.002085923","ipcas_21:73:33","143","0","613","LIED10CTRL/LLN0$Status"
"1284","0.001953904","ipcas_21:73:33","143","0","614","LIED10CTRL/LLN0$Status"
"1285","0.001336824","ipcas_21:73:33","143","0","615","LIED10CTRL/LLN0$Status"
"1286","0.029204134","ipcas_21:73:33","143","0","616","LIED10CTRL/LLN0$Status"
"1287","0.000002893","ipcas_21:73:33","143","0","617","LIED10CTRL/LLN0$Status"
"1288","0.001313602","ipcas_21:73:33","143","0","618","LIED10CTRL/LLN0$Status"
"1289","0.001198963","ipcas_21:73:33","143","0","619","LIED10CTRL/LLN0$Status"
"1290","0.001878215","ipcas_21:73:33","143","0","620","LIED10CTRL/LLN0$Status"
"1291","0.001400897","ipcas_21:73:33","143","0","621","LIED10CTRL/LLN0$Status"
"1292","0.001749675","ipcas_21:73:33","143","0","622","LIED10CTRL/LLN0$Status"
"1293","0.001954710","ipcas_21:73:33","143","0","623","LIED10CTRL/LLN0$Status"
"1294","0.002082198","ipcas_21:73:33","143","0","624","LIED10CTRL/LLN0$Status"
"1295","0.001175228","ipcas_21:73:33","143","0","625","LIED10CTRL/LLN0$Status"
"1296","0.001673782","ipcas_21:73:33","143","0","626","LIED10CTRL/LLN0$Status"
"1297","0.001341888","ipcas_21:73:33","143","0","627","LIED10CTRL/LLN0$Status"
"1298","0.001401578","ipcas_21:73:33","143","0","628","LIED10CTRL/LLN0$Status"
"1299","0.001263723","ipcas_21:73:33","143","0","629","LIED10CTRL/LLN0$Status"
"1300","0.001164782","ipcas_21:73:33","143","0","630","LIED10CTRL/LLN0$Status"
"1301","0.001789380","ipcas_21:73:33","143","0","631","LIED10CTRL/LLN0$Status"
"1302","0.002003242","ipcas_21:73:33","143","0","632","LIED10CTRL/LLN0$Status"
"1303","0.002004348","ipcas_21:73:33","143","0","633","LIED10CTRL/LLN0$Status"
"1304","0.001186060","ipcas_21:73:33","143","0","634","LIED10CTRL/LLN0$Status"
"1305","0.001807993","ipcas_21:73:33","143","0","635","LIED10CTRL/LLN0$Status"
"1306","0.002117660","ipcas_21:73:33","143","0","636","LIED10CTRL/LLN0$Status"
"1307","0.001876619","ipcas_21:73:33","143","0","637","LIED10CTRL/LLN0$Status"
"1308","0.002129145","ipcas_21:73:33","143","0","638","LIED10CTRL/LLN0$Status"
"1309","0.001215335","ipcas_21:73:33","143","0","639","LIED10CTRL/LLN0$Status"
"1310","0.001762930","ipcas_21:73:33","143","0","640","LIED10CTRL/LLN0$Status"
"1311","0.001031699","ipcas_21:73:33","143","0","641","LIED10CTRL/LLN0$Status"
"1312","0.001882430","ipcas_21:73:33","143","0","642","LIED10CTRL/LLN0$Status"
"1313","0.002035210","ipcas_21:73:33","143","0","643","LIED10CTRL/LLN0$Status"
"1314","0.001374089","ipcas_21:73:33","143","0","644","LIED10CTRL/LLN0$Status"
"1315","0.001203980","ipcas_21:73:33","143","0","645","LIED10CTRL/LLN0$Status"
"1316","0.001449410","ipcas_21:73:33","143","0","646","LIED10CTRL/LLN0$Status"
"1317","0.002074495","ipcas_21:73:33","143","0","647","LIED10CTRL/LLN0$Status"
"1318","0.001845597","ipcas_21:73:33","143","0","648","LIED10CTRL/LLN0$Status"
"1319","0.001258432","ipcas_21:73:33","143","0","649","LIED10CTRL/LLN0$Status"
"1320","0.001742220","ipcas_21:73:33","143","0","650","LIED10CTRL/LLN0$Status"
"1321","0.001173582","ipcas_21:73:33","143","0","651","LIED10CTRL/LLN0$Status"
"1322","0.001441664","ipcas_21:73:33","143","0","652","LIED10CTRL/LLN0$Status"
"1323","0.001365107","ipcas_21:73:33","143","0","653","LIED10CTRL/LLN0$Status"
"1324","0.001464963","ipcas_21:73:33","143","0","654","LIED10CTRL/LLN0$Status"
"1325","0.001653948","ipcas_21:73:33","143","0","655","LIED10CTRL/LLN0$Status"
"1326","0.002270058","ipcas_21:73:33","143","0","656","LIED10CTRL/LLN0$Status"
"1327","0.001690192","ipcas_21:73:33","143","0","657","LIED10CTRL/LLN0$Status"
"1328","0.001984016","ipcas_21:73:33","143","0","658","LIED10CTRL/LLN0$Status"
"1329","0.002074671","ipcas_21:73:33","143","0","659","LIED10CTRL/LLN0$Status"
"1330","0.001391977","ipcas_21:73:33","143","0","660","LIED10CTRL/LLN0$Status"
"1331","0.001505515","ipcas_21:73:33","143","0","661","LIED10CTRL/LLN0$Status"
"1332","0.001325124","ipcas_21:73:33","143","0","662","LIED10CTRL/LLN0$Status"
"1333","0.001208343","ipcas_21:73:33","143","0","663","LIED10CTRL/LLN0$Status"
"1334","0.001203014","ipcas_21:73:33","143","0","664","LIED10CTRL/LLN0$Status"
"1335","0.001247662","ipcas_21:73:33","143","0","665","LIED10CTRL/LLN0$Status"
"1336","0.001871691","ipcas_21:73:33","143","0","666","LIED10CTRL/LLN0$Status"
"1337","0.001120743","ipcas_21:73:33","143","0","667","LIED10CTRL/LLN0$Status"
"1338","0.002017509","ipcas_21:73:33","143","0","668","LIED10CTRL/LLN0$Status"
"1339","0.002063074","ipcas_21:73:33","143","0","669","LIED10CTRL/LLN0$Status"
"1340","0.001966453","ipcas_21:73:33","143","0","670","LIED10CTRL/LLN0$Status"
"1341","0.001112063","ipcas_21:73:33","143","0","671","LIED10CTRL/LLN0$Status"
"1342","0.001969787","ipcas_21:73:33","143","0","672","LIED10CTRL/LLN0$Status"
"1343","0.001884474","ipcas_21:73:33","143","0","673","LIED10CTRL/LLN0$Status"
"1344","0.002044963","ipcas_21:73:33","143","0","674","LIED10CTRL/LLN0$Status"
"1345","0.001968228","ipcas_21:73:33","143","0","675","LIED10CTRL/LLN0$Status"
"1346","0.001992905","ipcas_21:73:33","143","0","676","LIED10CTRL/LLN0$Status"
"1347","0.001991683","ipcas_21:73:33","143","0","677","LIED10CTRL/LLN0$Status"
"1348","0.001995069","ipcas_21:73:33","143","0","678","LIED10CTRL/LLN0$Status"
"1349","0.001536866","ipcas_21:73:33","143","0","679","LIED10CTRL/LLN0$Status"
"1350","0.001530301","ipcas_21:73:33","143","0","680","LIED10CTRL/LLN0$Status"
"1351","0.001704637","ipcas_21:73:33","143","0","681","LIED10CTRL/LLN0$Status"
"1352","0.001043693","ipcas_21:73:33","143","0","682","LIED10CTRL/LLN0$Status"
"1353","0.001196509","ipcas_21:73:33","143","0","683","LIED10CTRL/LLN0$Status"
"1354","0.001327451","ipcas_21:73:33","143","0","684","LIED10CTRL/LLN0$Status"
"1355","0.001740321","ipcas_21:73:33","143","0","685","LIED10CTRL/LLN0$Status"
"1356","0.001912546","ipcas_21:73:33","143","0","686","LIED10CTRL/LLN0$Status"
"1357","0.002064518","ipcas_21:73:33","143","0","687","LIED10CTRL/LLN0$Status"
"1358","0.001938847","ipcas_21:73:33","143","0","688","LIED10CTRL/LLN0$Status"
"1359","0.002047344","ipcas_21:73:33","143","0","689","LIED10CTRL/LLN0$Status"
"1360","0.001999970","ipcas_21:73:33","143","0","690","LIED10CTRL/LLN0$Status"
"1361","0.002088379","ipcas_21:73:33","143","0","691","LIED10CTRL/LLN0$Status"
"1362","0.001867817","ipcas_21:73:33","143","0","692","LIED10CTRL/LLN0$Status"
"1363","0.002119702","ipcas_21:73:33","143","0","693","LIED10CTRL/LLN0$Status"
"1364","0.001923619","ipcas_21:73:33","143","0","694","LIED10CTRL/LLN0$Status"
"1365","0.002054347","ipcas_21:73:33","143","0","695","LIED10CTRL/LLN0$Status"
"1366","0.002030395","ipcas_21:73:33","143","0","696","LIED10CTRL/LLN0$Status"
"1367","0.001931953","ipcas_21:73:33","143","0","697","LIED10CTRL/LLN0$Status"
"1368","0.002064566","ipcas_21:73:33","143","0","698","LIED10CTRL/LLN0$Status"
"1369","0.001949765","ipcas_21:73:33","143","0","699","LIED10CTRL/LLN0$Status"
"1370","0.001929549","ipcas_21:73:33","143","0","700","LIED10CTRL/LLN0$Status"
"1371","0.002098510","ipcas_21:73:33","143","0","701","LIED10CTRL/LLN0$Status"
"1372","0.002034825","ipcas_21:73:33","143","0","702","LIED10CTRL/LLN0$Status"
"1373","0.002006024","ipcas_21:73:33","143","0","703","LIED10CTRL/LLN0$Status"
"1374","0.001856748","ipcas_21:73:33","143","0","704","LIED10CTRL/LLN0$Status"
"1375","0.002425796","ipcas_21:73:33","143","0","705","LIED10CTRL/LLN0$Status"
"1376","0.001737925","ipcas_21:73:33","143","0","706","LIED10CTRL/LLN0$Status"
"1377","0.001990404","ipcas_21:73:33","143","0","707","LIED10CTRL/LLN0$Status"
"1378","0.002054290","ipcas_21:73:33","143","0","708","LIED10CTRL/LLN0$Status"
"1379","0.001982403","ipcas_21:73:33","143","0","709","LIED10CTRL/LLN0$Status"
"1380","0.002013224","ipcas_21:73:33","143","0","710","LIED10CTRL/LLN0$Status"
"1381","0.001995593","ipcas_21:73:33","143","0","711","LIED10CTRL/LLN0$Status"
"1382","0.001954388","ipcas_21:73:33","143","0","712","LIED10CTRL/LLN0$Status"
"1383","0.002010179","ipcas_21:73:33","143","0","713","LIED10CTRL/LLN0$Status"
"1384","0.002055433","ipcas_21:73:33","143","0","714","LIED10CTRL/LLN0$Status"
"1385","0.001844924","ipcas_21:73:33","143","0","715","LIED10CTRL/LLN0$Status"
"1386","0.002155932","ipcas_21:73:33","143","0","716","LIED10CTRL/LLN0$Status"
"1387","0.001982442","ipcas_21:73:33","143","0","717","LIED10CTRL/LLN0$Status"
"1388","0.001994201","ipcas_21:73:33","143","0","718","LIED10CTRL/LLN0$Status"
"1389","0.002006639","ipcas_21:73:33","143","0","719","LIED10CTRL/LLN0$Status"
"1390","0.002015907","ipcas_21:73:33","143","0","720","LIED10CTRL/LLN0$Status"
"1391","0.001982297","ipcas_21:73:33","143","0","721","LIED10CTRL/LLN0$Status"
"1392","0.002012753","ipcas_21:73:33","143","0","722","LIED10CTRL/LLN0$Status"
"1393","0.002009756","ipcas_21:73:33","143","0","723","LIED10CTRL/LLN0$Status"
"1394","0.001973914","ipcas_21:73:33","143","0","724","LIED10CTRL/LLN0$Status"
"1395","0.003805965","ipcas_21:73:33","143","0","725","LIED10CTRL/LLN0$Status"
"1396","0.002220798","ipcas_21:73:33","143","0","726","LIED10CTRL/LLN0$Status"
"1397","0.001973352","ipcas_21:73:33","143","0","727","LIED10CTRL/LLN0$Status"
"1398","0.002458142","ipcas_21:73:33","143","0","728","LIED10CTRL/LLN0$Status"
"1399","0.002390113","ipcas_21:73:33","143","0","729","LIED10CTRL/LLN0$Status"
"1400","0.001995210","ipcas_21:73:33","143","0","730","LIED10CTRL/LLN0$Status"
"1401","0.002004781","ipcas_21:73:33","143","0","731","LIED10CTRL/LLN0$Status"
"1402","0.001573206","ipcas_21:73:33","143","0","732","LIED10CTRL/LLN0$Status"
"1403","0.002467800","ipcas_21:73:33","143","0","733","LIED10CTRL/LLN0$Status"
"1404","0.001496913","ipcas_21:73:33","143","0","734","LIED10CTRL/LLN0$Status"
"1405","0.002429014","ipcas_21:73:33","143","0","735","LIED10CTRL/LLN0$Status"
"1406","0.002053902","ipcas_21:73:33","143","0","736","LIED10CTRL/LLN0$Status"
"1407","0.001379877","ipcas_21:73:33","143","0","737","LIED10CTRL/LLN0$Status"
"1408","0.001956474","ipcas_21:73:33","143","0","738","LIED10CTRL/LLN0$Status"
"1409","0.002070312","ipcas_21:73:33","143","0","739","LIED10CTRL/LLN0$Status"
"1410","0.002710082","ipcas_21:73:33","143","0","740","LIED10CTRL/LLN0$Status"
"1411","0.000974169","ipcas_21:73:33","143","0","741","LIED10CTRL/LLN0$Status"
"1412","0.001815942","ipcas_21:73:33","143","0","742","LIED10CTRL/LLN0$Status"
"1413","0.002071846","ipcas_21:73:33","143","0","743","LIED10CTRL/LLN0$Status"
"1414","0.001461386","ipcas_21:73:33","143","0","744","LIED10CTRL/LLN0$Status"
"1415","0.001697287","ipcas_21:73:33","143","0","745","LIED10CTRL/LLN0$Status"
"1416","0.001958555","ipcas_21:73:33","143","0","746","LIED10CTRL/LLN0$Status"
"1417","0.002020701","ipcas_21:73:33","143","0","747","LIED10CTRL/LLN0$Status"
"1418","0.001838157","ipcas_21:73:33","143","0","748","LIED10CTRL/LLN0$Status"
"1419","0.002010084","ipcas_21:73:33","143","0","749","LIED10CTRL/LLN0$Status"
"1420","0.001994548","ipcas_21:73:33","143","0","750","LIED10CTRL/LLN0$Status"
"1421","0.002023693","ipcas_21:73:33","143","0","751","LIED10CTRL/LLN0$Status"
"1422","0.001984376","ipcas_21:73:33","143","0","752","LIED10CTRL/LLN0$Status"
"1423","0.002205895","ipcas_21:73:33","143","0","753","LIED10CTRL/LLN0$Status"
"1424","0.001825324","ipcas_21:73:33","143","0","754","LIED10CTRL/LLN0$Status"
"1425","0.002421746","ipcas_21:73:33","143","0","755","LIED10CTRL/LLN0$Status"
"1426","0.001578678","ipcas_21:73:33","143","0","756","LIED10CTRL/LLN0$Status"
"1427","0.002024172","ipcas_21:73:33","143","0","757","LIED10CTRL/LLN0$Status"
"1428","0.001978473","ipcas_21:73:33","143","0","758","LIED10CTRL/LLN0$Status"
"1429","0.001975852","ipcas_21:73:33","143","0","759","LIED10CTRL/LLN0$Status"
"1430","0.001990123","ipcas_21:73:33","143","0","760","LIED10CTRL/LLN0$Status"
"1431","0.002024096","ipcas_21:73:33","143","0","761","LIED10CTRL/LLN0$Status"
"1432","0.002007082","ipcas_21:73:33","143","0","762","LIED10CTRL/LLN0$Status"
"1433","0.001985420","ipcas_21:73:33","143","0","763","LIED10CTRL/LLN0$Status"
"1434","0.002065883","ipcas_21:73:33","143","0","764","LIED10CTRL/LLN0$Status"
"1435","0.002424038","ipcas_21:73:33","143","0","765","LIED10CTRL/LLN0$Status"
"1436","0.001662349","ipcas_21:73:33","143","0","766","LIED10CTRL/LLN0$Status"
"1437","0.002090141","ipcas_21:73:33","143","0","767","LIED10CTRL/LLN0$Status"
"1438","0.001862882","ipcas_21:73:33","143","0","768","LIED10CTRL/LLN0$Status"
"1439","0.002137154","ipcas_21:73:33","143","0","769","LIED10CTRL/LLN0$Status"
"1440","0.001878470","ipcas_21:73:33","143","0","770","LIED10CTRL/LLN0$Status"
"1441","0.001971668","ipcas_21:73:33","143","0","771","LIED10CTRL/LLN0$Status"
"1442","0.002018126","ipcas_21:73:33","143","0","772","LIED10CTRL/LLN0$Status"
"1443","0.001997508","ipcas_21:73:33","143","0","773","LIED10CTRL/LLN0$Status"
"1444","0.002082802","ipcas_21:73:33","143","0","774","LIED10CTRL/LLN0$Status"
"1445","0.001929089","ipcas_21:73:33","143","0","775","LIED10CTRL/LLN0$Status"
"1446","0.002034788","ipcas_21:73:33","143","0","776","LIED10CTRL/LLN0$Status"
"1447","0.002050631","ipcas_21:73:33","143","0","777","LIED10CTRL/LLN0$Status"
"1448","0.001937700","ipcas_21:73:33","143","0","778","LIED10CTRL/LLN0$Status"
"1449","0.001924834","ipcas_21:73:33","143","0","779","LIED10CTRL/LLN0$Status"
"1450","0.001943133","ipcas_21:73:33","143","0","780","LIED10CTRL/LLN0$Status"
"1451","0.002026585","ipcas_21:73:33","143","0","781","LIED10CTRL/LLN0$Status"
"1452","0.001992354","ipcas_21:73:33","143","0","782","LIED10CTRL/LLN0$Status"
"1453","0.002002525","ipcas_21:73:33","143","0","783","LIED10CTRL/LLN0$Status"
"1454","0.002110112","ipcas_21:73:33","143","0","784","LIED10CTRL/LLN0$Status"
"1455","0.001870179","ipcas_21:73:33","143","0","785","LIED10CTRL/LLN0$Status"
"1456","0.002021469","ipcas_21:73:33","143","0","786","LIED10CTRL/LLN0$Status"
"1457","0.002035062","ipcas_21:73:33","143","0","787","LIED10CTRL/LLN0$Status"
"1458","0.001940566","ipcas_21:73:33","143","0","788","LIED10CTRL/LLN0$Status"
"1459","0.002020705","ipcas_21:73:33","143","0","789","LIED10CTRL/LLN0$Status"
"1460","0.002125835","ipcas_21:73:33","143","0","790","LIED10CTRL/LLN0$Status"
"1461","0.001912016","ipcas_21:73:33","143","0","791","LIED10CTRL/LLN0$Status"
"1462","0.001944765","ipcas_21:73:33","143","0","792","LIED10CTRL/LLN0$Status"
"1463","0.002049060","ipcas_21:73:33","143","0","793","LIED10CTRL/LLN0$Status"
"1464","0.001988763","ipcas_21:73:33","143","0","794","LIED10CTRL/LLN0$Status"
"1465","0.002103160","ipcas_21:73:33","143","0","795","LIED10CTRL/LLN0$Status"
"1466","0.002113864","ipcas_21:73:33","143","0","796","LIED10CTRL/LLN0$Status"
"1467","0.002036388","ipcas_21:73:33","143","0","797","LIED10CTRL/LLN0$Status"
"1468","0.001954638","ipcas_21:73:33","143","0","798","LIED10CTRL/LLN0$Status"
"1469","0.001777670","ipcas_21:73:33","143","0","799","LIED10CTRL/LLN0$Status"
"1470","0.002192870","ipcas_21:73:33","143","0","800","LIED10CTRL/LLN0$Status"
"1471","0.001958640","ipcas_21:73:33","143","0","801","LIED10CTRL/LLN0$Status"
"1472","0.001895080","ipcas_21:73:33","143","0","802","LIED10CTRL/LLN0$Status"
"1473","0.001971595","ipcas_21:73:33","143","0","803","LIED10CTRL/LLN0$Status"
"1474","0.002265815","ipcas_21:73:33","143","0","804","LIED10CTRL/LLN0$Status"
"1475","0.001927949","ipcas_21:73:33","143","0","805","LIED10CTRL/LLN0$Status"
"1476","0.001787800","ipcas_21:73:33","143","0","806","LIED10CTRL/LLN0$Status"
"1477","0.002315966","ipcas_21:73:33","143","0","807","LIED10CTRL/LLN0$Status"
"1478","0.001882438","ipcas_21:73:33","143","0","808","LIED10CTRL/LLN0$Status"
"1479","0.002128572","ipcas_21:73:33","143","0","809","LIED10CTRL/LLN0$Status"
"1480","0.002059946","ipcas_21:73:33","143","0","810","LIED10CTRL/LLN0$Status"
"1481","0.001764369","ipcas_21:73:33","143","0","811","LIED10CTRL/LLN0$Status"
"1482","0.001973095","ipcas_21:73:33","143","0","812","LIED10CTRL/LLN0$Status"
"1483","0.002186632","ipcas_21:73:33","143","0","813","LIED10CTRL/LLN0$Status"
"1484","0.001960492","ipcas_21:73:33","143","0","814","LIED10CTRL/LLN0$Status"
"1485","0.001847003","ipcas_21:73:33","143","0","815","LIED10CTRL/LLN0$Status"
"1486","0.002001434","ipcas_21:73:33","143","0","816","LIED10CTRL/LLN0$Status"
"1487","0.002001099","ipcas_21:73:33","143","0","817","LIED10CTRL/LLN0$Status"
"1488","0.001990613","ipcas_21:73:33","143","0","818","LIED10CTRL/LLN0$Status"
"1489","0.002000026","ipcas_21:73:33","143","0","819","LIED10CTRL/LLN0$Status"
"1490","0.002414715","ipcas_21:73:33","143","0","820","LIED10CTRL/LLN0$Status"
"1491","0.002593989","ipcas_21:73:33","143","0","821","LIED10CTRL/LLN0$Status"
"1492","0.002008887","ipcas_21:73:33","143","0","822","LIED10CTRL/LLN0$Status"
"1493","0.002139470","ipcas_21:73:33","143","0","823","LIED10CTRL/LLN0$Status"
"1494","0.001896801","ipcas_21:73:33","143","0","824","LIED10CTRL/LLN0$Status"
"1495","0.001977021","ipcas_21:73:33","143","0","825","LIED10CTRL/LLN0$Status"
"1496","0.002013164","ipcas_21:73:33","143","0","826","LIED10CTRL/LLN0$Status"
"1497","0.002271652","ipcas_21:73:33","143","0","827","LIED10CTRL/LLN0$Status"
"1498","0.001599252","ipcas_21:73:33","143","0","828","LIED10CTRL/LLN0$Status"
"1499","0.002021185","ipcas_21:73:33","143","0","829","LIED10CTRL/LLN0$Status"
"1500","0.002084443","ipcas_21:73:33","143","0","830","LIED10CTRL/LLN0$Status"
"1501","0.001890998","ipcas_21:73:33","143","0","831","LIED10CTRL/LLN0$Status"
"1502","0.002120283","ipcas_21:73:33","143","0","832","LIED10CTRL/LLN0$Status"
"1503","0.001895875","ipcas_21:73:33","143","0","833","LIED10CTRL/LLN0$Status"
"1504","0.002042462","ipcas_21:73:33","143","0","834","LIED10CTRL/LLN0$Status"
"1505","0.001962113","ipcas_21:73:33","143","0","835","LIED10CTRL/LLN0$Status"
"1506","0.002001912","ipcas_21:73:33","143","0","836","LIED10CTRL/LLN0$Status"
"1507","0.002050145","ipcas_21:73:33","143","0","837","LIED10CTRL/LLN0$Status"
"1508","0.001880932","ipcas_21:73:33","143","0","838","LIED10CTRL/LLN0$Status"
"1509","0.002017617","ipcas_21:73:33","143","0","839","LIED10CTRL/LLN0$Status"
"1510","0.001971329","ipcas_21:73:33","143","0","840","LIED10CTRL/LLN0$Status"
"1511","0.002037838","ipcas_21:73:33","143","0","841","LIED10CTRL/LLN0$Status"
"1512","0.002007639","ipcas_21:73:33","143","0","842","LIED10CTRL/LLN0$Status"
"1513","0.002021657","ipcas_21:73:33","143","0","843","LIED10CTRL/LLN0$Status"
"1514","0.002078089","ipcas_21:73:33","143","0","844","LIED10CTRL/LLN0$Status"
"1515","0.001938257","ipcas_21:73:33","143","0","845","LIED10CTRL/LLN0$Status"
"1516","0.002040415","ipcas_21:73:33","143","0","846","LIED10CTRL/LLN0$Status"
"1517","0.002062512","ipcas_21:73:33","143","0","847","LIED10CTRL/LLN0$Status"
"1518","0.001909568","ipcas_21:73:33","143","0","848","LIED10CTRL/LLN0$Status"
"1519","0.002266481","ipcas_21:73:33","143","0","849","LIED10CTRL/LLN0$Status"
"1520","0.001740829","ipcas_21:73:33","143","0","850","LIED10CTRL/LLN0$Status"
"1521","0.002417614","ipcas_21:73:33","143","0","851","LIED10CTRL/LLN0$Status"
"1522","0.001549745","ipcas_21:73:33","143","0","852","LIED10CTRL/LLN0$Status"
"1523","0.002022653","ipcas_21:73:33","143","0","853","LIED10CTRL/LLN0$Status"
"1524","0.002490378","ipcas_21:73:33","143","0","854","LIED10CTRL/LLN0$Status"
"1525","0.001645325","ipcas_21:73:33","143","0","855","LIED10CTRL/LLN0$Status"
"1526","0.001927537","ipcas_21:73:33","143","0","856","LIED10CTRL/LLN0$Status"
"1527","0.001917869","ipcas_21:73:33","143","0","857","LIED10CTRL/LLN0$Status"
"1528","0.002369092","ipcas_21:73:33","143","0","858","LIED10CTRL/LLN0$Status"
"1529","0.002167965","ipcas_21:73:33","143","0","859","LIED10CTRL/LLN0$Status"
"1530","0.001783897","ipcas_21:73:33","143","0","860","LIED10CTRL/LLN0$Status"
"1531","0.001836578","ipcas_21:73:33","143","0","861","LIED10CTRL/LLN0$Status"
"1532","0.001863288","ipcas_21:73:33","143","0","862","LIED10CTRL/LLN0$Status"
"1533","0.001943982","ipcas_21:73:33","143","0","863","LIED10CTRL/LLN0$Status"
"1534","0.001996340","ipcas_21:73:33","143","0","864","LIED10CTRL/LLN0$Status"
"1535","0.002097290","ipcas_21:73:33","143","0","865","LIED10CTRL/LLN0$Status"
"1536","0.001980563","ipcas_21:73:33","143","0","866","LIED10CTRL/LLN0$Status"
"1537","0.001958313","ipcas_21:73:33","143","0","867","LIED10CTRL/LLN0$Status"
"1538","0.002030071","ipcas_21:73:33","143","0","868","LIED10CTRL/LLN0$Status"
"1539","0.001881861","ipcas_21:73:33","143","0","869","LIED10CTRL/LLN0$Status"
"1540","0.002095106","ipcas_21:73:33","143","0","870","LIED10CTRL/LLN0$Status"
"1541","0.001986230","ipcas_21:73:33","143","0","871","LIED10CTRL/LLN0$Status"
"1542","0.002036763","ipcas_21:73:33","143","0","872","LIED10CTRL/LLN0$Status"
"1543","0.001958687","ipcas_21:73:33","143","0","873","LIED10CTRL/LLN0$Status"
"1544","0.002094081","ipcas_21:73:33","143","0","874","LIED10CTRL/LLN0$Status"
"1545","0.001873053","ipcas_21:73:33","143","0","875","LIED10CTRL/LLN0$Status"
"1546","0.001962902","ipcas_21:73:33","143","0","876","LIED10CTRL/LLN0$Status"
"1547","0.002075231","ipcas_21:73:33","143","0","877","LIED10CTRL/LLN0$Status"
"1548","0.002056229","ipcas_21:73:33","143","0","878","LIED10CTRL/LLN0$Status"
"1549","0.001860508","ipcas_21:73:33","143","0","879","LIED10CTRL/LLN0$Status"
"1550","0.002018078","ipcas_21:73:33","143","0","880","LIED10CTRL/LLN0$Status"
"1551","0.002125552","ipcas_21:73:33","143","0","881","LIED10CTRL/LLN0$Status"
"1552","0.001994049","ipcas_21:73:33","143","0","882","LIED10CTRL/LLN0$Status"
"1553","0.002005018","ipcas_21:73:33","143","0","883","LIED10CTRL/LLN0$Status"
"1554","0.001921986","ipcas_21:73:33","143","0","884","LIED10CTRL/LLN0$Status"
"1555","0.001973308","ipcas_21:73:33","143","0","885","LIED10CTRL/LLN0$Status"
"1556","0.001965367","ipcas_21:73:33","143","0","886","LIED10CTRL/LLN0$Status"
"1557","0.002053214","ipcas_21:73:33","143","0","887","LIED10CTRL/LLN0$Status"
"1558","0.002043026","ipcas_21:73:33","143","0","888","LIED10CTRL/LLN0$Status"
"1559","0.001923283","ipcas_21:73:33","143","0","889","LIED10CTRL/LLN0$Status"
"1560","0.002062196","ipcas_21:73:33","143","0","890","LIED10CTRL/LLN0$Status"
"1561","0.002011278","ipcas_21:73:33","143","0","891","LIED10CTRL/LLN0$Status"
"1562","0.001037121","ipcas_21:73:33","143","0","892","LIED10CTRL/LLN0$Status"
"1563","0.001895658","ipcas_21:73:33","143","0","893","LIED10CTRL/LLN0$Status"
"1564","0.001965957","ipcas_21:73:33","143","0","894","LIED10CTRL/LLN0$Status"
"1565","0.002002579","ipcas_21:73:33","143","0","895","LIED10CTRL/LLN0$Status"
"1566","0.002017841","ipcas_21:73:33","143","0","896","LIED10CTRL/LLN0$Status"
"1567","0.002010882","ipcas_21:73:33","143","0","897","LIED10CTRL/LLN0$Status"
"1568","0.002013673","ipcas_21:73:33","143","0","898","LIED10CTRL/LLN0$Status"
"1569","0.002043443","ipcas_21:73:33","143","0","899","LIED10CTRL/LLN0$Status"
"1570","0.001946130","ipcas_21:73:33","143","0","900","LIED10CTRL/LLN0$Status"
"1571","0.001964431","ipcas_21:73:33","143","0","901","LIED10CTRL/LLN0$Status"
"1572","0.002037706","ipcas_21:73:33","143","0","902","LIED10CTRL/LLN0$Status"
"1573","0.002013986","ipcas_21:73:33","143","0","903","LIED10CTRL/LLN0$Status"
"1574","0.001981952","ipcas_21:73:33","143","0","904","LIED10CTRL/LLN0$Status"
"1575","0.002008216","ipcas_21:73:33","143","0","905","LIED10CTRL/LLN0$Status"
"1576","0.002025466","ipcas_21:73:33","143","0","906","LIED10CTRL/LLN0$Status"
"1577","0.002034385","ipcas_21:73:33","143","0","907","LIED10CTRL/LLN0$Status"
"1578","0.001915079","ipcas_21:73:33","143","0","908","LIED10CTRL/LLN0$Status"
"1579","0.002049039","ipcas_21:73:33","143","0","909","LIED10CTRL/LLN0$Status"
"1580","0.002020175","ipcas_21:73:33","143","0","910","LIED10CTRL/LLN0$Status"
"1581","0.002092141","ipcas_21:73:33","143","0","911","LIED10CTRL/LLN0$Status"
"1582","0.001856429","ipcas_21:73:33","143","0","912","LIED10CTRL/LLN0$Status"
"1583","0.002105364","ipcas_21:73:33","143","0","913","LIED10CTRL/LLN0$Status"
"1584","0.002024214","ipcas_21:73:33","143","0","914","LIED10CTRL/LLN0$Status"
"1585","0.001879127","ipcas_21:73:33","143","0","915","LIED10CTRL/LLN0$Status"
"1586","0.002386025","ipcas_21:73:33","143","0","916","LIED10CTRL/LLN0$Status"
"1587","0.001696577","ipcas_21:73:33","143","0","917","LIED10CTRL/LLN0$Status"
"1588","0.002337334","ipcas_21:73:33","143","0","918","LIED10CTRL/LLN0$Status"
"1589","0.001671323","ipcas_21:73:33","143","0","919","LIED10CTRL/LLN0$Status"
"1590","0.001992022","ipcas_21:73:33","143","0","920","LIED10CTRL/LLN0$Status"
"1591","0.002059788","ipcas_21:73:33","143","0","921","LIED10CTRL/LLN0$Status"
"1592","0.001898247","ipcas_21:73:33","143","0","922","LIED10CTRL/LLN0$Status"
"1593","0.001984027","ipcas_21:73:33","143","0","923","LIED10CTRL/LLN0$Status"
"1594","0.001997576","ipcas_21:73:33","143","0","924","LIED10CTRL/LLN0$Status"
"1595","0.001999664","ipcas_21:73:33","143","0","925","LIED10CTRL/LLN0$Status"
"1596","0.002150124","ipcas_21:73:33","143","0","926","LIED10CTRL/LLN0$Status"
"1597","0.001869672","ipcas_21:73:33","143","0","927","LIED10CTRL/LLN0$Status"
"1600","0.002233478","ipcas_21:73:33","143","0","928","LIED10CTRL/LLN0$Status"
"1601","0.001752523","ipcas_21:73:33","143","0","929","LIED10CTRL/LLN0$Status"
"1602","0.002076931","ipcas_21:73:33","143","0","930","LIED10CTRL/LLN0$Status"
"1603","0.001888422","ipcas_21:73:33","143","0","931","LIED10CTRL/LLN0$Status"
"1604","0.002066188","ipcas_21:73:33","143","0","932","LIED10CTRL/LLN0$Status"
"1605","0.001928723","ipcas_21:73:33","143","0","933","LIED10CTRL/LLN0$Status"
"1606","0.002021173","ipcas_21:73:33","143","0","934","LIED10CTRL/LLN0$Status"
"1607","0.002017617","ipcas_21:73:33","143","0","935","LIED10CTRL/LLN0$Status"
"1608","0.002019429","ipcas_21:73:33","143","0","936","LIED10CTRL/LLN0$Status"
"1612","0.002041687","ipcas_21:73:33","143","0","937","LIED10CTRL/LLN0$Status"
"1613","0.001885999","ipcas_21:73:33","143","0","938","LIED10CTRL/LLN0$Status"
"1614","0.002025022","ipcas_21:73:33","143","0","939","LIED10CTRL/LLN0$Status"
"1615","0.002022940","ipcas_21:73:33","143","0","940","LIED10CTRL/LLN0$Status"
"1616","0.001998527","ipcas_21:73:33","143","0","941","LIED10CTRL/LLN0$Status"
"1620","0.002097925","ipcas_21:73:33","143","0","942","LIED10CTRL/LLN0$Status"
"1621","0.001833467","ipcas_21:73:33","143","0","943","LIED10CTRL/LLN0$Status"
"1622","0.002083930","ipcas_21:73:33","143","0","944","LIED10CTRL/LLN0$Status"
"1623","0.001986861","ipcas_21:73:33","143","0","945","LIED10CTRL/LLN0$Status"
"1627","0.002136135","ipcas_21:73:33","143","0","946","LIED10CTRL/LLN0$Status"
"1628","0.001848678","ipcas_21:73:33","143","0","947","LIED10CTRL/LLN0$Status"
"1629","0.002000895","ipcas_21:73:33","143","0","948","LIED10CTRL/LLN0$Status"
"1630","0.002244097","ipcas_21:73:33","143","0","949","LIED10CTRL/LLN0$Status"
"1634","0.001949839","ipcas_21:73:33","143","0","950","LIED10CTRL/LLN0$Status"
"1635","0.002039515","ipcas_21:73:33","143","0","951","LIED10CTRL/LLN0$Status"
"1636","0.001824515","ipcas_21:73:33","143","0","952","LIED10CTRL/LLN0$Status"
"1637","0.002207567","ipcas_21:73:33","143","0","953","LIED10CTRL/LLN0$Status"
"1641","0.001108875","ipcas_21:73:33","143","0","954","LIED10CTRL/LLN0$Status"
"1642","0.001681406","ipcas_21:73:33","143","0","955","LIED10CTRL/LLN0$Status"
"1649","0.002179841","ipcas_21:73:33","143","0","956","LIED10CTRL/LLN0$Status"
"1652","0.002030540","ipcas_21:73:33","143","0","957","LIED10CTRL/LLN0$Status"
"1653","0.001879878","ipcas_21:73:33","143","0","958","LIED10CTRL/LLN0$Status"
"1654","0.001985428","ipcas_21:73:33","143","0","959","LIED10CTRL/LLN0$Status"
"1655","0.001924993","ipcas_21:73:33","143","0","960","LIED10CTRL/LLN0$Status"
"1656","0.002005233","ipcas_21:73:33","143","0","961","LIED10CTRL/LLN0$Status"
"1657","0.002105135","ipcas_21:73:33","143","0","962","LIED10CTRL/LLN0$Status"
"1658","0.001929793","ipcas_21:73:33","143","0","963","LIED10CTRL/LLN0$Status"
"1659","0.001948535","ipcas_21:73:33","143","0","964","LIED10CTRL/LLN0$Status"
"1660","0.002247445","ipcas_21:73:33","143","0","965","LIED10CTRL/LLN0$Status"
"1661","0.001855006","ipcas_21:73:33","143","0","966","LIED10CTRL/LLN0$Status"
"1662","0.002033021","ipcas_21:73:33","143","0","967","LIED10CTRL/LLN0$Status"
"1663","0.001862097","ipcas_21:73:33","143","0","968","LIED10CTRL/LLN0$Status"
"1664","0.002090342","ipcas_21:73:33","143","0","969","LIED10CTRL/LLN0$Status"
"1665","0.001512704","ipcas_21:73:33","143","0","970","LIED10CTRL/LLN0$Status"
"1666","0.001881540","ipcas_21:73:33","143","0","971","LIED10CTRL/LLN0$Status"
"1667","0.001665691","ipcas_21:73:33","143","0","972","LIED10CTRL/LLN0$Status"
"1668","0.001951964","ipcas_21:73:33","143","0","973","LIED10CTRL/LLN0$Status"
"1669","0.001976154","ipcas_21:73:33","143","0","974","LIED10CTRL/LLN0$Status"
"1670","0.002162107","ipcas_21:73:33","143","0","975","LIED10CTRL/LLN0$Status"
"1671","0.001794353","ipcas_21:73:33","143","0","976","LIED10CTRL/LLN0$Status"
"1672","0.002079440","ipcas_21:73:33","143","0","977","LIED10CTRL/LLN0$Status"
"1673","0.001940125","ipcas_21:73:33","143","0","978","LIED10CTRL/LLN0$Status"
"1674","0.001924002","ipcas_21:73:33","143","0","979","LIED10CTRL/LLN0$Status"
"1675","0.002007707","ipcas_21:73:33","143","0","980","LIED10CTRL/LLN0$Status"
"1676","0.001962161","ipcas_21:73:33","143","0","981","LIED10CTRL/LLN0$Status"
"1677","0.002001172","ipcas_21:73:33","143","0","982","LIED10CTRL/LLN0$Status"
"1678","0.002165371","ipcas_21:73:33","143","0","983","LIED10CTRL/LLN0$Status"
"1681","0.001829607","ipcas_21:73:33","143","0","984","LIED10CTRL/LLN0$Status"
"1682","0.001999793","ipcas_21:73:33","143","0","985","LIED10CTRL/LLN0$Status"
"1683","0.002940041","ipcas_21:73:33","143","0","986","LIED10CTRL/LLN0$Status"
"1684","0.001250278","ipcas_21:73:33","143","0","987","LIED10CTRL/LLN0$Status"
"1685","0.002736213","ipcas_21:73:33","143","0","988","LIED10CTRL/LLN0$Status"
"1686","0.002100314","ipcas_21:73:33","143","0","989","LIED10CTRL/LLN0$Status"
"1687","0.001074508","ipcas_21:73:33","143","0","990","LIED10CTRL/LLN0$Status"
"1688","0.002117304","ipcas_21:73:33","143","0","991","LIED10CTRL/LLN0$Status"
"1689","0.003707736","ipcas_21:73:33","143","0","992","LIED10CTRL/LLN0$Status"
"1690","0.001992925","ipcas_21:73:33","143","0","993","LIED10CTRL/LLN0$Status"
"1691","0.001997938","ipcas_21:73:33","143","0","994","LIED10CTRL/LLN0$Status"
"1692","0.001322646","ipcas_21:73:33","143","0","995","LIED10CTRL/LLN0$Status"
"1693","0.000804571","ipcas_21:73:33","143","0","996","LIED10CTRL/LLN0$Status"
"1694","0.002944842","ipcas_21:73:33","143","0","997","LIED10CTRL/LLN0$Status"
"1695","0.001112229","ipcas_21:73:33","143","0","998","LIED10CTRL/LLN0$Status"
"1696","0.002058616","ipcas_21:73:33","143","0","999","LIED10CTRL/LLN0$Status"
"1697","0.001929961","ipcas_21:73:33","143","0","1000","LIED10CTRL/LLN0$Status"
"1698","0.002072713","ipcas_21:73:33","143","0","1001","LIED10CTRL/LLN0$Status"
"1699","0.002211999","ipcas_21:73:33","143","0","1002","LIED10CTRL/LLN0$Status"
"1700","0.001723884","ipcas_21:73:33","143","0","1003","LIED10CTRL/LLN0$Status"
"1701","0.001996147","ipcas_21:73:33","143","0","1004","LIED10CTRL/LLN0$Status"
"1702","0.002034099","ipcas_21:73:33","143","0","1005","LIED10CTRL/LLN0$Status"
"1703","0.001904850","ipcas_21:73:33","143","0","1006","LIED10CTRL/LLN0$Status"
"1704","0.002012625","ipcas_21:73:33","143","0","1007","LIED10CTRL/LLN0$Status"
"1705","0.001961121","ipcas_21:73:33","143","0","1008","LIED10CTRL/LLN0$Status"
"1706","0.002031617","ipcas_21:73:33","143","0","1009","LIED10CTRL/LLN0$Status"
"1707","0.001954842","ipcas_21:73:33","143","0","1010","LIED10CTRL/LLN0$Status"
"1708","0.001970159","ipcas_21:73:33","143","0","1011","LIED10CTRL/LLN0$Status"
"1709","0.002015053","ipcas_21:73:33","143","0","1012","LIED10CTRL/LLN0$Status"
"1710","0.001991633","ipcas_21:73:33","143","0","1013","LIED10CTRL/LLN0$Status"
"1711","0.002033454","ipcas_21:73:33","143","0","1014","LIED10CTRL/LLN0$Status"
"1712","0.002144687","ipcas_21:73:33","143","0","1015","LIED10CTRL/LLN0$Status"
"1713","0.001843744","ipcas_21:73:33","143","0","1016","LIED10CTRL/LLN0$Status"
"1714","0.002034816","ipcas_21:73:33","143","0","1017","LIED10CTRL/LLN0$Status"
"1715","0.002027937","ipcas_21:73:33","143","0","1018","LIED10CTRL/LLN0$Status"
"1716","0.001968618","ipcas_21:73:33","143","0","1019","LIED10CTRL/LLN0$Status"
"1717","0.001966385","ipcas_21:73:33","143","0","1020","LIED10CTRL/LLN0$Status"
"1718","0.002093905","ipcas_21:73:33","143","0","1021","LIED10CTRL/LLN0$Status"
"1719","0.002208200","ipcas_21:73:33","143","0","1022","LIED10CTRL/LLN0$Status"
"1720","0.001802207","ipcas_21:73:33","143","0","1023","LIED10CTRL/LLN0$Status"
"1721","0.002130140","ipcas_21:73:33","143","0","1024","LIED10CTRL/LLN0$Status"
"1722","0.002127126","ipcas_21:73:33","143","0","1025","LIED10CTRL/LLN0$Status"
"1723","0.002047822","ipcas_21:73:33","143","0","1026","LIED10CTRL/LLN0$Status"
"1724","0.001912744","ipcas_21:73:33","143","0","1027","LIED10CTRL/LLN0$Status"
"1725","0.001870447","ipcas_21:73:33","143","0","1028","LIED10CTRL/LLN0$Status"
"1726","0.001846173","ipcas_21:73:33","143","0","1029","LIED10CTRL/LLN0$Status"
"1727","0.002038218","ipcas_21:73:33","143","0","1030","LIED10CTRL/LLN0$Status"
"1728","0.002136961","ipcas_21:73:33","143","0","1031","LIED10CTRL/LLN0$Status"
"1729","0.002000589","ipcas_21:73:33","143","0","1032","LIED10CTRL/LLN0$Status"
"1730","0.001844758","ipcas_21:73:33","143","0","1033","LIED10CTRL/LLN0$Status"
"1731","0.002081579","ipcas_21:73:33","143","0","1034","LIED10CTRL/LLN0$Status"
"1732","0.001956523","ipcas_21:73:33","143","0","1035","LIED10CTRL/LLN0$Status"
"1733","0.001940810","ipcas_21:73:33","143","0","1036","LIED10CTRL/LLN0$Status"
"1734","0.002000205","ipcas_21:73:33","143","0","1037","LIED10CTRL/LLN0$Status"
"1735","0.002180331","ipcas_21:73:33","143","0","1038","LIED10CTRL/LLN0$Status"
"1736","0.001946243","ipcas_21:73:33","143","0","1039","LIED10CTRL/LLN0$Status"
"1737","0.001862308","ipcas_21:73:33","143","0","1040","LIED10CTRL/LLN0$Status"
"1738","0.002301920","ipcas_21:73:33","143","0","1041","LIED10CTRL/LLN0$Status"
"1739","0.001753133","ipcas_21:73:33","143","0","1042","LIED10CTRL/LLN0$Status"
"1740","0.002005173","ipcas_21:73:33","143","0","1043","LIED10CTRL/LLN0$Status"
"1741","0.001185916","ipcas_21:73:33","143","0","1044","LIED10CTRL/LLN0$Status"
"1742","0.001842882","ipcas_21:73:33","143","0","1045","LIED10CTRL/LLN0$Status"
"1743","0.001971806","ipcas_21:73:33","143","0","1046","LIED10CTRL/LLN0$Status"
"1744","0.001961063","ipcas_21:73:33","143","0","1047","LIED10CTRL/LLN0$Status"
"1745","0.002234841","ipcas_21:73:33","143","0","1048","LIED10CTRL/LLN0$Status"
"1746","0.002053461","ipcas_21:73:33","143","0","1049","LIED10CTRL/LLN0$Status"
"1747","0.001692764","ipcas_21:73:33","143","0","1050","LIED10CTRL/LLN0$Status"
"1748","0.002058283","ipcas_21:73:33","143","0","1051","LIED10CTRL/LLN0$Status"
"1749","0.002040058","ipcas_21:73:33","143","0","1052","LIED10CTRL/LLN0$Status"
"1750","0.002026846","ipcas_21:73:33","143","0","1053","LIED10CTRL/LLN0$Status"
"1751","0.002459021","ipcas_21:73:33","143","0","1054","LIED10CTRL/LLN0$Status"
"1752","0.001485480","ipcas_21:73:33","143","0","1055","LIED10CTRL/LLN0$Status"
"1753","0.002270540","ipcas_21:73:33","143","0","1056","LIED10CTRL/LLN0$Status"
"1754","0.001752993","ipcas_21:73:33","143","0","1057","LIED10CTRL/LLN0$Status"
"1755","0.002161654","ipcas_21:73:33","143","0","1058","LIED10CTRL/LLN0$Status"
"1756","0.001704859","ipcas_21:73:33","143","0","1059","LIED10CTRL/LLN0$Status"
"1760","0.002141416","ipcas_21:73:33","143","0","1060","LIED10CTRL/LLN0$Status"
"1761","0.002155971","ipcas_21:73:33","143","0","1061","LIED10CTRL/LLN0$Status"
"1763","0.001101680","ipcas_21:73:33","143","0","1062","LIED10CTRL/LLN0$Status"
"1766","0.001284198","ipcas_21:73:33","143","0","1063","LIED10CTRL/LLN0$Status"
"1767","0.001421760","ipcas_21:73:33","143","0","1064","LIED10CTRL/LLN0$Status"
"1768","0.001957405","ipcas_21:73:33","143","0","1065","LIED10CTRL/LLN0$Status"
"1769","0.002352403","ipcas_21:73:33","143","0","1066","LIED10CTRL/LLN0$Status"
"1770","0.001690001","ipcas_21:73:33","143","0","1067","LIED10CTRL/LLN0$Status"
"1771","0.001961509","ipcas_21:73:33","143","0","1068","LIED10CTRL/LLN0$Status"
"1778","0.002034341","ipcas_21:73:33","143","0","1069","LIED10CTRL/LLN0$Status"
"1779","0.001962052","ipcas_21:73:33","143","0","1070","LIED10CTRL/LLN0$Status"
"1780","0.002001236","ipcas_21:73:33","143","0","1071","LIED10CTRL/LLN0$Status"
"1784","0.001978016","ipcas_21:73:33","143","0","1072","LIED10CTRL/LLN0$Status"
"1785","0.002313248","ipcas_21:73:33","143","0","1073","LIED10CTRL/LLN0$Status"
"1786","0.002119422","ipcas_21:73:33","143","0","1074","LIED10CTRL/LLN0$Status"
"1790","0.001643069","ipcas_21:73:33","143","0","1075","LIED10CTRL/LLN0$Status"
"1791","0.002076436","ipcas_21:73:33","143","0","1076","LIED10CTRL/LLN0$Status"
"1795","0.001376530","ipcas_21:73:33","143","0","1077","LIED10CTRL/LLN0$Status"
"1796","0.001800375","ipcas_21:73:33","143","0","1078","LIED10CTRL/LLN0$Status"
"1800","0.001992249","ipcas_21:73:33","143","0","1079","LIED10CTRL/LLN0$Status"
"1801","0.001678259","ipcas_21:73:33","143","0","1080","LIED10CTRL/LLN0$Status"
"1805","0.001702127","ipcas_21:73:33","143","0","1081","LIED10CTRL/LLN0$Status"
"1806","0.001394606","ipcas_21:73:33","143","0","1082","LIED10CTRL/LLN0$Status"
"1810","0.001328739","ipcas_21:73:33","143","0","1083","LIED10CTRL/LLN0$Status"
"1811","0.001579120","ipcas_21:73:33","143","0","1084","LIED10CTRL/LLN0$Status"
"1812","0.002036155","ipcas_21:73:33","143","0","1085","LIED10CTRL/LLN0$Status"
"1813","0.002014384","ipcas_21:73:33","143","0","1086","LIED10CTRL/LLN0$Status"
"1814","0.001989227","ipcas_21:73:33","143","0","1087","LIED10CTRL/LLN0$Status"
"1815","0.002209997","ipcas_21:73:33","143","0","1088","LIED10CTRL/LLN0$Status"
"1816","0.001820960","ipcas_21:73:33","143","0","1089","LIED10CTRL/LLN0$Status"
"1817","0.002071748","ipcas_21:73:33","143","0","1090","LIED10CTRL/LLN0$Status"
"1818","0.002038142","ipcas_21:73:33","143","0","1091","LIED10CTRL/LLN0$Status"
"1819","0.001943886","ipcas_21:73:33","143","0","1092","LIED10CTRL/LLN0$Status"
"1820","0.001109627","ipcas_21:73:33","143","0","1093","LIED10CTRL/LLN0$Status"
"1821","0.001920232","ipcas_21:73:33","143","0","1094","LIED10CTRL/LLN0$Status"
"1822","0.002280177","ipcas_21:73:33","143","0","1095","LIED10CTRL/LLN0$Status"
"1823","0.001692146","ipcas_21:73:33","143","0","1096","LIED10CTRL/LLN0$Status"
"1824","0.001344581","ipcas_21:73:33","143","0","1097","LIED10CTRL/LLN0$Status"
"1825","0.002227653","ipcas_21:73:33","143","0","1098","LIED10CTRL/LLN0$Status"
"1826","0.001548913","ipcas_21:73:33","143","0","1099","LIED10CTRL/LLN0$Status"
"1827","0.001735814","ipcas_21:73:33","143","0","1100","LIED10CTRL/LLN0$Status"
"1828","0.002017896","ipcas_21:73:33","143","0","1101","LIED10CTRL/LLN0$Status"
"1829","0.002019262","ipcas_21:73:33","143","0","1102","LIED10CTRL/LLN0$Status"
"1830","0.002115096","ipcas_21:73:33","143","0","1103","LIED10CTRL/LLN0$Status"
"1831","0.001903649","ipcas_21:73:33","143","0","1104","LIED10CTRL/LLN0$Status"
"1832","0.001983916","ipcas_21:73:33","143","0","1105","LIED10CTRL/LLN0$Status"
"1833","0.002077027","ipcas_21:73:33","143","0","1106","LIED10CTRL/LLN0$Status"
"1834","0.001931628","ipcas_21:73:33","143","0","1107","LIED10CTRL/LLN0$Status"
"1835","0.002121974","ipcas_21:73:33","143","0","1108","LIED10CTRL/LLN0$Status"
"1836","0.001834376","ipcas_21:73:33","143","0","1109","LIED10CTRL/LLN0$Status"
"1837","0.002209845","ipcas_21:73:33","143","0","1110","LIED10CTRL/LLN0$Status"
"1838","0.001772062","ipcas_21:73:33","143","0","1111","LIED10CTRL/LLN0$Status"
"1839","0.002111849","ipcas_21:73:33","143","0","1112","LIED10CTRL/LLN0$Status"
"1840","0.001984566","ipcas_21:73:33","143","0","1113","LIED10CTRL/LLN0$Status"
"1841","0.002021038","ipcas_21:73:33","143","0","1114","LIED10CTRL/LLN0$Status"
"1842","0.001876916","ipcas_21:73:33","143","0","1115","LIED10CTRL/LLN0$Status"
"1843","0.002092150","ipcas_21:73:33","143","0","1116","LIED10CTRL/LLN0$Status"
"1844","0.001987731","ipcas_21:73:33","143","0","1117","LIED10CTRL/LLN0$Status"
"1845","0.002210737","ipcas_21:73:33","143","0","1118","LIED10CTRL/LLN0$Status"
"1846","0.001781670","ipcas_21:73:33","143","0","1119","LIED10CTRL/LLN0$Status"
"1847","0.002170599","ipcas_21:73:33","143","0","1120","LIED10CTRL/LLN0$Status"
"1848","0.001893206","ipcas_21:73:33","143","0","1121","LIED10CTRL/LLN0$Status"
"1849","0.002075528","ipcas_21:73:33","143","0","1122","LIED10CTRL/LLN0$Status"
"1850","0.001854249","ipcas_21:73:33","143","0","1123","LIED10CTRL/LLN0$Status"
"1851","0.002005155","ipcas_21:73:33","143","0","1124","LIED10CTRL/LLN0$Status"
"1852","0.002082074","ipcas_21:73:33","143","0","1125","LIED10CTRL/LLN0$Status"
"1853","0.002070147","ipcas_21:73:33","143","0","1126","LIED10CTRL/LLN0$Status"
"1854","0.001898877","ipcas_21:73:33","143","0","1127","LIED10CTRL/LLN0$Status"
"1855","0.002106845","ipcas_21:73:33","143","0","1128","LIED10CTRL/LLN0$Status"
"1856","0.001806978","ipcas_21:73:33","143","0","1129","LIED10CTRL/LLN0$Status"
"1857","0.001981142","ipcas_21:73:33","143","0","1130","LIED10CTRL/LLN0$Status"
"1858","0.001977692","ipcas_21:73:33","143","0","1131","LIED10CTRL/LLN0$Status"
"1859","0.002021012","ipcas_21:73:33","143","0","1132","LIED10CTRL/LLN0$Status"
"1860","0.002018994","ipcas_21:73:33","143","0","1133","LIED10CTRL/LLN0$Status"
"1861","0.001969525","ipcas_21:73:33","143","0","1134","LIED10CTRL/LLN0$Status"
"1862","0.002104296","ipcas_21:73:33","143","0","1135","LIED10CTRL/LLN0$Status"
"1863","0.001893809","ipcas_21:73:33","143","0","1136","LIED10CTRL/LLN0$Status"
"1864","0.002124673","ipcas_21:73:33","143","0","1137","LIED10CTRL/LLN0$Status"
"1865","0.001892363","ipcas_21:73:33","143","0","1138","LIED10CTRL/LLN0$Status"
"1866","0.001974578","ipcas_21:73:33","143","0","1139","LIED10CTRL/LLN0$Status"
"1867","0.002056643","ipcas_21:73:33","143","0","1140","LIED10CTRL/LLN0$Status"
"1868","0.001965705","ipcas_21:73:33","143","0","1141","LIED10CTRL/LLN0$Status"
"1869","0.001971196","ipcas_21:73:33","143","0","1142","LIED10CTRL/LLN0$Status"
"1870","0.002008777","ipcas_21:73:33","143","0","1143","LIED10CTRL/LLN0$Status"
"1871","0.002015442","ipcas_21:73:33","143","0","1144","LIED10CTRL/LLN0$Status"
"1872","0.002029209","ipcas_21:73:33","143","0","1145","LIED10CTRL/LLN0$Status"
"1873","0.002014623","ipcas_21:73:33","143","0","1146","LIED10CTRL/LLN0$Status"
"1874","0.002002992","ipcas_21:73:33","143","0","1147","LIED10CTRL/LLN0$Status"
"1875","0.001986803","ipcas_21:73:33","143","0","1148","LIED10CTRL/LLN0$Status"
"1876","0.002088453","ipcas_21:73:33","143","0","1149","LIED10CTRL/LLN0$Status"
"1877","0.001931409","ipcas_21:73:33","143","0","1150","LIED10CTRL/LLN0$Status"
"1878","0.002094081","ipcas_21:73:33","143","0","1151","LIED10CTRL/LLN0$Status"
"1879","0.001873768","ipcas_21:73:33","143","0","1152","LIED10CTRL/LLN0$Status"
"1880","0.002009055","ipcas_21:73:33","143","0","1153","LIED10CTRL/LLN0$Status"
"1881","0.002061357","ipcas_21:73:33","143","0","1154","LIED10CTRL/LLN0$Status"
"1882","0.001960224","ipcas_21:73:33","143","0","1155","LIED10CTRL/LLN0$Status"
"1883","0.001928947","ipcas_21:73:33","143","0","1156","LIED10CTRL/LLN0$Status"
"1884","0.002081550","ipcas_21:73:33","143","0","1157","LIED10CTRL/LLN0$Status"
"1885","0.002035587","ipcas_21:73:33","143","0","1158","LIED10CTRL/LLN0$Status"
"1886","0.002033255","ipcas_21:73:33","143","0","1159","LIED10CTRL/LLN0$Status"
"1887","0.001940630","ipcas_21:73:33","143","0","1160","LIED10CTRL/LLN0$Status"
"1888","0.002236333","ipcas_21:73:33","143","0","1161","LIED10CTRL/LLN0$Status"
"1889","0.001812462","ipcas_21:73:33","143","0","1162","LIED10CTRL/LLN0$Status"
"1890","0.002024095","ipcas_21:73:33","143","0","1163","LIED10CTRL/LLN0$Status"
"1891","0.001845661","ipcas_21:73:33","143","0","1164","LIED10CTRL/LLN0$Status"
"1892","0.002128155","ipcas_21:73:33","143","0","1165","LIED10CTRL/LLN0$Status"
"1893","0.002013146","ipcas_21:73:33","143","0","1166","LIED10CTRL/LLN0$Status"
"1894","0.001984066","ipcas_21:73:33","143","0","1167","LIED10CTRL/LLN0$Status"
"1895","0.001901694","ipcas_21:73:33","143","0","1168","LIED10CTRL/LLN0$Status"
"1896","0.002013724","ipcas_21:73:33","143","0","1169","LIED10CTRL/LLN0$Status"
"1897","0.002007184","ipcas_21:73:33","143","0","1170","LIED10CTRL/LLN0$Status"
"1898","0.002226285","ipcas_21:73:33","143","0","1171","LIED10CTRL/LLN0$Status"
"1899","0.001857274","ipcas_21:73:33","143","0","1172","LIED10CTRL/LLN0$Status"
"1900","0.002038782","ipcas_21:73:33","143","0","1173","LIED10CTRL/LLN0$Status"
"1901","0.001966877","ipcas_21:73:33","143","0","1174","LIED10CTRL/LLN0$Status"
"1902","0.002111501","ipcas_21:73:33","143","0","1175","LIED10CTRL/LLN0$Status"
"1903","0.002042723","ipcas_21:73:33","143","0","1176","LIED10CTRL/LLN0$Status"
"1904","0.001811580","ipcas_21:73:33","143","0","1177","LIED10CTRL/LLN0$Status"
"1905","0.002084559","ipcas_21:73:33","143","0","1178","LIED10CTRL/LLN0$Status"
"1906","0.001965923","ipcas_21:73:33","143","0","1179","LIED10CTRL/LLN0$Status"
"1907","0.001951481","ipcas_21:73:33","143","0","1180","LIED10CTRL/LLN0$Status"
"1908","0.002095652","ipcas_21:73:33","143","0","1181","LIED10CTRL/LLN0$Status"
"1909","0.001847714","ipcas_21:73:33","143","0","1182","LIED10CTRL/LLN0$Status"
"1910","0.002259786","ipcas_21:73:33","143","0","1183","LIED10CTRL/LLN0$Status"
"1911","0.002039954","ipcas_21:73:33","143","0","1184","LIED10CTRL/LLN0$Status"
"1912","0.001878101","ipcas_21:73:33","143","0","1185","LIED10CTRL/LLN0$Status"
"1913","0.001794427","ipcas_21:73:33","143","0","1186","LIED10CTRL/LLN0$Status"
"1914","0.002293020","ipcas_21:73:33","143","0","1187","LIED10CTRL/LLN0$Status"
"1915","0.001724157","ipcas_21:73:33","143","0","1188","LIED10CTRL/LLN0$Status"
"1916","0.002155577","ipcas_21:73:33","143","0","1189","LIED10CTRL/LLN0$Status"
"1917","0.001936857","ipcas_21:73:33","143","0","1190","LIED10CTRL/LLN0$Status"
"1918","0.002176433","ipcas_21:73:33","143","0","1191","LIED10CTRL/LLN0$Status"
"1919","0.001835616","ipcas_21:73:33","143","0","1192","LIED10CTRL/LLN0$Status"
"1920","0.002001964","ipcas_21:73:33","143","0","1193","LIED10CTRL/LLN0$Status"
"1921","0.001991044","ipcas_21:73:33","143","0","1194","LIED10CTRL/LLN0$Status"
"1922","0.001928560","ipcas_21:73:33","143","0","1195","LIED10CTRL/LLN0$Status"
"1923","0.002021148","ipcas_21:73:33","143","0","1196","LIED10CTRL/LLN0$Status"
"1924","0.002098628","ipcas_21:73:33","143","0","1197","LIED10CTRL/LLN0$Status"
"1925","0.001927977","ipcas_21:73:33","143","0","1198","LIED10CTRL/LLN0$Status"
"1926","0.002025026","ipcas_21:73:33","143","0","1199","LIED10CTRL/LLN0$Status"
"1927","0.002158393","ipcas_21:73:33","143","0","1200","LIED10CTRL/LLN0$Status"
"1928","0.002183427","ipcas_21:73:33","143","0","1201","LIED10CTRL/LLN0$Status"
"1929","0.001617825","ipcas_21:73:33","143","0","1202","LIED10CTRL/LLN0$Status"
"1930","0.002036633","ipcas_21:73:33","143","0","1203","LIED10CTRL/LLN0$Status"
"1931","0.002105326","ipcas_21:73:33","143","0","1204","LIED10CTRL/LLN0$Status"
"1932","0.001894816","ipcas_21:73:33","143","0","1205","LIED10CTRL/LLN0$Status"
"1933","0.002012118","ipcas_21:73:33","143","0","1206","LIED10CTRL/LLN0$Status"
"1934","0.001991039","ipcas_21:73:33","143","0","1207","LIED10CTRL/LLN0$Status"
"1935","0.002062395","ipcas_21:73:33","143","0","1208","LIED10CTRL/LLN0$Status"
"1936","0.001840453","ipcas_21:73:33","143","0","1209","LIED10CTRL/LLN0$Status"
"1937","0.001997759","ipcas_21:73:33","143","0","1210","LIED10CTRL/LLN0$Status"
"1938","0.002076466","ipcas_21:73:33","143","0","1211","LIED10CTRL/LLN0$Status"
"1939","0.001982530","ipcas_21:73:33","143","0","1212","LIED10CTRL/LLN0$Status"
"1940","0.001999841","ipcas_21:73:33","143","0","1213","LIED10CTRL/LLN0$Status"
"1941","0.001952445","ipcas_21:73:33","143","0","1214","LIED10CTRL/LLN0$Status"
"1942","0.001976422","ipcas_21:73:33","143","0","1215","LIED10CTRL/LLN0$Status"
"1943","0.002222123","ipcas_21:73:33","143","0","1216","LIED10CTRL/LLN0$Status"
"1944","0.001817652","ipcas_21:73:33","143","0","1217","LIED10CTRL/LLN0$Status"
"1945","0.001342140","ipcas_21:73:33","143","0","1218","LIED10CTRL/LLN0$Status"
"1946","0.001686185","ipcas_21:73:33","143","0","1219","LIED10CTRL/LLN0$Status"
"1947","0.001987896","ipcas_21:73:33","143","0","1220","LIED10CTRL/LLN0$Status"
"1948","0.002023000","ipcas_21:73:33","143","0","1221","LIED10CTRL/LLN0$Status"
"1949","0.001974621","ipcas_21:73:33","143","0","1222","LIED10CTRL/LLN0$Status"
"1950","0.002069463","ipcas_21:73:33","143","0","1223","LIED10CTRL/LLN0$Status"
"1951","0.001894979","ipcas_21:73:33","143","0","1224","LIED10CTRL/LLN0$Status"
"1952","0.002067296","ipcas_21:73:33","143","0","1225","LIED10CTRL/LLN0$Status"
"1953","0.001931372","ipcas_21:73:33","143","0","1226","LIED10CTRL/LLN0$Status"
"1954","0.002161765","ipcas_21:73:33","143","0","1227","LIED10CTRL/LLN0$Status"
"1955","0.001881442","ipcas_21:73:33","143","0","1228","LIED10CTRL/LLN0$Status"
"1956","0.002111365","ipcas_21:73:33","143","0","1229","LIED10CTRL/LLN0$Status"
"1957","0.003084677","ipcas_21:73:33","143","0","1230","LIED10CTRL/LLN0$Status"
"1958","0.001784475","ipcas_21:73:33","143","0","1231","LIED10CTRL/LLN0$Status"
"1959","0.002103645","ipcas_21:73:33","143","0","1232","LIED10CTRL/LLN0$Status"
"1960","0.001847708","ipcas_21:73:33","143","0","1233","LIED10CTRL/LLN0$Status"
"1961","0.002400776","ipcas_21:73:33","143","0","1234","LIED10CTRL/LLN0$Status"
"1962","0.001610771","ipcas_21:73:33","143","0","1235","LIED10CTRL/LLN0$Status"
"1963","0.002103411","ipcas_21:73:33","143","0","1236","LIED10CTRL/LLN0$Status"
"1964","0.001889999","ipcas_21:73:33","143","0","1237","LIED10CTRL/LLN0$Status"
"1965","0.002134824","ipcas_21:73:33","143","0","1238","LIED10CTRL/LLN0$Status"
"1966","0.001952870","ipcas_21:73:33","143","0","1239","LIED10CTRL/LLN0$Status"
"1967","0.002003699","ipcas_21:73:33","143","0","1240","LIED10CTRL/LLN0$Status"
"1968","0.002082970","ipcas_21:73:33","143","0","1241","LIED10CTRL/LLN0$Status"
"1969","0.001950899","ipcas_21:73:33","143","0","1242","LIED10CTRL/LLN0$Status"
"1970","0.001151667","ipcas_21:73:33","143","0","1243","LIED10CTRL/LLN0$Status"
"1971","0.001751066","ipcas_21:73:33","143","0","1244","LIED10CTRL/LLN0$Status"
"1972","0.002028672","ipcas_21:73:33","143","0","1245","LIED10CTRL/LLN0$Status"
"1973","0.002040059","ipcas_21:73:33","143","0","1246","LIED10CTRL/LLN0$Status"
"1974","0.002023079","ipcas_21:73:33","143","0","1247","LIED10CTRL/LLN0$Status"
"1975","0.001885223","ipcas_21:73:33","143","0","1248","LIED10CTRL/LLN0$Status"
"1976","0.002133928","ipcas_21:73:33","143","0","1249","LIED10CTRL/LLN0$Status"
"1977","0.002083089","ipcas_21:73:33","143","0","1250","LIED10CTRL/LLN0$Status"
"1978","0.002613264","ipcas_21:73:33","143","0","1251","LIED10CTRL/LLN0$Status"
"1979","0.008665988","ipcas_21:73:33","143","0","1252","LIED10CTRL/LLN0$Status"
"1980","0.001918259","ipcas_21:73:33","143","0","1253","LIED10CTRL/LLN0$Status"
"1981","0.004776646","ipcas_21:73:33","143","0","1254","LIED10CTRL/LLN0$Status"
"1982","0.000005229","ipcas_21:73:33","143","0","1255","LIED10CTRL/LLN0$Status"
"1983","0.002222411","ipcas_21:73:33","143","0","1256","LIED10CTRL/LLN0$Status"
"1984","0.001583772","ipcas_21:73:33","143","0","1257","LIED10CTRL/LLN0$Status"
"1985","0.002121669","ipcas_21:73:33","143","0","1258","LIED10CTRL/LLN0$Status"
"1986","0.001192026","ipcas_21:73:33","143","0","1259","LIED10CTRL/LLN0$Status"
"1987","0.001757736","ipcas_21:73:33","143","0","1260","LIED10CTRL/LLN0$Status"
"1988","0.001937320","ipcas_21:73:33","143","0","1261","LIED10CTRL/LLN0$Status"
"1989","0.001993410","ipcas_21:73:33","143","0","1262","LIED10CTRL/LLN0$Status"
"1990","0.002127432","ipcas_21:73:33","143","0","1263","LIED10CTRL/LLN0$Status"
"1991","0.001868757","ipcas_21:73:33","143","0","1264","LIED10CTRL/LLN0$Status"
"1992","0.002014251","ipcas_21:73:33","143","0","1265","LIED10CTRL/LLN0$Status"
"1993","0.001991138","ipcas_21:73:33","143","0","1266","LIED10CTRL/LLN0$Status"
"1994","0.001971429","ipcas_21:73:33","143","0","1267","LIED10CTRL/LLN0$Status"
"1995","0.002121936","ipcas_21:73:33","143","0","1268","LIED10CTRL/LLN0$Status"
"1996","0.001911071","ipcas_21:73:33","143","0","1269","LIED10CTRL/LLN0$Status"
"1997","0.002090026","ipcas_21:73:33","143","0","1270","LIED10CTRL/LLN0$Status"
"1998","0.001962465","ipcas_21:73:33","143","0","1271","LIED10CTRL/LLN0$Status"
"1999","0.001930622","ipcas_21:73:33","143","0","1272","LIED10CTRL/LLN0$Status"
"2000","0.002286009","ipcas_21:73:33","143","0","1273","LIED10CTRL/LLN0$Status"
"2001","0.001713999","ipcas_21:73:33","143","0","1274","LIED10CTRL/LLN0$Status"
"2002","0.002043001","ipcas_21:73:33","143","0","1275","LIED10CTRL/LLN0$Status"
"2003","0.001978246","ipcas_21:73:33","143","0","1276","LIED10CTRL/LLN0$Status"
"2004","0.002048099","ipcas_21:73:33","143","0","1277","LIED10CTRL/LLN0$Status"
"2005","0.002001711","ipcas_21:73:33","143","0","1278","LIED10CTRL/LLN0$Status"
"2006","0.001960322","ipcas_21:73:33","143","0","1279","LIED10CTRL/LLN0$Status"
"2007","0.001994102","ipcas_21:73:33","143","0","1280","LIED10CTRL/LLN0$Status"
"2008","0.002127015","ipcas_21:73:33","143","0","1281","LIED10CTRL/LLN0$Status"
"2009","0.001852367","ipcas_21:73:33","143","0","1282","LIED10CTRL/LLN0$Status"
"2010","0.002032466","ipcas_21:73:33","143","0","1283","LIED10CTRL/LLN0$Status"
"2011","0.002063485","ipcas_21:73:33","143","0","1284","LIED10CTRL/LLN0$Status"
"2012","0.001967316","ipcas_21:73:33","143","0","1285","LIED10CTRL/LLN0$Status"
"2013","0.001938315","ipcas_21:73:33","143","0","1286","LIED10CTRL/LLN0$Status"
"2014","0.002004637","ipcas_21:73:33","143","0","1287","LIED10CTRL/LLN0$Status"
"2015","0.002023055","ipcas_21:73:33","143","0","1288","LIED10CTRL/LLN0$Status"
"2016","0.001987251","ipcas_21:73:33","143","0","1289","LIED10CTRL/LLN0$Status"
"2017","0.001351046","ipcas_21:73:33","143","0","1290","LIED10CTRL/LLN0$Status"
"2018","0.001153870","ipcas_21:73:33","143","0","1291","LIED10CTRL/LLN0$Status"
"2019","0.001504658","ipcas_21:73:33","143","0","1292","LIED10CTRL/LLN0$Status"
"2020","0.002136782","ipcas_21:73:33","143","0","1293","LIED10CTRL/LLN0$Status"
"2021","0.001853514","ipcas_21:73:33","143","0","1294","LIED10CTRL/LLN0$Status"
"2022","0.001973334","ipcas_21:73:33","143","0","1295","LIED10CTRL/LLN0$Status"
"2023","0.002206780","ipcas_21:73:33","143","0","1296","LIED10CTRL/LLN0$Status"
"2024","0.001816386","ipcas_21:73:33","143","0","1297","LIED10CTRL/LLN0$Status"
"2025","0.002077370","ipcas_21:73:33","143","0","1298","LIED10CTRL/LLN0$Status"
"2026","0.001351498","ipcas_21:73:33","143","0","1299","LIED10CTRL/LLN0$Status"
"2027","0.001554606","ipcas_21:73:33","143","0","1300","LIED10CTRL/LLN0$Status"
"2028","0.002056234","ipcas_21:73:33","143","0","1301","LIED10CTRL/LLN0$Status"
"2029","0.002003898","ipcas_21:73:33","143","0","1302","LIED10CTRL/LLN0$Status"
"2030","0.001953141","ipcas_21:73:33","143","0","1303","LIED10CTRL/LLN0$Status"
"2031","0.002029476","ipcas_21:73:33","143","0","1304","LIED10CTRL/LLN0$Status"
"2032","0.002110303","ipcas_21:73:33","143","0","1305","LIED10CTRL/LLN0$Status"
"2033","0.001888617","ipcas_21:73:33","143","0","1306","LIED10CTRL/LLN0$Status"
"2034","0.002054639","ipcas_21:73:33","143","0","1307","LIED10CTRL/LLN0$Status"
"2035","0.001978718","ipcas_21:73:33","143","0","1308","LIED10CTRL/LLN0$Status"
"2036","0.002223410","ipcas_21:73:33","143","0","1309","LIED10CTRL/LLN0$Status"
"2037","0.002121302","ipcas_21:73:33","143","0","1310","LIED10CTRL/LLN0$Status"
"2038","0.001646459","ipcas_21:73:33","143","0","1311","LIED10CTRL/LLN0$Status"
"2039","0.002112157","ipcas_21:73:33","143","0","1312","LIED10CTRL/LLN0$Status"
"2040","0.001940570","ipcas_21:73:33","143","0","1313","LIED10CTRL/LLN0$Status"
"2041","0.001928188","ipcas_21:73:33","143","0","1314","LIED10CTRL/LLN0$Status"
"2042","0.002123429","ipcas_21:73:33","143","0","1315","LIED10CTRL/LLN0$Status"
"2043","0.001518856","ipcas_21:73:33","143","0","1316","LIED10CTRL/LLN0$Status"
"2044","0.002385961","ipcas_21:73:33","143","0","1317","LIED10CTRL/LLN0$Status"
"2045","0.002122787","ipcas_21:73:33","143","0","1318","LIED10CTRL/LLN0$Status"
"2046","0.001921475","ipcas_21:73:33","143","0","1319","LIED10CTRL/LLN0$Status"
"2047","0.002035915","ipcas_21:73:33","143","0","1320","LIED10CTRL/LLN0$Status"
"2048","0.001909271","ipcas_21:73:33","143","0","1321","LIED10CTRL/LLN0$Status"
"2049","0.002013696","ipcas_21:73:33","143","0","1322","LIED10CTRL/LLN0$Status"
"2050","0.002003938","ipcas_21:73:33","143","0","1323","LIED10CTRL/LLN0$Status"
"2051","0.002064292","ipcas_21:73:33","143","0","1324","LIED10CTRL/LLN0$Status"
"2052","0.002048301","ipcas_21:73:33","143","0","1325","LIED10CTRL/LLN0$Status"
"2053","0.001933943","ipcas_21:73:33","143","0","1326","LIED10CTRL/LLN0$Status"
"2054","0.002025419","ipcas_21:73:33","143","0","1327","LIED10CTRL/LLN0$Status"
"2055","0.002031179","ipcas_21:73:33","143","0","1328","LIED10CTRL/LLN0$Status"
"2056","0.001969765","ipcas_21:73:33","143","0","1329","LIED10CTRL/LLN0$Status"
"2057","0.002007929","ipcas_21:73:33","143","0","1330","LIED10CTRL/LLN0$Status"
"2058","0.001965455","ipcas_21:73:33","143","0","1331","LIED10CTRL/LLN0$Status"
"2059","0.002185259","ipcas_21:73:33","143","0","1332","LIED10CTRL/LLN0$Status"
"2060","0.001093135","ipcas_21:73:33","143","0","1333","LIED10CTRL/LLN0$Status"
"2061","0.001678494","ipcas_21:73:33","143","0","1334","LIED10CTRL/LLN0$Status"
"2062","0.002013764","ipcas_21:73:33","143","0","1335","LIED10CTRL/LLN0$Status"
"2063","0.002032844","ipcas_21:73:33","143","0","1336","LIED10CTRL/LLN0$Status"
"2064","0.002022589","ipcas_21:73:33","143","0","1337","LIED10CTRL/LLN0$Status"
"2065","0.002026168","ipcas_21:73:33","143","0","1338","LIED10CTRL/LLN0$Status"
"2066","0.001930494","ipcas_21:73:33","143","0","1339","LIED10CTRL/LLN0$Status"
"2067","0.001953653","ipcas_21:73:33","143","0","1340","LIED10CTRL/LLN0$Status"
"2068","0.002611969","ipcas_21:73:33","143","0","1341","LIED10CTRL/LLN0$Status"
"2069","0.001452111","ipcas_21:73:33","143","0","1342","LIED10CTRL/LLN0$Status"
"2070","0.002048232","ipcas_21:73:33","143","0","1343","LIED10CTRL/LLN0$Status"
"2071","0.001997696","ipcas_21:73:33","143","0","1344","LIED10CTRL/LLN0$Status"
"2072","0.002249335","ipcas_21:73:33","143","0","1345","LIED10CTRL/LLN0$Status"
"2073","0.001722302","ipcas_21:73:33","143","0","1346","LIED10CTRL/LLN0$Status"
"2074","0.002033478","ipcas_21:73:33","143","0","1347","LIED10CTRL/LLN0$Status"
"2075","0.001936200","ipcas_21:73:33","143","0","1348","LIED10CTRL/LLN0$Status"
"2076","0.002011485","ipcas_21:73:33","143","0","1349","LIED10CTRL/LLN0$Status"
"2077","0.001281221","ipcas_21:73:33","143","0","1350","LIED10CTRL/LLN0$Status"
"2078","0.001682191","ipcas_21:73:33","143","0","1351","LIED10CTRL/LLN0$Status"
"2079","0.002059160","ipcas_21:73:33","143","0","1352","LIED10CTRL/LLN0$Status"
"2080","0.001968310","ipcas_21:73:33","143","0","1353","LIED10CTRL/LLN0$Status"
"2081","0.001901518","ipcas_21:73:33","143","0","1354","LIED10CTRL/LLN0$Status"
"2082","0.002141160","ipcas_21:73:33","143","0","1355","LIED10CTRL/LLN0$Status"
"2083","0.001868261","ipcas_21:73:33","143","0","1356","LIED10CTRL/LLN0$Status"
"2084","0.002036554","ipcas_21:73:33","143","0","1357","LIED10CTRL/LLN0$Status"
"2085","0.002006784","ipcas_21:73:33","143","0","1358","LIED10CTRL/LLN0$Status"
"2086","0.001958393","ipcas_21:73:33","143","0","1359","LIED10CTRL/LLN0$Status"
"2087","0.002132275","ipcas_21:73:33","143","0","1360","LIED10CTRL/LLN0$Status"
"2088","0.002139827","ipcas_21:73:33","143","0","1361","LIED10CTRL/LLN0$Status"
"2089","0.001712920","ipcas_21:73:33","143","0","1362","LIED10CTRL/LLN0$Status"
"2090","0.002015598","ipcas_21:73:33","143","0","1363","LIED10CTRL/LLN0$Status"
"2091","0.001988104","ipcas_21:73:33","143","0","1364","LIED10CTRL/LLN0$Status"
"2092","0.002007817","ipcas_21:73:33","143","0","1365","LIED10CTRL/LLN0$Status"
"2093","0.001995792","ipcas_21:73:33","143","0","1366","LIED10CTRL/LLN0$Status"
"2094","0.001522028","ipcas_21:73:33","143","0","1367","LIED10CTRL/LLN0$Status"
"2095","0.001502428","ipcas_21:73:33","143","0","1368","LIED10CTRL/LLN0$Status"
"2096","0.002098270","ipcas_21:73:33","143","0","1369","LIED10CTRL/LLN0$Status"
"2097","0.001953402","ipcas_21:73:33","143","0","1370","LIED10CTRL/LLN0$Status"
"2098","0.001979683","ipcas_21:73:33","143","0","1371","LIED10CTRL/LLN0$Status"
"2099","0.002060586","ipcas_21:73:33","143","0","1372","LIED10CTRL/LLN0$Status"
"2100","0.002026815","ipcas_21:73:33","143","0","1373","LIED10CTRL/LLN0$Status"
"2101","0.001908439","ipcas_21:73:33","143","0","1374","LIED10CTRL/LLN0$Status"
"2102","0.002000903","ipcas_21:73:33","143","0","1375","LIED10CTRL/LLN0$Status"
"2103","0.002050498","ipcas_21:73:33","143","0","1376","LIED10CTRL/LLN0$Status"
"2104","0.001975718","ipcas_21:73:33","143","0","1377","LIED10CTRL/LLN0$Status"
"2105","0.001959250","ipcas_21:73:33","143","0","1378","LIED10CTRL/LLN0$Status"
"2106","0.002000498","ipcas_21:73:33","143","0","1379","LIED10CTRL/LLN0$Status"
"2107","0.002002458","ipcas_21:73:33","143","0","1380","LIED10CTRL/LLN0$Status"
"2108","0.002058223","ipcas_21:73:33","143","0","1381","LIED10CTRL/LLN0$Status"
"2109","0.001943569","ipcas_21:73:33","143","0","1382","LIED10CTRL/LLN0$Status"
"2110","0.001999925","ipcas_21:73:33","143","0","1383","LIED10CTRL/LLN0$Status"
"2111","0.001902295","ipcas_21:73:33","143","0","1384","LIED10CTRL/LLN0$Status"
"2112","0.002166793","ipcas_21:73:33","143","0","1385","LIED10CTRL/LLN0$Status"
"2113","0.002076801","ipcas_21:73:33","143","0","1386","LIED10CTRL/LLN0$Status"
"2114","0.001852734","ipcas_21:73:33","143","0","1387","LIED10CTRL/LLN0$Status"
"2115","0.002004439","ipcas_21:73:33","143","0","1388","LIED10CTRL/LLN0$Status"
"2116","0.002012351","ipcas_21:73:33","143","0","1389","LIED10CTRL/LLN0$Status"
"2117","0.001993017","ipcas_21:73:33","143","0","1390","LIED10CTRL/LLN0$Status"
"2118","0.001967417","ipcas_21:73:33","143","0","1391","LIED10CTRL/LLN0$Status"
"2119","0.002006576","ipcas_21:73:33","143","0","1392","LIED10CTRL/LLN0$Status"
"2120","0.002019957","ipcas_21:73:33","143","0","1393","LIED10CTRL/LLN0$Status"
"2121","0.002118081","ipcas_21:73:33","143","0","1394","LIED10CTRL/LLN0$Status"
"2122","0.001858498","ipcas_21:73:33","143","0","1395","LIED10CTRL/LLN0$Status"
"2123","0.002149233","ipcas_21:73:33","143","0","1396","LIED10CTRL/LLN0$Status"
"2124","0.001867206","ipcas_21:73:33","143","0","1397","LIED10CTRL/LLN0$Status"
"2125","0.001997108","ipcas_21:73:33","143","0","1398","LIED10CTRL/LLN0$Status"
"2126","0.002056881","ipcas_21:73:33","143","0","1399","LIED10CTRL/LLN0$Status"
"2127","0.002042231","ipcas_21:73:33","143","0","1400","LIED10CTRL/LLN0$Status"
"2128","0.001393174","ipcas_21:73:33","143","0","1401","LIED10CTRL/LLN0$Status"
"2129","0.001513292","ipcas_21:73:33","143","0","1402","LIED10CTRL/LLN0$Status"
"2130","0.001998231","ipcas_21:73:33","143","0","1403","LIED10CTRL/LLN0$Status"
"2131","0.001376998","ipcas_21:73:33","143","0","1404","LIED10CTRL/LLN0$Status"
"2132","0.001567935","ipcas_21:73:33","143","0","1405","LIED10CTRL/LLN0$Status"
"2133","0.002062932","ipcas_21:73:33","143","0","1406","LIED10CTRL/LLN0$Status"
"2134","0.002010045","ipcas_21:73:33","143","0","1407","LIED10CTRL/LLN0$Status"
"2135","0.001933182","ipcas_21:73:33","143","0","1408","LIED10CTRL/LLN0$Status"
"2136","0.002042593","ipcas_21:73:33","143","0","1409","LIED10CTRL/LLN0$Status"
"2137","0.001903068","ipcas_21:73:33","143","0","1410","LIED10CTRL/LLN0$Status"
"2138","0.002076946","ipcas_21:73:33","143","0","1411","LIED10CTRL/LLN0$Status"
"2139","0.002026527","ipcas_21:73:33","143","0","1412","LIED10CTRL/LLN0$Status"
"2140","0.002007682","ipcas_21:73:33","143","0","1413","LIED10CTRL/LLN0$Status"
"2141","0.002044987","ipcas_21:73:33","143","0","1414","LIED10CTRL/LLN0$Status"
"2142","0.001940881","ipcas_21:73:33","143","0","1415","LIED10CTRL/LLN0$Status"
"2143","0.002020847","ipcas_21:73:33","143","0","1416","LIED10CTRL/LLN0$Status"
"2144","0.001962984","ipcas_21:73:33","143","0","1417","LIED10CTRL/LLN0$Status"
"2145","0.002005564","ipcas_21:73:33","143","0","1418","LIED10CTRL/LLN0$Status"
"2146","0.002041799","ipcas_21:73:33","143","0","1419","LIED10CTRL/LLN0$Status"
"2147","0.001987380","ipcas_21:73:33","143","0","1420","LIED10CTRL/LLN0$Status"
"2148","0.001994501","ipcas_21:73:33","143","0","1421","LIED10CTRL/LLN0$Status"
"2149","0.002076328","ipcas_21:73:33","143","0","1422","LIED10CTRL/LLN0$Status"
"2150","0.001926113","ipcas_21:73:33","143","0","1423","LIED10CTRL/LLN0$Status"
"2151","0.002020225","ipcas_21:73:33","143","0","1424","LIED10CTRL/LLN0$Status"
"2152","0.001991784","ipcas_21:73:33","143","0","1425","LIED10CTRL/LLN0$Status"
"2153","0.001989717","ipcas_21:73:33","143","0","1426","LIED10CTRL/LLN0$Status"
"2154","0.002066235","ipcas_21:73:33","143","0","1427","LIED10CTRL/LLN0$Status"
"2155","0.001927266","ipcas_21:73:33","143","0","1428","LIED10CTRL/LLN0$Status"
"2156","0.002020630","ipcas_21:73:33","143","0","1429","LIED10CTRL/LLN0$Status"
"2157","0.001994466","ipcas_21:73:33","143","0","1430","LIED10CTRL/LLN0$Status"
"2158","0.001973158","ipcas_21:73:33","143","0","1431","LIED10CTRL/LLN0$Status"
"2159","0.001981180","ipcas_21:73:33","143","0","1432","LIED10CTRL/LLN0$Status"
"2160","0.002008140","ipcas_21:73:33","143","0","1433","LIED10CTRL/LLN0$Status"
"2161","0.002087942","ipcas_21:73:33","143","0","1434","LIED10CTRL/LLN0$Status"
"2162","0.001715350","ipcas_21:73:33","143","0","1435","LIED10CTRL/LLN0$Status"
"2163","0.002166304","ipcas_21:73:33","143","0","1436","LIED10CTRL/LLN0$Status"
"2164","0.002013835","ipcas_21:73:33","143","0","1437","LIED10CTRL/LLN0$Status"
"2165","0.002024046","ipcas_21:73:33","143","0","1438","LIED10CTRL/LLN0$Status"
"2166","0.001966512","ipcas_21:73:33","143","0","1439","LIED10CTRL/LLN0$Status"
"2167","0.002056398","ipcas_21:73:33","143","0","1440","LIED10CTRL/LLN0$Status"
"2168","0.001983872","ipcas_21:73:33","143","0","1441","LIED10CTRL/LLN0$Status"
"2169","0.001992711","ipcas_21:73:33","143","0","1442","LIED10CTRL/LLN0$Status"
"2170","0.001988027","ipcas_21:73:33","143","0","1443","LIED10CTRL/LLN0$Status"
"2171","0.001989584","ipcas_21:73:33","143","0","1444","LIED10CTRL/LLN0$Status"
"2172","0.001995561","ipcas_21:73:33","143","0","1445","LIED10CTRL/LLN0$Status"
"2175","0.002010678","ipcas_21:73:33","143","0","1446","LIED10CTRL/LLN0$Status"
"2176","0.002084568","ipcas_21:73:33","143","0","1447","LIED10CTRL/LLN0$Status"
"2177","0.001932964","ipcas_21:73:33","143","0","1448","LIED10CTRL/LLN0$Status"
"2178","0.002073967","ipcas_21:73:33","143","0","1449","LIED10CTRL/LLN0$Status"
"2179","0.002025845","ipcas_21:73:33","143","0","1450","LIED10CTRL/LLN0$Status"
"2180","0.001981134","ipcas_21:73:33","143","0","1451","LIED10CTRL/LLN0$Status"
"2181","0.001921243","ipcas_21:73:33","143","0","1452","LIED10CTRL/LLN0$Status"
"2182","0.002390132","ipcas_21:73:33","143","0","1453","LIED10CTRL/LLN0$Status"
"2183","0.001600135","ipcas_21:73:33","143","0","1454","LIED10CTRL/LLN0$Status"
"2184","0.002019536","ipcas_21:73:33","143","0","1455","LIED10CTRL/LLN0$Status"
"2185","0.002001884","ipcas_21:73:33","143","0","1456","LIED10CTRL/LLN0$Status"
"2186","0.002160635","ipcas_21:73:33","143","0","1457","LIED10CTRL/LLN0$Status"
"2187","0.001892749","ipcas_21:73:33","143","0","1458","LIED10CTRL/LLN0$Status"
"2188","0.001989436","ipcas_21:73:33","143","0","1459","LIED10CTRL/LLN0$Status"
"2189","0.001989453","ipcas_21:73:33","143","0","1460","LIED10CTRL/LLN0$Status"
"2190","0.001945374","ipcas_21:73:33","143","0","1461","LIED10CTRL/LLN0$Status"
"2191","0.002043313","ipcas_21:73:33","143","0","1462","LIED10CTRL/LLN0$Status"
"2192","0.001976323","ipcas_21:73:33","143","0","1463","LIED10CTRL/LLN0$Status"
"2193","0.002147859","ipcas_21:73:33","143","0","1464","LIED10CTRL/LLN0$Status"
"2194","0.001941774","ipcas_21:73:33","143","0","1465","LIED10CTRL/LLN0$Status"
"2195","0.001950123","ipcas_21:73:33","143","0","1466","LIED10CTRL/LLN0$Status"
"2196","0.001951154","ipcas_21:73:33","143","0","1467","LIED10CTRL/LLN0$Status"
"2200","0.002047876","ipcas_21:73:33","143","0","1468","LIED10CTRL/LLN0$Status"
"2201","0.002095827","ipcas_21:73:33","143","0","1469","LIED10CTRL/LLN0$Status"
"2202","0.002167100","ipcas_21:73:33","143","0","1470","LIED10CTRL/LLN0$Status"
"2203","0.001709121","ipcas_21:73:33","143","0","1471","LIED10CTRL/LLN0$Status"
"2207","0.002123818","ipcas_21:73:33","143","0","1472","LIED10CTRL/LLN0$Status"
"2208","0.002000646","ipcas_21:73:33","143","0","1473","LIED10CTRL/LLN0$Status"
"2209","0.002054808","ipcas_21:73:33","143","0","1474","LIED10CTRL/LLN0$Status"
"2210","0.001885886","ipcas_21:73:33","143","0","1475","LIED10CTRL/LLN0$Status"
"2214","0.002273361","ipcas_21:73:33","143","0","1476","LIED10CTRL/LLN0$Status"
"2215","0.001714826","ipcas_21:73:33","143","0","1477","LIED10CTRL/LLN0$Status"
"2216","0.002072270","ipcas_21:73:33","143","0","1478","LIED10CTRL/LLN0$Status"
"2217","0.001883757","ipcas_21:73:33","143","0","1479","LIED10CTRL/LLN0$Status"
"2221","0.002093327","ipcas_21:73:33","143","0","1480","LIED10CTRL/LLN0$Status"
"2222","0.001947121","ipcas_21:73:33","143","0","1481","LIED10CTRL/LLN0$Status"
"2223","0.001963314","ipcas_21:73:33","143","0","1482","LIED10CTRL/LLN0$Status"
"2224","0.002085620","ipcas_21:73:33","143","0","1483","LIED10CTRL/LLN0$Status"
"2228","0.002118171","ipcas_21:73:33","143","0","1484","LIED10CTRL/LLN0$Status"
"2229","0.001833316","ipcas_21:73:33","143","0","1485","LIED10CTRL/LLN0$Status"
"2233","0.001950944","ipcas_21:73:33","143","0","1486","LIED10CTRL/LLN0$Status"
"2234","0.002184741","ipcas_21:73:33","143","0","1487","LIED10CTRL/LLN0$Status"
"2238","0.002127542","ipcas_21:73:33","143","0","1488","LIED10CTRL/LLN0$Status"
"2241","0.001848804","ipcas_21:73:33","143","0","1489","LIED10CTRL/LLN0$Status"
"2242","0.001994766","ipcas_21:73:33","143","0","1490","LIED10CTRL/LLN0$Status"
"2243","0.001991969","ipcas_21:73:33","143","0","1491","LIED10CTRL/LLN0$Status"
"2244","0.001888114","ipcas_21:73:33","143","0","1492","LIED10CTRL/LLN0$Status"
"2245","0.002177037","ipcas_21:73:33","143","0","1493","LIED10CTRL/LLN0$Status"
"2246","0.001782181","ipcas_21:73:33","143","0","1494","LIED10CTRL/LLN0$Status"
"2247","0.002244592","ipcas_21:73:33","143","0","1495","LIED10CTRL/LLN0$Status"
"2248","0.001839830","ipcas_21:73:33","143","0","1496","LIED10CTRL/LLN0$Status"
"2249","0.001995478","ipcas_21:73:33","143","0","1497","LIED10CTRL/LLN0$Status"
"2250","0.002161221","ipcas_21:73:33","143","0","1498","LIED10CTRL/LLN0$Status"
"2251","0.001966023","ipcas_21:73:33","143","0","1499","LIED10CTRL/LLN0$Status"
"2252","0.001850447","ipcas_21:73:33","143","0","1500","LIED10CTRL/LLN0$Status"
"2255","0.002049656","ipcas_21:73:33","143","0","1501","LIED10CTRL/LLN0$Status"
"2256","0.001897082","ipcas_21:73:33","143","0","1502","LIED10CTRL/LLN0$Status"
"2257","0.002016462","ipcas_21:73:33","143","0","1503","LIED10CTRL/LLN0$Status"
"2258","0.001959235","ipcas_21:73:33","143","0","1504","LIED10CTRL/LLN0$Status"
"2259","0.002086805","ipcas_21:73:33","143","0","1505","LIED10CTRL/LLN0$Status"
"2260","0.001946076","ipcas_21:73:33","143","0","1506","LIED10CTRL/LLN0$Status"
"2261","0.002086681","ipcas_21:73:33","143","0","1507","LIED10CTRL/LLN0$Status"
"2262","0.001928813","ipcas_21:73:33","143","0","1508","LIED10CTRL/LLN0$Status"
"2263","0.002280145","ipcas_21:73:33","143","0","1509","LIED10CTRL/LLN0$Status"
"2264","0.001692408","ipcas_21:73:33","143","0","1510","LIED10CTRL/LLN0$Status"
"2265","0.002131554","ipcas_21:73:33","143","0","1511","LIED10CTRL/LLN0$Status"
"2266","0.013523376","ipcas_21:73:33","143","0","1512","LIED10CTRL/LLN0$Status"
"2267","0.001437753","ipcas_21:73:33","143","0","1513","LIED10CTRL/LLN0$Status"
"2268","0.002370620","ipcas_21:73:33","143","0","1514","LIED10CTRL/LLN0$Status"
"2269","0.001603774","ipcas_21:73:33","143","0","1515","LIED10CTRL/LLN0$Status"
"2270","0.001385777","ipcas_21:73:33","143","0","1516","LIED10CTRL/LLN0$Status"
"2271","0.001510054","ipcas_21:73:33","143","0","1517","LIED10CTRL/LLN0$Status"
"2272","0.001988915","ipcas_21:73:33","143","0","1518","LIED10CTRL/LLN0$Status"
"2273","0.002005182","ipcas_21:73:33","143","0","1519","LIED10CTRL/LLN0$Status"
"2274","0.001994114","ipcas_21:73:33","143","0","1520","LIED10CTRL/LLN0$Status"
"2275","0.002021259","ipcas_21:73:33","143","0","1521","LIED10CTRL/LLN0$Status"
"2276","0.001383540","ipcas_21:73:33","143","0","1522","LIED10CTRL/LLN0$Status"
"2277","0.001609328","ipcas_21:73:33","143","0","1523","LIED10CTRL/LLN0$Status"
"2278","0.001544356","ipcas_21:73:33","143","0","1524","LIED10CTRL/LLN0$Status"
"2279","0.001444585","ipcas_21:73:33","143","0","1525","LIED10CTRL/LLN0$Status"
"2280","0.002010085","ipcas_21:73:33","143","0","1526","LIED10CTRL/LLN0$Status"
"2281","0.001985901","ipcas_21:73:33","143","0","1527","LIED10CTRL/LLN0$Status"
"2282","0.002004135","ipcas_21:73:33","143","0","1528","LIED10CTRL/LLN0$Status"
"2283","0.002007692","ipcas_21:73:33","143","0","1529","LIED10CTRL/LLN0$Status"
"2284","0.001991745","ipcas_21:73:33","143","0","1530","LIED10CTRL/LLN0$Status"
"2285","0.002031944","ipcas_21:73:33","143","0","1531","LIED10CTRL/LLN0$Status"
"2286","0.002083017","ipcas_21:73:33","143","0","1532","LIED10CTRL/LLN0$Status"
"2287","0.002011087","ipcas_21:73:33","143","0","1533","LIED10CTRL/LLN0$Status"
"2288","0.002045689","ipcas_21:73:33","143","0","1534","LIED10CTRL/LLN0$Status"
"2289","0.001952513","ipcas_21:73:33","143","0","1535","LIED10CTRL/LLN0$Status"
"2290","0.002075021","ipcas_21:73:33","143","0","1536","LIED10CTRL/LLN0$Status"
"2291","0.001968587","ipcas_21:73:33","143","0","1537","LIED10CTRL/LLN0$Status"
"2292","0.002082040","ipcas_21:73:33","143","0","1538","LIED10CTRL/LLN0$Status"
"2293","0.002259026","ipcas_21:73:33","143","0","1539","LIED10CTRL/LLN0$Status"
"2294","0.001539728","ipcas_21:73:33","143","0","1540","LIED10CTRL/LLN0$Status"
"2295","0.002144180","ipcas_21:73:33","143","0","1541","LIED10CTRL/LLN0$Status"
"2296","0.001918665","ipcas_21:73:33","143","0","1542","LIED10CTRL/LLN0$Status"
"2297","0.002066265","ipcas_21:73:33","143","0","1543","LIED10CTRL/LLN0$Status"
"2298","0.001950695","ipcas_21:73:33","143","0","1544","LIED10CTRL/LLN0$Status"
"2299","0.002049911","ipcas_21:73:33","143","0","1545","LIED10CTRL/LLN0$Status"
"2300","0.001873416","ipcas_21:73:33","143","0","1546","LIED10CTRL/LLN0$Status"
"2301","0.002221155","ipcas_21:73:33","143","0","1547","LIED10CTRL/LLN0$Status"
"2302","0.001746821","ipcas_21:73:33","143","0","1548","LIED10CTRL/LLN0$Status"
"2303","0.002013696","ipcas_21:73:33","143","0","1549","LIED10CTRL/LLN0$Status"
"2304","0.002379110","ipcas_21:73:33","143","0","1550","LIED10CTRL/LLN0$Status"
"2305","0.001733736","ipcas_21:73:33","143","0","1551","LIED10CTRL/LLN0$Status"
"2306","0.002060720","ipcas_21:73:33","143","0","1552","LIED10CTRL/LLN0$Status"
"2307","0.001882611","ipcas_21:73:33","143","0","1553","LIED10CTRL/LLN0$Status"
"2308","0.001960964","ipcas_21:73:33","143","0","1554","LIED10CTRL/LLN0$Status"
"2309","0.001960841","ipcas_21:73:33","143","0","1555","LIED10CTRL/LLN0$Status"
"2310","0.002126415","ipcas_21:73:33","143","0","1556","LIED10CTRL/LLN0$Status"
"2311","0.001908720","ipcas_21:73:33","143","0","1557","LIED10CTRL/LLN0$Status"
"2312","0.001988851","ipcas_21:73:33","143","0","1558","LIED10CTRL/LLN0$Status"
"2313","0.002002083","ipcas_21:73:33","143","0","1559","LIED10CTRL/LLN0$Status"
"2314","0.002152772","ipcas_21:73:33","143","0","1560","LIED10CTRL/LLN0$Status"
"2315","0.001886217","ipcas_21:73:33","143","0","1561","LIED10CTRL/LLN0$Status"
"2316","0.001977189","ipcas_21:73:33","143","0","1562","LIED10CTRL/LLN0$Status"
"2317","0.002012949","ipcas_21:73:33","143","0","1563","LIED10CTRL/LLN0$Status"
"2318","0.002204884","ipcas_21:73:33","143","0","1564","LIED10CTRL/LLN0$Status"
"2319","0.001036259","ipcas_21:73:33","143","0","1565","LIED10CTRL/LLN0$Status"
"2320","0.001808462","ipcas_21:73:33","143","0","1566","LIED10CTRL/LLN0$Status"
"2321","0.001942146","ipcas_21:73:33","143","0","1567","LIED10CTRL/LLN0$Status"
"2322","0.002089399","ipcas_21:73:33","143","0","1568","LIED10CTRL/LLN0$Status"
"2323","0.001987242","ipcas_21:73:33","143","0","1569","LIED10CTRL/LLN0$Status"
"2324","0.001936335","ipcas_21:73:33","143","0","1570","LIED10CTRL/LLN0$Status"
"2325","0.002114836","ipcas_21:73:33","143","0","1571","LIED10CTRL/LLN0$Status"
"2326","0.001902888","ipcas_21:73:33","143","0","1572","LIED10CTRL/LLN0$Status"
"2327","0.001412759","ipcas_21:73:33","143","0","1573","LIED10CTRL/LLN0$Status"
"2328","0.001366741","ipcas_21:73:33","143","0","1574","LIED10CTRL/LLN0$Status"
"2329","0.002151518","ipcas_21:73:33","143","0","1575","LIED10CTRL/LLN0$Status"
"2330","0.001983706","ipcas_21:73:33","143","0","1576","LIED10CTRL/LLN0$Status"
"2331","0.002132920","ipcas_21:73:33","143","0","1577","LIED10CTRL/LLN0$Status"
"2332","0.001993981","ipcas_21:73:33","143","0","1578","LIED10CTRL/LLN0$Status"
"2333","0.001928912","ipcas_21:73:33","143","0","1579","LIED10CTRL/LLN0$Status"
"2334","0.001991438","ipcas_21:73:33","143","0","1580","LIED10CTRL/LLN0$Status"
"2335","0.001998246","ipcas_21:73:33","143","0","1581","LIED10CTRL/LLN0$Status"
"2336","0.001999844","ipcas_21:73:33","143","0","1582","LIED10CTRL/LLN0$Status"
"2337","0.002002127","ipcas_21:73:33","143","0","1583","LIED10CTRL/LLN0$Status"
"2338","0.001997883","ipcas_21:73:33","143","0","1584","LIED10CTRL/LLN0$Status"
"2339","0.002033796","ipcas_21:73:33","143","0","1585","LIED10CTRL/LLN0$Status"
"2340","0.002085280","ipcas_21:73:33","143","0","1586","LIED10CTRL/LLN0$Status"
"2341","0.002009178","ipcas_21:73:33","143","0","1587","LIED10CTRL/LLN0$Status"
"2342","0.001971762","ipcas_21:73:33","143","0","1588","LIED10CTRL/LLN0$Status"
"2346","0.001992682","ipcas_21:73:33","143","0","1589","LIED10CTRL/LLN0$Status"
"2347","0.001889148","ipcas_21:73:33","143","0","1590","LIED10CTRL/LLN0$Status"
"2348","0.002032815","ipcas_21:73:33","143","0","1591","LIED10CTRL/LLN0$Status"
"2349","0.002002080","ipcas_21:73:33","143","0","1592","LIED10CTRL/LLN0$Status"
"2351","0.002224589","ipcas_21:73:33","143","0","1593","LIED10CTRL/LLN0$Status"
"2354","0.001829313","ipcas_21:73:33","143","0","1594","LIED10CTRL/LLN0$Status"
"2355","0.002166075","ipcas_21:73:33","143","0","1595","LIED10CTRL/LLN0$Status"
"2356","0.001935378","ipcas_21:73:33","143","0","1596","LIED10CTRL/LLN0$Status"
"2357","0.002277675","ipcas_21:73:33","143","0","1597","LIED10CTRL/LLN0$Status"
"2361","0.000940516","ipcas_21:73:33","143","0","1598","LIED10CTRL/LLN0$Status"
"2362","0.002580821","ipcas_21:73:33","143","0","1599","LIED10CTRL/LLN0$Status"
"2363","0.001171072","ipcas_21:73:33","143","0","1600","LIED10CTRL/LLN0$Status"
"2367","0.002252280","ipcas_21:73:33","143","0","1601","LIED10CTRL/LLN0$Status"
"2368","0.001771917","ipcas_21:73:33","143","0","1602","LIED10CTRL/LLN0$Status"
"2372","0.002503284","ipcas_21:73:33","143","0","1603","LIED10CTRL/LLN0$Status"
"2373","0.001562024","ipcas_21:73:33","143","0","1604","LIED10CTRL/LLN0$Status"
"2374","0.001974671","ipcas_21:73:33","143","0","1605","LIED10CTRL/LLN0$Status"
"2378","0.001961764","ipcas_21:73:33","143","0","1606","LIED10CTRL/LLN0$Status"
"2379","0.001963075","ipcas_21:73:33","143","0","1607","LIED10CTRL/LLN0$Status"
"2383","0.001496515","ipcas_21:73:33","143","0","1608","LIED10CTRL/LLN0$Status"
"2384","0.001676467","ipcas_21:73:33","143","0","1609","LIED10CTRL/LLN0$Status"
"2385","0.001724962","ipcas_21:73:33","143","0","1610","LIED10CTRL/LLN0$Status"
"2389","0.002231044","ipcas_21:73:33","143","0","1611","LIED10CTRL/LLN0$Status"
"2393","0.001291409","ipcas_21:73:33","143","0","1612","LIED10CTRL/LLN0$Status"
"2394","0.001609861","ipcas_21:73:33","143","0","1613","LIED10CTRL/LLN0$Status"
"2398","0.002161625","ipcas_21:73:33","143","0","1614","LIED10CTRL/LLN0$Status"
"2399","0.001860847","ipcas_21:73:33","143","0","1615","LIED10CTRL/LLN0$Status"
"2400","0.001890984","ipcas_21:73:33","143","0","1616","LIED10CTRL/LLN0$Status"
"2401","0.002011673","ipcas_21:73:33","143","0","1617","LIED10CTRL/LLN0$Status"
"2402","0.001990921","ipcas_21:73:33","143","0","1618","LIED10CTRL/LLN0$Status"
"2403","0.002085454","ipcas_21:73:33","143","0","1619","LIED10CTRL/LLN0$Status"
"2404","0.001936009","ipcas_21:73:33","143","0","1620","LIED10CTRL/LLN0$Status"
"2405","0.001940622","ipcas_21:73:33","143","0","1621","LIED10CTRL/LLN0$Status"
"2406","0.002009100","ipcas_21:73:33","143","0","1622","LIED10CTRL/LLN0$Status"
"2407","0.002108755","ipcas_21:73:33","143","0","1623","LIED10CTRL/LLN0$Status"
"2408","0.001898531","ipcas_21:73:33","143","0","1624","LIED10CTRL/LLN0$Status"
"2409","0.002140768","ipcas_21:73:33","143","0","1625","LIED10CTRL/LLN0$Status"
"2410","0.001855963","ipcas_21:73:33","143","0","1626","LIED10CTRL/LLN0$Status"
"2411","0.002040566","ipcas_21:73:33","143","0","1627","LIED10CTRL/LLN0$Status"
"2412","0.001977722","ipcas_21:73:33","143","0","1628","LIED10CTRL/LLN0$Status"
"2413","0.001980292","ipcas_21:73:33","143","0","1629","LIED10CTRL/LLN0$Status"
"2414","0.001960310","ipcas_21:73:33","143","0","1630","LIED10CTRL/LLN0$Status"
"2415","0.002075044","ipcas_21:73:33","143","0","1631","LIED10CTRL/LLN0$Status"
"2416","0.001928040","ipcas_21:73:33","143","0","1632","LIED10CTRL/LLN0$Status"
"2417","0.002132898","ipcas_21:73:33","143","0","1633","LIED10CTRL/LLN0$Status"
"2418","0.002041398","ipcas_21:73:33","143","0","1634","LIED10CTRL/LLN0$Status"
"2419","0.001868811","ipcas_21:73:33","143","0","1635","LIED10CTRL/LLN0$Status"
"2420","0.002035539","ipcas_21:73:33","143","0","1636","LIED10CTRL/LLN0$Status"
"2421","0.001994060","ipcas_21:73:33","143","0","1637","LIED10CTRL/LLN0$Status"
"2422","0.002007098","ipcas_21:73:33","143","0","1638","LIED10CTRL/LLN0$Status"
"2423","0.002089843","ipcas_21:73:33","143","0","1639","LIED10CTRL/LLN0$Status"
"2424","0.001989907","ipcas_21:73:33","143","0","1640","LIED10CTRL/LLN0$Status"
"2425","0.001924016","ipcas_21:73:33","143","0","1641","LIED10CTRL/LLN0$Status"
"2426","0.002073807","ipcas_21:73:33","143","0","1642","LIED10CTRL/LLN0$Status"
"2427","0.001932207","ipcas_21:73:33","143","0","1643","LIED10CTRL/LLN0$Status"
"2428","0.002055415","ipcas_21:73:33","143","0","1644","LIED10CTRL/LLN0$Status"
"2429","0.001944622","ipcas_21:73:33","143","0","1645","LIED10CTRL/LLN0$Status"
"2430","0.002035792","ipcas_21:73:33","143","0","1646","LIED10CTRL/LLN0$Status"
"2431","0.002025301","ipcas_21:73:33","143","0","1647","LIED10CTRL/LLN0$Status"
"2432","0.001947759","ipcas_21:73:33","143","0","1648","LIED10CTRL/LLN0$Status"
"2433","0.002158024","ipcas_21:73:33","143","0","1649","LIED10CTRL/LLN0$Status"
"2434","0.002196642","ipcas_21:73:33","143","0","1650","LIED10CTRL/LLN0$Status"
"2435","0.001672119","ipcas_21:73:33","143","0","1651","LIED10CTRL/LLN0$Status"
"2436","0.001938076","ipcas_21:73:33","143","0","1652","LIED10CTRL/LLN0$Status"
"2437","0.002052505","ipcas_21:73:33","143","0","1653","LIED10CTRL/LLN0$Status"
"2438","0.002287519","ipcas_21:73:33","143","0","1654","LIED10CTRL/LLN0$Status"
"2439","0.001728171","ipcas_21:73:33","143","0","1655","LIED10CTRL/LLN0$Status"
"2440","0.002081580","ipcas_21:73:33","143","0","1656","LIED10CTRL/LLN0$Status"
"2441","0.001917099","ipcas_21:73:33","143","0","1657","LIED10CTRL/LLN0$Status"
"2442","0.001961559","ipcas_21:73:33","143","0","1658","LIED10CTRL/LLN0$Status"
"2443","0.002058920","ipcas_21:73:33","143","0","1659","LIED10CTRL/LLN0$Status"
"2444","0.001870644","ipcas_21:73:33","143","0","1660","LIED10CTRL/LLN0$Status"
"2445","0.002228439","ipcas_21:73:33","143","0","1661","LIED10CTRL/LLN0$Status"
"2446","0.001870915","ipcas_21:73:33","143","0","1662","LIED10CTRL/LLN0$Status"
"2447","0.001996842","ipcas_21:73:33","143","0","1663","LIED10CTRL/LLN0$Status"
"2448","0.001996809","ipcas_21:73:33","143","0","1664","LIED10CTRL/LLN0$Status"
"2449","0.001978330","ipcas_21:73:33","143","0","1665","LIED10CTRL/LLN0$Status"
"2450","0.002014890","ipcas_21:73:33","143","0","1666","LIED10CTRL/LLN0$Status"
"2451","0.002151408","ipcas_21:73:33","143","0","1667","LIED10CTRL/LLN0$Status"
"2452","0.001850782","ipcas_21:73:33","143","0","1668","LIED10CTRL/LLN0$Status"
"2453","0.001991290","ipcas_21:73:33","143","0","1669","LIED10CTRL/LLN0$Status"
"2454","0.001935805","ipcas_21:73:33","143","0","1670","LIED10CTRL/LLN0$Status"
"2455","0.001973854","ipcas_21:73:33","143","0","1671","LIED10CTRL/LLN0$Status"
"2456","0.002150062","ipcas_21:73:33","143","0","1672","LIED10CTRL/LLN0$Status"
"2457","0.001881670","ipcas_21:73:33","143","0","1673","LIED10CTRL/LLN0$Status"
"2458","0.002079399","ipcas_21:73:33","143","0","1674","LIED10CTRL/LLN0$Status"
"2459","0.002012952","ipcas_21:73:33","143","0","1675","LIED10CTRL/LLN0$Status"
"2460","0.002054216","ipcas_21:73:33","143","0","1676","LIED10CTRL/LLN0$Status"
"2461","0.001857178","ipcas_21:73:33","143","0","1677","LIED10CTRL/LLN0$Status"
"2462","0.001969544","ipcas_21:73:33","143","0","1678","LIED10CTRL/LLN0$Status"
"2463","0.002098101","ipcas_21:73:33","143","0","1679","LIED10CTRL/LLN0$Status"
"2464","0.002024582","ipcas_21:73:33","143","0","1680","LIED10CTRL/LLN0$Status"
"2465","0.001929920","ipcas_21:73:33","143","0","1681","LIED10CTRL/LLN0$Status"
"2466","0.002114554","ipcas_21:73:33","143","0","1682","LIED10CTRL/LLN0$Status"
"2467","0.001953323","ipcas_21:73:33","143","0","1683","LIED10CTRL/LLN0$Status"
"2468","0.001847936","ipcas_21:73:33","143","0","1684","LIED10CTRL/LLN0$Status"
"2469","0.002028047","ipcas_21:73:33","143","0","1685","LIED10CTRL/LLN0$Status"
"2470","0.002124685","ipcas_21:73:33","143","0","1686","LIED10CTRL/LLN0$Status"
"2471","0.002071932","ipcas_21:73:33","143","0","1687","LIED10CTRL/LLN0$Status"
"2472","0.001765294","ipcas_21:73:33","143","0","1688","LIED10CTRL/LLN0$Status"
"2473","0.002000224","ipcas_21:73:33","143","0","1689","LIED10CTRL/LLN0$Status"
"2474","0.002034580","ipcas_21:73:33","143","0","1690","LIED10CTRL/LLN0$Status"
"2475","0.001983721","ipcas_21:73:33","143","0","1691","LIED10CTRL/LLN0$Status"
"2476","0.002125178","ipcas_21:73:33","143","0","1692","LIED10CTRL/LLN0$Status"
"2477","0.001951671","ipcas_21:73:33","143","0","1693","LIED10CTRL/LLN0$Status"
"2478","0.001951448","ipcas_21:73:33","143","0","1694","LIED10CTRL/LLN0$Status"
"2479","0.002015739","ipcas_21:73:33","143","0","1695","LIED10CTRL/LLN0$Status"
"2480","0.001954358","ipcas_21:73:33","143","0","1696","LIED10CTRL/LLN0$Status"
"2481","0.001996884","ipcas_21:73:33","143","0","1697","LIED10CTRL/LLN0$Status"
"2482","0.002095907","ipcas_21:73:33","143","0","1698","LIED10CTRL/LLN0$Status"
"2483","0.002122706","ipcas_21:73:33","143","0","1699","LIED10CTRL/LLN0$Status"
"2484","0.001864555","ipcas_21:73:33","143","0","1700","LIED10CTRL/LLN0$Status"
"2485","0.001992293","ipcas_21:73:33","143","0","1701","LIED10CTRL/LLN0$Status"
"2486","0.002141194","ipcas_21:73:33","143","0","1702","LIED10CTRL/LLN0$Status"
"2487","0.001968658","ipcas_21:73:33","143","0","1703","LIED10CTRL/LLN0$Status"
"2488","0.001872178","ipcas_21:73:33","143","0","1704","LIED10CTRL/LLN0$Status"
"2489","0.002136644","ipcas_21:73:33","143","0","1705","LIED10CTRL/LLN0$Status"
"2490","0.001885849","ipcas_21:73:33","143","0","1706","LIED10CTRL/LLN0$Status"
"2491","0.002109702","ipcas_21:73:33","143","0","1707","LIED10CTRL/LLN0$Status"
"2492","0.001871005","ipcas_21:73:33","143","0","1708","LIED10CTRL/LLN0$Status"
"2493","0.001980592","ipcas_21:73:33","143","0","1709","LIED10CTRL/LLN0$Status"
"2494","0.002003695","ipcas_21:73:33","143","0","1710","LIED10CTRL/LLN0$Status"
"2495","0.001992918","ipcas_21:73:33","143","0","1711","LIED10CTRL/LLN0$Status"
"2496","0.002137926","ipcas_21:73:33","143","0","1712","LIED10CTRL/LLN0$Status"
"2497","0.001900450","ipcas_21:73:33","143","0","1713","LIED10CTRL/LLN0$Status"
"2498","0.002024985","ipcas_21:73:33","143","0","1714","LIED10CTRL/LLN0$Status"
"2499","0.002133837","ipcas_21:73:33","143","0","1715","LIED10CTRL/LLN0$Status"
"2500","0.001848269","ipcas_21:73:33","143","0","1716","LIED10CTRL/LLN0$Status"
"2501","0.001977685","ipcas_21:73:33","143","0","1717","LIED10CTRL/LLN0$Status"
"2502","0.002121151","ipcas_21:73:33","143","0","1718","LIED10CTRL/LLN0$Status"
"2503","0.001895038","ipcas_21:73:33","143","0","1719","LIED10CTRL/LLN0$Status"
"2504","0.001938071","ipcas_21:73:33","143","0","1720","LIED10CTRL/LLN0$Status"
"2505","0.002036856","ipcas_21:73:33","143","0","1721","LIED10CTRL/LLN0$Status"
"2506","0.002096842","ipcas_21:73:33","143","0","1722","LIED10CTRL/LLN0$Status"
"2507","0.002037633","ipcas_21:73:33","143","0","1723","LIED10CTRL/LLN0$Status"
"2508","0.001979018","ipcas_21:73:33","143","0","1724","LIED10CTRL/LLN0$Status"
"2509","0.001909676","ipcas_21:73:33","143","0","1725","LIED10CTRL/LLN0$Status"
"2510","0.002109888","ipcas_21:73:33","143","0","1726","LIED10CTRL/LLN0$Status"
"2511","0.001889929","ipcas_21:73:33","143","0","1727","LIED10CTRL/LLN0$Status"
"2512","0.002182258","ipcas_21:73:33","143","0","1728","LIED10CTRL/LLN0$Status"
"2513","0.001937154","ipcas_21:73:33","143","0","1729","LIED10CTRL/LLN0$Status"
"2514","0.002294181","ipcas_21:73:33","143","0","1730","LIED10CTRL/LLN0$Status"
"2515","0.001627646","ipcas_21:73:33","143","0","1731","LIED10CTRL/LLN0$Status"
"2516","0.002001307","ipcas_21:73:33","143","0","1732","LIED10CTRL/LLN0$Status"
"2517","0.002176409","ipcas_21:73:33","143","0","1733","LIED10CTRL/LLN0$Status"
"2518","0.001758711","ipcas_21:73:33","143","0","1734","LIED10CTRL/LLN0$Status"
"2519","0.002065240","ipcas_21:73:33","143","0","1735","LIED10CTRL/LLN0$Status"
"2520","0.001993654","ipcas_21:73:33","143","0","1736","LIED10CTRL/LLN0$Status"
"2521","0.001939574","ipcas_21:73:33","143","0","1737","LIED10CTRL/LLN0$Status"
"2522","0.002309454","ipcas_21:73:33","143","0","1738","LIED10CTRL/LLN0$Status"
"2523","0.001679215","ipcas_21:73:33","143","0","1739","LIED10CTRL/LLN0$Status"
"2524","0.002053002","ipcas_21:73:33","143","0","1740","LIED10CTRL/LLN0$Status"
"2525","0.001999255","ipcas_21:73:33","143","0","1741","LIED10CTRL/LLN0$Status"
"2526","0.002181541","ipcas_21:73:33","143","0","1742","LIED10CTRL/LLN0$Status"
"2527","0.001754975","ipcas_21:73:33","143","0","1743","LIED10CTRL/LLN0$Status"
"2528","0.002018314","ipcas_21:73:33","143","0","1744","LIED10CTRL/LLN0$Status"
"2529","0.002149641","ipcas_21:73:33","143","0","1745","LIED10CTRL/LLN0$Status"
"2530","0.001916082","ipcas_21:73:33","143","0","1746","LIED10CTRL/LLN0$Status"
"2531","0.001950851","ipcas_21:73:33","143","0","1747","LIED10CTRL/LLN0$Status"
"2532","0.001934251","ipcas_21:73:33","143","0","1748","LIED10CTRL/LLN0$Status"
"2533","0.002060796","ipcas_21:73:33","143","0","1749","LIED10CTRL/LLN0$Status"
"2534","0.002061823","ipcas_21:73:33","143","0","1750","LIED10CTRL/LLN0$Status"
"2535","0.002090981","ipcas_21:73:33","143","0","1751","LIED10CTRL/LLN0$Status"
"2536","0.001897922","ipcas_21:73:33","143","0","1752","LIED10CTRL/LLN0$Status"
"2537","0.001932775","ipcas_21:73:33","143","0","1753","LIED10CTRL/LLN0$Status"
"2538","0.001957688","ipcas_21:73:33","143","0","1754","LIED10CTRL/LLN0$Status"
"2539","0.002067663","ipcas_21:73:33","143","0","1755","LIED10CTRL/LLN0$Status"
"2540","0.002011481","ipcas_21:73:33","143","0","1756","LIED10CTRL/LLN0$Status"
"2541","0.001972968","ipcas_21:73:33","143","0","1757","LIED10CTRL/LLN0$Status"
"2542","0.002019477","ipcas_21:73:33","143","0","1758","LIED10CTRL/LLN0$Status"
"2543","0.002079407","ipcas_21:73:33","143","0","1759","LIED10CTRL/LLN0$Status"
"2544","0.001846427","ipcas_21:73:33","143","0","1760","LIED10CTRL/LLN0$Status"
"2545","0.002082298","ipcas_21:73:33","143","0","1761","LIED10CTRL/LLN0$Status"
"2546","0.002070271","ipcas_21:73:33","143","0","1762","LIED10CTRL/LLN0$Status"
"2547","0.001927191","ipcas_21:73:33","143","0","1763","LIED10CTRL/LLN0$Status"
"2548","0.002424688","ipcas_21:73:33","143","0","1764","LIED10CTRL/LLN0$Status"
"2549","0.001612946","ipcas_21:73:33","143","0","1765","LIED10CTRL/LLN0$Status"
"2550","0.002045399","ipcas_21:73:33","143","0","1766","LIED10CTRL/LLN0$Status"
"2551","0.001912585","ipcas_21:73:33","143","0","1767","LIED10CTRL/LLN0$Status"
"2552","0.002087497","ipcas_21:73:33","143","0","1768","LIED10CTRL/LLN0$Status"
"2553","0.001958668","ipcas_21:73:33","143","0","1769","LIED10CTRL/LLN0$Status"
"2554","0.001992792","ipcas_21:73:33","143","0","1770","LIED10CTRL/LLN0$Status"
"2555","0.001937987","ipcas_21:73:33","143","0","1771","LIED10CTRL/LLN0$Status"
"2556","0.002065364","ipcas_21:73:33","143","0","1772","LIED10CTRL/LLN0$Status"
"2557","0.001961624","ipcas_21:73:33","143","0","1773","LIED10CTRL/LLN0$Status"
"2558","0.001942698","ipcas_21:73:33","143","0","1774","LIED10CTRL/LLN0$Status"
"2559","0.003078141","ipcas_21:73:33","143","0","1775","LIED10CTRL/LLN0$Status"
"2560","0.000908791","ipcas_21:73:33","143","0","1776","LIED10CTRL/LLN0$Status"
"2561","0.002060760","ipcas_21:73:33","143","0","1777","LIED10CTRL/LLN0$Status"
"2562","0.001980480","ipcas_21:73:33","143","0","1778","LIED10CTRL/LLN0$Status"
"2563","0.001992924","ipcas_21:73:33","143","0","1779","LIED10CTRL/LLN0$Status"
"2564","0.002034654","ipcas_21:73:33","143","0","1780","LIED10CTRL/LLN0$Status"
"2565","0.002213560","ipcas_21:73:33","143","0","1781","LIED10CTRL/LLN0$Status"
"2566","0.001887324","ipcas_21:73:33","143","0","1782","LIED10CTRL/LLN0$Status"
"2567","0.001823803","ipcas_21:73:33","143","0","1783","LIED10CTRL/LLN0$Status"
"2568","0.002199102","ipcas_21:73:33","143","0","1784","LIED10CTRL/LLN0$Status"
"2569","0.001865617","ipcas_21:73:33","143","0","1785","LIED10CTRL/LLN0$Status"
"2570","0.001956361","ipcas_21:73:33","143","0","1786","LIED10CTRL/LLN0$Status"
"2571","0.002156739","ipcas_21:73:33","143","0","1787","LIED10CTRL/LLN0$Status"
"2572","0.002084609","ipcas_21:73:33","143","0","1788","LIED10CTRL/LLN0$Status"
"2573","0.001912326","ipcas_21:73:33","143","0","1789","LIED10CTRL/LLN0$Status"
"2574","0.001898140","ipcas_21:73:33","143","0","1790","LIED10CTRL/LLN0$Status"
"2575","0.002098309","ipcas_21:73:33","143","0","1791","LIED10CTRL/LLN0$Status"
"2576","0.001920526","ipcas_21:73:33","143","0","1792","LIED10CTRL/LLN0$Status"
"2577","0.001965644","ipcas_21:73:33","143","0","1793","LIED10CTRL/LLN0$Status"
"2578","0.002286234","ipcas_21:73:33","143","0","1794","LIED10CTRL/LLN0$Status"
"2579","0.002252625","ipcas_21:73:33","143","0","1795","LIED10CTRL/LLN0$Status"
"2580","0.001806723","ipcas_21:73:33","143","0","1796","LIED10CTRL/LLN0$Status"
"2581","0.002667099","ipcas_21:73:33","143","0","1797","LIED10CTRL/LLN0$Status"
"2582","0.001525759","ipcas_21:73:33","143","0","1798","LIED10CTRL/LLN0$Status"
"2583","0.001755199","ipcas_21:73:33","143","0","1799","LIED10CTRL/LLN0$Status"
"2584","0.002180546","ipcas_21:73:33","143","0","1800","LIED10CTRL/LLN0$Status"
"2585","0.001557700","ipcas_21:73:33","143","0","1801","LIED10CTRL/LLN0$Status"
"2586","0.001194449","ipcas_21:73:33","143","0","1802","LIED10CTRL/LLN0$Status"
"2587","0.001250288","ipcas_21:73:33","143","0","1803","LIED10CTRL/LLN0$Status"
"2588","0.001550983","ipcas_21:73:33","143","0","1804","LIED10CTRL/LLN0$Status"
"2589","0.002076946","ipcas_21:73:33","143","0","1805","LIED10CTRL/LLN0$Status"
"2590","0.001984394","ipcas_21:73:33","143","0","1806","LIED10CTRL/LLN0$Status"
"2591","0.002013873","ipcas_21:73:33","143","0","1807","LIED10CTRL/LLN0$Status"
"2592","0.001916288","ipcas_21:73:33","143","0","1808","LIED10CTRL/LLN0$Status"
"2593","0.002047120","ipcas_21:73:33","143","0","1809","LIED10CTRL/LLN0$Status"
"2594","0.001988345","ipcas_21:73:33","143","0","1810","LIED10CTRL/LLN0$Status"
"2595","0.001921769","ipcas_21:73:33","143","0","1811","LIED10CTRL/LLN0$Status"
"2596","0.001943854","ipcas_21:73:33","143","0","1812","LIED10CTRL/LLN0$Status"
"2597","0.002072800","ipcas_21:73:33","143","0","1813","LIED10CTRL/LLN0$Status"
"2598","0.001982609","ipcas_21:73:33","143","0","1814","LIED10CTRL/LLN0$Status"
"2599","0.002088273","ipcas_21:73:33","143","0","1815","LIED10CTRL/LLN0$Status"
"2600","0.001935954","ipcas_21:73:33","143","0","1816","LIED10CTRL/LLN0$Status"
"2601","0.001972970","ipcas_21:73:33","143","0","1817","LIED10CTRL/LLN0$Status"
"2602","0.002100967","ipcas_21:73:33","143","0","1818","LIED10CTRL/LLN0$Status"
"2603","0.002352349","ipcas_21:73:33","143","0","1819","LIED10CTRL/LLN0$Status"
"2604","0.001632790","ipcas_21:73:33","143","0","1820","LIED10CTRL/LLN0$Status"
"2605","0.001921929","ipcas_21:73:33","143","0","1821","LIED10CTRL/LLN0$Status"
"2606","0.002046269","ipcas_21:73:33","143","0","1822","LIED10CTRL/LLN0$Status"
"2607","0.001926435","ipcas_21:73:33","143","0","1823","LIED10CTRL/LLN0$Status"
"2608","0.002378775","ipcas_21:73:33","143","0","1824","LIED10CTRL/LLN0$Status"
"2609","0.001802598","ipcas_21:73:33","143","0","1825","LIED10CTRL/LLN0$Status"
"2610","0.001932179","ipcas_21:73:33","143","0","1826","LIED10CTRL/LLN0$Status"
"2611","0.002049606","ipcas_21:73:33","143","0","1827","LIED10CTRL/LLN0$Status"
"2612","0.001949184","ipcas_21:73:33","143","0","1828","LIED10CTRL/LLN0$Status"
"2613","0.002004108","ipcas_21:73:33","143","0","1829","LIED10CTRL/LLN0$Status"
"2614","0.002004472","ipcas_21:73:33","143","0","1830","LIED10CTRL/LLN0$Status"
"2615","0.001996039","ipcas_21:73:33","143","0","1831","LIED10CTRL/LLN0$Status"
"2616","0.002016675","ipcas_21:73:33","143","0","1832","LIED10CTRL/LLN0$Status"
"2617","0.002036011","ipcas_21:73:33","143","0","1833","LIED10CTRL/LLN0$Status"
"2618","0.002017965","ipcas_21:73:33","143","0","1834","LIED10CTRL/LLN0$Status"
"2619","0.002037789","ipcas_21:73:33","143","0","1835","LIED10CTRL/LLN0$Status"
"2620","0.001873317","ipcas_21:73:33","143","0","1836","LIED10CTRL/LLN0$Status"
"2621","0.001982858","ipcas_21:73:33","143","0","1837","LIED10CTRL/LLN0$Status"
"2622","0.002086399","ipcas_21:73:33","143","0","1838","LIED10CTRL/LLN0$Status"
"2623","0.002097645","ipcas_21:73:33","143","0","1839","LIED10CTRL/LLN0$Status"
"2624","0.002001412","ipcas_21:73:33","143","0","1840","LIED10CTRL/LLN0$Status"
"2625","0.002019428","ipcas_21:73:33","143","0","1841","LIED10CTRL/LLN0$Status"
"2626","0.001872797","ipcas_21:73:33","143","0","1842","LIED10CTRL/LLN0$Status"
"2627","0.001973161","ipcas_21:73:33","143","0","1843","LIED10CTRL/LLN0$Status"
"2628","0.001951762","ipcas_21:73:33","143","0","1844","LIED10CTRL/LLN0$Status"
"2629","0.002013319","ipcas_21:73:33","143","0","1845","LIED10CTRL/LLN0$Status"
"2630","0.001381675","ipcas_21:73:33","143","0","1846","LIED10CTRL/LLN0$Status"
"2631","0.001660615","ipcas_21:73:33","143","0","1847","LIED10CTRL/LLN0$Status"
"2632","0.002046007","ipcas_21:73:33","143","0","1848","LIED10CTRL/LLN0$Status"
"2633","0.001886444","ipcas_21:73:33","143","0","1849","LIED10CTRL/LLN0$Status"
"2634","0.002094030","ipcas_21:73:33","143","0","1850","LIED10CTRL/LLN0$Status"
"2635","0.001920664","ipcas_21:73:33","143","0","1851","LIED10CTRL/LLN0$Status"
"2636","0.002069914","ipcas_21:73:33","143","0","1852","LIED10CTRL/LLN0$Status"
"2637","0.002039729","ipcas_21:73:33","143","0","1853","LIED10CTRL/LLN0$Status"
"2638","0.002090822","ipcas_21:73:33","143","0","1854","LIED10CTRL/LLN0$Status"
"2639","0.001865009","ipcas_21:73:33","143","0","1855","LIED10CTRL/LLN0$Status"
"2640","0.001972030","ipcas_21:73:33","143","0","1856","LIED10CTRL/LLN0$Status"
"2641","0.001952907","ipcas_21:73:33","143","0","1857","LIED10CTRL/LLN0$Status"
"2642","0.002097714","ipcas_21:73:33","143","0","1858","LIED10CTRL/LLN0$Status"
"2643","0.001903799","ipcas_21:73:33","143","0","1859","LIED10CTRL/LLN0$Status"
"2644","0.002079904","ipcas_21:73:33","143","0","1860","LIED10CTRL/LLN0$Status"
"2645","0.002032827","ipcas_21:73:33","143","0","1861","LIED10CTRL/LLN0$Status"
"2646","0.001966653","ipcas_21:73:33","143","0","1862","LIED10CTRL/LLN0$Status"
"2647","0.002007786","ipcas_21:73:33","143","0","1863","LIED10CTRL/LLN0$Status"
"2648","0.001984750","ipcas_21:73:33","143","0","1864","LIED10CTRL/LLN0$Status"
"2649","0.001944732","ipcas_21:73:33","143","0","1865","LIED10CTRL/LLN0$Status"
"2650","0.002093666","ipcas_21:73:33","143","0","1866","LIED10CTRL/LLN0$Status"
"2651","0.002037564","ipcas_21:73:33","143","0","1867","LIED10CTRL/LLN0$Status"
"2652","0.001976353","ipcas_21:73:33","143","0","1868","LIED10CTRL/LLN0$Status"
"2653","0.002134277","ipcas_21:73:33","143","0","1869","LIED10CTRL/LLN0$Status"
"2654","0.002030631","ipcas_21:73:33","143","0","1870","LIED10CTRL/LLN0$Status"
"2655","0.001894336","ipcas_21:73:33","143","0","1871","LIED10CTRL/LLN0$Status"
"2656","0.001816293","ipcas_21:73:33","143","0","1872","LIED10CTRL/LLN0$Status"
"2657","0.002300559","ipcas_21:73:33","143","0","1873","LIED10CTRL/LLN0$Status"
"2658","0.001715895","ipcas_21:73:33","143","0","1874","LIED10CTRL/LLN0$Status"
"2659","0.001968643","ipcas_21:73:33","143","0","1875","LIED10CTRL/LLN0$Status"
"2660","0.002004064","ipcas_21:73:33","143","0","1876","LIED10CTRL/LLN0$Status"
"2661","0.001987167","ipcas_21:73:33","143","0","1877","LIED10CTRL/LLN0$Status"
"2662","0.002052512","ipcas_21:73:33","143","0","1878","LIED10CTRL/LLN0$Status"
"2663","0.001950295","ipcas_21:73:33","143","0","1879","LIED10CTRL/LLN0$Status"
"2664","0.002043331","ipcas_21:73:33","143","0","1880","LIED10CTRL/LLN0$Status"
"2665","0.002156707","ipcas_21:73:33","143","0","1881","LIED10CTRL/LLN0$Status"
"2666","0.002178840","ipcas_21:73:33","143","0","1882","LIED10CTRL/LLN0$Status"
"2667","0.001948261","ipcas_21:73:33","143","0","1883","LIED10CTRL/LLN0$Status"
"2668","0.001692011","ipcas_21:73:33","143","0","1884","LIED10CTRL/LLN0$Status"
"2669","0.002114535","ipcas_21:73:33","143","0","1885","LIED10CTRL/LLN0$Status"
"2670","0.001948493","ipcas_21:73:33","143","0","1886","LIED10CTRL/LLN0$Status"
"2671","0.001185588","ipcas_21:73:33","143","0","1887","LIED10CTRL/LLN0$Status"
"2672","0.001859191","ipcas_21:73:33","143","0","1888","LIED10CTRL/LLN0$Status"
"2673","0.002027320","ipcas_21:73:33","143","0","1889","LIED10CTRL/LLN0$Status"
"2674","0.001911920","ipcas_21:73:33","143","0","1890","LIED10CTRL/LLN0$Status"
"2675","0.001919935","ipcas_21:73:33","143","0","1891","LIED10CTRL/LLN0$Status"
"2676","0.002034781","ipcas_21:73:33","143","0","1892","LIED10CTRL/LLN0$Status"
"2677","0.002081766","ipcas_21:73:33","143","0","1893","LIED10CTRL/LLN0$Status"
"2678","0.001969193","ipcas_21:73:33","143","0","1894","LIED10CTRL/LLN0$Status"
"2679","0.002054534","ipcas_21:73:33","143","0","1895","LIED10CTRL/LLN0$Status"
"2680","0.001927128","ipcas_21:73:33","143","0","1896","LIED10CTRL/LLN0$Status"
"2681","0.002074417","ipcas_21:73:33","143","0","1897","LIED10CTRL/LLN0$Status"
"2682","0.002040775","ipcas_21:73:33","143","0","1898","LIED10CTRL/LLN0$Status"
"2683","0.001976365","ipcas_21:73:33","143","0","1899","LIED10CTRL/LLN0$Status"
"2684","0.002017023","ipcas_21:73:33","143","0","1900","LIED10CTRL/LLN0$Status"
"2685","0.001960937","ipcas_21:73:33","143","0","1901","LIED10CTRL/LLN0$Status"
"2686","0.002035666","ipcas_21:73:33","143","0","1902","LIED10CTRL/LLN0$Status"
"2687","0.001929319","ipcas_21:73:33","143","0","1903","LIED10CTRL/LLN0$Status"
"2688","0.002157006","ipcas_21:73:33","143","0","1904","LIED10CTRL/LLN0$Status"
"2689","0.002035496","ipcas_21:73:33","143","0","1905","LIED10CTRL/LLN0$Status"
"2690","0.002018657","ipcas_21:73:33","143","0","1906","LIED10CTRL/LLN0$Status"
"2691","0.002368857","ipcas_21:73:33","143","0","1907","LIED10CTRL/LLN0$Status"
"2692","0.002054537","ipcas_21:73:33","143","0","1908","LIED10CTRL/LLN0$Status"
"2693","0.001679217","ipcas_21:73:33","143","0","1909","LIED10CTRL/LLN0$Status"
"2694","0.001726126","ipcas_21:73:33","143","0","1910","LIED10CTRL/LLN0$Status"
"2695","0.002185252","ipcas_21:73:33","143","0","1911","LIED10CTRL/LLN0$Status"
"2696","0.001865474","ipcas_21:73:33","143","0","1912","LIED10CTRL/LLN0$Status"
"2697","0.001858001","ipcas_21:73:33","143","0","1913","LIED10CTRL/LLN0$Status"
"2698","0.002467173","ipcas_21:73:33","143","0","1914","LIED10CTRL/LLN0$Status"
"2699","0.001618719","ipcas_21:73:33","143","0","1915","LIED10CTRL/LLN0$Status"
"2700","0.001901446","ipcas_21:73:33","143","0","1916","LIED10CTRL/LLN0$Status"
"2701","0.002473342","ipcas_21:73:33","143","0","1917","LIED10CTRL/LLN0$Status"
"2702","0.001631122","ipcas_21:73:33","143","0","1918","LIED10CTRL/LLN0$Status"
"2703","0.002111751","ipcas_21:73:33","143","0","1919","LIED10CTRL/LLN0$Status"
"2704","0.002149259","ipcas_21:73:33","143","0","1920","LIED10CTRL/LLN0$Status"
"2705","0.001758136","ipcas_21:73:33","143","0","1921","LIED10CTRL/LLN0$Status"
"2706","0.001844246","ipcas_21:73:33","143","0","1922","LIED10CTRL/LLN0$Status"
"2707","0.002102193","ipcas_21:73:33","143","0","1923","LIED10CTRL/LLN0$Status"
"2708","0.002046594","ipcas_21:73:33","143","0","1924","LIED10CTRL/LLN0$Status"
"2709","0.001934561","ipcas_21:73:33","143","0","1925","LIED10CTRL/LLN0$Status"
"2710","0.001935446","ipcas_21:73:33","143","0","1926","LIED10CTRL/LLN0$Status"
"2711","0.001991791","ipcas_21:73:33","143","0","1927","LIED10CTRL/LLN0$Status"
"2712","0.001999245","ipcas_21:73:33","143","0","1928","LIED10CTRL/LLN0$Status"
"2713","0.002069298","ipcas_21:73:33","143","0","1929","LIED10CTRL/LLN0$Status"
"2714","0.001908115","ipcas_21:73:33","143","0","1930","LIED10CTRL/LLN0$Status"
"2715","0.001985362","ipcas_21:73:33","143","0","1931","LIED10CTRL/LLN0$Status"
"2716","0.001985280","ipcas_21:73:33","143","0","1932","LIED10CTRL/LLN0$Status"
"2717","0.002049599","ipcas_21:73:33","143","0","1933","LIED10CTRL/LLN0$Status"
"2718","0.001951436","ipcas_21:73:33","143","0","1934","LIED10CTRL/LLN0$Status"
"2719","0.002089974","ipcas_21:73:33","143","0","1935","LIED10CTRL/LLN0$Status"
"2720","0.001969615","ipcas_21:73:33","143","0","1936","LIED10CTRL/LLN0$Status"
"2721","0.002036877","ipcas_21:73:33","143","0","1937","LIED10CTRL/LLN0$Status"
"2722","0.002016638","ipcas_21:73:33","143","0","1938","LIED10CTRL/LLN0$Status"
"2723","0.002005212","ipcas_21:73:33","143","0","1939","LIED10CTRL/LLN0$Status"
"2724","0.002020733","ipcas_21:73:33","143","0","1940","LIED10CTRL/LLN0$Status"
"2725","0.002017613","ipcas_21:73:33","143","0","1941","LIED10CTRL/LLN0$Status"
"2726","0.002017899","ipcas_21:73:33","143","0","1942","LIED10CTRL/LLN0$Status"
"2727","0.014388977","ipcas_21:73:33","143","0","1943","LIED10CTRL/LLN0$Status"
"2728","0.001512051","ipcas_21:73:33","143","0","1944","LIED10CTRL/LLN0$Status"
"2729","0.002124609","ipcas_21:73:33","143","0","1945","LIED10CTRL/LLN0$Status"
"2730","0.002011740","ipcas_21:73:33","143","0","1946","LIED10CTRL/LLN0$Status"
"2731","0.001460626","ipcas_21:73:33","143","0","1947","LIED10CTRL/LLN0$Status"
"2732","0.001515906","ipcas_21:73:33","143","0","1948","LIED10CTRL/LLN0$Status"
"2733","0.001900153","ipcas_21:73:33","143","0","1949","LIED10CTRL/LLN0$Status"
"2734","0.002080766","ipcas_21:73:33","143","0","1950","LIED10CTRL/LLN0$Status"
"2735","0.001867188","ipcas_21:73:33","143","0","1951","LIED10CTRL/LLN0$Status"
"2737","0.001996894","ipcas_21:73:33","143","0","1952","LIED10CTRL/LLN0$Status"
"2739","0.001660058","ipcas_21:73:33","143","0","1953","LIED10CTRL/LLN0$Status"
"2740","0.001307711","ipcas_21:73:33","143","0","1954","LIED10CTRL/LLN0$Status"
"2741","0.002005932","ipcas_21:73:33","143","0","1955","LIED10CTRL/LLN0$Status"
"2742","0.002044211","ipcas_21:73:33","143","0","1956","LIED10CTRL/LLN0$Status"
"2743","0.001976473","ipcas_21:73:33","143","0","1957","LIED10CTRL/LLN0$Status"
"2744","0.001647904","ipcas_21:73:33","143","0","1958","LIED10CTRL/LLN0$Status"
"2745","0.001337209","ipcas_21:73:33","143","0","1959","LIED10CTRL/LLN0$Status"
"2746","0.001993557","ipcas_21:73:33","143","0","1960","LIED10CTRL/LLN0$Status"
"2747","0.002058234","ipcas_21:73:33","143","0","1961","LIED10CTRL/LLN0$Status"
"2748","0.001926280","ipcas_21:73:33","143","0","1962","LIED10CTRL/LLN0$Status"
"2749","0.002029126","ipcas_21:73:33","143","0","1963","LIED10CTRL/LLN0$Status"
"2750","0.002013202","ipcas_21:73:33","143","0","1964","LIED10CTRL/LLN0$Status"
"2751","0.001971810","ipcas_21:73:33","143","0","1965","LIED10CTRL/LLN0$Status"
"2752","0.002318388","ipcas_21:73:33","143","0","1966","LIED10CTRL/LLN0$Status"
"2753","0.001673798","ipcas_21:73:33","143","0","1967","LIED10CTRL/LLN0$Status"
"2754","0.002000970","ipcas_21:73:33","143","0","1968","LIED10CTRL/LLN0$Status"
"2755","0.002032987","ipcas_21:73:33","143","0","1969","LIED10CTRL/LLN0$Status"
"2756","0.002027297","ipcas_21:73:33","143","0","1970","LIED10CTRL/LLN0$Status"
"2757","0.002006372","ipcas_21:73:33","143","0","1971","LIED10CTRL/LLN0$Status"
"2758","0.001577470","ipcas_21:73:33","143","0","1972","LIED10CTRL/LLN0$Status"
"2759","0.001833014","ipcas_21:73:33","143","0","1973","LIED10CTRL/LLN0$Status"
"2760","0.001552062","ipcas_21:73:33","143","0","1974","LIED10CTRL/LLN0$Status"
"2761","0.002074944","ipcas_21:73:33","143","0","1975","LIED10CTRL/LLN0$Status"
"2762","0.001814453","ipcas_21:73:33","143","0","1976","LIED10CTRL/LLN0$Status"
"2763","0.001081087","ipcas_21:73:33","143","0","1977","LIED10CTRL/LLN0$Status"
"2764","0.001979878","ipcas_21:73:33","143","0","1978","LIED10CTRL/LLN0$Status"
"2765","0.002972034","ipcas_21:73:33","143","0","1979","LIED10CTRL/LLN0$Status"
"2766","0.000308217","ipcas_21:73:33","143","0","1980","LIED10CTRL/LLN0$Status"
"2767","0.001313792","ipcas_21:73:33","143","0","1981","LIED10CTRL/LLN0$Status"
"2768","0.001162200","ipcas_21:73:33","143","0","1982","LIED10CTRL/LLN0$Status"
"2769","0.001625823","ipcas_21:73:33","143","0","1983","LIED10CTRL/LLN0$Status"
"2770","0.001673059","ipcas_21:73:33","143","0","1984","LIED10CTRL/LLN0$Status"
"2771","0.002057720","ipcas_21:73:33","143","0","1985","LIED10CTRL/LLN0$Status"
"2772","0.001900633","ipcas_21:73:33","143","0","1986","LIED10CTRL/LLN0$Status"
"2773","0.002030488","ipcas_21:73:33","143","0","1987","LIED10CTRL/LLN0$Status"
"2774","0.002013816","ipcas_21:73:33","143","0","1988","LIED10CTRL/LLN0$Status"
"2775","0.001422527","ipcas_21:73:33","143","0","1989","LIED10CTRL/LLN0$Status"
"2776","0.001546706","ipcas_21:73:33","143","0","1990","LIED10CTRL/LLN0$Status"
"2777","0.002050475","ipcas_21:73:33","143","0","1991","LIED10CTRL/LLN0$Status"
"2778","0.001937752","ipcas_21:73:33","143","0","1992","LIED10CTRL/LLN0$Status"
"2782","0.001872613","ipcas_21:73:33","143","0","1993","LIED10CTRL/LLN0$Status"
"2783","0.001143393","ipcas_21:73:33","143","0","1994","LIED10CTRL/LLN0$Status"
"2784","0.001978069","ipcas_21:73:33","143","0","1995","LIED10CTRL/LLN0$Status"
"2785","0.002042711","ipcas_21:73:33","143","0","1996","LIED10CTRL/LLN0$Status"
"2786","0.002141240","ipcas_21:73:33","143","0","1997","LIED10CTRL/LLN0$Status"
"2787","0.002091692","ipcas_21:73:33","143","0","1998","LIED10CTRL/LLN0$Status"
"2788","0.001369389","ipcas_21:73:33","143","0","1999","LIED10CTRL/LLN0$Status"
"2792","0.001366656","ipcas_21:73:33","143","0","2000","LIED10CTRL/LLN0$Status"
"2793","0.001995528","ipcas_21:73:33","143","0","2001","LIED10CTRL/LLN0$Status"
"2794","0.002028310","ipcas_21:73:33","143","0","2002","LIED10CTRL/LLN0$Status"
"2795","0.001970094","ipcas_21:73:33","143","0","2003","LIED10CTRL/LLN0$Status"
"2799","0.001769803","ipcas_21:73:33","143","0","2004","LIED10CTRL/LLN0$Status"
"2800","0.001246098","ipcas_21:73:33","143","0","2005","LIED10CTRL/LLN0$Status"
"2801","0.001997922","ipcas_21:73:33","143","0","2006","LIED10CTRL/LLN0$Status"
"2802","0.003381456","ipcas_21:73:33","143","0","2007","LIED10CTRL/LLN0$Status"
"2803","0.000784570","ipcas_21:73:33","143","0","2008","LIED10CTRL/LLN0$Status"
"2807","0.002051883","ipcas_21:73:33","143","0","2009","LIED10CTRL/LLN0$Status"
"2808","0.001775381","ipcas_21:73:33","143","0","2010","LIED10CTRL/LLN0$Status"
"2812","0.002148642","ipcas_21:73:33","143","0","2011","LIED10CTRL/LLN0$Status"
"2816","0.001708274","ipcas_21:73:33","143","0","2012","LIED10CTRL/LLN0$Status"
"2817","0.001156514","ipcas_21:73:33","143","0","2013","LIED10CTRL/LLN0$Status"
"2818","0.002027936","ipcas_21:73:33","143","0","2014","LIED10CTRL/LLN0$Status"
"2822","0.002030539","ipcas_21:73:33","143","0","2015","LIED10CTRL/LLN0$Status"
"2827","0.001156430","ipcas_21:73:33","143","0","2016","LIED10CTRL/LLN0$Status"
"2828","0.001756941","ipcas_21:73:33","143","0","2017","LIED10CTRL/LLN0$Status"
"2829","0.002092575","ipcas_21:73:33","143","0","2018","LIED10CTRL/LLN0$Status"
"2830","0.001957816","ipcas_21:73:33","143","0","2019","LIED10CTRL/LLN0$Status"
"2831","0.001844651","ipcas_21:73:33","143","0","2020","LIED10CTRL/LLN0$Status"
"2832","0.001626495","ipcas_21:73:33","143","0","2021","LIED10CTRL/LLN0$Status"
"2833","0.001501124","ipcas_21:73:33","143","0","2022","LIED10CTRL/LLN0$Status"
"2834","0.002118098","ipcas_21:73:33","143","0","2023","LIED10CTRL/LLN0$Status"
"2835","0.001905344","ipcas_21:73:33","143","0","2024","LIED10CTRL/LLN0$Status"
"2836","0.002349785","ipcas_21:73:33","143","0","2025","LIED10CTRL/LLN0$Status"
"2837","0.001686263","ipcas_21:73:33","143","0","2026","LIED10CTRL/LLN0$Status"
"2838","0.001983437","ipcas_21:73:33","143","0","2027","LIED10CTRL/LLN0$Status"
"2839","0.001973746","ipcas_21:73:33","143","0","2028","LIED10CTRL/LLN0$Status"
"2840","0.001973166","ipcas_21:73:33","143","0","2029","LIED10CTRL/LLN0$Status"
"2841","0.002146174","ipcas_21:73:33","143","0","2030","LIED10CTRL/LLN0$Status"
"2842","0.001883163","ipcas_21:73:33","143","0","2031","LIED10CTRL/LLN0$Status"
"2843","0.001460806","ipcas_21:73:33","143","0","2032","LIED10CTRL/LLN0$Status"
"2844","0.001349563","ipcas_21:73:33","143","0","2033","LIED10CTRL/LLN0$Status"
"2845","0.001370337","ipcas_21:73:33","143","0","2034","LIED10CTRL/LLN0$Status"
"2846","0.001392410","ipcas_21:73:33","143","0","2035","LIED10CTRL/LLN0$Status"
"2847","0.001750064","ipcas_21:73:33","143","0","2036","LIED10CTRL/LLN0$Status"
"2848","0.001654938","ipcas_21:73:33","143","0","2037","LIED10CTRL/LLN0$Status"
"2849","0.002092230","ipcas_21:73:33","143","0","2038","LIED10CTRL/LLN0$Status"
"2850","0.001877246","ipcas_21:73:33","143","0","2039","LIED10CTRL/LLN0$Status"
"2851","0.002052793","ipcas_21:73:33","143","0","2040","LIED10CTRL/LLN0$Status"
"2852","0.002100028","ipcas_21:73:33","143","0","2041","LIED10CTRL/LLN0$Status"
"2853","0.001892408","ipcas_21:73:33","143","0","2042","LIED10CTRL/LLN0$Status"
"2854","0.001963206","ipcas_21:73:33","143","0","2043","LIED10CTRL/LLN0$Status"
"2855","0.002117006","ipcas_21:73:33","143","0","2044","LIED10CTRL/LLN0$Status"
"2856","0.001927665","ipcas_21:73:33","143","0","2045","LIED10CTRL/LLN0$Status"
"2857","0.002014381","ipcas_21:73:33","143","0","2046","LIED10CTRL/LLN0$Status"
"2858","0.001935195","ipcas_21:73:33","143","0","2047","LIED10CTRL/LLN0$Status"
"2859","0.002063319","ipcas_21:73:33","143","0","2048","LIED10CTRL/LLN0$Status"
"2860","0.002243346","ipcas_21:73:33","143","0","2049","LIED10CTRL/LLN0$Status"
"2861","0.001741902","ipcas_21:73:33","143","0","2050","LIED10CTRL/LLN0$Status"
"2862","0.002070827","ipcas_21:73:33","143","0","2051","LIED10CTRL/LLN0$Status"
"2863","0.002097065","ipcas_21:73:33","143","0","2052","LIED10CTRL/LLN0$Status"
"2864","0.001871672","ipcas_21:73:33","143","0","2053","LIED10CTRL/LLN0$Status"
"2865","0.002349207","ipcas_21:73:33","143","0","2054","LIED10CTRL/LLN0$Status"
"2866","0.001612540","ipcas_21:73:33","143","0","2055","LIED10CTRL/LLN0$Status"
"2867","0.002002868","ipcas_21:73:33","143","0","2056","LIED10CTRL/LLN0$Status"
"2868","0.001991597","ipcas_21:73:33","143","0","2057","LIED10CTRL/LLN0$Status"
"2869","0.002007435","ipcas_21:73:33","143","0","2058","LIED10CTRL/LLN0$Status"
"2870","0.001988521","ipcas_21:73:33","143","0","2059","LIED10CTRL/LLN0$Status"
"2871","0.002008059","ipcas_21:73:33","143","0","2060","LIED10CTRL/LLN0$Status"
"2872","0.002170309","ipcas_21:73:33","143","0","2061","LIED10CTRL/LLN0$Status"
"2873","0.001951895","ipcas_21:73:33","143","0","2062","LIED10CTRL/LLN0$Status"
"2874","0.001995937","ipcas_21:73:33","143","0","2063","LIED10CTRL/LLN0$Status"
"2875","0.001963748","ipcas_21:73:33","143","0","2064","LIED10CTRL/LLN0$Status"
"2876","0.002076167","ipcas_21:73:33","143","0","2065","LIED10CTRL/LLN0$Status"
"2877","0.001981583","ipcas_21:73:33","143","0","2066","LIED10CTRL/LLN0$Status"
"2878","0.001974782","ipcas_21:73:33","143","0","2067","LIED10CTRL/LLN0$Status"
"2879","0.001971586","ipcas_21:73:33","143","0","2068","LIED10CTRL/LLN0$Status"
"2880","0.001922771","ipcas_21:73:33","143","0","2069","LIED10CTRL/LLN0$Status"
"2881","0.002069462","ipcas_21:73:33","143","0","2070","LIED10CTRL/LLN0$Status"
"2882","0.001974576","ipcas_21:73:33","143","0","2071","LIED10CTRL/LLN0$Status"
"2883","0.002026691","ipcas_21:73:33","143","0","2072","LIED10CTRL/LLN0$Status"
"2884","0.001955952","ipcas_21:73:33","143","0","2073","LIED10CTRL/LLN0$Status"
"2885","0.002312150","ipcas_21:73:33","143","0","2074","LIED10CTRL/LLN0$Status"
"2886","0.001718499","ipcas_21:73:33","143","0","2075","LIED10CTRL/LLN0$Status"
"2887","0.002002168","ipcas_21:73:33","143","0","2076","LIED10CTRL/LLN0$Status"
"2888","0.001979408","ipcas_21:73:33","143","0","2077","LIED10CTRL/LLN0$Status"
"2889","0.002002180","ipcas_21:73:33","143","0","2078","LIED10CTRL/LLN0$Status"
"2890","0.002101537","ipcas_21:73:33","143","0","2079","LIED10CTRL/LLN0$Status"
"2891","0.002059411","ipcas_21:73:33","143","0","2080","LIED10CTRL/LLN0$Status"
"2892","0.001954752","ipcas_21:73:33","143","0","2081","LIED10CTRL/LLN0$Status"
"2893","0.001921171","ipcas_21:73:33","143","0","2082","LIED10CTRL/LLN0$Status"
"2894","0.002641830","ipcas_21:73:33","143","0","2083","LIED10CTRL/LLN0$Status"
"2895","0.001454056","ipcas_21:73:33","143","0","2084","LIED10CTRL/LLN0$Status"
"2896","0.001973515","ipcas_21:73:33","143","0","2085","LIED10CTRL/LLN0$Status"
"2897","0.002354633","ipcas_21:73:33","143","0","2086","LIED10CTRL/LLN0$Status"
"2898","0.001669987","ipcas_21:73:33","143","0","2087","LIED10CTRL/LLN0$Status"
"2899","0.002199523","ipcas_21:73:33","143","0","2088","LIED10CTRL/LLN0$Status"
"2900","0.001766783","ipcas_21:73:33","143","0","2089","LIED10CTRL/LLN0$Status"
"2901","0.002022058","ipcas_21:73:33","143","0","2090","LIED10CTRL/LLN0$Status"
"2902","0.001986652","ipcas_21:73:33","143","0","2091","LIED10CTRL/LLN0$Status"
"2903","0.002109863","ipcas_21:73:33","143","0","2092","LIED10CTRL/LLN0$Status"
"2904","0.001882780","ipcas_21:73:33","143","0","2093","LIED10CTRL/LLN0$Status"
"2905","0.001995070","ipcas_21:73:33","143","0","2094","LIED10CTRL/LLN0$Status"
"2906","0.002001548","ipcas_21:73:33","143","0","2095","LIED10CTRL/LLN0$Status"
"2907","0.001999140","ipcas_21:73:33","143","0","2096","LIED10CTRL/LLN0$Status"
"2908","0.001970494","ipcas_21:73:33","143","0","2097","LIED10CTRL/LLN0$Status"
"2909","0.001940184","ipcas_21:73:33","143","0","2098","LIED10CTRL/LLN0$Status"
"2910","0.001964099","ipcas_21:73:33","143","0","2099","LIED10CTRL/LLN0$Status"
"2911","0.001995219","ipcas_21:73:33","143","0","2100","LIED10CTRL/LLN0$Status"
"2912","0.001978609","ipcas_21:73:33","143","0","2101","LIED10CTRL/LLN0$Status"
"2913","0.002122317","ipcas_21:73:33","143","0","2102","LIED10CTRL/LLN0$Status"
"2914","0.002132999","ipcas_21:73:33","143","0","2103","LIED10CTRL/LLN0$Status"
"2915","0.001798710","ipcas_21:73:33","143","0","2104","LIED10CTRL/LLN0$Status"
"2916","0.002069577","ipcas_21:73:33","143","0","2105","LIED10CTRL/LLN0$Status"
"2917","0.002095469","ipcas_21:73:33","143","0","2106","LIED10CTRL/LLN0$Status"
"2918","0.002098639","ipcas_21:73:33","143","0","2107","LIED10CTRL/LLN0$Status"
"2919","0.001865703","ipcas_21:73:33","143","0","2108","LIED10CTRL/LLN0$Status"
"2920","0.001959398","ipcas_21:73:33","143","0","2109","LIED10CTRL/LLN0$Status"
"2921","0.002006075","ipcas_21:73:33","143","0","2110","LIED10CTRL/LLN0$Status"
"2922","0.002121204","ipcas_21:73:33","143","0","2111","LIED10CTRL/LLN0$Status"
"2923","0.001954548","ipcas_21:73:33","143","0","2112","LIED10CTRL/LLN0$Status"
"2924","0.001839582","ipcas_21:73:33","143","0","2113","LIED10CTRL/LLN0$Status"
"2925","0.002152357","ipcas_21:73:33","143","0","2114","LIED10CTRL/LLN0$Status"
"2926","0.001935699","ipcas_21:73:33","143","0","2115","LIED10CTRL/LLN0$Status"
"2927","0.002053093","ipcas_21:73:33","143","0","2116","LIED10CTRL/LLN0$Status"
"2928","0.002063146","ipcas_21:73:33","143","0","2117","LIED10CTRL/LLN0$Status"
"2929","0.002231588","ipcas_21:73:33","143","0","2118","LIED10CTRL/LLN0$Status"
"2930","0.001575321","ipcas_21:73:33","143","0","2119","LIED10CTRL/LLN0$Status"
"2931","0.002057068","ipcas_21:73:33","143","0","2120","LIED10CTRL/LLN0$Status"
"2932","0.002072805","ipcas_21:73:33","143","0","2121","LIED10CTRL/LLN0$Status"
"2933","0.001894046","ipcas_21:73:33","143","0","2122","LIED10CTRL/LLN0$Status"
"2934","0.002077538","ipcas_21:73:33","143","0","2123","LIED10CTRL/LLN0$Status"
"2935","0.002074305","ipcas_21:73:33","143","0","2124","LIED10CTRL/LLN0$Status"
"2936","0.001816885","ipcas_21:73:33","143","0","2125","LIED10CTRL/LLN0$Status"
"2940","0.001976813","ipcas_21:73:33","143","0","2126","LIED10CTRL/LLN0$Status"
"2941","0.001987290","ipcas_21:73:33","143","0","2127","LIED10CTRL/LLN0$Status"
"2942","0.002251163","ipcas_21:73:33","143","0","2128","LIED10CTRL/LLN0$Status"
"2943","0.001747675","ipcas_21:73:33","143","0","2129","LIED10CTRL/LLN0$Status"
"2944","0.002112838","ipcas_21:73:33","143","0","2130","LIED10CTRL/LLN0$Status"
"2945","0.001968793","ipcas_21:73:33","143","0","2131","LIED10CTRL/LLN0$Status"
"2946","0.001914495","ipcas_21:73:33","143","0","2132","LIED10CTRL/LLN0$Status"
"2950","0.001962302","ipcas_21:73:33","143","0","2133","LIED10CTRL/LLN0$Status"
"2951","0.002131132","ipcas_21:73:33","143","0","2134","LIED10CTRL/LLN0$Status"
"2953","0.001868798","ipcas_21:73:33","143","0","2135","LIED10CTRL/LLN0$Status"
"2954","0.002057370","ipcas_21:73:33","143","0","2136","LIED10CTRL/LLN0$Status"
"2957","0.001184092","ipcas_21:73:33","143","0","2137","LIED10CTRL/LLN0$Status"
"2958","0.001939647","ipcas_21:73:33","143","0","2138","LIED10CTRL/LLN0$Status"
"2959","0.001883714","ipcas_21:73:33","143","0","2139","LIED10CTRL/LLN0$Status"
"2961","0.001136331","ipcas_21:73:33","143","0","2140","LIED10CTRL/LLN0$Status"
"2964","0.001965578","ipcas_21:73:33","143","0","2141","LIED10CTRL/LLN0$Status"
"2966","0.002033136","ipcas_21:73:33","143","0","2142","LIED10CTRL/LLN0$Status"
"2969","0.001877529","ipcas_21:73:33","143","0","2143","LIED10CTRL/LLN0$Status"
"2970","0.002053320","ipcas_21:73:33","143","0","2144","LIED10CTRL/LLN0$Status"
"2974","0.001182885","ipcas_21:73:33","143","0","2145","LIED10CTRL/LLN0$Status"
"2975","0.001771166","ipcas_21:73:33","143","0","2146","LIED10CTRL/LLN0$Status"
"2976","0.001958331","ipcas_21:73:33","143","0","2147","LIED10CTRL/LLN0$Status"
"2980","0.001220935","ipcas_21:73:33","143","0","2148","LIED10CTRL/LLN0$Status"
"2981","0.001876760","ipcas_21:73:33","143","0","2149","LIED10CTRL/LLN0$Status"
"2982","0.001994030","ipcas_21:73:33","143","0","2150","LIED10CTRL/LLN0$Status"
"2986","0.001893963","ipcas_21:73:33","143","0","2151","LIED10CTRL/LLN0$Status"
"2990","0.001672952","ipcas_21:73:33","143","0","2152","LIED10CTRL/LLN0$Status"
"2991","0.001474181","ipcas_21:73:33","143","0","2153","LIED10CTRL/LLN0$Status"
"2992","0.001870056","ipcas_21:73:33","143","0","2154","LIED10CTRL/LLN0$Status"
"2996","0.001286869","ipcas_21:73:33","143","0","2155","LIED10CTRL/LLN0$Status"
"2997","0.001698534","ipcas_21:73:33","143","0","2156","LIED10CTRL/LLN0$Status"
"2998","0.002093754","ipcas_21:73:33","143","0","2157","LIED10CTRL/LLN0$Status"
"2999","0.002026460","ipcas_21:73:33","143","0","2158","LIED10CTRL/LLN0$Status"
"3000","0.002042506","ipcas_21:73:33","143","0","2159","LIED10CTRL/LLN0$Status"
"3001","0.001909919","ipcas_21:73:33","143","0","2160","LIED10CTRL/LLN0$Status"
"3002","0.002044954","ipcas_21:73:33","143","0","2161","LIED10CTRL/LLN0$Status"
"3003","0.002063374","ipcas_21:73:33","143","0","2162","LIED10CTRL/LLN0$Status"
"3004","0.002004863","ipcas_21:73:33","143","0","2163","LIED10CTRL/LLN0$Status"
"3005","0.002004764","ipcas_21:73:33","143","0","2164","LIED10CTRL/LLN0$Status"
"3006","0.002001424","ipcas_21:73:33","143","0","2165","LIED10CTRL/LLN0$Status"
"3007","0.001986906","ipcas_21:73:33","143","0","2166","LIED10CTRL/LLN0$Status"
"3008","0.001989283","ipcas_21:73:33","143","0","2167","LIED10CTRL/LLN0$Status"
"3009","0.001931274","ipcas_21:73:33","143","0","2168","LIED10CTRL/LLN0$Status"
"3010","0.002051301","ipcas_21:73:33","143","0","2169","LIED10CTRL/LLN0$Status"
"3011","0.001995948","ipcas_21:73:33","143","0","2170","LIED10CTRL/LLN0$Status"
"3012","0.001954920","ipcas_21:73:33","143","0","2171","LIED10CTRL/LLN0$Status"
"3013","0.002047336","ipcas_21:73:33","143","0","2172","LIED10CTRL/LLN0$Status"
"3014","0.002186235","ipcas_21:73:33","143","0","2173","LIED10CTRL/LLN0$Status"
"3015","0.001811567","ipcas_21:73:33","143","0","2174","LIED10CTRL/LLN0$Status"
"3016","0.002157655","ipcas_21:73:33","143","0","2175","LIED10CTRL/LLN0$Status"
"3017","0.002049074","ipcas_21:73:33","143","0","2176","LIED10CTRL/LLN0$Status"
"3018","0.001938350","ipcas_21:73:33","143","0","2177","LIED10CTRL/LLN0$Status"
"3019","0.002288287","ipcas_21:73:33","143","0","2178","LIED10CTRL/LLN0$Status"
"3020","0.002677957","ipcas_21:73:33","143","0","2179","LIED10CTRL/LLN0$Status"
"3021","0.002374448","ipcas_21:73:33","143","0","2180","LIED10CTRL/LLN0$Status"
"3022","0.001480527","ipcas_21:73:33","143","0","2181","LIED10CTRL/LLN0$Status"
"3023","0.002085084","ipcas_21:73:33","143","0","2182","LIED10CTRL/LLN0$Status"
"3024","0.001832363","ipcas_21:73:33","143","0","2183","LIED10CTRL/LLN0$Status"
"3025","0.002125257","ipcas_21:73:33","143","0","2184","LIED10CTRL/LLN0$Status"
"3026","0.002017877","ipcas_21:73:33","143","0","2185","LIED10CTRL/LLN0$Status"
"3027","0.001923269","ipcas_21:73:33","143","0","2186","LIED10CTRL/LLN0$Status"
"3028","0.001902262","ipcas_21:73:33","143","0","2187","LIED10CTRL/LLN0$Status"
"3029","0.001963984","ipcas_21:73:33","143","0","2188","LIED10CTRL/LLN0$Status"
"3030","0.002016749","ipcas_21:73:33","143","0","2189","LIED10CTRL/LLN0$Status"
"3031","0.002118272","ipcas_21:73:33","143","0","2190","LIED10CTRL/LLN0$Status"
"3032","0.002026387","ipcas_21:73:33","143","0","2191","LIED10CTRL/LLN0$Status"
"3033","0.001969008","ipcas_21:73:33","143","0","2192","LIED10CTRL/LLN0$Status"
"3034","0.001952853","ipcas_21:73:33","143","0","2193","LIED10CTRL/LLN0$Status"
"3035","0.002043680","ipcas_21:73:33","143","0","2194","LIED10CTRL/LLN0$Status"
"3036","0.001909343","ipcas_21:73:33","143","0","2195","LIED10CTRL/LLN0$Status"
"3037","0.002420719","ipcas_21:73:33","143","0","2196","LIED10CTRL/LLN0$Status"
"3038","0.001602726","ipcas_21:73:33","143","0","2197","LIED10CTRL/LLN0$Status"
"3039","0.002069341","ipcas_21:73:33","143","0","2198","LIED10CTRL/LLN0$Status"
"3040","0.001968389","ipcas_21:73:33","143","0","2199","LIED10CTRL/LLN0$Status"
"3041","0.002057988","ipcas_21:73:33","143","0","2200","LIED10CTRL/LLN0$Status"
"3042","0.002034985","ipcas_21:73:33","143","0","2201","LIED10CTRL/LLN0$Status"
"3043","0.002035287","ipcas_21:73:33","143","0","2202","LIED10CTRL/LLN0$Status"
"3044","0.002023338","ipcas_21:73:33","143","0","2203","LIED10CTRL/LLN0$Status"
"3045","0.001855933","ipcas_21:73:33","143","0","2204","LIED10CTRL/LLN0$Status"
"3046","0.002015501","ipcas_21:73:33","143","0","2205","LIED10CTRL/LLN0$Status"
"3047","0.002114058","ipcas_21:73:33","143","0","2206","LIED10CTRL/LLN0$Status"
"3048","0.002249924","ipcas_21:73:33","143","0","2207","LIED10CTRL/LLN0$Status"
"3049","0.001621427","ipcas_21:73:33","143","0","2208","LIED10CTRL/LLN0$Status"
"3050","0.002092599","ipcas_21:73:33","143","0","2209","LIED10CTRL/LLN0$Status"
"3051","0.002151846","ipcas_21:73:33","143","0","2210","LIED10CTRL/LLN0$Status"
"3052","0.002018987","ipcas_21:73:33","143","0","2211","LIED10CTRL/LLN0$Status"
"3053","0.001992506","ipcas_21:73:33","143","0","2212","LIED10CTRL/LLN0$Status"
"3054","0.001989827","ipcas_21:73:33","143","0","2213","LIED10CTRL/LLN0$Status"
"3055","0.002033382","ipcas_21:73:33","143","0","2214","LIED10CTRL/LLN0$Status"
"3056","0.001813061","ipcas_21:73:33","143","0","2215","LIED10CTRL/LLN0$Status"
"3057","0.002097680","ipcas_21:73:33","143","0","2216","LIED10CTRL/LLN0$Status"
"3058","0.001933510","ipcas_21:73:33","143","0","2217","LIED10CTRL/LLN0$Status"
"3059","0.001964378","ipcas_21:73:33","143","0","2218","LIED10CTRL/LLN0$Status"
"3060","0.002135952","ipcas_21:73:33","143","0","2219","LIED10CTRL/LLN0$Status"
"3061","0.002025840","ipcas_21:73:33","143","0","2220","LIED10CTRL/LLN0$Status"
"3062","0.001975925","ipcas_21:73:33","143","0","2221","LIED10CTRL/LLN0$Status"
"3063","0.002009078","ipcas_21:73:33","143","0","2222","LIED10CTRL/LLN0$Status"
"3064","0.001883126","ipcas_21:73:33","143","0","2223","LIED10CTRL/LLN0$Status"
"3065","0.001831477","ipcas_21:73:33","143","0","2224","LIED10CTRL/LLN0$Status"
"3066","0.002308452","ipcas_21:73:33","143","0","2225","LIED10CTRL/LLN0$Status"
"3067","0.001931455","ipcas_21:73:33","143","0","2226","LIED10CTRL/LLN0$Status"
"3068","0.002679480","ipcas_21:73:33","143","0","2227","LIED10CTRL/LLN0$Status"
"3069","0.001441175","ipcas_21:73:33","143","0","2228","LIED10CTRL/LLN0$Status"
"3070","0.001688852","ipcas_21:73:33","143","0","2229","LIED10CTRL/LLN0$Status"
"3071","0.002709864","ipcas_21:73:33","143","0","2230","LIED10CTRL/LLN0$Status"
"3072","0.001385792","ipcas_21:73:33","143","0","2231","LIED10CTRL/LLN0$Status"
"3073","0.001951338","ipcas_21:73:33","143","0","2232","LIED10CTRL/LLN0$Status"
"3074","0.002033103","ipcas_21:73:33","143","0","2233","LIED10CTRL/LLN0$Status"
"3075","0.001901784","ipcas_21:73:33","143","0","2234","LIED10CTRL/LLN0$Status"
"3076","0.002204580","ipcas_21:73:33","143","0","2235","LIED10CTRL/LLN0$Status"
"3077","0.001801581","ipcas_21:73:33","143","0","2236","LIED10CTRL/LLN0$Status"
"3078","0.003504626","ipcas_21:73:33","143","0","2237","LIED10CTRL/LLN0$Status"
"3079","0.001811460","ipcas_21:73:33","143","0","2238","LIED10CTRL/LLN0$Status"
"3080","0.002231105","ipcas_21:73:33","143","0","2239","LIED10CTRL/LLN0$Status"
"3081","0.001496633","ipcas_21:73:33","143","0","2240","LIED10CTRL/LLN0$Status"
"3082","0.001994598","ipcas_21:73:33","143","0","2241","LIED10CTRL/LLN0$Status"
"3083","0.001946521","ipcas_21:73:33","143","0","2242","LIED10CTRL/LLN0$Status"
"3084","0.002395794","ipcas_21:73:33","143","0","2243","LIED10CTRL/LLN0$Status"
"3085","0.001597861","ipcas_21:73:33","143","0","2244","LIED10CTRL/LLN0$Status"
"3086","0.002035548","ipcas_21:73:33","143","0","2245","LIED10CTRL/LLN0$Status"
"3087","0.002311451","ipcas_21:73:33","143","0","2246","LIED10CTRL/LLN0$Status"
"3088","0.002139899","ipcas_21:73:33","143","0","2247","LIED10CTRL/LLN0$Status"
"3089","0.001699063","ipcas_21:73:33","143","0","2248","LIED10CTRL/LLN0$Status"
"3090","0.002028763","ipcas_21:73:33","143","0","2249","LIED10CTRL/LLN0$Status"
"3091","0.001916482","ipcas_21:73:33","143","0","2250","LIED10CTRL/LLN0$Status"
"3092","0.002002843","ipcas_21:73:33","143","0","2251","LIED10CTRL/LLN0$Status"
"3093","0.001909448","ipcas_21:73:33","143","0","2252","LIED10CTRL/LLN0$Status"
"3094","0.002062455","ipcas_21:73:33","143","0","2253","LIED10CTRL/LLN0$Status"
"3095","0.001969680","ipcas_21:73:33","143","0","2254","LIED10CTRL/LLN0$Status"
"3096","0.001997007","ipcas_21:73:33","143","0","2255","LIED10CTRL/LLN0$Status"
"3097","0.001938665","ipcas_21:73:33","143","0","2256","LIED10CTRL/LLN0$Status"
"3098","0.002204543","ipcas_21:73:33","143","0","2257","LIED10CTRL/LLN0$Status"
"3099","0.001877251","ipcas_21:73:33","143","0","2258","LIED10CTRL/LLN0$Status"
"3100","0.001957696","ipcas_21:73:33","143","0","2259","LIED10CTRL/LLN0$Status"
"3101","0.002194317","ipcas_21:73:33","143","0","2260","LIED10CTRL/LLN0$Status"
"3102","0.001920002","ipcas_21:73:33","143","0","2261","LIED10CTRL/LLN0$Status"
"3103","0.001998273","ipcas_21:73:33","143","0","2262","LIED10CTRL/LLN0$Status"
"3104","0.002378329","ipcas_21:73:33","143","0","2263","LIED10CTRL/LLN0$Status"
"3105","0.001732160","ipcas_21:73:33","143","0","2264","LIED10CTRL/LLN0$Status"
"3106","0.002003054","ipcas_21:73:33","143","0","2265","LIED10CTRL/LLN0$Status"
"3107","0.001998531","ipcas_21:73:33","143","0","2266","LIED10CTRL/LLN0$Status"
"3108","0.002150671","ipcas_21:73:33","143","0","2267","LIED10CTRL/LLN0$Status"
"3109","0.001578063","ipcas_21:73:33","143","0","2268","LIED10CTRL/LLN0$Status"
"3110","0.002017517","ipcas_21:73:33","143","0","2269","LIED10CTRL/LLN0$Status"
"3111","0.002106692","ipcas_21:73:33","143","0","2270","LIED10CTRL/LLN0$Status"
"3112","0.002018630","ipcas_21:73:33","143","0","2271","LIED10CTRL/LLN0$Status"
"3113","0.001980572","ipcas_21:73:33","143","0","2272","LIED10CTRL/LLN0$Status"
"3114","0.001981164","ipcas_21:73:33","143","0","2273","LIED10CTRL/LLN0$Status"
"3115","0.002206987","ipcas_21:73:33","143","0","2274","LIED10CTRL/LLN0$Status"
"3116","0.002322719","ipcas_21:73:33","143","0","2275","LIED10CTRL/LLN0$Status"
"3117","0.001930340","ipcas_21:73:33","143","0","2276","LIED10CTRL/LLN0$Status"
"3118","0.002568267","ipcas_21:73:33","143","0","2277","LIED10CTRL/LLN0$Status"
"3119","0.001816124","ipcas_21:73:33","143","0","2278","LIED10CTRL/LLN0$Status"
"3120","0.002193181","ipcas_21:73:33","143","0","2279","LIED10CTRL/LLN0$Status"
"3121","0.001963563","ipcas_21:73:33","143","0","2280","LIED10CTRL/LLN0$Status"
"3122","0.000811679","ipcas_21:73:33","143","0","2281","LIED10CTRL/LLN0$Status"
"3123","0.002013399","ipcas_21:73:33","143","0","2282","LIED10CTRL/LLN0$Status"
"3124","0.002336041","ipcas_21:73:33","143","0","2283","LIED10CTRL/LLN0$Status"
"3125","0.001439623","ipcas_21:73:33","143","0","2284","LIED10CTRL/LLN0$Status"
"3126","0.001856221","ipcas_21:73:33","143","0","2285","LIED10CTRL/LLN0$Status"
"3127","0.001583149","ipcas_21:73:33","143","0","2286","LIED10CTRL/LLN0$Status"
"3128","0.002908170","ipcas_21:73:33","143","0","2287","LIED10CTRL/LLN0$Status"
"3129","0.006829580","ipcas_21:73:33","143","0","2288","LIED10CTRL/LLN0$Status"
"3130","0.000003639","ipcas_21:73:33","143","0","2289","LIED10CTRL/LLN0$Status"
"3131","0.000054038","ipcas_21:73:33","143","0","2290","LIED10CTRL/LLN0$Status"
"3132","0.002025018","ipcas_21:73:33","143","0","2291","LIED10CTRL/LLN0$Status"
"3133","0.001773820","ipcas_21:73:33","143","0","2292","LIED10CTRL/LLN0$Status"
"3134","0.001218220","ipcas_21:73:33","143","0","2293","LIED10CTRL/LLN0$Status"
"3135","0.002004108","ipcas_21:73:33","143","0","2294","LIED10CTRL/LLN0$Status"
"3136","0.002260160","ipcas_21:73:33","143","0","2295","LIED10CTRL/LLN0$Status"
"3137","0.001768278","ipcas_21:73:33","143","0","2296","LIED10CTRL/LLN0$Status"
"3138","0.002187238","ipcas_21:73:33","143","0","2297","LIED10CTRL/LLN0$Status"
"3139","0.001896772","ipcas_21:73:33","143","0","2298","LIED10CTRL/LLN0$Status"
"3140","0.001889654","ipcas_21:73:33","143","0","2299","LIED10CTRL/LLN0$Status"
"3141","0.001976576","ipcas_21:73:33","143","0","2300","LIED10CTRL/LLN0$Status"
"3142","0.002217723","ipcas_21:73:33","143","0","2301","LIED10CTRL/LLN0$Status"
"3143","0.001965554","ipcas_21:73:33","143","0","2302","LIED10CTRL/LLN0$Status"
"3144","0.002770575","ipcas_21:73:33","143","0","2303","LIED10CTRL/LLN0$Status"
"3145","0.001998943","ipcas_21:73:33","143","0","2304","LIED10CTRL/LLN0$Status"
"3146","0.001368081","ipcas_21:73:33","143","0","2305","LIED10CTRL/LLN0$Status"
"3147","0.002553543","ipcas_21:73:33","143","0","2306","LIED10CTRL/LLN0$Status"
"3148","0.002354300","ipcas_21:73:33","143","0","2307","LIED10CTRL/LLN0$Status"
"3149","0.001788904","ipcas_21:73:33","143","0","2308","LIED10CTRL/LLN0$Status"
"3150","0.001984116","ipcas_21:73:33","143","0","2309","LIED10CTRL/LLN0$Status"
"3151","0.002013157","ipcas_21:73:33","143","0","2310","LIED10CTRL/LLN0$Status"
"3152","0.002058955","ipcas_21:73:33","143","0","2311","LIED10CTRL/LLN0$Status"
"3153","0.001934166","ipcas_21:73:33","143","0","2312","LIED10CTRL/LLN0$Status"
"3154","0.001995041","ipcas_21:73:33","143","0","2313","LIED10CTRL/LLN0$Status"
"3155","0.002051470","ipcas_21:73:33","143","0","2314","LIED10CTRL/LLN0$Status"
"3156","0.001968385","ipcas_21:73:33","143","0","2315","LIED10CTRL/LLN0$Status"
"3157","0.002023093","ipcas_21:73:33","143","0","2316","LIED10CTRL/LLN0$Status"
"3158","0.001984329","ipcas_21:73:33","143","0","2317","LIED10CTRL/LLN0$Status"
"3159","0.001997097","ipcas_21:73:33","143","0","2318","LIED10CTRL/LLN0$Status"
"3160","0.002004843","ipcas_21:73:33","143","0","2319","LIED10CTRL/LLN0$Status"
"3161","0.002086127","ipcas_21:73:33","143","0","2320","LIED10CTRL/LLN0$Status"
"3162","0.001983395","ipcas_21:73:33","143","0","2321","LIED10CTRL/LLN0$Status"
"3163","0.002072259","ipcas_21:73:33","143","0","2322","LIED10CTRL/LLN0$Status"
"3164","0.001993248","ipcas_21:73:33","143","0","2323","LIED10CTRL/LLN0$Status"
"3165","0.002011263","ipcas_21:73:33","143","0","2324","LIED10CTRL/LLN0$Status"
"3166","0.001906975","ipcas_21:73:33","143","0","2325","LIED10CTRL/LLN0$Status"
"3167","0.002300532","ipcas_21:73:33","143","0","2326","LIED10CTRL/LLN0$Status"
"3168","0.002152243","ipcas_21:73:33","143","0","2327","LIED10CTRL/LLN0$Status"
"3169","0.001816737","ipcas_21:73:33","143","0","2328","LIED10CTRL/LLN0$Status"
"3170","0.001752665","ipcas_21:73:33","143","0","2329","LIED10CTRL/LLN0$Status"
"3171","0.002041482","ipcas_21:73:33","143","0","2330","LIED10CTRL/LLN0$Status"
"3172","0.001985637","ipcas_21:73:33","143","0","2331","LIED10CTRL/LLN0$Status"
"3173","0.002027886","ipcas_21:73:33","143","0","2332","LIED10CTRL/LLN0$Status"
"3174","0.001983973","ipcas_21:73:33","143","0","2333","LIED10CTRL/LLN0$Status"
"3175","0.002003332","ipcas_21:73:33","143","0","2334","LIED10CTRL/LLN0$Status"
"3176","0.002094242","ipcas_21:73:33","143","0","2335","LIED10CTRL/LLN0$Status"
"3177","0.002001611","ipcas_21:73:33","143","0","2336","LIED10CTRL/LLN0$Status"
"3178","0.001997474","ipcas_21:73:33","143","0","2337","LIED10CTRL/LLN0$Status"
"3179","0.001983412","ipcas_21:73:33","143","0","2338","LIED10CTRL/LLN0$Status"
"3180","0.002085298","ipcas_21:73:33","143","0","2339","LIED10CTRL/LLN0$Status"
"3181","0.001916787","ipcas_21:73:33","143","0","2340","LIED10CTRL/LLN0$Status"
"3182","0.001995898","ipcas_21:73:33","143","0","2341","LIED10CTRL/LLN0$Status"
"3183","0.002002951","ipcas_21:73:33","143","0","2342","LIED10CTRL/LLN0$Status"
"3184","0.002041574","ipcas_21:73:33","143","0","2343","LIED10CTRL/LLN0$Status"
"3185","0.001960278","ipcas_21:73:33","143","0","2344","LIED10CTRL/LLN0$Status"
"3186","0.001997137","ipcas_21:73:33","143","0","2345","LIED10CTRL/LLN0$Status"
"3187","0.001986259","ipcas_21:73:33","143","0","2346","LIED10CTRL/LLN0$Status"
"3188","0.002459973","ipcas_21:73:33","143","0","2347","LIED10CTRL/LLN0$Status"
"3189","0.001542661","ipcas_21:73:33","143","0","2348","LIED10CTRL/LLN0$Status"
"3190","0.002010635","ipcas_21:73:33","143","0","2349","LIED10CTRL/LLN0$Status"
"3191","0.002001123","ipcas_21:73:33","143","0","2350","LIED10CTRL/LLN0$Status"
"3192","0.002176539","ipcas_21:73:33","143","0","2351","LIED10CTRL/LLN0$Status"
"3193","0.001857367","ipcas_21:73:33","143","0","2352","LIED10CTRL/LLN0$Status"
"3194","0.002268600","ipcas_21:73:33","143","0","2353","LIED10CTRL/LLN0$Status"
"3195","0.002047714","ipcas_21:73:33","143","0","2354","LIED10CTRL/LLN0$Status"
"3196","0.002321877","ipcas_21:73:33","143","0","2355","LIED10CTRL/LLN0$Status"
"3197","0.001417837","ipcas_21:73:33","143","0","2356","LIED10CTRL/LLN0$Status"
"3198","0.001933267","ipcas_21:73:33","143","0","2357","LIED10CTRL/LLN0$Status"
"3199","0.002001771","ipcas_21:73:33","143","0","2358","LIED10CTRL/LLN0$Status"
"3200","0.001995219","ipcas_21:73:33","143","0","2359","LIED10CTRL/LLN0$Status"
"3201","0.001857130","ipcas_21:73:33","143","0","2360","LIED10CTRL/LLN0$Status"
"3202","0.001952628","ipcas_21:73:33","143","0","2361","LIED10CTRL/LLN0$Status"
"3203","0.001992147","ipcas_21:73:33","143","0","2362","LIED10CTRL/LLN0$Status"
"3204","0.002242610","ipcas_21:73:33","143","0","2363","LIED10CTRL/LLN0$Status"
"3205","0.001964842","ipcas_21:73:33","143","0","2364","LIED10CTRL/LLN0$Status"
"3206","0.001980152","ipcas_21:73:33","143","0","2365","LIED10CTRL/LLN0$Status"
"3207","0.001999470","ipcas_21:73:33","143","0","2366","LIED10CTRL/LLN0$Status"
"3208","0.002044590","ipcas_21:73:33","143","0","2367","LIED10CTRL/LLN0$Status"
"3209","0.001964722","ipcas_21:73:33","143","0","2368","LIED10CTRL/LLN0$Status"
"3210","0.001970626","ipcas_21:73:33","143","0","2369","LIED10CTRL/LLN0$Status"
"3211","0.002020532","ipcas_21:73:33","143","0","2370","LIED10CTRL/LLN0$Status"
"3212","0.001949617","ipcas_21:73:33","143","0","2371","LIED10CTRL/LLN0$Status"
"3213","0.002053551","ipcas_21:73:33","143","0","2372","LIED10CTRL/LLN0$Status"
"3214","0.002000165","ipcas_21:73:33","143","0","2373","LIED10CTRL/LLN0$Status"
"3215","0.001797792","ipcas_21:73:33","143","0","2374","LIED10CTRL/LLN0$Status"
"3216","0.002296242","ipcas_21:73:33","143","0","2375","LIED10CTRL/LLN0$Status"
"3217","0.001910985","ipcas_21:73:33","143","0","2376","LIED10CTRL/LLN0$Status"
"3218","0.001992246","ipcas_21:73:33","143","0","2377","LIED10CTRL/LLN0$Status"
"3219","0.001989876","ipcas_21:73:33","143","0","2378","LIED10CTRL/LLN0$Status"
"3220","0.002029974","ipcas_21:73:33","143","0","2379","LIED10CTRL/LLN0$Status"
"3221","0.001952156","ipcas_21:73:33","143","0","2380","LIED10CTRL/LLN0$Status"
"3222","0.002324947","ipcas_21:73:33","143","0","2381","LIED10CTRL/LLN0$Status"
"3223","0.001719253","ipcas_21:73:33","143","0","2382","LIED10CTRL/LLN0$Status"
"3224","0.001975092","ipcas_21:73:33","143","0","2383","LIED10CTRL/LLN0$Status"
"3225","0.001989674","ipcas_21:73:33","143","0","2384","LIED10CTRL/LLN0$Status"
"3226","0.002203772","ipcas_21:73:33","143","0","2385","LIED10CTRL/LLN0$Status"
"3227","0.001783253","ipcas_21:73:33","143","0","2386","LIED10CTRL/LLN0$Status"
"3228","0.002029004","ipcas_21:73:33","143","0","2387","LIED10CTRL/LLN0$Status"
"3229","0.001997866","ipcas_21:73:33","143","0","2388","LIED10CTRL/LLN0$Status"
"3230","0.002071256","ipcas_21:73:33","143","0","2389","LIED10CTRL/LLN0$Status"
"3231","0.001879247","ipcas_21:73:33","143","0","2390","LIED10CTRL/LLN0$Status"
"3232","0.001888252","ipcas_21:73:33","143","0","2391","LIED10CTRL/LLN0$Status"
"3233","0.001982369","ipcas_21:73:33","143","0","2392","LIED10CTRL/LLN0$Status"
"3234","0.001257512","ipcas_21:73:33","143","0","2393","LIED10CTRL/LLN0$Status"
"3235","0.001813883","ipcas_21:73:33","143","0","2394","LIED10CTRL/LLN0$Status"
"3236","0.002037457","ipcas_21:73:33","143","0","2395","LIED10CTRL/LLN0$Status"
"3237","0.002021324","ipcas_21:73:33","143","0","2396","LIED10CTRL/LLN0$Status"
"3238","0.001954415","ipcas_21:73:33","143","0","2397","LIED10CTRL/LLN0$Status"
"3239","0.002004245","ipcas_21:73:33","143","0","2398","LIED10CTRL/LLN0$Status"
"3240","0.002083508","ipcas_21:73:33","143","0","2399","LIED10CTRL/LLN0$Status"
"3241","0.001857631","ipcas_21:73:33","143","0","2400","LIED10CTRL/LLN0$Status"
"3242","0.002047968","ipcas_21:73:33","143","0","2401","LIED10CTRL/LLN0$Status"
"3243","0.002002882","ipcas_21:73:33","143","0","2402","LIED10CTRL/LLN0$Status"
"3244","0.002031399","ipcas_21:73:33","143","0","2403","LIED10CTRL/LLN0$Status"
"3245","0.002057033","ipcas_21:73:33","143","0","2404","LIED10CTRL/LLN0$Status"
"3246","0.002029723","ipcas_21:73:33","143","0","2405","LIED10CTRL/LLN0$Status"
"3247","0.001881506","ipcas_21:73:33","143","0","2406","LIED10CTRL/LLN0$Status"
"3248","0.002035783","ipcas_21:73:33","143","0","2407","LIED10CTRL/LLN0$Status"
"3249","0.002089213","ipcas_21:73:33","143","0","2408","LIED10CTRL/LLN0$Status"
"3250","0.001992274","ipcas_21:73:33","143","0","2409","LIED10CTRL/LLN0$Status"
"3251","0.001960774","ipcas_21:73:33","143","0","2410","LIED10CTRL/LLN0$Status"
"3252","0.001095955","ipcas_21:73:33","143","0","2411","LIED10CTRL/LLN0$Status"
"3253","0.001965090","ipcas_21:73:33","143","0","2412","LIED10CTRL/LLN0$Status"
"3254","0.001865934","ipcas_21:73:33","143","0","2413","LIED10CTRL/LLN0$Status"
"3255","0.002007107","ipcas_21:73:33","143","0","2414","LIED10CTRL/LLN0$Status"
"3256","0.002001974","ipcas_21:73:33","143","0","2415","LIED10CTRL/LLN0$Status"
"3257","0.002184391","ipcas_21:73:33","143","0","2416","LIED10CTRL/LLN0$Status"
"3258","0.001976944","ipcas_21:73:33","143","0","2417","LIED10CTRL/LLN0$Status"
"3259","0.001824552","ipcas_21:73:33","143","0","2418","LIED10CTRL/LLN0$Status"
"3260","0.002002856","ipcas_21:73:33","143","0","2419","LIED10CTRL/LLN0$Status"
"3261","0.001996859","ipcas_21:73:33","143","0","2420","LIED10CTRL/LLN0$Status"
"3262","0.001928294","ipcas_21:73:33","143","0","2421","LIED10CTRL/LLN0$Status"
"3263","0.002239004","ipcas_21:73:33","143","0","2422","LIED10CTRL/LLN0$Status"
"3264","0.001971475","ipcas_21:73:33","143","0","2423","LIED10CTRL/LLN0$Status"
"3265","0.002301037","ipcas_21:73:33","143","0","2424","LIED10CTRL/LLN0$Status"
"3266","0.001527542","ipcas_21:73:33","143","0","2425","LIED10CTRL/LLN0$Status"
"3267","0.002009816","ipcas_21:73:33","143","0","2426","LIED10CTRL/LLN0$Status"
"3268","0.002102738","ipcas_21:73:33","143","0","2427","LIED10CTRL/LLN0$Status"
"3269","0.002585887","ipcas_21:73:33","143","0","2428","LIED10CTRL/LLN0$Status"
"3270","0.001880223","ipcas_21:73:33","143","0","2429","LIED10CTRL/LLN0$Status"
"3271","0.001515308","ipcas_21:73:33","143","0","2430","LIED10CTRL/LLN0$Status"
"3272","0.001955939","ipcas_21:73:33","143","0","2431","LIED10CTRL/LLN0$Status"
"3273","0.002006319","ipcas_21:73:33","143","0","2432","LIED10CTRL/LLN0$Status"
"3274","0.002048100","ipcas_21:73:33","143","0","2433","LIED10CTRL/LLN0$Status"
"3275","0.002190520","ipcas_21:73:33","143","0","2434","LIED10CTRL/LLN0$Status"
"3276","0.001804129","ipcas_21:73:33","143","0","2435","LIED10CTRL/LLN0$Status"
"3277","0.002027453","ipcas_21:73:33","143","0","2436","LIED10CTRL/LLN0$Status"
"3278","0.001933761","ipcas_21:73:33","143","0","2437","LIED10CTRL/LLN0$Status"
"3279","0.002079155","ipcas_21:73:33","143","0","2438","LIED10CTRL/LLN0$Status"
"3280","0.002048656","ipcas_21:73:33","143","0","2439","LIED10CTRL/LLN0$Status"
"3281","0.001835666","ipcas_21:73:33","143","0","2440","LIED10CTRL/LLN0$Status"
"3282","0.001953309","ipcas_21:73:33","143","0","2441","LIED10CTRL/LLN0$Status"
"3283","0.001969994","ipcas_21:73:33","143","0","2442","LIED10CTRL/LLN0$Status"
"3284","0.002021129","ipcas_21:73:33","143","0","2443","LIED10CTRL/LLN0$Status"
"3285","0.002041070","ipcas_21:73:33","143","0","2444","LIED10CTRL/LLN0$Status"
"3286","0.002030199","ipcas_21:73:33","143","0","2445","LIED10CTRL/LLN0$Status"
"3287","0.001905294","ipcas_21:73:33","143","0","2446","LIED10CTRL/LLN0$Status"
"3288","0.002008797","ipcas_21:73:33","143","0","2447","LIED10CTRL/LLN0$Status"
"3289","0.001991146","ipcas_21:73:33","143","0","2448","LIED10CTRL/LLN0$Status"
"3290","0.002015300","ipcas_21:73:33","143","0","2449","LIED10CTRL/LLN0$Status"
"3291","0.002022032","ipcas_21:73:33","143","0","2450","LIED10CTRL/LLN0$Status"
"3292","0.002130350","ipcas_21:73:33","143","0","2451","LIED10CTRL/LLN0$Status"
"3293","0.001844224","ipcas_21:73:33","143","0","2452","LIED10CTRL/LLN0$Status"
"3294","0.002095248","ipcas_21:73:33","143","0","2453","LIED10CTRL/LLN0$Status"
"3295","0.001982428","ipcas_21:73:33","143","0","2454","LIED10CTRL/LLN0$Status"
"3296","0.002052163","ipcas_21:73:33","143","0","2455","LIED10CTRL/LLN0$Status"
"3297","0.002184099","ipcas_21:73:33","143","0","2456","LIED10CTRL/LLN0$Status"
"3298","0.001727918","ipcas_21:73:33","143","0","2457","LIED10CTRL/LLN0$Status"
"3299","0.002019685","ipcas_21:73:33","143","0","2458","LIED10CTRL/LLN0$Status"
"3300","0.001975181","ipcas_21:73:33","143","0","2459","LIED10CTRL/LLN0$Status"
"3301","0.001977239","ipcas_21:73:33","143","0","2460","LIED10CTRL/LLN0$Status"
"3302","0.002085349","ipcas_21:73:33","143","0","2461","LIED10CTRL/LLN0$Status"
"3303","0.001913900","ipcas_21:73:33","143","0","2462","LIED10CTRL/LLN0$Status"
"3304","0.002031378","ipcas_21:73:33","143","0","2463","LIED10CTRL/LLN0$Status"
"3305","0.002085206","ipcas_21:73:33","143","0","2464","LIED10CTRL/LLN0$Status"
"3306","0.001883078","ipcas_21:73:33","143","0","2465","LIED10CTRL/LLN0$Status"
"3307","0.002047884","ipcas_21:73:33","143","0","2466","LIED10CTRL/LLN0$Status"
"3308","0.001968150","ipcas_21:73:33","143","0","2467","LIED10CTRL/LLN0$Status"
"3309","0.002041182","ipcas_21:73:33","143","0","2468","LIED10CTRL/LLN0$Status"
"3310","0.002200505","ipcas_21:73:33","143","0","2469","LIED10CTRL/LLN0$Status"
"3311","0.001828565","ipcas_21:73:33","143","0","2470","LIED10CTRL/LLN0$Status"
"3312","0.002094474","ipcas_21:73:33","143","0","2471","LIED10CTRL/LLN0$Status"
"3313","0.001905620","ipcas_21:73:33","143","0","2472","LIED10CTRL/LLN0$Status"
"3314","0.001973104","ipcas_21:73:33","143","0","2473","LIED10CTRL/LLN0$Status"
"3315","0.001981906","ipcas_21:73:33","143","0","2474","LIED10CTRL/LLN0$Status"
"3316","0.002077695","ipcas_21:73:33","143","0","2475","LIED10CTRL/LLN0$Status"
"3319","0.001993886","ipcas_21:73:33","143","0","2476","LIED10CTRL/LLN0$Status"
"3320","0.001495516","ipcas_21:73:33","143","0","2477","LIED10CTRL/LLN0$Status"
"3321","0.001548910","ipcas_21:73:33","143","0","2478","LIED10CTRL/LLN0$Status"
"3322","0.001941365","ipcas_21:73:33","143","0","2479","LIED10CTRL/LLN0$Status"
"3323","0.003509388","ipcas_21:73:33","143","0","2480","LIED10CTRL/LLN0$Status"
"3324","0.001044079","ipcas_21:73:33","143","0","2481","LIED10CTRL/LLN0$Status"
"3325","0.001711502","ipcas_21:73:33","143","0","2482","LIED10CTRL/LLN0$Status"
"3326","0.001688774","ipcas_21:73:33","143","0","2483","LIED10CTRL/LLN0$Status"
"3327","0.001987253","ipcas_21:73:33","143","0","2484","LIED10CTRL/LLN0$Status"
"3328","0.002181108","ipcas_21:73:33","143","0","2485","LIED10CTRL/LLN0$Status"
"3329","0.001926929","ipcas_21:73:33","143","0","2486","LIED10CTRL/LLN0$Status"
"3330","0.001930963","ipcas_21:73:33","143","0","2487","LIED10CTRL/LLN0$Status"
"3331","0.001883877","ipcas_21:73:33","143","0","2488","LIED10CTRL/LLN0$Status"
"3332","0.002257423","ipcas_21:73:33","143","0","2489","LIED10CTRL/LLN0$Status"
"3333","0.001770535","ipcas_21:73:33","143","0","2490","LIED10CTRL/LLN0$Status"
"3334","0.002147026","ipcas_21:73:33","143","0","2491","LIED10CTRL/LLN0$Status"
"3335","0.001945779","ipcas_21:73:33","143","0","2492","LIED10CTRL/LLN0$Status"
"3336","0.002019685","ipcas_21:73:33","143","0","2493","LIED10CTRL/LLN0$Status"
"3337","0.002004201","ipcas_21:73:33","143","0","2494","LIED10CTRL/LLN0$Status"
"3338","0.002004590","ipcas_21:73:33","143","0","2495","LIED10CTRL/LLN0$Status"
"3339","0.001876271","ipcas_21:73:33","143","0","2496","LIED10CTRL/LLN0$Status"
"3340","0.002000556","ipcas_21:73:33","143","0","2497","LIED10CTRL/LLN0$Status"
"3341","0.002009285","ipcas_21:73:33","143","0","2498","LIED10CTRL/LLN0$Status"
"3342","0.001988077","ipcas_21:73:33","143","0","2499","LIED10CTRL/LLN0$Status"
"3343","0.001985620","ipcas_21:73:33","143","0","2500","LIED10CTRL/LLN0$Status"
"3344","0.002042464","ipcas_21:73:33","143","0","2501","LIED10CTRL/LLN0$Status"
"3345","0.002107931","ipcas_21:73:33","143","0","2502","LIED10CTRL/LLN0$Status"
"3346","0.001990816","ipcas_21:73:33","143","0","2503","LIED10CTRL/LLN0$Status"
"3347","0.001971570","ipcas_21:73:33","143","0","2504","LIED10CTRL/LLN0$Status"
"3348","0.002096087","ipcas_21:73:33","143","0","2505","LIED10CTRL/LLN0$Status"
"3349","0.001993709","ipcas_21:73:33","143","0","2506","LIED10CTRL/LLN0$Status"
"3350","0.001859789","ipcas_21:73:33","143","0","2507","LIED10CTRL/LLN0$Status"
"3351","0.002064811","ipcas_21:73:33","143","0","2508","LIED10CTRL/LLN0$Status"
"3352","0.001331108","ipcas_21:73:33","143","0","2509","LIED10CTRL/LLN0$Status"
"3353","0.001652603","ipcas_21:73:33","143","0","2510","LIED10CTRL/LLN0$Status"
"3354","0.001987846","ipcas_21:73:33","143","0","2511","LIED10CTRL/LLN0$Status"
"3355","0.001964004","ipcas_21:73:33","143","0","2512","LIED10CTRL/LLN0$Status"
"3356","0.002118855","ipcas_21:73:33","143","0","2513","LIED10CTRL/LLN0$Status"
"3357","0.002001230","ipcas_21:73:33","143","0","2514","LIED10CTRL/LLN0$Status"
"3358","0.001321804","ipcas_21:73:33","143","0","2515","LIED10CTRL/LLN0$Status"
"3359","0.001545084","ipcas_21:73:33","143","0","2516","LIED10CTRL/LLN0$Status"
"3360","0.001997974","ipcas_21:73:33","143","0","2517","LIED10CTRL/LLN0$Status"
"3361","0.001975419","ipcas_21:73:33","143","0","2518","LIED10CTRL/LLN0$Status"
"3362","0.002037195","ipcas_21:73:33","143","0","2519","LIED10CTRL/LLN0$Status"
"3363","0.002093261","ipcas_21:73:33","143","0","2520","LIED10CTRL/LLN0$Status"
"3364","0.002089983","ipcas_21:73:33","143","0","2521","LIED10CTRL/LLN0$Status"
"3365","0.001858781","ipcas_21:73:33","143","0","2522","LIED10CTRL/LLN0$Status"
"3366","0.001963161","ipcas_21:73:33","143","0","2523","LIED10CTRL/LLN0$Status"
"3367","0.001931496","ipcas_21:73:33","143","0","2524","LIED10CTRL/LLN0$Status"
"3368","0.002045603","ipcas_21:73:33","143","0","2525","LIED10CTRL/LLN0$Status"
"3369","0.001963939","ipcas_21:73:33","143","0","2526","LIED10CTRL/LLN0$Status"
"3373","0.001116072","ipcas_21:73:33","143","0","2527","LIED10CTRL/LLN0$Status"
"3374","0.001893007","ipcas_21:73:33","143","0","2528","LIED10CTRL/LLN0$Status"
"3375","0.002001354","ipcas_21:73:33","143","0","2529","LIED10CTRL/LLN0$Status"
"3376","0.002006071","ipcas_21:73:33","143","0","2530","LIED10CTRL/LLN0$Status"
"3377","0.001988742","ipcas_21:73:33","143","0","2531","LIED10CTRL/LLN0$Status"
"3381","0.001370099","ipcas_21:73:33","143","0","2532","LIED10CTRL/LLN0$Status"
"3383","0.002214546","ipcas_21:73:33","143","0","2533","LIED10CTRL/LLN0$Status"
"3385","0.000643541","ipcas_21:73:33","143","0","2534","LIED10CTRL/LLN0$Status"
"3386","0.001837417","ipcas_21:73:33","143","0","2535","LIED10CTRL/LLN0$Status"
"3387","0.002863236","ipcas_21:73:33","143","0","2536","LIED10CTRL/LLN0$Status"
"3391","0.001492618","ipcas_21:73:33","143","0","2537","LIED10CTRL/LLN0$Status"
"3392","0.001919686","ipcas_21:73:33","143","0","2538","LIED10CTRL/LLN0$Status"
"3393","0.001902962","ipcas_21:73:33","143","0","2539","LIED10CTRL/LLN0$Status"
"3394","0.001974453","ipcas_21:73:33","143","0","2540","LIED10CTRL/LLN0$Status"
"3395","0.001966443","ipcas_21:73:33","143","0","2541","LIED10CTRL/LLN0$Status"
"3399","0.001085749","ipcas_21:73:33","143","0","2542","LIED10CTRL/LLN0$Status"
"3400","0.001837490","ipcas_21:73:33","143","0","2543","LIED10CTRL/LLN0$Status"
"3404","0.001900436","ipcas_21:73:33","143","0","2544","LIED10CTRL/LLN0$Status"
"3408","0.002252987","ipcas_21:73:33","143","0","2545","LIED10CTRL/LLN0$Status"
"3409","0.001748462","ipcas_21:73:33","143","0","2546","LIED10CTRL/LLN0$Status"
"3415","0.002254682","ipcas_21:73:33","143","0","2547","LIED10CTRL/LLN0$Status"
"3416","0.001793802","ipcas_21:73:33","143","0","2548","LIED10CTRL/LLN0$Status"
"3417","0.001962330","ipcas_21:73:33","143","0","2549","LIED10CTRL/LLN0$Status"
"3418","0.002004644","ipcas_21:73:33","143","0","2550","LIED10CTRL/LLN0$Status"
"3419","0.002362699","ipcas_21:73:33","143","0","2551","LIED10CTRL/LLN0$Status"
"3420","0.001599558","ipcas_21:73:33","143","0","2552","LIED10CTRL/LLN0$Status"
"3421","0.002057580","ipcas_21:73:33","143","0","2553","LIED10CTRL/LLN0$Status"
"3422","0.002050579","ipcas_21:73:33","143","0","2554","LIED10CTRL/LLN0$Status"
"3423","0.002080009","ipcas_21:73:33","143","0","2555","LIED10CTRL/LLN0$Status"
"3424","0.002831699","ipcas_21:73:33","143","0","2556","LIED10CTRL/LLN0$Status"
"3425","0.001921367","ipcas_21:73:33","143","0","2557","LIED10CTRL/LLN0$Status"
"3426","0.001210316","ipcas_21:73:33","143","0","2558","LIED10CTRL/LLN0$Status"
"3427","0.001443966","ipcas_21:73:33","143","0","2559","LIED10CTRL/LLN0$Status"
"3428","0.001461585","ipcas_21:73:33","143","0","2560","LIED10CTRL/LLN0$Status"
"3429","0.002085435","ipcas_21:73:33","143","0","2561","LIED10CTRL/LLN0$Status"
"3430","0.001916335","ipcas_21:73:33","143","0","2562","LIED10CTRL/LLN0$Status"
"3431","0.001992983","ipcas_21:73:33","143","0","2563","LIED10CTRL/LLN0$Status"
"3432","0.001965895","ipcas_21:73:33","143","0","2564","LIED10CTRL/LLN0$Status"
"3433","0.002048748","ipcas_21:73:33","143","0","2565","LIED10CTRL/LLN0$Status"
"3434","0.002163545","ipcas_21:73:33","143","0","2566","LIED10CTRL/LLN0$Status"
"3435","0.001803927","ipcas_21:73:33","143","0","2567","LIED10CTRL/LLN0$Status"
"3436","0.001988514","ipcas_21:73:33","143","0","2568","LIED10CTRL/LLN0$Status"
"3437","0.002115971","ipcas_21:73:33","143","0","2569","LIED10CTRL/LLN0$Status"
"3438","0.001904234","ipcas_21:73:33","143","0","2570","LIED10CTRL/LLN0$Status"
"3439","0.001973226","ipcas_21:73:33","143","0","2571","LIED10CTRL/LLN0$Status"
"3440","0.002098370","ipcas_21:73:33","143","0","2572","LIED10CTRL/LLN0$Status"
"3441","0.002006046","ipcas_21:73:33","143","0","2573","LIED10CTRL/LLN0$Status"
"3442","0.001909347","ipcas_21:73:33","143","0","2574","LIED10CTRL/LLN0$Status"
"3443","0.002087536","ipcas_21:73:33","143","0","2575","LIED10CTRL/LLN0$Status"
"3444","0.001883318","ipcas_21:73:33","143","0","2576","LIED10CTRL/LLN0$Status"
"3445","0.002041029","ipcas_21:73:33","143","0","2577","LIED10CTRL/LLN0$Status"
"3446","0.001949205","ipcas_21:73:33","143","0","2578","LIED10CTRL/LLN0$Status"
"3447","0.002175846","ipcas_21:73:33","143","0","2579","LIED10CTRL/LLN0$Status"
"3448","0.001983074","ipcas_21:73:33","143","0","2580","LIED10CTRL/LLN0$Status"
"3449","0.001996670","ipcas_21:73:33","143","0","2581","LIED10CTRL/LLN0$Status"
"3450","0.002030698","ipcas_21:73:33","143","0","2582","LIED10CTRL/LLN0$Status"
"3451","0.001923750","ipcas_21:73:33","143","0","2583","LIED10CTRL/LLN0$Status"
"3452","0.001979688","ipcas_21:73:33","143","0","2584","LIED10CTRL/LLN0$Status"
"3453","0.002197079","ipcas_21:73:33","143","0","2585","LIED10CTRL/LLN0$Status"
"3454","0.001980185","ipcas_21:73:33","143","0","2586","LIED10CTRL/LLN0$Status"
"3455","0.001854841","ipcas_21:73:33","143","0","2587","LIED10CTRL/LLN0$Status"
"3456","0.001989294","ipcas_21:73:33","143","0","2588","LIED10CTRL/LLN0$Status"
"3457","0.002127405","ipcas_21:73:33","143","0","2589","LIED10CTRL/LLN0$Status"
"3458","0.002079993","ipcas_21:73:33","143","0","2590","LIED10CTRL/LLN0$Status"
"3459","0.001905998","ipcas_21:73:33","143","0","2591","LIED10CTRL/LLN0$Status"
"3460","0.001950280","ipcas_21:73:33","143","0","2592","LIED10CTRL/LLN0$Status"
"3461","0.002059553","ipcas_21:73:33","143","0","2593","LIED10CTRL/LLN0$Status"
"3462","0.002019280","ipcas_21:73:33","143","0","2594","LIED10CTRL/LLN0$Status"
"3463","0.001939513","ipcas_21:73:33","143","0","2595","LIED10CTRL/LLN0$Status"
"3464","0.002151769","ipcas_21:73:33","143","0","2596","LIED10CTRL/LLN0$Status"
"3465","0.001783552","ipcas_21:73:33","143","0","2597","LIED10CTRL/LLN0$Status"
"3466","0.002066828","ipcas_21:73:33","143","0","2598","LIED10CTRL/LLN0$Status"
"3467","0.001929189","ipcas_21:73:33","143","0","2599","LIED10CTRL/LLN0$Status"
"3468","0.002081133","ipcas_21:73:33","143","0","2600","LIED10CTRL/LLN0$Status"
"3469","0.001829069","ipcas_21:73:33","143","0","2601","LIED10CTRL/LLN0$Status"
"3470","0.002074125","ipcas_21:73:33","143","0","2602","LIED10CTRL/LLN0$Status"
"3471","0.002187926","ipcas_21:73:33","143","0","2603","LIED10CTRL/LLN0$Status"
"3472","0.002011046","ipcas_21:73:33","143","0","2604","LIED10CTRL/LLN0$Status"
"3473","0.001905598","ipcas_21:73:33","143","0","2605","LIED10CTRL/LLN0$Status"
"3474","0.002095064","ipcas_21:73:33","143","0","2606","LIED10CTRL/LLN0$Status"
"3475","0.001849679","ipcas_21:73:33","143","0","2607","LIED10CTRL/LLN0$Status"
"3476","0.001950292","ipcas_21:73:33","143","0","2608","LIED10CTRL/LLN0$Status"
"3477","0.002135153","ipcas_21:73:33","143","0","2609","LIED10CTRL/LLN0$Status"
"3478","0.002087841","ipcas_21:73:33","143","0","2610","LIED10CTRL/LLN0$Status"
"3479","0.001858620","ipcas_21:73:33","143","0","2611","LIED10CTRL/LLN0$Status"
"3480","0.001996078","ipcas_21:73:33","143","0","2612","LIED10CTRL/LLN0$Status"
"3481","0.002027053","ipcas_21:73:33","143","0","2613","LIED10CTRL/LLN0$Status"
"3482","0.001894770","ipcas_21:73:33","143","0","2614","LIED10CTRL/LLN0$Status"
"3483","0.002283070","ipcas_21:73:33","143","0","2615","LIED10CTRL/LLN0$Status"
"3484","0.001824584","ipcas_21:73:33","143","0","2616","LIED10CTRL/LLN0$Status"
"3485","0.001863598","ipcas_21:73:33","143","0","2617","LIED10CTRL/LLN0$Status"
"3486","0.002270273","ipcas_21:73:33","143","0","2618","LIED10CTRL/LLN0$Status"
"3487","0.001873737","ipcas_21:73:33","143","0","2619","LIED10CTRL/LLN0$Status"
"3488","0.001912866","ipcas_21:73:33","143","0","2620","LIED10CTRL/LLN0$Status"
"3489","0.002099963","ipcas_21:73:33","143","0","2621","LIED10CTRL/LLN0$Status"
"3490","0.002141904","ipcas_21:73:33","143","0","2622","LIED10CTRL/LLN0$Status"
"3491","0.001814136","ipcas_21:73:33","143","0","2623","LIED10CTRL/LLN0$Status"
"3492","0.002145558","ipcas_21:73:33","143","0","2624","LIED10CTRL/LLN0$Status"
"3493","0.002085694","ipcas_21:73:33","143","0","2625","LIED10CTRL/LLN0$Status"
"3494","0.001763221","ipcas_21:73:33","143","0","2626","LIED10CTRL/LLN0$Status"
"3495","0.001935249","ipcas_21:73:33","143","0","2627","LIED10CTRL/LLN0$Status"
"3496","0.002212319","ipcas_21:73:33","143","0","2628","LIED10CTRL/LLN0$Status"
"3497","0.001936572","ipcas_21:73:33","143","0","2629","LIED10CTRL/LLN0$Status"
"3498","0.001924370","ipcas_21:73:33","143","0","2630","LIED10CTRL/LLN0$Status"
"3499","0.001918007","ipcas_21:73:33","143","0","2631","LIED10CTRL/LLN0$Status"
"3500","0.002220535","ipcas_21:73:33","143","0","2632","LIED10CTRL/LLN0$Status"
"3501","0.001812754","ipcas_21:73:33","143","0","2633","LIED10CTRL/LLN0$Status"
"3502","0.001941337","ipcas_21:73:33","143","0","2634","LIED10CTRL/LLN0$Status"
"3503","0.001987913","ipcas_21:73:33","143","0","2635","LIED10CTRL/LLN0$Status"
"3504","0.002125310","ipcas_21:73:33","143","0","2636","LIED10CTRL/LLN0$Status"
"3505","0.001892181","ipcas_21:73:33","143","0","2637","LIED10CTRL/LLN0$Status"
"3506","0.002290659","ipcas_21:73:33","143","0","2638","LIED10CTRL/LLN0$Status"
"3507","0.001801792","ipcas_21:73:33","143","0","2639","LIED10CTRL/LLN0$Status"
"3508","0.001885526","ipcas_21:73:33","143","0","2640","LIED10CTRL/LLN0$Status"
"3509","0.002093776","ipcas_21:73:33","143","0","2641","LIED10CTRL/LLN0$Status"
"3510","0.002242093","ipcas_21:73:33","143","0","2642","LIED10CTRL/LLN0$Status"
"3511","0.001666305","ipcas_21:73:33","143","0","2643","LIED10CTRL/LLN0$Status"
"3512","0.001995540","ipcas_21:73:33","143","0","2644","LIED10CTRL/LLN0$Status"
"3513","0.002034243","ipcas_21:73:33","143","0","2645","LIED10CTRL/LLN0$Status"
"3514","0.002089488","ipcas_21:73:33","143","0","2646","LIED10CTRL/LLN0$Status"
"3515","0.002023713","ipcas_21:73:33","143","0","2647","LIED10CTRL/LLN0$Status"
"3516","0.002096674","ipcas_21:73:33","143","0","2648","LIED10CTRL/LLN0$Status"
"3517","0.001923756","ipcas_21:73:33","143","0","2649","LIED10CTRL/LLN0$Status"
"3518","0.001982657","ipcas_21:73:33","143","0","2650","LIED10CTRL/LLN0$Status"
"3519","0.002116728","ipcas_21:73:33","143","0","2651","LIED10CTRL/LLN0$Status"
"3520","0.001861014","ipcas_21:73:33","143","0","2652","LIED10CTRL/LLN0$Status"
"3521","0.002111725","ipcas_21:73:33","143","0","2653","LIED10CTRL/LLN0$Status"
"3522","0.001905484","ipcas_21:73:33","143","0","2654","LIED10CTRL/LLN0$Status"
"3523","0.001997003","ipcas_21:73:33","143","0","2655","LIED10CTRL/LLN0$Status"
"3524","0.002019888","ipcas_21:73:33","143","0","2656","LIED10CTRL/LLN0$Status"
"3525","0.001944506","ipcas_21:73:33","143","0","2657","LIED10CTRL/LLN0$Status"
"3526","0.002273139","ipcas_21:73:33","143","0","2658","LIED10CTRL/LLN0$Status"
"3527","0.001786760","ipcas_21:73:33","143","0","2659","LIED10CTRL/LLN0$Status"
"3529","0.002434840","ipcas_21:73:33","143","0","2660","LIED10CTRL/LLN0$Status"
"3532","0.001570997","ipcas_21:73:33","143","0","2661","LIED10CTRL/LLN0$Status"
"3535","0.002578044","ipcas_21:73:33","143","0","2662","LIED10CTRL/LLN0$Status"
"3537","0.001416213","ipcas_21:73:33","143","0","2663","LIED10CTRL/LLN0$Status"
"3538","0.002183061","ipcas_21:73:33","143","0","2664","LIED10CTRL/LLN0$Status"
"3542","0.001843468","ipcas_21:73:33","143","0","2665","LIED10CTRL/LLN0$Status"
"3543","0.001937064","ipcas_21:73:33","143","0","2666","LIED10CTRL/LLN0$Status"
"3547","0.002250362","ipcas_21:73:33","143","0","2667","LIED10CTRL/LLN0$Status"
"3548","0.001908600","ipcas_21:73:33","143","0","2668","LIED10CTRL/LLN0$Status"
"3552","0.001380215","ipcas_21:73:33","143","0","2669","LIED10CTRL/LLN0$Status"
"3553","0.001567938","ipcas_21:73:33","143","0","2670","LIED10CTRL/LLN0$Status"
"3554","0.002046769","ipcas_21:73:33","143","0","2671","LIED10CTRL/LLN0$Status"
"3555","0.001885904","ipcas_21:73:33","143","0","2672","LIED10CTRL/LLN0$Status"
"3556","0.002096249","ipcas_21:73:33","143","0","2673","LIED10CTRL/LLN0$Status"
"3558","0.001529517","ipcas_21:73:33","143","0","2674","LIED10CTRL/LLN0$Status"
"3561","0.001225755","ipcas_21:73:33","143","0","2675","LIED10CTRL/LLN0$Status"
"3562","0.002017243","ipcas_21:73:33","143","0","2676","LIED10CTRL/LLN0$Status"
"3563","0.002204981","ipcas_21:73:33","143","0","2677","LIED10CTRL/LLN0$Status"
"3564","0.001920088","ipcas_21:73:33","143","0","2678","LIED10CTRL/LLN0$Status"
"3568","0.001457644","ipcas_21:73:33","143","0","2679","LIED10CTRL/LLN0$Status"
"3569","0.001499026","ipcas_21:73:33","143","0","2680","LIED10CTRL/LLN0$Status"
"3570","0.002027640","ipcas_21:73:33","143","0","2681","LIED10CTRL/LLN0$Status"
"3574","0.001433231","ipcas_21:73:33","143","0","2682","LIED10CTRL/LLN0$Status"
"3575","0.001584924","ipcas_21:73:33","143","0","2683","LIED10CTRL/LLN0$Status"
"3579","0.001301775","ipcas_21:73:33","143","0","2684","LIED10CTRL/LLN0$Status"
"3580","0.002089361","ipcas_21:73:33","143","0","2685","LIED10CTRL/LLN0$Status"
"3584","0.001678642","ipcas_21:73:33","143","0","2686","LIED10CTRL/LLN0$Status"
"3585","0.001895926","ipcas_21:73:33","143","0","2687","LIED10CTRL/LLN0$Status"
"3586","0.002425388","ipcas_21:73:33","143","0","2688","LIED10CTRL/LLN0$Status"
"3587","0.001770390","ipcas_21:73:33","143","0","2689","LIED10CTRL/LLN0$Status"
"3588","0.002062955","ipcas_21:73:33","143","0","2690","LIED10CTRL/LLN0$Status"
"3589","0.001792621","ipcas_21:73:33","143","0","2691","LIED10CTRL/LLN0$Status"
"3590","0.001957222","ipcas_21:73:33","143","0","2692","LIED10CTRL/LLN0$Status"
"3591","0.002002773","ipcas_21:73:33","143","0","2693","LIED10CTRL/LLN0$Status"
"3592","0.001987164","ipcas_21:73:33","143","0","2694","LIED10CTRL/LLN0$Status"
"3593","0.002114730","ipcas_21:73:33","143","0","2695","LIED10CTRL/LLN0$Status"
"3594","0.001932350","ipcas_21:73:33","143","0","2696","LIED10CTRL/LLN0$Status"
"3595","0.002117116","ipcas_21:73:33","143","0","2697","LIED10CTRL/LLN0$Status"
"3596","0.001875113","ipcas_21:73:33","143","0","2698","LIED10CTRL/LLN0$Status"
"3597","0.001999096","ipcas_21:73:33","143","0","2699","LIED10CTRL/LLN0$Status"
"3598","0.002002553","ipcas_21:73:33","143","0","2700","LIED10CTRL/LLN0$Status"
"3599","0.002004816","ipcas_21:73:33","143","0","2701","LIED10CTRL/LLN0$Status"
"3600","0.002212970","ipcas_21:73:33","143","0","2702","LIED10CTRL/LLN0$Status"
"3601","0.002076373","ipcas_21:73:33","143","0","2703","LIED10CTRL/LLN0$Status"
"3602","0.001708994","ipcas_21:73:33","143","0","2704","LIED10CTRL/LLN0$Status"
"3603","0.002478628","ipcas_21:73:33","143","0","2705","LIED10CTRL/LLN0$Status"
"3604","0.001517694","ipcas_21:73:33","143","0","2706","LIED10CTRL/LLN0$Status"
"3605","0.001948232","ipcas_21:73:33","143","0","2707","LIED10CTRL/LLN0$Status"
"3606","0.002407652","ipcas_21:73:33","143","0","2708","LIED10CTRL/LLN0$Status"
"3607","0.001702272","ipcas_21:73:33","143","0","2709","LIED10CTRL/LLN0$Status"
"3608","0.001892622","ipcas_21:73:33","143","0","2710","LIED10CTRL/LLN0$Status"
"3609","0.002100779","ipcas_21:73:33","143","0","2711","LIED10CTRL/LLN0$Status"
"3610","0.002141353","ipcas_21:73:33","143","0","2712","LIED10CTRL/LLN0$Status"
"3611","0.002085615","ipcas_21:73:33","143","0","2713","LIED10CTRL/LLN0$Status"
"3612","0.002078756","ipcas_21:73:33","143","0","2714","LIED10CTRL/LLN0$Status"
"3613","0.001592577","ipcas_21:73:33","143","0","2715","LIED10CTRL/LLN0$Status"
"3614","0.001980643","ipcas_21:73:33","143","0","2716","LIED10CTRL/LLN0$Status"
"3615","0.002012670","ipcas_21:73:33","143","0","2717","LIED10CTRL/LLN0$Status"
"3616","0.002038038","ipcas_21:73:33","143","0","2718","LIED10CTRL/LLN0$Status"
"3617","0.002092607","ipcas_21:73:33","143","0","2719","LIED10CTRL/LLN0$Status"
"3618","0.001974694","ipcas_21:73:33","143","0","2720","LIED10CTRL/LLN0$Status"
"3619","0.001930813","ipcas_21:73:33","143","0","2721","LIED10CTRL/LLN0$Status"
"3620","0.001960881","ipcas_21:73:33","143","0","2722","LIED10CTRL/LLN0$Status"
"3621","0.002075889","ipcas_21:73:33","143","0","2723","LIED10CTRL/LLN0$Status"
"3622","0.002051539","ipcas_21:73:33","143","0","2724","LIED10CTRL/LLN0$Status"
"3623","0.001997193","ipcas_21:73:33","143","0","2725","LIED10CTRL/LLN0$Status"
"3624","0.002003360","ipcas_21:73:33","143","0","2726","LIED10CTRL/LLN0$Status"
"3625","0.001995921","ipcas_21:73:33","143","0","2727","LIED10CTRL/LLN0$Status"
"3626","0.001844899","ipcas_21:73:33","143","0","2728","LIED10CTRL/LLN0$Status"
"3627","0.002121787","ipcas_21:73:33","143","0","2729","LIED10CTRL/LLN0$Status"
"3628","0.002012747","ipcas_21:73:33","143","0","2730","LIED10CTRL/LLN0$Status"
"3629","0.001899181","ipcas_21:73:33","143","0","2731","LIED10CTRL/LLN0$Status"
"3630","0.002289870","ipcas_21:73:33","143","0","2732","LIED10CTRL/LLN0$Status"
"3631","0.001784707","ipcas_21:73:33","143","0","2733","LIED10CTRL/LLN0$Status"
"3632","0.001995975","ipcas_21:73:33","143","0","2734","LIED10CTRL/LLN0$Status"
"3633","0.002593114","ipcas_21:73:33","143","0","2735","LIED10CTRL/LLN0$Status"
"3634","0.001692559","ipcas_21:73:33","143","0","2736","LIED10CTRL/LLN0$Status"
"3635","0.002001691","ipcas_21:73:33","143","0","2737","LIED10CTRL/LLN0$Status"
"3636","0.001934566","ipcas_21:73:33","143","0","2738","LIED10CTRL/LLN0$Status"
"3637","0.002339526","ipcas_21:73:33","143","0","2739","LIED10CTRL/LLN0$Status"
"3638","0.001606973","ipcas_21:73:33","143","0","2740","LIED10CTRL/LLN0$Status"
"3639","0.001963239","ipcas_21:73:33","143","0","2741","LIED10CTRL/LLN0$Status"
"3640","0.001785321","ipcas_21:73:33","143","0","2742","LIED10CTRL/LLN0$Status"
"3641","0.009144008","ipcas_21:73:33","143","0","2743","LIED10CTRL/LLN0$Status"
"3642","0.001814990","ipcas_21:73:33","143","0","2744","LIED10CTRL/LLN0$Status"
"3643","0.002058573","ipcas_21:73:33","143","0","2745","LIED10CTRL/LLN0$Status"
"3644","0.002154634","ipcas_21:73:33","143","0","2746","LIED10CTRL/LLN0$Status"
"3645","0.001837936","ipcas_21:73:33","143","0","2747","LIED10CTRL/LLN0$Status"
"3646","0.002088000","ipcas_21:73:33","143","0","2748","LIED10CTRL/LLN0$Status"
"3647","0.001971073","ipcas_21:73:33","143","0","2749","LIED10CTRL/LLN0$Status"
"3648","0.001979205","ipcas_21:73:33","143","0","2750","LIED10CTRL/LLN0$Status"
"3649","0.001958826","ipcas_21:73:33","143","0","2751","LIED10CTRL/LLN0$Status"
"3650","0.002144482","ipcas_21:73:33","143","0","2752","LIED10CTRL/LLN0$Status"
"3651","0.001912949","ipcas_21:73:33","143","0","2753","LIED10CTRL/LLN0$Status"
"3652","0.001957323","ipcas_21:73:33","143","0","2754","LIED10CTRL/LLN0$Status"
"3653","0.002091448","ipcas_21:73:33","143","0","2755","LIED10CTRL/LLN0$Status"
"3654","0.001869448","ipcas_21:73:33","143","0","2756","LIED10CTRL/LLN0$Status"
"3655","0.002048739","ipcas_21:73:33","143","0","2757","LIED10CTRL/LLN0$Status"
"3656","0.002245855","ipcas_21:73:33","143","0","2758","LIED10CTRL/LLN0$Status"
"3657","0.001758204","ipcas_21:73:33","143","0","2759","LIED10CTRL/LLN0$Status"
"3658","0.002040171","ipcas_21:73:33","143","0","2760","LIED10CTRL/LLN0$Status"
"3659","0.002033007","ipcas_21:73:33","143","0","2761","LIED10CTRL/LLN0$Status"
"3660","0.001834748","ipcas_21:73:33","143","0","2762","LIED10CTRL/LLN0$Status"
"3661","0.002196588","ipcas_21:73:33","143","0","2763","LIED10CTRL/LLN0$Status"
"3662","0.002026641","ipcas_21:73:33","143","0","2764","LIED10CTRL/LLN0$Status"
"3663","0.001962042","ipcas_21:73:33","143","0","2765","LIED10CTRL/LLN0$Status"
"3664","0.001909091","ipcas_21:73:33","143","0","2766","LIED10CTRL/LLN0$Status"
"3665","0.002353621","ipcas_21:73:33","143","0","2767","LIED10CTRL/LLN0$Status"
"3666","0.001576836","ipcas_21:73:33","143","0","2768","LIED10CTRL/LLN0$Status"
"3667","0.001950074","ipcas_21:73:33","143","0","2769","LIED10CTRL/LLN0$Status"
"3668","0.002081296","ipcas_21:73:33","143","0","2770","LIED10CTRL/LLN0$Status"
"3669","0.002006926","ipcas_21:73:33","143","0","2771","LIED10CTRL/LLN0$Status"
"3670","0.002145425","ipcas_21:73:33","143","0","2772","LIED10CTRL/LLN0$Status"
"3671","0.005052934","ipcas_21:73:33","143","0","2773","LIED10CTRL/LLN0$Status"
"3672","0.003000393","ipcas_21:73:33","143","0","2774","LIED10CTRL/LLN0$Status"
"3673","0.000111728","ipcas_21:73:33","143","0","2775","LIED10CTRL/LLN0$Status"
"3674","0.001808809","ipcas_21:73:33","143","0","2776","LIED10CTRL/LLN0$Status"
"3675","0.001797078","ipcas_21:73:33","143","0","2777","LIED10CTRL/LLN0$Status"
"3676","0.001739691","ipcas_21:73:33","143","0","2778","LIED10CTRL/LLN0$Status"
"3677","0.001367972","ipcas_21:73:33","143","0","2779","LIED10CTRL/LLN0$Status"
"3678","0.001971008","ipcas_21:73:33","143","0","2780","LIED10CTRL/LLN0$Status"
"3679","0.002924301","ipcas_21:73:33","143","0","2781","LIED10CTRL/LLN0$Status"
"3680","0.001697070","ipcas_21:73:33","143","0","2782","LIED10CTRL/LLN0$Status"
"3681","0.001423673","ipcas_21:73:33","143","0","2783","LIED10CTRL/LLN0$Status"
"3682","0.001868044","ipcas_21:73:33","143","0","2784","LIED10CTRL/LLN0$Status"
"3683","0.003090311","ipcas_21:73:33","143","0","2785","LIED10CTRL/LLN0$Status"
"3684","0.000950030","ipcas_21:73:33","143","0","2786","LIED10CTRL/LLN0$Status"
"3685","0.002262931","ipcas_21:73:33","143","0","2787","LIED10CTRL/LLN0$Status"
"3686","0.001753721","ipcas_21:73:33","143","0","2788","LIED10CTRL/LLN0$Status"
"3687","0.001948217","ipcas_21:73:33","143","0","2789","LIED10CTRL/LLN0$Status"
"3688","0.002030677","ipcas_21:73:33","143","0","2790","LIED10CTRL/LLN0$Status"
"3689","0.001994081","ipcas_21:73:33","143","0","2791","LIED10CTRL/LLN0$Status"
"3690","0.001949023","ipcas_21:73:33","143","0","2792","LIED10CTRL/LLN0$Status"
"3691","0.002054966","ipcas_21:73:33","143","0","2793","LIED10CTRL/LLN0$Status"
"3692","0.001974129","ipcas_21:73:33","143","0","2794","LIED10CTRL/LLN0$Status"
"3693","0.001979733","ipcas_21:73:33","143","0","2795","LIED10CTRL/LLN0$Status"
"3694","0.002000871","ipcas_21:73:33","143","0","2796","LIED10CTRL/LLN0$Status"
"3695","0.002005204","ipcas_21:73:33","143","0","2797","LIED10CTRL/LLN0$Status"
"3696","0.002017787","ipcas_21:73:33","143","0","2798","LIED10CTRL/LLN0$Status"
"3697","0.001541594","ipcas_21:73:33","143","0","2799","LIED10CTRL/LLN0$Status"
"3698","0.001542920","ipcas_21:73:33","143","0","2800","LIED10CTRL/LLN0$Status"
"3699","0.001901405","ipcas_21:73:33","143","0","2801","LIED10CTRL/LLN0$Status"
"3700","0.001990853","ipcas_21:73:33","143","0","2802","LIED10CTRL/LLN0$Status"
"3701","0.002040742","ipcas_21:73:33","143","0","2803","LIED10CTRL/LLN0$Status"
"3702","0.002036385","ipcas_21:73:33","143","0","2804","LIED10CTRL/LLN0$Status"
"3703","0.001991451","ipcas_21:73:33","143","0","2805","LIED10CTRL/LLN0$Status"
"3704","0.001896668","ipcas_21:73:33","143","0","2806","LIED10CTRL/LLN0$Status"
"3705","0.002088698","ipcas_21:73:33","143","0","2807","LIED10CTRL/LLN0$Status"
"3706","0.001932121","ipcas_21:73:33","143","0","2808","LIED10CTRL/LLN0$Status"
"3707","0.002286085","ipcas_21:73:33","143","0","2809","LIED10CTRL/LLN0$Status"
"3708","0.001717428","ipcas_21:73:33","143","0","2810","LIED10CTRL/LLN0$Status"
"3709","0.002038179","ipcas_21:73:33","143","0","2811","LIED10CTRL/LLN0$Status"
"3710","0.002036833","ipcas_21:73:33","143","0","2812","LIED10CTRL/LLN0$Status"
"3711","0.002128946","ipcas_21:73:33","143","0","2813","LIED10CTRL/LLN0$Status"
"3712","0.001933974","ipcas_21:73:33","143","0","2814","LIED10CTRL/LLN0$Status"
"3713","0.001873580","ipcas_21:73:33","143","0","2815","LIED10CTRL/LLN0$Status"
"3714","0.002018631","ipcas_21:73:33","143","0","2816","LIED10CTRL/LLN0$Status"
"3715","0.001997769","ipcas_21:73:33","143","0","2817","LIED10CTRL/LLN0$Status"
"3716","0.002039499","ipcas_21:73:33","143","0","2818","LIED10CTRL/LLN0$Status"
"3717","0.002051229","ipcas_21:73:33","143","0","2819","LIED10CTRL/LLN0$Status"
"3718","0.001948759","ipcas_21:73:33","143","0","2820","LIED10CTRL/LLN0$Status"
"3719","0.001969609","ipcas_21:73:33","143","0","2821","LIED10CTRL/LLN0$Status"
"3720","0.002043484","ipcas_21:73:33","143","0","2822","LIED10CTRL/LLN0$Status"
"3721","0.002037826","ipcas_21:73:33","143","0","2823","LIED10CTRL/LLN0$Status"
"3722","0.002003819","ipcas_21:73:33","143","0","2824","LIED10CTRL/LLN0$Status"
"3723","0.001926901","ipcas_21:73:33","143","0","2825","LIED10CTRL/LLN0$Status"
"3724","0.002079879","ipcas_21:73:33","143","0","2826","LIED10CTRL/LLN0$Status"
"3725","0.001870775","ipcas_21:73:33","143","0","2827","LIED10CTRL/LLN0$Status"
"3726","0.002077697","ipcas_21:73:33","143","0","2828","LIED10CTRL/LLN0$Status"
"3727","0.001982674","ipcas_21:73:33","143","0","2829","LIED10CTRL/LLN0$Status"
"3728","0.001971568","ipcas_21:73:33","143","0","2830","LIED10CTRL/LLN0$Status"
"3729","0.002559417","ipcas_21:73:33","143","0","2831","LIED10CTRL/LLN0$Status"
"3730","0.001472742","ipcas_21:73:33","143","0","2832","LIED10CTRL/LLN0$Status"
"3731","0.002042558","ipcas_21:73:33","143","0","2833","LIED10CTRL/LLN0$Status"
"3732","0.002174554","ipcas_21:73:33","143","0","2834","LIED10CTRL/LLN0$Status"
"3733","0.001736828","ipcas_21:73:33","143","0","2835","LIED10CTRL/LLN0$Status"
"3734","0.002043271","ipcas_21:73:33","143","0","2836","LIED10CTRL/LLN0$Status"
"3735","0.002098299","ipcas_21:73:33","143","0","2837","LIED10CTRL/LLN0$Status"
"3736","0.001885766","ipcas_21:73:33","143","0","2838","LIED10CTRL/LLN0$Status"
"3737","0.002039483","ipcas_21:73:33","143","0","2839","LIED10CTRL/LLN0$Status"
"3738","0.001937154","ipcas_21:73:33","143","0","2840","LIED10CTRL/LLN0$Status"
"3739","0.002031271","ipcas_21:73:33","143","0","2841","LIED10CTRL/LLN0$Status"
"3740","0.001989215","ipcas_21:73:33","143","0","2842","LIED10CTRL/LLN0$Status"
"3741","0.002191724","ipcas_21:73:33","143","0","2843","LIED10CTRL/LLN0$Status"
"3742","0.001964319","ipcas_21:73:33","143","0","2844","LIED10CTRL/LLN0$Status"
"3743","0.001830681","ipcas_21:73:33","143","0","2845","LIED10CTRL/LLN0$Status"
"3744","0.002056369","ipcas_21:73:33","143","0","2846","LIED10CTRL/LLN0$Status"
"3745","0.001985151","ipcas_21:73:33","143","0","2847","LIED10CTRL/LLN0$Status"
"3746","0.002075579","ipcas_21:73:33","143","0","2848","LIED10CTRL/LLN0$Status"
"3747","0.001938019","ipcas_21:73:33","143","0","2849","LIED10CTRL/LLN0$Status"
"3748","0.001981648","ipcas_21:73:33","143","0","2850","LIED10CTRL/LLN0$Status"
"3749","0.001932034","ipcas_21:73:33","143","0","2851","LIED10CTRL/LLN0$Status"
"3750","0.002128677","ipcas_21:73:33","143","0","2852","LIED10CTRL/LLN0$Status"
"3751","0.001914859","ipcas_21:73:33","143","0","2853","LIED10CTRL/LLN0$Status"
"3752","0.002278228","ipcas_21:73:33","143","0","2854","LIED10CTRL/LLN0$Status"
"3753","0.001708191","ipcas_21:73:33","143","0","2855","LIED10CTRL/LLN0$Status"
"3754","0.002246020","ipcas_21:73:33","143","0","2856","LIED10CTRL/LLN0$Status"
"3755","0.001784268","ipcas_21:73:33","143","0","2857","LIED10CTRL/LLN0$Status"
"3756","0.002114857","ipcas_21:73:33","143","0","2858","LIED10CTRL/LLN0$Status"
"3757","0.001845671","ipcas_21:73:33","143","0","2859","LIED10CTRL/LLN0$Status"
"3758","0.002055926","ipcas_21:73:33","143","0","2860","LIED10CTRL/LLN0$Status"
"3759","0.001987563","ipcas_21:73:33","143","0","2861","LIED10CTRL/LLN0$Status"
"3760","0.002056825","ipcas_21:73:33","143","0","2862","LIED10CTRL/LLN0$Status"
"3761","0.001898878","ipcas_21:73:33","143","0","2863","LIED10CTRL/LLN0$Status"
"3762","0.002096178","ipcas_21:73:33","143","0","2864","LIED10CTRL/LLN0$Status"
"3763","0.001975517","ipcas_21:73:33","143","0","2865","LIED10CTRL/LLN0$Status"
"3764","0.002097921","ipcas_21:73:33","143","0","2866","LIED10CTRL/LLN0$Status"
"3765","0.001964199","ipcas_21:73:33","143","0","2867","LIED10CTRL/LLN0$Status"
"3766","0.001621320","ipcas_21:73:33","143","0","2868","LIED10CTRL/LLN0$Status"
"3767","0.001237866","ipcas_21:73:33","143","0","2869","LIED10CTRL/LLN0$Status"
"3768","0.002049353","ipcas_21:73:33","143","0","2870","LIED10CTRL/LLN0$Status"
"3769","0.002116618","ipcas_21:73:33","143","0","2871","LIED10CTRL/LLN0$Status"
"3770","0.001880835","ipcas_21:73:33","143","0","2872","LIED10CTRL/LLN0$Status"
"3771","0.001960285","ipcas_21:73:33","143","0","2873","LIED10CTRL/LLN0$Status"
"3772","0.001982451","ipcas_21:73:33","143","0","2874","LIED10CTRL/LLN0$Status"
"3773","0.002019534","ipcas_21:73:33","143","0","2875","LIED10CTRL/LLN0$Status"
"3774","0.002078571","ipcas_21:73:33","143","0","2876","LIED10CTRL/LLN0$Status"
"3775","0.002056870","ipcas_21:73:33","143","0","2877","LIED10CTRL/LLN0$Status"
"3776","0.001932519","ipcas_21:73:33","143","0","2878","LIED10CTRL/LLN0$Status"
"3777","0.001975847","ipcas_21:73:33","143","0","2879","LIED10CTRL/LLN0$Status"
"3778","0.002014612","ipcas_21:73:33","143","0","2880","LIED10CTRL/LLN0$Status"
"3779","0.002613602","ipcas_21:73:33","143","0","2881","LIED10CTRL/LLN0$Status"
"3780","0.001532807","ipcas_21:73:33","143","0","2882","LIED10CTRL/LLN0$Status"
"3781","0.001826281","ipcas_21:73:33","143","0","2883","LIED10CTRL/LLN0$Status"
"3782","0.001963537","ipcas_21:73:33","143","0","2884","LIED10CTRL/LLN0$Status"
"3783","0.001986409","ipcas_21:73:33","143","0","2885","LIED10CTRL/LLN0$Status"
"3784","0.002129705","ipcas_21:73:33","143","0","2886","LIED10CTRL/LLN0$Status"
"3785","0.001946485","ipcas_21:73:33","143","0","2887","LIED10CTRL/LLN0$Status"
"3786","0.002034063","ipcas_21:73:33","143","0","2888","LIED10CTRL/LLN0$Status"
"3787","0.001952358","ipcas_21:73:33","143","0","2889","LIED10CTRL/LLN0$Status"
"3788","0.002054049","ipcas_21:73:33","143","0","2890","LIED10CTRL/LLN0$Status"
"3789","0.001957195","ipcas_21:73:33","143","0","2891","LIED10CTRL/LLN0$Status"
"3790","0.001916077","ipcas_21:73:33","143","0","2892","LIED10CTRL/LLN0$Status"
"3791","0.002130260","ipcas_21:73:33","143","0","2893","LIED10CTRL/LLN0$Status"
"3792","0.001961920","ipcas_21:73:33","143","0","2894","LIED10CTRL/LLN0$Status"
"3793","0.001933384","ipcas_21:73:33","143","0","2895","LIED10CTRL/LLN0$Status"
"3794","0.001982959","ipcas_21:73:33","143","0","2896","LIED10CTRL/LLN0$Status"
"3795","0.002020993","ipcas_21:73:33","143","0","2897","LIED10CTRL/LLN0$Status"
"3796","0.002217229","ipcas_21:73:33","143","0","2898","LIED10CTRL/LLN0$Status"
"3797","0.001769417","ipcas_21:73:33","143","0","2899","LIED10CTRL/LLN0$Status"
"3798","0.002020456","ipcas_21:73:33","143","0","2900","LIED10CTRL/LLN0$Status"
"3799","0.001994083","ipcas_21:73:33","143","0","2901","LIED10CTRL/LLN0$Status"
"3800","0.002079806","ipcas_21:73:33","143","0","2902","LIED10CTRL/LLN0$Status"
"3801","0.001892273","ipcas_21:73:33","143","0","2903","LIED10CTRL/LLN0$Status"
"3802","0.002054602","ipcas_21:73:33","143","0","2904","LIED10CTRL/LLN0$Status"
"3803","0.002031565","ipcas_21:73:33","143","0","2905","LIED10CTRL/LLN0$Status"
"3804","0.001943400","ipcas_21:73:33","143","0","2906","LIED10CTRL/LLN0$Status"
"3805","0.002154866","ipcas_21:73:33","143","0","2907","LIED10CTRL/LLN0$Status"
"3806","0.001866106","ipcas_21:73:33","143","0","2908","LIED10CTRL/LLN0$Status"
"3807","0.002026985","ipcas_21:73:33","143","0","2909","LIED10CTRL/LLN0$Status"
"3808","0.002165892","ipcas_21:73:33","143","0","2910","LIED10CTRL/LLN0$Status"
"3809","0.001770861","ipcas_21:73:33","143","0","2911","LIED10CTRL/LLN0$Status"
"3810","0.001992716","ipcas_21:73:33","143","0","2912","LIED10CTRL/LLN0$Status"
"3811","0.002046072","ipcas_21:73:33","143","0","2913","LIED10CTRL/LLN0$Status"
"3812","0.001945123","ipcas_21:73:33","143","0","2914","LIED10CTRL/LLN0$Status"
"3813","0.002157999","ipcas_21:73:33","143","0","2915","LIED10CTRL/LLN0$Status"
"3814","0.001956002","ipcas_21:73:33","143","0","2916","LIED10CTRL/LLN0$Status"
"3815","0.001902401","ipcas_21:73:33","143","0","2917","LIED10CTRL/LLN0$Status"
"3816","0.002075991","ipcas_21:73:33","143","0","2918","LIED10CTRL/LLN0$Status"
"3817","0.001956315","ipcas_21:73:33","143","0","2919","LIED10CTRL/LLN0$Status"
"3818","0.002268126","ipcas_21:73:33","143","0","2920","LIED10CTRL/LLN0$Status"
"3819","0.001685541","ipcas_21:73:33","143","0","2921","LIED10CTRL/LLN0$Status"
"3820","0.002044625","ipcas_21:73:33","143","0","2922","LIED10CTRL/LLN0$Status"
"3821","0.002005125","ipcas_21:73:33","143","0","2923","LIED10CTRL/LLN0$Status"
"3822","0.002145146","ipcas_21:73:33","143","0","2924","LIED10CTRL/LLN0$Status"
"3823","0.001901482","ipcas_21:73:33","143","0","2925","LIED10CTRL/LLN0$Status"
"3824","0.002007519","ipcas_21:73:33","143","0","2926","LIED10CTRL/LLN0$Status"
"3825","0.001938035","ipcas_21:73:33","143","0","2927","LIED10CTRL/LLN0$Status"
"3826","0.001999822","ipcas_21:73:33","143","0","2928","LIED10CTRL/LLN0$Status"
"3827","0.002101679","ipcas_21:73:33","143","0","2929","LIED10CTRL/LLN0$Status"
"3828","0.001901300","ipcas_21:73:33","143","0","2930","LIED10CTRL/LLN0$Status"
"3829","0.002607260","ipcas_21:73:33","143","0","2931","LIED10CTRL/LLN0$Status"
"3830","0.001398869","ipcas_21:73:33","143","0","2932","LIED10CTRL/LLN0$Status"
"3831","0.002012609","ipcas_21:73:33","143","0","2933","LIED10CTRL/LLN0$Status"
"3832","0.001962210","ipcas_21:73:33","143","0","2934","LIED10CTRL/LLN0$Status"
"3833","0.002053898","ipcas_21:73:33","143","0","2935","LIED10CTRL/LLN0$Status"
"3834","0.002017687","ipcas_21:73:33","143","0","2936","LIED10CTRL/LLN0$Status"
"3835","0.002055246","ipcas_21:73:33","143","0","2937","LIED10CTRL/LLN0$Status"
"3836","0.001851139","ipcas_21:73:33","143","0","2938","LIED10CTRL/LLN0$Status"
"3837","0.002139989","ipcas_21:73:33","143","0","2939","LIED10CTRL/LLN0$Status"
"3838","0.001897295","ipcas_21:73:33","143","0","2940","LIED10CTRL/LLN0$Status"
"3839","0.002070224","ipcas_21:73:33","143","0","2941","LIED10CTRL/LLN0$Status"
"3840","0.001974965","ipcas_21:73:33","143","0","2942","LIED10CTRL/LLN0$Status"
"3841","0.002012711","ipcas_21:73:33","143","0","2943","LIED10CTRL/LLN0$Status"
"3842","0.001938664","ipcas_21:73:33","143","0","2944","LIED10CTRL/LLN0$Status"
"3843","0.002016839","ipcas_21:73:33","143","0","2945","LIED10CTRL/LLN0$Status"
"3844","0.001984541","ipcas_21:73:33","143","0","2946","LIED10CTRL/LLN0$Status"
"3845","0.002132580","ipcas_21:73:33","143","0","2947","LIED10CTRL/LLN0$Status"
"3846","0.002072519","ipcas_21:73:33","143","0","2948","LIED10CTRL/LLN0$Status"
"3847","0.002120978","ipcas_21:73:33","143","0","2949","LIED10CTRL/LLN0$Status"
"3848","0.001796892","ipcas_21:73:33","143","0","2950","LIED10CTRL/LLN0$Status"
"3849","0.002015300","ipcas_21:73:33","143","0","2951","LIED10CTRL/LLN0$Status"
"3850","0.001859104","ipcas_21:73:33","143","0","2952","LIED10CTRL/LLN0$Status"
"3851","0.002554806","ipcas_21:73:33","143","0","2953","LIED10CTRL/LLN0$Status"
"3852","0.001751809","ipcas_21:73:33","143","0","2954","LIED10CTRL/LLN0$Status"
"3853","0.001914452","ipcas_21:73:33","143","0","2955","LIED10CTRL/LLN0$Status"
"3854","0.001771660","ipcas_21:73:33","143","0","2956","LIED10CTRL/LLN0$Status"
"3855","0.002130097","ipcas_21:73:33","143","0","2957","LIED10CTRL/LLN0$Status"
"3856","0.001841662","ipcas_21:73:33","143","0","2958","LIED10CTRL/LLN0$Status"
"3857","0.002130330","ipcas_21:73:33","143","0","2959","LIED10CTRL/LLN0$Status"
"3858","0.001920372","ipcas_21:73:33","143","0","2960","LIED10CTRL/LLN0$Status"
"3859","0.001946900","ipcas_21:73:33","143","0","2961","LIED10CTRL/LLN0$Status"
"3860","0.002002079","ipcas_21:73:33","143","0","2962","LIED10CTRL/LLN0$Status"
"3861","0.002089408","ipcas_21:73:33","143","0","2963","LIED10CTRL/LLN0$Status"
"3862","0.001937881","ipcas_21:73:33","143","0","2964","LIED10CTRL/LLN0$Status"
"3863","0.002007689","ipcas_21:73:33","143","0","2965","LIED10CTRL/LLN0$Status"
"3864","0.002054401","ipcas_21:73:33","143","0","2966","LIED10CTRL/LLN0$Status"
"3865","0.001964855","ipcas_21:73:33","143","0","2967","LIED10CTRL/LLN0$Status"
"3866","0.001962829","ipcas_21:73:33","143","0","2968","LIED10CTRL/LLN0$Status"
"3867","0.002112289","ipcas_21:73:33","143","0","2969","LIED10CTRL/LLN0$Status"
"3868","0.001875149","ipcas_21:73:33","143","0","2970","LIED10CTRL/LLN0$Status"
"3869","0.002025402","ipcas_21:73:33","143","0","2971","LIED10CTRL/LLN0$Status"
"3870","0.002050104","ipcas_21:73:33","143","0","2972","LIED10CTRL/LLN0$Status"
"3871","0.001945213","ipcas_21:73:33","143","0","2973","LIED10CTRL/LLN0$Status"
"3872","0.002128292","ipcas_21:73:33","143","0","2974","LIED10CTRL/LLN0$Status"
"3873","0.001925467","ipcas_21:73:33","143","0","2975","LIED10CTRL/LLN0$Status"
"3874","0.001994481","ipcas_21:73:33","143","0","2976","LIED10CTRL/LLN0$Status"
"3875","0.001956182","ipcas_21:73:33","143","0","2977","LIED10CTRL/LLN0$Status"
"3876","0.002003481","ipcas_21:73:33","143","0","2978","LIED10CTRL/LLN0$Status"
"3877","0.001972258","ipcas_21:73:33","143","0","2979","LIED10CTRL/LLN0$Status"
"3878","0.002004374","ipcas_21:73:33","143","0","2980","LIED10CTRL/LLN0$Status"
"3879","0.002014309","ipcas_21:73:33","143","0","2981","LIED10CTRL/LLN0$Status"
"3880","0.002213666","ipcas_21:73:33","143","0","2982","LIED10CTRL/LLN0$Status"
"3881","0.001785945","ipcas_21:73:33","143","0","2983","LIED10CTRL/LLN0$Status"
"3882","0.001998255","ipcas_21:73:33","143","0","2984","LIED10CTRL/LLN0$Status"
"3883","0.002218476","ipcas_21:73:33","143","0","2985","LIED10CTRL/LLN0$Status"
"3884","0.001821643","ipcas_21:73:33","143","0","2986","LIED10CTRL/LLN0$Status"
"3885","0.001961495","ipcas_21:73:33","143","0","2987","LIED10CTRL/LLN0$Status"
"3886","0.002036238","ipcas_21:73:33","143","0","2988","LIED10CTRL/LLN0$Status"
"3887","0.001954054","ipcas_21:73:33","143","0","2989","LIED10CTRL/LLN0$Status"
"3888","0.002011598","ipcas_21:73:33","143","0","2990","LIED10CTRL/LLN0$Status"
"3891","0.002023192","ipcas_21:73:33","143","0","2991","LIED10CTRL/LLN0$Status"
"3892","0.001968444","ipcas_21:73:33","143","0","2992","LIED10CTRL/LLN0$Status"
"3893","0.002076391","ipcas_21:73:33","143","0","2993","LIED10CTRL/LLN0$Status"
"3894","0.001934827","ipcas_21:73:33","143","0","2994","LIED10CTRL/LLN0$Status"
"3895","0.002020033","ipcas_21:73:33","143","0","2995","LIED10CTRL/LLN0$Status"
"3896","0.001996982","ipcas_21:73:33","143","0","2996","LIED10CTRL/LLN0$Status"
"3897","0.001957227","ipcas_21:73:33","143","0","2997","LIED10CTRL/LLN0$Status"
"3898","0.002032059","ipcas_21:73:33","143","0","2998","LIED10CTRL/LLN0$Status"
"3899","0.002450656","ipcas_21:73:33","143","0","2999","LIED10CTRL/LLN0$Status"
"3900","0.001806298","ipcas_21:73:33","143","0","3000","LIED10CTRL/LLN0$Status"
"3901","0.001759887","ipcas_21:73:33","143","0","3001","LIED10CTRL/LLN0$Status"
"3902","0.002038721","ipcas_21:73:33","143","0","3002","LIED10CTRL/LLN0$Status"
"3903","0.001928126","ipcas_21:73:33","143","0","3003","LIED10CTRL/LLN0$Status"
"3904","0.002026626","ipcas_21:73:33","143","0","3004","LIED10CTRL/LLN0$Status"
"3905","0.002078002","ipcas_21:73:33","143","0","3005","LIED10CTRL/LLN0$Status"
"3906","0.001947615","ipcas_21:73:33","143","0","3006","LIED10CTRL/LLN0$Status"
"3907","0.001953230","ipcas_21:73:33","143","0","3007","LIED10CTRL/LLN0$Status"
"3908","0.001996438","ipcas_21:73:33","143","0","3008","LIED10CTRL/LLN0$Status"
"3909","0.001997652","ipcas_21:73:33","143","0","3009","LIED10CTRL/LLN0$Status"
"3910","0.002082556","ipcas_21:73:33","143","0","3010","LIED10CTRL/LLN0$Status"
"3911","0.002052047","ipcas_21:73:33","143","0","3011","LIED10CTRL/LLN0$Status"
"3912","0.002058654","ipcas_21:73:33","143","0","3012","LIED10CTRL/LLN0$Status"
"3913","0.001799313","ipcas_21:73:33","143","0","3013","LIED10CTRL/LLN0$Status"
"3914","0.002165647","ipcas_21:73:33","143","0","3014","LIED10CTRL/LLN0$Status"
"3915","0.001978679","ipcas_21:73:33","143","0","3015","LIED10CTRL/LLN0$Status"
"3916","0.001865511","ipcas_21:73:33","143","0","3016","LIED10CTRL/LLN0$Status"
"3917","0.002024659","ipcas_21:73:33","143","0","3017","LIED10CTRL/LLN0$Status"
"3918","0.001966105","ipcas_21:73:33","143","0","3018","LIED10CTRL/LLN0$Status"
"3919","0.002158775","ipcas_21:73:33","143","0","3019","LIED10CTRL/LLN0$Status"
"3920","0.001926171","ipcas_21:73:33","143","0","3020","LIED10CTRL/LLN0$Status"
"3921","0.001986902","ipcas_21:73:33","143","0","3021","LIED10CTRL/LLN0$Status"
"3922","0.002037228","ipcas_21:73:33","143","0","3022","LIED10CTRL/LLN0$Status"
"3923","0.001929901","ipcas_21:73:33","143","0","3023","LIED10CTRL/LLN0$Status"
"3924","0.001965311","ipcas_21:73:33","143","0","3024","LIED10CTRL/LLN0$Status"
"3925","0.002044928","ipcas_21:73:33","143","0","3025","LIED10CTRL/LLN0$Status"
"3926","0.002016955","ipcas_21:73:33","143","0","3026","LIED10CTRL/LLN0$Status"
"3927","0.002007899","ipcas_21:73:33","143","0","3027","LIED10CTRL/LLN0$Status"
"3928","0.001972503","ipcas_21:73:33","143","0","3028","LIED10CTRL/LLN0$Status"
"3929","0.002129329","ipcas_21:73:33","143","0","3029","LIED10CTRL/LLN0$Status"
"3930","0.001950140","ipcas_21:73:33","143","0","3030","LIED10CTRL/LLN0$Status"
"3931","0.001951051","ipcas_21:73:33","143","0","3031","LIED10CTRL/LLN0$Status"
"3932","0.001937900","ipcas_21:73:33","143","0","3032","LIED10CTRL/LLN0$Status"
"3933","0.002025350","ipcas_21:73:33","143","0","3033","LIED10CTRL/LLN0$Status"
"3934","0.001981301","ipcas_21:73:33","143","0","3034","LIED10CTRL/LLN0$Status"
"3935","0.002122501","ipcas_21:73:33","143","0","3035","LIED10CTRL/LLN0$Status"
"3936","0.001851671","ipcas_21:73:33","143","0","3036","LIED10CTRL/LLN0$Status"
"3937","0.001987020","ipcas_21:73:33","143","0","3037","LIED10CTRL/LLN0$Status"
"3938","0.002051004","ipcas_21:73:33","143","0","3038","LIED10CTRL/LLN0$Status"
"3939","0.002027251","ipcas_21:73:33","143","0","3039","LIED10CTRL/LLN0$Status"
"3940","0.001957118","ipcas_21:73:33","143","0","3040","LIED10CTRL/LLN0$Status"
"3941","0.002102412","ipcas_21:73:33","143","0","3041","LIED10CTRL/LLN0$Status"
"3942","0.001879122","ipcas_21:73:33","143","0","3042","LIED10CTRL/LLN0$Status"
"3943","0.002026860","ipcas_21:73:33","143","0","3043","LIED10CTRL/LLN0$Status"
"3944","0.002026549","ipcas_21:73:33","143","0","3044","LIED10CTRL/LLN0$Status"
"3945","0.001999418","ipcas_21:73:33","143","0","3045","LIED10CTRL/LLN0$Status"
"3948","0.002820957","ipcas_21:73:33","143","0","3046","LIED10CTRL/LLN0$Status"
"3949","0.001226219","ipcas_21:73:33","143","0","3047","LIED10CTRL/LLN0$Status"
"3950","0.002046452","ipcas_21:73:33","143","0","3048","LIED10CTRL/LLN0$Status"
"3951","0.002030202","ipcas_21:73:33","143","0","3049","LIED10CTRL/LLN0$Status"
"3955","0.002115829","ipcas_21:73:33","143","0","3050","LIED10CTRL/LLN0$Status"
"3957","0.001763811","ipcas_21:73:33","143","0","3051","LIED10CTRL/LLN0$Status"
"3960","0.002097557","ipcas_21:73:33","143","0","3052","LIED10CTRL/LLN0$Status"
"3961","0.001975580","ipcas_21:73:33","143","0","3053","LIED10CTRL/LLN0$Status"
"3962","0.001943274","ipcas_21:73:33","143","0","3054","LIED10CTRL/LLN0$Status"
"3966","0.002061097","ipcas_21:73:33","143","0","3055","LIED10CTRL/LLN0$Status"
"3970","0.002195975","ipcas_21:73:33","143","0","3056","LIED10CTRL/LLN0$Status"
"3971","0.001988401","ipcas_21:73:33","143","0","3057","LIED10CTRL/LLN0$Status"
"3972","0.001839659","ipcas_21:73:33","143","0","3058","LIED10CTRL/LLN0$Status"
"3976","0.001981150","ipcas_21:73:33","143","0","3059","LIED10CTRL/LLN0$Status"
"3977","0.002004589","ipcas_21:73:33","143","0","3060","LIED10CTRL/LLN0$Status"
"3981","0.001853602","ipcas_21:73:33","143","0","3061","LIED10CTRL/LLN0$Status"
"3982","0.002029138","ipcas_21:73:33","143","0","3062","LIED10CTRL/LLN0$Status"
"3988","0.002600305","ipcas_21:73:33","143","0","3063","LIED10CTRL/LLN0$Status"
"3989","0.001409369","ipcas_21:73:33","143","0","3064","LIED10CTRL/LLN0$Status"
"3990","0.002160503","ipcas_21:73:33","143","0","3065","LIED10CTRL/LLN0$Status"
"3991","0.001957886","ipcas_21:73:33","143","0","3066","LIED10CTRL/LLN0$Status"
"3992","0.001887949","ipcas_21:73:33","143","0","3067","LIED10CTRL/LLN0$Status"
"3993","0.002068197","ipcas_21:73:33","143","0","3068","LIED10CTRL/LLN0$Status"
"3994","0.001978973","ipcas_21:73:33","143","0","3069","LIED10CTRL/LLN0$Status"
"3995","0.002045630","ipcas_21:73:33","143","0","3070","LIED10CTRL/LLN0$Status"
"3996","0.001876919","ipcas_21:73:33","143","0","3071","LIED10CTRL/LLN0$Status"
"3997","0.002088750","ipcas_21:73:33","143","0","3072","LIED10CTRL/LLN0$Status"
"3998","0.002043142","ipcas_21:73:33","143","0","3073","LIED10CTRL/LLN0$Status"
"3999","0.002064596","ipcas_21:73:33","143","0","3074","LIED10CTRL/LLN0$Status"
"4000","0.001955112","ipcas_21:73:33","143","0","3075","LIED10CTRL/LLN0$Status"
"4001","0.001883090","ipcas_21:73:33","143","0","3076","LIED10CTRL/LLN0$Status"
"4002","0.001992051","ipcas_21:73:33","143","0","3077","LIED10CTRL/LLN0$Status"
"4003","0.001990221","ipcas_21:73:33","143","0","3078","LIED10CTRL/LLN0$Status"
"4004","0.002061992","ipcas_21:73:33","143","0","3079","LIED10CTRL/LLN0$Status"
"4005","0.001924188","ipcas_21:73:33","143","0","3080","LIED10CTRL/LLN0$Status"
"4006","0.002033474","ipcas_21:73:33","143","0","3081","LIED10CTRL/LLN0$Status"
"4007","0.001981397","ipcas_21:73:33","143","0","3082","LIED10CTRL/LLN0$Status"
"4008","0.002230312","ipcas_21:73:33","143","0","3083","LIED10CTRL/LLN0$Status"
"4009","0.001747620","ipcas_21:73:33","143","0","3084","LIED10CTRL/LLN0$Status"
"4010","0.002015690","ipcas_21:73:33","143","0","3085","LIED10CTRL/LLN0$Status"
"4011","0.002140590","ipcas_21:73:33","143","0","3086","LIED10CTRL/LLN0$Status"
"4012","0.001851493","ipcas_21:73:33","143","0","3087","LIED10CTRL/LLN0$Status"
"4013","0.002041317","ipcas_21:73:33","143","0","3088","LIED10CTRL/LLN0$Status"
"4014","0.001962417","ipcas_21:73:33","143","0","3089","LIED10CTRL/LLN0$Status"
"4015","0.002049463","ipcas_21:73:33","143","0","3090","LIED10CTRL/LLN0$Status"
"4016","0.002000515","ipcas_21:73:33","143","0","3091","LIED10CTRL/LLN0$Status"
"4017","0.001994982","ipcas_21:73:33","143","0","3092","LIED10CTRL/LLN0$Status"
"4018","0.001960089","ipcas_21:73:33","143","0","3093","LIED10CTRL/LLN0$Status"
"4019","0.002075005","ipcas_21:73:33","143","0","3094","LIED10CTRL/LLN0$Status"
"4020","0.001937649","ipcas_21:73:33","143","0","3095","LIED10CTRL/LLN0$Status"
"4021","0.001999642","ipcas_21:73:33","143","0","3096","LIED10CTRL/LLN0$Status"
"4022","0.002025531","ipcas_21:73:33","143","0","3097","LIED10CTRL/LLN0$Status"
"4023","0.001989682","ipcas_21:73:33","143","0","3098","LIED10CTRL/LLN0$Status"
"4024","0.001991156","ipcas_21:73:33","143","0","3099","LIED10CTRL/LLN0$Status"
"4025","0.002006435","ipcas_21:73:33","143","0","3100","LIED10CTRL/LLN0$Status"
"4026","0.002078090","ipcas_21:73:33","143","0","3101","LIED10CTRL/LLN0$Status"
"4027","0.001898568","ipcas_21:73:33","143","0","3102","LIED10CTRL/LLN0$Status"
"4028","0.001988937","ipcas_21:73:33","143","0","3103","LIED10CTRL/LLN0$Status"
"4029","0.002175803","ipcas_21:73:33","143","0","3104","LIED10CTRL/LLN0$Status"
"4030","0.001958496","ipcas_21:73:33","143","0","3105","LIED10CTRL/LLN0$Status"
"4031","0.001910564","ipcas_21:73:33","143","0","3106","LIED10CTRL/LLN0$Status"
"4032","0.002023084","ipcas_21:73:33","143","0","3107","LIED10CTRL/LLN0$Status"
"4033","0.002057928","ipcas_21:73:33","143","0","3108","LIED10CTRL/LLN0$Status"
"4034","0.001894534","ipcas_21:73:33","143","0","3109","LIED10CTRL/LLN0$Status"
"4035","0.002031960","ipcas_21:73:33","143","0","3110","LIED10CTRL/LLN0$Status"
"4036","0.002107987","ipcas_21:73:33","143","0","3111","LIED10CTRL/LLN0$Status"
"4037","0.002022968","ipcas_21:73:33","143","0","3112","LIED10CTRL/LLN0$Status"
"4038","0.001979196","ipcas_21:73:33","143","0","3113","LIED10CTRL/LLN0$Status"
"4039","0.001873023","ipcas_21:73:33","143","0","3114","LIED10CTRL/LLN0$Status"
"4040","0.002027570","ipcas_21:73:33","143","0","3115","LIED10CTRL/LLN0$Status"
"4041","0.002095744","ipcas_21:73:33","143","0","3116","LIED10CTRL/LLN0$Status"
"4042","0.001937060","ipcas_21:73:33","143","0","3117","LIED10CTRL/LLN0$Status"
"4043","0.002058451","ipcas_21:73:33","143","0","3118","LIED10CTRL/LLN0$Status"
"4044","0.002045024","ipcas_21:73:33","143","0","3119","LIED10CTRL/LLN0$Status"
"4045","0.001965304","ipcas_21:73:33","143","0","3120","LIED10CTRL/LLN0$Status"
"4046","0.002010805","ipcas_21:73:33","143","0","3121","LIED10CTRL/LLN0$Status"
"4047","0.001893036","ipcas_21:73:33","143","0","3122","LIED10CTRL/LLN0$Status"
"4048","0.002005049","ipcas_21:73:33","143","0","3123","LIED10CTRL/LLN0$Status"
"4049","0.002104683","ipcas_21:73:33","143","0","3124","LIED10CTRL/LLN0$Status"
"4050","0.001879605","ipcas_21:73:33","143","0","3125","LIED10CTRL/LLN0$Status"
"4051","0.002309959","ipcas_21:73:33","143","0","3126","LIED10CTRL/LLN0$Status"
"4052","0.001851523","ipcas_21:73:33","143","0","3127","LIED10CTRL/LLN0$Status"
"4053","0.001942861","ipcas_21:73:33","143","0","3128","LIED10CTRL/LLN0$Status"
"4054","0.001965724","ipcas_21:73:33","143","0","3129","LIED10CTRL/LLN0$Status"
"4055","0.001933982","ipcas_21:73:33","143","0","3130","LIED10CTRL/LLN0$Status"
"4056","0.002442136","ipcas_21:73:33","143","0","3131","LIED10CTRL/LLN0$Status"
"4057","0.001676290","ipcas_21:73:33","143","0","3132","LIED10CTRL/LLN0$Status"
"4058","0.001979585","ipcas_21:73:33","143","0","3133","LIED10CTRL/LLN0$Status"
"4059","0.002015892","ipcas_21:73:33","143","0","3134","LIED10CTRL/LLN0$Status"
"4060","0.001966017","ipcas_21:73:33","143","0","3135","LIED10CTRL/LLN0$Status"
"4061","0.002178548","ipcas_21:73:33","143","0","3136","LIED10CTRL/LLN0$Status"
"4062","0.002047948","ipcas_21:73:33","143","0","3137","LIED10CTRL/LLN0$Status"
"4063","0.001830161","ipcas_21:73:33","143","0","3138","LIED10CTRL/LLN0$Status"
"4064","0.001991577","ipcas_21:73:33","143","0","3139","LIED10CTRL/LLN0$Status"
"4065","0.002097832","ipcas_21:73:33","143","0","3140","LIED10CTRL/LLN0$Status"
"4066","0.001914331","ipcas_21:73:33","143","0","3141","LIED10CTRL/LLN0$Status"
"4067","0.002019572","ipcas_21:73:33","143","0","3142","LIED10CTRL/LLN0$Status"
"4068","0.002240463","ipcas_21:73:33","143","0","3143","LIED10CTRL/LLN0$Status"
"4069","0.001716999","ipcas_21:73:33","143","0","3144","LIED10CTRL/LLN0$Status"
"4070","0.001996760","ipcas_21:73:33","143","0","3145","LIED10CTRL/LLN0$Status"
"4071","0.002074656","ipcas_21:73:33","143","0","3146","LIED10CTRL/LLN0$Status"
"4072","0.001935141","ipcas_21:73:33","143","0","3147","LIED10CTRL/LLN0$Status"
"4073","0.001996342","ipcas_21:73:33","143","0","3148","LIED10CTRL/LLN0$Status"
"4074","0.001987035","ipcas_21:73:33","143","0","3149","LIED10CTRL/LLN0$Status"
"4075","0.002111027","ipcas_21:73:33","143","0","3150","LIED10CTRL/LLN0$Status"
"4076","0.001922427","ipcas_21:73:33","143","0","3151","LIED10CTRL/LLN0$Status"
"4077","0.002005210","ipcas_21:73:33","143","0","3152","LIED10CTRL/LLN0$Status"
"4078","0.001973923","ipcas_21:73:33","143","0","3153","LIED10CTRL/LLN0$Status"
"4079","0.002018858","ipcas_21:73:33","143","0","3154","LIED10CTRL/LLN0$Status"
"4080","0.001976055","ipcas_21:73:33","143","0","3155","LIED10CTRL/LLN0$Status"
"4081","0.002101398","ipcas_21:73:33","143","0","3156","LIED10CTRL/LLN0$Status"
"4082","0.002000475","ipcas_21:73:33","143","0","3157","LIED10CTRL/LLN0$Status"
"4083","0.002001050","ipcas_21:73:33","143","0","3158","LIED10CTRL/LLN0$Status"
"4084","0.002153830","ipcas_21:73:33","143","0","3159","LIED10CTRL/LLN0$Status"
"4085","0.002186098","ipcas_21:73:33","143","0","3160","LIED10CTRL/LLN0$Status"
"4086","0.001480184","ipcas_21:73:33","143","0","3161","LIED10CTRL/LLN0$Status"
"4087","0.001988188","ipcas_21:73:33","143","0","3162","LIED10CTRL/LLN0$Status"
"4088","0.002735732","ipcas_21:73:33","143","0","3163","LIED10CTRL/LLN0$Status"
"4089","0.001421788","ipcas_21:73:33","143","0","3164","LIED10CTRL/LLN0$Status"
"4090","0.001877996","ipcas_21:73:33","143","0","3165","LIED10CTRL/LLN0$Status"
"4091","0.001951863","ipcas_21:73:33","143","0","3166","LIED10CTRL/LLN0$Status"
"4092","0.002400302","ipcas_21:73:33","143","0","3167","LIED10CTRL/LLN0$Status"
"4093","0.001665078","ipcas_21:73:33","143","0","3168","LIED10CTRL/LLN0$Status"
"4094","0.001953264","ipcas_21:73:33","143","0","3169","LIED10CTRL/LLN0$Status"
"4095","0.002081736","ipcas_21:73:33","143","0","3170","LIED10CTRL/LLN0$Status"
"4096","0.001866789","ipcas_21:73:33","143","0","3171","LIED10CTRL/LLN0$Status"
"4097","0.001967631","ipcas_21:73:33","143","0","3172","LIED10CTRL/LLN0$Status"
"4098","0.001994792","ipcas_21:73:33","143","0","3173","LIED10CTRL/LLN0$Status"
"4099","0.002055606","ipcas_21:73:33","143","0","3174","LIED10CTRL/LLN0$Status"
"4100","0.001944723","ipcas_21:73:33","143","0","3175","LIED10CTRL/LLN0$Status"
"4101","0.002053096","ipcas_21:73:33","143","0","3176","LIED10CTRL/LLN0$Status"
"4102","0.001946826","ipcas_21:73:33","143","0","3177","LIED10CTRL/LLN0$Status"
"4103","0.002060730","ipcas_21:73:33","143","0","3178","LIED10CTRL/LLN0$Status"
"4104","0.002011936","ipcas_21:73:33","143","0","3179","LIED10CTRL/LLN0$Status"
"4105","0.001984468","ipcas_21:73:33","143","0","3180","LIED10CTRL/LLN0$Status"
"4106","0.001997143","ipcas_21:73:33","143","0","3181","LIED10CTRL/LLN0$Status"
"4107","0.002009817","ipcas_21:73:33","143","0","3182","LIED10CTRL/LLN0$Status"
"4108","0.002074813","ipcas_21:73:33","143","0","3183","LIED10CTRL/LLN0$Status"
"4109","0.001925505","ipcas_21:73:33","143","0","3184","LIED10CTRL/LLN0$Status"
"4110","0.001993209","ipcas_21:73:33","143","0","3185","LIED10CTRL/LLN0$Status"
"4114","0.001977845","ipcas_21:73:33","143","0","3186","LIED10CTRL/LLN0$Status"
"4115","0.002127528","ipcas_21:73:33","143","0","3187","LIED10CTRL/LLN0$Status"
"4119","0.001981064","ipcas_21:73:33","143","0","3188","LIED10CTRL/LLN0$Status"
"4120","0.001916951","ipcas_21:73:33","143","0","3189","LIED10CTRL/LLN0$Status"
"4124","0.002058820","ipcas_21:73:33","143","0","3190","LIED10CTRL/LLN0$Status"
"4125","0.002045035","ipcas_21:73:33","143","0","3191","LIED10CTRL/LLN0$Status"
"4126","0.001912385","ipcas_21:73:33","143","0","3192","LIED10CTRL/LLN0$Status"
"4130","0.002012970","ipcas_21:73:33","143","0","3193","LIED10CTRL/LLN0$Status"
"4134","0.002009159","ipcas_21:73:33","143","0","3194","LIED10CTRL/LLN0$Status"
"4138","0.001979533","ipcas_21:73:33","143","0","3195","LIED10CTRL/LLN0$Status"
"4139","0.002102684","ipcas_21:73:33","143","0","3196","LIED10CTRL/LLN0$Status"
"4143","0.001943109","ipcas_21:73:33","143","0","3197","LIED10CTRL/LLN0$Status"
"4144","0.002017945","ipcas_21:73:33","143","0","3198","LIED10CTRL/LLN0$Status"
"4148","0.002753903","ipcas_21:73:33","143","0","3199","LIED10CTRL/LLN0$Status"
"4149","0.002228717","ipcas_21:73:33","143","0","3200","LIED10CTRL/LLN0$Status"
"4153","0.001887748","ipcas_21:73:33","143","0","3201","LIED10CTRL/LLN0$Status"
"4154","0.002118617","ipcas_21:73:33","143","0","3202","LIED10CTRL/LLN0$Status"
"4158","0.001911429","ipcas_21:73:33","143","0","3203","LIED10CTRL/LLN0$Status"
"4159","0.002029122","ipcas_21:73:33","143","0","3204","LIED10CTRL/LLN0$Status"
"4160","0.002068402","ipcas_21:73:33","143","0","3205","LIED10CTRL/LLN0$Status"
"4161","0.001916293","ipcas_21:73:33","143","0","3206","LIED10CTRL/LLN0$Status"
"4162","0.001981478","ipcas_21:73:33","143","0","3207","LIED10CTRL/LLN0$Status"
"4163","0.002029622","ipcas_21:73:33","143","0","3208","LIED10CTRL/LLN0$Status"
"4164","0.002068693","ipcas_21:73:33","143","0","3209","LIED10CTRL/LLN0$Status"
"4165","0.001937653","ipcas_21:73:33","143","0","3210","LIED10CTRL/LLN0$Status"
"4166","0.001946695","ipcas_21:73:33","143","0","3211","LIED10CTRL/LLN0$Status"
"4167","0.002035606","ipcas_21:73:33","143","0","3212","LIED10CTRL/LLN0$Status"
"4168","0.001936905","ipcas_21:73:33","143","0","3213","LIED10CTRL/LLN0$Status"
"4169","0.002102304","ipcas_21:73:33","143","0","3214","LIED10CTRL/LLN0$Status"
"4170","0.001052898","ipcas_21:73:33","143","0","3215","LIED10CTRL/LLN0$Status"
"4171","0.002115621","ipcas_21:73:33","143","0","3216","LIED10CTRL/LLN0$Status"
"4172","0.002277970","ipcas_21:73:33","143","0","3217","LIED10CTRL/LLN0$Status"
"4173","0.001296805","ipcas_21:73:33","143","0","3218","LIED10CTRL/LLN0$Status"
"4174","0.001260232","ipcas_21:73:33","143","0","3219","LIED10CTRL/LLN0$Status"
"4175","0.001276879","ipcas_21:73:33","143","0","3220","LIED10CTRL/LLN0$Status"
"4176","0.002590982","ipcas_21:73:33","143","0","3221","LIED10CTRL/LLN0$Status"
"4177","0.002324358","ipcas_21:73:33","143","0","3222","LIED10CTRL/LLN0$Status"
"4178","0.001251166","ipcas_21:73:33","143","0","3223","LIED10CTRL/LLN0$Status"
"4179","0.001232166","ipcas_21:73:33","143","0","3224","LIED10CTRL/LLN0$Status"
"4180","0.001265985","ipcas_21:73:33","143","0","3225","LIED10CTRL/LLN0$Status"
"4181","0.001330415","ipcas_21:73:33","143","0","3226","LIED10CTRL/LLN0$Status"
"4182","0.002468769","ipcas_21:73:33","143","0","3227","LIED10CTRL/LLN0$Status"
"4183","0.001367754","ipcas_21:73:33","143","0","3228","LIED10CTRL/LLN0$Status"
"4184","0.001457376","ipcas_21:73:33","143","0","3229","LIED10CTRL/LLN0$Status"
"4185","0.001030766","ipcas_21:73:33","143","0","3230","LIED10CTRL/LLN0$Status"
"4186","0.002523607","ipcas_21:73:33","143","0","3231","LIED10CTRL/LLN0$Status"
"4187","0.002501287","ipcas_21:73:33","143","0","3232","LIED10CTRL/LLN0$Status"
"4188","0.003011017","ipcas_21:73:33","143","0","3233","LIED10CTRL/LLN0$Status"
"4189","0.001956485","ipcas_21:73:33","143","0","3234","LIED10CTRL/LLN0$Status"
"4190","0.002697141","ipcas_21:73:33","143","0","3235","LIED10CTRL/LLN0$Status"
"4191","0.002305171","ipcas_21:73:33","143","0","3236","LIED10CTRL/LLN0$Status"
"4192","0.001125513","ipcas_21:73:33","143","0","3237","LIED10CTRL/LLN0$Status"
"4193","0.001235641","ipcas_21:73:33","143","0","3238","LIED10CTRL/LLN0$Status"
"4194","0.001260363","ipcas_21:73:33","143","0","3239","LIED10CTRL/LLN0$Status"
"4195","0.001265687","ipcas_21:73:33","143","0","3240","LIED10CTRL/LLN0$Status"
"4196","0.001228616","ipcas_21:73:33","143","0","3241","LIED10CTRL/LLN0$Status"
"4197","0.001256708","ipcas_21:73:33","143","0","3242","LIED10CTRL/LLN0$Status"
"4198","0.001410958","ipcas_21:73:33","143","0","3243","LIED10CTRL/LLN0$Status"
"4199","0.001149264","ipcas_21:73:33","143","0","3244","LIED10CTRL/LLN0$Status"
"4200","0.001234633","ipcas_21:73:33","143","0","3245","LIED10CTRL/LLN0$Status"
"4201","0.002600971","ipcas_21:73:33","143","0","3246","LIED10CTRL/LLN0$Status"
"4202","0.002515158","ipcas_21:73:33","143","0","3247","LIED10CTRL/LLN0$Status"
"4203","0.001222791","ipcas_21:73:33","143","0","3248","LIED10CTRL/LLN0$Status"
"4204","0.001229380","ipcas_21:73:33","143","0","3249","LIED10CTRL/LLN0$Status"
"4205","0.001300002","ipcas_21:73:33","143","0","3250","LIED10CTRL/LLN0$Status"
"4206","0.001110643","ipcas_21:73:33","143","0","3251","LIED10CTRL/LLN0$Status"
"4207","0.001380970","ipcas_21:73:33","143","0","3252","LIED10CTRL/LLN0$Status"
"4208","0.001200371","ipcas_21:73:33","143","0","3253","LIED10CTRL/LLN0$Status"
"4209","0.001250952","ipcas_21:73:33","143","0","3254","LIED10CTRL/LLN0$Status"
"4210","0.001130598","ipcas_21:73:33","143","0","3255","LIED10CTRL/LLN0$Status"
"4211","0.001296718","ipcas_21:73:33","143","0","3256","LIED10CTRL/LLN0$Status"
"4212","0.001287620","ipcas_21:73:33","143","0","3257","LIED10CTRL/LLN0$Status"
"4213","0.001285907","ipcas_21:73:33","143","0","3258","LIED10CTRL/LLN0$Status"
"4214","0.002461522","ipcas_21:73:33","143","0","3259","LIED10CTRL/LLN0$Status"
"4215","0.001259990","ipcas_21:73:33","143","0","3260","LIED10CTRL/LLN0$Status"
"4216","0.001289919","ipcas_21:73:33","143","0","3261","LIED10CTRL/LLN0$Status"
"4217","0.001173398","ipcas_21:73:33","143","0","3262","LIED10CTRL/LLN0$Status"
"4218","0.002802365","ipcas_21:73:33","143","0","3263","LIED10CTRL/LLN0$Status"
"4219","0.001141296","ipcas_21:73:33","143","0","3264","LIED10CTRL/LLN0$Status"
"4220","0.002757542","ipcas_21:73:33","143","0","3265","LIED10CTRL/LLN0$Status"
"4221","0.002217452","ipcas_21:73:33","143","0","3266","LIED10CTRL/LLN0$Status"
"4222","0.002635628","ipcas_21:73:33","143","0","3267","LIED10CTRL/LLN0$Status"
"4223","0.001024507","ipcas_21:73:33","143","0","3268","LIED10CTRL/LLN0$Status"
"4224","0.001269172","ipcas_21:73:33","143","0","3269","LIED10CTRL/LLN0$Status"
"4225","0.001307666","ipcas_21:73:33","143","0","3270","LIED10CTRL/LLN0$Status"
"4226","0.001265418","ipcas_21:73:33","143","0","3271","LIED10CTRL/LLN0$Status"
"4227","0.001249536","ipcas_21:73:33","143","0","3272","LIED10CTRL/LLN0$Status"
"4228","0.001038536","ipcas_21:73:33","143","0","3273","LIED10CTRL/LLN0$Status"
"4229","0.001546691","ipcas_21:73:33","143","0","3274","LIED10CTRL/LLN0$Status"
"4230","0.001006221","ipcas_21:73:33","143","0","3275","LIED10CTRL/LLN0$Status"
"4231","0.001246283","ipcas_21:73:33","143","0","3276","LIED10CTRL/LLN0$Status"
"4232","0.002676338","ipcas_21:73:33","143","0","3277","LIED10CTRL/LLN0$Status"
"4233","0.002366606","ipcas_21:73:33","143","0","3278","LIED10CTRL/LLN0$Status"
"4234","0.001244026","ipcas_21:73:33","143","0","3279","LIED10CTRL/LLN0$Status"
"4235","0.001273797","ipcas_21:73:33","143","0","3280","LIED10CTRL/LLN0$Status"
"4236","0.002507728","ipcas_21:73:33","143","0","3281","LIED10CTRL/LLN0$Status"
"4237","0.001148198","ipcas_21:73:33","143","0","3282","LIED10CTRL/LLN0$Status"
"4238","0.001286673","ipcas_21:73:33","143","0","3283","LIED10CTRL/LLN0$Status"
"4239","0.001270680","ipcas_21:73:33","143","0","3284","LIED10CTRL/LLN0$Status"
"4240","0.001251038","ipcas_21:73:33","143","0","3285","LIED10CTRL/LLN0$Status"
"4241","0.001180325","ipcas_21:73:33","143","0","3286","LIED10CTRL/LLN0$Status"
"4242","0.001234453","ipcas_21:73:33","143","0","3287","LIED10CTRL/LLN0$Status"
"4243","0.001278969","ipcas_21:73:33","143","0","3288","LIED10CTRL/LLN0$Status"
"4244","0.001226279","ipcas_21:73:33","143","0","3289","LIED10CTRL/LLN0$Status"
"4245","0.001347244","ipcas_21:73:33","143","0","3290","LIED10CTRL/LLN0$Status"
"4246","0.001145707","ipcas_21:73:33","143","0","3291","LIED10CTRL/LLN0$Status"
"4247","0.001244133","ipcas_21:73:33","143","0","3292","LIED10CTRL/LLN0$Status"
"4248","0.001387372","ipcas_21:73:33","143","0","3293","LIED10CTRL/LLN0$Status"
"4249","0.001170711","ipcas_21:73:33","143","0","3294","LIED10CTRL/LLN0$Status"
"4250","0.001194534","ipcas_21:73:33","143","0","3295","LIED10CTRL/LLN0$Status"
"4251","0.001224219","ipcas_21:73:33","143","0","3296","LIED10CTRL/LLN0$Status"
"4252","0.001300092","ipcas_21:73:33","143","0","3297","LIED10CTRL/LLN0$Status"
"4253","0.001367853","ipcas_21:73:33","143","0","3298","LIED10CTRL/LLN0$Status"
"4254","0.001242895","ipcas_21:73:33","143","0","3299","LIED10CTRL/LLN0$Status"
"4255","0.002528375","ipcas_21:73:33","143","0","3300","LIED10CTRL/LLN0$Status"
"4256","0.002451741","ipcas_21:73:33","143","0","3301","LIED10CTRL/LLN0$Status"
"4257","0.001262954","ipcas_21:73:33","143","0","3302","LIED10CTRL/LLN0$Status"
"4258","0.002385734","ipcas_21:73:33","143","0","3303","LIED10CTRL/LLN0$Status"
"4259","0.001321728","ipcas_21:73:33","143","0","3304","LIED10CTRL/LLN0$Status"
"4260","0.002671079","ipcas_21:73:33","143","0","3305","LIED10CTRL/LLN0$Status"
"4261","0.002268960","ipcas_21:73:33","143","0","3306","LIED10CTRL/LLN0$Status"
"4262","0.001333419","ipcas_21:73:33","143","0","3307","LIED10CTRL/LLN0$Status"
"4263","0.002428438","ipcas_21:73:33","143","0","3308","LIED10CTRL/LLN0$Status"
"4264","0.002559397","ipcas_21:73:33","143","0","3309","LIED10CTRL/LLN0$Status"
"4265","0.002508612","ipcas_21:73:33","143","0","3310","LIED10CTRL/LLN0$Status"
"4266","0.002392265","ipcas_21:73:33","143","0","3311","LIED10CTRL/LLN0$Status"
"4267","0.001360709","ipcas_21:73:33","143","0","3312","LIED10CTRL/LLN0$Status"
"4268","0.002455355","ipcas_21:73:33","143","0","3313","LIED10CTRL/LLN0$Status"
"4269","0.001500540","ipcas_21:73:33","143","0","3314","LIED10CTRL/LLN0$Status"
"4270","0.001296682","ipcas_21:73:33","143","0","3315","LIED10CTRL/LLN0$Status"
"4271","0.002174486","ipcas_21:73:33","143","0","3316","LIED10CTRL/LLN0$Status"
"4272","0.001628135","ipcas_21:73:33","143","0","3317","LIED10CTRL/LLN0$Status"
"4273","0.002649221","ipcas_21:73:33","143","0","3318","LIED10CTRL/LLN0$Status"
"4274","0.001982377","ipcas_21:73:33","143","0","3319","LIED10CTRL/LLN0$Status"
"4275","0.001652424","ipcas_21:73:33","143","0","3320","LIED10CTRL/LLN0$Status"
"4276","0.002012885","ipcas_21:73:33","143","0","3321","LIED10CTRL/LLN0$Status"
"4277","0.001241902","ipcas_21:73:33","143","0","3322","LIED10CTRL/LLN0$Status"
"4278","0.001538290","ipcas_21:73:33","143","0","3323","LIED10CTRL/LLN0$Status"
"4279","0.002545446","ipcas_21:73:33","143","0","3324","LIED10CTRL/LLN0$Status"
"4280","0.012946072","ipcas_21:73:33","143","0","3325","LIED10CTRL/LLN0$Status"
"4281","0.000006432","ipcas_21:73:33","143","0","3326","LIED10CTRL/LLN0$Status"
"4282","0.000000998","ipcas_21:73:33","143","0","3327","LIED10CTRL/LLN0$Status"
"4283","0.000000582","ipcas_21:73:33","143","0","3328","LIED10CTRL/LLN0$Status"
"4284","0.000000384","ipcas_21:73:33","143","0","3329","LIED10CTRL/LLN0$Status"
"4285","0.000000776","ipcas_21:73:33","143","0","3330","LIED10CTRL/LLN0$Status"
"4286","0.000000677","ipcas_21:73:33","143","0","3331","LIED10CTRL/LLN0$Status"
"4287","0.000000578","ipcas_21:73:33","143","0","3332","LIED10CTRL/LLN0$Status"
"4288","0.000673953","ipcas_21:73:33","143","0","3333","LIED10CTRL/LLN0$Status"
"4289","0.001709762","ipcas_21:73:33","143","0","3334","LIED10CTRL/LLN0$Status"
"4290","0.002407911","ipcas_21:73:33","143","0","3335","LIED10CTRL/LLN0$Status"
"4291","0.002095092","ipcas_21:73:33","143","0","3336","LIED10CTRL/LLN0$Status"
"4292","0.003222487","ipcas_21:73:33","143","0","3337","LIED10CTRL/LLN0$Status"
"4293","0.001624038","ipcas_21:73:33","143","0","3338","LIED10CTRL/LLN0$Status"
"4294","0.001256883","ipcas_21:73:33","143","0","3339","LIED10CTRL/LLN0$Status"
"4295","0.001214265","ipcas_21:73:33","143","0","3340","LIED10CTRL/LLN0$Status"
"4296","0.001185236","ipcas_21:73:33","143","0","3341","LIED10CTRL/LLN0$Status"
"4297","0.001358395","ipcas_21:73:33","143","0","3342","LIED10CTRL/LLN0$Status"
"4298","0.001208235","ipcas_21:73:33","143","0","3343","LIED10CTRL/LLN0$Status"
"4299","0.001411111","ipcas_21:73:33","143","0","3344","LIED10CTRL/LLN0$Status"
"4300","0.002371501","ipcas_21:73:33","143","0","3345","LIED10CTRL/LLN0$Status"
"4301","0.001210207","ipcas_21:73:33","143","0","3346","LIED10CTRL/LLN0$Status"
"4302","0.001280902","ipcas_21:73:33","143","0","3347","LIED10CTRL/LLN0$Status"
"4303","0.002473137","ipcas_21:73:33","143","0","3348","LIED10CTRL/LLN0$Status"
"4304","0.001616401","ipcas_21:73:33","143","0","3349","LIED10CTRL/LLN0$Status"
"4305","0.000947254","ipcas_21:73:33","143","0","3350","LIED10CTRL/LLN0$Status"
"4306","0.001282110","ipcas_21:73:33","143","0","3351","LIED10CTRL/LLN0$Status"
"4307","0.001711786","ipcas_21:73:33","143","0","3352","LIED10CTRL/LLN0$Status"
"4308","0.001989373","ipcas_21:73:33","143","0","3353","LIED10CTRL/LLN0$Status"
"4309","0.001337680","ipcas_21:73:33","143","0","3354","LIED10CTRL/LLN0$Status"
"4310","0.001131911","ipcas_21:73:33","143","0","3355","LIED10CTRL/LLN0$Status"
"4311","0.001170278","ipcas_21:73:33","143","0","3356","LIED10CTRL/LLN0$Status"
"4312","0.001464640","ipcas_21:73:33","143","0","3357","LIED10CTRL/LLN0$Status"
"4313","0.001097077","ipcas_21:73:33","143","0","3358","LIED10CTRL/LLN0$Status"
"4314","0.001310318","ipcas_21:73:33","143","0","3359","LIED10CTRL/LLN0$Status"
"4315","0.001944732","ipcas_21:73:33","143","0","3360","LIED10CTRL/LLN0$Status"
"4316","0.001781489","ipcas_21:73:33","143","0","3361","LIED10CTRL/LLN0$Status"
"4317","0.001266190","ipcas_21:73:33","143","0","3362","LIED10CTRL/LLN0$Status"
"4318","0.001635897","ipcas_21:73:33","143","0","3363","LIED10CTRL/LLN0$Status"
"4319","0.001059115","ipcas_21:73:33","143","0","3364","LIED10CTRL/LLN0$Status"
"4320","0.001884054","ipcas_21:73:33","143","0","3365","LIED10CTRL/LLN0$Status"
"4321","0.001650813","ipcas_21:73:33","143","0","3366","LIED10CTRL/LLN0$Status"
"4322","0.001254390","ipcas_21:73:33","143","0","3367","LIED10CTRL/LLN0$Status"
"4323","0.001494010","ipcas_21:73:33","143","0","3368","LIED10CTRL/LLN0$Status"
"4324","0.002231985","ipcas_21:73:33","143","0","3369","LIED10CTRL/LLN0$Status"
"4325","0.001517514","ipcas_21:73:33","143","0","3370","LIED10CTRL/LLN0$Status"
"4326","0.001090702","ipcas_21:73:33","143","0","3371","LIED10CTRL/LLN0$Status"
"4327","0.001302465","ipcas_21:73:33","143","0","3372","LIED10CTRL/LLN0$Status"
"4328","0.001097997","ipcas_21:73:33","143","0","3373","LIED10CTRL/LLN0$Status"
"4329","0.002704626","ipcas_21:73:33","143","0","3374","LIED10CTRL/LLN0$Status"
"4330","0.002410208","ipcas_21:73:33","143","0","3375","LIED10CTRL/LLN0$Status"
"4331","0.001122397","ipcas_21:73:33","143","0","3376","LIED10CTRL/LLN0$Status"
"4332","0.001253672","ipcas_21:73:33","143","0","3377","LIED10CTRL/LLN0$Status"
"4333","0.001369681","ipcas_21:73:33","143","0","3378","LIED10CTRL/LLN0$Status"
"4334","0.001125155","ipcas_21:73:33","143","0","3379","LIED10CTRL/LLN0$Status"
"4335","0.001470309","ipcas_21:73:33","143","0","3380","LIED10CTRL/LLN0$Status"
"4336","0.002463016","ipcas_21:73:33","143","0","3381","LIED10CTRL/LLN0$Status"
"4337","0.001080710","ipcas_21:73:33","143","0","3382","LIED10CTRL/LLN0$Status"
"4338","0.001395844","ipcas_21:73:33","143","0","3383","LIED10CTRL/LLN0$Status"
"4339","0.001213854","ipcas_21:73:33","143","0","3384","LIED10CTRL/LLN0$Status"
"4340","0.001208175","ipcas_21:73:33","143","0","3385","LIED10CTRL/LLN0$Status"
"4341","0.001314258","ipcas_21:73:33","143","0","3386","LIED10CTRL/LLN0$Status"
"4342","0.001123598","ipcas_21:73:33","143","0","3387","LIED10CTRL/LLN0$Status"
"4343","0.001463195","ipcas_21:73:33","143","0","3388","LIED10CTRL/LLN0$Status"
"4344","0.001449593","ipcas_21:73:33","143","0","3389","LIED10CTRL/LLN0$Status"
"4345","0.002124231","ipcas_21:73:33","143","0","3390","LIED10CTRL/LLN0$Status"
"4346","0.001227067","ipcas_21:73:33","143","0","3391","LIED10CTRL/LLN0$Status"
"4347","0.001338107","ipcas_21:73:33","143","0","3392","LIED10CTRL/LLN0$Status"
"4348","0.001165378","ipcas_21:73:33","143","0","3393","LIED10CTRL/LLN0$Status"
"4349","0.001252618","ipcas_21:73:33","143","0","3394","LIED10CTRL/LLN0$Status"
"4350","0.001331415","ipcas_21:73:33","143","0","3395","LIED10CTRL/LLN0$Status"
"4351","0.001308270","ipcas_21:73:33","143","0","3396","LIED10CTRL/LLN0$Status"
"4352","0.001477174","ipcas_21:73:33","143","0","3397","LIED10CTRL/LLN0$Status"
"4353","0.001150920","ipcas_21:73:33","143","0","3398","LIED10CTRL/LLN0$Status"
"4354","0.001164696","ipcas_21:73:33","143","0","3399","LIED10CTRL/LLN0$Status"
"4355","0.001083298","ipcas_21:73:33","143","0","3400","LIED10CTRL/LLN0$Status"
"4356","0.001528951","ipcas_21:73:33","143","0","3401","LIED10CTRL/LLN0$Status"
"4357","0.001491031","ipcas_21:73:33","143","0","3402","LIED10CTRL/LLN0$Status"
"4358","0.002003345","ipcas_21:73:33","143","0","3403","LIED10CTRL/LLN0$Status"
"4359","0.001194620","ipcas_21:73:33","143","0","3404","LIED10CTRL/LLN0$Status"
"4360","0.001273892","ipcas_21:73:33","143","0","3405","LIED10CTRL/LLN0$Status"
"4361","0.001400351","ipcas_21:73:33","143","0","3406","LIED10CTRL/LLN0$Status"
"4362","0.001157185","ipcas_21:73:33","143","0","3407","LIED10CTRL/LLN0$Status"
"4363","0.002402714","ipcas_21:73:33","143","0","3408","LIED10CTRL/LLN0$Status"
"4364","0.001262464","ipcas_21:73:33","143","0","3409","LIED10CTRL/LLN0$Status"
"4365","0.001251067","ipcas_21:73:33","143","0","3410","LIED10CTRL/LLN0$Status"
"4366","0.001567558","ipcas_21:73:33","143","0","3411","LIED10CTRL/LLN0$Status"
"4367","0.000967959","ipcas_21:73:33","143","0","3412","LIED10CTRL/LLN0$Status"
"4368","0.001190694","ipcas_21:73:33","143","0","3413","LIED10CTRL/LLN0$Status"
"4369","0.001236765","ipcas_21:73:33","143","0","3414","LIED10CTRL/LLN0$Status"
"4370","0.001254626","ipcas_21:73:33","143","0","3415","LIED10CTRL/LLN0$Status"
"4371","0.001291462","ipcas_21:73:33","143","0","3416","LIED10CTRL/LLN0$Status"
"4372","0.001556894","ipcas_21:73:33","143","0","3417","LIED10CTRL/LLN0$Status"
"4373","0.001162250","ipcas_21:73:33","143","0","3418","LIED10CTRL/LLN0$Status"
"4374","0.001093298","ipcas_21:73:33","143","0","3419","LIED10CTRL/LLN0$Status"
"4375","0.002422318","ipcas_21:73:33","143","0","3420","LIED10CTRL/LLN0$Status"
"4376","0.001256558","ipcas_21:73:33","143","0","3421","LIED10CTRL/LLN0$Status"
"4377","0.001235372","ipcas_21:73:33","143","0","3422","LIED10CTRL/LLN0$Status"
"4378","0.001359274","ipcas_21:73:33","143","0","3423","LIED10CTRL/LLN0$Status"
"4379","0.001291533","ipcas_21:73:33","143","0","3424","LIED10CTRL/LLN0$Status"
"4380","0.001192903","ipcas_21:73:33","143","0","3425","LIED10CTRL/LLN0$Status"
"4381","0.001187091","ipcas_21:73:33","143","0","3426","LIED10CTRL/LLN0$Status"
"4382","0.001321944","ipcas_21:73:33","143","0","3427","LIED10CTRL/LLN0$Status"
"4383","0.001280049","ipcas_21:73:33","143","0","3428","LIED10CTRL/LLN0$Status"
"4384","0.001134411","ipcas_21:73:33","143","0","3429","LIED10CTRL/LLN0$Status"
"4385","0.001241280","ipcas_21:73:33","143","0","3430","LIED10CTRL/LLN0$Status"
"4386","0.001238376","ipcas_21:73:33","143","0","3431","LIED10CTRL/LLN0$Status"
"4387","0.001379574","ipcas_21:73:33","143","0","3432","LIED10CTRL/LLN0$Status"
"4388","0.002419528","ipcas_21:73:33","143","0","3433","LIED10CTRL/LLN0$Status"
"4389","0.001231284","ipcas_21:73:33","143","0","3434","LIED10CTRL/LLN0$Status"
"4390","0.001335559","ipcas_21:73:33","143","0","3435","LIED10CTRL/LLN0$Status"
"4391","0.001686674","ipcas_21:73:33","143","0","3436","LIED10CTRL/LLN0$Status"
"4392","0.002009840","ipcas_21:73:33","143","0","3437","LIED10CTRL/LLN0$Status"
"4393","0.001183060","ipcas_21:73:33","143","0","3438","LIED10CTRL/LLN0$Status"
"4394","0.001238347","ipcas_21:73:33","143","0","3439","LIED10CTRL/LLN0$Status"
"4395","0.001279276","ipcas_21:73:33","143","0","3440","LIED10CTRL/LLN0$Status"
"4396","0.001286601","ipcas_21:73:33","143","0","3441","LIED10CTRL/LLN0$Status"
"4397","0.002461351","ipcas_21:73:33","143","0","3442","LIED10CTRL/LLN0$Status"
"4398","0.002492503","ipcas_21:73:33","143","0","3443","LIED10CTRL/LLN0$Status"
"4399","0.001288090","ipcas_21:73:33","143","0","3444","LIED10CTRL/LLN0$Status"
"4400","0.002473890","ipcas_21:73:33","143","0","3445","LIED10CTRL/LLN0$Status"
"4401","0.001258836","ipcas_21:73:33","143","0","3446","LIED10CTRL/LLN0$Status"
"4402","0.001210222","ipcas_21:73:33","143","0","3447","LIED10CTRL/LLN0$Status"
"4403","0.001319323","ipcas_21:73:33","143","0","3448","LIED10CTRL/LLN0$Status"
"4404","0.002495105","ipcas_21:73:33","143","0","3449","LIED10CTRL/LLN0$Status"
"4405","0.001244760","ipcas_21:73:33","143","0","3450","LIED10CTRL/LLN0$Status"
"4406","0.002453108","ipcas_21:73:33","143","0","3451","LIED10CTRL/LLN0$Status"
"4407","0.001302815","ipcas_21:73:33","143","0","3452","LIED10CTRL/LLN0$Status"
"4408","0.001184902","ipcas_21:73:33","143","0","3453","LIED10CTRL/LLN0$Status"
"4409","0.001247846","ipcas_21:73:33","143","0","3454","LIED10CTRL/LLN0$Status"
"4410","0.001266489","ipcas_21:73:33","143","0","3455","LIED10CTRL/LLN0$Status"
"4411","0.001315708","ipcas_21:73:33","143","0","3456","LIED10CTRL/LLN0$Status"
"4412","0.001197214","ipcas_21:73:33","143","0","3457","LIED10CTRL/LLN0$Status"
"4413","0.001269382","ipcas_21:73:33","143","0","3458","LIED10CTRL/LLN0$Status"
"4414","0.001216254","ipcas_21:73:33","143","0","3459","LIED10CTRL/LLN0$Status"
"4415","0.001243447","ipcas_21:73:33","143","0","3460","LIED10CTRL/LLN0$Status"
"4416","0.001241625","ipcas_21:73:33","143","0","3461","LIED10CTRL/LLN0$Status"
"4417","0.001304607","ipcas_21:73:33","143","0","3462","LIED10CTRL/LLN0$Status"
"4418","0.001216850","ipcas_21:73:33","143","0","3463","LIED10CTRL/LLN0$Status"
"4419","0.001271513","ipcas_21:73:33","143","0","3464","LIED10CTRL/LLN0$Status"
"4420","0.001302171","ipcas_21:73:33","143","0","3465","LIED10CTRL/LLN0$Status"
"4421","0.002469185","ipcas_21:73:33","143","0","3466","LIED10CTRL/LLN0$Status"
"4422","0.002551041","ipcas_21:73:33","143","0","3467","LIED10CTRL/LLN0$Status"
"4423","0.002422430","ipcas_21:73:33","143","0","3468","LIED10CTRL/LLN0$Status"
"4424","0.001281139","ipcas_21:73:33","143","0","3469","LIED10CTRL/LLN0$Status"
"4425","0.002576795","ipcas_21:73:33","143","0","3470","LIED10CTRL/LLN0$Status"
"4426","0.002413073","ipcas_21:73:33","143","0","3471","LIED10CTRL/LLN0$Status"
"4427","0.002491915","ipcas_21:73:33","143","0","3472","LIED10CTRL/LLN0$Status"
"4428","0.002578372","ipcas_21:73:33","143","0","3473","LIED10CTRL/LLN0$Status"
"4429","0.002470048","ipcas_21:73:33","143","0","3474","LIED10CTRL/LLN0$Status"
"4430","0.002571308","ipcas_21:73:33","143","0","3475","LIED10CTRL/LLN0$Status"
"4431","0.002445899","ipcas_21:73:33","143","0","3476","LIED10CTRL/LLN0$Status"
"4432","0.002699436","ipcas_21:73:33","143","0","3477","LIED10CTRL/LLN0$Status"
"4433","0.002339083","ipcas_21:73:33","143","0","3478","LIED10CTRL/LLN0$Status"
"4434","0.002387687","ipcas_21:73:33","143","0","3479","LIED10CTRL/LLN0$Status"
"4435","0.002658038","ipcas_21:73:33","143","0","3480","LIED10CTRL/LLN0$Status"
"4436","0.002445165","ipcas_21:73:33","143","0","3481","LIED10CTRL/LLN0$Status"
"4437","0.002412550","ipcas_21:73:33","143","0","3482","LIED10CTRL/LLN0$Status"
"4438","0.001268141","ipcas_21:73:33","143","0","3483","LIED10CTRL/LLN0$Status"
"4439","0.001325709","ipcas_21:73:33","143","0","3484","LIED10CTRL/LLN0$Status"
"4440","0.002492179","ipcas_21:73:33","143","0","3485","LIED10CTRL/LLN0$Status"
"4441","0.002538926","ipcas_21:73:33","143","0","3486","LIED10CTRL/LLN0$Status"
"4442","0.002401865","ipcas_21:73:33","143","0","3487","LIED10CTRL/LLN0$Status"
"4443","0.001333772","ipcas_21:73:33","143","0","3488","LIED10CTRL/LLN0$Status"
"4444","0.002468563","ipcas_21:73:33","143","0","3489","LIED10CTRL/LLN0$Status"
"4445","0.002516319","ipcas_21:73:33","143","0","3490","LIED10CTRL/LLN0$Status"
"4446","0.002362387","ipcas_21:73:33","143","0","3491","LIED10CTRL/LLN0$Status"
"4447","0.001313876","ipcas_21:73:33","143","0","3492","LIED10CTRL/LLN0$Status"
"4448","0.001360201","ipcas_21:73:33","143","0","3493","LIED10CTRL/LLN0$Status"
"4449","0.002460341","ipcas_21:73:33","143","0","3494","LIED10CTRL/LLN0$Status"
"4450","0.002515318","ipcas_21:73:33","143","0","3495","LIED10CTRL/LLN0$Status"
"4451","0.002489885","ipcas_21:73:33","143","0","3496","LIED10CTRL/LLN0$Status"
"4452","0.001954942","ipcas_21:73:33","143","0","3497","LIED10CTRL/LLN0$Status"
"4453","0.001713013","ipcas_21:73:33","143","0","3498","LIED10CTRL/LLN0$Status"
"4454","0.001350873","ipcas_21:73:33","143","0","3499","LIED10CTRL/LLN0$Status"
"4455","0.002421520","ipcas_21:73:33","143","0","3500","LIED10CTRL/LLN0$Status"
"4456","0.001310130","ipcas_21:73:33","143","0","3501","LIED10CTRL/LLN0$Status"
"4457","0.001364567","ipcas_21:73:33","143","0","3502","LIED10CTRL/LLN0$Status"
"4458","0.002398323","ipcas_21:73:33","143","0","3503","LIED10CTRL/LLN0$Status"
"4459","0.001316027","ipcas_21:73:33","143","0","3504","LIED10CTRL/LLN0$Status"
"4460","0.001262018","ipcas_21:73:33","143","0","3505","LIED10CTRL/LLN0$Status"
"4461","0.002498374","ipcas_21:73:33","143","0","3506","LIED10CTRL/LLN0$Status"
"4462","0.001247352","ipcas_21:73:33","143","0","3507","LIED10CTRL/LLN0$Status"
"4463","0.002448549","ipcas_21:73:33","143","0","3508","LIED10CTRL/LLN0$Status"
"4464","0.002972154","ipcas_21:73:33","143","0","3509","LIED10CTRL/LLN0$Status"
"4465","0.002080898","ipcas_21:73:33","143","0","3510","LIED10CTRL/LLN0$Status"
"4466","0.002492972","ipcas_21:73:33","143","0","3511","LIED10CTRL/LLN0$Status"
"4467","0.002585957","ipcas_21:73:33","143","0","3512","LIED10CTRL/LLN0$Status"
"4468","0.002415322","ipcas_21:73:33","143","0","3513","LIED10CTRL/LLN0$Status"
"4469","0.002552002","ipcas_21:73:33","143","0","3514","LIED10CTRL/LLN0$Status"
"4470","0.002450892","ipcas_21:73:33","143","0","3515","LIED10CTRL/LLN0$Status"
"4471","0.002502828","ipcas_21:73:33","143","0","3516","LIED10CTRL/LLN0$Status"
"4472","0.001243691","ipcas_21:73:33","143","0","3517","LIED10CTRL/LLN0$Status"
"4473","0.002339880","ipcas_21:73:33","143","0","3518","LIED10CTRL/LLN0$Status"
"4474","0.002560169","ipcas_21:73:33","143","0","3519","LIED10CTRL/LLN0$Status"
"4475","0.001186529","ipcas_21:73:33","143","0","3520","LIED10CTRL/LLN0$Status"
"4476","0.001355443","ipcas_21:73:33","143","0","3521","LIED10CTRL/LLN0$Status"
"4477","0.002447829","ipcas_21:73:33","143","0","3522","LIED10CTRL/LLN0$Status"
"4478","0.002495299","ipcas_21:73:33","143","0","3523","LIED10CTRL/LLN0$Status"
"4479","0.002672351","ipcas_21:73:33","143","0","3524","LIED10CTRL/LLN0$Status"
"4480","0.002270163","ipcas_21:73:33","143","0","3525","LIED10CTRL/LLN0$Status"
"4481","0.001226874","ipcas_21:73:33","143","0","3526","LIED10CTRL/LLN0$Status"
"4482","0.001246092","ipcas_21:73:33","143","0","3527","LIED10CTRL/LLN0$Status"
"4483","0.002596535","ipcas_21:73:33","143","0","3528","LIED10CTRL/LLN0$Status"
"4484","0.002519612","ipcas_21:73:33","143","0","3529","LIED10CTRL/LLN0$Status"
"4485","0.002495420","ipcas_21:73:33","143","0","3530","LIED10CTRL/LLN0$Status"
"4486","0.001133119","ipcas_21:73:33","143","0","3531","LIED10CTRL/LLN0$Status"
"4487","0.001258026","ipcas_21:73:33","143","0","3532","LIED10CTRL/LLN0$Status"
"4488","0.001326700","ipcas_21:73:33","143","0","3533","LIED10CTRL/LLN0$Status"
"4489","0.001219951","ipcas_21:73:33","143","0","3534","LIED10CTRL/LLN0$Status"
"4490","0.001219480","ipcas_21:73:33","143","0","3535","LIED10CTRL/LLN0$Status"
"4491","0.001332375","ipcas_21:73:33","143","0","3536","LIED10CTRL/LLN0$Status"
"4492","0.002394533","ipcas_21:73:33","143","0","3537","LIED10CTRL/LLN0$Status"
"4493","0.001339245","ipcas_21:73:33","143","0","3538","LIED10CTRL/LLN0$Status"
"4494","0.001314657","ipcas_21:73:33","143","0","3539","LIED10CTRL/LLN0$Status"
"4495","0.002396692","ipcas_21:73:33","143","0","3540","LIED10CTRL/LLN0$Status"
"4496","0.001246615","ipcas_21:73:33","143","0","3541","LIED10CTRL/LLN0$Status"
"4497","0.001269954","ipcas_21:73:33","143","0","3542","LIED10CTRL/LLN0$Status"
"4498","0.001212283","ipcas_21:73:33","143","0","3543","LIED10CTRL/LLN0$Status"
"4499","0.001252781","ipcas_21:73:33","143","0","3544","LIED10CTRL/LLN0$Status"
"4500","0.001254791","ipcas_21:73:33","143","0","3545","LIED10CTRL/LLN0$Status"
"4501","0.001287206","ipcas_21:73:33","143","0","3546","LIED10CTRL/LLN0$Status"
"4502","0.001414310","ipcas_21:73:33","143","0","3547","LIED10CTRL/LLN0$Status"
"4503","0.001102325","ipcas_21:73:33","143","0","3548","LIED10CTRL/LLN0$Status"
"4504","0.001174788","ipcas_21:73:33","143","0","3549","LIED10CTRL/LLN0$Status"
"4505","0.001422753","ipcas_21:73:33","143","0","3550","LIED10CTRL/LLN0$Status"
"4506","0.002399294","ipcas_21:73:33","143","0","3551","LIED10CTRL/LLN0$Status"
"4507","0.001280115","ipcas_21:73:33","143","0","3552","LIED10CTRL/LLN0$Status"
"4508","0.001216922","ipcas_21:73:33","143","0","3553","LIED10CTRL/LLN0$Status"
"4509","0.001282683","ipcas_21:73:33","143","0","3554","LIED10CTRL/LLN0$Status"
"4510","0.001409782","ipcas_21:73:33","143","0","3555","LIED10CTRL/LLN0$Status"
"4511","0.002405813","ipcas_21:73:33","143","0","3556","LIED10CTRL/LLN0$Status"
"4512","0.002492683","ipcas_21:73:33","143","0","3557","LIED10CTRL/LLN0$Status"
"4513","0.001280761","ipcas_21:73:33","143","0","3558","LIED10CTRL/LLN0$Status"
"4514","0.001129113","ipcas_21:73:33","143","0","3559","LIED10CTRL/LLN0$Status"
"4515","0.001253177","ipcas_21:73:33","143","0","3560","LIED10CTRL/LLN0$Status"
"4516","0.001461286","ipcas_21:73:33","143","0","3561","LIED10CTRL/LLN0$Status"
"4519","0.001795356","ipcas_21:73:33","143","0","3562","LIED10CTRL/LLN0$Status"
"4520","0.001760476","ipcas_21:73:33","143","0","3563","LIED10CTRL/LLN0$Status"
"4521","0.001462337","ipcas_21:73:33","143","0","3564","LIED10CTRL/LLN0$Status"
"4522","0.001008659","ipcas_21:73:33","143","0","3565","LIED10CTRL/LLN0$Status"
"4523","0.001297963","ipcas_21:73:33","143","0","3566","LIED10CTRL/LLN0$Status"
"4524","0.001343365","ipcas_21:73:33","143","0","3567","LIED10CTRL/LLN0$Status"
"4525","0.002549263","ipcas_21:73:33","143","0","3568","LIED10CTRL/LLN0$Status"
"4526","0.001296194","ipcas_21:73:33","143","0","3569","LIED10CTRL/LLN0$Status"
"4527","0.002690428","ipcas_21:73:33","143","0","3570","LIED10CTRL/LLN0$Status"
"4528","0.002239842","ipcas_21:73:33","143","0","3571","LIED10CTRL/LLN0$Status"
"4529","0.002338946","ipcas_21:73:33","143","0","3572","LIED10CTRL/LLN0$Status"
"4530","0.001332007","ipcas_21:73:33","143","0","3573","LIED10CTRL/LLN0$Status"
"4531","0.002505561","ipcas_21:73:33","143","0","3574","LIED10CTRL/LLN0$Status"
"4532","0.002492029","ipcas_21:73:33","143","0","3575","LIED10CTRL/LLN0$Status"
"4533","0.001282727","ipcas_21:73:33","143","0","3576","LIED10CTRL/LLN0$Status"
"4534","0.001250214","ipcas_21:73:33","143","0","3577","LIED10CTRL/LLN0$Status"
"4535","0.001627993","ipcas_21:73:33","143","0","3578","LIED10CTRL/LLN0$Status"
"4536","0.002267637","ipcas_21:73:33","143","0","3579","LIED10CTRL/LLN0$Status"
"4537","0.001173697","ipcas_21:73:33","143","0","3580","LIED10CTRL/LLN0$Status"
"4538","0.002846496","ipcas_21:73:33","143","0","3581","LIED10CTRL/LLN0$Status"
"4539","0.002056022","ipcas_21:73:33","143","0","3582","LIED10CTRL/LLN0$Status"
"4540","0.001248627","ipcas_21:73:33","143","0","3583","LIED10CTRL/LLN0$Status"
"4541","0.002492581","ipcas_21:73:33","143","0","3584","LIED10CTRL/LLN0$Status"
"4542","0.003030233","ipcas_21:73:33","143","0","3585","LIED10CTRL/LLN0$Status"
"4543","0.002055910","ipcas_21:73:33","143","0","3586","LIED10CTRL/LLN0$Status"
"4544","0.001676557","ipcas_21:73:33","143","0","3587","LIED10CTRL/LLN0$Status"
"4545","0.000869069","ipcas_21:73:33","143","0","3588","LIED10CTRL/LLN0$Status"
"4546","0.002387608","ipcas_21:73:33","143","0","3589","LIED10CTRL/LLN0$Status"
"4547","0.001233727","ipcas_21:73:33","143","0","3590","LIED10CTRL/LLN0$Status"
"4548","0.002509570","ipcas_21:73:33","143","0","3591","LIED10CTRL/LLN0$Status"
"4549","0.002780464","ipcas_21:73:33","143","0","3592","LIED10CTRL/LLN0$Status"
"4550","0.002358846","ipcas_21:73:33","143","0","3593","LIED10CTRL/LLN0$Status"
"4551","0.002555101","ipcas_21:73:33","143","0","3594","LIED10CTRL/LLN0$Status"
"4552","0.002496319","ipcas_21:73:33","143","0","3595","LIED10CTRL/LLN0$Status"
"4553","0.002316608","ipcas_21:73:33","143","0","3596","LIED10CTRL/LLN0$Status"
"4554","0.001439232","ipcas_21:73:33","143","0","3597","LIED10CTRL/LLN0$Status"
"4555","0.002326263","ipcas_21:73:33","143","0","3598","LIED10CTRL/LLN0$Status"
"4556","0.001233228","ipcas_21:73:33","143","0","3599","LIED10CTRL/LLN0$Status"
"4557","0.001250682","ipcas_21:73:33","143","0","3600","LIED10CTRL/LLN0$Status"
"4558","0.002548996","ipcas_21:73:33","143","0","3601","LIED10CTRL/LLN0$Status"
"4559","0.001202825","ipcas_21:73:33","143","0","3602","LIED10CTRL/LLN0$Status"
"4560","0.002485923","ipcas_21:73:33","143","0","3603","LIED10CTRL/LLN0$Status"
"4561","0.002694006","ipcas_21:73:33","143","0","3604","LIED10CTRL/LLN0$Status"
"4562","0.002505711","ipcas_21:73:33","143","0","3605","LIED10CTRL/LLN0$Status"
"4563","0.002313560","ipcas_21:73:33","143","0","3606","LIED10CTRL/LLN0$Status"
"4564","0.002744564","ipcas_21:73:33","143","0","3607","LIED10CTRL/LLN0$Status"
"4565","0.002654857","ipcas_21:73:33","143","0","3608","LIED10CTRL/LLN0$Status"
"4566","0.002402841","ipcas_21:73:33","143","0","3609","LIED10CTRL/LLN0$Status"
"4567","0.002176311","ipcas_21:73:33","143","0","3610","LIED10CTRL/LLN0$Status"
"4568","0.002521403","ipcas_21:73:33","143","0","3611","LIED10CTRL/LLN0$Status"
"4569","0.001495411","ipcas_21:73:33","143","0","3612","LIED10CTRL/LLN0$Status"
"4570","0.002247309","ipcas_21:73:33","143","0","3613","LIED10CTRL/LLN0$Status"
"4571","0.002754144","ipcas_21:73:33","143","0","3614","LIED10CTRL/LLN0$Status"
"4572","0.002493316","ipcas_21:73:33","143","0","3615","LIED10CTRL/LLN0$Status"
"4575","0.001840083","ipcas_21:73:33","143","0","3616","LIED10CTRL/LLN0$Status"
"4576","0.003213363","ipcas_21:73:33","143","0","3617","LIED10CTRL/LLN0$Status"
"4577","0.002571750","ipcas_21:73:33","143","0","3618","LIED10CTRL/LLN0$Status"
"4578","0.002601801","ipcas_21:73:33","143","0","3619","LIED10CTRL/LLN0$Status"
"4579","0.002324276","ipcas_21:73:33","143","0","3620","LIED10CTRL/LLN0$Status"
"4583","0.003797631","ipcas_21:73:33","143","0","3621","LIED10CTRL/LLN0$Status"
"4587","0.002479725","ipcas_21:73:33","143","0","3622","LIED10CTRL/LLN0$Status"
"4591","0.001764158","ipcas_21:73:33","143","0","3623","LIED10CTRL/LLN0$Status"
"4592","0.001993929","ipcas_21:73:33","143","0","3624","LIED10CTRL/LLN0$Status"
"4596","0.001024850","ipcas_21:73:33","143","0","3625","LIED10CTRL/LLN0$Status"
"4597","0.002266176","ipcas_21:73:33","143","0","3626","LIED10CTRL/LLN0$Status"
"4598","0.001278347","ipcas_21:73:33","143","0","3627","LIED10CTRL/LLN0$Status"
"4599","0.001269312","ipcas_21:73:33","143","0","3628","LIED10CTRL/LLN0$Status"
"4600","0.001283765","ipcas_21:73:33","143","0","3629","LIED10CTRL/LLN0$Status"
"4601","0.001161762","ipcas_21:73:33","143","0","3630","LIED10CTRL/LLN0$Status"
"4602","0.001275777","ipcas_21:73:33","143","0","3631","LIED10CTRL/LLN0$Status"
"4603","0.001371612","ipcas_21:73:33","143","0","3632","LIED10CTRL/LLN0$Status"
"4604","0.001142344","ipcas_21:73:33","143","0","3633","LIED10CTRL/LLN0$Status"
"4605","0.001217353","ipcas_21:73:33","143","0","3634","LIED10CTRL/LLN0$Status"
"4606","0.001223685","ipcas_21:73:33","143","0","3635","LIED10CTRL/LLN0$Status"
"4610","0.001231344","ipcas_21:73:33","143","0","3636","LIED10CTRL/LLN0$Status"
"4611","0.001554120","ipcas_21:73:33","143","0","3637","LIED10CTRL/LLN0$Status"
"4612","0.000988828","ipcas_21:73:33","143","0","3638","LIED10CTRL/LLN0$Status"
"4613","0.001225128","ipcas_21:73:33","143","0","3639","LIED10CTRL/LLN0$Status"
"4614","0.001257666","ipcas_21:73:33","143","0","3640","LIED10CTRL/LLN0$Status"
"4618","0.001330100","ipcas_21:73:33","143","0","3641","LIED10CTRL/LLN0$Status"
"4619","0.001137596","ipcas_21:73:33","143","0","3642","LIED10CTRL/LLN0$Status"
"4620","0.001292830","ipcas_21:73:33","143","0","3643","LIED10CTRL/LLN0$Status"
"4621","0.001257063","ipcas_21:73:33","143","0","3644","LIED10CTRL/LLN0$Status"
"4625","0.001350637","ipcas_21:73:33","143","0","3645","LIED10CTRL/LLN0$Status"
"4626","0.001103134","ipcas_21:73:33","143","0","3646","LIED10CTRL/LLN0$Status"
"4629","0.001168133","ipcas_21:73:33","143","0","3647","LIED10CTRL/LLN0$Status"
"4630","0.001343405","ipcas_21:73:33","143","0","3648","LIED10CTRL/LLN0$Status"
"4631","0.001264449","ipcas_21:73:33","143","0","3649","LIED10CTRL/LLN0$Status"
"4632","0.001258844","ipcas_21:73:33","143","0","3650","LIED10CTRL/LLN0$Status"
"4633","0.001317410","ipcas_21:73:33","143","0","3651","LIED10CTRL/LLN0$Status"
"4634","0.001182001","ipcas_21:73:33","143","0","3652","LIED10CTRL/LLN0$Status"
"4635","0.001209225","ipcas_21:73:33","143","0","3653","LIED10CTRL/LLN0$Status"
"4636","0.001356306","ipcas_21:73:33","143","0","3654","LIED10CTRL/LLN0$Status"
"4637","0.001335241","ipcas_21:73:33","143","0","3655","LIED10CTRL/LLN0$Status"
"4638","0.001088722","ipcas_21:73:33","143","0","3656","LIED10CTRL/LLN0$Status"
"4639","0.001271387","ipcas_21:73:33","143","0","3657","LIED10CTRL/LLN0$Status"
"4640","0.001311809","ipcas_21:73:33","143","0","3658","LIED10CTRL/LLN0$Status"
"4641","0.002484233","ipcas_21:73:33","143","0","3659","LIED10CTRL/LLN0$Status"
"4642","0.001161387","ipcas_21:73:33","143","0","3660","LIED10CTRL/LLN0$Status"
"4643","0.001238078","ipcas_21:73:33","143","0","3661","LIED10CTRL/LLN0$Status"
"4644","0.001274583","ipcas_21:73:33","143","0","3662","LIED10CTRL/LLN0$Status"
"4645","0.001319548","ipcas_21:73:33","143","0","3663","LIED10CTRL/LLN0$Status"
"4646","0.001184042","ipcas_21:73:33","143","0","3664","LIED10CTRL/LLN0$Status"
"4647","0.001328806","ipcas_21:73:33","143","0","3665","LIED10CTRL/LLN0$Status"
"4648","0.001322755","ipcas_21:73:33","143","0","3666","LIED10CTRL/LLN0$Status"
"4649","0.001117889","ipcas_21:73:33","143","0","3667","LIED10CTRL/LLN0$Status"
"4650","0.001259691","ipcas_21:73:33","143","0","3668","LIED10CTRL/LLN0$Status"
"4651","0.001234834","ipcas_21:73:33","143","0","3669","LIED10CTRL/LLN0$Status"
"4652","0.001332377","ipcas_21:73:33","143","0","3670","LIED10CTRL/LLN0$Status"
"4653","0.001195470","ipcas_21:73:33","143","0","3671","LIED10CTRL/LLN0$Status"
"4654","0.001232119","ipcas_21:73:33","143","0","3672","LIED10CTRL/LLN0$Status"
"4655","0.001218585","ipcas_21:73:33","143","0","3673","LIED10CTRL/LLN0$Status"
"4656","0.001312809","ipcas_21:73:33","143","0","3674","LIED10CTRL/LLN0$Status"
"4657","0.001262373","ipcas_21:73:33","143","0","3675","LIED10CTRL/LLN0$Status"
"4658","0.001304079","ipcas_21:73:33","143","0","3676","LIED10CTRL/LLN0$Status"
"4659","0.001233063","ipcas_21:73:33","143","0","3677","LIED10CTRL/LLN0$Status"
"4660","0.001250251","ipcas_21:73:33","143","0","3678","LIED10CTRL/LLN0$Status"
"4661","0.002709381","ipcas_21:73:33","143","0","3679","LIED10CTRL/LLN0$Status"
"4662","0.002271144","ipcas_21:73:33","143","0","3680","LIED10CTRL/LLN0$Status"
"4663","0.001347886","ipcas_21:73:33","143","0","3681","LIED10CTRL/LLN0$Status"
"4664","0.002568806","ipcas_21:73:33","143","0","3682","LIED10CTRL/LLN0$Status"
"4665","0.002267073","ipcas_21:73:33","143","0","3683","LIED10CTRL/LLN0$Status"
"4666","0.001294229","ipcas_21:73:33","143","0","3684","LIED10CTRL/LLN0$Status"
"4667","0.002730917","ipcas_21:73:33","143","0","3685","LIED10CTRL/LLN0$Status"
"4668","0.001223768","ipcas_21:73:33","143","0","3686","LIED10CTRL/LLN0$Status"
"4669","0.002316530","ipcas_21:73:33","143","0","3687","LIED10CTRL/LLN0$Status"
"4670","0.002498129","ipcas_21:73:33","143","0","3688","LIED10CTRL/LLN0$Status"
"4671","0.002594142","ipcas_21:73:33","143","0","3689","LIED10CTRL/LLN0$Status"
"4672","0.001196706","ipcas_21:73:33","143","0","3690","LIED10CTRL/LLN0$Status"
"4673","0.002426191","ipcas_21:73:33","143","0","3691","LIED10CTRL/LLN0$Status"
"4674","0.001333433","ipcas_21:73:33","143","0","3692","LIED10CTRL/LLN0$Status"
"4675","0.002565744","ipcas_21:73:33","143","0","3693","LIED10CTRL/LLN0$Status"
"4676","0.002393246","ipcas_21:73:33","143","0","3694","LIED10CTRL/LLN0$Status"
"4677","0.002527569","ipcas_21:73:33","143","0","3695","LIED10CTRL/LLN0$Status"
"4678","0.002391761","ipcas_21:73:33","143","0","3696","LIED10CTRL/LLN0$Status"
"4679","0.001386746","ipcas_21:73:33","143","0","3697","LIED10CTRL/LLN0$Status"
"4680","0.002429540","ipcas_21:73:33","143","0","3698","LIED10CTRL/LLN0$Status"
"4681","0.001299691","ipcas_21:73:33","143","0","3699","LIED10CTRL/LLN0$Status"
"4682","0.002417667","ipcas_21:73:33","143","0","3700","LIED10CTRL/LLN0$Status"
"4683","0.002584671","ipcas_21:73:33","143","0","3701","LIED10CTRL/LLN0$Status"
"4684","0.002421415","ipcas_21:73:33","143","0","3702","LIED10CTRL/LLN0$Status"
"4685","0.001374066","ipcas_21:73:33","143","0","3703","LIED10CTRL/LLN0$Status"
"4686","0.002488338","ipcas_21:73:33","143","0","3704","LIED10CTRL/LLN0$Status"
"4687","0.002533963","ipcas_21:73:33","143","0","3705","LIED10CTRL/LLN0$Status"
"4688","0.002488772","ipcas_21:73:33","143","0","3706","LIED10CTRL/LLN0$Status"
"4689","0.002476352","ipcas_21:73:33","143","0","3707","LIED10CTRL/LLN0$Status"
"4690","0.002503303","ipcas_21:73:33","143","0","3708","LIED10CTRL/LLN0$Status"
"4691","0.002503533","ipcas_21:73:33","143","0","3709","LIED10CTRL/LLN0$Status"
"4692","0.002501552","ipcas_21:73:33","143","0","3710","LIED10CTRL/LLN0$Status"
"4693","0.002500535","ipcas_21:73:33","143","0","3711","LIED10CTRL/LLN0$Status"
"4694","0.002493709","ipcas_21:73:33","143","0","3712","LIED10CTRL/LLN0$Status"
"4695","0.002739305","ipcas_21:73:33","143","0","3713","LIED10CTRL/LLN0$Status"
"4696","0.002258443","ipcas_21:73:33","143","0","3714","LIED10CTRL/LLN0$Status"
"4697","0.002500526","ipcas_21:73:33","143","0","3715","LIED10CTRL/LLN0$Status"
"4698","0.002501962","ipcas_21:73:33","143","0","3716","LIED10CTRL/LLN0$Status"
"4699","0.002501712","ipcas_21:73:33","143","0","3717","LIED10CTRL/LLN0$Status"
"4700","0.002526035","ipcas_21:73:33","143","0","3718","LIED10CTRL/LLN0$Status"
"4701","0.002476499","ipcas_21:73:33","143","0","3719","LIED10CTRL/LLN0$Status"
"4702","0.002495028","ipcas_21:73:33","143","0","3720","LIED10CTRL/LLN0$Status"
"4703","0.002817811","ipcas_21:73:33","143","0","3721","LIED10CTRL/LLN0$Status"
"4704","0.002182713","ipcas_21:73:33","143","0","3722","LIED10CTRL/LLN0$Status"
"4705","0.002492485","ipcas_21:73:33","143","0","3723","LIED10CTRL/LLN0$Status"
"4706","0.002526546","ipcas_21:73:33","143","0","3724","LIED10CTRL/LLN0$Status"
"4707","0.002507656","ipcas_21:73:33","143","0","3725","LIED10CTRL/LLN0$Status"
"4708","0.002517057","ipcas_21:73:33","143","0","3726","LIED10CTRL/LLN0$Status"
"4709","0.002483449","ipcas_21:73:33","143","0","3727","LIED10CTRL/LLN0$Status"
"4710","0.002784795","ipcas_21:73:33","143","0","3728","LIED10CTRL/LLN0$Status"
"4711","0.002191310","ipcas_21:73:33","143","0","3729","LIED10CTRL/LLN0$Status"
"4712","0.002495875","ipcas_21:73:33","143","0","3730","LIED10CTRL/LLN0$Status"
"4713","0.002498996","ipcas_21:73:33","143","0","3731","LIED10CTRL/LLN0$Status"
"4714","0.002521809","ipcas_21:73:33","143","0","3732","LIED10CTRL/LLN0$Status"
"4715","0.002506383","ipcas_21:73:33","143","0","3733","LIED10CTRL/LLN0$Status"
"4716","0.002475799","ipcas_21:73:33","143","0","3734","LIED10CTRL/LLN0$Status"
"4717","0.002503618","ipcas_21:73:33","143","0","3735","LIED10CTRL/LLN0$Status"
"4718","0.002495388","ipcas_21:73:33","143","0","3736","LIED10CTRL/LLN0$Status"
"4719","0.002527098","ipcas_21:73:33","143","0","3737","LIED10CTRL/LLN0$Status"
"4720","0.002493236","ipcas_21:73:33","143","0","3738","LIED10CTRL/LLN0$Status"
"4721","0.002498093","ipcas_21:73:33","143","0","3739","LIED10CTRL/LLN0$Status"
"4722","0.002481355","ipcas_21:73:33","143","0","3740","LIED10CTRL/LLN0$Status"
"4723","0.002247871","ipcas_21:73:33","143","0","3741","LIED10CTRL/LLN0$Status"
"4724","0.001673044","ipcas_21:73:33","143","0","3742","LIED10CTRL/LLN0$Status"
"4725","0.001149194","ipcas_21:73:33","143","0","3743","LIED10CTRL/LLN0$Status"
"4726","0.002522557","ipcas_21:73:33","143","0","3744","LIED10CTRL/LLN0$Status"
"4727","0.002561797","ipcas_21:73:33","143","0","3745","LIED10CTRL/LLN0$Status"
"4728","0.001243787","ipcas_21:73:33","143","0","3746","LIED10CTRL/LLN0$Status"
"4729","0.002346364","ipcas_21:73:33","143","0","3747","LIED10CTRL/LLN0$Status"
"4730","0.002571730","ipcas_21:73:33","143","0","3748","LIED10CTRL/LLN0$Status"
"4731","0.001433770","ipcas_21:73:33","143","0","3749","LIED10CTRL/LLN0$Status"
"4732","0.002482927","ipcas_21:73:33","143","0","3750","LIED10CTRL/LLN0$Status"
"4733","0.001181236","ipcas_21:73:33","143","0","3751","LIED10CTRL/LLN0$Status"
"4734","0.002327243","ipcas_21:73:33","143","0","3752","LIED10CTRL/LLN0$Status"
"4735","0.001446673","ipcas_21:73:33","143","0","3753","LIED10CTRL/LLN0$Status"
"4736","0.002186028","ipcas_21:73:33","143","0","3754","LIED10CTRL/LLN0$Status"
"4737","0.001437645","ipcas_21:73:33","143","0","3755","LIED10CTRL/LLN0$Status"
"4738","0.002413975","ipcas_21:73:33","143","0","3756","LIED10CTRL/LLN0$Status"
"4739","0.001217735","ipcas_21:73:33","143","0","3757","LIED10CTRL/LLN0$Status"
"4740","0.001282183","ipcas_21:73:33","143","0","3758","LIED10CTRL/LLN0$Status"
"4741","0.002414364","ipcas_21:73:33","143","0","3759","LIED10CTRL/LLN0$Status"
"4742","0.002448738","ipcas_21:73:33","143","0","3760","LIED10CTRL/LLN0$Status"
"4743","0.001427297","ipcas_21:73:33","143","0","3761","LIED10CTRL/LLN0$Status"
"4744","0.001126940","ipcas_21:73:33","143","0","3762","LIED10CTRL/LLN0$Status"
"4745","0.001373589","ipcas_21:73:33","143","0","3763","LIED10CTRL/LLN0$Status"
"4746","0.001222172","ipcas_21:73:33","143","0","3764","LIED10CTRL/LLN0$Status"
"4747","0.002452760","ipcas_21:73:33","143","0","3765","LIED10CTRL/LLN0$Status"
"4748","0.002464919","ipcas_21:73:33","143","0","3766","LIED10CTRL/LLN0$Status"
"4749","0.001249039","ipcas_21:73:33","143","0","3767","LIED10CTRL/LLN0$Status"
"4750","0.002463084","ipcas_21:73:33","143","0","3768","LIED10CTRL/LLN0$Status"
"4751","0.001219208","ipcas_21:73:33","143","0","3769","LIED10CTRL/LLN0$Status"
"4752","0.001245783","ipcas_21:73:33","143","0","3770","LIED10CTRL/LLN0$Status"
"4753","0.002590102","ipcas_21:73:33","143","0","3771","LIED10CTRL/LLN0$Status"
"4754","0.002462541","ipcas_21:73:33","143","0","3772","LIED10CTRL/LLN0$Status"
"4756","0.001303461","ipcas_21:73:33","143","0","3773","LIED10CTRL/LLN0$Status"
"4759","0.001261420","ipcas_21:73:33","143","0","3774","LIED10CTRL/LLN0$Status"
"4760","0.002468902","ipcas_21:73:33","143","0","3775","LIED10CTRL/LLN0$Status"
"4764","0.001247282","ipcas_21:73:33","143","0","3776","LIED10CTRL/LLN0$Status"
"4765","0.001512816","ipcas_21:73:33","143","0","3777","LIED10CTRL/LLN0$Status"
"4766","0.002240069","ipcas_21:73:33","143","0","3778","LIED10CTRL/LLN0$Status"
"4770","0.002408403","ipcas_21:73:33","143","0","3779","LIED10CTRL/LLN0$Status"
"4771","0.001445938","ipcas_21:73:33","143","0","3780","LIED10CTRL/LLN0$Status"
"4774","0.002760826","ipcas_21:73:33","143","0","3781","LIED10CTRL/LLN0$Status"
"4776","0.002259604","ipcas_21:73:33","143","0","3782","LIED10CTRL/LLN0$Status"
"4777","0.001395919","ipcas_21:73:33","143","0","3783","LIED10CTRL/LLN0$Status"
"4781","0.001193046","ipcas_21:73:33","143","0","3784","LIED10CTRL/LLN0$Status"
"4782","0.001089332","ipcas_21:73:33","143","0","3785","LIED10CTRL/LLN0$Status"
"4783","0.001248026","ipcas_21:73:33","143","0","3786","LIED10CTRL/LLN0$Status"
"4784","0.001248661","ipcas_21:73:33","143","0","3787","LIED10CTRL/LLN0$Status"
"4785","0.001566670","ipcas_21:73:33","143","0","3788","LIED10CTRL/LLN0$Status"
"4786","0.002192910","ipcas_21:73:33","143","0","3789","LIED10CTRL/LLN0$Status"
"4787","0.001140486","ipcas_21:73:33","143","0","3790","LIED10CTRL/LLN0$Status"
"4791","0.001321134","ipcas_21:73:33","143","0","3791","LIED10CTRL/LLN0$Status"
"4792","0.001333160","ipcas_21:73:33","143","0","3792","LIED10CTRL/LLN0$Status"
"4793","0.001256492","ipcas_21:73:33","143","0","3793","LIED10CTRL/LLN0$Status"
"4794","0.001321777","ipcas_21:73:33","143","0","3794","LIED10CTRL/LLN0$Status"
"4795","0.002237766","ipcas_21:73:33","143","0","3795","LIED10CTRL/LLN0$Status"
"4796","0.001826484","ipcas_21:73:33","143","0","3796","LIED10CTRL/LLN0$Status"
"4797","0.000774566","ipcas_21:73:33","143","0","3797","LIED10CTRL/LLN0$Status"
"4801","0.002561097","ipcas_21:73:33","143","0","3798","LIED10CTRL/LLN0$Status"
"4802","0.001158494","ipcas_21:73:33","143","0","3799","LIED10CTRL/LLN0$Status"
"4803","0.001333903","ipcas_21:73:33","143","0","3800","LIED10CTRL/LLN0$Status"
"4807","0.001402793","ipcas_21:73:33","143","0","3801","LIED10CTRL/LLN0$Status"
"4808","0.001071141","ipcas_21:73:33","143","0","3802","LIED10CTRL/LLN0$Status"
"4810","0.001262887","ipcas_21:73:33","143","0","3803","LIED10CTRL/LLN0$Status"
"4813","0.001285604","ipcas_21:73:33","143","0","3804","LIED10CTRL/LLN0$Status"
"4814","0.002481367","ipcas_21:73:33","143","0","3805","LIED10CTRL/LLN0$Status"
"4818","0.002430108","ipcas_21:73:33","143","0","3806","LIED10CTRL/LLN0$Status"
"4819","0.001324092","ipcas_21:73:33","143","0","3807","LIED10CTRL/LLN0$Status"
"4820","0.001343895","ipcas_21:73:33","143","0","3808","LIED10CTRL/LLN0$Status"
"4821","0.002417333","ipcas_21:73:33","143","0","3809","LIED10CTRL/LLN0$Status"
"4822","0.002570468","ipcas_21:73:33","143","0","3810","LIED10CTRL/LLN0$Status"
"4823","0.002271150","ipcas_21:73:33","143","0","3811","LIED10CTRL/LLN0$Status"
"4824","0.001280335","ipcas_21:73:33","143","0","3812","LIED10CTRL/LLN0$Status"
"4825","0.001377310","ipcas_21:73:33","143","0","3813","LIED10CTRL/LLN0$Status"
"4826","0.001168452","ipcas_21:73:33","143","0","3814","LIED10CTRL/LLN0$Status"
"4827","0.002469330","ipcas_21:73:33","143","0","3815","LIED10CTRL/LLN0$Status"
"4828","0.002523827","ipcas_21:73:33","143","0","3816","LIED10CTRL/LLN0$Status"
"4829","0.001278068","ipcas_21:73:33","143","0","3817","LIED10CTRL/LLN0$Status"
"4830","0.001341608","ipcas_21:73:33","143","0","3818","LIED10CTRL/LLN0$Status"
"4831","0.002476970","ipcas_21:73:33","143","0","3819","LIED10CTRL/LLN0$Status"
"4832","0.001114460","ipcas_21:73:33","143","0","3820","LIED10CTRL/LLN0$Status"
"4833","0.001234636","ipcas_21:73:33","143","0","3821","LIED10CTRL/LLN0$Status"
"4834","0.001360082","ipcas_21:73:33","143","0","3822","LIED10CTRL/LLN0$Status"
"4835","0.002500112","ipcas_21:73:33","143","0","3823","LIED10CTRL/LLN0$Status"
"4836","0.001168191","ipcas_21:73:33","143","0","3824","LIED10CTRL/LLN0$Status"
"4837","0.001240148","ipcas_21:73:33","143","0","3825","LIED10CTRL/LLN0$Status"
"4838","0.001293535","ipcas_21:73:33","143","0","3826","LIED10CTRL/LLN0$Status"
"4839","0.001292416","ipcas_21:73:33","143","0","3827","LIED10CTRL/LLN0$Status"
"4840","0.001175715","ipcas_21:73:33","143","0","3828","LIED10CTRL/LLN0$Status"
"4841","0.001247732","ipcas_21:73:33","143","0","3829","LIED10CTRL/LLN0$Status"
"4842","0.001216063","ipcas_21:73:33","143","0","3830","LIED10CTRL/LLN0$Status"
"4843","0.001295756","ipcas_21:73:33","143","0","3831","LIED10CTRL/LLN0$Status"
"4844","0.001304320","ipcas_21:73:33","143","0","3832","LIED10CTRL/LLN0$Status"
"4845","0.001220275","ipcas_21:73:33","143","0","3833","LIED10CTRL/LLN0$Status"
"4846","0.001289389","ipcas_21:73:33","143","0","3834","LIED10CTRL/LLN0$Status"
"4847","0.001255226","ipcas_21:73:33","143","0","3835","LIED10CTRL/LLN0$Status"
"4848","0.002401476","ipcas_21:73:33","143","0","3836","LIED10CTRL/LLN0$Status"
"4849","0.001355803","ipcas_21:73:33","143","0","3837","LIED10CTRL/LLN0$Status"
"4850","0.002585385","ipcas_21:73:33","143","0","3838","LIED10CTRL/LLN0$Status"
"4851","0.001164229","ipcas_21:73:33","143","0","3839","LIED10CTRL/LLN0$Status"
"4852","0.002539400","ipcas_21:73:33","143","0","3840","LIED10CTRL/LLN0$Status"
"4853","0.002425748","ipcas_21:73:33","143","0","3841","LIED10CTRL/LLN0$Status"
"4854","0.001154384","ipcas_21:73:33","143","0","3842","LIED10CTRL/LLN0$Status"
"4855","0.001284531","ipcas_21:73:33","143","0","3843","LIED10CTRL/LLN0$Status"
"4856","0.001469860","ipcas_21:73:33","143","0","3844","LIED10CTRL/LLN0$Status"
"4857","0.000982882","ipcas_21:73:33","143","0","3845","LIED10CTRL/LLN0$Status"
"4858","0.001355819","ipcas_21:73:33","143","0","3846","LIED10CTRL/LLN0$Status"
"4859","0.001197227","ipcas_21:73:33","143","0","3847","LIED10CTRL/LLN0$Status"
"4860","0.001429898","ipcas_21:73:33","143","0","3848","LIED10CTRL/LLN0$Status"
"4861","0.001351174","ipcas_21:73:33","143","0","3849","LIED10CTRL/LLN0$Status"
"4862","0.002410412","ipcas_21:73:33","143","0","3850","LIED10CTRL/LLN0$Status"
"4863","0.002438672","ipcas_21:73:33","143","0","3851","LIED10CTRL/LLN0$Status"
"4864","0.001247966","ipcas_21:73:33","143","0","3852","LIED10CTRL/LLN0$Status"
"4865","0.001260635","ipcas_21:73:33","143","0","3853","LIED10CTRL/LLN0$Status"
"4866","0.002970272","ipcas_21:73:33","143","0","3854","LIED10CTRL/LLN0$Status"
"4867","0.000817721","ipcas_21:73:33","143","0","3855","LIED10CTRL/LLN0$Status"
"4868","0.001184535","ipcas_21:73:33","143","0","3856","LIED10CTRL/LLN0$Status"
"4869","0.001130976","ipcas_21:73:33","143","0","3857","LIED10CTRL/LLN0$Status"
"4870","0.001350277","ipcas_21:73:33","143","0","3858","LIED10CTRL/LLN0$Status"
"4871","0.001637135","ipcas_21:73:33","143","0","3859","LIED10CTRL/LLN0$Status"
"4872","0.001909531","ipcas_21:73:33","143","0","3860","LIED10CTRL/LLN0$Status"
"4873","0.001313751","ipcas_21:73:33","143","0","3861","LIED10CTRL/LLN0$Status"
"4874","0.001079593","ipcas_21:73:33","143","0","3862","LIED10CTRL/LLN0$Status"
"4875","0.001523395","ipcas_21:73:33","143","0","3863","LIED10CTRL/LLN0$Status"
"4876","0.001283776","ipcas_21:73:33","143","0","3864","LIED10CTRL/LLN0$Status"
"4877","0.002379552","ipcas_21:73:33","143","0","3865","LIED10CTRL/LLN0$Status"
"4878","0.001215454","ipcas_21:73:33","143","0","3866","LIED10CTRL/LLN0$Status"
"4879","0.001455610","ipcas_21:73:33","143","0","3867","LIED10CTRL/LLN0$Status"
"4880","0.001056842","ipcas_21:73:33","143","0","3868","LIED10CTRL/LLN0$Status"
"4881","0.001270983","ipcas_21:73:33","143","0","3869","LIED10CTRL/LLN0$Status"
"4882","0.001281264","ipcas_21:73:33","143","0","3870","LIED10CTRL/LLN0$Status"
"4883","0.001195856","ipcas_21:73:33","143","0","3871","LIED10CTRL/LLN0$Status"
"4884","0.001250837","ipcas_21:73:33","143","0","3872","LIED10CTRL/LLN0$Status"
"4885","0.001271357","ipcas_21:73:33","143","0","3873","LIED10CTRL/LLN0$Status"
"4886","0.001227242","ipcas_21:73:33","143","0","3874","LIED10CTRL/LLN0$Status"
"4887","0.002230119","ipcas_21:73:33","143","0","3875","LIED10CTRL/LLN0$Status"
"4888","0.000236873","ipcas_21:73:33","143","0","3876","LIED10CTRL/LLN0$Status"
"4889","0.001294477","ipcas_21:73:33","143","0","3877","LIED10CTRL/LLN0$Status"
"4890","0.001244375","ipcas_21:73:33","143","0","3878","LIED10CTRL/LLN0$Status"
"4891","0.001291334","ipcas_21:73:33","143","0","3879","LIED10CTRL/LLN0$Status"
"4892","0.001257935","ipcas_21:73:33","143","0","3880","LIED10CTRL/LLN0$Status"
"4893","0.001341918","ipcas_21:73:33","143","0","3881","LIED10CTRL/LLN0$Status"
"4894","0.002484556","ipcas_21:73:33","143","0","3882","LIED10CTRL/LLN0$Status"
"4895","0.001161522","ipcas_21:73:33","143","0","3883","LIED10CTRL/LLN0$Status"
"4896","0.001616046","ipcas_21:73:33","143","0","3884","LIED10CTRL/LLN0$Status"
"4897","0.002101002","ipcas_21:73:33","143","0","3885","LIED10CTRL/LLN0$Status"
"4898","0.001395058","ipcas_21:73:33","143","0","3886","LIED10CTRL/LLN0$Status"
"4899","0.002510212","ipcas_21:73:33","143","0","3887","LIED10CTRL/LLN0$Status"
"4900","0.002492815","ipcas_21:73:33","143","0","3888","LIED10CTRL/LLN0$Status"
"4901","0.001280064","ipcas_21:73:33","143","0","3889","LIED10CTRL/LLN0$Status"
"4902","0.001227846","ipcas_21:73:33","143","0","3890","LIED10CTRL/LLN0$Status"
"4903","0.001413549","ipcas_21:73:33","143","0","3891","LIED10CTRL/LLN0$Status"
"4904","0.001205822","ipcas_21:73:33","143","0","3892","LIED10CTRL/LLN0$Status"
"4905","0.002481535","ipcas_21:73:33","143","0","3893","LIED10CTRL/LLN0$Status"
"4906","0.002501776","ipcas_21:73:33","143","0","3894","LIED10CTRL/LLN0$Status"
"4907","0.002393284","ipcas_21:73:33","143","0","3895","LIED10CTRL/LLN0$Status"
"4908","0.002529423","ipcas_21:73:33","143","0","3896","LIED10CTRL/LLN0$Status"
"4909","0.001245824","ipcas_21:73:33","143","0","3897","LIED10CTRL/LLN0$Status"
"4910","0.001269823","ipcas_21:73:33","143","0","3898","LIED10CTRL/LLN0$Status"
"4911","0.001231468","ipcas_21:73:33","143","0","3899","LIED10CTRL/LLN0$Status"
"4912","0.001250917","ipcas_21:73:33","143","0","3900","LIED10CTRL/LLN0$Status"
"4913","0.001249512","ipcas_21:73:33","143","0","3901","LIED10CTRL/LLN0$Status"
"4914","0.001251080","ipcas_21:73:33","143","0","3902","LIED10CTRL/LLN0$Status"
"4915","0.001248113","ipcas_21:73:33","143","0","3903","LIED10CTRL/LLN0$Status"
"4916","0.001312419","ipcas_21:73:33","143","0","3904","LIED10CTRL/LLN0$Status"
"4917","0.002479695","ipcas_21:73:33","143","0","3905","LIED10CTRL/LLN0$Status"
"4918","0.002432552","ipcas_21:73:33","143","0","3906","LIED10CTRL/LLN0$Status"
"4919","0.002490292","ipcas_21:73:33","143","0","3907","LIED10CTRL/LLN0$Status"
"4920","0.002604076","ipcas_21:73:33","143","0","3908","LIED10CTRL/LLN0$Status"
"4921","0.001352140","ipcas_21:73:33","143","0","3909","LIED10CTRL/LLN0$Status"
"4922","0.002299397","ipcas_21:73:33","143","0","3910","LIED10CTRL/LLN0$Status"
"4923","0.001355676","ipcas_21:73:33","143","0","3911","LIED10CTRL/LLN0$Status"
"4924","0.002424640","ipcas_21:73:33","143","0","3912","LIED10CTRL/LLN0$Status"
"4925","0.002534869","ipcas_21:73:33","143","0","3913","LIED10CTRL/LLN0$Status"
"4926","0.002451258","ipcas_21:73:33","143","0","3914","LIED10CTRL/LLN0$Status"
"4927","0.001250312","ipcas_21:73:33","143","0","3915","LIED10CTRL/LLN0$Status"
"4928","0.001252713","ipcas_21:73:33","143","0","3916","LIED10CTRL/LLN0$Status"
"4929","0.001229103","ipcas_21:73:33","143","0","3917","LIED10CTRL/LLN0$Status"
"4930","0.002473812","ipcas_21:73:33","143","0","3918","LIED10CTRL/LLN0$Status"
"4931","0.002476299","ipcas_21:73:33","143","0","3919","LIED10CTRL/LLN0$Status"
"4932","0.001269848","ipcas_21:73:33","143","0","3920","LIED10CTRL/LLN0$Status"
"4933","0.002808802","ipcas_21:73:33","143","0","3921","LIED10CTRL/LLN0$Status"
"4934","0.000995985","ipcas_21:73:33","143","0","3922","LIED10CTRL/LLN0$Status"
"4935","0.002693175","ipcas_21:73:33","143","0","3923","LIED10CTRL/LLN0$Status"
"4936","0.000928660","ipcas_21:73:33","143","0","3924","LIED10CTRL/LLN0$Status"
"4937","0.001322970","ipcas_21:73:33","143","0","3925","LIED10CTRL/LLN0$Status"
"4938","0.002649654","ipcas_21:73:33","143","0","3926","LIED10CTRL/LLN0$Status"
"4939","0.002795356","ipcas_21:73:33","143","0","3927","LIED10CTRL/LLN0$Status"
"4940","0.000911012","ipcas_21:73:33","143","0","3928","LIED10CTRL/LLN0$Status"
"4941","0.000995365","ipcas_21:73:33","143","0","3929","LIED10CTRL/LLN0$Status"
"4942","0.001298133","ipcas_21:73:33","143","0","3930","LIED10CTRL/LLN0$Status"
"4943","0.001317641","ipcas_21:73:33","143","0","3931","LIED10CTRL/LLN0$Status"
"4944","0.002545299","ipcas_21:73:33","143","0","3932","LIED10CTRL/LLN0$Status"
"4945","0.001206102","ipcas_21:73:33","143","0","3933","LIED10CTRL/LLN0$Status"
"4946","0.002495596","ipcas_21:73:33","143","0","3934","LIED10CTRL/LLN0$Status"
"4947","0.002507047","ipcas_21:73:33","143","0","3935","LIED10CTRL/LLN0$Status"
"4948","0.002490515","ipcas_21:73:33","143","0","3936","LIED10CTRL/LLN0$Status"
"4949","0.001250398","ipcas_21:73:33","143","0","3937","LIED10CTRL/LLN0$Status"
"4950","0.001255970","ipcas_21:73:33","143","0","3938","LIED10CTRL/LLN0$Status"
"4951","0.001241179","ipcas_21:73:33","143","0","3939","LIED10CTRL/LLN0$Status"
"4952","0.001251718","ipcas_21:73:33","143","0","3940","LIED10CTRL/LLN0$Status"
"4953","0.001259291","ipcas_21:73:33","143","0","3941","LIED10CTRL/LLN0$Status"
"4954","0.002491144","ipcas_21:73:33","143","0","3942","LIED10CTRL/LLN0$Status"
"4955","0.001270183","ipcas_21:73:33","143","0","3943","LIED10CTRL/LLN0$Status"
"4956","0.001248911","ipcas_21:73:33","143","0","3944","LIED10CTRL/LLN0$Status"
"4957","0.001248529","ipcas_21:73:33","143","0","3945","LIED10CTRL/LLN0$Status"
"4958","0.001255220","ipcas_21:73:33","143","0","3946","LIED10CTRL/LLN0$Status"
"4959","0.001247004","ipcas_21:73:33","143","0","3947","LIED10CTRL/LLN0$Status"
"4960","0.001249581","ipcas_21:73:33","143","0","3948","LIED10CTRL/LLN0$Status"
"4961","0.001252275","ipcas_21:73:33","143","0","3949","LIED10CTRL/LLN0$Status"
"4962","0.001250011","ipcas_21:73:33","143","0","3950","LIED10CTRL/LLN0$Status"
"4963","0.001249249","ipcas_21:73:33","143","0","3951","LIED10CTRL/LLN0$Status"
"4964","0.001255549","ipcas_21:73:33","143","0","3952","LIED10CTRL/LLN0$Status"
"4965","0.002495316","ipcas_21:73:33","143","0","3953","LIED10CTRL/LLN0$Status"
"4966","0.001242604","ipcas_21:73:33","143","0","3954","LIED10CTRL/LLN0$Status"
"4967","0.001243425","ipcas_21:73:33","143","0","3955","LIED10CTRL/LLN0$Status"
"4968","0.001459914","ipcas_21:73:33","143","0","3956","LIED10CTRL/LLN0$Status"
"4969","0.001229780","ipcas_21:73:33","143","0","3957","LIED10CTRL/LLN0$Status"
"4970","0.002467275","ipcas_21:73:33","143","0","3958","LIED10CTRL/LLN0$Status"
"4971","0.002409697","ipcas_21:73:33","143","0","3959","LIED10CTRL/LLN0$Status"
"4972","0.001305950","ipcas_21:73:33","143","0","3960","LIED10CTRL/LLN0$Status"
"4973","0.001258083","ipcas_21:73:33","143","0","3961","LIED10CTRL/LLN0$Status"
"4974","0.002658130","ipcas_21:73:33","143","0","3962","LIED10CTRL/LLN0$Status"
"4975","0.002335481","ipcas_21:73:33","143","0","3963","LIED10CTRL/LLN0$Status"
"4976","0.002412302","ipcas_21:73:33","143","0","3964","LIED10CTRL/LLN0$Status"
"4977","0.002559522","ipcas_21:73:33","143","0","3965","LIED10CTRL/LLN0$Status"
"4978","0.001226617","ipcas_21:73:33","143","0","3966","LIED10CTRL/LLN0$Status"
"4979","0.001435386","ipcas_21:73:33","143","0","3967","LIED10CTRL/LLN0$Status"
"4980","0.002334205","ipcas_21:73:33","143","0","3968","LIED10CTRL/LLN0$Status"
"4981","0.002484239","ipcas_21:73:33","143","0","3969","LIED10CTRL/LLN0$Status"
"4982","0.001243134","ipcas_21:73:33","143","0","3970","LIED10CTRL/LLN0$Status"
"4983","0.001271431","ipcas_21:73:33","143","0","3971","LIED10CTRL/LLN0$Status"
"4984","0.002480626","ipcas_21:73:33","143","0","3972","LIED10CTRL/LLN0$Status"
"4985","0.002351009","ipcas_21:73:33","143","0","3973","LIED10CTRL/LLN0$Status"
"4986","0.001249901","ipcas_21:73:33","143","0","3974","LIED10CTRL/LLN0$Status"
"4987","0.001231707","ipcas_21:73:33","143","0","3975","LIED10CTRL/LLN0$Status"
"4988","0.001322808","ipcas_21:73:33","143","0","3976","LIED10CTRL/LLN0$Status"
"4989","0.001224094","ipcas_21:73:33","143","0","3977","LIED10CTRL/LLN0$Status"
"4990","0.001434205","ipcas_21:73:33","143","0","3978","LIED10CTRL/LLN0$Status"
"4991","0.002382013","ipcas_21:73:33","143","0","3979","LIED10CTRL/LLN0$Status"
"4992","0.001277312","ipcas_21:73:33","143","0","3980","LIED10CTRL/LLN0$Status"
"4993","0.002402920","ipcas_21:73:33","143","0","3981","LIED10CTRL/LLN0$Status"
"4994","0.001393114","ipcas_21:73:33","143","0","3982","LIED10CTRL/LLN0$Status"
"4995","0.002496796","ipcas_21:73:33","143","0","3983","LIED10CTRL/LLN0$Status"
"4996","0.002461424","ipcas_21:73:33","143","0","3984","LIED10CTRL/LLN0$Status"
"4997","0.001252105","ipcas_21:73:33","143","0","3985","LIED10CTRL/LLN0$Status"
"4998","0.003234753","ipcas_21:73:33","143","0","3986","LIED10CTRL/LLN0$Status"
"4999","0.001797386","ipcas_21:73:33","143","0","3987","LIED10CTRL/LLN0$Status"
"5000","0.001240091","ipcas_21:73:33","143","0","3988","LIED10CTRL/LLN0$Status"
"5001","0.002364184","ipcas_21:73:33","143","0","3989","LIED10CTRL/LLN0$Status"
"5002","0.001252246","ipcas_21:73:33","143","0","3990","LIED10CTRL/LLN0$Status"
"5003","0.001213342","ipcas_21:73:33","143","0","3991","LIED10CTRL/LLN0$Status"
"5004","0.001284156","ipcas_21:73:33","143","0","3992","LIED10CTRL/LLN0$Status"
"5005","0.001323261","ipcas_21:73:33","143","0","3993","LIED10CTRL/LLN0$Status"
"5006","0.002531467","ipcas_21:73:33","143","0","3994","LIED10CTRL/LLN0$Status"
"5007","0.002737389","ipcas_21:73:33","143","0","3995","LIED10CTRL/LLN0$Status"
"5008","0.002302975","ipcas_21:73:33","143","0","3996","LIED10CTRL/LLN0$Status"
"5009","0.002458758","ipcas_21:73:33","143","0","3997","LIED10CTRL/LLN0$Status"
"5010","0.001148651","ipcas_21:73:33","143","0","3998","LIED10CTRL/LLN0$Status"
"5011","0.001292002","ipcas_21:73:33","143","0","3999","LIED10CTRL/LLN0$Status"
"5012","0.002409475","ipcas_21:73:33","143","0","4000","LIED10CTRL/LLN0$Status"
"5013","0.001273826","ipcas_21:73:33","143","0","4001","LIED10CTRL/LLN0$Status"
"5014","0.001321746","ipcas_21:73:33","143","0","4002","LIED10CTRL/LLN0$Status"
"5015","0.002539463","ipcas_21:73:33","143","0","4003","LIED10CTRL/LLN0$Status"
"5016","0.001485674","ipcas_21:73:33","143","0","4004","LIED10CTRL/LLN0$Status"
"5017","0.002262814","ipcas_21:73:33","143","0","4005","LIED10CTRL/LLN0$Status"
"5018","0.001235108","ipcas_21:73:33","143","0","4006","LIED10CTRL/LLN0$Status"
"5019","0.001200196","ipcas_21:73:33","143","0","4007","LIED10CTRL/LLN0$Status"
"5020","0.001241457","ipcas_21:73:33","143","0","4008","LIED10CTRL/LLN0$Status"
"5021","0.001382678","ipcas_21:73:33","143","0","4009","LIED10CTRL/LLN0$Status"
"5022","0.001160334","ipcas_21:73:33","143","0","4010","LIED10CTRL/LLN0$Status"
"5023","0.001220181","ipcas_21:73:33","143","0","4011","LIED10CTRL/LLN0$Status"
"5024","0.001293553","ipcas_21:73:33","143","0","4012","LIED10CTRL/LLN0$Status"
"5025","0.001229848","ipcas_21:73:33","143","0","4013","LIED10CTRL/LLN0$Status"
"5026","0.001273321","ipcas_21:73:33","143","0","4014","LIED10CTRL/LLN0$Status"
"5027","0.001133959","ipcas_21:73:33","143","0","4015","LIED10CTRL/LLN0$Status"
"5028","0.001261794","ipcas_21:73:33","143","0","4016","LIED10CTRL/LLN0$Status"
"5029","0.001297141","ipcas_21:73:33","143","0","4017","LIED10CTRL/LLN0$Status"
"5030","0.001326459","ipcas_21:73:33","143","0","4018","LIED10CTRL/LLN0$Status"
"5031","0.001184570","ipcas_21:73:33","143","0","4019","LIED10CTRL/LLN0$Status"
"5032","0.001384784","ipcas_21:73:33","143","0","4020","LIED10CTRL/LLN0$Status"
"5033","0.001095259","ipcas_21:73:33","143","0","4021","LIED10CTRL/LLN0$Status"
"5034","0.001411119","ipcas_21:73:33","143","0","4022","LIED10CTRL/LLN0$Status"
"5035","0.002340024","ipcas_21:73:33","143","0","4023","LIED10CTRL/LLN0$Status"
"5036","0.001267262","ipcas_21:73:33","143","0","4024","LIED10CTRL/LLN0$Status"
"5037","0.001260723","ipcas_21:73:33","143","0","4025","LIED10CTRL/LLN0$Status"
"5038","0.001233746","ipcas_21:73:33","143","0","4026","LIED10CTRL/LLN0$Status"
"5039","0.001481407","ipcas_21:73:33","143","0","4027","LIED10CTRL/LLN0$Status"
"5040","0.002519899","ipcas_21:73:33","143","0","4028","LIED10CTRL/LLN0$Status"
"5041","0.002305023","ipcas_21:73:33","143","0","4029","LIED10CTRL/LLN0$Status"
"5042","0.001321423","ipcas_21:73:33","143","0","4030","LIED10CTRL/LLN0$Status"
"5043","0.002504021","ipcas_21:73:33","143","0","4031","LIED10CTRL/LLN0$Status"
"5044","0.002533265","ipcas_21:73:33","143","0","4032","LIED10CTRL/LLN0$Status"
"5045","0.002600024","ipcas_21:73:33","143","0","4033","LIED10CTRL/LLN0$Status"
"5046","0.002304077","ipcas_21:73:33","143","0","4034","LIED10CTRL/LLN0$Status"
"5047","0.001342619","ipcas_21:73:33","143","0","4035","LIED10CTRL/LLN0$Status"
"5048","0.001149765","ipcas_21:73:33","143","0","4036","LIED10CTRL/LLN0$Status"
"5049","0.001251720","ipcas_21:73:33","143","0","4037","LIED10CTRL/LLN0$Status"
"5050","0.001323279","ipcas_21:73:33","143","0","4038","LIED10CTRL/LLN0$Status"
"5051","0.001211883","ipcas_21:73:33","143","0","4039","LIED10CTRL/LLN0$Status"
"5052","0.002804804","ipcas_21:73:33","143","0","4040","LIED10CTRL/LLN0$Status"
"5053","0.002189068","ipcas_21:73:33","143","0","4041","LIED10CTRL/LLN0$Status"
"5054","0.002657221","ipcas_21:73:33","143","0","4042","LIED10CTRL/LLN0$Status"
"5055","0.002377450","ipcas_21:73:33","143","0","4043","LIED10CTRL/LLN0$Status"
"5056","0.002477463","ipcas_21:73:33","143","0","4044","LIED10CTRL/LLN0$Status"
"5057","0.001669609","ipcas_21:73:33","143","0","4045","LIED10CTRL/LLN0$Status"
"5058","0.001087041","ipcas_21:73:33","143","0","4046","LIED10CTRL/LLN0$Status"
"5059","0.000993587","ipcas_21:73:33","143","0","4047","LIED10CTRL/LLN0$Status"
"5060","0.001490908","ipcas_21:73:33","143","0","4048","LIED10CTRL/LLN0$Status"
"5061","0.002209038","ipcas_21:73:33","143","0","4049","LIED10CTRL/LLN0$Status"
"5062","0.001320578","ipcas_21:73:33","143","0","4050","LIED10CTRL/LLN0$Status"
"5063","0.002480206","ipcas_21:73:33","143","0","4051","LIED10CTRL/LLN0$Status"
"5064","0.001200118","ipcas_21:73:33","143","0","4052","LIED10CTRL/LLN0$Status"
"5065","0.001391627","ipcas_21:73:33","143","0","4053","LIED10CTRL/LLN0$Status"
"5066","0.002428845","ipcas_21:73:33","143","0","4054","LIED10CTRL/LLN0$Status"
"5067","0.001231391","ipcas_21:73:33","143","0","4055","LIED10CTRL/LLN0$Status"
"5068","0.001248914","ipcas_21:73:33","143","0","4056","LIED10CTRL/LLN0$Status"
"5069","0.001204035","ipcas_21:73:33","143","0","4057","LIED10CTRL/LLN0$Status"
"5070","0.001640675","ipcas_21:73:33","143","0","4058","LIED10CTRL/LLN0$Status"
"5071","0.002171433","ipcas_21:73:33","143","0","4059","LIED10CTRL/LLN0$Status"
"5072","0.001189962","ipcas_21:73:33","143","0","4060","LIED10CTRL/LLN0$Status"
"5073","0.001193148","ipcas_21:73:33","143","0","4061","LIED10CTRL/LLN0$Status"
"5074","0.001306546","ipcas_21:73:33","143","0","4062","LIED10CTRL/LLN0$Status"
"5075","0.001406901","ipcas_21:73:33","143","0","4063","LIED10CTRL/LLN0$Status"
"5076","0.002407537","ipcas_21:73:33","143","0","4064","LIED10CTRL/LLN0$Status"
"5077","0.001238450","ipcas_21:73:33","143","0","4065","LIED10CTRL/LLN0$Status"
"5078","0.001248661","ipcas_21:73:33","143","0","4066","LIED10CTRL/LLN0$Status"
"5079","0.002496458","ipcas_21:73:33","143","0","4067","LIED10CTRL/LLN0$Status"
"5080","0.002422270","ipcas_21:73:33","143","0","4068","LIED10CTRL/LLN0$Status"
"5081","0.001486607","ipcas_21:73:33","143","0","4069","LIED10CTRL/LLN0$Status"
"5082","0.002283926","ipcas_21:73:33","143","0","4070","LIED10CTRL/LLN0$Status"
"5083","0.001283388","ipcas_21:73:33","143","0","4071","LIED10CTRL/LLN0$Status"
"5084","0.001563607","ipcas_21:73:33","143","0","4072","LIED10CTRL/LLN0$Status"
"5085","0.002100934","ipcas_21:73:33","143","0","4073","LIED10CTRL/LLN0$Status"
"5086","0.001281589","ipcas_21:73:33","143","0","4074","LIED10CTRL/LLN0$Status"
"5087","0.001231362","ipcas_21:73:33","143","0","4075","LIED10CTRL/LLN0$Status"
"5088","0.001287204","ipcas_21:73:33","143","0","4076","LIED10CTRL/LLN0$Status"
"5089","0.001346414","ipcas_21:73:33","143","0","4077","LIED10CTRL/LLN0$Status"
"5090","0.002442750","ipcas_21:73:33","143","0","4078","LIED10CTRL/LLN0$Status"
"5091","0.002444454","ipcas_21:73:33","143","0","4079","LIED10CTRL/LLN0$Status"
"5092","0.001211837","ipcas_21:73:33","143","0","4080","LIED10CTRL/LLN0$Status"
"5093","0.001199225","ipcas_21:73:33","143","0","4081","LIED10CTRL/LLN0$Status"
"5094","0.001352646","ipcas_21:73:33","143","0","4082","LIED10CTRL/LLN0$Status"
"5095","0.002456173","ipcas_21:73:33","143","0","4083","LIED10CTRL/LLN0$Status"
"5096","0.001263406","ipcas_21:73:33","143","0","4084","LIED10CTRL/LLN0$Status"
"5097","0.002516070","ipcas_21:73:33","143","0","4085","LIED10CTRL/LLN0$Status"
"5098","0.001276395","ipcas_21:73:33","143","0","4086","LIED10CTRL/LLN0$Status"
"5099","0.002439689","ipcas_21:73:33","143","0","4087","LIED10CTRL/LLN0$Status"
"5100","0.001258894","ipcas_21:73:33","143","0","4088","LIED10CTRL/LLN0$Status"
"5101","0.001281441","ipcas_21:73:33","143","0","4089","LIED10CTRL/LLN0$Status"
"5102","0.001350687","ipcas_21:73:33","143","0","4090","LIED10CTRL/LLN0$Status"
"5103","0.002435422","ipcas_21:73:33","143","0","4091","LIED10CTRL/LLN0$Status"
"5104","0.001198480","ipcas_21:73:33","143","0","4092","LIED10CTRL/LLN0$Status"
"5105","0.001317408","ipcas_21:73:33","143","0","4093","LIED10CTRL/LLN0$Status"
"5106","0.001232331","ipcas_21:73:33","143","0","4094","LIED10CTRL/LLN0$Status"
"5107","0.001223068","ipcas_21:73:33","143","0","4095","LIED10CTRL/LLN0$Status"
"5108","0.002549824","ipcas_21:73:33","143","0","4096","LIED10CTRL/LLN0$Status"
"5109","0.002372858","ipcas_21:73:33","143","0","4097","LIED10CTRL/LLN0$Status"
"5110","0.001265787","ipcas_21:73:33","143","0","4098","LIED10CTRL/LLN0$Status"
"5111","0.001228751","ipcas_21:73:33","143","0","4099","LIED10CTRL/LLN0$Status"
"5112","0.002503783","ipcas_21:73:33","143","0","4100","LIED10CTRL/LLN0$Status"
"5113","0.002659251","ipcas_21:73:33","143","0","4101","LIED10CTRL/LLN0$Status"
"5114","0.003198334","ipcas_21:73:33","143","0","4102","LIED10CTRL/LLN0$Status"
"5115","0.000954012","ipcas_21:73:33","143","0","4103","LIED10CTRL/LLN0$Status"
"5116","0.002658869","ipcas_21:73:33","143","0","4104","LIED10CTRL/LLN0$Status"
"5117","0.001781548","ipcas_21:73:33","143","0","4105","LIED10CTRL/LLN0$Status"
"5118","0.001336075","ipcas_21:73:33","143","0","4106","LIED10CTRL/LLN0$Status"
"5119","0.002576233","ipcas_21:73:33","143","0","4107","LIED10CTRL/LLN0$Status"
"5120","0.001148167","ipcas_21:73:33","143","0","4108","LIED10CTRL/LLN0$Status"
"5121","0.002447458","ipcas_21:73:33","143","0","4109","LIED10CTRL/LLN0$Status"
"5122","0.001321002","ipcas_21:73:33","143","0","4110","LIED10CTRL/LLN0$Status"
"5123","0.002502370","ipcas_21:73:33","143","0","4111","LIED10CTRL/LLN0$Status"
"5124","0.002432944","ipcas_21:73:33","143","0","4112","LIED10CTRL/LLN0$Status"
"5125","0.001377842","ipcas_21:73:33","143","0","4113","LIED10CTRL/LLN0$Status"
"5126","0.001102710","ipcas_21:73:33","143","0","4114","LIED10CTRL/LLN0$Status"
"5127","0.001225323","ipcas_21:73:33","143","0","4115","LIED10CTRL/LLN0$Status"
"5128","0.001287773","ipcas_21:73:33","143","0","4116","LIED10CTRL/LLN0$Status"
"5129","0.001267297","ipcas_21:73:33","143","0","4117","LIED10CTRL/LLN0$Status"
"5130","0.001237891","ipcas_21:73:33","143","0","4118","LIED10CTRL/LLN0$Status"
"5131","0.001198954","ipcas_21:73:33","143","0","4119","LIED10CTRL/LLN0$Status"
"5132","0.001246097","ipcas_21:73:33","143","0","4120","LIED10CTRL/LLN0$Status"
"5133","0.001246516","ipcas_21:73:33","143","0","4121","LIED10CTRL/LLN0$Status"
"5134","0.001250888","ipcas_21:73:33","143","0","4122","LIED10CTRL/LLN0$Status"
"5135","0.001265389","ipcas_21:73:33","143","0","4123","LIED10CTRL/LLN0$Status"
"5136","0.001241872","ipcas_21:73:33","143","0","4124","LIED10CTRL/LLN0$Status"
"5137","0.001228071","ipcas_21:73:33","143","0","4125","LIED10CTRL/LLN0$Status"
"5138","0.001271187","ipcas_21:73:33","143","0","4126","LIED10CTRL/LLN0$Status"
"5139","0.001246672","ipcas_21:73:33","143","0","4127","LIED10CTRL/LLN0$Status"
"5140","0.001311614","ipcas_21:73:33","143","0","4128","LIED10CTRL/LLN0$Status"
"5141","0.001187208","ipcas_21:73:33","143","0","4129","LIED10CTRL/LLN0$Status"
"5142","0.001284386","ipcas_21:73:33","143","0","4130","LIED10CTRL/LLN0$Status"
"5143","0.001248362","ipcas_21:73:33","143","0","4131","LIED10CTRL/LLN0$Status"
"5144","0.001333075","ipcas_21:73:33","143","0","4132","LIED10CTRL/LLN0$Status"
"5145","0.001150472","ipcas_21:73:33","143","0","4133","LIED10CTRL/LLN0$Status"
"5146","0.001425297","ipcas_21:73:33","143","0","4134","LIED10CTRL/LLN0$Status"
"5147","0.001093397","ipcas_21:73:33","143","0","4135","LIED10CTRL/LLN0$Status"
"5148","0.001260261","ipcas_21:73:33","143","0","4136","LIED10CTRL/LLN0$Status"
"5149","0.001372140","ipcas_21:73:33","143","0","4137","LIED10CTRL/LLN0$Status"
"5150","0.001350907","ipcas_21:73:33","143","0","4138","LIED10CTRL/LLN0$Status"
"5151","0.001154283","ipcas_21:73:33","143","0","4139","LIED10CTRL/LLN0$Status"
"5152","0.001228038","ipcas_21:73:33","143","0","4140","LIED10CTRL/LLN0$Status"
"5153","0.001172873","ipcas_21:73:33","143","0","4141","LIED10CTRL/LLN0$Status"
"5154","0.001316172","ipcas_21:73:33","143","0","4142","LIED10CTRL/LLN0$Status"
"5155","0.001243806","ipcas_21:73:33","143","0","4143","LIED10CTRL/LLN0$Status"
"5156","0.001243312","ipcas_21:73:33","143","0","4144","LIED10CTRL/LLN0$Status"
"5157","0.002435091","ipcas_21:73:33","143","0","4145","LIED10CTRL/LLN0$Status"
"5158","0.001301868","ipcas_21:73:33","143","0","4146","LIED10CTRL/LLN0$Status"
"5159","0.001296021","ipcas_21:73:33","143","0","4147","LIED10CTRL/LLN0$Status"
"5160","0.001218272","ipcas_21:73:33","143","0","4148","LIED10CTRL/LLN0$Status"
"5161","0.001231196","ipcas_21:73:33","143","0","4149","LIED10CTRL/LLN0$Status"
"5164","0.001219159","ipcas_21:73:33","143","0","4150","LIED10CTRL/LLN0$Status"
"5165","0.001227478","ipcas_21:73:33","143","0","4151","LIED10CTRL/LLN0$Status"
"5166","0.001344162","ipcas_21:73:33","143","0","4152","LIED10CTRL/LLN0$Status"
"5167","0.002497611","ipcas_21:73:33","143","0","4153","LIED10CTRL/LLN0$Status"
"5168","0.002423960","ipcas_21:73:33","143","0","4154","LIED10CTRL/LLN0$Status"
"5169","0.002511312","ipcas_21:73:33","143","0","4155","LIED10CTRL/LLN0$Status"
"5170","0.001348655","ipcas_21:73:33","143","0","4156","LIED10CTRL/LLN0$Status"
"5171","0.001349527","ipcas_21:73:33","143","0","4157","LIED10CTRL/LLN0$Status"
"5172","0.002743986","ipcas_21:73:33","143","0","4158","LIED10CTRL/LLN0$Status"
"5173","0.002408002","ipcas_21:73:33","143","0","4159","LIED10CTRL/LLN0$Status"
"5174","0.002742345","ipcas_21:73:33","143","0","4160","LIED10CTRL/LLN0$Status"
"5175","0.001962118","ipcas_21:73:33","143","0","4161","LIED10CTRL/LLN0$Status"
"5176","0.001194114","ipcas_21:73:33","143","0","4162","LIED10CTRL/LLN0$Status"
"5177","0.001342387","ipcas_21:73:33","143","0","4163","LIED10CTRL/LLN0$Status"
"5178","0.001641439","ipcas_21:73:33","143","0","4164","LIED10CTRL/LLN0$Status"
"5179","0.002050905","ipcas_21:73:33","143","0","4165","LIED10CTRL/LLN0$Status"
"5180","0.001332298","ipcas_21:73:33","143","0","4166","LIED10CTRL/LLN0$Status"
"5181","0.002445372","ipcas_21:73:33","143","0","4167","LIED10CTRL/LLN0$Status"
"5182","0.002540367","ipcas_21:73:33","143","0","4168","LIED10CTRL/LLN0$Status"
"5183","0.002757759","ipcas_21:73:33","143","0","4169","LIED10CTRL/LLN0$Status"
"5184","0.002195846","ipcas_21:73:33","143","0","4170","LIED10CTRL/LLN0$Status"
"5185","0.001260103","ipcas_21:73:33","143","0","4171","LIED10CTRL/LLN0$Status"
"5186","0.001108676","ipcas_21:73:33","143","0","4172","LIED10CTRL/LLN0$Status"
"5187","0.001492972","ipcas_21:73:33","143","0","4173","LIED10CTRL/LLN0$Status"
"5188","0.002389019","ipcas_21:73:33","143","0","4174","LIED10CTRL/LLN0$Status"
"5189","0.001807518","ipcas_21:73:33","143","0","4175","LIED10CTRL/LLN0$Status"
"5190","0.003836834","ipcas_21:73:33","143","0","4176","LIED10CTRL/LLN0$Status"
"5191","0.000913658","ipcas_21:73:33","143","0","4177","LIED10CTRL/LLN0$Status"
"5192","0.002286832","ipcas_21:73:33","143","0","4178","LIED10CTRL/LLN0$Status"
"5193","0.002425397","ipcas_21:73:33","143","0","4179","LIED10CTRL/LLN0$Status"
"5194","0.002545824","ipcas_21:73:33","143","0","4180","LIED10CTRL/LLN0$Status"
"5195","0.001101150","ipcas_21:73:33","143","0","4181","LIED10CTRL/LLN0$Status"
"5196","0.001222461","ipcas_21:73:33","143","0","4182","LIED10CTRL/LLN0$Status"
"5197","0.001381277","ipcas_21:73:33","143","0","4183","LIED10CTRL/LLN0$Status"
"5198","0.002283185","ipcas_21:73:33","143","0","4184","LIED10CTRL/LLN0$Status"
"5199","0.001459546","ipcas_21:73:33","143","0","4185","LIED10CTRL/LLN0$Status"
"5200","0.001043590","ipcas_21:73:33","143","0","4186","LIED10CTRL/LLN0$Status"
"5201","0.002528963","ipcas_21:73:33","143","0","4187","LIED10CTRL/LLN0$Status"
"5202","0.000997607","ipcas_21:73:33","143","0","4188","LIED10CTRL/LLN0$Status"
"5203","0.001968818","ipcas_21:73:33","143","0","4189","LIED10CTRL/LLN0$Status"
"5204","0.002525265","ipcas_21:73:33","143","0","4190","LIED10CTRL/LLN0$Status"
"5205","0.002121812","ipcas_21:73:33","143","0","4191","LIED10CTRL/LLN0$Status"
"5206","0.003463713","ipcas_21:73:33","143","0","4192","LIED10CTRL/LLN0$Status"
"5207","0.004697341","ipcas_21:73:33","143","0","4193","LIED10CTRL/LLN0$Status"
"5208","0.001968324","ipcas_21:73:33","143","0","4194","LIED10CTRL/LLN0$Status"
"5209","0.002436901","ipcas_21:73:33","143","0","4195","LIED10CTRL/LLN0$Status"
"5210","0.001329812","ipcas_21:73:33","143","0","4196","LIED10CTRL/LLN0$Status"
"5211","0.001201514","ipcas_21:73:33","143","0","4197","LIED10CTRL/LLN0$Status"
"5212","0.002263137","ipcas_21:73:33","143","0","4198","LIED10CTRL/LLN0$Status"
"5213","0.002528935","ipcas_21:73:33","143","0","4199","LIED10CTRL/LLN0$Status"
"5214","0.001219081","ipcas_21:73:33","143","0","4200","LIED10CTRL/LLN0$Status"
"5215","0.001959263","ipcas_21:73:33","143","0","4201","LIED10CTRL/LLN0$Status"
"5216","0.000050845","ipcas_21:73:33","143","0","4202","LIED10CTRL/LLN0$Status"
"5217","0.002635898","ipcas_21:73:33","143","0","4203","LIED10CTRL/LLN0$Status"
"5218","0.002242991","ipcas_21:73:33","143","0","4204","LIED10CTRL/LLN0$Status"
"5219","0.001163768","ipcas_21:73:33","143","0","4205","LIED10CTRL/LLN0$Status"
"5221","0.001507393","ipcas_21:73:33","143","0","4206","LIED10CTRL/LLN0$Status"
"5223","0.002081142","ipcas_21:73:33","143","0","4207","LIED10CTRL/LLN0$Status"
"5224","0.001000068","ipcas_21:73:33","143","0","4208","LIED10CTRL/LLN0$Status"
"5225","0.001332120","ipcas_21:73:33","143","0","4209","LIED10CTRL/LLN0$Status"
"5226","0.002275569","ipcas_21:73:33","143","0","4210","LIED10CTRL/LLN0$Status"
"5227","0.000995760","ipcas_21:73:33","143","0","4211","LIED10CTRL/LLN0$Status"
"5228","0.000860327","ipcas_21:73:33","143","0","4212","LIED10CTRL/LLN0$Status"
"5229","0.000778995","ipcas_21:73:33","143","0","4213","LIED10CTRL/LLN0$Status"
"5230","0.002392261","ipcas_21:73:33","143","0","4214","LIED10CTRL/LLN0$Status"
"5231","0.001256134","ipcas_21:73:33","143","0","4215","LIED10CTRL/LLN0$Status"
"5232","0.002596242","ipcas_21:73:33","143","0","4216","LIED10CTRL/LLN0$Status"
"5233","0.000325971","ipcas_21:73:33","143","0","4217","LIED10CTRL/LLN0$Status"
"5234","0.002499937","ipcas_21:73:33","143","0","4218","LIED10CTRL/LLN0$Status"
"5235","0.001035075","ipcas_21:73:33","143","0","4219","LIED10CTRL/LLN0$Status"
"5236","0.001204793","ipcas_21:73:33","143","0","4220","LIED10CTRL/LLN0$Status"
"5237","0.002345527","ipcas_21:73:33","143","0","4221","LIED10CTRL/LLN0$Status"
"5238","0.001528980","ipcas_21:73:33","143","0","4222","LIED10CTRL/LLN0$Status"
"5239","0.000943698","ipcas_21:73:33","143","0","4223","LIED10CTRL/LLN0$Status"
"5240","0.001244569","ipcas_21:73:33","143","0","4224","LIED10CTRL/LLN0$Status"
"5241","0.000299819","ipcas_21:73:33","143","0","4225","LIED10CTRL/LLN0$Status"
"5242","0.001258438","ipcas_21:73:33","143","0","4226","LIED10CTRL/LLN0$Status"
"5243","0.001493254","ipcas_21:73:33","143","0","4227","LIED10CTRL/LLN0$Status"
"5244","0.001001528","ipcas_21:73:33","143","0","4228","LIED10CTRL/LLN0$Status"
"5245","0.001234337","ipcas_21:73:33","143","0","4229","LIED10CTRL/LLN0$Status"
"5248","0.001400778","ipcas_21:73:33","143","0","4230","LIED10CTRL/LLN0$Status"
"5250","0.001206753","ipcas_21:73:33","143","0","4231","LIED10CTRL/LLN0$Status"
"5251","0.001017652","ipcas_21:73:33","143","0","4232","LIED10CTRL/LLN0$Status"
"5252","0.001297684","ipcas_21:73:33","143","0","4233","LIED10CTRL/LLN0$Status"
"5253","0.001096329","ipcas_21:73:33","143","0","4234","LIED10CTRL/LLN0$Status"
"5254","0.001277845","ipcas_21:73:33","143","0","4235","LIED10CTRL/LLN0$Status"
"5255","0.001231726","ipcas_21:73:33","143","0","4236","LIED10CTRL/LLN0$Status"
"5256","0.001469171","ipcas_21:73:33","143","0","4237","LIED10CTRL/LLN0$Status"
"5257","0.001062320","ipcas_21:73:33","143","0","4238","LIED10CTRL/LLN0$Status"
"5258","0.001283153","ipcas_21:73:33","143","0","4239","LIED10CTRL/LLN0$Status"
"5262","0.001459778","ipcas_21:73:33","143","0","4240","LIED10CTRL/LLN0$Status"
"5263","0.001118114","ipcas_21:73:33","143","0","4241","LIED10CTRL/LLN0$Status"
"5264","0.002352644","ipcas_21:73:33","143","0","4242","LIED10CTRL/LLN0$Status"
"5265","0.001181763","ipcas_21:73:33","143","0","4243","LIED10CTRL/LLN0$Status"
"5266","0.001251278","ipcas_21:73:33","143","0","4244","LIED10CTRL/LLN0$Status"
"5267","0.001244818","ipcas_21:73:33","143","0","4245","LIED10CTRL/LLN0$Status"
"5268","0.001260068","ipcas_21:73:33","143","0","4246","LIED10CTRL/LLN0$Status"
"5269","0.001087642","ipcas_21:73:33","143","0","4247","LIED10CTRL/LLN0$Status"
"5270","0.000281588","ipcas_21:73:33","143","0","4248","LIED10CTRL/LLN0$Status"
"5271","0.001709992","ipcas_21:73:33","143","0","4249","LIED10CTRL/LLN0$Status"
"5275","0.001193512","ipcas_21:73:33","143","0","4250","LIED10CTRL/LLN0$Status"
"5276","0.001021349","ipcas_21:73:33","143","0","4251","LIED10CTRL/LLN0$Status"
"5277","0.001242291","ipcas_21:73:33","143","0","4252","LIED10CTRL/LLN0$Status"
"5278","0.001276593","ipcas_21:73:33","143","0","4253","LIED10CTRL/LLN0$Status"
"5282","0.001171020","ipcas_21:73:33","143","0","4254","LIED10CTRL/LLN0$Status"
"5283","0.001169248","ipcas_21:73:33","143","0","4255","LIED10CTRL/LLN0$Status"
"5284","0.001165548","ipcas_21:73:33","143","0","4256","LIED10CTRL/LLN0$Status"
"5285","0.001255717","ipcas_21:73:33","143","0","4257","LIED10CTRL/LLN0$Status"
"5289","0.001278891","ipcas_21:73:33","143","0","4258","LIED10CTRL/LLN0$Status"
"5290","0.001431611","ipcas_21:73:33","143","0","4259","LIED10CTRL/LLN0$Status"
"5291","0.002221968","ipcas_21:73:33","143","0","4260","LIED10CTRL/LLN0$Status"
"5295","0.001353006","ipcas_21:73:33","143","0","4261","LIED10CTRL/LLN0$Status"
"5296","0.001147617","ipcas_21:73:33","143","0","4262","LIED10CTRL/LLN0$Status"
"5302","0.001244391","ipcas_21:73:33","143","0","4263","LIED10CTRL/LLN0$Status"
"5303","0.002045123","ipcas_21:73:33","143","0","4264","LIED10CTRL/LLN0$Status"
"5304","0.000003258","ipcas_21:73:33","143","0","4265","LIED10CTRL/LLN0$Status"
"5305","0.001537611","ipcas_21:73:33","143","0","4266","LIED10CTRL/LLN0$Status"
"5306","0.000996963","ipcas_21:73:33","143","0","4267","LIED10CTRL/LLN0$Status"
"5307","0.001015608","ipcas_21:73:33","143","0","4268","LIED10CTRL/LLN0$Status"
"5308","0.001934944","ipcas_21:73:33","143","0","4269","LIED10CTRL/LLN0$Status"
"5309","0.001209031","ipcas_21:73:33","143","0","4270","LIED10CTRL/LLN0$Status"
"5310","0.001251497","ipcas_21:73:33","143","0","4271","LIED10CTRL/LLN0$Status"
"5311","0.001249654","ipcas_21:73:33","143","0","4272","LIED10CTRL/LLN0$Status"
"5312","0.001252484","ipcas_21:73:33","143","0","4273","LIED10CTRL/LLN0$Status"
"5313","0.000690354","ipcas_21:73:33","143","0","4274","LIED10CTRL/LLN0$Status"
"5314","0.000687633","ipcas_21:73:33","143","0","4275","LIED10CTRL/LLN0$Status"
"5315","0.002041492","ipcas_21:73:33","143","0","4276","LIED10CTRL/LLN0$Status"
"5316","0.000916731","ipcas_21:73:33","143","0","4277","LIED10CTRL/LLN0$Status"
"5317","0.000766408","ipcas_21:73:33","143","0","4278","LIED10CTRL/LLN0$Status"
"5318","0.001941037","ipcas_21:73:33","143","0","4279","LIED10CTRL/LLN0$Status"
"5319","0.000694724","ipcas_21:73:33","143","0","4280","LIED10CTRL/LLN0$Status"
"5320","0.001197329","ipcas_21:73:33","143","0","4281","LIED10CTRL/LLN0$Status"
"5321","0.001202147","ipcas_21:73:33","143","0","4282","LIED10CTRL/LLN0$Status"
"5322","0.001175295","ipcas_21:73:33","143","0","4283","LIED10CTRL/LLN0$Status"
"5323","0.001331202","ipcas_21:73:33","143","0","4284","LIED10CTRL/LLN0$Status"
"5324","0.001196987","ipcas_21:73:33","143","0","4285","LIED10CTRL/LLN0$Status"
"5325","0.001300366","ipcas_21:73:33","143","0","4286","LIED10CTRL/LLN0$Status"
"5326","0.001203760","ipcas_21:73:33","143","0","4287","LIED10CTRL/LLN0$Status"
"5327","0.001224940","ipcas_21:73:33","143","0","4288","LIED10CTRL/LLN0$Status"
"5328","0.001314374","ipcas_21:73:33","143","0","4289","LIED10CTRL/LLN0$Status"
"5329","0.001379878","ipcas_21:73:33","143","0","4290","LIED10CTRL/LLN0$Status"
"5330","0.002018758","ipcas_21:73:33","143","0","4291","LIED10CTRL/LLN0$Status"
"5331","0.001492364","ipcas_21:73:33","143","0","4292","LIED10CTRL/LLN0$Status"
"5332","0.001270304","ipcas_21:73:33","143","0","4293","LIED10CTRL/LLN0$Status"
"5333","0.001214717","ipcas_21:73:33","143","0","4294","LIED10CTRL/LLN0$Status"
"5334","0.002630450","ipcas_21:73:33","143","0","4295","LIED10CTRL/LLN0$Status"
"5335","0.000916667","ipcas_21:73:33","143","0","4296","LIED10CTRL/LLN0$Status"
"5336","0.000316357","ipcas_21:73:33","143","0","4297","LIED10CTRL/LLN0$Status"
"5337","0.001324107","ipcas_21:73:33","143","0","4298","LIED10CTRL/LLN0$Status"
"5338","0.001194226","ipcas_21:73:33","143","0","4299","LIED10CTRL/LLN0$Status"
"5339","0.001244580","ipcas_21:73:33","143","0","4300","LIED10CTRL/LLN0$Status"
"5340","0.001330229","ipcas_21:73:33","143","0","4301","LIED10CTRL/LLN0$Status"
"5341","0.001145186","ipcas_21:73:33","143","0","4302","LIED10CTRL/LLN0$Status"
"5342","0.001435719","ipcas_21:73:33","143","0","4303","LIED10CTRL/LLN0$Status"
"5343","0.001789527","ipcas_21:73:33","143","0","4304","LIED10CTRL/LLN0$Status"
"5344","0.000624683","ipcas_21:73:33","143","0","4305","LIED10CTRL/LLN0$Status"
"5345","0.001383684","ipcas_21:73:33","143","0","4306","LIED10CTRL/LLN0$Status"
"5346","0.001012621","ipcas_21:73:33","143","0","4307","LIED10CTRL/LLN0$Status"
"5347","0.001232128","ipcas_21:73:33","143","0","4308","LIED10CTRL/LLN0$Status"
"5348","0.001265580","ipcas_21:73:33","143","0","4309","LIED10CTRL/LLN0$Status"
"5349","0.001236888","ipcas_21:73:33","143","0","4310","LIED10CTRL/LLN0$Status"
"5350","0.001241807","ipcas_21:73:33","143","0","4311","LIED10CTRL/LLN0$Status"
"5351","0.001278022","ipcas_21:73:33","143","0","4312","LIED10CTRL/LLN0$Status"
"5352","0.001356022","ipcas_21:73:33","143","0","4313","LIED10CTRL/LLN0$Status"
"5353","0.001241701","ipcas_21:73:33","143","0","4314","LIED10CTRL/LLN0$Status"
"5354","0.002344927","ipcas_21:73:33","143","0","4315","LIED10CTRL/LLN0$Status"
"5355","0.001254871","ipcas_21:73:33","143","0","4316","LIED10CTRL/LLN0$Status"
"5356","0.000785647","ipcas_21:73:33","143","0","4317","LIED10CTRL/LLN0$Status"
"5357","0.001667030","ipcas_21:73:33","143","0","4318","LIED10CTRL/LLN0$Status"
"5358","0.000002634","ipcas_21:73:33","143","0","4319","LIED10CTRL/LLN0$Status"
"5359","0.002404390","ipcas_21:73:33","143","0","4320","LIED10CTRL/LLN0$Status"
"5360","0.000190438","ipcas_21:73:33","143","0","4321","LIED10CTRL/LLN0$Status"
"5361","0.001320887","ipcas_21:73:33","143","0","4322","LIED10CTRL/LLN0$Status"
"5362","0.001192576","ipcas_21:73:33","143","0","4323","LIED10CTRL/LLN0$Status"
"5363","0.001482524","ipcas_21:73:33","143","0","4324","LIED10CTRL/LLN0$Status"
"5364","0.001198213","ipcas_21:73:33","143","0","4325","LIED10CTRL/LLN0$Status"
"5365","0.002423366","ipcas_21:73:33","143","0","4326","LIED10CTRL/LLN0$Status"
"5366","0.002372161","ipcas_21:73:33","143","0","4327","LIED10CTRL/LLN0$Status"
"5367","0.001876434","ipcas_21:73:33","143","0","4328","LIED10CTRL/LLN0$Status"
"5368","0.001858641","ipcas_21:73:33","143","0","4329","LIED10CTRL/LLN0$Status"
"5369","0.001212597","ipcas_21:73:33","143","0","4330","LIED10CTRL/LLN0$Status"
"5370","0.001240449","ipcas_21:73:33","143","0","4331","LIED10CTRL/LLN0$Status"
"5371","0.001295144","ipcas_21:73:33","143","0","4332","LIED10CTRL/LLN0$Status"
"5372","0.001238959","ipcas_21:73:33","143","0","4333","LIED10CTRL/LLN0$Status"
"5373","0.001236410","ipcas_21:73:33","143","0","4334","LIED10CTRL/LLN0$Status"
"5374","0.001430292","ipcas_21:73:33","143","0","4335","LIED10CTRL/LLN0$Status"
"5375","0.003564153","ipcas_21:73:33","143","0","4336","LIED10CTRL/LLN0$Status"
"5376","0.001386966","ipcas_21:73:33","143","0","4337","LIED10CTRL/LLN0$Status"
"5377","0.001058775","ipcas_21:73:33","143","0","4338","LIED10CTRL/LLN0$Status"
"5378","0.001549640","ipcas_21:73:33","143","0","4339","LIED10CTRL/LLN0$Status"
"5379","0.002145111","ipcas_21:73:33","143","0","4340","LIED10CTRL/LLN0$Status"
"5380","0.002962724","ipcas_21:73:33","143","0","4341","LIED10CTRL/LLN0$Status"
"5381","0.001580893","ipcas_21:73:33","143","0","4342","LIED10CTRL/LLN0$Status"
"5382","0.000703113","ipcas_21:73:33","143","0","4343","LIED10CTRL/LLN0$Status"
"5383","0.002562013","ipcas_21:73:33","143","0","4344","LIED10CTRL/LLN0$Status"
"5384","0.002402820","ipcas_21:73:33","143","0","4345","LIED10CTRL/LLN0$Status"
"5385","0.001238149","ipcas_21:73:33","143","0","4346","LIED10CTRL/LLN0$Status"
"5386","0.001299343","ipcas_21:73:33","143","0","4347","LIED10CTRL/LLN0$Status"
"5387","0.001223769","ipcas_21:73:33","143","0","4348","LIED10CTRL/LLN0$Status"
"5388","0.001207384","ipcas_21:73:33","143","0","4349","LIED10CTRL/LLN0$Status"
"5389","0.001345684","ipcas_21:73:33","143","0","4350","LIED10CTRL/LLN0$Status"
"5390","0.002389298","ipcas_21:73:33","143","0","4351","LIED10CTRL/LLN0$Status"
"5391","0.003143167","ipcas_21:73:33","143","0","4352","LIED10CTRL/LLN0$Status"
"5392","0.001758416","ipcas_21:73:33","143","0","4353","LIED10CTRL/LLN0$Status"
"5393","0.002520354","ipcas_21:73:33","143","0","4354","LIED10CTRL/LLN0$Status"
"5394","0.001387494","ipcas_21:73:33","143","0","4355","LIED10CTRL/LLN0$Status"
"5395","0.001089731","ipcas_21:73:33","143","0","4356","LIED10CTRL/LLN0$Status"
"5396","0.000662152","ipcas_21:73:33","143","0","4357","LIED10CTRL/LLN0$Status"
"5397","0.001013243","ipcas_21:73:33","143","0","4358","LIED10CTRL/LLN0$Status"
"5398","0.001031135","ipcas_21:73:33","143","0","4359","LIED10CTRL/LLN0$Status"
"5399","0.001246227","ipcas_21:73:33","143","0","4360","LIED10CTRL/LLN0$Status"
"5400","0.001311339","ipcas_21:73:33","143","0","4361","LIED10CTRL/LLN0$Status"
"5401","0.001380698","ipcas_21:73:33","143","0","4362","LIED10CTRL/LLN0$Status"
"5402","0.001423115","ipcas_21:73:33","143","0","4363","LIED10CTRL/LLN0$Status"
"5403","0.000857405","ipcas_21:73:33","143","0","4364","LIED10CTRL/LLN0$Status"
"5404","0.001276095","ipcas_21:73:33","143","0","4365","LIED10CTRL/LLN0$Status"
"5405","0.001116368","ipcas_21:73:33","143","0","4366","LIED10CTRL/LLN0$Status"
"5406","0.001228477","ipcas_21:73:33","143","0","4367","LIED10CTRL/LLN0$Status"
"5407","0.001239628","ipcas_21:73:33","143","0","4368","LIED10CTRL/LLN0$Status"
"5408","0.001296333","ipcas_21:73:33","143","0","4369","LIED10CTRL/LLN0$Status"
"5409","0.001254578","ipcas_21:73:33","143","0","4370","LIED10CTRL/LLN0$Status"
"5410","0.001230549","ipcas_21:73:33","143","0","4371","LIED10CTRL/LLN0$Status"
"5411","0.002561784","ipcas_21:73:33","143","0","4372","LIED10CTRL/LLN0$Status"
"5412","0.002820084","ipcas_21:73:33","143","0","4373","LIED10CTRL/LLN0$Status"
"5413","0.000896212","ipcas_21:73:33","143","0","4374","LIED10CTRL/LLN0$Status"
"5414","0.002543655","ipcas_21:73:33","143","0","4375","LIED10CTRL/LLN0$Status"
"5415","0.001107123","ipcas_21:73:33","143","0","4376","LIED10CTRL/LLN0$Status"
"5416","0.001323868","ipcas_21:73:33","143","0","4377","LIED10CTRL/LLN0$Status"
"5417","0.001175725","ipcas_21:73:33","143","0","4378","LIED10CTRL/LLN0$Status"
"5418","0.001250720","ipcas_21:73:33","143","0","4379","LIED10CTRL/LLN0$Status"
"5419","0.001335628","ipcas_21:73:33","143","0","4380","LIED10CTRL/LLN0$Status"
"5420","0.000059665","ipcas_21:73:33","143","0","4381","LIED10CTRL/LLN0$Status"
"5421","0.001819384","ipcas_21:73:33","143","0","4382","LIED10CTRL/LLN0$Status"
"5422","0.000970226","ipcas_21:73:33","143","0","4383","LIED10CTRL/LLN0$Status"
"5423","0.001023299","ipcas_21:73:33","143","0","4384","LIED10CTRL/LLN0$Status"
"5424","0.001469458","ipcas_21:73:33","143","0","4385","LIED10CTRL/LLN0$Status"
"5425","0.001439204","ipcas_21:73:33","143","0","4386","LIED10CTRL/LLN0$Status"
"5426","0.000922623","ipcas_21:73:33","143","0","4387","LIED10CTRL/LLN0$Status"
"5427","0.001110624","ipcas_21:73:33","143","0","4388","LIED10CTRL/LLN0$Status"
"5428","0.001231445","ipcas_21:73:33","143","0","4389","LIED10CTRL/LLN0$Status"
"5429","0.001182140","ipcas_21:73:33","143","0","4390","LIED10CTRL/LLN0$Status"
"5430","0.001219995","ipcas_21:73:33","143","0","4391","LIED10CTRL/LLN0$Status"
"5431","0.001273468","ipcas_21:73:33","143","0","4392","LIED10CTRL/LLN0$Status"
"5432","0.001250841","ipcas_21:73:33","143","0","4393","LIED10CTRL/LLN0$Status"
"5433","0.001252549","ipcas_21:73:33","143","0","4394","LIED10CTRL/LLN0$Status"
"5434","0.001279379","ipcas_21:73:33","143","0","4395","LIED10CTRL/LLN0$Status"
"5435","0.002082396","ipcas_21:73:33","143","0","4396","LIED10CTRL/LLN0$Status"
"5436","0.000723440","ipcas_21:73:33","143","0","4397","LIED10CTRL/LLN0$Status"
"5437","0.001210113","ipcas_21:73:33","143","0","4398","LIED10CTRL/LLN0$Status"
"5438","0.002144254","ipcas_21:73:33","143","0","4399","LIED10CTRL/LLN0$Status"
"5439","0.001246769","ipcas_21:73:33","143","0","4400","LIED10CTRL/LLN0$Status"
"5440","0.002498435","ipcas_21:73:33","143","0","4401","LIED10CTRL/LLN0$Status"
"5441","0.001255595","ipcas_21:73:33","143","0","4402","LIED10CTRL/LLN0$Status"
"5442","0.001576905","ipcas_21:73:33","143","0","4403","LIED10CTRL/LLN0$Status"
"5443","0.002431230","ipcas_21:73:33","143","0","4404","LIED10CTRL/LLN0$Status"
"5444","0.002334178","ipcas_21:73:33","143","0","4405","LIED10CTRL/LLN0$Status"
"5445","0.001694505","ipcas_21:73:33","143","0","4406","LIED10CTRL/LLN0$Status"
"5446","0.001131448","ipcas_21:73:33","143","0","4407","LIED10CTRL/LLN0$Status"
"5447","0.002423730","ipcas_21:73:33","143","0","4408","LIED10CTRL/LLN0$Status"
"5448","0.002364453","ipcas_21:73:33","143","0","4409","LIED10CTRL/LLN0$Status"
"5449","0.001085396","ipcas_21:73:33","143","0","4410","LIED10CTRL/LLN0$Status"
"5450","0.001296948","ipcas_21:73:33","143","0","4411","LIED10CTRL/LLN0$Status"
"5451","0.001229692","ipcas_21:73:33","143","0","4412","LIED10CTRL/LLN0$Status"
"5452","0.002614893","ipcas_21:73:33","143","0","4413","LIED10CTRL/LLN0$Status"
"5453","0.001462917","ipcas_21:73:33","143","0","4414","LIED10CTRL/LLN0$Status"
"5454","0.001340150","ipcas_21:73:33","143","0","4415","LIED10CTRL/LLN0$Status"
"5455","0.004513822","ipcas_21:73:33","143","0","4416","LIED10CTRL/LLN0$Status"
"5456","0.002498643","ipcas_21:73:33","143","0","4417","LIED10CTRL/LLN0$Status"
"5457","0.000917368","ipcas_21:73:33","143","0","4418","LIED10CTRL/LLN0$Status"
"5458","0.002391107","ipcas_21:73:33","143","0","4419","LIED10CTRL/LLN0$Status"
"5459","0.002164743","ipcas_21:73:33","143","0","4420","LIED10CTRL/LLN0$Status"
"5460","0.002206677","ipcas_21:73:33","143","0","4421","LIED10CTRL/LLN0$Status"
"5461","0.002479595","ipcas_21:73:33","143","0","4422","LIED10CTRL/LLN0$Status"
"5462","0.002582076","ipcas_21:73:33","143","0","4423","LIED10CTRL/LLN0$Status"
"5463","0.002505767","ipcas_21:73:33","143","0","4424","LIED10CTRL/LLN0$Status"
"5464","0.002488264","ipcas_21:73:33","143","0","4425","LIED10CTRL/LLN0$Status"
"5465","0.002420915","ipcas_21:73:33","143","0","4426","LIED10CTRL/LLN0$Status"
"5466","0.002824118","ipcas_21:73:33","143","0","4427","LIED10CTRL/LLN0$Status"
"5467","0.002344730","ipcas_21:73:33","143","0","4428","LIED10CTRL/LLN0$Status"
"5468","0.004693658","ipcas_21:73:33","143","0","4429","LIED10CTRL/LLN0$Status"
"5469","0.002539322","ipcas_21:73:33","143","0","4430","LIED10CTRL/LLN0$Status"
"5473","0.000927326","ipcas_21:73:33","143","0","4431","LIED10CTRL/LLN0$Status"
"5474","0.002616964","ipcas_21:73:33","143","0","4432","LIED10CTRL/LLN0$Status"
"5481","0.008492076","ipcas_21:73:33","143","0","4433","LIED10CTRL/LLN0$Status"
"5485","0.001756091","ipcas_21:73:33","143","0","4434","LIED10CTRL/LLN0$Status"
"5486","0.001379602","ipcas_21:73:33","143","0","4435","LIED10CTRL/LLN0$Status"
"5487","0.002507914","ipcas_21:73:33","143","0","4436","LIED10CTRL/LLN0$Status"
"5491","0.002330757","ipcas_21:73:33","143","0","4437","LIED10CTRL/LLN0$Status"
"5492","0.002919219","ipcas_21:73:33","143","0","4438","LIED10CTRL/LLN0$Status"
"5496","0.002258356","ipcas_21:73:33","143","0","4439","LIED10CTRL/LLN0$Status"
"5500","0.002270428","ipcas_21:73:33","143","0","4440","LIED10CTRL/LLN0$Status"
"5501","0.005173036","ipcas_21:73:33","143","0","4441","LIED10CTRL/LLN0$Status"
"5505","0.001198070","ipcas_21:73:33","143","0","4442","LIED10CTRL/LLN0$Status"
"5506","0.001675253","ipcas_21:73:33","143","0","4443","LIED10CTRL/LLN0$Status"
"5510","0.002192451","ipcas_21:73:33","143","0","4444","LIED10CTRL/LLN0$Status"
"5514","0.002286113","ipcas_21:73:33","143","0","4445","LIED10CTRL/LLN0$Status"
"5515","0.002990829","ipcas_21:73:33","143","0","4446","LIED10CTRL/LLN0$Status"
"5516","0.002212077","ipcas_21:73:33","143","0","4447","LIED10CTRL/LLN0$Status"
"5517","0.002331802","ipcas_21:73:33","143","0","4448","LIED10CTRL/LLN0$Status"
"5518","0.002678701","ipcas_21:73:33","143","0","4449","LIED10CTRL/LLN0$Status"
"5519","0.002308538","ipcas_21:73:33","143","0","4450","LIED10CTRL/LLN0$Status"
"5520","0.002937925","ipcas_21:73:33","143","0","4451","LIED10CTRL/LLN0$Status"
"5521","0.002218189","ipcas_21:73:33","143","0","4452","LIED10CTRL/LLN0$Status"
"5522","0.005029610","ipcas_21:73:33","143","0","4453","LIED10CTRL/LLN0$Status"
"5523","0.002541359","ipcas_21:73:33","143","0","4454","LIED10CTRL/LLN0$Status"
"5524","0.001104640","ipcas_21:73:33","143","0","4455","LIED10CTRL/LLN0$Status"
"5525","0.001635270","ipcas_21:73:33","143","0","4456","LIED10CTRL/LLN0$Status"
"5526","0.002395224","ipcas_21:73:33","143","0","4457","LIED10CTRL/LLN0$Status"
"5527","0.002448745","ipcas_21:73:33","143","0","4458","LIED10CTRL/LLN0$Status"
"5528","0.002496956","ipcas_21:73:33","143","0","4459","LIED10CTRL/LLN0$Status"
"5529","0.002423824","ipcas_21:73:33","143","0","4460","LIED10CTRL/LLN0$Status"
"5530","0.002284623","ipcas_21:73:33","143","0","4461","LIED10CTRL/LLN0$Status"
"5531","0.002636425","ipcas_21:73:33","143","0","4462","LIED10CTRL/LLN0$Status"
"5532","0.002515570","ipcas_21:73:33","143","0","4463","LIED10CTRL/LLN0$Status"
"5533","0.002508317","ipcas_21:73:33","143","0","4464","LIED10CTRL/LLN0$Status"
"5534","0.002713418","ipcas_21:73:33","143","0","4465","LIED10CTRL/LLN0$Status"
"5535","0.005586715","ipcas_21:73:33","143","0","4466","LIED10CTRL/LLN0$Status"
"5536","0.001925020","ipcas_21:73:33","143","0","4467","LIED10CTRL/LLN0$Status"
"5537","0.000004021","ipcas_21:73:33","143","0","4468","LIED10CTRL/LLN0$Status"
"5538","0.003589768","ipcas_21:73:33","143","0","4469","LIED10CTRL/LLN0$Status"
"5539","0.003678298","ipcas_21:73:33","143","0","4470","LIED10CTRL/LLN0$Status"
"5540","0.000006433","ipcas_21:73:33","143","0","4471","LIED10CTRL/LLN0$Status"
"5541","0.002667889","ipcas_21:73:33","143","0","4472","LIED10CTRL/LLN0$Status"
"5542","0.002291249","ipcas_21:73:33","143","0","4473","LIED10CTRL/LLN0$Status"
"5543","0.002413486","ipcas_21:73:33","143","0","4474","LIED10CTRL/LLN0$Status"
"5544","0.002587422","ipcas_21:73:33","143","0","4475","LIED10CTRL/LLN0$Status"
"5545","0.002418795","ipcas_21:73:33","143","0","4476","LIED10CTRL/LLN0$Status"
"5546","0.002589077","ipcas_21:73:33","143","0","4477","LIED10CTRL/LLN0$Status"
"5547","0.003040127","ipcas_21:73:33","143","0","4478","LIED10CTRL/LLN0$Status"
"5548","0.001966892","ipcas_21:73:33","143","0","4479","LIED10CTRL/LLN0$Status"
"5549","0.003821178","ipcas_21:73:33","143","0","4480","LIED10CTRL/LLN0$Status"
"5550","0.000312330","ipcas_21:73:33","143","0","4481","LIED10CTRL/LLN0$Status"
"5551","0.004740097","ipcas_21:73:33","143","0","4482","LIED10CTRL/LLN0$Status"
"5552","0.002201046","ipcas_21:73:33","143","0","4483","LIED10CTRL/LLN0$Status"
"5553","0.002632783","ipcas_21:73:33","143","0","4484","LIED10CTRL/LLN0$Status"
"5554","0.001381296","ipcas_21:73:33","143","0","4485","LIED10CTRL/LLN0$Status"
"5555","0.002435732","ipcas_21:73:33","143","0","4486","LIED10CTRL/LLN0$Status"
"5556","0.002464996","ipcas_21:73:33","143","0","4487","LIED10CTRL/LLN0$Status"
"5557","0.002367282","ipcas_21:73:33","143","0","4488","LIED10CTRL/LLN0$Status"
"5558","0.002503381","ipcas_21:73:33","143","0","4489","LIED10CTRL/LLN0$Status"
"5559","0.002515009","ipcas_21:73:33","143","0","4490","LIED10CTRL/LLN0$Status"
"5560","0.002856910","ipcas_21:73:33","143","0","4491","LIED10CTRL/LLN0$Status"
"5561","0.004900639","ipcas_21:73:33","143","0","4492","LIED10CTRL/LLN0$Status"
"5562","0.002206164","ipcas_21:73:33","143","0","4493","LIED10CTRL/LLN0$Status"
"5563","0.000002714","ipcas_21:73:33","143","0","4494","LIED10CTRL/LLN0$Status"
"5564","0.002685363","ipcas_21:73:33","143","0","4495","LIED10CTRL/LLN0$Status"
"5565","0.002972519","ipcas_21:73:33","143","0","4496","LIED10CTRL/LLN0$Status"
"5566","0.002024721","ipcas_21:73:33","143","0","4497","LIED10CTRL/LLN0$Status"
"5567","0.002430422","ipcas_21:73:33","143","0","4498","LIED10CTRL/LLN0$Status"
"5568","0.002439922","ipcas_21:73:33","143","0","4499","LIED10CTRL/LLN0$Status"
"5569","0.002530314","ipcas_21:73:33","143","0","4500","LIED10CTRL/LLN0$Status"
"5570","0.002427749","ipcas_21:73:33","143","0","4501","LIED10CTRL/LLN0$Status"
"5571","0.002503554","ipcas_21:73:33","143","0","4502","LIED10CTRL/LLN0$Status"
"5572","0.002749178","ipcas_21:73:33","143","0","4503","LIED10CTRL/LLN0$Status"
"5573","0.002963457","ipcas_21:73:33","143","0","4504","LIED10CTRL/LLN0$Status"
"5574","0.001819143","ipcas_21:73:33","143","0","4505","LIED10CTRL/LLN0$Status"
"5575","0.005027781","ipcas_21:73:33","143","0","4506","LIED10CTRL/LLN0$Status"
"5576","0.000003207","ipcas_21:73:33","143","0","4507","LIED10CTRL/LLN0$Status"
"5577","0.002619726","ipcas_21:73:33","143","0","4508","LIED10CTRL/LLN0$Status"
"5578","0.002668287","ipcas_21:73:33","143","0","4509","LIED10CTRL/LLN0$Status"
"5579","0.002397951","ipcas_21:73:33","143","0","4510","LIED10CTRL/LLN0$Status"
"5580","0.002531015","ipcas_21:73:33","143","0","4511","LIED10CTRL/LLN0$Status"
"5581","0.002368263","ipcas_21:73:33","143","0","4512","LIED10CTRL/LLN0$Status"
"5582","0.002475959","ipcas_21:73:33","143","0","4513","LIED10CTRL/LLN0$Status"
"5583","0.002435852","ipcas_21:73:33","143","0","4514","LIED10CTRL/LLN0$Status"
"5584","0.002446756","ipcas_21:73:33","143","0","4515","LIED10CTRL/LLN0$Status"
"5585","0.003015852","ipcas_21:73:33","143","0","4516","LIED10CTRL/LLN0$Status"
"5586","0.004514069","ipcas_21:73:33","143","0","4517","LIED10CTRL/LLN0$Status"
"5587","0.002314256","ipcas_21:73:33","143","0","4518","LIED10CTRL/LLN0$Status"
"5588","0.000196544","ipcas_21:73:33","143","0","4519","LIED10CTRL/LLN0$Status"
"5589","0.003100135","ipcas_21:73:33","143","0","4520","LIED10CTRL/LLN0$Status"
"5590","0.001994765","ipcas_21:73:33","143","0","4521","LIED10CTRL/LLN0$Status"
"5591","0.002500384","ipcas_21:73:33","143","0","4522","LIED10CTRL/LLN0$Status"
"5592","0.002404335","ipcas_21:73:33","143","0","4523","LIED10CTRL/LLN0$Status"
"5593","0.002452057","ipcas_21:73:33","143","0","4524","LIED10CTRL/LLN0$Status"
"5594","0.005072433","ipcas_21:73:33","143","0","4525","LIED10CTRL/LLN0$Status"
"5595","0.002123436","ipcas_21:73:33","143","0","4526","LIED10CTRL/LLN0$Status"
"5596","0.000440210","ipcas_21:73:33","143","0","4527","LIED10CTRL/LLN0$Status"
"5597","0.002781063","ipcas_21:73:33","143","0","4528","LIED10CTRL/LLN0$Status"
"5598","0.002346405","ipcas_21:73:33","143","0","4529","LIED10CTRL/LLN0$Status"
"5599","0.004717772","ipcas_21:73:33","143","0","4530","LIED10CTRL/LLN0$Status"
"5600","0.000782789","ipcas_21:73:33","143","0","4531","LIED10CTRL/LLN0$Status"
"5601","0.002510105","ipcas_21:73:33","143","0","4532","LIED10CTRL/LLN0$Status"
"5602","0.001841014","ipcas_21:73:33","143","0","4533","LIED10CTRL/LLN0$Status"
"5603","0.002780690","ipcas_21:73:33","143","0","4534","LIED10CTRL/LLN0$Status"
"5604","0.002192550","ipcas_21:73:33","143","0","4535","LIED10CTRL/LLN0$Status"
"5605","0.002431840","ipcas_21:73:33","143","0","4536","LIED10CTRL/LLN0$Status"
"5606","0.002514671","ipcas_21:73:33","143","0","4537","LIED10CTRL/LLN0$Status"
"5607","0.002592724","ipcas_21:73:33","143","0","4538","LIED10CTRL/LLN0$Status"
"5608","0.002397421","ipcas_21:73:33","143","0","4539","LIED10CTRL/LLN0$Status"
"5609","0.002602068","ipcas_21:73:33","143","0","4540","LIED10CTRL/LLN0$Status"
"5610","0.004802267","ipcas_21:73:33","143","0","4541","LIED10CTRL/LLN0$Status"
"5611","0.002504596","ipcas_21:73:33","143","0","4542","LIED10CTRL/LLN0$Status"
"5612","0.000161123","ipcas_21:73:33","143","0","4543","LIED10CTRL/LLN0$Status"
"5613","0.002836956","ipcas_21:73:33","143","0","4544","LIED10CTRL/LLN0$Status"
"5614","0.002345219","ipcas_21:73:33","143","0","4545","LIED10CTRL/LLN0$Status"
"5615","0.002335150","ipcas_21:73:33","143","0","4546","LIED10CTRL/LLN0$Status"
"5616","0.002447913","ipcas_21:73:33","143","0","4547","LIED10CTRL/LLN0$Status"
"5617","0.002859891","ipcas_21:73:33","143","0","4548","LIED10CTRL/LLN0$Status"
"5618","0.002226904","ipcas_21:73:33","143","0","4549","LIED10CTRL/LLN0$Status"
"5619","0.002454838","ipcas_21:73:33","143","0","4550","LIED10CTRL/LLN0$Status"
"5620","0.002406403","ipcas_21:73:33","143","0","4551","LIED10CTRL/LLN0$Status"
"5621","0.002848612","ipcas_21:73:33","143","0","4552","LIED10CTRL/LLN0$Status"
"5622","0.004656559","ipcas_21:73:33","143","0","4553","LIED10CTRL/LLN0$Status"
"5623","0.002322210","ipcas_21:73:33","143","0","4554","LIED10CTRL/LLN0$Status"
"5624","0.000274754","ipcas_21:73:33","143","0","4555","LIED10CTRL/LLN0$Status"
"5625","0.002673895","ipcas_21:73:33","143","0","4556","LIED10CTRL/LLN0$Status"
"5626","0.002643290","ipcas_21:73:33","143","0","4557","LIED10CTRL/LLN0$Status"
"5627","0.002209208","ipcas_21:73:33","143","0","4558","LIED10CTRL/LLN0$Status"
"5628","0.002553353","ipcas_21:73:33","143","0","4559","LIED10CTRL/LLN0$Status"
"5629","0.002436163","ipcas_21:73:33","143","0","4560","LIED10CTRL/LLN0$Status"
"5630","0.002521472","ipcas_21:73:33","143","0","4561","LIED10CTRL/LLN0$Status"
"5631","0.002352147","ipcas_21:73:33","143","0","4562","LIED10CTRL/LLN0$Status"
"5632","0.002525978","ipcas_21:73:33","143","0","4563","LIED10CTRL/LLN0$Status"
"5633","0.002591303","ipcas_21:73:33","143","0","4564","LIED10CTRL/LLN0$Status"
"5634","0.002574442","ipcas_21:73:33","143","0","4565","LIED10CTRL/LLN0$Status"
"5635","0.002485011","ipcas_21:73:33","143","0","4566","LIED10CTRL/LLN0$Status"
"5636","0.004770032","ipcas_21:73:33","143","0","4567","LIED10CTRL/LLN0$Status"
"5637","0.000531310","ipcas_21:73:33","143","0","4568","LIED10CTRL/LLN0$Status"
"5638","0.002352930","ipcas_21:73:33","143","0","4569","LIED10CTRL/LLN0$Status"
"5639","0.002880986","ipcas_21:73:33","143","0","4570","LIED10CTRL/LLN0$Status"
"5640","0.001879695","ipcas_21:73:33","143","0","4571","LIED10CTRL/LLN0$Status"
"5641","0.002504199","ipcas_21:73:33","143","0","4572","LIED10CTRL/LLN0$Status"
"5642","0.002478967","ipcas_21:73:33","143","0","4573","LIED10CTRL/LLN0$Status"
"5643","0.002526191","ipcas_21:73:33","143","0","4574","LIED10CTRL/LLN0$Status"
"5644","0.002568735","ipcas_21:73:33","143","0","4575","LIED10CTRL/LLN0$Status"
"5645","0.002435444","ipcas_21:73:33","143","0","4576","LIED10CTRL/LLN0$Status"
"5646","0.002859411","ipcas_21:73:33","143","0","4577","LIED10CTRL/LLN0$Status"
"5647","0.002174232","ipcas_21:73:33","143","0","4578","LIED10CTRL/LLN0$Status"
"5648","0.004837437","ipcas_21:73:33","143","0","4579","LIED10CTRL/LLN0$Status"
"5649","0.002752469","ipcas_21:73:33","143","0","4580","LIED10CTRL/LLN0$Status"
"5650","0.000003324","ipcas_21:73:33","143","0","4581","LIED10CTRL/LLN0$Status"
"5651","0.002640201","ipcas_21:73:33","143","0","4582","LIED10CTRL/LLN0$Status"
"5652","0.002693257","ipcas_21:73:33","143","0","4583","LIED10CTRL/LLN0$Status"
"5653","0.002184254","ipcas_21:73:33","143","0","4584","LIED10CTRL/LLN0$Status"
"5654","0.002254848","ipcas_21:73:33","143","0","4585","LIED10CTRL/LLN0$Status"
"5655","0.002517839","ipcas_21:73:33","143","0","4586","LIED10CTRL/LLN0$Status"
"5656","0.002466749","ipcas_21:73:33","143","0","4587","LIED10CTRL/LLN0$Status"
"5657","0.002564034","ipcas_21:73:33","143","0","4588","LIED10CTRL/LLN0$Status"
"5658","0.002878250","ipcas_21:73:33","143","0","4589","LIED10CTRL/LLN0$Status"
"5659","0.002123445","ipcas_21:73:33","143","0","4590","LIED10CTRL/LLN0$Status"
"5660","0.002759219","ipcas_21:73:33","143","0","4591","LIED10CTRL/LLN0$Status"
"5661","0.002389407","ipcas_21:73:33","143","0","4592","LIED10CTRL/LLN0$Status"
"5662","0.004764343","ipcas_21:73:33","143","0","4593","LIED10CTRL/LLN0$Status"
"5663","0.000361573","ipcas_21:73:33","143","0","4594","LIED10CTRL/LLN0$Status"
"5664","0.002603586","ipcas_21:73:33","143","0","4595","LIED10CTRL/LLN0$Status"
"5665","0.002604587","ipcas_21:73:33","143","0","4596","LIED10CTRL/LLN0$Status"
"5666","0.004660482","ipcas_21:73:33","143","0","4597","LIED10CTRL/LLN0$Status"
"5667","0.002371757","ipcas_21:73:33","143","0","4598","LIED10CTRL/LLN0$Status"
"5668","0.002441276","ipcas_21:73:33","143","0","4599","LIED10CTRL/LLN0$Status"
"5669","0.002524919","ipcas_21:73:33","143","0","4600","LIED10CTRL/LLN0$Status"
"5670","0.002521682","ipcas_21:73:33","143","0","4601","LIED10CTRL/LLN0$Status"
"5671","0.002535422","ipcas_21:73:33","143","0","4602","LIED10CTRL/LLN0$Status"
"5672","0.002825184","ipcas_21:73:33","143","0","4603","LIED10CTRL/LLN0$Status"
"5673","0.002269541","ipcas_21:73:33","143","0","4604","LIED10CTRL/LLN0$Status"
"5674","0.002456118","ipcas_21:73:33","143","0","4605","LIED10CTRL/LLN0$Status"
"5675","0.002805372","ipcas_21:73:33","143","0","4606","LIED10CTRL/LLN0$Status"
"5676","0.002375215","ipcas_21:73:33","143","0","4607","LIED10CTRL/LLN0$Status"
"5677","0.002295848","ipcas_21:73:33","143","0","4608","LIED10CTRL/LLN0$Status"
"5678","0.002551428","ipcas_21:73:33","143","0","4609","LIED10CTRL/LLN0$Status"
"5679","0.002405579","ipcas_21:73:33","143","0","4610","LIED10CTRL/LLN0$Status"
"5680","0.002551933","ipcas_21:73:33","143","0","4611","LIED10CTRL/LLN0$Status"
"5681","0.002380279","ipcas_21:73:33","143","0","4612","LIED10CTRL/LLN0$Status"
"5682","0.002488564","ipcas_21:73:33","143","0","4613","LIED10CTRL/LLN0$Status"
"5683","0.002616483","ipcas_21:73:33","143","0","4614","LIED10CTRL/LLN0$Status"
"5684","0.002927797","ipcas_21:73:33","143","0","4615","LIED10CTRL/LLN0$Status"
"5685","0.004427202","ipcas_21:73:33","143","0","4616","LIED10CTRL/LLN0$Status"
"5686","0.002555478","ipcas_21:73:33","143","0","4617","LIED10CTRL/LLN0$Status"
"5687","0.000002778","ipcas_21:73:33","143","0","4618","LIED10CTRL/LLN0$Status"
"5688","0.002866044","ipcas_21:73:33","143","0","4619","LIED10CTRL/LLN0$Status"
"5689","0.002697644","ipcas_21:73:33","143","0","4620","LIED10CTRL/LLN0$Status"
"5690","0.002009510","ipcas_21:73:33","143","0","4621","LIED10CTRL/LLN0$Status"
"5691","0.002415406","ipcas_21:73:33","143","0","4622","LIED10CTRL/LLN0$Status"
"5692","0.002550553","ipcas_21:73:33","143","0","4623","LIED10CTRL/LLN0$Status"
"5693","0.002440569","ipcas_21:73:33","143","0","4624","LIED10CTRL/LLN0$Status"
"5694","0.002632531","ipcas_21:73:33","143","0","4625","LIED10CTRL/LLN0$Status"
"5695","0.002356183","ipcas_21:73:33","143","0","4626","LIED10CTRL/LLN0$Status"
"5696","0.002502846","ipcas_21:73:33","143","0","4627","LIED10CTRL/LLN0$Status"
"5697","0.002812528","ipcas_21:73:33","143","0","4628","LIED10CTRL/LLN0$Status"
"5698","0.002476575","ipcas_21:73:33","143","0","4629","LIED10CTRL/LLN0$Status"
"5699","0.002360385","ipcas_21:73:33","143","0","4630","LIED10CTRL/LLN0$Status"
"5700","0.002387298","ipcas_21:73:33","143","0","4631","LIED10CTRL/LLN0$Status"
"5701","0.002674267","ipcas_21:73:33","143","0","4632","LIED10CTRL/LLN0$Status"
"5702","0.002404626","ipcas_21:73:33","143","0","4633","LIED10CTRL/LLN0$Status"
"5703","0.002637626","ipcas_21:73:33","143","0","4634","LIED10CTRL/LLN0$Status"
"5704","0.002610398","ipcas_21:73:33","143","0","4635","LIED10CTRL/LLN0$Status"
"5705","0.002210919","ipcas_21:73:33","143","0","4636","LIED10CTRL/LLN0$Status"
"5706","0.002477402","ipcas_21:73:33","143","0","4637","LIED10CTRL/LLN0$Status"
"5707","0.002439079","ipcas_21:73:33","143","0","4638","LIED10CTRL/LLN0$Status"
"5708","0.002615931","ipcas_21:73:33","143","0","4639","LIED10CTRL/LLN0$Status"
"5709","0.002838456","ipcas_21:73:33","143","0","4640","LIED10CTRL/LLN0$Status"
"5710","0.002143746","ipcas_21:73:33","143","0","4641","LIED10CTRL/LLN0$Status"
"5711","0.002479496","ipcas_21:73:33","143","0","4642","LIED10CTRL/LLN0$Status"
"5712","0.002538155","ipcas_21:73:33","143","0","4643","LIED10CTRL/LLN0$Status"
"5713","0.002515223","ipcas_21:73:33","143","0","4644","LIED10CTRL/LLN0$Status"
"5714","0.003388155","ipcas_21:73:33","143","0","4645","LIED10CTRL/LLN0$Status"
"5715","0.001804174","ipcas_21:73:33","143","0","4646","LIED10CTRL/LLN0$Status"
"5716","0.002228347","ipcas_21:73:33","143","0","4647","LIED10CTRL/LLN0$Status"
"5717","0.002556324","ipcas_21:73:33","143","0","4648","LIED10CTRL/LLN0$Status"
"5718","0.002411882","ipcas_21:73:33","143","0","4649","LIED10CTRL/LLN0$Status"
"5719","0.002525253","ipcas_21:73:33","143","0","4650","LIED10CTRL/LLN0$Status"
"5720","0.002478123","ipcas_21:73:33","143","0","4651","LIED10CTRL/LLN0$Status"
"5721","0.002618565","ipcas_21:73:33","143","0","4652","LIED10CTRL/LLN0$Status"
"5722","0.002374979","ipcas_21:73:33","143","0","4653","LIED10CTRL/LLN0$Status"
"5723","0.002498659","ipcas_21:73:33","143","0","4654","LIED10CTRL/LLN0$Status"
"5724","0.002501704","ipcas_21:73:33","143","0","4655","LIED10CTRL/LLN0$Status"
"5725","0.002932399","ipcas_21:73:33","143","0","4656","LIED10CTRL/LLN0$Status"
"5726","0.002235933","ipcas_21:73:33","143","0","4657","LIED10CTRL/LLN0$Status"
"5727","0.002493566","ipcas_21:73:33","143","0","4658","LIED10CTRL/LLN0$Status"
"5728","0.002357604","ipcas_21:73:33","143","0","4659","LIED10CTRL/LLN0$Status"
"5729","0.002475042","ipcas_21:73:33","143","0","4660","LIED10CTRL/LLN0$Status"
"5732","0.002700247","ipcas_21:73:33","143","0","4661","LIED10CTRL/LLN0$Status"
"5733","0.002404258","ipcas_21:73:33","143","0","4662","LIED10CTRL/LLN0$Status"
"5734","0.002515946","ipcas_21:73:33","143","0","4663","LIED10CTRL/LLN0$Status"
"5735","0.002667588","ipcas_21:73:33","143","0","4664","LIED10CTRL/LLN0$Status"
"5736","0.002306441","ipcas_21:73:33","143","0","4665","LIED10CTRL/LLN0$Status"
"5737","0.002604400","ipcas_21:73:33","143","0","4666","LIED10CTRL/LLN0$Status"
"5738","0.002320853","ipcas_21:73:33","143","0","4667","LIED10CTRL/LLN0$Status"
"5739","0.002615679","ipcas_21:73:33","143","0","4668","LIED10CTRL/LLN0$Status"
"5740","0.002769953","ipcas_21:73:33","143","0","4669","LIED10CTRL/LLN0$Status"
"5741","0.002361065","ipcas_21:73:33","143","0","4670","LIED10CTRL/LLN0$Status"
"5742","0.002481338","ipcas_21:73:33","143","0","4671","LIED10CTRL/LLN0$Status"
"5743","0.002313436","ipcas_21:73:33","143","0","4672","LIED10CTRL/LLN0$Status"
"5744","0.002468802","ipcas_21:73:33","143","0","4673","LIED10CTRL/LLN0$Status"
"5745","0.002482508","ipcas_21:73:33","143","0","4674","LIED10CTRL/LLN0$Status"
"5746","0.002608532","ipcas_21:73:33","143","0","4675","LIED10CTRL/LLN0$Status"
"5747","0.002513130","ipcas_21:73:33","143","0","4676","LIED10CTRL/LLN0$Status"
"5748","0.002627664","ipcas_21:73:33","143","0","4677","LIED10CTRL/LLN0$Status"
"5749","0.002392022","ipcas_21:73:33","143","0","4678","LIED10CTRL/LLN0$Status"
"5750","0.002411136","ipcas_21:73:33","143","0","4679","LIED10CTRL/LLN0$Status"
"5751","0.002488154","ipcas_21:73:33","143","0","4680","LIED10CTRL/LLN0$Status"
"5752","0.002454665","ipcas_21:73:33","143","0","4681","LIED10CTRL/LLN0$Status"
"5753","0.002675489","ipcas_21:73:33","143","0","4682","LIED10CTRL/LLN0$Status"
"5754","0.002395555","ipcas_21:73:33","143","0","4683","LIED10CTRL/LLN0$Status"
"5755","0.002508079","ipcas_21:73:33","143","0","4684","LIED10CTRL/LLN0$Status"
"5756","0.002415875","ipcas_21:73:33","143","0","4685","LIED10CTRL/LLN0$Status"
"5757","0.002568112","ipcas_21:73:33","143","0","4686","LIED10CTRL/LLN0$Status"
"5758","0.002437708","ipcas_21:73:33","143","0","4687","LIED10CTRL/LLN0$Status"
"5759","0.002679294","ipcas_21:73:33","143","0","4688","LIED10CTRL/LLN0$Status"
"5760","0.002385181","ipcas_21:73:33","143","0","4689","LIED10CTRL/LLN0$Status"
"5761","0.002819221","ipcas_21:73:33","143","0","4690","LIED10CTRL/LLN0$Status"
"5762","0.002267626","ipcas_21:73:33","143","0","4691","LIED10CTRL/LLN0$Status"
"5763","0.002590567","ipcas_21:73:33","143","0","4692","LIED10CTRL/LLN0$Status"
"5764","0.002386096","ipcas_21:73:33","143","0","4693","LIED10CTRL/LLN0$Status"
"5765","0.002508803","ipcas_21:73:33","143","0","4694","LIED10CTRL/LLN0$Status"
"5766","0.002636207","ipcas_21:73:33","143","0","4695","LIED10CTRL/LLN0$Status"
"5767","0.002512156","ipcas_21:73:33","143","0","4696","LIED10CTRL/LLN0$Status"
"5768","0.002486676","ipcas_21:73:33","143","0","4697","LIED10CTRL/LLN0$Status"
"5769","0.002396151","ipcas_21:73:33","143","0","4698","LIED10CTRL/LLN0$Status"
"5770","0.002327306","ipcas_21:73:33","143","0","4699","LIED10CTRL/LLN0$Status"
"5771","0.002513697","ipcas_21:73:33","143","0","4700","LIED10CTRL/LLN0$Status"
"5772","0.002638284","ipcas_21:73:33","143","0","4701","LIED10CTRL/LLN0$Status"
"5773","0.002546482","ipcas_21:73:33","143","0","4702","LIED10CTRL/LLN0$Status"
"5774","0.002791180","ipcas_21:73:33","143","0","4703","LIED10CTRL/LLN0$Status"
"5775","0.001236277","ipcas_21:73:33","143","0","4704","LIED10CTRL/LLN0$Status"
"5777","0.003923319","ipcas_21:73:33","143","0","4705","LIED10CTRL/LLN0$Status"
"5779","0.002173670","ipcas_21:73:33","143","0","4706","LIED10CTRL/LLN0$Status"
"5780","0.002022028","ipcas_21:73:33","143","0","4707","LIED10CTRL/LLN0$Status"
"5781","0.003024025","ipcas_21:73:33","143","0","4708","LIED10CTRL/LLN0$Status"
"5782","0.002959288","ipcas_21:73:33","143","0","4709","LIED10CTRL/LLN0$Status"
"5783","0.001899720","ipcas_21:73:33","143","0","4710","LIED10CTRL/LLN0$Status"
"5784","0.002602140","ipcas_21:73:33","143","0","4711","LIED10CTRL/LLN0$Status"
"5785","0.002353746","ipcas_21:73:33","143","0","4712","LIED10CTRL/LLN0$Status"
"5786","0.002548940","ipcas_21:73:33","143","0","4713","LIED10CTRL/LLN0$Status"
"5787","0.002495969","ipcas_21:73:33","143","0","4714","LIED10CTRL/LLN0$Status"
"5788","0.002596865","ipcas_21:73:33","143","0","4715","LIED10CTRL/LLN0$Status"
"5789","0.002286774","ipcas_21:73:33","143","0","4716","LIED10CTRL/LLN0$Status"
"5790","0.002667779","ipcas_21:73:33","143","0","4717","LIED10CTRL/LLN0$Status"
"5791","0.002406063","ipcas_21:73:33","143","0","4718","LIED10CTRL/LLN0$Status"
"5792","0.002438906","ipcas_21:73:33","143","0","4719","LIED10CTRL/LLN0$Status"
"5793","0.002657297","ipcas_21:73:33","143","0","4720","LIED10CTRL/LLN0$Status"
"5794","0.002606297","ipcas_21:73:33","143","0","4721","LIED10CTRL/LLN0$Status"
"5795","0.002353317","ipcas_21:73:33","143","0","4722","LIED10CTRL/LLN0$Status"
"5796","0.002286804","ipcas_21:73:33","143","0","4723","LIED10CTRL/LLN0$Status"
"5797","0.002933932","ipcas_21:73:33","143","0","4724","LIED10CTRL/LLN0$Status"
"5798","0.002199701","ipcas_21:73:33","143","0","4725","LIED10CTRL/LLN0$Status"
"5799","0.002740602","ipcas_21:73:33","143","0","4726","LIED10CTRL/LLN0$Status"
"5800","0.002238665","ipcas_21:73:33","143","0","4727","LIED10CTRL/LLN0$Status"
"5801","0.003041055","ipcas_21:73:33","143","0","4728","LIED10CTRL/LLN0$Status"
"5805","0.001941541","ipcas_21:73:33","143","0","4729","LIED10CTRL/LLN0$Status"
"5806","0.002376769","ipcas_21:73:33","143","0","4730","LIED10CTRL/LLN0$Status"
"5807","0.002676489","ipcas_21:73:33","143","0","4731","LIED10CTRL/LLN0$Status"
"5808","0.002557129","ipcas_21:73:33","143","0","4732","LIED10CTRL/LLN0$Status"
"5812","0.002353368","ipcas_21:73:33","143","0","4733","LIED10CTRL/LLN0$Status"
"5813","0.002858441","ipcas_21:73:33","143","0","4734","LIED10CTRL/LLN0$Status"
"5814","0.002191147","ipcas_21:73:33","143","0","4735","LIED10CTRL/LLN0$Status"
"5815","0.002392942","ipcas_21:73:33","143","0","4736","LIED10CTRL/LLN0$Status"
"5819","0.002587648","ipcas_21:73:33","143","0","4737","LIED10CTRL/LLN0$Status"
"5820","0.002529872","ipcas_21:73:33","143","0","4738","LIED10CTRL/LLN0$Status"
"5821","0.002452323","ipcas_21:73:33","143","0","4739","LIED10CTRL/LLN0$Status"
"5822","0.002448468","ipcas_21:73:33","143","0","4740","LIED10CTRL/LLN0$Status"
"5823","0.002654563","ipcas_21:73:33","143","0","4741","LIED10CTRL/LLN0$Status"
"5827","0.002376644","ipcas_21:73:33","143","0","4742","LIED10CTRL/LLN0$Status"
"5831","0.002737263","ipcas_21:73:33","143","0","4743","LIED10CTRL/LLN0$Status"
"5832","0.002247138","ipcas_21:73:33","143","0","4744","LIED10CTRL/LLN0$Status"
"5833","0.002671231","ipcas_21:73:33","143","0","4745","LIED10CTRL/LLN0$Status"
"5834","0.002540277","ipcas_21:73:33","143","0","4746","LIED10CTRL/LLN0$Status"
"5835","0.002307443","ipcas_21:73:33","143","0","4747","LIED10CTRL/LLN0$Status"
"5836","0.002473422","ipcas_21:73:33","143","0","4748","LIED10CTRL/LLN0$Status"
"5837","0.003031394","ipcas_21:73:33","143","0","4749","LIED10CTRL/LLN0$Status"
"5846","0.002110161","ipcas_21:73:33","143","0","4750","LIED10CTRL/LLN0$Status"
"5847","0.002469058","ipcas_21:73:33","143","0","4751","LIED10CTRL/LLN0$Status"
"5848","0.002511033","ipcas_21:73:33","143","0","4752","LIED10CTRL/LLN0$Status"
"5849","0.002578270","ipcas_21:73:33","143","0","4753","LIED10CTRL/LLN0$Status"
"5850","0.002367790","ipcas_21:73:33","143","0","4754","LIED10CTRL/LLN0$Status"
"5851","0.002452676","ipcas_21:73:33","143","0","4755","LIED10CTRL/LLN0$Status"
"5852","0.002918568","ipcas_21:73:33","143","0","4756","LIED10CTRL/LLN0$Status"
"5853","0.003701618","ipcas_21:73:33","143","0","4757","LIED10CTRL/LLN0$Status"
"5854","0.001377730","ipcas_21:73:33","143","0","4758","LIED10CTRL/LLN0$Status"
"5855","0.027729486","ipcas_21:73:33","143","0","4759","LIED10CTRL/LLN0$Status"
"5856","0.001308857","ipcas_21:73:33","143","0","4760","LIED10CTRL/LLN0$Status"
"5857","0.003177477","ipcas_21:73:33","143","0","4761","LIED10CTRL/LLN0$Status"
"5858","0.002429449","ipcas_21:73:33","143","0","4762","LIED10CTRL/LLN0$Status"
"5859","0.002312017","ipcas_21:73:33","143","0","4763","LIED10CTRL/LLN0$Status"
"5860","0.001412082","ipcas_21:73:33","143","0","4764","LIED10CTRL/LLN0$Status"
"5861","0.001050934","ipcas_21:73:33","143","0","4765","LIED10CTRL/LLN0$Status"
"5862","0.001873061","ipcas_21:73:33","143","0","4766","LIED10CTRL/LLN0$Status"
"5863","0.003289817","ipcas_21:73:33","143","0","4767","LIED10CTRL/LLN0$Status"
"5864","0.002417584","ipcas_21:73:33","143","0","4768","LIED10CTRL/LLN0$Status"
"5865","0.002932058","ipcas_21:73:33","143","0","4769","LIED10CTRL/LLN0$Status"
"5866","0.001138483","ipcas_21:73:33","143","0","4770","LIED10CTRL/LLN0$Status"
"5867","0.003352322","ipcas_21:73:33","143","0","4771","LIED10CTRL/LLN0$Status"
"5868","0.002559542","ipcas_21:73:33","143","0","4772","LIED10CTRL/LLN0$Status"
"5869","0.002960823","ipcas_21:73:33","143","0","4773","LIED10CTRL/LLN0$Status"
"5870","0.002305152","ipcas_21:73:33","143","0","4774","LIED10CTRL/LLN0$Status"
"5871","0.001786530","ipcas_21:73:33","143","0","4775","LIED10CTRL/LLN0$Status"
"5872","0.001133206","ipcas_21:73:33","143","0","4776","LIED10CTRL/LLN0$Status"
"5873","0.001741206","ipcas_21:73:33","143","0","4777","LIED10CTRL/LLN0$Status"
"5874","0.002825635","ipcas_21:73:33","143","0","4778","LIED10CTRL/LLN0$Status"
"5875","0.002163715","ipcas_21:73:33","143","0","4779","LIED10CTRL/LLN0$Status"
"5876","0.007175086","ipcas_21:73:33","143","0","4780","LIED10CTRL/LLN0$Status"
"5877","0.000006801","ipcas_21:73:33","143","0","4781","LIED10CTRL/LLN0$Status"
"5878","0.000410713","ipcas_21:73:33","143","0","4782","LIED10CTRL/LLN0$Status"
"5879","0.003355530","ipcas_21:73:33","143","0","4783","LIED10CTRL/LLN0$Status"
"5880","0.001770999","ipcas_21:73:33","143","0","4784","LIED10CTRL/LLN0$Status"
"5881","0.001272561","ipcas_21:73:33","143","0","4785","LIED10CTRL/LLN0$Status"
"5882","0.001163584","ipcas_21:73:33","143","0","4786","LIED10CTRL/LLN0$Status"
"5883","0.002531156","ipcas_21:73:33","143","0","4787","LIED10CTRL/LLN0$Status"
"5884","0.001682255","ipcas_21:73:33","143","0","4788","LIED10CTRL/LLN0$Status"
"5885","0.003248021","ipcas_21:73:33","143","0","4789","LIED10CTRL/LLN0$Status"
"5886","0.002610368","ipcas_21:73:33","143","0","4790","LIED10CTRL/LLN0$Status"
"5887","0.001277209","ipcas_21:73:33","143","0","4791","LIED10CTRL/LLN0$Status"
"5888","0.001194151","ipcas_21:73:33","143","0","4792","LIED10CTRL/LLN0$Status"
"5889","0.002348502","ipcas_21:73:33","143","0","4793","LIED10CTRL/LLN0$Status"
"5890","0.002521186","ipcas_21:73:33","143","0","4794","LIED10CTRL/LLN0$Status"
"5891","0.002619609","ipcas_21:73:33","143","0","4795","LIED10CTRL/LLN0$Status"
"5892","0.001358451","ipcas_21:73:33","143","0","4796","LIED10CTRL/LLN0$Status"
"5893","0.026350823","ipcas_21:73:33","143","0","4797","LIED10CTRL/LLN0$Status"
"5894","0.002089236","ipcas_21:73:33","143","0","4798","LIED10CTRL/LLN0$Status"
"5895","0.002817768","ipcas_21:73:33","143","0","4799","LIED10CTRL/LLN0$Status"
"5896","0.002202577","ipcas_21:73:33","143","0","4800","LIED10CTRL/LLN0$Status"
"5897","0.000134267","ipcas_21:73:33","143","0","4801","LIED10CTRL/LLN0$Status"
"5898","0.002328796","ipcas_21:73:33","143","0","4802","LIED10CTRL/LLN0$Status"
"5899","0.001262121","ipcas_21:73:33","143","0","4803","LIED10CTRL/LLN0$Status"
"5900","0.001233059","ipcas_21:73:33","143","0","4804","LIED10CTRL/LLN0$Status"
"5901","0.001126863","ipcas_21:73:33","143","0","4805","LIED10CTRL/LLN0$Status"
"5902","0.000325437","ipcas_21:73:33","143","0","4806","LIED10CTRL/LLN0$Status"
"5903","0.001875751","ipcas_21:73:33","143","0","4807","LIED10CTRL/LLN0$Status"
"5904","0.001809625","ipcas_21:73:33","143","0","4808","LIED10CTRL/LLN0$Status"
"5905","0.002723447","ipcas_21:73:33","143","0","4809","LIED10CTRL/LLN0$Status"
"5906","0.002916468","ipcas_21:73:33","143","0","4810","LIED10CTRL/LLN0$Status"
"5907","0.000938917","ipcas_21:73:33","143","0","4811","LIED10CTRL/LLN0$Status"
"5908","0.007374889","ipcas_21:73:33","143","0","4812","LIED10CTRL/LLN0$Status"
"5909","0.000006665","ipcas_21:73:33","143","0","4813","LIED10CTRL/LLN0$Status"
"5910","0.000999930","ipcas_21:73:33","143","0","4814","LIED10CTRL/LLN0$Status"
"5911","0.001412617","ipcas_21:73:33","143","0","4815","LIED10CTRL/LLN0$Status"
"5912","0.001292714","ipcas_21:73:33","143","0","4816","LIED10CTRL/LLN0$Status"
"5913","0.001113543","ipcas_21:73:33","143","0","4817","LIED10CTRL/LLN0$Status"
"5914","0.001548705","ipcas_21:73:33","143","0","4818","LIED10CTRL/LLN0$Status"
"5915","0.002089527","ipcas_21:73:33","143","0","4819","LIED10CTRL/LLN0$Status"
"5916","0.001250292","ipcas_21:73:33","143","0","4820","LIED10CTRL/LLN0$Status"
"5917","0.001241217","ipcas_21:73:33","143","0","4821","LIED10CTRL/LLN0$Status"
"5918","0.001267541","ipcas_21:73:33","143","0","4822","LIED10CTRL/LLN0$Status"
"5919","0.001232317","ipcas_21:73:33","143","0","4823","LIED10CTRL/LLN0$Status"
"5920","0.001263029","ipcas_21:73:33","143","0","4824","LIED10CTRL/LLN0$Status"
"5921","0.001300192","ipcas_21:73:33","143","0","4825","LIED10CTRL/LLN0$Status"
"5922","0.001193632","ipcas_21:73:33","143","0","4826","LIED10CTRL/LLN0$Status"
"5923","0.002350471","ipcas_21:73:33","143","0","4827","LIED10CTRL/LLN0$Status"
"5924","0.003853258","ipcas_21:73:33","143","0","4828","LIED10CTRL/LLN0$Status"
"5925","0.001297768","ipcas_21:73:33","143","0","4829","LIED10CTRL/LLN0$Status"
"5926","0.001202226","ipcas_21:73:33","143","0","4830","LIED10CTRL/LLN0$Status"
"5927","0.001238611","ipcas_21:73:33","143","0","4831","LIED10CTRL/LLN0$Status"
"5928","0.001690125","ipcas_21:73:33","143","0","4832","LIED10CTRL/LLN0$Status"
"5929","0.001062199","ipcas_21:73:33","143","0","4833","LIED10CTRL/LLN0$Status"
"5930","0.001176275","ipcas_21:73:33","143","0","4834","LIED10CTRL/LLN0$Status"
"5931","0.001440287","ipcas_21:73:33","143","0","4835","LIED10CTRL/LLN0$Status"
"5932","0.000987937","ipcas_21:73:33","143","0","4836","LIED10CTRL/LLN0$Status"
"5933","0.001851967","ipcas_21:73:33","143","0","4837","LIED10CTRL/LLN0$Status"
"5934","0.001247454","ipcas_21:73:33","143","0","4838","LIED10CTRL/LLN0$Status"
"5935","0.002113045","ipcas_21:73:33","143","0","4839","LIED10CTRL/LLN0$Status"
"5936","0.001166332","ipcas_21:73:33","143","0","4840","LIED10CTRL/LLN0$Status"
"5937","0.001071773","ipcas_21:73:33","143","0","4841","LIED10CTRL/LLN0$Status"
"5938","0.001271598","ipcas_21:73:33","143","0","4842","LIED10CTRL/LLN0$Status"
"5939","0.002620837","ipcas_21:73:33","143","0","4843","LIED10CTRL/LLN0$Status"
"5940","0.001157381","ipcas_21:73:33","143","0","4844","LIED10CTRL/LLN0$Status"
"5941","0.001926974","ipcas_21:73:33","143","0","4845","LIED10CTRL/LLN0$Status"
"5942","0.002949240","ipcas_21:73:33","143","0","4846","LIED10CTRL/LLN0$Status"
"5943","0.000614361","ipcas_21:73:33","143","0","4847","LIED10CTRL/LLN0$Status"
"5944","0.001147155","ipcas_21:73:33","143","0","4848","LIED10CTRL/LLN0$Status"
"5945","0.000858959","ipcas_21:73:33","143","0","4849","LIED10CTRL/LLN0$Status"
"5946","0.001603354","ipcas_21:73:33","143","0","4850","LIED10CTRL/LLN0$Status"
"5947","0.002052568","ipcas_21:73:33","143","0","4851","LIED10CTRL/LLN0$Status"
"5948","0.001242776","ipcas_21:73:33","143","0","4852","LIED10CTRL/LLN0$Status"
"5949","0.001314229","ipcas_21:73:33","143","0","4853","LIED10CTRL/LLN0$Status"
"5950","0.001184995","ipcas_21:73:33","143","0","4854","LIED10CTRL/LLN0$Status"
"5951","0.000614403","ipcas_21:73:33","143","0","4855","LIED10CTRL/LLN0$Status"
"5952","0.000825763","ipcas_21:73:33","143","0","4856","LIED10CTRL/LLN0$Status"
"5956","0.001421707","ipcas_21:73:33","143","0","4857","LIED10CTRL/LLN0$Status"
"5957","0.001080203","ipcas_21:73:33","143","0","4858","LIED10CTRL/LLN0$Status"
"5958","0.002420710","ipcas_21:73:33","143","0","4859","LIED10CTRL/LLN0$Status"
"5962","0.000462875","ipcas_21:73:33","143","0","4860","LIED10CTRL/LLN0$Status"
"5963","0.001061391","ipcas_21:73:33","143","0","4861","LIED10CTRL/LLN0$Status"
"5967","0.001794730","ipcas_21:73:33","143","0","4862","LIED10CTRL/LLN0$Status"
"5968","0.001722303","ipcas_21:73:33","143","0","4863","LIED10CTRL/LLN0$Status"
"5969","0.001155388","ipcas_21:73:33","143","0","4864","LIED10CTRL/LLN0$Status"
"5973","0.001394543","ipcas_21:73:33","143","0","4865","LIED10CTRL/LLN0$Status"
"5974","0.001187601","ipcas_21:73:33","143","0","4866","LIED10CTRL/LLN0$Status"
"5975","0.001157698","ipcas_21:73:33","143","0","4867","LIED10CTRL/LLN0$Status"
"5979","0.001170252","ipcas_21:73:33","143","0","4868","LIED10CTRL/LLN0$Status"
"5980","0.001782272","ipcas_21:73:33","143","0","4869","LIED10CTRL/LLN0$Status"
"5981","0.001088460","ipcas_21:73:33","143","0","4870","LIED10CTRL/LLN0$Status"
"5985","0.003460214","ipcas_21:73:33","143","0","4871","LIED10CTRL/LLN0$Status"
"5986","0.000002986","ipcas_21:73:33","143","0","4872","LIED10CTRL/LLN0$Status"
"5987","0.001197121","ipcas_21:73:33","143","0","4873","LIED10CTRL/LLN0$Status"
"5991","0.001248721","ipcas_21:73:33","143","0","4874","LIED10CTRL/LLN0$Status"
"5992","0.001019906","ipcas_21:73:33","143","0","4875","LIED10CTRL/LLN0$Status"
"5993","0.000410321","ipcas_21:73:33","143","0","4876","LIED10CTRL/LLN0$Status"
"5994","0.001349132","ipcas_21:73:33","143","0","4877","LIED10CTRL/LLN0$Status"
"5998","0.001577164","ipcas_21:73:33","143","0","4878","LIED10CTRL/LLN0$Status"
"5999","0.000739415","ipcas_21:73:33","143","0","4879","LIED10CTRL/LLN0$Status"
"6002","0.001516584","ipcas_21:73:33","143","0","4880","LIED10CTRL/LLN0$Status"
"6004","0.002286163","ipcas_21:73:33","143","0","4881","LIED10CTRL/LLN0$Status"
"6008","0.001317835","ipcas_21:73:33","143","0","4882","LIED10CTRL/LLN0$Status"
"6009","0.002325452","ipcas_21:73:33","143","0","4883","LIED10CTRL/LLN0$Status"
"6010","0.001341587","ipcas_21:73:33","143","0","4884","LIED10CTRL/LLN0$Status"
"6011","0.001158533","ipcas_21:73:33","143","0","4885","LIED10CTRL/LLN0$Status"
"6012","0.001271491","ipcas_21:73:33","143","0","4886","LIED10CTRL/LLN0$Status"
"6013","0.001246742","ipcas_21:73:33","143","0","4887","LIED10CTRL/LLN0$Status"
"6014","0.001261477","ipcas_21:73:33","143","0","4888","LIED10CTRL/LLN0$Status"
"6015","0.001474376","ipcas_21:73:33","143","0","4889","LIED10CTRL/LLN0$Status"
"6016","0.001013730","ipcas_21:73:33","143","0","4890","LIED10CTRL/LLN0$Status"
"6017","0.002253856","ipcas_21:73:33","143","0","4891","LIED10CTRL/LLN0$Status"
"6018","0.000933862","ipcas_21:73:33","143","0","4892","LIED10CTRL/LLN0$Status"
"6019","0.000797947","ipcas_21:73:33","143","0","4893","LIED10CTRL/LLN0$Status"
"6020","0.001136055","ipcas_21:73:33","143","0","4894","LIED10CTRL/LLN0$Status"
"6021","0.002335253","ipcas_21:73:33","143","0","4895","LIED10CTRL/LLN0$Status"
"6022","0.001250980","ipcas_21:73:33","143","0","4896","LIED10CTRL/LLN0$Status"
"6023","0.001252906","ipcas_21:73:33","143","0","4897","LIED10CTRL/LLN0$Status"
"6024","0.001248292","ipcas_21:73:33","143","0","4898","LIED10CTRL/LLN0$Status"
"6025","0.001254442","ipcas_21:73:33","143","0","4899","LIED10CTRL/LLN0$Status"
"6026","0.000181040","ipcas_21:73:33","143","0","4900","LIED10CTRL/LLN0$Status"
"6027","0.001300304","ipcas_21:73:33","143","0","4901","LIED10CTRL/LLN0$Status"
"6028","0.001177539","ipcas_21:73:33","143","0","4902","LIED10CTRL/LLN0$Status"
"6029","0.001165182","ipcas_21:73:33","143","0","4903","LIED10CTRL/LLN0$Status"
"6030","0.001462736","ipcas_21:73:33","143","0","4904","LIED10CTRL/LLN0$Status"
"6031","0.002461575","ipcas_21:73:33","143","0","4905","LIED10CTRL/LLN0$Status"
"6032","0.002417531","ipcas_21:73:33","143","0","4906","LIED10CTRL/LLN0$Status"
"6033","0.002407356","ipcas_21:73:33","143","0","4907","LIED10CTRL/LLN0$Status"
"6034","0.001301841","ipcas_21:73:33","143","0","4908","LIED10CTRL/LLN0$Status"
"6035","0.001183494","ipcas_21:73:33","143","0","4909","LIED10CTRL/LLN0$Status"
"6036","0.001391409","ipcas_21:73:33","143","0","4910","LIED10CTRL/LLN0$Status"
"6037","0.001131299","ipcas_21:73:33","143","0","4911","LIED10CTRL/LLN0$Status"
"6038","0.001241174","ipcas_21:73:33","143","0","4912","LIED10CTRL/LLN0$Status"
"6039","0.001372307","ipcas_21:73:33","143","0","4913","LIED10CTRL/LLN0$Status"
"6040","0.001225724","ipcas_21:73:33","143","0","4914","LIED10CTRL/LLN0$Status"
"6041","0.001327874","ipcas_21:73:33","143","0","4915","LIED10CTRL/LLN0$Status"
"6042","0.001060171","ipcas_21:73:33","143","0","4916","LIED10CTRL/LLN0$Status"
"6043","0.001361893","ipcas_21:73:33","143","0","4917","LIED10CTRL/LLN0$Status"
"6044","0.002396966","ipcas_21:73:33","143","0","4918","LIED10CTRL/LLN0$Status"
"6045","0.001222482","ipcas_21:73:33","143","0","4919","LIED10CTRL/LLN0$Status"
"6046","0.001266603","ipcas_21:73:33","143","0","4920","LIED10CTRL/LLN0$Status"
"6047","0.001329875","ipcas_21:73:33","143","0","4921","LIED10CTRL/LLN0$Status"
"6048","0.001423251","ipcas_21:73:33","143","0","4922","LIED10CTRL/LLN0$Status"
"6049","0.001036461","ipcas_21:73:33","143","0","4923","LIED10CTRL/LLN0$Status"
"6050","0.001401784","ipcas_21:73:33","143","0","4924","LIED10CTRL/LLN0$Status"
"6051","0.001250468","ipcas_21:73:33","143","0","4925","LIED10CTRL/LLN0$Status"
"6052","0.001199146","ipcas_21:73:33","143","0","4926","LIED10CTRL/LLN0$Status"
"6053","0.001311014","ipcas_21:73:33","143","0","4927","LIED10CTRL/LLN0$Status"
"6054","0.001053067","ipcas_21:73:33","143","0","4928","LIED10CTRL/LLN0$Status"
"6055","0.001289744","ipcas_21:73:33","143","0","4929","LIED10CTRL/LLN0$Status"
"6056","0.001193335","ipcas_21:73:33","143","0","4930","LIED10CTRL/LLN0$Status"
"6057","0.001275630","ipcas_21:73:33","143","0","4931","LIED10CTRL/LLN0$Status"
"6058","0.001424509","ipcas_21:73:33","143","0","4932","LIED10CTRL/LLN0$Status"
"6059","0.001058001","ipcas_21:73:33","143","0","4933","LIED10CTRL/LLN0$Status"
"6060","0.001395534","ipcas_21:73:33","143","0","4934","LIED10CTRL/LLN0$Status"
"6061","0.001134927","ipcas_21:73:33","143","0","4935","LIED10CTRL/LLN0$Status"
"6062","0.001326481","ipcas_21:73:33","143","0","4936","LIED10CTRL/LLN0$Status"
"6063","0.002416345","ipcas_21:73:33","143","0","4937","LIED10CTRL/LLN0$Status"
"6064","0.001255998","ipcas_21:73:33","143","0","4938","LIED10CTRL/LLN0$Status"
"6065","0.001227731","ipcas_21:73:33","143","0","4939","LIED10CTRL/LLN0$Status"
"6066","0.001239839","ipcas_21:73:33","143","0","4940","LIED10CTRL/LLN0$Status"
"6067","0.001263758","ipcas_21:73:33","143","0","4941","LIED10CTRL/LLN0$Status"
"6068","0.001283441","ipcas_21:73:33","143","0","4942","LIED10CTRL/LLN0$Status"
"6069","0.001212603","ipcas_21:73:33","143","0","4943","LIED10CTRL/LLN0$Status"
"6070","0.001230934","ipcas_21:73:33","143","0","4944","LIED10CTRL/LLN0$Status"
"6071","0.001310746","ipcas_21:73:33","143","0","4945","LIED10CTRL/LLN0$Status"
"6072","0.001284981","ipcas_21:73:33","143","0","4946","LIED10CTRL/LLN0$Status"
"6073","0.001193134","ipcas_21:73:33","143","0","4947","LIED10CTRL/LLN0$Status"
"6074","0.001310332","ipcas_21:73:33","143","0","4948","LIED10CTRL/LLN0$Status"
"6075","0.001257707","ipcas_21:73:33","143","0","4949","LIED10CTRL/LLN0$Status"
"6076","0.001219659","ipcas_21:73:33","143","0","4950","LIED10CTRL/LLN0$Status"
"6077","0.001188584","ipcas_21:73:33","143","0","4951","LIED10CTRL/LLN0$Status"
"6078","0.001268406","ipcas_21:73:33","143","0","4952","LIED10CTRL/LLN0$Status"
"6079","0.001242015","ipcas_21:73:33","143","0","4953","LIED10CTRL/LLN0$Status"
"6080","0.001277048","ipcas_21:73:33","143","0","4954","LIED10CTRL/LLN0$Status"
"6081","0.001230783","ipcas_21:73:33","143","0","4955","LIED10CTRL/LLN0$Status"
"6082","0.001240245","ipcas_21:73:33","143","0","4956","LIED10CTRL/LLN0$Status"
"6083","0.001253966","ipcas_21:73:33","143","0","4957","LIED10CTRL/LLN0$Status"
"6084","0.001260165","ipcas_21:73:33","143","0","4958","LIED10CTRL/LLN0$Status"
"6085","0.001230920","ipcas_21:73:33","143","0","4959","LIED10CTRL/LLN0$Status"
"6086","0.001298750","ipcas_21:73:33","143","0","4960","LIED10CTRL/LLN0$Status"
"6087","0.001282902","ipcas_21:73:33","143","0","4961","LIED10CTRL/LLN0$Status"
"6088","0.001254088","ipcas_21:73:33","143","0","4962","LIED10CTRL/LLN0$Status"
"6089","0.002725343","ipcas_21:73:33","143","0","4963","LIED10CTRL/LLN0$Status"
"6090","0.000992479","ipcas_21:73:33","143","0","4964","LIED10CTRL/LLN0$Status"
"6091","0.001197368","ipcas_21:73:33","143","0","4965","LIED10CTRL/LLN0$Status"
"6092","0.001431334","ipcas_21:73:33","143","0","4966","LIED10CTRL/LLN0$Status"
"6093","0.002339591","ipcas_21:73:33","143","0","4967","LIED10CTRL/LLN0$Status"
"6094","0.001248121","ipcas_21:73:33","143","0","4968","LIED10CTRL/LLN0$Status"
"6095","0.001278138","ipcas_21:73:33","143","0","4969","LIED10CTRL/LLN0$Status"
"6096","0.001365679","ipcas_21:73:33","143","0","4970","LIED10CTRL/LLN0$Status"
"6097","0.001110105","ipcas_21:73:33","143","0","4971","LIED10CTRL/LLN0$Status"
"6098","0.001488499","ipcas_21:73:33","143","0","4972","LIED10CTRL/LLN0$Status"
"6099","0.002378302","ipcas_21:73:33","143","0","4973","LIED10CTRL/LLN0$Status"
"6100","0.002383227","ipcas_21:73:33","143","0","4974","LIED10CTRL/LLN0$Status"
"6101","0.001328197","ipcas_21:73:33","143","0","4975","LIED10CTRL/LLN0$Status"
"6102","0.001356988","ipcas_21:73:33","143","0","4976","LIED10CTRL/LLN0$Status"
"6103","0.001190567","ipcas_21:73:33","143","0","4977","LIED10CTRL/LLN0$Status"
"6104","0.002429977","ipcas_21:73:33","143","0","4978","LIED10CTRL/LLN0$Status"
"6105","0.001336159","ipcas_21:73:33","143","0","4979","LIED10CTRL/LLN0$Status"
"6106","0.002725331","ipcas_21:73:33","143","0","4980","LIED10CTRL/LLN0$Status"
"6107","0.002160130","ipcas_21:73:33","143","0","4981","LIED10CTRL/LLN0$Status"
"6108","0.001355274","ipcas_21:73:33","143","0","4982","LIED10CTRL/LLN0$Status"
"6109","0.001116606","ipcas_21:73:33","143","0","4983","LIED10CTRL/LLN0$Status"
"6110","0.001460986","ipcas_21:73:33","143","0","4984","LIED10CTRL/LLN0$Status"
"6111","0.002320843","ipcas_21:73:33","143","0","4985","LIED10CTRL/LLN0$Status"
"6112","0.001397605","ipcas_21:73:33","143","0","4986","LIED10CTRL/LLN0$Status"
"6113","0.001083487","ipcas_21:73:33","143","0","4987","LIED10CTRL/LLN0$Status"
"6114","0.001260916","ipcas_21:73:33","143","0","4988","LIED10CTRL/LLN0$Status"
"6115","0.001216202","ipcas_21:73:33","143","0","4989","LIED10CTRL/LLN0$Status"
"6116","0.001398745","ipcas_21:73:33","143","0","4990","LIED10CTRL/LLN0$Status"
"6117","0.002347481","ipcas_21:73:33","143","0","4991","LIED10CTRL/LLN0$Status"
"6118","0.001315780","ipcas_21:73:33","143","0","4992","LIED10CTRL/LLN0$Status"
"6119","0.001289947","ipcas_21:73:33","143","0","4993","LIED10CTRL/LLN0$Status"
"6120","0.002425785","ipcas_21:73:33","143","0","4994","LIED10CTRL/LLN0$Status"
"6121","0.001278017","ipcas_21:73:33","143","0","4995","LIED10CTRL/LLN0$Status"
"6122","0.001205973","ipcas_21:73:33","143","0","4996","LIED10CTRL/LLN0$Status"
"6123","0.001365319","ipcas_21:73:33","143","0","4997","LIED10CTRL/LLN0$Status"
"6124","0.001123900","ipcas_21:73:33","143","0","4998","LIED10CTRL/LLN0$Status"
"6125","0.001418668","ipcas_21:73:33","143","0","4999","LIED10CTRL/LLN0$Status"
