"No.","Time","Source","Length","stNum","sqNum","goID","integer","integer","integer"
"1","0.000000000","ipcas_21:73:33","149","1","0","LIED10CTRL/LLN0$Status","1","1","0"
"2","0.000010377","ipcas_21:73:33","146","1","0","LIED10PROT/LLN0$Alarm","1","",""
"3","0.001061602","ipcas_21:73:33","203","1","0","LIED10MEAS/LLN0$Measurement","313","308","315"
"54","1.032642567","ipcas_21:73:33","149","1","1","LIED10CTRL/LLN0$Status","1","1","0"
"55","1.032648130","ipcas_21:73:33","146","1","1","LIED10PROT/LLN0$Alarm","1","",""
"56","1.032648742","ipcas_21:73:33","203","1","1","LIED10MEAS/LLN0$Measurement","308","312","313"
"107","2.075373125","ipcas_21:73:33","149","1","2","LIED10CTRL/LLN0$Status","1","1","0"
"108","2.075379627","ipcas_21:73:33","146","1","2","LIED10PROT/LLN0$Alarm","1","",""
"109","2.075380682","ipcas_21:73:33","203","1","2","LIED10MEAS/LLN0$Measurement","314","306","305"
"160","3.121901122","ipcas_21:73:33","149","1","3","LIED10CTRL/LLN0$Status","1","1","0"
"161","3.121906891","ipcas_21:73:33","146","1","3","LIED10PROT/LLN0$Alarm","1","",""
"162","3.121907890","ipcas_21:73:33","203","1","3","LIED10MEAS/LLN0$Measurement","310","315","307"
"213","4.167132154","ipcas_21:73:33","149","1","4","LIED10CTRL/LLN0$Status","1","1","0"
"214","4.167138950","ipcas_21:73:33","146","1","4","LIED10PROT/LLN0$Alarm","1","",""
"215","4.167140246","ipcas_21:73:33","203","1","4","LIED10MEAS/LLN0$Measurement","311","315","311"
"266","5.216292554","ipcas_21:73:33","149","1","5","LIED10CTRL/LLN0$Status","1","1","0"
"267","5.216299837","ipcas_21:73:33","146","1","5","LIED10PROT/LLN0$Alarm","1","",""
"268","5.217314031","ipcas_21:73:33","203","1","5","LIED10MEAS/LLN0$Measurement","314","314","315"
"319","6.275627881","ipcas_21:73:33","149","1","6","LIED10CTRL/LLN0$Status","1","1","0"
"320","6.275636852","ipcas_21:73:33","146","1","6","LIED10PROT/LLN0$Alarm","1","",""
"321","6.275638429","ipcas_21:73:33","203","1","6","LIED10MEAS/LLN0$Measurement","308","305","312"
"372","7.337581635","ipcas_21:73:33","149","1","7","LIED10CTRL/LLN0$Status","1","1","0"
"373","7.337597321","ipcas_21:73:33","146","1","7","LIED10PROT/LLN0$Alarm","1","",""
"374","7.337694379","ipcas_21:73:33","203","1","7","LIED10MEAS/LLN0$Measurement","314","313","308"
"425","8.395527909","ipcas_21:73:33","149","1","8","LIED10CTRL/LLN0$Status","1","1","0"
"426","8.395647760","ipcas_21:73:33","146","1","8","LIED10PROT/LLN0$Alarm","1","",""
"427","8.395652879","ipcas_21:73:33","203","1","8","LIED10MEAS/LLN0$Measurement","306","311","310"
"478","9.445136905","ipcas_21:73:33","149","1","9","LIED10CTRL/LLN0$Status","1","1","0"
"479","9.446121351","ipcas_21:73:33","146","1","9","LIED10PROT/LLN0$Alarm","1","",""
"480","9.446124519","ipcas_21:73:33","203","1","9","LIED10MEAS/LLN0$Measurement","314","305","309"
"531","10.492781535","ipcas_21:73:33","149","1","10","LIED10CTRL/LLN0$Status","1","1","0"
"532","10.492790441","ipcas_21:73:33","146","1","10","LIED10PROT/LLN0$Alarm","1","",""
"533","10.492791407","ipcas_21:73:33","203","1","10","LIED10MEAS/LLN0$Measurement","311","305","309"
"534","10.498055494","ipcas_21:73:33","150","9999","0","LIED10CTRL/LLN0$Status","1","1","0"
"585","11.553984083","ipcas_21:73:33","149","1","11","LIED10CTRL/LLN0$Status","1","1","0"
"586","11.555812231","ipcas_21:73:33","146","1","11","LIED10PROT/LLN0$Alarm","1","",""
"587","11.555814915","ipcas_21:73:33","203","1","11","LIED10MEAS/LLN0$Measurement","311","314","306"
"638","12.614083319","ipcas_21:73:33","149","1","12","LIED10CTRL/LLN0$Status","1","1","0"
"639","12.614088715","ipcas_21:73:33","146","1","12","LIED10PROT/LLN0$Alarm","1","",""
"640","12.614089539","ipcas_21:73:33","203","1","12","LIED10MEAS/LLN0$Measurement","307","309","315"
"691","13.667628550","ipcas_21:73:33","149","1","13","LIED10CTRL/LLN0$Status","1","1","0"
"692","13.667636620","ipcas_21:73:33","146","1","13","LIED10PROT/LLN0$Alarm","1","",""
"693","13.667637523","ipcas_21:73:33","203","1","13","LIED10MEAS/LLN0$Measurement","314","313","313"
"744","14.729292100","ipcas_21:73:33","149","1","14","LIED10CTRL/LLN0$Status","1","1","0"
"745","14.729299190","ipcas_21:73:33","146","1","14","LIED10PROT/LLN0$Alarm","1","",""
"746","14.729648750","ipcas_21:73:33","203","1","14","LIED10MEAS/LLN0$Measurement","313","313","312"
"798","15.784832476","ipcas_21:73:33","149","1","15","LIED10CTRL/LLN0$Status","1","1","0"
"799","15.784839332","ipcas_21:73:33","146","1","15","LIED10PROT/LLN0$Alarm","1","",""
"800","15.785251927","ipcas_21:73:33","203","1","15","LIED10MEAS/LLN0$Measurement","310","310","305"
"851","16.837084236","ipcas_21:73:33","149","1","16","LIED10CTRL/LLN0$Status","1","1","0"
"852","16.837091800","ipcas_21:73:33","146","1","16","LIED10PROT/LLN0$Alarm","1","",""
"853","16.837092532","ipcas_21:73:33","203","1","16","LIED10MEAS/LLN0$Measurement","315","310","315"
"904","17.878954432","ipcas_21:73:33","149","1","17","LIED10CTRL/LLN0$Status","1","1","0"
"905","17.878960690","ipcas_21:73:33","146","1","17","LIED10PROT/LLN0$Alarm","1","",""
"906","17.878961752","ipcas_21:73:33","203","1","17","LIED10MEAS/LLN0$Measurement","314","308","309"
"957","18.937688860","ipcas_21:73:33","149","1","18","LIED10CTRL/LLN0$Status","1","1","0"
"958","18.938803138","ipcas_21:73:33","146","1","18","LIED10PROT/LLN0$Alarm","1","",""
"959","18.938807808","ipcas_21:73:33","203","1","18","LIED10MEAS/LLN0$Measurement","310","307","307"
"1010","19.992035806","ipcas_21:73:33","149","1","19","LIED10CTRL/LLN0$Status","1","1","0"
"1011","19.992040920","ipcas_21:73:33","146","1","19","LIED10PROT/LLN0$Alarm","1","",""
"1012","19.992190281","ipcas_21:73:33","203","1","19","LIED10MEAS/LLN0$Measurement","310","311","305"
"1063","21.031713776","ipcas_21:73:33","149","1","20","LIED10CTRL/LLN0$Status","1","1","0"
"1064","21.031740460","ipcas_21:73:33","146","1","20","LIED10PROT/LLN0$Alarm","1","",""
"1065","21.031742061","ipcas_21:73:33","203","1","20","LIED10MEAS/LLN0$Measurement","309","310","307"
"1116","22.093317991","ipcas_21:73:33","149","1","21","LIED10CTRL/LLN0$Status","1","1","0"
"1117","22.093327065","ipcas_21:73:33","146","1","21","LIED10PROT/LLN0$Alarm","1","",""
"1118","22.093328338","ipcas_21:73:33","203","1","21","LIED10MEAS/LLN0$Measurement","315","307","309"
"1169","23.158207192","ipcas_21:73:33","149","1","22","LIED10CTRL/LLN0$Status","1","1","0"
"1170","23.164979802","ipcas_21:73:33","146","1","22","LIED10PROT/LLN0$Alarm","1","",""
"1171","23.164984887","ipcas_21:73:33","203","1","22","LIED10MEAS/LLN0$Measurement","307","313","307"
"1222","24.202833982","ipcas_21:73:33","149","1","23","LIED10CTRL/LLN0$Status","1","1","0"
"1223","24.202839685","ipcas_21:73:33","146","1","23","LIED10PROT/LLN0$Alarm","1","",""
"1224","24.202840661","ipcas_21:73:33","203","1","23","LIED10MEAS/LLN0$Measurement","311","309","312"
"1275","25.263637016","ipcas_21:73:33","149","1","24","LIED10CTRL/LLN0$Status","1","1","0"
"1276","25.263642999","ipcas_21:73:33","146","1","24","LIED10PROT/LLN0$Alarm","1","",""
"1277","25.263643901","ipcas_21:73:33","203","1","24","LIED10MEAS/LLN0$Measurement","313","312","311"
"1328","26.338389759","ipcas_21:73:33","149","1","25","LIED10CTRL/LLN0$Status","1","1","0"
"1329","26.338397199","ipcas_21:73:33","146","1","25","LIED10PROT/LLN0$Alarm","1","",""
"1330","26.338398225","ipcas_21:73:33","203","1","25","LIED10MEAS/LLN0$Measurement","309","307","307"
"1381","27.368889266","ipcas_21:73:33","149","1","26","LIED10CTRL/LLN0$Status","1","1","0"
"1382","27.368898507","ipcas_21:73:33","146","1","26","LIED10PROT/LLN0$Alarm","1","",""
"1383","27.368900608","ipcas_21:73:33","203","1","26","LIED10MEAS/LLN0$Measurement","305","311","314"
"1434","28.424591525","ipcas_21:73:33","149","1","27","LIED10CTRL/LLN0$Status","1","1","0"
"1435","28.424598310","ipcas_21:73:33","146","1","27","LIED10PROT/LLN0$Alarm","1","",""
"1436","28.424599954","ipcas_21:73:33","203","1","27","LIED10MEAS/LLN0$Measurement","313","306","312"
"1487","29.470935212","ipcas_21:73:33","149","1","28","LIED10CTRL/LLN0$Status","1","1","0"
"1488","29.470966435","ipcas_21:73:33","146","1","28","LIED10PROT/LLN0$Alarm","1","",""
"1489","29.470967542","ipcas_21:73:33","203","1","28","LIED10MEAS/LLN0$Measurement","312","309","315"
"1540","30.523619868","ipcas_21:73:33","149","1","29","LIED10CTRL/LLN0$Status","1","1","0"
"1541","30.523625882","ipcas_21:73:33","146","1","29","LIED10PROT/LLN0$Alarm","1","",""
"1542","30.523626549","ipcas_21:73:33","203","1","29","LIED10MEAS/LLN0$Measurement","312","314","305"
"1593","31.593592288","ipcas_21:73:33","149","1","30","LIED10CTRL/LLN0$Status","1","1","0"
"1594","31.593599929","ipcas_21:73:33","146","1","30","LIED10PROT/LLN0$Alarm","1","",""
"1595","31.593601099","ipcas_21:73:33","203","1","30","LIED10MEAS/LLN0$Measurement","305","313","312"
"1646","32.649631110","ipcas_21:73:33","149","1","31","LIED10CTRL/LLN0$Status","1","1","0"
"1647","32.649637913","ipcas_21:73:33","146","1","31","LIED10PROT/LLN0$Alarm","1","",""
"1648","32.649639416","ipcas_21:73:33","203","1","31","LIED10MEAS/LLN0$Measurement","308","313","308"
"1699","33.709960014","ipcas_21:73:33","149","1","32","LIED10CTRL/LLN0$Status","1","1","0"
"1700","33.709967521","ipcas_21:73:33","146","1","32","LIED10PROT/LLN0$Alarm","1","",""
"1701","33.709968741","ipcas_21:73:33","203","1","32","LIED10MEAS/LLN0$Measurement","308","308","315"
"1752","34.760294705","ipcas_21:73:33","149","1","33","LIED10CTRL/LLN0$Status","1","1","0"
"1753","34.760302068","ipcas_21:73:33","146","1","33","LIED10PROT/LLN0$Alarm","1","",""
"1754","34.760303482","ipcas_21:73:33","203","1","33","LIED10MEAS/LLN0$Measurement","305","311","312"
"1805","35.833047633","ipcas_21:73:33","149","1","34","LIED10CTRL/LLN0$Status","1","1","0"
"1806","35.833054759","ipcas_21:73:33","146","1","34","LIED10PROT/LLN0$Alarm","1","",""
"1807","35.833210229","ipcas_21:73:33","203","1","34","LIED10MEAS/LLN0$Measurement","308","307","306"
"1858","36.888086308","ipcas_21:73:33","149","1","35","LIED10CTRL/LLN0$Status","1","1","0"
"1859","36.888093163","ipcas_21:73:33","146","1","35","LIED10PROT/LLN0$Alarm","1","",""
"1860","36.888094323","ipcas_21:73:33","203","1","35","LIED10MEAS/LLN0$Measurement","315","315","315"
"1911","37.928882313","ipcas_21:73:33","149","1","36","LIED10CTRL/LLN0$Status","1","1","0"
"1912","37.929051981","ipcas_21:73:33","146","1","36","LIED10PROT/LLN0$Alarm","1","",""
"1913","37.929412937","ipcas_21:73:33","203","1","36","LIED10MEAS/LLN0$Measurement","305","315","312"
"1964","38.985389607","ipcas_21:73:33","149","1","37","LIED10CTRL/LLN0$Status","1","1","0"
"1965","38.985396142","ipcas_21:73:33","146","1","37","LIED10PROT/LLN0$Alarm","1","",""
"1966","38.985397476","ipcas_21:73:33","203","1","37","LIED10MEAS/LLN0$Measurement","311","311","306"
"2017","40.040872783","ipcas_21:73:33","149","1","38","LIED10CTRL/LLN0$Status","1","1","0"
"2018","40.040878837","ipcas_21:73:33","146","1","38","LIED10PROT/LLN0$Alarm","1","",""
"2019","40.040879799","ipcas_21:73:33","203","1","38","LIED10MEAS/LLN0$Measurement","315","315","314"
"2070","41.085596963","ipcas_21:73:33","149","1","39","LIED10CTRL/LLN0$Status","1","1","0"
"2071","41.085604222","ipcas_21:73:33","146","1","39","LIED10PROT/LLN0$Alarm","1","",""
"2072","41.085605087","ipcas_21:73:33","203","1","39","LIED10MEAS/LLN0$Measurement","306","313","310"
"2123","42.140651187","ipcas_21:73:33","149","1","40","LIED10CTRL/LLN0$Status","1","1","0"
"2124","42.140658557","ipcas_21:73:33","146","1","40","LIED10PROT/LLN0$Alarm","1","",""
"2125","42.141290451","ipcas_21:73:33","203","1","40","LIED10MEAS/LLN0$Measurement","305","307","307"
"2176","43.198125622","ipcas_21:73:33","149","1","41","LIED10CTRL/LLN0$Status","1","1","0"
"2177","43.198133005","ipcas_21:73:33","146","1","41","LIED10PROT/LLN0$Alarm","1","",""
"2178","43.198134379","ipcas_21:73:33","203","1","41","LIED10MEAS/LLN0$Measurement","312","314","313"
"2229","44.232552808","ipcas_21:73:33","149","1","42","LIED10CTRL/LLN0$Status","1","1","0"
"2230","44.233287265","ipcas_21:73:33","146","1","42","LIED10PROT/LLN0$Alarm","1","",""
"2231","44.233289479","ipcas_21:73:33","203","1","42","LIED10MEAS/LLN0$Measurement","308","315","311"
"2282","45.292897649","ipcas_21:73:33","149","1","43","LIED10CTRL/LLN0$Status","1","1","0"
"2283","45.292902523","ipcas_21:73:33","146","1","43","LIED10PROT/LLN0$Alarm","1","",""
"2284","45.292903105","ipcas_21:73:33","203","1","43","LIED10MEAS/LLN0$Measurement","311","315","309"
"2335","46.348561360","ipcas_21:73:33","149","1","44","LIED10CTRL/LLN0$Status","1","1","0"
"2336","46.348755538","ipcas_21:73:33","146","1","44","LIED10PROT/LLN0$Alarm","1","",""
"2337","46.348757797","ipcas_21:73:33","203","1","44","LIED10MEAS/LLN0$Measurement","307","310","313"
"2388","47.409648273","ipcas_21:73:33","149","1","45","LIED10CTRL/LLN0$Status","1","1","0"
"2389","47.409655306","ipcas_21:73:33","146","1","45","LIED10PROT/LLN0$Alarm","1","",""
"2390","47.409656308","ipcas_21:73:33","203","1","45","LIED10MEAS/LLN0$Measurement","306","308","313"
"2441","48.464397758","ipcas_21:73:33","149","1","46","LIED10CTRL/LLN0$Status","1","1","0"
"2442","48.464404413","ipcas_21:73:33","146","1","46","LIED10PROT/LLN0$Alarm","1","",""
"2443","48.464405482","ipcas_21:73:33","203","1","46","LIED10MEAS/LLN0$Measurement","312","307","305"
"2494","49.516999712","ipcas_21:73:33","149","1","47","LIED10CTRL/LLN0$Status","1","1","0"
"2495","49.517006163","ipcas_21:73:33","146","1","47","LIED10PROT/LLN0$Alarm","1","",""
"2496","49.517007143","ipcas_21:73:33","203","1","47","LIED10MEAS/LLN0$Measurement","310","314","306"
"2547","50.577706328","ipcas_21:73:33","149","1","48","LIED10CTRL/LLN0$Status","1","1","0"
"2548","50.577712906","ipcas_21:73:33","146","1","48","LIED10PROT/LLN0$Alarm","1","",""
"2549","50.577714316","ipcas_21:73:33","203","1","48","LIED10MEAS/LLN0$Measurement","314","309","315"
"2600","51.638399077","ipcas_21:73:33","149","1","49","LIED10CTRL/LLN0$Status","1","1","0"
"2601","51.638405033","ipcas_21:73:33","146","1","49","LIED10PROT/LLN0$Alarm","1","",""
"2602","51.638405370","ipcas_21:73:33","203","1","49","LIED10MEAS/LLN0$Measurement","314","305","306"
"2653","52.721835991","ipcas_21:73:33","149","1","50","LIED10CTRL/LLN0$Status","1","1","0"
"2654","52.721844143","ipcas_21:73:33","146","1","50","LIED10PROT/LLN0$Alarm","1","",""
"2655","52.721845586","ipcas_21:73:33","203","1","50","LIED10MEAS/LLN0$Measurement","310","309","312"
"2706","53.776140604","ipcas_21:73:33","149","1","51","LIED10CTRL/LLN0$Status","1","1","0"
"2707","53.776147878","ipcas_21:73:33","146","1","51","LIED10PROT/LLN0$Alarm","1","",""
"2708","53.776149224","ipcas_21:73:33","203","1","51","LIED10MEAS/LLN0$Measurement","309","315","311"
"2759","54.840123906","ipcas_21:73:33","149","1","52","LIED10CTRL/LLN0$Status","1","1","0"
"2760","54.840240437","ipcas_21:73:33","146","1","52","LIED10PROT/LLN0$Alarm","1","",""
"2761","54.840245095","ipcas_21:73:33","203","1","52","LIED10MEAS/LLN0$Measurement","313","309","315"
"2812","55.896741519","ipcas_21:73:33","149","1","53","LIED10CTRL/LLN0$Status","1","1","0"
"2813","55.896861989","ipcas_21:73:33","146","1","53","LIED10PROT/LLN0$Alarm","1","",""
"2814","55.896864976","ipcas_21:73:33","203","1","53","LIED10MEAS/LLN0$Measurement","308","311","314"
"2865","56.959357872","ipcas_21:73:33","149","1","54","LIED10CTRL/LLN0$Status","1","1","0"
"2866","56.959564405","ipcas_21:73:33","146","1","54","LIED10PROT/LLN0$Alarm","1","",""
"2867","56.959567167","ipcas_21:73:33","203","1","54","LIED10MEAS/LLN0$Measurement","311","314","305"
"2918","58.001963316","ipcas_21:73:33","149","1","55","LIED10CTRL/LLN0$Status","1","1","0"
"2919","58.002013062","ipcas_21:73:33","146","1","55","LIED10PROT/LLN0$Alarm","1","",""
"2920","58.002051316","ipcas_21:73:33","203","1","55","LIED10MEAS/LLN0$Measurement","308","313","309"
"2971","59.063044721","ipcas_21:73:33","149","1","56","LIED10CTRL/LLN0$Status","1","1","0"
"2972","59.063133058","ipcas_21:73:33","146","1","56","LIED10PROT/LLN0$Alarm","1","",""
"2973","59.063138167","ipcas_21:73:33","203","1","56","LIED10MEAS/LLN0$Measurement","311","313","313"
"3024","60.109361039","ipcas_21:73:33","149","1","57","LIED10CTRL/LLN0$Status","1","1","0"
"3025","60.109368202","ipcas_21:73:33","146","1","57","LIED10PROT/LLN0$Alarm","1","",""
"3026","60.109369335","ipcas_21:73:33","203","1","57","LIED10MEAS/LLN0$Measurement","314","308","308"
"3077","61.175326239","ipcas_21:73:33","149","1","58","LIED10CTRL/LLN0$Status","1","1","0"
"3078","61.175332881","ipcas_21:73:33","146","1","58","LIED10PROT/LLN0$Alarm","1","",""
"3079","61.175333900","ipcas_21:73:33","203","1","58","LIED10MEAS/LLN0$Measurement","312","307","306"
"3130","62.263527343","ipcas_21:73:33","149","1","59","LIED10CTRL/LLN0$Status","1","1","0"
"3131","62.263534917","ipcas_21:73:33","146","1","59","LIED10PROT/LLN0$Alarm","1","",""
"3132","62.263536237","ipcas_21:73:33","203","1","59","LIED10MEAS/LLN0$Measurement","309","312","309"
"3183","63.324655123","ipcas_21:73:33","149","1","60","LIED10CTRL/LLN0$Status","1","1","0"
"3184","63.324661698","ipcas_21:73:33","146","1","60","LIED10PROT/LLN0$Alarm","1","",""
"3185","63.324662717","ipcas_21:73:33","203","1","60","LIED10MEAS/LLN0$Measurement","312","311","312"
"3236","64.404777208","ipcas_21:73:33","149","1","61","LIED10CTRL/LLN0$Status","1","1","0"
"3237","64.404781842","ipcas_21:73:33","146","1","61","LIED10PROT/LLN0$Alarm","1","",""
"3238","64.404972227","ipcas_21:73:33","203","1","61","LIED10MEAS/LLN0$Measurement","306","305","311"
"3289","65.460020293","ipcas_21:73:33","149","1","62","LIED10CTRL/LLN0$Status","1","1","0"
"3290","65.460025731","ipcas_21:73:33","146","1","62","LIED10PROT/LLN0$Alarm","1","",""
"3291","65.460026607","ipcas_21:73:33","203","1","62","LIED10MEAS/LLN0$Measurement","310","307","311"
"3342","66.515571607","ipcas_21:73:33","149","1","63","LIED10CTRL/LLN0$Status","1","1","0"
"3343","66.515579836","ipcas_21:73:33","146","1","63","LIED10PROT/LLN0$Alarm","1","",""
"3344","66.515581059","ipcas_21:73:33","203","1","63","LIED10MEAS/LLN0$Measurement","314","312","310"
"3395","67.585031795","ipcas_21:73:33","149","1","64","LIED10CTRL/LLN0$Status","1","1","0"
"3396","67.585138618","ipcas_21:73:33","146","1","64","LIED10PROT/LLN0$Alarm","1","",""
"3397","67.585208670","ipcas_21:73:33","203","1","64","LIED10MEAS/LLN0$Measurement","305","311","307"
"3448","68.627548906","ipcas_21:73:33","149","1","65","LIED10CTRL/LLN0$Status","1","1","0"
"3449","68.627562802","ipcas_21:73:33","146","1","65","LIED10PROT/LLN0$Alarm","1","",""
"3450","68.627564079","ipcas_21:73:33","203","1","65","LIED10MEAS/LLN0$Measurement","306","313","309"
"3501","69.694320245","ipcas_21:73:33","149","1","66","LIED10CTRL/LLN0$Status","1","1","0"
"3502","69.694325416","ipcas_21:73:33","146","1","66","LIED10PROT/LLN0$Alarm","1","",""
"3503","69.694326258","ipcas_21:73:33","203","1","66","LIED10MEAS/LLN0$Measurement","307","313","315"
"3554","70.758485687","ipcas_21:73:33","149","1","67","LIED10CTRL/LLN0$Status","1","1","0"
"3555","70.758490312","ipcas_21:73:33","146","1","67","LIED10PROT/LLN0$Alarm","1","",""
"3556","70.758490782","ipcas_21:73:33","203","1","67","LIED10MEAS/LLN0$Measurement","313","314","314"
"3607","71.821479696","ipcas_21:73:33","149","1","68","LIED10CTRL/LLN0$Status","1","1","0"
"3608","71.821487764","ipcas_21:73:33","146","1","68","LIED10PROT/LLN0$Alarm","1","",""
"3609","71.821488990","ipcas_21:73:33","203","1","68","LIED10MEAS/LLN0$Measurement","313","305","305"
"3660","72.870354864","ipcas_21:73:33","149","1","69","LIED10CTRL/LLN0$Status","1","1","0"
"3661","72.870361011","ipcas_21:73:33","146","1","69","LIED10PROT/LLN0$Alarm","1","",""
"3662","72.870362264","ipcas_21:73:33","203","1","69","LIED10MEAS/LLN0$Measurement","312","308","305"
"3713","73.936719667","ipcas_21:73:33","149","1","70","LIED10CTRL/LLN0$Status","1","1","0"
"3714","73.936727101","ipcas_21:73:33","146","1","70","LIED10PROT/LLN0$Alarm","1","",""
"3715","73.936728164","ipcas_21:73:33","203","1","70","LIED10MEAS/LLN0$Measurement","315","311","308"
"3766","75.004211994","ipcas_21:73:33","149","1","71","LIED10CTRL/LLN0$Status","1","1","0"
"3767","75.004219979","ipcas_21:73:33","146","1","71","LIED10PROT/LLN0$Alarm","1","",""
"3768","75.004221102","ipcas_21:73:33","203","1","71","LIED10MEAS/LLN0$Measurement","307","314","312"
"3819","76.071110000","ipcas_21:73:33","149","1","72","LIED10CTRL/LLN0$Status","1","1","0"
"3820","76.071117094","ipcas_21:73:33","146","1","72","LIED10PROT/LLN0$Alarm","1","",""
"3821","76.073793969","ipcas_21:73:33","203","1","72","LIED10MEAS/LLN0$Measurement","309","315","311"
"3872","77.119741681","ipcas_21:73:33","149","1","73","LIED10CTRL/LLN0$Status","1","1","0"
"3873","77.121391733","ipcas_21:73:33","146","1","73","LIED10PROT/LLN0$Alarm","1","",""
"3874","77.121396431","ipcas_21:73:33","203","1","73","LIED10MEAS/LLN0$Measurement","313","305","309"
"3925","78.190392548","ipcas_21:73:33","149","1","74","LIED10CTRL/LLN0$Status","1","1","0"
"3926","78.190465011","ipcas_21:73:33","146","1","74","LIED10PROT/LLN0$Alarm","1","",""
"3927","78.190467507","ipcas_21:73:33","203","1","74","LIED10MEAS/LLN0$Measurement","315","314","311"
"3978","79.220196172","ipcas_21:73:33","149","1","75","LIED10CTRL/LLN0$Status","1","1","0"
"3979","79.220202694","ipcas_21:73:33","146","1","75","LIED10PROT/LLN0$Alarm","1","",""
"3980","79.220203950","ipcas_21:73:33","203","1","75","LIED10MEAS/LLN0$Measurement","306","308","312"
"4031","80.283345357","ipcas_21:73:33","149","1","76","LIED10CTRL/LLN0$Status","1","1","0"
"4032","80.283352851","ipcas_21:73:33","146","1","76","LIED10PROT/LLN0$Alarm","1","",""
"4033","80.283354311","ipcas_21:73:33","203","1","76","LIED10MEAS/LLN0$Measurement","314","305","312"
"4084","81.343303465","ipcas_21:73:33","149","1","77","LIED10CTRL/LLN0$Status","1","1","0"
"4085","81.343309948","ipcas_21:73:33","146","1","77","LIED10PROT/LLN0$Alarm","1","",""
"4086","81.343310433","ipcas_21:73:33","203","1","77","LIED10MEAS/LLN0$Measurement","306","311","310"
"4137","82.409615569","ipcas_21:73:33","149","1","78","LIED10CTRL/LLN0$Status","1","1","0"
"4138","82.411344660","ipcas_21:73:33","146","1","78","LIED10PROT/LLN0$Alarm","1","",""
"4139","82.411347855","ipcas_21:73:33","203","1","78","LIED10MEAS/LLN0$Measurement","313","310","306"
"4190","83.471745346","ipcas_21:73:33","149","1","79","LIED10CTRL/LLN0$Status","1","1","0"
"4191","83.471753582","ipcas_21:73:33","146","1","79","LIED10PROT/LLN0$Alarm","1","",""
"4192","83.472606175","ipcas_21:73:33","203","1","79","LIED10MEAS/LLN0$Measurement","309","305","310"
"4243","84.512667352","ipcas_21:73:33","149","1","80","LIED10CTRL/LLN0$Status","1","1","0"
"4244","84.512672406","ipcas_21:73:33","146","1","80","LIED10PROT/LLN0$Alarm","1","",""
"4245","84.512673170","ipcas_21:73:33","203","1","80","LIED10MEAS/LLN0$Measurement","309","313","306"
"4296","85.571909849","ipcas_21:73:33","149","1","81","LIED10CTRL/LLN0$Status","1","1","0"
"4297","85.573948375","ipcas_21:73:33","146","1","81","LIED10PROT/LLN0$Alarm","1","",""
"4298","85.574293286","ipcas_21:73:33","203","1","81","LIED10MEAS/LLN0$Measurement","310","314","309"
"4349","86.631336078","ipcas_21:73:33","149","1","82","LIED10CTRL/LLN0$Status","1","1","0"
"4350","86.631342325","ipcas_21:73:33","146","1","82","LIED10PROT/LLN0$Alarm","1","",""
"4351","86.631444407","ipcas_21:73:33","203","1","82","LIED10MEAS/LLN0$Measurement","310","311","305"
"4402","87.681463713","ipcas_21:73:33","149","1","83","LIED10CTRL/LLN0$Status","1","1","0"
"4403","87.681470521","ipcas_21:73:33","146","1","83","LIED10PROT/LLN0$Alarm","1","",""
"4404","87.681471838","ipcas_21:73:33","203","1","83","LIED10MEAS/LLN0$Measurement","315","310","309"
"4455","88.753161182","ipcas_21:73:33","149","1","84","LIED10CTRL/LLN0$Status","1","1","0"
"4456","88.753168977","ipcas_21:73:33","146","1","84","LIED10PROT/LLN0$Alarm","1","",""
"4457","88.753170120","ipcas_21:73:33","203","1","84","LIED10MEAS/LLN0$Measurement","315","313","312"
"4511","89.799432262","ipcas_21:73:33","149","1","85","LIED10CTRL/LLN0$Status","1","1","0"
"4512","89.799437253","ipcas_21:73:33","146","1","85","LIED10PROT/LLN0$Alarm","1","",""
"4513","89.799437623","ipcas_21:73:33","203","1","85","LIED10MEAS/LLN0$Measurement","306","314","306"
"4572","90.889219067","ipcas_21:73:33","149","1","86","LIED10CTRL/LLN0$Status","1","1","0"
"4573","90.889221790","ipcas_21:73:33","146","1","86","LIED10PROT/LLN0$Alarm","1","",""
"4574","90.889494482","ipcas_21:73:33","203","1","86","LIED10MEAS/LLN0$Measurement","313","314","305"
"4629","91.953803621","ipcas_21:73:33","149","1","87","LIED10CTRL/LLN0$Status","1","1","0"
"4630","91.953810081","ipcas_21:73:33","146","1","87","LIED10PROT/LLN0$Alarm","1","",""
"4631","91.954499528","ipcas_21:73:33","203","1","87","LIED10MEAS/LLN0$Measurement","309","312","305"
"4684","93.010594309","ipcas_21:73:33","149","1","88","LIED10CTRL/LLN0$Status","1","1","0"
"4685","93.010601005","ipcas_21:73:33","146","1","88","LIED10PROT/LLN0$Alarm","1","",""
"4686","93.010602217","ipcas_21:73:33","203","1","88","LIED10MEAS/LLN0$Measurement","312","314","312"
"4738","94.076340238","ipcas_21:73:33","149","1","89","LIED10CTRL/LLN0$Status","1","1","0"
"4739","94.076347094","ipcas_21:73:33","146","1","89","LIED10PROT/LLN0$Alarm","1","",""
"4740","94.076404850","ipcas_21:73:33","203","1","89","LIED10MEAS/LLN0$Measurement","313","309","308"
"4794","95.126136261","ipcas_21:73:33","149","1","90","LIED10CTRL/LLN0$Status","1","1","0"
"4795","95.126143241","ipcas_21:73:33","146","1","90","LIED10PROT/LLN0$Alarm","1","",""
"4796","95.126144814","ipcas_21:73:33","203","1","90","LIED10MEAS/LLN0$Measurement","306","306","310"
"4847","96.191123547","ipcas_21:73:33","149","1","91","LIED10CTRL/LLN0$Status","1","1","0"
"4848","96.191129762","ipcas_21:73:33","146","1","91","LIED10PROT/LLN0$Alarm","1","",""
"4849","96.191131078","ipcas_21:73:33","203","1","91","LIED10MEAS/LLN0$Measurement","313","313","311"
"4900","97.244644511","ipcas_21:73:33","149","1","92","LIED10CTRL/LLN0$Status","1","1","0"
"4901","97.244650030","ipcas_21:73:33","146","1","92","LIED10PROT/LLN0$Alarm","1","",""
"4902","97.244650380","ipcas_21:73:33","203","1","92","LIED10MEAS/LLN0$Measurement","315","312","315"
"4955","98.279509887","ipcas_21:73:33","149","1","93","LIED10CTRL/LLN0$Status","1","1","0"
"4956","98.279516108","ipcas_21:73:33","146","1","93","LIED10PROT/LLN0$Alarm","1","",""
"4957","98.279839254","ipcas_21:73:33","203","1","93","LIED10MEAS/LLN0$Measurement","306","310","307"
"5009","99.319765306","ipcas_21:73:33","149","1","94","LIED10CTRL/LLN0$Status","1","1","0"
"5010","99.319771446","ipcas_21:73:33","146","1","94","LIED10PROT/LLN0$Alarm","1","",""
"5011","99.319772596","ipcas_21:73:33","203","1","94","LIED10MEAS/LLN0$Measurement","310","312","308"
"5062","100.353633924","ipcas_21:73:33","149","1","95","LIED10CTRL/LLN0$Status","1","1","0"
"5063","100.353640617","ipcas_21:73:33","146","1","95","LIED10PROT/LLN0$Alarm","1","",""
"5064","100.353641622","ipcas_21:73:33","203","1","95","LIED10MEAS/LLN0$Measurement","307","311","314"
"5115","101.396527493","ipcas_21:73:33","149","1","96","LIED10CTRL/LLN0$Status","1","1","0"
"5116","101.396534358","ipcas_21:73:33","146","1","96","LIED10PROT/LLN0$Alarm","1","",""
"5117","101.396535461","ipcas_21:73:33","203","1","96","LIED10MEAS/LLN0$Measurement","313","308","309"
"5168","102.422094790","ipcas_21:73:33","149","1","97","LIED10CTRL/LLN0$Status","1","1","0"
"5169","102.422653368","ipcas_21:73:33","146","1","97","LIED10PROT/LLN0$Alarm","1","",""
"5170","102.422655240","ipcas_21:73:33","203","1","97","LIED10MEAS/LLN0$Measurement","311","309","306"
"5221","103.478668455","ipcas_21:73:33","149","1","98","LIED10CTRL/LLN0$Status","1","1","0"
"5222","103.478675100","ipcas_21:73:33","146","1","98","LIED10PROT/LLN0$Alarm","1","",""
"5223","103.478676607","ipcas_21:73:33","203","1","98","LIED10MEAS/LLN0$Measurement","307","306","308"
"5274","104.538595944","ipcas_21:73:33","149","1","99","LIED10CTRL/LLN0$Status","1","1","0"
"5275","104.538601553","ipcas_21:73:33","146","1","99","LIED10PROT/LLN0$Alarm","1","",""
"5276","104.540250282","ipcas_21:73:33","203","1","99","LIED10MEAS/LLN0$Measurement","314","309","312"
"5329","105.610340718","ipcas_21:73:33","149","1","100","LIED10CTRL/LLN0$Status","1","1","0"
"5330","105.610348176","ipcas_21:73:33","146","1","100","LIED10PROT/LLN0$Alarm","1","",""
"5331","105.610348843","ipcas_21:73:33","203","1","100","LIED10MEAS/LLN0$Measurement","311","309","314"
"5382","106.664183753","ipcas_21:73:33","149","1","101","LIED10CTRL/LLN0$Status","1","1","0"
"5383","106.664189435","ipcas_21:73:33","146","1","101","LIED10PROT/LLN0$Alarm","1","",""
"5384","106.664190057","ipcas_21:73:33","203","1","101","LIED10MEAS/LLN0$Measurement","307","314","313"
"5435","107.728872576","ipcas_21:73:33","149","1","102","LIED10CTRL/LLN0$Status","1","1","0"
"5436","107.728880207","ipcas_21:73:33","146","1","102","LIED10PROT/LLN0$Alarm","1","",""
"5437","107.728881256","ipcas_21:73:33","203","1","102","LIED10MEAS/LLN0$Measurement","307","309","311"
"5488","108.784680384","ipcas_21:73:33","149","1","103","LIED10CTRL/LLN0$Status","1","1","0"
"5489","108.784687273","ipcas_21:73:33","146","1","103","LIED10PROT/LLN0$Alarm","1","",""
"5490","108.784688566","ipcas_21:73:33","203","1","103","LIED10MEAS/LLN0$Measurement","313","313","314"
"5541","109.840641825","ipcas_21:73:33","149","1","104","LIED10CTRL/LLN0$Status","1","1","0"
"5542","109.841719286","ipcas_21:73:33","146","1","104","LIED10PROT/LLN0$Alarm","1","",""
"5543","109.841724628","ipcas_21:73:33","203","1","104","LIED10MEAS/LLN0$Measurement","306","306","308"
"5594","110.901415654","ipcas_21:73:33","149","1","105","LIED10CTRL/LLN0$Status","1","1","0"
"5595","110.901422581","ipcas_21:73:33","146","1","105","LIED10PROT/LLN0$Alarm","1","",""
"5596","110.901797430","ipcas_21:73:33","203","1","105","LIED10MEAS/LLN0$Measurement","307","313","315"
"5647","111.949693831","ipcas_21:73:33","149","1","106","LIED10CTRL/LLN0$Status","1","1","0"
"5648","111.949700833","ipcas_21:73:33","146","1","106","LIED10PROT/LLN0$Alarm","1","",""
"5649","111.949702193","ipcas_21:73:33","203","1","106","LIED10MEAS/LLN0$Measurement","306","313","308"
"5700","113.009761061","ipcas_21:73:33","149","1","107","LIED10CTRL/LLN0$Status","1","1","0"
"5701","113.009766199","ipcas_21:73:33","146","1","107","LIED10PROT/LLN0$Alarm","1","",""
"5702","113.009766712","ipcas_21:73:33","203","1","107","LIED10MEAS/LLN0$Measurement","312","308","309"
"5753","114.050922384","ipcas_21:73:33","149","1","108","LIED10CTRL/LLN0$Status","1","1","0"
"5754","114.050927433","ipcas_21:73:33","146","1","108","LIED10PROT/LLN0$Alarm","1","",""
"5755","114.050928095","ipcas_21:73:33","203","1","108","LIED10MEAS/LLN0$Measurement","312","305","310"
"5806","115.096341508","ipcas_21:73:33","149","1","109","LIED10CTRL/LLN0$Status","1","1","0"
"5807","115.096346285","ipcas_21:73:33","146","1","109","LIED10PROT/LLN0$Alarm","1","",""
"5808","115.096346857","ipcas_21:73:33","203","1","109","LIED10MEAS/LLN0$Measurement","312","309","305"
"5859","116.153903112","ipcas_21:73:33","149","1","110","LIED10CTRL/LLN0$Status","1","1","0"
"5860","116.154162114","ipcas_21:73:33","146","1","110","LIED10PROT/LLN0$Alarm","1","",""
"5861","116.154164507","ipcas_21:73:33","203","1","110","LIED10MEAS/LLN0$Measurement","305","309","308"
"5912","117.208458753","ipcas_21:73:33","149","1","111","LIED10CTRL/LLN0$Status","1","1","0"
"5913","117.208462418","ipcas_21:73:33","146","1","111","LIED10PROT/LLN0$Alarm","1","",""
"5914","117.208462748","ipcas_21:73:33","203","1","111","LIED10MEAS/LLN0$Measurement","306","305","305"
"5965","118.299549134","ipcas_21:73:33","149","1","112","LIED10CTRL/LLN0$Status","1","1","0"
"5966","118.299563203","ipcas_21:73:33","146","1","112","LIED10PROT/LLN0$Alarm","1","",""
"5967","118.299564440","ipcas_21:73:33","203","1","112","LIED10MEAS/LLN0$Measurement","313","312","310"
"6018","119.343660729","ipcas_21:73:33","149","1","113","LIED10CTRL/LLN0$Status","1","1","0"
"6019","119.343666475","ipcas_21:73:33","146","1","113","LIED10PROT/LLN0$Alarm","1","",""
"6020","119.343666899","ipcas_21:73:33","203","1","113","LIED10MEAS/LLN0$Measurement","315","310","312"
"6071","120.399359650","ipcas_21:73:33","149","1","114","LIED10CTRL/LLN0$Status","1","1","0"
"6072","120.399367498","ipcas_21:73:33","146","1","114","LIED10PROT/LLN0$Alarm","1","",""
"6073","120.399368785","ipcas_21:73:33","203","1","114","LIED10MEAS/LLN0$Measurement","314","313","309"
"6125","121.465827743","ipcas_21:73:33","149","1","115","LIED10CTRL/LLN0$Status","1","1","0"
"6126","121.465830315","ipcas_21:73:33","146","1","115","LIED10PROT/LLN0$Alarm","1","",""
"6127","121.465831151","ipcas_21:73:33","203","1","115","LIED10MEAS/LLN0$Measurement","308","308","311"
"6178","122.519620032","ipcas_21:73:33","149","1","116","LIED10CTRL/LLN0$Status","1","1","0"
"6179","122.519628027","ipcas_21:73:33","146","1","116","LIED10PROT/LLN0$Alarm","1","",""
"6180","122.519629403","ipcas_21:73:33","203","1","116","LIED10MEAS/LLN0$Measurement","305","314","314"
"6231","123.623874857","ipcas_21:73:33","149","1","117","LIED10CTRL/LLN0$Status","1","1","0"
"6232","123.623997549","ipcas_21:73:33","146","1","117","LIED10PROT/LLN0$Alarm","1","",""
"6233","123.624001087","ipcas_21:73:33","203","1","117","LIED10MEAS/LLN0$Measurement","313","308","307"
"6292","124.681636867","ipcas_21:73:33","149","1","118","LIED10CTRL/LLN0$Status","1","1","0"
"6293","124.681643010","ipcas_21:73:33","146","1","118","LIED10PROT/LLN0$Alarm","1","",""
"6294","124.681706882","ipcas_21:73:33","203","1","118","LIED10MEAS/LLN0$Measurement","307","313","311"
"6361","125.716702586","ipcas_21:73:33","149","1","119","LIED10CTRL/LLN0$Status","1","1","0"
"6362","125.716707684","ipcas_21:73:33","146","1","119","LIED10PROT/LLN0$Alarm","1","",""
"6363","125.719538032","ipcas_21:73:33","203","1","119","LIED10MEAS/LLN0$Measurement","308","306","312"
"6444","126.777064920","ipcas_21:73:33","149","1","120","LIED10CTRL/LLN0$Status","1","1","0"
"6445","126.777129371","ipcas_21:73:33","146","1","120","LIED10PROT/LLN0$Alarm","1","",""
"6446","126.777132362","ipcas_21:73:33","203","1","120","LIED10MEAS/LLN0$Measurement","315","313","310"
"6523","127.823436315","ipcas_21:73:33","149","1","121","LIED10CTRL/LLN0$Status","1","1","0"
"6524","127.823438957","ipcas_21:73:33","146","1","121","LIED10PROT/LLN0$Alarm","1","",""
"6525","127.823439581","ipcas_21:73:33","203","1","121","LIED10MEAS/LLN0$Measurement","305","310","313"
"6602","128.875410564","ipcas_21:73:33","149","1","122","LIED10CTRL/LLN0$Status","1","1","0"
"6603","128.876699675","ipcas_21:73:33","146","1","122","LIED10PROT/LLN0$Alarm","1","",""
"6604","128.876704292","ipcas_21:73:33","203","1","122","LIED10MEAS/LLN0$Measurement","314","310","315"
"6707","129.929756060","ipcas_21:73:33","149","1","123","LIED10CTRL/LLN0$Status","1","1","0"
"6708","129.929758509","ipcas_21:73:33","146","1","123","LIED10PROT/LLN0$Alarm","1","",""
"6709","129.929758973","ipcas_21:73:33","203","1","123","LIED10MEAS/LLN0$Measurement","309","311","311"
"6787","130.971031460","ipcas_21:73:33","149","1","124","LIED10CTRL/LLN0$Status","1","1","0"
"6788","130.971036067","ipcas_21:73:33","146","1","124","LIED10PROT/LLN0$Alarm","1","",""
"6789","130.971037527","ipcas_21:73:33","203","1","124","LIED10MEAS/LLN0$Measurement","309","309","310"
"6846","132.058315160","ipcas_21:73:33","149","1","125","LIED10CTRL/LLN0$Status","1","1","0"
"6847","132.058320043","ipcas_21:73:33","146","1","125","LIED10PROT/LLN0$Alarm","1","",""
"6848","132.058320559","ipcas_21:73:33","203","1","125","LIED10MEAS/LLN0$Measurement","315","307","308"
"6908","133.108250176","ipcas_21:73:33","149","1","126","LIED10CTRL/LLN0$Status","1","1","0"
"6909","133.108255873","ipcas_21:73:33","146","1","126","LIED10PROT/LLN0$Alarm","1","",""
"6910","133.108379860","ipcas_21:73:33","203","1","126","LIED10MEAS/LLN0$Measurement","308","311","309"
"6974","134.170465602","ipcas_21:73:33","149","1","127","LIED10CTRL/LLN0$Status","1","1","0"
"6975","134.170908976","ipcas_21:73:33","146","1","127","LIED10PROT/LLN0$Alarm","1","",""
"6976","134.170914212","ipcas_21:73:33","203","1","127","LIED10MEAS/LLN0$Measurement","308","311","310"
"7036","135.240565296","ipcas_21:73:33","150","1","128","LIED10CTRL/LLN0$Status","1","1","0"
"7037","135.240569641","ipcas_21:73:33","147","1","128","LIED10PROT/LLN0$Alarm","1","",""
"7038","135.240570448","ipcas_21:73:33","204","1","128","LIED10MEAS/LLN0$Measurement","308","306","305"
"7097","136.325318355","ipcas_21:73:33","150","1","129","LIED10CTRL/LLN0$Status","1","1","0"
"7098","136.325323313","ipcas_21:73:33","147","1","129","LIED10PROT/LLN0$Alarm","1","",""
"7099","136.325324399","ipcas_21:73:33","204","1","129","LIED10MEAS/LLN0$Measurement","313","314","306"
"7162","137.387476373","ipcas_21:73:33","150","1","130","LIED10CTRL/LLN0$Status","1","1","0"
"7163","137.387483563","ipcas_21:73:33","147","1","130","LIED10PROT/LLN0$Alarm","1","",""
"7164","137.387484518","ipcas_21:73:33","204","1","130","LIED10MEAS/LLN0$Measurement","311","310","313"
"7246","138.489105474","ipcas_21:73:33","150","1","131","LIED10CTRL/LLN0$Status","1","1","0"
"7247","138.489110335","ipcas_21:73:33","147","1","131","LIED10PROT/LLN0$Alarm","1","",""
"7248","138.489206249","ipcas_21:73:33","204","1","131","LIED10MEAS/LLN0$Measurement","307","311","314"
"7303","139.522529525","ipcas_21:73:33","150","1","132","LIED10CTRL/LLN0$Status","1","1","0"
"7304","139.523523106","ipcas_21:73:33","147","1","132","LIED10PROT/LLN0$Alarm","1","",""
"7305","139.523525281","ipcas_21:73:33","204","1","132","LIED10MEAS/LLN0$Measurement","305","311","314"
"7359","140.566875978","ipcas_21:73:33","150","1","133","LIED10CTRL/LLN0$Status","1","1","0"
"7360","140.566880639","ipcas_21:73:33","147","1","133","LIED10PROT/LLN0$Alarm","1","",""
"7361","140.566881848","ipcas_21:73:33","204","1","133","LIED10MEAS/LLN0$Measurement","311","315","311"
"7414","141.608943508","ipcas_21:73:33","150","1","134","LIED10CTRL/LLN0$Status","1","1","0"
"7415","141.608948135","ipcas_21:73:33","147","1","134","LIED10PROT/LLN0$Alarm","1","",""
"7416","141.609075862","ipcas_21:73:33","204","1","134","LIED10MEAS/LLN0$Measurement","315","315","312"
"7459","142.657597836","ipcas_21:73:33","150","1","135","LIED10CTRL/LLN0$Status","1","1","0"
"7460","142.657598404","ipcas_21:73:33","147","1","135","LIED10PROT/LLN0$Alarm","1","",""
"7461","142.657760282","ipcas_21:73:33","204","1","135","LIED10MEAS/LLN0$Measurement","313","310","313"
"7508","143.687074188","ipcas_21:73:33","150","1","136","LIED10CTRL/LLN0$Status","1","1","0"
"7509","143.687078534","ipcas_21:73:33","147","1","136","LIED10PROT/LLN0$Alarm","1","",""
"7510","143.687079620","ipcas_21:73:33","204","1","136","LIED10MEAS/LLN0$Measurement","314","311","315"
"7568","144.757236273","ipcas_21:73:33","150","1","137","LIED10CTRL/LLN0$Status","1","1","0"
"7569","144.757236922","ipcas_21:73:33","147","1","137","LIED10PROT/LLN0$Alarm","1","",""
"7570","144.757237360","ipcas_21:73:33","204","1","137","LIED10MEAS/LLN0$Measurement","315","307","308"
"7624","145.827067986","ipcas_21:73:33","150","1","138","LIED10CTRL/LLN0$Status","1","1","0"
"7625","145.827072542","ipcas_21:73:33","147","1","138","LIED10PROT/LLN0$Alarm","1","",""
"7626","145.827073732","ipcas_21:73:33","204","1","138","LIED10MEAS/LLN0$Measurement","311","311","306"
"7676","146.937566157","ipcas_21:73:33","150","1","139","LIED10CTRL/LLN0$Status","1","1","0"
"7677","146.937566549","ipcas_21:73:33","147","1","139","LIED10PROT/LLN0$Alarm","1","",""
"7678","146.937666347","ipcas_21:73:33","204","1","139","LIED10MEAS/LLN0$Measurement","307","309","307"
"7723","147.928678650","ipcas_21:73:33","150","1","140","LIED10CTRL/LLN0$Status","1","1","0"
"7724","147.928687428","ipcas_21:73:33","147","1","140","LIED10PROT/LLN0$Alarm","1","",""
"7725","147.928689068","ipcas_21:73:33","204","1","140","LIED10MEAS/LLN0$Measurement","306","313","315"
"7801","149.016861670","ipcas_21:73:33","150","1","141","LIED10CTRL/LLN0$Status","1","1","0"
"7802","149.016865732","ipcas_21:73:33","147","1","141","LIED10PROT/LLN0$Alarm","1","",""
"7803","149.017032753","ipcas_21:73:33","204","1","141","LIED10MEAS/LLN0$Measurement","314","309","311"
"7855","150.066211471","ipcas_21:73:33","150","1","142","LIED10CTRL/LLN0$Status","1","1","0"
"7856","150.066215777","ipcas_21:73:33","147","1","142","LIED10PROT/LLN0$Alarm","1","",""
"7857","150.066216853","ipcas_21:73:33","204","1","142","LIED10MEAS/LLN0$Measurement","315","315","305"
"7903","151.098187441","ipcas_21:73:33","150","1","143","LIED10CTRL/LLN0$Status","1","1","0"
"7904","151.098188085","ipcas_21:73:33","147","1","143","LIED10PROT/LLN0$Alarm","1","",""
"7905","151.098189047","ipcas_21:73:33","204","1","143","LIED10MEAS/LLN0$Measurement","315","315","305"
"7962","152.161617478","ipcas_21:73:33","150","1","144","LIED10CTRL/LLN0$Status","1","1","0"
"7963","152.162627038","ipcas_21:73:33","147","1","144","LIED10PROT/LLN0$Alarm","1","",""
"7964","152.163549507","ipcas_21:73:33","204","1","144","LIED10MEAS/LLN0$Measurement","315","307","313"
"8017","153.203449079","ipcas_21:73:33","150","1","145","LIED10CTRL/LLN0$Status","1","1","0"
"8018","153.203450148","ipcas_21:73:33","147","1","145","LIED10PROT/LLN0$Alarm","1","",""
"8019","153.203484037","ipcas_21:73:33","204","1","145","LIED10MEAS/LLN0$Measurement","310","308","313"
"8070","154.255293680","ipcas_21:73:33","150","1","146","LIED10CTRL/LLN0$Status","1","1","0"
"8071","154.255298404","ipcas_21:73:33","147","1","146","LIED10PROT/LLN0$Alarm","1","",""
"8072","154.255299697","ipcas_21:73:33","204","1","146","LIED10MEAS/LLN0$Measurement","307","315","309"
"8123","155.298227440","ipcas_21:73:33","150","1","147","LIED10CTRL/LLN0$Status","1","1","0"
"8124","155.298231967","ipcas_21:73:33","147","1","147","LIED10PROT/LLN0$Alarm","1","",""
"8125","155.298233277","ipcas_21:73:33","204","1","147","LIED10MEAS/LLN0$Measurement","308","312","310"
"8198","156.327384703","ipcas_21:73:33","150","1","148","LIED10CTRL/LLN0$Status","1","1","0"
"8199","156.327565568","ipcas_21:73:33","147","1","148","LIED10PROT/LLN0$Alarm","1","",""
"8200","156.327569367","ipcas_21:73:33","204","1","148","LIED10MEAS/LLN0$Measurement","314","315","312"
"8278","157.371688421","ipcas_21:73:33","150","1","149","LIED10CTRL/LLN0$Status","1","1","0"
"8279","157.371690479","ipcas_21:73:33","147","1","149","LIED10PROT/LLN0$Alarm","1","",""
"8280","157.371796666","ipcas_21:73:33","204","1","149","LIED10MEAS/LLN0$Measurement","306","307","314"
"8404","158.433745472","ipcas_21:73:33","150","1","150","LIED10CTRL/LLN0$Status","1","1","0"
"8405","158.433747526","ipcas_21:73:33","147","1","150","LIED10PROT/LLN0$Alarm","1","",""
"8406","158.433747917","ipcas_21:73:33","204","1","150","LIED10MEAS/LLN0$Measurement","314","309","310"
"8507","159.493901063","ipcas_21:73:33","150","1","151","LIED10CTRL/LLN0$Status","1","1","0"
"8508","159.493905443","ipcas_21:73:33","147","1","151","LIED10PROT/LLN0$Alarm","1","",""
"8509","159.493906482","ipcas_21:73:33","204","1","151","LIED10MEAS/LLN0$Measurement","312","307","311"
"8578","160.570810974","ipcas_21:73:33","150","1","152","LIED10CTRL/LLN0$Status","1","1","0"
"8579","160.570813249","ipcas_21:73:33","147","1","152","LIED10PROT/LLN0$Alarm","1","",""
"8580","160.570813621","ipcas_21:73:33","204","1","152","LIED10MEAS/LLN0$Measurement","312","311","311"
"8638","161.599255972","ipcas_21:73:33","150","1","153","LIED10CTRL/LLN0$Status","1","1","0"
"8639","161.599380886","ipcas_21:73:33","147","1","153","LIED10PROT/LLN0$Alarm","1","",""
"8640","161.599382604","ipcas_21:73:33","204","1","153","LIED10MEAS/LLN0$Measurement","306","308","308"
"8713","162.653991717","ipcas_21:73:33","150","1","154","LIED10CTRL/LLN0$Status","1","1","0"
"8714","162.653997968","ipcas_21:73:33","147","1","154","LIED10PROT/LLN0$Alarm","1","",""
"8715","162.654248398","ipcas_21:73:33","204","1","154","LIED10MEAS/LLN0$Measurement","311","314","306"
"8773","163.708000173","ipcas_21:73:33","150","1","155","LIED10CTRL/LLN0$Status","1","1","0"
"8774","163.708004860","ipcas_21:73:33","147","1","155","LIED10PROT/LLN0$Alarm","1","",""
"8775","163.708005937","ipcas_21:73:33","204","1","155","LIED10MEAS/LLN0$Measurement","307","315","305"
"8829","164.774309668","ipcas_21:73:33","150","1","156","LIED10CTRL/LLN0$Status","1","1","0"
"8830","164.774315631","ipcas_21:73:33","147","1","156","LIED10PROT/LLN0$Alarm","1","",""
"8831","164.774474082","ipcas_21:73:33","204","1","156","LIED10MEAS/LLN0$Measurement","313","313","307"
"8887","165.843306333","ipcas_21:73:33","150","1","157","LIED10CTRL/LLN0$Status","1","1","0"
"8888","165.843311057","ipcas_21:73:33","147","1","157","LIED10PROT/LLN0$Alarm","1","",""
"8889","165.843312451","ipcas_21:73:33","204","1","157","LIED10MEAS/LLN0$Measurement","306","311","315"
"8951","166.936231667","ipcas_21:73:33","150","1","158","LIED10CTRL/LLN0$Status","1","1","0"
"8952","166.936236598","ipcas_21:73:33","147","1","158","LIED10PROT/LLN0$Alarm","1","",""
"8953","166.936237590","ipcas_21:73:33","204","1","158","LIED10MEAS/LLN0$Measurement","310","311","307"
"9007","167.977528643","ipcas_21:73:33","150","1","159","LIED10CTRL/LLN0$Status","1","1","0"
"9008","167.977534266","ipcas_21:73:33","147","1","159","LIED10PROT/LLN0$Alarm","1","",""
"9009","167.978463671","ipcas_21:73:33","204","1","159","LIED10MEAS/LLN0$Measurement","313","314","310"
"9064","169.038108544","ipcas_21:73:33","150","1","160","LIED10CTRL/LLN0$Status","1","1","0"
"9065","169.038112865","ipcas_21:73:33","147","1","160","LIED10PROT/LLN0$Alarm","1","",""
"9066","169.038168101","ipcas_21:73:33","204","1","160","LIED10MEAS/LLN0$Measurement","312","305","309"
"9132","170.096120006","ipcas_21:73:33","150","1","161","LIED10CTRL/LLN0$Status","1","1","0"
"9133","170.096633539","ipcas_21:73:33","147","1","161","LIED10PROT/LLN0$Alarm","1","",""
"9134","170.097243285","ipcas_21:73:33","204","1","161","LIED10MEAS/LLN0$Measurement","312","312","306"
"9224","171.149378860","ipcas_21:73:33","150","1","162","LIED10CTRL/LLN0$Status","1","1","0"
"9225","171.149385899","ipcas_21:73:33","147","1","162","LIED10PROT/LLN0$Alarm","1","",""
"9226","171.149386814","ipcas_21:73:33","204","1","162","LIED10MEAS/LLN0$Measurement","310","306","315"
"9326","172.189543163","ipcas_21:73:33","150","1","163","LIED10CTRL/LLN0$Status","1","1","0"
"9327","172.189655431","ipcas_21:73:33","147","1","163","LIED10PROT/LLN0$Alarm","1","",""
"9328","172.189658354","ipcas_21:73:33","204","1","163","LIED10MEAS/LLN0$Measurement","306","312","314"
"9430","173.231143263","ipcas_21:73:33","150","1","164","LIED10CTRL/LLN0$Status","1","1","0"
"9431","173.231145398","ipcas_21:73:33","147","1","164","LIED10PROT/LLN0$Alarm","1","",""
"9432","173.231146185","ipcas_21:73:33","204","1","164","LIED10MEAS/LLN0$Measurement","308","312","309"
"9508","174.296537934","ipcas_21:73:33","150","1","165","LIED10CTRL/LLN0$Status","1","1","0"
"9509","174.296540307","ipcas_21:73:33","147","1","165","LIED10PROT/LLN0$Alarm","1","",""
"9510","174.296540780","ipcas_21:73:33","204","1","165","LIED10MEAS/LLN0$Measurement","308","308","306"
"9642","175.368899030","ipcas_21:73:33","150","1","166","LIED10CTRL/LLN0$Status","1","1","0"
"9643","175.368902921","ipcas_21:73:33","147","1","166","LIED10PROT/LLN0$Alarm","1","",""
"9644","175.368903710","ipcas_21:73:33","204","1","166","LIED10MEAS/LLN0$Measurement","306","306","313"
"9719","176.421686058","ipcas_21:73:33","150","1","167","LIED10CTRL/LLN0$Status","1","1","0"
"9720","176.421691901","ipcas_21:73:33","147","1","167","LIED10PROT/LLN0$Alarm","1","",""
"9721","176.421831372","ipcas_21:73:33","204","1","167","LIED10MEAS/LLN0$Measurement","313","309","314"
"9781","177.477757443","ipcas_21:73:33","150","1","168","LIED10CTRL/LLN0$Status","1","1","0"
"9782","177.477761752","ipcas_21:73:33","147","1","168","LIED10PROT/LLN0$Alarm","1","",""
"9783","177.477941993","ipcas_21:73:33","204","1","168","LIED10MEAS/LLN0$Measurement","311","313","310"
"9841","178.526078656","ipcas_21:73:33","150","1","169","LIED10CTRL/LLN0$Status","1","1","0"
"9842","178.526083299","ipcas_21:73:33","147","1","169","LIED10PROT/LLN0$Alarm","1","",""
"9843","178.526366527","ipcas_21:73:33","204","1","169","LIED10MEAS/LLN0$Measurement","314","307","313"
"9908","179.566138596","ipcas_21:73:33","150","1","170","LIED10CTRL/LLN0$Status","1","1","0"
"9909","179.566146411","ipcas_21:73:33","147","1","170","LIED10PROT/LLN0$Alarm","1","",""
"9910","179.566147641","ipcas_21:73:33","204","1","170","LIED10MEAS/LLN0$Measurement","307","308","314"
"9970","180.613089252","ipcas_21:73:33","150","1","171","LIED10CTRL/LLN0$Status","1","1","0"
"9971","180.613096699","ipcas_21:73:33","147","1","171","LIED10PROT/LLN0$Alarm","1","",""
"9972","180.613176917","ipcas_21:73:33","204","1","171","LIED10MEAS/LLN0$Measurement","311","308","311"
"10037","181.655298335","ipcas_21:73:33","150","1","172","LIED10CTRL/LLN0$Status","1","1","0"
"10038","181.655303714","ipcas_21:73:33","147","1","172","LIED10PROT/LLN0$Alarm","1","",""
"10039","181.655304860","ipcas_21:73:33","204","1","172","LIED10MEAS/LLN0$Measurement","312","308","308"
"10105","182.741106854","ipcas_21:73:33","150","1","173","LIED10CTRL/LLN0$Status","1","1","0"
"10106","182.741114352","ipcas_21:73:33","147","1","173","LIED10PROT/LLN0$Alarm","1","",""
"10107","182.741115621","ipcas_21:73:33","204","1","173","LIED10MEAS/LLN0$Measurement","305","314","314"
"10162","183.798732366","ipcas_21:73:33","150","1","174","LIED10CTRL/LLN0$Status","1","1","0"
"10163","183.798737484","ipcas_21:73:33","147","1","174","LIED10PROT/LLN0$Alarm","1","",""
"10164","183.798738581","ipcas_21:73:33","204","1","174","LIED10MEAS/LLN0$Measurement","315","313","306"
"10218","184.846383153","ipcas_21:73:33","150","1","175","LIED10CTRL/LLN0$Status","1","1","0"
"10219","184.846390660","ipcas_21:73:33","147","1","175","LIED10PROT/LLN0$Alarm","1","",""
"10220","184.846391990","ipcas_21:73:33","204","1","175","LIED10MEAS/LLN0$Measurement","305","315","308"
"10276","185.962063491","ipcas_21:73:33","150","1","176","LIED10CTRL/LLN0$Status","1","1","0"
"10277","185.962069425","ipcas_21:73:33","147","1","176","LIED10PROT/LLN0$Alarm","1","",""
"10278","185.962069750","ipcas_21:73:33","204","1","176","LIED10MEAS/LLN0$Measurement","306","315","313"
"10333","187.005681013","ipcas_21:73:33","150","1","177","LIED10CTRL/LLN0$Status","1","1","0"
"10334","187.005686298","ipcas_21:73:33","147","1","177","LIED10PROT/LLN0$Alarm","1","",""
"10335","187.005687674","ipcas_21:73:33","204","1","177","LIED10MEAS/LLN0$Measurement","305","314","315"
"10386","188.066260248","ipcas_21:73:33","150","1","178","LIED10CTRL/LLN0$Status","1","1","0"
"10387","188.066265815","ipcas_21:73:33","147","1","178","LIED10PROT/LLN0$Alarm","1","",""
"10388","188.066266981","ipcas_21:73:33","204","1","178","LIED10MEAS/LLN0$Measurement","310","310","305"
"10443","189.119980436","ipcas_21:73:33","150","1","179","LIED10CTRL/LLN0$Status","1","1","0"
"10444","189.119985317","ipcas_21:73:33","147","1","179","LIED10PROT/LLN0$Alarm","1","",""
"10445","189.119986423","ipcas_21:73:33","204","1","179","LIED10MEAS/LLN0$Measurement","311","310","314"
"10508","190.186302767","ipcas_21:73:33","150","1","180","LIED10CTRL/LLN0$Status","1","1","0"
"10509","190.186309412","ipcas_21:73:33","147","1","180","LIED10PROT/LLN0$Alarm","1","",""
"10510","190.186310314","ipcas_21:73:33","204","1","180","LIED10MEAS/LLN0$Measurement","313","314","308"
"10563","191.289642740","ipcas_21:73:33","150","1","181","LIED10CTRL/LLN0$Status","1","1","0"
"10564","191.289648347","ipcas_21:73:33","147","1","181","LIED10PROT/LLN0$Alarm","1","",""
"10565","191.289648755","ipcas_21:73:33","204","1","181","LIED10MEAS/LLN0$Measurement","313","308","307"
"10619","192.344487301","ipcas_21:73:33","150","1","182","LIED10CTRL/LLN0$Status","1","1","0"
"10620","192.344685469","ipcas_21:73:33","147","1","182","LIED10PROT/LLN0$Alarm","1","",""
"10621","192.344690330","ipcas_21:73:33","204","1","182","LIED10MEAS/LLN0$Measurement","315","313","306"
"10675","193.404556050","ipcas_21:73:33","150","1","183","LIED10CTRL/LLN0$Status","1","1","0"
"10676","193.404562922","ipcas_21:73:33","147","1","183","LIED10PROT/LLN0$Alarm","1","",""
"10677","193.404564185","ipcas_21:73:33","204","1","183","LIED10MEAS/LLN0$Measurement","308","313","307"
"10728","194.491151137","ipcas_21:73:33","150","1","184","LIED10CTRL/LLN0$Status","1","1","0"
"10729","194.491158965","ipcas_21:73:33","147","1","184","LIED10PROT/LLN0$Alarm","1","",""
"10730","194.491160080","ipcas_21:73:33","204","1","184","LIED10MEAS/LLN0$Measurement","312","313","310"
"10783","195.517208335","ipcas_21:73:33","150","1","185","LIED10CTRL/LLN0$Status","1","1","0"
"10784","195.517214016","ipcas_21:73:33","147","1","185","LIED10PROT/LLN0$Alarm","1","",""
"10785","195.517295867","ipcas_21:73:33","204","1","185","LIED10MEAS/LLN0$Measurement","314","305","312"
"10838","196.603220846","ipcas_21:73:33","150","1","186","LIED10CTRL/LLN0$Status","1","1","0"
"10839","196.603229285","ipcas_21:73:33","147","1","186","LIED10PROT/LLN0$Alarm","1","",""
"10840","196.603230699","ipcas_21:73:33","204","1","186","LIED10MEAS/LLN0$Measurement","309","306","315"
"10891","197.637862786","ipcas_21:73:33","150","1","187","LIED10CTRL/LLN0$Status","1","1","0"
"10892","197.637870667","ipcas_21:73:33","147","1","187","LIED10PROT/LLN0$Alarm","1","",""
"10893","197.637872120","ipcas_21:73:33","204","1","187","LIED10MEAS/LLN0$Measurement","315","314","305"
"10945","198.691167001","ipcas_21:73:33","150","1","188","LIED10CTRL/LLN0$Status","1","1","0"
"10946","198.691273746","ipcas_21:73:33","147","1","188","LIED10PROT/LLN0$Alarm","1","",""
"10947","198.691276619","ipcas_21:73:33","204","1","188","LIED10MEAS/LLN0$Measurement","306","314","310"
"10999","199.735813100","ipcas_21:73:33","150","1","189","LIED10CTRL/LLN0$Status","1","1","0"
"11000","199.735821787","ipcas_21:73:33","147","1","189","LIED10PROT/LLN0$Alarm","1","",""
"11001","199.735967007","ipcas_21:73:33","204","1","189","LIED10MEAS/LLN0$Measurement","309","315","312"
"11053","200.779860810","ipcas_21:73:33","150","1","190","LIED10CTRL/LLN0$Status","1","1","0"
"11054","200.779866730","ipcas_21:73:33","147","1","190","LIED10PROT/LLN0$Alarm","1","",""
"11055","200.780236136","ipcas_21:73:33","204","1","190","LIED10MEAS/LLN0$Measurement","308","309","313"
"11144","201.826989580","ipcas_21:73:33","150","1","191","LIED10CTRL/LLN0$Status","1","1","0"
"11145","201.826994255","ipcas_21:73:33","147","1","191","LIED10PROT/LLN0$Alarm","1","",""
"11146","201.826995624","ipcas_21:73:33","204","1","191","LIED10MEAS/LLN0$Measurement","309","309","308"
"11225","202.881057190","ipcas_21:73:33","150","1","192","LIED10CTRL/LLN0$Status","1","1","0"
"11226","202.881061954","ipcas_21:73:33","147","1","192","LIED10PROT/LLN0$Alarm","1","",""
"11227","202.882072138","ipcas_21:73:33","204","1","192","LIED10MEAS/LLN0$Measurement","306","313","314"
"11350","203.910098161","ipcas_21:73:33","150","1","193","LIED10CTRL/LLN0$Status","1","1","0"
"11351","203.910102816","ipcas_21:73:33","147","1","193","LIED10PROT/LLN0$Alarm","1","",""
"11352","203.910104035","ipcas_21:73:33","204","1","193","LIED10MEAS/LLN0$Measurement","315","307","309"
"11443","204.976075669","ipcas_21:73:33","150","1","194","LIED10CTRL/LLN0$Status","1","1","0"
"11444","204.976080814","ipcas_21:73:33","147","1","194","LIED10PROT/LLN0$Alarm","1","",""
"11445","204.976082010","ipcas_21:73:33","204","1","194","LIED10MEAS/LLN0$Measurement","307","305","306"
"11513","206.010234522","ipcas_21:73:33","150","1","195","LIED10CTRL/LLN0$Status","1","1","0"
"11514","206.010240165","ipcas_21:73:33","147","1","195","LIED10PROT/LLN0$Alarm","1","",""
"11515","206.010527573","ipcas_21:73:33","204","1","195","LIED10MEAS/LLN0$Measurement","308","308","310"
"11582","207.090038240","ipcas_21:73:33","150","1","196","LIED10CTRL/LLN0$Status","1","1","0"
"11583","207.090357539","ipcas_21:73:33","147","1","196","LIED10PROT/LLN0$Alarm","1","",""
"11584","207.090362223","ipcas_21:73:33","204","1","196","LIED10MEAS/LLN0$Measurement","314","305","314"
"11643","208.129622439","ipcas_21:73:33","150","1","197","LIED10CTRL/LLN0$Status","1","1","0"
"11644","208.129626996","ipcas_21:73:33","147","1","197","LIED10PROT/LLN0$Alarm","1","",""
"11645","208.129627985","ipcas_21:73:33","204","1","197","LIED10MEAS/LLN0$Measurement","308","310","310"
"11700","209.168801889","ipcas_21:73:33","150","1","198","LIED10CTRL/LLN0$Status","1","1","0"
"11701","209.169783230","ipcas_21:73:33","147","1","198","LIED10PROT/LLN0$Alarm","1","",""
"11702","209.169787958","ipcas_21:73:33","204","1","198","LIED10MEAS/LLN0$Measurement","315","312","305"
"11757","210.251594751","ipcas_21:73:33","150","1","199","LIED10CTRL/LLN0$Status","1","1","0"
"11758","210.251601372","ipcas_21:73:33","147","1","199","LIED10PROT/LLN0$Alarm","1","",""
"11759","210.251602277","ipcas_21:73:33","204","1","199","LIED10MEAS/LLN0$Measurement","309","313","306"
"11822","211.323223016","ipcas_21:73:33","150","1","200","LIED10CTRL/LLN0$Status","1","1","0"
"11823","211.323229731","ipcas_21:73:33","147","1","200","LIED10PROT/LLN0$Alarm","1","",""
"11824","211.323230974","ipcas_21:73:33","204","1","200","LIED10MEAS/LLN0$Measurement","308","312","308"
"11880","212.383865372","ipcas_21:73:33","150","1","201","LIED10CTRL/LLN0$Status","1","1","0"
"11881","212.383873117","ipcas_21:73:33","147","1","201","LIED10PROT/LLN0$Alarm","1","",""
"11882","212.383874320","ipcas_21:73:33","204","1","201","LIED10MEAS/LLN0$Measurement","310","306","311"
"11935","213.454154288","ipcas_21:73:33","150","1","202","LIED10CTRL/LLN0$Status","1","1","0"
"11936","213.454161214","ipcas_21:73:33","147","1","202","LIED10PROT/LLN0$Alarm","1","",""
"11937","213.455938341","ipcas_21:73:33","204","1","202","LIED10MEAS/LLN0$Measurement","307","308","308"
"11992","214.512711123","ipcas_21:73:33","150","1","203","LIED10CTRL/LLN0$Status","1","1","0"
"11993","214.512738509","ipcas_21:73:33","147","1","203","LIED10PROT/LLN0$Alarm","1","",""
"11994","214.512740758","ipcas_21:73:33","204","1","203","LIED10MEAS/LLN0$Measurement","307","311","313"
"12063","215.574362395","ipcas_21:73:33","150","1","204","LIED10CTRL/LLN0$Status","1","1","0"
"12064","215.574368894","ipcas_21:73:33","147","1","204","LIED10PROT/LLN0$Alarm","1","",""
"12065","215.574369679","ipcas_21:73:33","204","1","204","LIED10MEAS/LLN0$Measurement","307","306","313"
"12170","216.647168666","ipcas_21:73:33","150","1","205","LIED10CTRL/LLN0$Status","1","1","0"
"12171","216.647173046","ipcas_21:73:33","147","1","205","LIED10PROT/LLN0$Alarm","1","",""
"12172","216.647174169","ipcas_21:73:33","204","1","205","LIED10MEAS/LLN0$Measurement","309","313","310"
"12256","217.698108512","ipcas_21:73:33","150","1","206","LIED10CTRL/LLN0$Status","1","1","0"
"12257","217.698113150","ipcas_21:73:33","147","1","206","LIED10PROT/LLN0$Alarm","1","",""
"12258","217.698114209","ipcas_21:73:33","204","1","206","LIED10MEAS/LLN0$Measurement","311","313","306"
"12317","218.776807563","ipcas_21:73:33","150","1","207","LIED10CTRL/LLN0$Status","1","1","0"
"12318","218.776812562","ipcas_21:73:33","147","1","207","LIED10PROT/LLN0$Alarm","1","",""
"12319","218.776814028","ipcas_21:73:33","204","1","207","LIED10MEAS/LLN0$Measurement","309","313","305"
"12407","219.865474294","ipcas_21:73:33","150","1","208","LIED10CTRL/LLN0$Status","1","1","0"
"12408","219.865478858","ipcas_21:73:33","147","1","208","LIED10PROT/LLN0$Alarm","1","",""
"12409","219.865480131","ipcas_21:73:33","204","1","208","LIED10MEAS/LLN0$Measurement","312","315","306"
"12514","220.939023571","ipcas_21:73:33","150","1","209","LIED10CTRL/LLN0$Status","1","1","0"
"12515","220.939028082","ipcas_21:73:33","147","1","209","LIED10PROT/LLN0$Alarm","1","",""
"12516","220.940694701","ipcas_21:73:33","204","1","209","LIED10MEAS/LLN0$Measurement","309","313","312"
"12623","222.068954837","ipcas_21:73:33","150","1","210","LIED10CTRL/LLN0$Status","1","1","0"
"12624","222.068963387","ipcas_21:73:33","147","1","210","LIED10PROT/LLN0$Alarm","1","",""
"12625","222.068983744","ipcas_21:73:33","204","1","210","LIED10MEAS/LLN0$Measurement","314","306","307"
"12686","223.094306643","ipcas_21:73:33","150","1","211","LIED10CTRL/LLN0$Status","1","1","0"
"12687","223.094313958","ipcas_21:73:33","147","1","211","LIED10PROT/LLN0$Alarm","1","",""
"12688","223.094314561","ipcas_21:73:33","204","1","211","LIED10MEAS/LLN0$Measurement","312","312","305"
"12751","224.174153381","ipcas_21:73:33","150","1","212","LIED10CTRL/LLN0$Status","1","1","0"
"12752","224.174158680","ipcas_21:73:33","147","1","212","LIED10PROT/LLN0$Alarm","1","",""
"12753","224.174159946","ipcas_21:73:33","204","1","212","LIED10MEAS/LLN0$Measurement","313","314","315"
"12821","225.246530489","ipcas_21:73:33","150","1","213","LIED10CTRL/LLN0$Status","1","1","0"
"12822","225.246536497","ipcas_21:73:33","147","1","213","LIED10PROT/LLN0$Alarm","1","",""
"12823","225.246537183","ipcas_21:73:33","204","1","213","LIED10MEAS/LLN0$Measurement","305","307","312"
"12885","226.294470960","ipcas_21:73:33","150","1","214","LIED10CTRL/LLN0$Status","1","1","0"
"12886","226.294479133","ipcas_21:73:33","147","1","214","LIED10PROT/LLN0$Alarm","1","",""
"12887","226.294480026","ipcas_21:73:33","204","1","214","LIED10MEAS/LLN0$Measurement","311","307","310"
"12944","227.336935922","ipcas_21:73:33","150","1","215","LIED10CTRL/LLN0$Status","1","1","0"
"12945","227.337653502","ipcas_21:73:33","147","1","215","LIED10PROT/LLN0$Alarm","1","",""
"12946","227.337656648","ipcas_21:73:33","204","1","215","LIED10MEAS/LLN0$Measurement","312","308","306"
"13007","228.396826754","ipcas_21:73:33","150","1","216","LIED10CTRL/LLN0$Status","1","1","0"
"13008","228.396833757","ipcas_21:73:33","147","1","216","LIED10PROT/LLN0$Alarm","1","",""
"13009","228.396883569","ipcas_21:73:33","204","1","216","LIED10MEAS/LLN0$Measurement","312","311","311"
"13067","229.469573482","ipcas_21:73:33","150","1","217","LIED10CTRL/LLN0$Status","1","1","0"
"13068","229.469576328","ipcas_21:73:33","147","1","217","LIED10PROT/LLN0$Alarm","1","",""
"13069","229.469577003","ipcas_21:73:33","204","1","217","LIED10MEAS/LLN0$Measurement","311","311","307"
"13129","230.597580634","ipcas_21:73:33","150","1","218","LIED10CTRL/LLN0$Status","1","1","0"
"13130","230.597585654","ipcas_21:73:33","147","1","218","LIED10PROT/LLN0$Alarm","1","",""
"13131","230.597595751","ipcas_21:73:33","204","1","218","LIED10MEAS/LLN0$Measurement","312","313","308"
"13188","231.632578934","ipcas_21:73:33","150","1","219","LIED10CTRL/LLN0$Status","1","1","0"
"13189","231.632585634","ipcas_21:73:33","147","1","219","LIED10PROT/LLN0$Alarm","1","",""
"13190","231.634289695","ipcas_21:73:33","204","1","219","LIED10MEAS/LLN0$Measurement","311","312","315"
"13243","232.687737261","ipcas_21:73:33","150","1","220","LIED10CTRL/LLN0$Status","1","1","0"
"13244","232.687742369","ipcas_21:73:33","147","1","220","LIED10PROT/LLN0$Alarm","1","",""
"13245","232.687743096","ipcas_21:73:33","204","1","220","LIED10MEAS/LLN0$Measurement","311","309","306"
"13300","233.783258224","ipcas_21:73:33","150","1","221","LIED10CTRL/LLN0$Status","1","1","0"
"13301","233.783497561","ipcas_21:73:33","147","1","221","LIED10PROT/LLN0$Alarm","1","",""
"13302","233.783500805","ipcas_21:73:33","204","1","221","LIED10MEAS/LLN0$Measurement","313","312","315"
"13368","234.837437771","ipcas_21:73:33","150","1","222","LIED10CTRL/LLN0$Status","1","1","0"
"13369","234.837438675","ipcas_21:73:33","147","1","222","LIED10PROT/LLN0$Alarm","1","",""
"13370","234.837439352","ipcas_21:73:33","204","1","222","LIED10MEAS/LLN0$Measurement","309","306","314"
"13414","235.885959916","ipcas_21:73:33","150","1","223","LIED10CTRL/LLN0$Status","1","1","0"
"13415","235.885965953","ipcas_21:73:33","147","1","223","LIED10PROT/LLN0$Alarm","1","",""
"13416","235.885966936","ipcas_21:73:33","204","1","223","LIED10MEAS/LLN0$Measurement","310","315","313"
"13469","236.948348196","ipcas_21:73:33","150","1","224","LIED10CTRL/LLN0$Status","1","1","0"
"13470","236.948355998","ipcas_21:73:33","147","1","224","LIED10PROT/LLN0$Alarm","1","",""
"13471","236.948357525","ipcas_21:73:33","204","1","224","LIED10MEAS/LLN0$Measurement","306","310","307"
"13547","238.073968100","ipcas_21:73:33","150","1","225","LIED10CTRL/LLN0$Status","1","1","0"
"13548","238.073970084","ipcas_21:73:33","147","1","225","LIED10PROT/LLN0$Alarm","1","",""
"13549","238.073970603","ipcas_21:73:33","204","1","225","LIED10MEAS/LLN0$Measurement","315","306","310"
"13603","239.114244960","ipcas_21:73:33","150","1","226","LIED10CTRL/LLN0$Status","1","1","0"
"13604","239.114249537","ipcas_21:73:33","147","1","226","LIED10PROT/LLN0$Alarm","1","",""
"13605","239.114250917","ipcas_21:73:33","204","1","226","LIED10MEAS/LLN0$Measurement","308","312","306"
"13659","240.176071990","ipcas_21:73:33","150","1","227","LIED10CTRL/LLN0$Status","1","1","0"
"13660","240.176077469","ipcas_21:73:33","147","1","227","LIED10PROT/LLN0$Alarm","1","",""
"13661","240.176110071","ipcas_21:73:33","204","1","227","LIED10MEAS/LLN0$Measurement","309","305","305"
"13714","241.213948192","ipcas_21:73:33","150","1","228","LIED10CTRL/LLN0$Status","1","1","0"
"13715","241.213952722","ipcas_21:73:33","147","1","228","LIED10PROT/LLN0$Alarm","1","",""
"13716","241.213953768","ipcas_21:73:33","204","1","228","LIED10MEAS/LLN0$Measurement","307","308","306"
"13768","242.246348102","ipcas_21:73:33","150","1","229","LIED10CTRL/LLN0$Status","1","1","0"
"13769","242.246873409","ipcas_21:73:33","147","1","229","LIED10PROT/LLN0$Alarm","1","",""
"13770","242.246878244","ipcas_21:73:33","204","1","229","LIED10MEAS/LLN0$Measurement","309","312","312"
"13823","243.316745139","ipcas_21:73:33","150","1","230","LIED10CTRL/LLN0$Status","1","1","0"
"13824","243.316872191","ipcas_21:73:33","147","1","230","LIED10PROT/LLN0$Alarm","1","",""
"13825","243.316875335","ipcas_21:73:33","204","1","230","LIED10MEAS/LLN0$Measurement","306","311","314"
"13877","244.368913040","ipcas_21:73:33","150","1","231","LIED10CTRL/LLN0$Status","1","1","0"
"13878","244.368917861","ipcas_21:73:33","147","1","231","LIED10PROT/LLN0$Alarm","1","",""
"13879","244.369034496","ipcas_21:73:33","204","1","231","LIED10MEAS/LLN0$Measurement","306","314","310"
"13931","245.422702184","ipcas_21:73:33","150","1","232","LIED10CTRL/LLN0$Status","1","1","0"
"13932","245.422862651","ipcas_21:73:33","147","1","232","LIED10PROT/LLN0$Alarm","1","",""
"13933","245.423111579","ipcas_21:73:33","204","1","232","LIED10MEAS/LLN0$Measurement","306","307","315"
"13980","246.472704381","ipcas_21:73:33","150","1","233","LIED10CTRL/LLN0$Status","1","1","0"
"13981","246.472851768","ipcas_21:73:33","147","1","233","LIED10PROT/LLN0$Alarm","1","",""
"13982","246.472854125","ipcas_21:73:33","204","1","233","LIED10MEAS/LLN0$Measurement","311","315","314"
"14050","247.540325360","ipcas_21:73:33","150","1","234","LIED10CTRL/LLN0$Status","1","1","0"
"14051","247.540370636","ipcas_21:73:33","147","1","234","LIED10PROT/LLN0$Alarm","1","",""
"14052","247.540425027","ipcas_21:73:33","204","1","234","LIED10MEAS/LLN0$Measurement","311","306","307"
"14148","248.633277533","ipcas_21:73:33","150","1","235","LIED10CTRL/LLN0$Status","1","1","0"
"14149","248.633495637","ipcas_21:73:33","147","1","235","LIED10PROT/LLN0$Alarm","1","",""
"14150","248.633569212","ipcas_21:73:33","204","1","235","LIED10MEAS/LLN0$Measurement","312","310","307"
"14260","249.665880361","ipcas_21:73:33","150","1","236","LIED10CTRL/LLN0$Status","1","1","0"
"14261","249.665882905","ipcas_21:73:33","147","1","236","LIED10PROT/LLN0$Alarm","1","",""
"14262","249.665917698","ipcas_21:73:33","204","1","236","LIED10MEAS/LLN0$Measurement","308","309","305"
"14369","250.694882453","ipcas_21:73:33","150","1","237","LIED10CTRL/LLN0$Status","1","1","0"
"14370","250.694888980","ipcas_21:73:33","147","1","237","LIED10PROT/LLN0$Alarm","1","",""
"14371","250.694889877","ipcas_21:73:33","204","1","237","LIED10MEAS/LLN0$Measurement","308","307","314"
"14444","251.747892384","ipcas_21:73:33","150","1","238","LIED10CTRL/LLN0$Status","1","1","0"
"14445","251.747896864","ipcas_21:73:33","147","1","238","LIED10PROT/LLN0$Alarm","1","",""
"14446","251.747898020","ipcas_21:73:33","204","1","238","LIED10MEAS/LLN0$Measurement","305","315","313"
"14506","252.789668862","ipcas_21:73:33","150","1","239","LIED10CTRL/LLN0$Status","1","1","0"
"14507","252.789724851","ipcas_21:73:33","147","1","239","LIED10PROT/LLN0$Alarm","1","",""
"14508","252.789727322","ipcas_21:73:33","204","1","239","LIED10MEAS/LLN0$Measurement","306","313","306"
"14577","253.858336144","ipcas_21:73:33","150","1","240","LIED10CTRL/LLN0$Status","1","1","0"
"14578","253.858340307","ipcas_21:73:33","147","1","240","LIED10PROT/LLN0$Alarm","1","",""
"14579","253.858434867","ipcas_21:73:33","204","1","240","LIED10MEAS/LLN0$Measurement","313","305","306"
"14638","254.915007915","ipcas_21:73:33","150","1","241","LIED10CTRL/LLN0$Status","1","1","0"
"14639","254.915641814","ipcas_21:73:33","147","1","241","LIED10PROT/LLN0$Alarm","1","",""
"14640","254.916440249","ipcas_21:73:33","204","1","241","LIED10MEAS/LLN0$Measurement","308","312","312"
"14695","255.975395844","ipcas_21:73:33","150","1","242","LIED10CTRL/LLN0$Status","1","1","0"
"14696","255.975429565","ipcas_21:73:33","147","1","242","LIED10PROT/LLN0$Alarm","1","",""
"14697","255.975431429","ipcas_21:73:33","204","1","242","LIED10MEAS/LLN0$Measurement","312","310","305"
"14753","257.033511226","ipcas_21:73:33","150","1","243","LIED10CTRL/LLN0$Status","1","1","0"
"14754","257.033516672","ipcas_21:73:33","147","1","243","LIED10PROT/LLN0$Alarm","1","",""
"14755","257.033808844","ipcas_21:73:33","204","1","243","LIED10MEAS/LLN0$Measurement","305","310","306"
"14820","258.077933787","ipcas_21:73:33","150","1","244","LIED10CTRL/LLN0$Status","1","1","0"
"14821","258.077936689","ipcas_21:73:33","147","1","244","LIED10PROT/LLN0$Alarm","1","",""
"14822","258.077937155","ipcas_21:73:33","204","1","244","LIED10MEAS/LLN0$Measurement","313","309","305"
"14880","259.164100918","ipcas_21:73:33","150","1","245","LIED10CTRL/LLN0$Status","1","1","0"
"14881","259.164107981","ipcas_21:73:33","147","1","245","LIED10PROT/LLN0$Alarm","1","",""
"14882","259.164109103","ipcas_21:73:33","204","1","245","LIED10MEAS/LLN0$Measurement","312","311","313"
"14950","260.211837688","ipcas_21:73:33","150","1","246","LIED10CTRL/LLN0$Status","1","1","0"
"14951","260.211845242","ipcas_21:73:33","147","1","246","LIED10PROT/LLN0$Alarm","1","",""
"14952","260.211988604","ipcas_21:73:33","204","1","246","LIED10MEAS/LLN0$Measurement","310","315","313"
"15045","261.249113659","ipcas_21:73:33","150","1","247","LIED10CTRL/LLN0$Status","1","1","0"
"15046","261.249120432","ipcas_21:73:33","147","1","247","LIED10PROT/LLN0$Alarm","1","",""
"15047","261.249121226","ipcas_21:73:33","204","1","247","LIED10MEAS/LLN0$Measurement","305","305","305"
"15148","262.307811413","ipcas_21:73:33","150","1","248","LIED10CTRL/LLN0$Status","1","1","0"
"15149","262.307813710","ipcas_21:73:33","147","1","248","LIED10PROT/LLN0$Alarm","1","",""
"15150","262.307826402","ipcas_21:73:33","204","1","248","LIED10MEAS/LLN0$Measurement","313","308","314"
"15208","263.349165699","ipcas_21:73:33","150","1","249","LIED10CTRL/LLN0$Status","1","1","0"
"15209","263.349169024","ipcas_21:73:33","147","1","249","LIED10PROT/LLN0$Alarm","1","",""
"15210","263.349169638","ipcas_21:73:33","204","1","249","LIED10MEAS/LLN0$Measurement","313","314","313"
"15267","264.413764804","ipcas_21:73:33","150","1","250","LIED10CTRL/LLN0$Status","1","1","0"
"15268","264.413769238","ipcas_21:73:33","147","1","250","LIED10PROT/LLN0$Alarm","1","",""
"15269","264.413918215","ipcas_21:73:33","204","1","250","LIED10MEAS/LLN0$Measurement","310","314","311"
"15353","265.467083202","ipcas_21:73:33","150","1","251","LIED10CTRL/LLN0$Status","1","1","0"
"15354","265.467087843","ipcas_21:73:33","147","1","251","LIED10PROT/LLN0$Alarm","1","",""
"15355","265.467270455","ipcas_21:73:33","204","1","251","LIED10MEAS/LLN0$Measurement","309","307","310"
"15445","266.527894357","ipcas_21:73:33","150","1","252","LIED10CTRL/LLN0$Status","1","1","0"
"15446","266.527900924","ipcas_21:73:33","147","1","252","LIED10PROT/LLN0$Alarm","1","",""
"15447","266.527901733","ipcas_21:73:33","204","1","252","LIED10MEAS/LLN0$Measurement","306","313","307"
"15566","267.585633066","ipcas_21:73:33","150","1","253","LIED10CTRL/LLN0$Status","1","1","0"
"15567","267.585637887","ipcas_21:73:33","147","1","253","LIED10PROT/LLN0$Alarm","1","",""
"15568","267.585639053","ipcas_21:73:33","204","1","253","LIED10MEAS/LLN0$Measurement","313","311","314"
"15649","268.639498641","ipcas_21:73:33","150","1","254","LIED10CTRL/LLN0$Status","1","1","0"
"15650","268.639504985","ipcas_21:73:33","147","1","254","LIED10PROT/LLN0$Alarm","1","",""
"15651","268.639506395","ipcas_21:73:33","204","1","254","LIED10MEAS/LLN0$Measurement","313","308","308"
"15723","269.676073258","ipcas_21:73:33","150","1","255","LIED10CTRL/LLN0$Status","1","1","0"
"15724","269.676078270","ipcas_21:73:33","147","1","255","LIED10PROT/LLN0$Alarm","1","",""
"15725","269.676079182","ipcas_21:73:33","204","1","255","LIED10MEAS/LLN0$Measurement","307","310","307"
"15805","270.736205485","ipcas_21:73:33","150","1","256","LIED10CTRL/LLN0$Status","1","1","0"
"15806","270.736306358","ipcas_21:73:33","147","1","256","LIED10PROT/LLN0$Alarm","1","",""
"15807","270.736308195","ipcas_21:73:33","204","1","256","LIED10MEAS/LLN0$Measurement","310","311","315"
"15865","271.778197677","ipcas_21:73:33","150","1","257","LIED10CTRL/LLN0$Status","1","1","0"
"15866","271.778204102","ipcas_21:73:33","147","1","257","LIED10PROT/LLN0$Alarm","1","",""
"15867","271.778205675","ipcas_21:73:33","204","1","257","LIED10MEAS/LLN0$Measurement","309","306","310"
"15945","272.837466564","ipcas_21:73:33","150","1","258","LIED10CTRL/LLN0$Status","1","1","0"
"15946","272.837471155","ipcas_21:73:33","147","1","258","LIED10PROT/LLN0$Alarm","1","",""
"15947","272.837471715","ipcas_21:73:33","204","1","258","LIED10MEAS/LLN0$Measurement","313","315","314"
"16041","273.879714488","ipcas_21:73:33","150","1","259","LIED10CTRL/LLN0$Status","1","1","0"
"16042","273.879717284","ipcas_21:73:33","147","1","259","LIED10PROT/LLN0$Alarm","1","",""
"16043","273.879717947","ipcas_21:73:33","204","1","259","LIED10MEAS/LLN0$Measurement","314","308","308"
"16180","274.933911550","ipcas_21:73:33","150","1","260","LIED10CTRL/LLN0$Status","1","1","0"
"16181","274.933914745","ipcas_21:73:33","147","1","260","LIED10PROT/LLN0$Alarm","1","",""
"16182","274.933915363","ipcas_21:73:33","204","1","260","LIED10MEAS/LLN0$Measurement","312","307","305"
"16274","275.988393058","ipcas_21:73:33","150","1","261","LIED10CTRL/LLN0$Status","1","1","0"
"16275","275.989063768","ipcas_21:73:33","147","1","261","LIED10PROT/LLN0$Alarm","1","",""
"16276","275.989068643","ipcas_21:73:33","204","1","261","LIED10MEAS/LLN0$Measurement","307","307","311"
"16347","277.064558908","ipcas_21:73:33","150","1","262","LIED10CTRL/LLN0$Status","1","1","0"
"16348","277.064564387","ipcas_21:73:33","147","1","262","LIED10PROT/LLN0$Alarm","1","",""
"16349","277.064565453","ipcas_21:73:33","204","1","262","LIED10MEAS/LLN0$Measurement","307","315","310"
"16428","278.102830595","ipcas_21:73:33","150","1","263","LIED10CTRL/LLN0$Status","1","1","0"
"16429","278.102838506","ipcas_21:73:33","147","1","263","LIED10PROT/LLN0$Alarm","1","",""
"16430","278.102856427","ipcas_21:73:33","204","1","263","LIED10MEAS/LLN0$Measurement","306","314","311"
"16501","279.164257720","ipcas_21:73:33","150","1","264","LIED10CTRL/LLN0$Status","1","1","0"
"16502","279.165056867","ipcas_21:73:33","147","1","264","LIED10PROT/LLN0$Alarm","1","",""
"16503","279.165061337","ipcas_21:73:33","204","1","264","LIED10MEAS/LLN0$Measurement","315","307","311"
"16565","280.209817752","ipcas_21:73:33","150","1","265","LIED10CTRL/LLN0$Status","1","1","0"
"16566","280.209825688","ipcas_21:73:33","147","1","265","LIED10PROT/LLN0$Alarm","1","",""
"16567","280.209826541","ipcas_21:73:33","204","1","265","LIED10MEAS/LLN0$Measurement","312","311","305"
"16630","281.251201213","ipcas_21:73:33","150","1","266","LIED10CTRL/LLN0$Status","1","1","0"
"16631","281.251314065","ipcas_21:73:33","147","1","266","LIED10PROT/LLN0$Alarm","1","",""
"16632","281.251319671","ipcas_21:73:33","204","1","266","LIED10MEAS/LLN0$Measurement","314","306","314"
"16714","282.312890229","ipcas_21:73:33","150","1","267","LIED10CTRL/LLN0$Status","1","1","0"
"16715","282.312893256","ipcas_21:73:33","147","1","267","LIED10PROT/LLN0$Alarm","1","",""
"16716","282.312894004","ipcas_21:73:33","204","1","267","LIED10MEAS/LLN0$Measurement","310","306","309"
"16798","283.367384663","ipcas_21:73:33","150","1","268","LIED10CTRL/LLN0$Status","1","1","0"
"16799","283.367392835","ipcas_21:73:33","147","1","268","LIED10PROT/LLN0$Alarm","1","",""
"16800","283.367393467","ipcas_21:73:33","204","1","268","LIED10MEAS/LLN0$Measurement","312","306","315"
"16892","284.405386374","ipcas_21:73:33","150","1","269","LIED10CTRL/LLN0$Status","1","1","0"
"16893","284.405389008","ipcas_21:73:33","147","1","269","LIED10PROT/LLN0$Alarm","1","",""
"16894","284.405389653","ipcas_21:73:33","204","1","269","LIED10MEAS/LLN0$Measurement","305","309","315"
"16978","285.462146652","ipcas_21:73:33","150","1","270","LIED10CTRL/LLN0$Status","1","1","0"
"16979","285.462151384","ipcas_21:73:33","147","1","270","LIED10PROT/LLN0$Alarm","1","",""
"16980","285.462152145","ipcas_21:73:33","204","1","270","LIED10MEAS/LLN0$Measurement","311","308","306"
"17078","286.534754154","ipcas_21:73:33","150","1","271","LIED10CTRL/LLN0$Status","1","1","0"
"17079","286.534761238","ipcas_21:73:33","147","1","271","LIED10PROT/LLN0$Alarm","1","",""
"17080","286.534892849","ipcas_21:73:33","204","1","271","LIED10MEAS/LLN0$Measurement","308","315","315"
"17155","287.615913642","ipcas_21:73:33","150","1","272","LIED10CTRL/LLN0$Status","1","1","0"
"17156","287.616053607","ipcas_21:73:33","147","1","272","LIED10PROT/LLN0$Alarm","1","",""
"17157","287.616058632","ipcas_21:73:33","204","1","272","LIED10MEAS/LLN0$Measurement","315","311","310"
"17216","288.676302056","ipcas_21:73:33","150","1","273","LIED10CTRL/LLN0$Status","1","1","0"
"17217","288.676311331","ipcas_21:73:33","147","1","273","LIED10PROT/LLN0$Alarm","1","",""
"17218","288.676312661","ipcas_21:73:33","204","1","273","LIED10MEAS/LLN0$Measurement","306","306","308"
"17284","289.735160368","ipcas_21:73:33","150","1","274","LIED10CTRL/LLN0$Status","1","1","0"
"17285","289.735169833","ipcas_21:73:33","147","1","274","LIED10PROT/LLN0$Alarm","1","",""
"17286","289.735171256","ipcas_21:73:33","204","1","274","LIED10MEAS/LLN0$Measurement","312","305","308"
"17345","290.804731049","ipcas_21:73:33","150","1","275","LIED10CTRL/LLN0$Status","1","1","0"
"17346","290.804800792","ipcas_21:73:33","147","1","275","LIED10PROT/LLN0$Alarm","1","",""
"17347","290.804804451","ipcas_21:73:33","204","1","275","LIED10MEAS/LLN0$Measurement","315","308","312"
"17401","291.881155959","ipcas_21:73:33","150","1","276","LIED10CTRL/LLN0$Status","1","1","0"
"17402","291.881162520","ipcas_21:73:33","147","1","276","LIED10PROT/LLN0$Alarm","1","",""
"17403","291.881163760","ipcas_21:73:33","204","1","276","LIED10MEAS/LLN0$Measurement","315","315","310"
"17464","292.936093611","ipcas_21:73:33","150","1","277","LIED10CTRL/LLN0$Status","1","1","0"
"17465","292.936102260","ipcas_21:73:33","147","1","277","LIED10PROT/LLN0$Alarm","1","",""
"17466","292.936245033","ipcas_21:73:33","204","1","277","LIED10MEAS/LLN0$Measurement","314","310","314"
"17572","294.007872052","ipcas_21:73:33","150","1","278","LIED10CTRL/LLN0$Status","1","1","0"
"17573","294.007878143","ipcas_21:73:33","147","1","278","LIED10PROT/LLN0$Alarm","1","",""
"17574","294.007879560","ipcas_21:73:33","204","1","278","LIED10MEAS/LLN0$Measurement","309","305","308"
"17665","295.039980514","ipcas_21:73:33","150","1","279","LIED10CTRL/LLN0$Status","1","1","0"
"17666","295.039983380","ipcas_21:73:33","147","1","279","LIED10PROT/LLN0$Alarm","1","",""
"17667","295.040036175","ipcas_21:73:33","204","1","279","LIED10MEAS/LLN0$Measurement","305","312","314"
"17809","296.072533385","ipcas_21:73:33","150","1","280","LIED10CTRL/LLN0$Status","1","1","0"
"17810","296.072536449","ipcas_21:73:33","147","1","280","LIED10PROT/LLN0$Alarm","1","",""
"17811","296.072537101","ipcas_21:73:33","204","1","280","LIED10MEAS/LLN0$Measurement","313","312","311"
"17923","297.118446953","ipcas_21:73:33","150","1","281","LIED10CTRL/LLN0$Status","1","1","0"
"17924","297.118452496","ipcas_21:73:33","147","1","281","LIED10PROT/LLN0$Alarm","1","",""
"17925","297.118453909","ipcas_21:73:33","204","1","281","LIED10MEAS/LLN0$Measurement","311","311","308"
"18022","298.155801939","ipcas_21:73:33","150","1","282","LIED10CTRL/LLN0$Status","1","1","0"
"18023","298.155804888","ipcas_21:73:33","147","1","282","LIED10PROT/LLN0$Alarm","1","",""
"18024","298.155805695","ipcas_21:73:33","204","1","282","LIED10MEAS/LLN0$Measurement","306","311","309"
"18109","299.182197901","ipcas_21:73:33","150","1","283","LIED10CTRL/LLN0$Status","1","1","0"
"18110","299.182206925","ipcas_21:73:33","147","1","283","LIED10PROT/LLN0$Alarm","1","",""
"18111","299.182208221","ipcas_21:73:33","204","1","283","LIED10MEAS/LLN0$Measurement","306","313","312"
"18198","300.261330913","ipcas_21:73:33","150","1","284","LIED10CTRL/LLN0$Status","1","1","0"
"18199","300.261339984","ipcas_21:73:33","147","1","284","LIED10PROT/LLN0$Alarm","1","",""
"18200","300.261341147","ipcas_21:73:33","204","1","284","LIED10MEAS/LLN0$Measurement","308","309","312"
"18270","301.298864367","ipcas_21:73:33","150","1","285","LIED10CTRL/LLN0$Status","1","1","0"
"18271","301.298869930","ipcas_21:73:33","147","1","285","LIED10PROT/LLN0$Alarm","1","",""
"18272","301.298871447","ipcas_21:73:33","204","1","285","LIED10MEAS/LLN0$Measurement","306","315","307"
"18330","302.346774392","ipcas_21:73:33","150","1","286","LIED10CTRL/LLN0$Status","1","1","0"
"18331","302.346779700","ipcas_21:73:33","147","1","286","LIED10PROT/LLN0$Alarm","1","",""
"18332","302.346780195","ipcas_21:73:33","204","1","286","LIED10MEAS/LLN0$Measurement","311","305","312"
"18402","303.428763011","ipcas_21:73:33","150","1","287","LIED10CTRL/LLN0$Status","1","1","0"
"18403","303.428769005","ipcas_21:73:33","147","1","287","LIED10PROT/LLN0$Alarm","1","",""
"18404","303.428770465","ipcas_21:73:33","204","1","287","LIED10MEAS/LLN0$Measurement","311","309","314"
"18469","304.476700627","ipcas_21:73:33","150","1","288","LIED10CTRL/LLN0$Status","1","1","0"
"18470","304.476707800","ipcas_21:73:33","147","1","288","LIED10PROT/LLN0$Alarm","1","",""
"18471","304.476709197","ipcas_21:73:33","204","1","288","LIED10MEAS/LLN0$Measurement","305","315","311"
"18543","305.538196780","ipcas_21:73:33","150","1","289","LIED10CTRL/LLN0$Status","1","1","0"
"18544","305.538199480","ipcas_21:73:33","147","1","289","LIED10PROT/LLN0$Alarm","1","",""
"18545","305.538200819","ipcas_21:73:33","204","1","289","LIED10MEAS/LLN0$Measurement","311","309","308"
"18607","306.590392504","ipcas_21:73:33","150","1","290","LIED10CTRL/LLN0$Status","1","1","0"
"18608","306.590398294","ipcas_21:73:33","147","1","290","LIED10PROT/LLN0$Alarm","1","",""
"18609","306.590399855","ipcas_21:73:33","204","1","290","LIED10MEAS/LLN0$Measurement","311","307","307"
"18662","307.621267785","ipcas_21:73:33","150","1","291","LIED10CTRL/LLN0$Status","1","1","0"
"18663","307.621276575","ipcas_21:73:33","147","1","291","LIED10PROT/LLN0$Alarm","1","",""
"18664","307.621356208","ipcas_21:73:33","204","1","291","LIED10MEAS/LLN0$Measurement","308","315","313"
"18727","308.700707194","ipcas_21:73:33","150","1","292","LIED10CTRL/LLN0$Status","1","1","0"
"18728","308.700712844","ipcas_21:73:33","147","1","292","LIED10PROT/LLN0$Alarm","1","",""
"18729","308.700752350","ipcas_21:73:33","204","1","292","LIED10MEAS/LLN0$Measurement","305","309","307"
"18782","309.758464824","ipcas_21:73:33","150","1","293","LIED10CTRL/LLN0$Status","1","1","0"
"18783","309.758471743","ipcas_21:73:33","147","1","293","LIED10PROT/LLN0$Alarm","1","",""
"18784","309.758472842","ipcas_21:73:33","204","1","293","LIED10MEAS/LLN0$Measurement","313","315","315"
"18846","310.821605439","ipcas_21:73:33","150","1","294","LIED10CTRL/LLN0$Status","1","1","0"
"18847","310.821607620","ipcas_21:73:33","147","1","294","LIED10PROT/LLN0$Alarm","1","",""
"18848","310.821609238","ipcas_21:73:33","204","1","294","LIED10MEAS/LLN0$Measurement","313","311","314"
"18908","311.880300479","ipcas_21:73:33","150","1","295","LIED10CTRL/LLN0$Status","1","1","0"
"18909","311.880306576","ipcas_21:73:33","147","1","295","LIED10PROT/LLN0$Alarm","1","",""
"18910","311.880308119","ipcas_21:73:33","204","1","295","LIED10MEAS/LLN0$Measurement","310","306","305"
"18965","312.936999387","ipcas_21:73:33","150","1","296","LIED10CTRL/LLN0$Status","1","1","0"
"18966","312.937124499","ipcas_21:73:33","147","1","296","LIED10PROT/LLN0$Alarm","1","",""
"18967","312.937127920","ipcas_21:73:33","204","1","296","LIED10MEAS/LLN0$Measurement","314","314","314"
"19030","313.994078481","ipcas_21:73:33","150","1","297","LIED10CTRL/LLN0$Status","1","1","0"
"19031","313.994085033","ipcas_21:73:33","147","1","297","LIED10PROT/LLN0$Alarm","1","",""
"19032","313.994086182","ipcas_21:73:33","204","1","297","LIED10MEAS/LLN0$Measurement","307","315","309"
"19093","315.047716297","ipcas_21:73:33","150","1","298","LIED10CTRL/LLN0$Status","1","1","0"
"19094","315.047722699","ipcas_21:73:33","147","1","298","LIED10PROT/LLN0$Alarm","1","",""
"19095","315.047723388","ipcas_21:73:33","204","1","298","LIED10MEAS/LLN0$Measurement","305","309","310"
"19185","316.099851094","ipcas_21:73:33","150","1","299","LIED10CTRL/LLN0$Status","1","1","0"
"19186","316.099854076","ipcas_21:73:33","147","1","299","LIED10PROT/LLN0$Alarm","1","",""
"19187","316.099854940","ipcas_21:73:33","204","1","299","LIED10MEAS/LLN0$Measurement","306","311","313"
"19245","317.167249117","ipcas_21:73:33","150","1","300","LIED10CTRL/LLN0$Status","1","1","0"
"19246","317.170387948","ipcas_21:73:33","147","1","300","LIED10PROT/LLN0$Alarm","1","",""
"19247","317.170393585","ipcas_21:73:33","204","1","300","LIED10MEAS/LLN0$Measurement","307","313","311"
"19335","318.218307774","ipcas_21:73:33","150","1","301","LIED10CTRL/LLN0$Status","1","1","0"
"19336","318.218341582","ipcas_21:73:33","147","1","301","LIED10PROT/LLN0$Alarm","1","",""
"19337","318.219108099","ipcas_21:73:33","204","1","301","LIED10MEAS/LLN0$Measurement","305","305","306"
"19428","319.273324919","ipcas_21:73:33","150","1","302","LIED10CTRL/LLN0$Status","1","1","0"
"19429","319.273330358","ipcas_21:73:33","147","1","302","LIED10PROT/LLN0$Alarm","1","",""
"19430","319.273331681","ipcas_21:73:33","204","1","302","LIED10MEAS/LLN0$Measurement","311","313","312"
"19567","320.372518833","ipcas_21:73:33","150","1","303","LIED10CTRL/LLN0$Status","1","1","0"
"19568","320.372523998","ipcas_21:73:33","147","1","303","LIED10PROT/LLN0$Alarm","1","",""
"19569","320.372525589","ipcas_21:73:33","204","1","303","LIED10MEAS/LLN0$Measurement","305","311","312"
"19665","321.424240104","ipcas_21:73:33","150","1","304","LIED10CTRL/LLN0$Status","1","1","0"
"19666","321.424245603","ipcas_21:73:33","147","1","304","LIED10PROT/LLN0$Alarm","1","",""
"19667","321.424247053","ipcas_21:73:33","204","1","304","LIED10MEAS/LLN0$Measurement","309","308","315"
"19744","322.457470179","ipcas_21:73:33","150","1","305","LIED10CTRL/LLN0$Status","1","1","0"
"19745","322.457475608","ipcas_21:73:33","147","1","305","LIED10PROT/LLN0$Alarm","1","",""
"19746","322.457476677","ipcas_21:73:33","204","1","305","LIED10MEAS/LLN0$Measurement","307","311","310"
"19835","323.503616238","ipcas_21:73:33","150","1","306","LIED10CTRL/LLN0$Status","1","1","0"
"19836","323.503623051","ipcas_21:73:33","147","1","306","LIED10PROT/LLN0$Alarm","1","",""
"19837","323.503624427","ipcas_21:73:33","204","1","306","LIED10MEAS/LLN0$Measurement","315","309","314"
"19909","324.569569539","ipcas_21:73:33","150","1","307","LIED10CTRL/LLN0$Status","1","1","0"
"19910","324.570161200","ipcas_21:73:33","147","1","307","LIED10PROT/LLN0$Alarm","1","",""
"19911","324.570166646","ipcas_21:73:33","204","1","307","LIED10MEAS/LLN0$Measurement","309","315","308"
"19971","325.635978422","ipcas_21:73:33","150","1","308","LIED10CTRL/LLN0$Status","1","1","0"
"19972","325.635988299","ipcas_21:73:33","147","1","308","LIED10PROT/LLN0$Alarm","1","",""
"19973","325.636640113","ipcas_21:73:33","204","1","308","LIED10MEAS/LLN0$Measurement","314","312","312"
"20042","326.718956413","ipcas_21:73:33","150","1","309","LIED10CTRL/LLN0$Status","1","1","0"
"20043","326.718960385","ipcas_21:73:33","147","1","309","LIED10PROT/LLN0$Alarm","1","",""
"20044","326.718961167","ipcas_21:73:33","204","1","309","LIED10MEAS/LLN0$Measurement","307","305","313"
"20120","327.786528214","ipcas_21:73:33","150","1","310","LIED10CTRL/LLN0$Status","1","1","0"
"20121","327.786533772","ipcas_21:73:33","147","1","310","LIED10PROT/LLN0$Alarm","1","",""
"20122","327.786534683","ipcas_21:73:33","204","1","310","LIED10MEAS/LLN0$Measurement","311","315","310"
"20218","328.834713613","ipcas_21:73:33","150","1","311","LIED10CTRL/LLN0$Status","1","1","0"
"20219","328.834719172","ipcas_21:73:33","147","1","311","LIED10PROT/LLN0$Alarm","1","",""
"20220","328.834774058","ipcas_21:73:33","204","1","311","LIED10MEAS/LLN0$Measurement","307","305","305"
"20303","329.904205809","ipcas_21:73:33","150","1","312","LIED10CTRL/LLN0$Status","1","1","0"
"20304","329.904214268","ipcas_21:73:33","147","1","312","LIED10PROT/LLN0$Alarm","1","",""
"20305","329.904231638","ipcas_21:73:33","204","1","312","LIED10MEAS/LLN0$Measurement","309","309","305"
"20392","330.977441796","ipcas_21:73:33","150","1","313","LIED10CTRL/LLN0$Status","1","1","0"
"20393","330.977447469","ipcas_21:73:33","147","1","313","LIED10PROT/LLN0$Alarm","1","",""
"20394","330.977448792","ipcas_21:73:33","204","1","313","LIED10MEAS/LLN0$Measurement","306","314","306"
"20484","332.024106187","ipcas_21:73:33","150","1","314","LIED10CTRL/LLN0$Status","1","1","0"
"20485","332.024199053","ipcas_21:73:33","147","1","314","LIED10PROT/LLN0$Alarm","1","",""
"20486","332.025023969","ipcas_21:73:33","204","1","314","LIED10MEAS/LLN0$Measurement","308","312","305"
"20547","333.076562782","ipcas_21:73:33","150","1","315","LIED10CTRL/LLN0$Status","1","1","0"
"20548","333.076566546","ipcas_21:73:33","147","1","315","LIED10PROT/LLN0$Alarm","1","",""
"20549","333.076567186","ipcas_21:73:33","204","1","315","LIED10MEAS/LLN0$Measurement","312","315","311"
"20606","334.116603754","ipcas_21:73:33","150","1","316","LIED10CTRL/LLN0$Status","1","1","0"
"20607","334.116613432","ipcas_21:73:33","147","1","316","LIED10PROT/LLN0$Alarm","1","",""
"20608","334.117609992","ipcas_21:73:33","204","1","316","LIED10MEAS/LLN0$Measurement","305","312","311"
"20672","335.170656809","ipcas_21:73:33","150","1","317","LIED10CTRL/LLN0$Status","1","1","0"
"20673","335.170664991","ipcas_21:73:33","147","1","317","LIED10PROT/LLN0$Alarm","1","",""
"20674","335.172335344","ipcas_21:73:33","204","1","317","LIED10MEAS/LLN0$Measurement","307","315","310"
"20736","336.228729859","ipcas_21:73:33","150","1","318","LIED10CTRL/LLN0$Status","1","1","0"
"20737","336.228738285","ipcas_21:73:33","147","1","318","LIED10PROT/LLN0$Alarm","1","",""
"20738","336.228739578","ipcas_21:73:33","204","1","318","LIED10MEAS/LLN0$Measurement","306","308","314"
"20792","337.257697840","ipcas_21:73:33","150","1","319","LIED10CTRL/LLN0$Status","1","1","0"
"20793","337.257942706","ipcas_21:73:33","147","1","319","LIED10PROT/LLN0$Alarm","1","",""
"20794","337.257948607","ipcas_21:73:33","204","1","319","LIED10MEAS/LLN0$Measurement","311","306","307"
"20856","338.337964283","ipcas_21:73:33","150","1","320","LIED10CTRL/LLN0$Status","1","1","0"
"20857","338.337970749","ipcas_21:73:33","147","1","320","LIED10PROT/LLN0$Alarm","1","",""
"20858","338.337972015","ipcas_21:73:33","204","1","320","LIED10MEAS/LLN0$Measurement","312","311","313"
"20912","339.397834488","ipcas_21:73:33","150","1","321","LIED10CTRL/LLN0$Status","1","1","0"
"20913","339.397843064","ipcas_21:73:33","147","1","321","LIED10PROT/LLN0$Alarm","1","",""
"20914","339.397844037","ipcas_21:73:33","204","1","321","LIED10MEAS/LLN0$Measurement","314","308","313"
"20988","340.435785658","ipcas_21:73:33","150","1","322","LIED10CTRL/LLN0$Status","1","1","0"
"20989","340.435791785","ipcas_21:73:33","147","1","322","LIED10PROT/LLN0$Alarm","1","",""
"20990","340.435792998","ipcas_21:73:33","204","1","322","LIED10MEAS/LLN0$Measurement","313","309","310"
"21044","341.483111715","ipcas_21:73:33","150","1","323","LIED10CTRL/LLN0$Status","1","1","0"
"21045","341.483120405","ipcas_21:73:33","147","1","323","LIED10PROT/LLN0$Alarm","1","",""
"21046","341.483121751","ipcas_21:73:33","204","1","323","LIED10MEAS/LLN0$Measurement","308","308","310"
"21102","342.526887554","ipcas_21:73:33","150","1","324","LIED10CTRL/LLN0$Status","1","1","0"
"21103","342.526945129","ipcas_21:73:33","147","1","324","LIED10PROT/LLN0$Alarm","1","",""
"21104","342.526948461","ipcas_21:73:33","204","1","324","LIED10MEAS/LLN0$Measurement","306","312","307"
"21156","343.620623925","ipcas_21:73:33","150","1","325","LIED10CTRL/LLN0$Status","1","1","0"
"21157","343.620633841","ipcas_21:73:33","147","1","325","LIED10PROT/LLN0$Alarm","1","",""
"21158","343.620635465","ipcas_21:73:33","204","1","325","LIED10MEAS/LLN0$Measurement","306","306","313"
"21211","344.676706712","ipcas_21:73:33","150","1","326","LIED10CTRL/LLN0$Status","1","1","0"
"21212","344.676713896","ipcas_21:73:33","147","1","326","LIED10PROT/LLN0$Alarm","1","",""
"21213","344.676714473","ipcas_21:73:33","204","1","326","LIED10MEAS/LLN0$Measurement","312","309","305"
"21267","345.741288382","ipcas_21:73:33","150","1","327","LIED10CTRL/LLN0$Status","1","1","0"
"21268","345.741294238","ipcas_21:73:33","147","1","327","LIED10PROT/LLN0$Alarm","1","",""
"21269","345.741295468","ipcas_21:73:33","204","1","327","LIED10MEAS/LLN0$Measurement","310","308","312"
"21322","346.809111968","ipcas_21:73:33","150","1","328","LIED10CTRL/LLN0$Status","1","1","0"
"21323","346.809196239","ipcas_21:73:33","147","1","328","LIED10PROT/LLN0$Alarm","1","",""
"21324","346.809315219","ipcas_21:73:33","204","1","328","LIED10MEAS/LLN0$Measurement","315","310","315"
"21378","347.865860618","ipcas_21:73:33","150","1","329","LIED10CTRL/LLN0$Status","1","1","0"
"21379","347.865869392","ipcas_21:73:33","147","1","329","LIED10PROT/LLN0$Alarm","1","",""
"21380","347.865870939","ipcas_21:73:33","204","1","329","LIED10MEAS/LLN0$Measurement","307","308","305"
"21433","348.915865154","ipcas_21:73:33","150","1","330","LIED10CTRL/LLN0$Status","1","1","0"
"21434","348.915870724","ipcas_21:73:33","147","1","330","LIED10PROT/LLN0$Alarm","1","",""
"21435","348.915871977","ipcas_21:73:33","204","1","330","LIED10MEAS/LLN0$Measurement","307","315","314"
"21487","349.973700162","ipcas_21:73:33","150","1","331","LIED10CTRL/LLN0$Status","1","1","0"
"21488","349.973708551","ipcas_21:73:33","147","1","331","LIED10PROT/LLN0$Alarm","1","",""
"21489","349.973806382","ipcas_21:73:33","204","1","331","LIED10MEAS/LLN0$Measurement","312","311","309"
"21548","351.047517869","ipcas_21:73:33","150","1","332","LIED10CTRL/LLN0$Status","1","1","0"
"21549","351.048617252","ipcas_21:73:33","147","1","332","LIED10PROT/LLN0$Alarm","1","",""
"21550","351.048708435","ipcas_21:73:33","204","1","332","LIED10MEAS/LLN0$Measurement","310","305","312"
"21603","352.119030788","ipcas_21:73:33","150","1","333","LIED10CTRL/LLN0$Status","1","1","0"
"21604","352.119037025","ipcas_21:73:33","147","1","333","LIED10PROT/LLN0$Alarm","1","",""
"21605","352.119913686","ipcas_21:73:33","204","1","333","LIED10MEAS/LLN0$Measurement","312","305","315"
"21656","353.181955623","ipcas_21:73:33","150","1","334","LIED10CTRL/LLN0$Status","1","1","0"
"21657","353.182118200","ipcas_21:73:33","147","1","334","LIED10PROT/LLN0$Alarm","1","",""
"21658","353.182683430","ipcas_21:73:33","204","1","334","LIED10MEAS/LLN0$Measurement","305","305","308"
"21711","354.259908514","ipcas_21:73:33","150","1","335","LIED10CTRL/LLN0$Status","1","1","0"
"21712","354.259916529","ipcas_21:73:33","147","1","335","LIED10PROT/LLN0$Alarm","1","",""
"21713","354.259917868","ipcas_21:73:33","204","1","335","LIED10MEAS/LLN0$Measurement","314","309","309"
"21766","355.306640570","ipcas_21:73:33","150","1","336","LIED10CTRL/LLN0$Status","1","1","0"
"21767","355.306649411","ipcas_21:73:33","147","1","336","LIED10PROT/LLN0$Alarm","1","",""
"21768","355.307341351","ipcas_21:73:33","204","1","336","LIED10MEAS/LLN0$Measurement","315","315","314"
"21820","356.375303057","ipcas_21:73:33","150","1","337","LIED10CTRL/LLN0$Status","1","1","0"
"21821","356.375313171","ipcas_21:73:33","147","1","337","LIED10PROT/LLN0$Alarm","1","",""
"21822","356.375587086","ipcas_21:73:33","204","1","337","LIED10MEAS/LLN0$Measurement","305","315","308"
"21876","357.446901392","ipcas_21:73:33","150","1","338","LIED10CTRL/LLN0$Status","1","1","0"
"21877","357.446910723","ipcas_21:73:33","147","1","338","LIED10PROT/LLN0$Alarm","1","",""
"21878","357.446912113","ipcas_21:73:33","204","1","338","LIED10MEAS/LLN0$Measurement","309","307","315"
"21939","358.511423466","ipcas_21:73:33","150","1","339","LIED10CTRL/LLN0$Status","1","1","0"
"21940","358.514912423","ipcas_21:73:33","147","1","339","LIED10PROT/LLN0$Alarm","1","",""
"21941","358.514920064","ipcas_21:73:33","204","1","339","LIED10MEAS/LLN0$Measurement","311","314","305"
"21999","359.584561892","ipcas_21:73:33","150","1","340","LIED10CTRL/LLN0$Status","1","1","0"
"22000","359.584568240","ipcas_21:73:33","147","1","340","LIED10PROT/LLN0$Alarm","1","",""
"22001","359.584569563","ipcas_21:73:33","204","1","340","LIED10MEAS/LLN0$Measurement","308","305","305"
"22087","360.657785799","ipcas_21:73:33","150","1","341","LIED10CTRL/LLN0$Status","1","1","0"
"22088","360.657788730","ipcas_21:73:33","147","1","341","LIED10PROT/LLN0$Alarm","1","",""
"22089","360.658814723","ipcas_21:73:33","204","1","341","LIED10MEAS/LLN0$Measurement","309","312","314"
"22159","361.750161989","ipcas_21:73:33","150","1","342","LIED10CTRL/LLN0$Status","1","1","0"
"22160","361.750164377","ipcas_21:73:33","147","1","342","LIED10PROT/LLN0$Alarm","1","",""
"22161","361.750495321","ipcas_21:73:33","204","1","342","LIED10MEAS/LLN0$Measurement","308","311","314"
"22228","362.831723406","ipcas_21:73:33","150","1","343","LIED10CTRL/LLN0$Status","1","1","0"
"22229","362.831728752","ipcas_21:73:33","147","1","343","LIED10PROT/LLN0$Alarm","1","",""
"22230","362.831730045","ipcas_21:73:33","204","1","343","LIED10MEAS/LLN0$Measurement","308","310","305"
"22311","363.912146093","ipcas_21:73:33","150","1","344","LIED10CTRL/LLN0$Status","1","1","0"
"22312","363.912147726","ipcas_21:73:33","147","1","344","LIED10PROT/LLN0$Alarm","1","",""
"22313","363.912149216","ipcas_21:73:33","204","1","344","LIED10MEAS/LLN0$Measurement","311","310","306"
"22394","364.959835498","ipcas_21:73:33","150","1","345","LIED10CTRL/LLN0$Status","1","1","0"
"22395","364.959843069","ipcas_21:73:33","147","1","345","LIED10PROT/LLN0$Alarm","1","",""
"22396","364.959845164","ipcas_21:73:33","204","1","345","LIED10MEAS/LLN0$Measurement","307","309","311"
"22545","366.033974710","ipcas_21:73:33","150","1","346","LIED10CTRL/LLN0$Status","1","1","0"
"22546","366.033979567","ipcas_21:73:33","147","1","346","LIED10PROT/LLN0$Alarm","1","",""
"22547","366.033980830","ipcas_21:73:33","204","1","346","LIED10MEAS/LLN0$Measurement","309","306","311"
"22651","367.100941837","ipcas_21:73:33","150","1","347","LIED10CTRL/LLN0$Status","1","1","0"
"22654","367.100949748","ipcas_21:73:33","147","1","347","LIED10PROT/LLN0$Alarm","1","",""
"22656","367.100974499","ipcas_21:73:33","204","1","347","LIED10MEAS/LLN0$Measurement","315","311","305"
"22744","368.151980022","ipcas_21:73:33","150","1","348","LIED10CTRL/LLN0$Status","1","1","0"
"22745","368.151985972","ipcas_21:73:33","147","1","348","LIED10PROT/LLN0$Alarm","1","",""
"22746","368.151987325","ipcas_21:73:33","204","1","348","LIED10MEAS/LLN0$Measurement","306","305","315"
"22813","369.202738724","ipcas_21:73:33","150","1","349","LIED10CTRL/LLN0$Status","1","1","0"
"22814","369.204529732","ipcas_21:73:33","147","1","349","LIED10PROT/LLN0$Alarm","1","",""
"22815","369.204533535","ipcas_21:73:33","204","1","349","LIED10MEAS/LLN0$Measurement","313","310","306"
"22887","370.263086884","ipcas_21:73:33","150","1","350","LIED10CTRL/LLN0$Status","1","1","0"
"22888","370.263092410","ipcas_21:73:33","147","1","350","LIED10PROT/LLN0$Alarm","1","",""
"22889","370.264214721","ipcas_21:73:33","204","1","350","LIED10MEAS/LLN0$Measurement","312","306","310"
"22953","371.347076050","ipcas_21:73:33","150","1","351","LIED10CTRL/LLN0$Status","1","1","0"
"22954","371.347076450","ipcas_21:73:33","147","1","351","LIED10PROT/LLN0$Alarm","1","",""
"22955","371.347207271","ipcas_21:73:33","204","1","351","LIED10MEAS/LLN0$Measurement","312","311","305"
"23027","372.408564063","ipcas_21:73:33","150","1","352","LIED10CTRL/LLN0$Status","1","1","0"
"23028","372.408564581","ipcas_21:73:33","147","1","352","LIED10PROT/LLN0$Alarm","1","",""
"23029","372.408565085","ipcas_21:73:33","204","1","352","LIED10MEAS/LLN0$Measurement","308","311","311"
"23094","373.439255643","ipcas_21:73:33","150","1","353","LIED10CTRL/LLN0$Status","1","1","0"
"23096","373.464927830","ipcas_21:73:33","147","1","353","LIED10PROT/LLN0$Alarm","1","",""
"23097","373.464937776","ipcas_21:73:33","204","1","353","LIED10MEAS/LLN0$Measurement","305","313","305"
"23212","374.522596632","ipcas_21:73:33","150","1","354","LIED10CTRL/LLN0$Status","1","1","0"
"23213","374.522604256","ipcas_21:73:33","147","1","354","LIED10PROT/LLN0$Alarm","1","",""
"23214","374.522604884","ipcas_21:73:33","204","1","354","LIED10MEAS/LLN0$Measurement","311","308","315"
"23305","375.578446155","ipcas_21:73:33","150","1","355","LIED10CTRL/LLN0$Status","1","1","0"
"23306","375.578490965","ipcas_21:73:33","147","1","355","LIED10PROT/LLN0$Alarm","1","",""
"23307","375.579152525","ipcas_21:73:33","204","1","355","LIED10MEAS/LLN0$Measurement","313","309","312"
"23392","376.622331366","ipcas_21:73:33","150","1","356","LIED10CTRL/LLN0$Status","1","1","0"
"23393","376.622337109","ipcas_21:73:33","147","1","356","LIED10PROT/LLN0$Alarm","1","",""
"23394","376.622338398","ipcas_21:73:33","204","1","356","LIED10MEAS/LLN0$Measurement","312","310","312"
"23462","377.734647208","ipcas_21:73:33","150","1","357","LIED10CTRL/LLN0$Status","1","1","0"
"23463","377.734780251","ipcas_21:73:33","147","1","357","LIED10PROT/LLN0$Alarm","1","",""
"23464","377.734805168","ipcas_21:73:33","204","1","357","LIED10MEAS/LLN0$Measurement","313","311","306"
"23534","378.787734122","ipcas_21:73:33","150","1","358","LIED10CTRL/LLN0$Status","1","1","0"
"23535","378.787734720","ipcas_21:73:33","147","1","358","LIED10PROT/LLN0$Alarm","1","",""
"23536","378.787735340","ipcas_21:73:33","204","1","358","LIED10MEAS/LLN0$Measurement","314","312","306"
"23599","379.809375595","ipcas_21:73:33","150","1","359","LIED10CTRL/LLN0$Status","1","1","0"
"23600","379.810063960","ipcas_21:73:33","147","1","359","LIED10PROT/LLN0$Alarm","1","",""
"23601","379.810069279","ipcas_21:73:33","204","1","359","LIED10MEAS/LLN0$Measurement","310","312","309"
"23653","380.860825008","ipcas_21:73:33","150","1","360","LIED10CTRL/LLN0$Status","1","1","0"
"23654","380.860830517","ipcas_21:73:33","147","1","360","LIED10PROT/LLN0$Alarm","1","",""
"23655","380.860831817","ipcas_21:73:33","204","1","360","LIED10MEAS/LLN0$Measurement","307","315","312"
"23706","381.922621514","ipcas_21:73:33","150","1","361","LIED10CTRL/LLN0$Status","1","1","0"
"23707","381.922746468","ipcas_21:73:33","147","1","361","LIED10PROT/LLN0$Alarm","1","",""
"23708","381.922889661","ipcas_21:73:33","204","1","361","LIED10MEAS/LLN0$Measurement","308","308","305"
"23764","382.954035332","ipcas_21:73:33","150","1","362","LIED10CTRL/LLN0$Status","1","1","0"
"23765","382.954150203","ipcas_21:73:33","147","1","362","LIED10PROT/LLN0$Alarm","1","",""
"23766","382.954284565","ipcas_21:73:33","204","1","362","LIED10MEAS/LLN0$Measurement","308","306","313"
"23812","383.988199083","ipcas_21:73:33","150","1","363","LIED10CTRL/LLN0$Status","1","1","0"
"23813","383.988208000","ipcas_21:73:33","147","1","363","LIED10PROT/LLN0$Alarm","1","",""
"23814","383.988417611","ipcas_21:73:33","204","1","363","LIED10MEAS/LLN0$Measurement","315","314","314"
"23879","385.139775382","ipcas_21:73:33","150","1","364","LIED10CTRL/LLN0$Status","1","1","0"
"23880","385.139878979","ipcas_21:73:33","147","1","364","LIED10PROT/LLN0$Alarm","1","",""
"23881","385.139956435","ipcas_21:73:33","204","1","364","LIED10MEAS/LLN0$Measurement","307","308","309"
"23924","386.149697890","ipcas_21:73:33","150","1","365","LIED10CTRL/LLN0$Status","1","1","0"
"23925","386.149707388","ipcas_21:73:33","147","1","365","LIED10PROT/LLN0$Alarm","1","",""
"23926","386.149708898","ipcas_21:73:33","204","1","365","LIED10MEAS/LLN0$Measurement","309","311","313"
"23978","387.221423393","ipcas_21:73:33","150","1","366","LIED10CTRL/LLN0$Status","1","1","0"
"23979","387.221432851","ipcas_21:73:33","147","1","366","LIED10PROT/LLN0$Alarm","1","",""
"23980","387.226439761","ipcas_21:73:33","204","1","366","LIED10MEAS/LLN0$Measurement","312","313","308"
"24032","388.291197652","ipcas_21:73:33","150","1","367","LIED10CTRL/LLN0$Status","1","1","0"
"24033","388.291204241","ipcas_21:73:33","147","1","367","LIED10PROT/LLN0$Alarm","1","",""
"24034","388.291205427","ipcas_21:73:33","204","1","367","LIED10MEAS/LLN0$Measurement","315","313","314"
"24089","389.324569704","ipcas_21:73:33","150","1","368","LIED10CTRL/LLN0$Status","1","1","0"
"24090","389.324579002","ipcas_21:73:33","147","1","368","LIED10PROT/LLN0$Alarm","1","",""
"24091","389.324580595","ipcas_21:73:33","204","1","368","LIED10MEAS/LLN0$Measurement","308","312","306"
"24146","390.389278119","ipcas_21:73:33","150","1","369","LIED10CTRL/LLN0$Status","1","1","0"
"24147","390.390907887","ipcas_21:73:33","147","1","369","LIED10PROT/LLN0$Alarm","1","",""
"24148","390.390913630","ipcas_21:73:33","204","1","369","LIED10MEAS/LLN0$Measurement","313","314","310"
"24205","391.460142580","ipcas_21:73:33","150","1","370","LIED10CTRL/LLN0$Status","1","1","0"
"24206","391.460148921","ipcas_21:73:33","147","1","370","LIED10PROT/LLN0$Alarm","1","",""
"24207","391.460302802","ipcas_21:73:33","204","1","370","LIED10MEAS/LLN0$Measurement","315","308","311"
"24263","392.553879214","ipcas_21:73:33","150","1","371","LIED10CTRL/LLN0$Status","1","1","0"
"24264","392.553882239","ipcas_21:73:33","147","1","371","LIED10PROT/LLN0$Alarm","1","",""
"24265","392.553882928","ipcas_21:73:33","204","1","371","LIED10MEAS/LLN0$Measurement","305","310","310"
"24313","393.619553956","ipcas_21:73:33","150","1","372","LIED10CTRL/LLN0$Status","1","1","0"
"24314","393.619556982","ipcas_21:73:33","147","1","372","LIED10PROT/LLN0$Alarm","1","",""
"24315","393.619557873","ipcas_21:73:33","204","1","372","LIED10MEAS/LLN0$Measurement","315","310","306"
"24365","394.631222413","ipcas_21:73:33","150","1","373","LIED10CTRL/LLN0$Status","1","1","0"
"24366","394.631374576","ipcas_21:73:33","147","1","373","LIED10PROT/LLN0$Alarm","1","",""
"24367","394.631378655","ipcas_21:73:33","204","1","373","LIED10MEAS/LLN0$Measurement","311","310","308"
"24436","395.718510185","ipcas_21:73:33","150","1","374","LIED10CTRL/LLN0$Status","1","1","0"
"24437","395.718515427","ipcas_21:73:33","147","1","374","LIED10PROT/LLN0$Alarm","1","",""
"24438","395.718516703","ipcas_21:73:33","204","1","374","LIED10MEAS/LLN0$Measurement","311","313","307"
"24496","396.798341382","ipcas_21:73:33","150","1","375","LIED10CTRL/LLN0$Status","1","1","0"
"24497","396.798343103","ipcas_21:73:33","147","1","375","LIED10PROT/LLN0$Alarm","1","",""
"24498","396.798445784","ipcas_21:73:33","204","1","375","LIED10MEAS/LLN0$Measurement","305","314","305"
"24540","397.838244919","ipcas_21:73:33","150","1","376","LIED10CTRL/LLN0$Status","1","1","0"
"24541","397.838250666","ipcas_21:73:33","147","1","376","LIED10PROT/LLN0$Alarm","1","",""
"24542","397.838252062","ipcas_21:73:33","204","1","376","LIED10MEAS/LLN0$Measurement","313","306","312"
"24596","398.913777583","ipcas_21:73:33","150","1","377","LIED10CTRL/LLN0$Status","1","1","0"
"24597","398.913786177","ipcas_21:73:33","147","1","377","LIED10PROT/LLN0$Alarm","1","",""
"24598","398.913786920","ipcas_21:73:33","204","1","377","LIED10MEAS/LLN0$Measurement","309","315","306"
"24675","399.990963045","ipcas_21:73:33","150","1","378","LIED10CTRL/LLN0$Status","1","1","0"
"24676","399.990968300","ipcas_21:73:33","147","1","378","LIED10PROT/LLN0$Alarm","1","",""
"24677","399.991171360","ipcas_21:73:33","204","1","378","LIED10MEAS/LLN0$Measurement","308","310","311"
"24729","401.039521300","ipcas_21:73:33","150","1","379","LIED10CTRL/LLN0$Status","1","1","0"
"24730","401.039526686","ipcas_21:73:33","147","1","379","LIED10PROT/LLN0$Alarm","1","",""
"24731","401.040573388","ipcas_21:73:33","204","1","379","LIED10MEAS/LLN0$Measurement","313","305","308"
"24782","402.090921039","ipcas_21:73:33","150","1","380","LIED10CTRL/LLN0$Status","1","1","0"
"24783","402.090926862","ipcas_21:73:33","147","1","380","LIED10PROT/LLN0$Alarm","1","",""
"24784","402.090928015","ipcas_21:73:33","204","1","380","LIED10MEAS/LLN0$Measurement","306","315","311"
"24836","403.125400328","ipcas_21:73:33","150","1","381","LIED10CTRL/LLN0$Status","1","1","0"
"24838","403.125402657","ipcas_21:73:33","147","1","381","LIED10PROT/LLN0$Alarm","1","",""
"24839","403.125403873","ipcas_21:73:33","204","1","381","LIED10MEAS/LLN0$Measurement","310","314","306"
"24902","404.194803939","ipcas_21:73:33","150","1","382","LIED10CTRL/LLN0$Status","1","1","0"
"24903","404.194892414","ipcas_21:73:33","147","1","382","LIED10PROT/LLN0$Alarm","1","",""
"24904","404.194944764","ipcas_21:73:33","204","1","382","LIED10MEAS/LLN0$Measurement","315","306","308"
"24976","405.226691081","ipcas_21:73:33","150","1","383","LIED10CTRL/LLN0$Status","1","1","0"
"24977","405.226697215","ipcas_21:73:33","147","1","383","LIED10PROT/LLN0$Alarm","1","",""
"24978","405.227194826","ipcas_21:73:33","204","1","383","LIED10MEAS/LLN0$Measurement","308","306","308"
"25048","406.290025144","ipcas_21:73:33","150","1","384","LIED10CTRL/LLN0$Status","1","1","0"
"25049","406.290033507","ipcas_21:73:33","147","1","384","LIED10PROT/LLN0$Alarm","1","",""
"25050","406.290034843","ipcas_21:73:33","204","1","384","LIED10MEAS/LLN0$Measurement","305","311","310"
"25095","407.340235427","ipcas_21:73:33","150","1","385","LIED10CTRL/LLN0$Status","1","1","0"
"25096","407.340914938","ipcas_21:73:33","147","1","385","LIED10PROT/LLN0$Alarm","1","",""
"25097","407.340920441","ipcas_21:73:33","204","1","385","LIED10MEAS/LLN0$Measurement","305","310","312"
"25150","408.441294390","ipcas_21:73:33","150","1","386","LIED10CTRL/LLN0$Status","1","1","0"
"25151","408.441301422","ipcas_21:73:33","147","1","386","LIED10PROT/LLN0$Alarm","1","",""
"25152","408.441301903","ipcas_21:73:33","204","1","386","LIED10MEAS/LLN0$Measurement","312","306","312"
"25237","409.514955443","ipcas_21:73:33","150","1","387","LIED10CTRL/LLN0$Status","1","1","0"
"25238","409.514956031","ipcas_21:73:33","147","1","387","LIED10PROT/LLN0$Alarm","1","",""
"25239","409.514956881","ipcas_21:73:33","204","1","387","LIED10MEAS/LLN0$Measurement","313","310","313"
"25347","410.553674518","ipcas_21:73:33","150","1","388","LIED10CTRL/LLN0$Status","1","1","0"
"25348","410.553694833","ipcas_21:73:33","147","1","388","LIED10PROT/LLN0$Alarm","1","",""
"25349","410.553695849","ipcas_21:73:33","204","1","388","LIED10MEAS/LLN0$Measurement","312","312","311"
"25477","411.617826223","ipcas_21:73:33","150","1","389","LIED10CTRL/LLN0$Status","1","1","0"
"25478","411.626499594","ipcas_21:73:33","147","1","389","LIED10PROT/LLN0$Alarm","1","",""
"25479","411.626601772","ipcas_21:73:33","204","1","389","LIED10MEAS/LLN0$Measurement","306","311","307"
"25596","412.726293264","ipcas_21:73:33","150","1","390","LIED10CTRL/LLN0$Status","1","1","0"
"25597","412.726294423","ipcas_21:73:33","147","1","390","LIED10PROT/LLN0$Alarm","1","",""
"25598","412.726295973","ipcas_21:73:33","204","1","390","LIED10MEAS/LLN0$Measurement","311","312","305"
"25686","413.778817537","ipcas_21:73:33","150","1","391","LIED10CTRL/LLN0$Status","1","1","0"
"25687","413.778819341","ipcas_21:73:33","147","1","391","LIED10PROT/LLN0$Alarm","1","",""
"25688","413.778820988","ipcas_21:73:33","204","1","391","LIED10MEAS/LLN0$Measurement","314","313","309"
"25746","414.849384531","ipcas_21:73:33","150","1","392","LIED10CTRL/LLN0$Status","1","1","0"
"25747","414.849389951","ipcas_21:73:33","147","1","392","LIED10PROT/LLN0$Alarm","1","",""
"25748","414.849390501","ipcas_21:73:33","204","1","392","LIED10MEAS/LLN0$Measurement","312","313","314"
"25818","415.878426977","ipcas_21:73:33","150","1","393","LIED10CTRL/LLN0$Status","1","1","0"
"25819","415.878435624","ipcas_21:73:33","147","1","393","LIED10PROT/LLN0$Alarm","1","",""
"25820","415.878437167","ipcas_21:73:33","204","1","393","LIED10MEAS/LLN0$Measurement","315","315","308"
"25887","416.948338982","ipcas_21:73:33","150","1","394","LIED10CTRL/LLN0$Status","1","1","0"
"25888","416.948348193","ipcas_21:73:33","147","1","394","LIED10PROT/LLN0$Alarm","1","",""
"25889","416.948349546","ipcas_21:73:33","204","1","394","LIED10MEAS/LLN0$Measurement","305","308","313"
"25967","418.029832031","ipcas_21:73:33","150","1","395","LIED10CTRL/LLN0$Status","1","1","0"
"25968","418.029838259","ipcas_21:73:33","147","1","395","LIED10PROT/LLN0$Alarm","1","",""
"25969","418.029839799","ipcas_21:73:33","204","1","395","LIED10MEAS/LLN0$Measurement","310","312","307"
"26059","419.093379909","ipcas_21:73:33","150","1","396","LIED10CTRL/LLN0$Status","1","1","0"
"26060","419.093386254","ipcas_21:73:33","147","1","396","LIED10PROT/LLN0$Alarm","1","",""
"26061","419.093388693","ipcas_21:73:33","204","1","396","LIED10MEAS/LLN0$Measurement","307","315","307"
"26155","420.145600594","ipcas_21:73:33","150","1","397","LIED10CTRL/LLN0$Status","1","1","0"
"26156","420.145612394","ipcas_21:73:33","147","1","397","LIED10PROT/LLN0$Alarm","1","",""
"26157","420.148526805","ipcas_21:73:33","204","1","397","LIED10MEAS/LLN0$Measurement","312","315","314"
"26264","421.246230122","ipcas_21:73:33","150","1","398","LIED10CTRL/LLN0$Status","1","1","0"
"26265","421.246237399","ipcas_21:73:33","147","1","398","LIED10PROT/LLN0$Alarm","1","",""
"26266","421.246239584","ipcas_21:73:33","204","1","398","LIED10MEAS/LLN0$Measurement","306","311","314"
"26338","422.317258026","ipcas_21:73:33","150","1","399","LIED10CTRL/LLN0$Status","1","1","0"
"26339","422.317259679","ipcas_21:73:33","147","1","399","LIED10PROT/LLN0$Alarm","1","",""
"26340","422.317261641","ipcas_21:73:33","204","1","399","LIED10MEAS/LLN0$Measurement","312","310","314"
"26392","423.352496639","ipcas_21:73:33","150","1","400","LIED10CTRL/LLN0$Status","1","1","0"
"26393","423.352503341","ipcas_21:73:33","147","1","400","LIED10PROT/LLN0$Alarm","1","",""
"26394","423.352504988","ipcas_21:73:33","204","1","400","LIED10MEAS/LLN0$Measurement","306","307","308"
"26456","424.432370848","ipcas_21:73:33","150","1","401","LIED10CTRL/LLN0$Status","1","1","0"
"26457","424.432377991","ipcas_21:73:33","147","1","401","LIED10PROT/LLN0$Alarm","1","",""
"26458","424.432379435","ipcas_21:73:33","204","1","401","LIED10MEAS/LLN0$Measurement","309","310","305"
"26516","425.488557738","ipcas_21:73:33","150","1","402","LIED10CTRL/LLN0$Status","1","1","0"
"26517","425.488700509","ipcas_21:73:33","147","1","402","LIED10PROT/LLN0$Alarm","1","",""
"26518","425.488821524","ipcas_21:73:33","204","1","402","LIED10MEAS/LLN0$Measurement","311","311","311"
"26575","426.552048695","ipcas_21:73:33","150","1","403","LIED10CTRL/LLN0$Status","1","1","0"
"26576","426.552223198","ipcas_21:73:33","147","1","403","LIED10PROT/LLN0$Alarm","1","",""
"26577","426.552297490","ipcas_21:73:33","204","1","403","LIED10MEAS/LLN0$Measurement","311","305","305"
"26636","427.600570313","ipcas_21:73:33","150","1","404","LIED10CTRL/LLN0$Status","1","1","0"
"26637","427.600578575","ipcas_21:73:33","147","1","404","LIED10PROT/LLN0$Alarm","1","",""
"26638","427.600732247","ipcas_21:73:33","204","1","404","LIED10MEAS/LLN0$Measurement","314","313","311"
"26696","428.649758068","ipcas_21:73:33","150","1","405","LIED10CTRL/LLN0$Status","1","1","0"
"26697","428.649939358","ipcas_21:73:33","147","1","405","LIED10PROT/LLN0$Alarm","1","",""
"26698","428.649942889","ipcas_21:73:33","204","1","405","LIED10MEAS/LLN0$Measurement","314","310","305"
"26754","429.737483964","ipcas_21:73:33","150","1","406","LIED10CTRL/LLN0$Status","1","1","0"
"26755","429.737492240","ipcas_21:73:33","147","1","406","LIED10PROT/LLN0$Alarm","1","",""
"26756","429.737493673","ipcas_21:73:33","204","1","406","LIED10MEAS/LLN0$Measurement","313","306","313"
"26818","430.784907875","ipcas_21:73:33","150","1","407","LIED10CTRL/LLN0$Status","1","1","0"
"26819","430.784913505","ipcas_21:73:33","147","1","407","LIED10PROT/LLN0$Alarm","1","",""
"26820","430.784915082","ipcas_21:73:33","204","1","407","LIED10MEAS/LLN0$Measurement","305","311","305"
"26864","431.839601881","ipcas_21:73:33","150","1","408","LIED10CTRL/LLN0$Status","1","1","0"
"26865","431.839806879","ipcas_21:73:33","147","1","408","LIED10PROT/LLN0$Alarm","1","",""
"26866","431.839952867","ipcas_21:73:33","204","1","408","LIED10MEAS/LLN0$Measurement","313","314","312"
"26942","432.940746899","ipcas_21:73:33","150","1","409","LIED10CTRL/LLN0$Status","1","1","0"
"26943","432.940870847","ipcas_21:73:33","147","1","409","LIED10PROT/LLN0$Alarm","1","",""
"26944","432.940988528","ipcas_21:73:33","204","1","409","LIED10MEAS/LLN0$Measurement","310","310","315"
"26997","433.994732066","ipcas_21:73:33","150","1","410","LIED10CTRL/LLN0$Status","1","1","0"
"26998","433.994738478","ipcas_21:73:33","147","1","410","LIED10PROT/LLN0$Alarm","1","",""
"26999","433.994740696","ipcas_21:73:33","204","1","410","LIED10MEAS/LLN0$Measurement","307","308","313"
"27053","435.036744763","ipcas_21:73:33","150","1","411","LIED10CTRL/LLN0$Status","1","1","0"
"27054","435.036760918","ipcas_21:73:33","147","1","411","LIED10PROT/LLN0$Alarm","1","",""
"27055","435.036762028","ipcas_21:73:33","204","1","411","LIED10MEAS/LLN0$Measurement","312","313","308"
"27109","436.087803725","ipcas_21:73:33","150","1","412","LIED10CTRL/LLN0$Status","1","1","0"
"27110","436.087806382","ipcas_21:73:33","147","1","412","LIED10PROT/LLN0$Alarm","1","",""
"27111","436.087885077","ipcas_21:73:33","204","1","412","LIED10MEAS/LLN0$Measurement","305","310","308"
"27157","437.135657857","ipcas_21:73:33","150","1","413","LIED10CTRL/LLN0$Status","1","1","0"
"27158","437.135660747","ipcas_21:73:33","147","1","413","LIED10PROT/LLN0$Alarm","1","",""
"27159","437.135661491","ipcas_21:73:33","204","1","413","LIED10MEAS/LLN0$Measurement","307","314","312"
"27198","438.172834086","ipcas_21:73:33","150","1","414","LIED10CTRL/LLN0$Status","1","1","0"
"27199","438.173628939","ipcas_21:73:33","147","1","414","LIED10PROT/LLN0$Alarm","1","",""
"27200","438.173634502","ipcas_21:73:33","204","1","414","LIED10MEAS/LLN0$Measurement","314","314","311"
"27259","439.777708077","ipcas_21:73:33","150","1","415","LIED10CTRL/LLN0$Status","1","1","0"
"27260","439.777708482","ipcas_21:73:33","147","1","415","LIED10PROT/LLN0$Alarm","1","",""
"27261","439.777709312","ipcas_21:73:33","204","1","415","LIED10MEAS/LLN0$Measurement","307","314","311"
"27309","440.300332096","ipcas_21:73:33","150","1","416","LIED10CTRL/LLN0$Status","1","1","0"
"27310","440.300339139","ipcas_21:73:33","147","1","416","LIED10PROT/LLN0$Alarm","1","",""
"27311","440.300390073","ipcas_21:73:33","204","1","416","LIED10MEAS/LLN0$Measurement","313","311","307"
"27364","441.475913979","ipcas_21:73:33","150","1","417","LIED10CTRL/LLN0$Status","1","1","0"
"27365","441.475920078","ipcas_21:73:33","147","1","417","LIED10PROT/LLN0$Alarm","1","",""
"27366","441.475920738","ipcas_21:73:33","204","1","417","LIED10MEAS/LLN0$Measurement","315","313","310"
"27443","442.456152238","ipcas_21:73:33","150","1","418","LIED10CTRL/LLN0$Status","1","1","0"
"27444","442.456152827","ipcas_21:73:33","147","1","418","LIED10PROT/LLN0$Alarm","1","",""
"27445","442.456153224","ipcas_21:73:33","204","1","418","LIED10MEAS/LLN0$Measurement","314","305","308"
"27497","443.495803662","ipcas_21:73:33","150","1","419","LIED10CTRL/LLN0$Status","1","1","0"
"27498","443.495804196","ipcas_21:73:33","147","1","419","LIED10PROT/LLN0$Alarm","1","",""
"27499","443.495848643","ipcas_21:73:33","204","1","419","LIED10MEAS/LLN0$Measurement","310","312","311"
"27544","444.577077446","ipcas_21:73:33","150","1","420","LIED10CTRL/LLN0$Status","1","1","0"
"27545","444.577084528","ipcas_21:73:33","147","1","420","LIED10PROT/LLN0$Alarm","1","",""
"27546","444.577085645","ipcas_21:73:33","204","1","420","LIED10MEAS/LLN0$Measurement","315","307","309"
"27588","445.582748655","ipcas_21:73:33","150","1","421","LIED10CTRL/LLN0$Status","1","1","0"
"27589","445.582757873","ipcas_21:73:33","147","1","421","LIED10PROT/LLN0$Alarm","1","",""
"27590","445.582759457","ipcas_21:73:33","204","1","421","LIED10MEAS/LLN0$Measurement","312","307","307"
"27653","446.680133904","ipcas_21:73:33","150","1","422","LIED10CTRL/LLN0$Status","1","1","0"
"27654","446.680139484","ipcas_21:73:33","147","1","422","LIED10PROT/LLN0$Alarm","1","",""
"27655","446.680140727","ipcas_21:73:33","204","1","422","LIED10MEAS/LLN0$Measurement","305","306","310"
"27704","447.723515478","ipcas_21:73:33","150","1","423","LIED10CTRL/LLN0$Status","1","1","0"
"27705","447.723518181","ipcas_21:73:33","147","1","423","LIED10PROT/LLN0$Alarm","1","",""
"27706","447.723518685","ipcas_21:73:33","204","1","423","LIED10MEAS/LLN0$Measurement","307","311","306"
"27753","448.766589902","ipcas_21:73:33","150","1","424","LIED10CTRL/LLN0$Status","1","1","0"
"27754","448.766803556","ipcas_21:73:33","147","1","424","LIED10PROT/LLN0$Alarm","1","",""
"27755","448.766807302","ipcas_21:73:33","204","1","424","LIED10MEAS/LLN0$Measurement","307","315","312"
"27810","449.831021146","ipcas_21:73:33","150","1","425","LIED10CTRL/LLN0$Status","1","1","0"
"27811","449.831030711","ipcas_21:73:33","147","1","425","LIED10PROT/LLN0$Alarm","1","",""
"27812","449.831032071","ipcas_21:73:33","204","1","425","LIED10MEAS/LLN0$Measurement","308","305","313"
"27869","450.900248742","ipcas_21:73:33","150","1","426","LIED10CTRL/LLN0$Status","1","1","0"
"27870","450.900255534","ipcas_21:73:33","147","1","426","LIED10PROT/LLN0$Alarm","1","",""
"27871","450.900413681","ipcas_21:73:33","204","1","426","LIED10MEAS/LLN0$Measurement","315","308","307"
"27922","451.972755546","ipcas_21:73:33","150","1","427","LIED10CTRL/LLN0$Status","1","1","0"
"27923","451.973413516","ipcas_21:73:33","147","1","427","LIED10PROT/LLN0$Alarm","1","",""
"27924","451.973417855","ipcas_21:73:33","204","1","427","LIED10MEAS/LLN0$Measurement","314","314","313"
"27978","453.010226033","ipcas_21:73:33","150","1","428","LIED10CTRL/LLN0$Status","1","1","0"
"27979","453.010234029","ipcas_21:73:33","147","1","428","LIED10PROT/LLN0$Alarm","1","",""
"27980","453.010234822","ipcas_21:73:33","204","1","428","LIED10MEAS/LLN0$Measurement","306","311","305"
"28036","454.101337596","ipcas_21:73:33","150","1","429","LIED10CTRL/LLN0$Status","1","1","0"
"28037","454.101345932","ipcas_21:73:33","147","1","429","LIED10PROT/LLN0$Alarm","1","",""
"28038","454.102020398","ipcas_21:73:33","204","1","429","LIED10MEAS/LLN0$Measurement","307","308","315"
"28091","455.111887449","ipcas_21:73:33","150","1","430","LIED10CTRL/LLN0$Status","1","1","0"
"28092","455.111896182","ipcas_21:73:33","147","1","430","LIED10PROT/LLN0$Alarm","1","",""
"28093","455.111897528","ipcas_21:73:33","204","1","430","LIED10MEAS/LLN0$Measurement","310","309","308"
"28161","456.167442447","ipcas_21:73:33","150","1","431","LIED10CTRL/LLN0$Status","1","1","0"
"28162","456.167578973","ipcas_21:73:33","147","1","431","LIED10PROT/LLN0$Alarm","1","",""
"28163","456.167584977","ipcas_21:73:33","204","1","431","LIED10MEAS/LLN0$Measurement","314","308","315"
"28218","457.229301780","ipcas_21:73:33","150","1","432","LIED10CTRL/LLN0$Status","1","1","0"
"28219","457.229509481","ipcas_21:73:33","147","1","432","LIED10PROT/LLN0$Alarm","1","",""
"28220","457.229953077","ipcas_21:73:33","204","1","432","LIED10MEAS/LLN0$Measurement","315","310","313"
"28271","458.300973180","ipcas_21:73:33","150","1","433","LIED10CTRL/LLN0$Status","1","1","0"
"28272","458.300981211","ipcas_21:73:33","147","1","433","LIED10PROT/LLN0$Alarm","1","",""
"28273","458.300981951","ipcas_21:73:33","204","1","433","LIED10MEAS/LLN0$Measurement","309","312","308"
"28340","459.399914131","ipcas_21:73:33","150","1","434","LIED10CTRL/LLN0$Status","1","1","0"
"28341","459.399919520","ipcas_21:73:33","147","1","434","LIED10PROT/LLN0$Alarm","1","",""
"28342","459.399920917","ipcas_21:73:33","204","1","434","LIED10MEAS/LLN0$Measurement","314","311","309"
"28392","460.451378076","ipcas_21:73:33","150","1","435","LIED10CTRL/LLN0$Status","1","1","0"
"28393","460.451382930","ipcas_21:73:33","147","1","435","LIED10PROT/LLN0$Alarm","1","",""
"28394","460.451384003","ipcas_21:73:33","204","1","435","LIED10MEAS/LLN0$Measurement","306","315","314"
"28436","461.488325631","ipcas_21:73:33","150","1","436","LIED10CTRL/LLN0$Status","1","1","0"
"28437","461.488376437","ipcas_21:73:33","147","1","436","LIED10PROT/LLN0$Alarm","1","",""
"28438","461.488379942","ipcas_21:73:33","204","1","436","LIED10MEAS/LLN0$Measurement","308","305","311"
"28491","462.529519686","ipcas_21:73:33","150","1","437","LIED10CTRL/LLN0$Status","1","1","0"
"28492","462.529526823","ipcas_21:73:33","147","1","437","LIED10PROT/LLN0$Alarm","1","",""
"28493","462.530916740","ipcas_21:73:33","204","1","437","LIED10MEAS/LLN0$Measurement","306","310","306"
"28552","463.590863720","ipcas_21:73:33","150","1","438","LIED10CTRL/LLN0$Status","1","1","0"
"28553","463.590865334","ipcas_21:73:33","147","1","438","LIED10PROT/LLN0$Alarm","1","",""
"28554","463.590866647","ipcas_21:73:33","204","1","438","LIED10MEAS/LLN0$Measurement","306","309","315"
"28607","464.659582588","ipcas_21:73:33","150","1","439","LIED10CTRL/LLN0$Status","1","1","0"
"28608","464.659590773","ipcas_21:73:33","147","1","439","LIED10PROT/LLN0$Alarm","1","",""
"28609","464.660318675","ipcas_21:73:33","204","1","439","LIED10MEAS/LLN0$Measurement","307","310","315"
"28663","465.755926026","ipcas_21:73:33","150","1","440","LIED10CTRL/LLN0$Status","1","1","0"
"28664","465.756002656","ipcas_21:73:33","147","1","440","LIED10PROT/LLN0$Alarm","1","",""
"28665","465.756004624","ipcas_21:73:33","204","1","440","LIED10MEAS/LLN0$Measurement","312","310","311"
"28713","466.782419754","ipcas_21:73:33","150","1","441","LIED10CTRL/LLN0$Status","1","1","0"
"28714","466.782428631","ipcas_21:73:33","147","1","441","LIED10PROT/LLN0$Alarm","1","",""
"28715","466.782429967","ipcas_21:73:33","204","1","441","LIED10MEAS/LLN0$Measurement","306","305","313"
"28769","467.853608400","ipcas_21:73:33","150","1","442","LIED10CTRL/LLN0$Status","1","1","0"
"28771","467.853614060","ipcas_21:73:33","147","1","442","LIED10PROT/LLN0$Alarm","1","",""
"28772","467.853615249","ipcas_21:73:33","204","1","442","LIED10MEAS/LLN0$Measurement","306","305","314"
"28825","468.895476355","ipcas_21:73:33","150","1","443","LIED10CTRL/LLN0$Status","1","1","0"
"28843","468.947983568","ipcas_21:73:33","147","1","443","LIED10PROT/LLN0$Alarm","1","",""
"28844","468.947988313","ipcas_21:73:33","204","1","443","LIED10MEAS/LLN0$Measurement","309","307","310"
"28895","470.418731474","ipcas_21:73:33","150","1","444","LIED10CTRL/LLN0$Status","1","1","0"
"28896","470.418737902","ipcas_21:73:33","147","1","444","LIED10PROT/LLN0$Alarm","1","",""
"28897","470.418739138","ipcas_21:73:33","204","1","444","LIED10MEAS/LLN0$Measurement","313","312","311"
"28948","471.583190990","ipcas_21:73:33","150","1","445","LIED10CTRL/LLN0$Status","1","1","0"
"28949","471.583196889","ipcas_21:73:33","147","1","445","LIED10PROT/LLN0$Alarm","1","",""
"28950","471.583197764","ipcas_21:73:33","204","1","445","LIED10MEAS/LLN0$Measurement","314","311","311"
"29024","473.191739792","ipcas_21:73:33","150","1","446","LIED10CTRL/LLN0$Status","1","1","0"
"29025","473.191742822","ipcas_21:73:33","147","1","446","LIED10PROT/LLN0$Alarm","1","",""
"29026","473.191849538","ipcas_21:73:33","204","1","446","LIED10MEAS/LLN0$Measurement","311","315","305"
"29077","474.301777562","ipcas_21:73:33","150","1","447","LIED10CTRL/LLN0$Status","1","1","0"
"29078","474.301782837","ipcas_21:73:33","147","1","447","LIED10PROT/LLN0$Alarm","1","",""
"29079","474.301784270","ipcas_21:73:33","204","1","447","LIED10MEAS/LLN0$Measurement","312","308","313"
"29130","475.334558030","ipcas_21:73:33","150","1","448","LIED10CTRL/LLN0$Status","1","1","0"
"29131","475.334562560","ipcas_21:73:33","147","1","448","LIED10PROT/LLN0$Alarm","1","",""
"29132","475.334563679","ipcas_21:73:33","204","1","448","LIED10MEAS/LLN0$Measurement","314","310","314"
"29183","476.367718151","ipcas_21:73:33","150","1","449","LIED10CTRL/LLN0$Status","1","1","0"
"29184","476.367723039","ipcas_21:73:33","147","1","449","LIED10PROT/LLN0$Alarm","1","",""
"29185","476.367937909","ipcas_21:73:33","204","1","449","LIED10MEAS/LLN0$Measurement","313","308","314"
"29236","477.401608805","ipcas_21:73:33","150","1","450","LIED10CTRL/LLN0$Status","1","1","0"
"29237","477.401613946","ipcas_21:73:33","147","1","450","LIED10PROT/LLN0$Alarm","1","",""
"29238","477.401614946","ipcas_21:73:33","204","1","450","LIED10MEAS/LLN0$Measurement","307","315","307"
"29289","478.438817954","ipcas_21:73:33","150","1","451","LIED10CTRL/LLN0$Status","1","1","0"
"29290","478.438822180","ipcas_21:73:33","147","1","451","LIED10PROT/LLN0$Alarm","1","",""
"29291","478.438823480","ipcas_21:73:33","204","1","451","LIED10MEAS/LLN0$Measurement","305","307","306"
"29342","479.492117009","ipcas_21:73:33","150","1","452","LIED10CTRL/LLN0$Status","1","1","0"
"29343","479.492119110","ipcas_21:73:33","147","1","452","LIED10PROT/LLN0$Alarm","1","",""
"29344","479.492119701","ipcas_21:73:33","204","1","452","LIED10MEAS/LLN0$Measurement","306","311","312"
"29395","480.546852448","ipcas_21:73:33","150","1","453","LIED10CTRL/LLN0$Status","1","1","0"
"29396","480.546856669","ipcas_21:73:33","147","1","453","LIED10PROT/LLN0$Alarm","1","",""
"29397","480.546857383","ipcas_21:73:33","204","1","453","LIED10MEAS/LLN0$Measurement","315","311","315"
"29448","481.599929062","ipcas_21:73:33","150","1","454","LIED10CTRL/LLN0$Status","1","1","0"
"29449","481.600095294","ipcas_21:73:33","147","1","454","LIED10PROT/LLN0$Alarm","1","",""
"29450","481.600098605","ipcas_21:73:33","204","1","454","LIED10MEAS/LLN0$Measurement","315","305","310"
"29501","482.635148685","ipcas_21:73:33","150","1","455","LIED10CTRL/LLN0$Status","1","1","0"
"29502","482.635152514","ipcas_21:73:33","147","1","455","LIED10PROT/LLN0$Alarm","1","",""
"29503","482.635477043","ipcas_21:73:33","204","1","455","LIED10MEAS/LLN0$Measurement","305","314","310"
"29554","483.688451233","ipcas_21:73:33","150","1","456","LIED10CTRL/LLN0$Status","1","1","0"
"29555","483.689886471","ipcas_21:73:33","147","1","456","LIED10PROT/LLN0$Alarm","1","",""
"29556","483.689890841","ipcas_21:73:33","204","1","456","LIED10MEAS/LLN0$Measurement","307","314","311"
"29607","484.730248379","ipcas_21:73:33","150","1","457","LIED10CTRL/LLN0$Status","1","1","0"
"29608","484.731534911","ipcas_21:73:33","147","1","457","LIED10PROT/LLN0$Alarm","1","",""
"29609","484.731554233","ipcas_21:73:33","204","1","457","LIED10MEAS/LLN0$Measurement","313","307","308"
"29660","485.754184820","ipcas_21:73:33","150","1","458","LIED10CTRL/LLN0$Status","1","1","0"
"29661","485.754737835","ipcas_21:73:33","147","1","458","LIED10PROT/LLN0$Alarm","1","",""
"29662","485.754742830","ipcas_21:73:33","204","1","458","LIED10MEAS/LLN0$Measurement","306","313","311"
"29713","486.776678831","ipcas_21:73:33","150","1","459","LIED10CTRL/LLN0$Status","1","1","0"
"29714","486.776683615","ipcas_21:73:33","147","1","459","LIED10PROT/LLN0$Alarm","1","",""
"29715","486.776684948","ipcas_21:73:33","204","1","459","LIED10MEAS/LLN0$Measurement","308","305","306"
"29755","487.833229999","ipcas_21:73:33","150","1","460","LIED10CTRL/LLN0$Status","1","1","0"
"29756","487.833230539","ipcas_21:73:33","147","1","460","LIED10PROT/LLN0$Alarm","1","",""
"29757","487.833231084","ipcas_21:73:33","204","1","460","LIED10MEAS/LLN0$Measurement","315","313","307"
"29796","488.828824109","ipcas_21:73:33","150","1","461","LIED10CTRL/LLN0$Status","1","1","0"
"29797","488.828831128","ipcas_21:73:33","147","1","461","LIED10PROT/LLN0$Alarm","1","",""
"29798","488.828832445","ipcas_21:73:33","204","1","461","LIED10MEAS/LLN0$Measurement","310","306","310"
"29849","489.854712532","ipcas_21:73:33","150","1","462","LIED10CTRL/LLN0$Status","1","1","0"
"29850","489.854718887","ipcas_21:73:33","147","1","462","LIED10PROT/LLN0$Alarm","1","",""
"29851","489.855373147","ipcas_21:73:33","204","1","462","LIED10MEAS/LLN0$Measurement","312","305","310"
"29902","490.912210308","ipcas_21:73:33","150","1","463","LIED10CTRL/LLN0$Status","1","1","0"
"29903","490.912217992","ipcas_21:73:33","147","1","463","LIED10PROT/LLN0$Alarm","1","",""
"29904","490.912218914","ipcas_21:73:33","204","1","463","LIED10MEAS/LLN0$Measurement","308","314","315"
"29955","491.942547492","ipcas_21:73:33","150","1","464","LIED10CTRL/LLN0$Status","1","1","0"
"29956","491.942555343","ipcas_21:73:33","147","1","464","LIED10PROT/LLN0$Alarm","1","",""
"29957","491.942556646","ipcas_21:73:33","204","1","464","LIED10MEAS/LLN0$Measurement","306","307","305"
"30008","492.957392939","ipcas_21:73:33","150","1","465","LIED10CTRL/LLN0$Status","1","1","0"
"30009","492.957400019","ipcas_21:73:33","147","1","465","LIED10PROT/LLN0$Alarm","1","",""
"30010","492.957401275","ipcas_21:73:33","204","1","465","LIED10MEAS/LLN0$Measurement","312","311","310"
"30061","493.998436247","ipcas_21:73:33","150","1","466","LIED10CTRL/LLN0$Status","1","1","0"
"30062","493.998493977","ipcas_21:73:33","147","1","466","LIED10PROT/LLN0$Alarm","1","",""
"30063","493.998495546","ipcas_21:73:33","204","1","466","LIED10MEAS/LLN0$Measurement","306","314","315"
"30114","495.031687148","ipcas_21:73:33","150","1","467","LIED10CTRL/LLN0$Status","1","1","0"
"30115","495.031752482","ipcas_21:73:33","147","1","467","LIED10PROT/LLN0$Alarm","1","",""
"30116","495.031837865","ipcas_21:73:33","204","1","467","LIED10MEAS/LLN0$Measurement","314","309","308"
"30167","496.067318277","ipcas_21:73:33","150","1","468","LIED10CTRL/LLN0$Status","1","1","0"
"30168","496.067328654","ipcas_21:73:33","147","1","468","LIED10PROT/LLN0$Alarm","1","",""
"30169","496.068505368","ipcas_21:73:33","204","1","468","LIED10MEAS/LLN0$Measurement","308","314","306"
"30220","497.129432431","ipcas_21:73:33","150","1","469","LIED10CTRL/LLN0$Status","1","1","0"
"30221","497.129440527","ipcas_21:73:33","147","1","469","LIED10PROT/LLN0$Alarm","1","",""
"30222","497.129487498","ipcas_21:73:33","204","1","469","LIED10MEAS/LLN0$Measurement","306","313","308"
"30273","498.141601047","ipcas_21:73:33","150","1","470","LIED10CTRL/LLN0$Status","1","1","0"
"30274","498.141608264","ipcas_21:73:33","147","1","470","LIED10PROT/LLN0$Alarm","1","",""
"30275","498.141609643","ipcas_21:73:33","204","1","470","LIED10MEAS/LLN0$Measurement","305","306","310"
"30326","499.201555730","ipcas_21:73:33","150","1","471","LIED10CTRL/LLN0$Status","1","1","0"
"30327","499.201681099","ipcas_21:73:33","147","1","471","LIED10PROT/LLN0$Alarm","1","",""
"30328","499.201686241","ipcas_21:73:33","204","1","471","LIED10MEAS/LLN0$Measurement","305","311","313"
"30379","500.241911441","ipcas_21:73:33","150","1","472","LIED10CTRL/LLN0$Status","1","1","0"
"30380","500.241918043","ipcas_21:73:33","147","1","472","LIED10PROT/LLN0$Alarm","1","",""
"30381","500.241919269","ipcas_21:73:33","204","1","472","LIED10MEAS/LLN0$Measurement","305","311","313"
"30432","501.267688048","ipcas_21:73:33","150","1","473","LIED10CTRL/LLN0$Status","1","1","0"
"30433","501.267774238","ipcas_21:73:33","147","1","473","LIED10PROT/LLN0$Alarm","1","",""
"30434","501.267850416","ipcas_21:73:33","204","1","473","LIED10MEAS/LLN0$Measurement","315","306","312"
"30485","502.286109857","ipcas_21:73:33","150","1","474","LIED10CTRL/LLN0$Status","1","1","0"
"30486","502.286117451","ipcas_21:73:33","147","1","474","LIED10PROT/LLN0$Alarm","1","",""
"30487","502.286118978","ipcas_21:73:33","204","1","474","LIED10MEAS/LLN0$Measurement","315","305","307"
"30538","503.314248983","ipcas_21:73:33","150","1","475","LIED10CTRL/LLN0$Status","1","1","0"
"30539","503.314255672","ipcas_21:73:33","147","1","475","LIED10PROT/LLN0$Alarm","1","",""
"30540","503.314256677","ipcas_21:73:33","204","1","475","LIED10MEAS/LLN0$Measurement","305","305","311"
"30591","504.358533845","ipcas_21:73:33","150","1","476","LIED10CTRL/LLN0$Status","1","1","0"
"30592","504.359646632","ipcas_21:73:33","147","1","476","LIED10PROT/LLN0$Alarm","1","",""
"30593","504.359677503","ipcas_21:73:33","204","1","476","LIED10MEAS/LLN0$Measurement","306","315","315"
"30644","505.398916196","ipcas_21:73:33","150","1","477","LIED10CTRL/LLN0$Status","1","1","0"
"30645","505.398923994","ipcas_21:73:33","147","1","477","LIED10PROT/LLN0$Alarm","1","",""
"30646","505.398925340","ipcas_21:73:33","204","1","477","LIED10MEAS/LLN0$Measurement","309","308","308"
"30697","506.432292774","ipcas_21:73:33","150","1","478","LIED10CTRL/LLN0$Status","1","1","0"
"30698","506.432371559","ipcas_21:73:33","147","1","478","LIED10PROT/LLN0$Alarm","1","",""
"30699","506.432398491","ipcas_21:73:33","204","1","478","LIED10MEAS/LLN0$Measurement","312","307","313"
"30750","507.476892015","ipcas_21:73:33","150","1","479","LIED10CTRL/LLN0$Status","1","1","0"
"30751","507.476898684","ipcas_21:73:33","147","1","479","LIED10PROT/LLN0$Alarm","1","",""
"30752","507.476899683","ipcas_21:73:33","204","1","479","LIED10MEAS/LLN0$Measurement","310","315","306"
"30803","508.518420510","ipcas_21:73:33","150","1","480","LIED10CTRL/LLN0$Status","1","1","0"
"30804","508.518427479","ipcas_21:73:33","147","1","480","LIED10PROT/LLN0$Alarm","1","",""
"30805","508.518428880","ipcas_21:73:33","204","1","480","LIED10MEAS/LLN0$Measurement","305","307","306"
"30856","509.549684510","ipcas_21:73:33","150","1","481","LIED10CTRL/LLN0$Status","1","1","0"
"30857","509.549693684","ipcas_21:73:33","147","1","481","LIED10PROT/LLN0$Alarm","1","",""
"30858","509.549695713","ipcas_21:73:33","204","1","481","LIED10MEAS/LLN0$Measurement","305","311","313"
"30909","510.587906340","ipcas_21:73:33","150","1","482","LIED10CTRL/LLN0$Status","1","1","0"
"30910","510.587913175","ipcas_21:73:33","147","1","482","LIED10PROT/LLN0$Alarm","1","",""
"30911","510.587914676","ipcas_21:73:33","204","1","482","LIED10MEAS/LLN0$Measurement","308","309","311"
"30962","511.623134462","ipcas_21:73:33","150","1","483","LIED10CTRL/LLN0$Status","1","1","0"
"30963","511.623265032","ipcas_21:73:33","147","1","483","LIED10PROT/LLN0$Alarm","1","",""
"30964","511.623268213","ipcas_21:73:33","204","1","483","LIED10MEAS/LLN0$Measurement","311","309","307"
"31015","512.661270649","ipcas_21:73:33","150","1","484","LIED10CTRL/LLN0$Status","1","1","0"
"31016","512.661277318","ipcas_21:73:33","147","1","484","LIED10PROT/LLN0$Alarm","1","",""
"31017","512.662159077","ipcas_21:73:33","204","1","484","LIED10MEAS/LLN0$Measurement","309","305","311"
"31068","513.718843639","ipcas_21:73:33","150","1","485","LIED10CTRL/LLN0$Status","1","1","0"
"31069","513.718851450","ipcas_21:73:33","147","1","485","LIED10PROT/LLN0$Alarm","1","",""
"31070","513.718852790","ipcas_21:73:33","204","1","485","LIED10MEAS/LLN0$Measurement","305","312","309"
"31121","514.760023154","ipcas_21:73:33","150","1","486","LIED10CTRL/LLN0$Status","1","1","0"
"31122","514.760030280","ipcas_21:73:33","147","1","486","LIED10PROT/LLN0$Alarm","1","",""
"31123","514.760030971","ipcas_21:73:33","204","1","486","LIED10MEAS/LLN0$Measurement","311","306","305"
"31174","515.789162971","ipcas_21:73:33","150","1","487","LIED10CTRL/LLN0$Status","1","1","0"
"31175","515.789169152","ipcas_21:73:33","147","1","487","LIED10PROT/LLN0$Alarm","1","",""
"31176","515.789170448","ipcas_21:73:33","204","1","487","LIED10MEAS/LLN0$Measurement","311","306","315"
"31227","516.827893827","ipcas_21:73:33","150","1","488","LIED10CTRL/LLN0$Status","1","1","0"
"31228","516.827900305","ipcas_21:73:33","147","1","488","LIED10PROT/LLN0$Alarm","1","",""
"31229","516.827901761","ipcas_21:73:33","204","1","488","LIED10MEAS/LLN0$Measurement","311","308","314"
"31280","517.886999730","ipcas_21:73:33","150","1","489","LIED10CTRL/LLN0$Status","1","1","0"
"31281","517.887006663","ipcas_21:73:33","147","1","489","LIED10PROT/LLN0$Alarm","1","",""
"31282","517.887007696","ipcas_21:73:33","204","1","489","LIED10MEAS/LLN0$Measurement","308","310","314"
"31333","518.973223895","ipcas_21:73:33","150","1","490","LIED10CTRL/LLN0$Status","1","1","0"
"31334","518.973252291","ipcas_21:73:33","147","1","490","LIED10PROT/LLN0$Alarm","1","",""
"31335","518.973253817","ipcas_21:73:33","204","1","490","LIED10MEAS/LLN0$Measurement","313","309","311"
"31386","520.003915275","ipcas_21:73:33","150","1","491","LIED10CTRL/LLN0$Status","1","1","0"
"31387","520.003921157","ipcas_21:73:33","147","1","491","LIED10PROT/LLN0$Alarm","1","",""
"31388","520.003921749","ipcas_21:73:33","204","1","491","LIED10MEAS/LLN0$Measurement","313","312","315"
"31439","521.034064584","ipcas_21:73:33","150","1","492","LIED10CTRL/LLN0$Status","1","1","0"
"31440","521.034070955","ipcas_21:73:33","147","1","492","LIED10PROT/LLN0$Alarm","1","",""
"31441","521.034072118","ipcas_21:73:33","204","1","492","LIED10MEAS/LLN0$Measurement","309","312","307"
"31492","522.082415730","ipcas_21:73:33","150","1","493","LIED10CTRL/LLN0$Status","1","1","0"
"31493","522.082420848","ipcas_21:73:33","147","1","493","LIED10PROT/LLN0$Alarm","1","",""
"31494","522.082421629","ipcas_21:73:33","204","1","493","LIED10MEAS/LLN0$Measurement","308","305","311"
"31568","523.626901334","ipcas_21:73:33","150","1","494","LIED10CTRL/LLN0$Status","1","1","0"
"31569","523.626908273","ipcas_21:73:33","147","1","494","LIED10PROT/LLN0$Alarm","1","",""
"31570","523.626909553","ipcas_21:73:33","204","1","494","LIED10MEAS/LLN0$Measurement","310","307","311"
"31621","524.742670560","ipcas_21:73:33","150","1","495","LIED10CTRL/LLN0$Status","1","1","0"
"31622","524.742676601","ipcas_21:73:33","147","1","495","LIED10PROT/LLN0$Alarm","1","",""
"31623","524.742677449","ipcas_21:73:33","204","1","495","LIED10MEAS/LLN0$Measurement","309","310","309"
"31674","525.766999483","ipcas_21:73:33","150","1","496","LIED10CTRL/LLN0$Status","1","1","0"
"31675","525.767007645","ipcas_21:73:33","147","1","496","LIED10PROT/LLN0$Alarm","1","",""
"31676","525.767008631","ipcas_21:73:33","204","1","496","LIED10MEAS/LLN0$Measurement","315","311","308"
"31727","526.797794755","ipcas_21:73:33","150","1","497","LIED10CTRL/LLN0$Status","1","1","0"
"31728","526.797802807","ipcas_21:73:33","147","1","497","LIED10PROT/LLN0$Alarm","1","",""
"31729","526.797804170","ipcas_21:73:33","204","1","497","LIED10MEAS/LLN0$Measurement","315","308","313"
"31780","527.836193542","ipcas_21:73:33","150","1","498","LIED10CTRL/LLN0$Status","1","1","0"
"31781","527.836199139","ipcas_21:73:33","147","1","498","LIED10PROT/LLN0$Alarm","1","",""
"31782","527.838170037","ipcas_21:73:33","204","1","498","LIED10MEAS/LLN0$Measurement","310","315","312"
"31833","528.875637326","ipcas_21:73:33","150","1","499","LIED10CTRL/LLN0$Status","1","1","0"
"31834","528.875645190","ipcas_21:73:33","147","1","499","LIED10PROT/LLN0$Alarm","1","",""
"31835","528.875646249","ipcas_21:73:33","204","1","499","LIED10MEAS/LLN0$Measurement","313","312","305"
"31886","529.912261370","ipcas_21:73:33","150","1","500","LIED10CTRL/LLN0$Status","1","1","0"
"31887","529.912269506","ipcas_21:73:33","147","1","500","LIED10PROT/LLN0$Alarm","1","",""
"31888","529.912270916","ipcas_21:73:33","204","1","500","LIED10MEAS/LLN0$Measurement","311","314","315"
"31939","530.944943539","ipcas_21:73:33","150","1","501","LIED10CTRL/LLN0$Status","1","1","0"
"31940","530.944950428","ipcas_21:73:33","147","1","501","LIED10PROT/LLN0$Alarm","1","",""
"31941","530.944951420","ipcas_21:73:33","204","1","501","LIED10MEAS/LLN0$Measurement","306","308","312"
"31992","531.987674858","ipcas_21:73:33","150","1","502","LIED10CTRL/LLN0$Status","1","1","0"
"31993","531.987682295","ipcas_21:73:33","147","1","502","LIED10PROT/LLN0$Alarm","1","",""
"31994","531.987683525","ipcas_21:73:33","204","1","502","LIED10MEAS/LLN0$Measurement","312","313","313"
"32045","533.024894284","ipcas_21:73:33","150","1","503","LIED10CTRL/LLN0$Status","1","1","0"
"32046","533.024901664","ipcas_21:73:33","147","1","503","LIED10PROT/LLN0$Alarm","1","",""
"32047","533.024902703","ipcas_21:73:33","204","1","503","LIED10MEAS/LLN0$Measurement","314","308","315"
"32098","534.054828686","ipcas_21:73:33","150","1","504","LIED10CTRL/LLN0$Status","1","1","0"
"32099","534.054945925","ipcas_21:73:33","147","1","504","LIED10PROT/LLN0$Alarm","1","",""
"32100","534.054980006","ipcas_21:73:33","204","1","504","LIED10MEAS/LLN0$Measurement","307","315","315"
"32151","535.101541022","ipcas_21:73:33","150","1","505","LIED10CTRL/LLN0$Status","1","1","0"
"32152","535.101547168","ipcas_21:73:33","147","1","505","LIED10PROT/LLN0$Alarm","1","",""
"32153","535.101547979","ipcas_21:73:33","204","1","505","LIED10MEAS/LLN0$Measurement","311","308","305"
"32204","536.178349396","ipcas_21:73:33","150","1","506","LIED10CTRL/LLN0$Status","1","1","0"
"32205","536.178732085","ipcas_21:73:33","147","1","506","LIED10PROT/LLN0$Alarm","1","",""
"32206","536.178735717","ipcas_21:73:33","204","1","506","LIED10MEAS/LLN0$Measurement","306","313","312"
"32257","537.223830377","ipcas_21:73:33","150","1","507","LIED10CTRL/LLN0$Status","1","1","0"
"32258","537.224890153","ipcas_21:73:33","147","1","507","LIED10PROT/LLN0$Alarm","1","",""
"32259","537.224895251","ipcas_21:73:33","204","1","507","LIED10MEAS/LLN0$Measurement","308","305","315"
"32310","538.252759582","ipcas_21:73:33","150","1","508","LIED10CTRL/LLN0$Status","1","1","0"
"32311","538.252767386","ipcas_21:73:33","147","1","508","LIED10PROT/LLN0$Alarm","1","",""
"32312","538.252768723","ipcas_21:73:33","204","1","508","LIED10MEAS/LLN0$Measurement","309","315","314"
"32363","539.313225357","ipcas_21:73:33","150","1","509","LIED10CTRL/LLN0$Status","1","1","0"
"32364","539.313232313","ipcas_21:73:33","147","1","509","LIED10PROT/LLN0$Alarm","1","",""
"32365","539.314877580","ipcas_21:73:33","204","1","509","LIED10MEAS/LLN0$Measurement","311","312","309"
"32416","540.363115400","ipcas_21:73:33","150","1","510","LIED10CTRL/LLN0$Status","1","1","0"
"32417","540.363123145","ipcas_21:73:33","147","1","510","LIED10PROT/LLN0$Alarm","1","",""
"32418","540.363124571","ipcas_21:73:33","204","1","510","LIED10MEAS/LLN0$Measurement","310","306","312"
"32469","541.412449671","ipcas_21:73:33","150","1","511","LIED10CTRL/LLN0$Status","1","1","0"
"32470","541.412458238","ipcas_21:73:33","147","1","511","LIED10PROT/LLN0$Alarm","1","",""
"32471","541.412459437","ipcas_21:73:33","204","1","511","LIED10MEAS/LLN0$Measurement","305","310","308"
"32522","542.460289673","ipcas_21:73:33","150","1","512","LIED10CTRL/LLN0$Status","1","1","0"
"32523","542.460296549","ipcas_21:73:33","147","1","512","LIED10PROT/LLN0$Alarm","1","",""
"32524","542.460297574","ipcas_21:73:33","204","1","512","LIED10MEAS/LLN0$Measurement","315","307","308"
"32575","543.523916055","ipcas_21:73:33","150","1","513","LIED10CTRL/LLN0$Status","1","1","0"
"32576","543.523923900","ipcas_21:73:33","147","1","513","LIED10PROT/LLN0$Alarm","1","",""
"32577","543.523924955","ipcas_21:73:33","204","1","513","LIED10MEAS/LLN0$Measurement","314","315","313"
"32628","544.616890457","ipcas_21:73:33","150","1","514","LIED10CTRL/LLN0$Status","1","1","0"
"32629","544.616898025","ipcas_21:73:33","147","1","514","LIED10PROT/LLN0$Alarm","1","",""
"32630","544.616899525","ipcas_21:73:33","204","1","514","LIED10MEAS/LLN0$Measurement","306","315","310"
"32681","545.631607369","ipcas_21:73:33","150","1","515","LIED10CTRL/LLN0$Status","1","1","0"
"32682","545.631612938","ipcas_21:73:33","147","1","515","LIED10PROT/LLN0$Alarm","1","",""
"32683","545.631613543","ipcas_21:73:33","204","1","515","LIED10MEAS/LLN0$Measurement","310","307","307"
"32734","546.653128135","ipcas_21:73:33","150","1","516","LIED10CTRL/LLN0$Status","1","1","0"
"32735","546.653133650","ipcas_21:73:33","147","1","516","LIED10PROT/LLN0$Alarm","1","",""
"32736","546.653134581","ipcas_21:73:33","204","1","516","LIED10MEAS/LLN0$Measurement","307","308","312"
"32787","547.697792665","ipcas_21:73:33","150","1","517","LIED10CTRL/LLN0$Status","1","1","0"
"32788","547.697798973","ipcas_21:73:33","147","1","517","LIED10PROT/LLN0$Alarm","1","",""
"32789","547.697814772","ipcas_21:73:33","204","1","517","LIED10MEAS/LLN0$Measurement","306","312","305"
"32840","548.747834678","ipcas_21:73:33","150","1","518","LIED10CTRL/LLN0$Status","1","1","0"
"32841","548.747838557","ipcas_21:73:33","147","1","518","LIED10PROT/LLN0$Alarm","1","",""
"32842","548.747839295","ipcas_21:73:33","204","1","518","LIED10MEAS/LLN0$Measurement","315","314","305"
"32893","549.774655286","ipcas_21:73:33","150","1","519","LIED10CTRL/LLN0$Status","1","1","0"
"32894","549.774661517","ipcas_21:73:33","147","1","519","LIED10PROT/LLN0$Alarm","1","",""
"32895","549.774662653","ipcas_21:73:33","204","1","519","LIED10MEAS/LLN0$Measurement","306","307","313"
"32946","550.820276898","ipcas_21:73:33","150","1","520","LIED10CTRL/LLN0$Status","1","1","0"
"32947","550.820281434","ipcas_21:73:33","147","1","520","LIED10PROT/LLN0$Alarm","1","",""
"32948","550.820282218","ipcas_21:73:33","204","1","520","LIED10MEAS/LLN0$Measurement","310","307","315"
"32999","551.865414876","ipcas_21:73:33","150","1","521","LIED10CTRL/LLN0$Status","1","1","0"
"33000","551.865553308","ipcas_21:73:33","147","1","521","LIED10PROT/LLN0$Alarm","1","",""
"33001","551.865555997","ipcas_21:73:33","204","1","521","LIED10MEAS/LLN0$Measurement","314","308","306"
"33052","552.904813133","ipcas_21:73:33","150","1","522","LIED10CTRL/LLN0$Status","1","1","0"
"33053","552.904819888","ipcas_21:73:33","147","1","522","LIED10PROT/LLN0$Alarm","1","",""
"33054","552.904928502","ipcas_21:73:33","204","1","522","LIED10MEAS/LLN0$Measurement","315","313","310"
"33105","553.945126622","ipcas_21:73:33","150","1","523","LIED10CTRL/LLN0$Status","1","1","0"
"33106","553.945133742","ipcas_21:73:33","147","1","523","LIED10PROT/LLN0$Alarm","1","",""
"33107","553.945134704","ipcas_21:73:33","204","1","523","LIED10MEAS/LLN0$Measurement","314","306","306"
"33158","554.967896357","ipcas_21:73:33","150","1","524","LIED10CTRL/LLN0$Status","1","1","0"
"33159","554.967900593","ipcas_21:73:33","147","1","524","LIED10PROT/LLN0$Alarm","1","",""
"33160","554.967901186","ipcas_21:73:33","204","1","524","LIED10MEAS/LLN0$Measurement","314","305","312"
"33211","556.013808196","ipcas_21:73:33","150","1","525","LIED10CTRL/LLN0$Status","1","1","0"
"33212","556.014164411","ipcas_21:73:33","147","1","525","LIED10PROT/LLN0$Alarm","1","",""
"33213","556.015074603","ipcas_21:73:33","204","1","525","LIED10MEAS/LLN0$Measurement","312","305","314"
"33264","557.063423731","ipcas_21:73:33","150","1","526","LIED10CTRL/LLN0$Status","1","1","0"
"33265","557.063430824","ipcas_21:73:33","147","1","526","LIED10PROT/LLN0$Alarm","1","",""
"33266","557.063432304","ipcas_21:73:33","204","1","526","LIED10MEAS/LLN0$Measurement","313","311","314"
"33317","558.106166208","ipcas_21:73:33","150","1","527","LIED10CTRL/LLN0$Status","1","1","0"
"33318","558.106173302","ipcas_21:73:33","147","1","527","LIED10PROT/LLN0$Alarm","1","",""
"33319","558.106174595","ipcas_21:73:33","204","1","527","LIED10MEAS/LLN0$Measurement","311","309","311"
"33370","559.137496589","ipcas_21:73:33","150","1","528","LIED10CTRL/LLN0$Status","1","1","0"
"33371","559.137642789","ipcas_21:73:33","147","1","528","LIED10PROT/LLN0$Alarm","1","",""
"33372","559.137700750","ipcas_21:73:33","204","1","528","LIED10MEAS/LLN0$Measurement","313","307","310"
"33423","560.188037990","ipcas_21:73:33","150","1","529","LIED10CTRL/LLN0$Status","1","1","0"
"33424","560.188044932","ipcas_21:73:33","147","1","529","LIED10PROT/LLN0$Alarm","1","",""
"33425","560.188810218","ipcas_21:73:33","204","1","529","LIED10MEAS/LLN0$Measurement","313","311","315"
"33476","561.228382726","ipcas_21:73:33","150","1","530","LIED10CTRL/LLN0$Status","1","1","0"
"33477","561.228390093","ipcas_21:73:33","147","1","530","LIED10PROT/LLN0$Alarm","1","",""
"33478","561.228939832","ipcas_21:73:33","204","1","530","LIED10MEAS/LLN0$Measurement","309","314","306"
"33529","562.290918049","ipcas_21:73:33","150","1","531","LIED10CTRL/LLN0$Status","1","1","0"
"33530","562.290925777","ipcas_21:73:33","147","1","531","LIED10PROT/LLN0$Alarm","1","",""
"33531","562.290926819","ipcas_21:73:33","204","1","531","LIED10MEAS/LLN0$Measurement","307","315","315"
"33582","563.314190942","ipcas_21:73:33","150","1","532","LIED10CTRL/LLN0$Status","1","1","0"
"33583","563.314195086","ipcas_21:73:33","147","1","532","LIED10PROT/LLN0$Alarm","1","",""
"33584","563.314357964","ipcas_21:73:33","204","1","532","LIED10MEAS/LLN0$Measurement","315","315","315"
"33635","564.343347665","ipcas_21:73:33","150","1","533","LIED10CTRL/LLN0$Status","1","1","0"
"33636","564.343355546","ipcas_21:73:33","147","1","533","LIED10PROT/LLN0$Alarm","1","",""
"33637","564.343357026","ipcas_21:73:33","204","1","533","LIED10MEAS/LLN0$Measurement","308","309","312"
"33688","565.361843789","ipcas_21:73:33","150","1","534","LIED10CTRL/LLN0$Status","1","1","0"
"33689","565.361846548","ipcas_21:73:33","147","1","534","LIED10PROT/LLN0$Alarm","1","",""
"33690","565.361847165","ipcas_21:73:33","204","1","534","LIED10MEAS/LLN0$Measurement","306","315","306"
"33741","566.381299960","ipcas_21:73:33","150","1","535","LIED10CTRL/LLN0$Status","1","1","0"
"33742","566.381307384","ipcas_21:73:33","147","1","535","LIED10PROT/LLN0$Alarm","1","",""
"33743","566.381308383","ipcas_21:73:33","204","1","535","LIED10MEAS/LLN0$Measurement","305","309","310"
"33794","567.413133416","ipcas_21:73:33","150","1","536","LIED10CTRL/LLN0$Status","1","1","0"
"33795","567.413139603","ipcas_21:73:33","147","1","536","LIED10PROT/LLN0$Alarm","1","",""
"33796","567.413140936","ipcas_21:73:33","204","1","536","LIED10MEAS/LLN0$Measurement","311","305","314"
"33847","568.461261440","ipcas_21:73:33","150","1","537","LIED10CTRL/LLN0$Status","1","1","0"
"33848","568.461264853","ipcas_21:73:33","147","1","537","LIED10PROT/LLN0$Alarm","1","",""
"33849","568.461596566","ipcas_21:73:33","204","1","537","LIED10MEAS/LLN0$Measurement","311","310","314"
"33900","569.483251372","ipcas_21:73:33","150","1","538","LIED10CTRL/LLN0$Status","1","1","0"
"33901","569.483256002","ipcas_21:73:33","147","1","538","LIED10PROT/LLN0$Alarm","1","",""
"33902","569.483257459","ipcas_21:73:33","204","1","538","LIED10MEAS/LLN0$Measurement","313","315","311"
"33957","570.511672489","ipcas_21:73:33","150","1","539","LIED10CTRL/LLN0$Status","1","1","0"
"33958","570.511677925","ipcas_21:73:33","147","1","539","LIED10PROT/LLN0$Alarm","1","",""
"33959","570.511679685","ipcas_21:73:33","204","1","539","LIED10MEAS/LLN0$Measurement","310","307","312"
"34018","571.596424186","ipcas_21:73:33","150","1","540","LIED10CTRL/LLN0$Status","1","1","0"
"34019","571.596448295","ipcas_21:73:33","147","1","540","LIED10PROT/LLN0$Alarm","1","",""
"34020","571.596449548","ipcas_21:73:33","204","1","540","LIED10MEAS/LLN0$Measurement","315","306","314"
"34075","572.639546858","ipcas_21:73:33","150","1","541","LIED10CTRL/LLN0$Status","1","1","0"
"34076","572.640593042","ipcas_21:73:33","147","1","541","LIED10PROT/LLN0$Alarm","1","",""
"34077","572.640597813","ipcas_21:73:33","204","1","541","LIED10MEAS/LLN0$Measurement","306","311","307"
"34129","573.689431976","ipcas_21:73:33","150","1","542","LIED10CTRL/LLN0$Status","1","1","0"
"34130","573.689438125","ipcas_21:73:33","147","1","542","LIED10PROT/LLN0$Alarm","1","",""
"34131","573.689438499","ipcas_21:73:33","204","1","542","LIED10MEAS/LLN0$Measurement","310","313","311"
"34184","574.739724687","ipcas_21:73:33","150","1","543","LIED10CTRL/LLN0$Status","1","1","0"
"34185","574.739730447","ipcas_21:73:33","147","1","543","LIED10PROT/LLN0$Alarm","1","",""
"34186","574.739950987","ipcas_21:73:33","204","1","543","LIED10MEAS/LLN0$Measurement","315","309","313"
"34238","575.788646474","ipcas_21:73:33","150","1","544","LIED10CTRL/LLN0$Status","1","1","0"
"34239","575.788652147","ipcas_21:73:33","147","1","544","LIED10PROT/LLN0$Alarm","1","",""
"34240","575.788653339","ipcas_21:73:33","204","1","544","LIED10MEAS/LLN0$Measurement","313","310","306"
"34292","576.843859749","ipcas_21:73:33","150","1","545","LIED10CTRL/LLN0$Status","1","1","0"
"34293","576.843864404","ipcas_21:73:33","147","1","545","LIED10PROT/LLN0$Alarm","1","",""
"34294","576.843964490","ipcas_21:73:33","204","1","545","LIED10MEAS/LLN0$Measurement","305","306","311"
"34346","577.895260978","ipcas_21:73:33","150","1","546","LIED10CTRL/LLN0$Status","1","1","0"
"34347","577.895265943","ipcas_21:73:33","147","1","546","LIED10PROT/LLN0$Alarm","1","",""
"34348","577.895267022","ipcas_21:73:33","204","1","546","LIED10MEAS/LLN0$Measurement","314","307","313"
"34399","578.945859573","ipcas_21:73:33","150","1","547","LIED10CTRL/LLN0$Status","1","1","0"
"34400","578.945863860","ipcas_21:73:33","147","1","547","LIED10PROT/LLN0$Alarm","1","",""
"34401","578.945864365","ipcas_21:73:33","204","1","547","LIED10MEAS/LLN0$Measurement","310","311","310"
"34453","579.980731123","ipcas_21:73:33","150","1","548","LIED10CTRL/LLN0$Status","1","1","0"
"34454","579.980736462","ipcas_21:73:33","147","1","548","LIED10PROT/LLN0$Alarm","1","",""
"34455","579.980737775","ipcas_21:73:33","204","1","548","LIED10MEAS/LLN0$Measurement","314","313","307"
"34506","581.004203717","ipcas_21:73:33","150","1","549","LIED10CTRL/LLN0$Status","1","1","0"
"34507","581.004205705","ipcas_21:73:33","147","1","549","LIED10PROT/LLN0$Alarm","1","",""
"34508","581.004362613","ipcas_21:73:33","204","1","549","LIED10MEAS/LLN0$Measurement","310","314","314"
"34559","582.025651798","ipcas_21:73:33","150","1","550","LIED10CTRL/LLN0$Status","1","1","0"
"34560","582.028088081","ipcas_21:73:33","147","1","550","LIED10PROT/LLN0$Alarm","1","",""
"34561","582.028092768","ipcas_21:73:33","204","1","550","LIED10MEAS/LLN0$Measurement","306","313","315"
"34613","583.079995514","ipcas_21:73:33","150","1","551","LIED10CTRL/LLN0$Status","1","1","0"
"34614","583.079997410","ipcas_21:73:33","147","1","551","LIED10PROT/LLN0$Alarm","1","",""
"34615","583.079998047","ipcas_21:73:33","204","1","551","LIED10MEAS/LLN0$Measurement","308","309","311"
"34666","584.168570733","ipcas_21:73:33","150","1","552","LIED10CTRL/LLN0$Status","1","1","0"
"34667","584.168576409","ipcas_21:73:33","147","1","552","LIED10PROT/LLN0$Alarm","1","",""
"34668","584.168577542","ipcas_21:73:33","204","1","552","LIED10MEAS/LLN0$Measurement","306","305","311"
"34719","585.237204368","ipcas_21:73:33","150","1","553","LIED10CTRL/LLN0$Status","1","1","0"
"34720","585.237209901","ipcas_21:73:33","147","1","553","LIED10PROT/LLN0$Alarm","1","",""
"34721","585.237211090","ipcas_21:73:33","204","1","553","LIED10MEAS/LLN0$Measurement","305","313","310"
"34796","587.867121885","ipcas_21:73:33","150","1","554","LIED10CTRL/LLN0$Status","1","1","0"
"34797","587.867285727","ipcas_21:73:33","147","1","554","LIED10PROT/LLN0$Alarm","1","",""
"34798","587.867352962","ipcas_21:73:33","204","1","554","LIED10MEAS/LLN0$Measurement","305","309","310"
"34849","588.881885233","ipcas_21:73:33","150","1","555","LIED10CTRL/LLN0$Status","1","1","0"
"34850","588.881893292","ipcas_21:73:33","147","1","555","LIED10PROT/LLN0$Alarm","1","",""
"34851","588.881894254","ipcas_21:73:33","204","1","555","LIED10MEAS/LLN0$Measurement","314","305","308"
"34902","589.896979876","ipcas_21:73:33","150","1","556","LIED10CTRL/LLN0$Status","1","1","0"
"34903","589.896986295","ipcas_21:73:33","147","1","556","LIED10PROT/LLN0$Alarm","1","",""
"34904","589.896986799","ipcas_21:73:33","204","1","556","LIED10MEAS/LLN0$Measurement","308","315","308"
"34955","590.936887664","ipcas_21:73:33","150","1","557","LIED10CTRL/LLN0$Status","1","1","0"
"34956","590.936895589","ipcas_21:73:33","147","1","557","LIED10PROT/LLN0$Alarm","1","",""
"34957","590.936896842","ipcas_21:73:33","204","1","557","LIED10MEAS/LLN0$Measurement","311","308","314"
"35008","592.002389740","ipcas_21:73:33","150","1","558","LIED10CTRL/LLN0$Status","1","1","0"
"35009","592.002395159","ipcas_21:73:33","147","1","558","LIED10PROT/LLN0$Alarm","1","",""
"35010","592.002395914","ipcas_21:73:33","204","1","558","LIED10MEAS/LLN0$Measurement","314","315","306"
"35062","593.007112806","ipcas_21:73:33","150","1","559","LIED10CTRL/LLN0$Status","1","1","0"
"35063","593.007120664","ipcas_21:73:33","147","1","559","LIED10PROT/LLN0$Alarm","1","",""
"35064","593.007122027","ipcas_21:73:33","204","1","559","LIED10MEAS/LLN0$Measurement","315","308","313"
"35115","594.030155471","ipcas_21:73:33","150","1","560","LIED10CTRL/LLN0$Status","1","1","0"
"35116","594.030164204","ipcas_21:73:33","147","1","560","LIED10PROT/LLN0$Alarm","1","",""
"35117","594.030165474","ipcas_21:73:33","204","1","560","LIED10MEAS/LLN0$Measurement","308","315","310"
"35168","595.084459604","ipcas_21:73:33","150","1","561","LIED10CTRL/LLN0$Status","1","1","0"
"35169","595.085208556","ipcas_21:73:33","147","1","561","LIED10PROT/LLN0$Alarm","1","",""
"35170","595.085934509","ipcas_21:73:33","204","1","561","LIED10MEAS/LLN0$Measurement","309","306","308"
"35221","596.197900444","ipcas_21:73:33","150","1","562","LIED10CTRL/LLN0$Status","1","1","0"
"35222","596.197907968","ipcas_21:73:33","147","1","562","LIED10PROT/LLN0$Alarm","1","",""
"35223","596.197909445","ipcas_21:73:33","204","1","562","LIED10MEAS/LLN0$Measurement","308","306","313"
"35274","597.240454783","ipcas_21:73:33","150","1","563","LIED10CTRL/LLN0$Status","1","1","0"
"35275","597.240462257","ipcas_21:73:33","147","1","563","LIED10PROT/LLN0$Alarm","1","",""
"35276","597.240463483","ipcas_21:73:33","204","1","563","LIED10MEAS/LLN0$Measurement","311","308","312"
"35327","598.282254959","ipcas_21:73:33","150","1","564","LIED10CTRL/LLN0$Status","1","1","0"
"35328","598.282263054","ipcas_21:73:33","147","1","564","LIED10PROT/LLN0$Alarm","1","",""
"35329","598.282264363","ipcas_21:73:33","204","1","564","LIED10MEAS/LLN0$Measurement","313","305","313"
"35380","599.304922911","ipcas_21:73:33","150","1","565","LIED10CTRL/LLN0$Status","1","1","0"
"35381","599.304930436","ipcas_21:73:33","147","1","565","LIED10PROT/LLN0$Alarm","1","",""
"35382","599.304931384","ipcas_21:73:33","204","1","565","LIED10MEAS/LLN0$Measurement","309","308","311"
"35433","600.351578745","ipcas_21:73:33","150","1","566","LIED10CTRL/LLN0$Status","1","1","0"
"35434","600.351710661","ipcas_21:73:33","147","1","566","LIED10PROT/LLN0$Alarm","1","",""
"35435","600.351713595","ipcas_21:73:33","204","1","566","LIED10MEAS/LLN0$Measurement","308","315","310"
"35486","601.397094766","ipcas_21:73:33","150","1","567","LIED10CTRL/LLN0$Status","1","1","0"
"35487","601.397103082","ipcas_21:73:33","147","1","567","LIED10PROT/LLN0$Alarm","1","",""
"35488","601.397351042","ipcas_21:73:33","204","1","567","LIED10MEAS/LLN0$Measurement","313","308","307"
"35540","602.432437078","ipcas_21:73:33","150","1","568","LIED10CTRL/LLN0$Status","1","1","0"
"35541","602.432445498","ipcas_21:73:33","147","1","568","LIED10PROT/LLN0$Alarm","1","",""
"35542","602.432446965","ipcas_21:73:33","204","1","568","LIED10MEAS/LLN0$Measurement","313","312","306"
"35593","603.478345458","ipcas_21:73:33","150","1","569","LIED10CTRL/LLN0$Status","1","1","0"
"35594","603.478353109","ipcas_21:73:33","147","1","569","LIED10PROT/LLN0$Alarm","1","",""
"35595","603.478354178","ipcas_21:73:33","204","1","569","LIED10MEAS/LLN0$Measurement","306","306","311"
"35650","604.540965758","ipcas_21:73:33","150","1","570","LIED10CTRL/LLN0$Status","1","1","0"
"35651","604.540973950","ipcas_21:73:33","147","1","570","LIED10PROT/LLN0$Alarm","1","",""
"35652","604.540975210","ipcas_21:73:33","204","1","570","LIED10MEAS/LLN0$Measurement","312","311","312"
"35721","605.580018737","ipcas_21:73:33","150","1","571","LIED10CTRL/LLN0$Status","1","1","0"
"35722","605.580024116","ipcas_21:73:33","147","1","571","LIED10PROT/LLN0$Alarm","1","",""
"35723","605.580097943","ipcas_21:73:33","204","1","571","LIED10MEAS/LLN0$Measurement","310","307","310"
"35800","606.636069995","ipcas_21:73:33","150","1","572","LIED10CTRL/LLN0$Status","1","1","0"
"35801","606.636075434","ipcas_21:73:33","147","1","572","LIED10PROT/LLN0$Alarm","1","",""
"35802","606.636181898","ipcas_21:73:33","204","1","572","LIED10MEAS/LLN0$Measurement","308","311","312"
"35873","607.679091761","ipcas_21:73:33","150","1","573","LIED10CTRL/LLN0$Status","1","1","0"
"35874","607.679096455","ipcas_21:73:33","147","1","573","LIED10PROT/LLN0$Alarm","1","",""
"35875","607.679097410","ipcas_21:73:33","204","1","573","LIED10MEAS/LLN0$Measurement","312","309","306"
"35930","608.720428148","ipcas_21:73:33","150","1","574","LIED10CTRL/LLN0$Status","1","1","0"
"35931","608.720434593","ipcas_21:73:33","147","1","574","LIED10PROT/LLN0$Alarm","1","",""
"35932","608.721159207","ipcas_21:73:33","204","1","574","LIED10MEAS/LLN0$Measurement","308","305","306"
"35991","609.782830900","ipcas_21:73:33","150","1","575","LIED10CTRL/LLN0$Status","1","1","0"
"35992","609.782836466","ipcas_21:73:33","147","1","575","LIED10PROT/LLN0$Alarm","1","",""
"35993","609.782837706","ipcas_21:73:33","204","1","575","LIED10MEAS/LLN0$Measurement","309","308","309"
"36062","610.826875718","ipcas_21:73:33","150","1","576","LIED10CTRL/LLN0$Status","1","1","0"
"36063","610.826880599","ipcas_21:73:33","147","1","576","LIED10PROT/LLN0$Alarm","1","",""
"36064","610.826881765","ipcas_21:73:33","204","1","576","LIED10MEAS/LLN0$Measurement","306","311","306"
"36130","611.872785757","ipcas_21:73:33","150","1","577","LIED10CTRL/LLN0$Status","1","1","0"
"36131","611.872790087","ipcas_21:73:33","147","1","577","LIED10PROT/LLN0$Alarm","1","",""
"36132","611.872791170","ipcas_21:73:33","204","1","577","LIED10MEAS/LLN0$Measurement","313","312","312"
"36232","612.910270529","ipcas_21:73:33","150","1","578","LIED10CTRL/LLN0$Status","1","1","0"
"36233","612.910275247","ipcas_21:73:33","147","1","578","LIED10PROT/LLN0$Alarm","1","",""
"36234","612.910276610","ipcas_21:73:33","204","1","578","LIED10MEAS/LLN0$Measurement","315","308","306"
"36317","613.948635909","ipcas_21:73:33","150","1","579","LIED10CTRL/LLN0$Status","1","1","0"
"36318","613.948642693","ipcas_21:73:33","147","1","579","LIED10PROT/LLN0$Alarm","1","",""
"36319","613.948674655","ipcas_21:73:33","204","1","579","LIED10MEAS/LLN0$Measurement","311","308","310"
"36385","614.971666785","ipcas_21:73:33","150","1","580","LIED10CTRL/LLN0$Status","1","1","0"
"36386","614.971669108","ipcas_21:73:33","147","1","580","LIED10PROT/LLN0$Alarm","1","",""
"36387","614.971758409","ipcas_21:73:33","204","1","580","LIED10MEAS/LLN0$Measurement","313","311","306"
"36444","616.011026905","ipcas_21:73:33","150","1","581","LIED10CTRL/LLN0$Status","1","1","0"
"36445","616.011119684","ipcas_21:73:33","147","1","581","LIED10PROT/LLN0$Alarm","1","",""
"36446","616.011122768","ipcas_21:73:33","204","1","581","LIED10MEAS/LLN0$Measurement","309","311","307"
"36517","617.054490134","ipcas_21:73:33","150","1","582","LIED10CTRL/LLN0$Status","1","1","0"
"36518","617.054496726","ipcas_21:73:33","147","1","582","LIED10PROT/LLN0$Alarm","1","",""
"36519","617.054610184","ipcas_21:73:33","204","1","582","LIED10MEAS/LLN0$Measurement","312","308","315"
"36576","618.083197343","ipcas_21:73:33","150","1","583","LIED10CTRL/LLN0$Status","1","1","0"
"36577","618.083204880","ipcas_21:73:33","147","1","583","LIED10PROT/LLN0$Alarm","1","",""
"36578","618.083206059","ipcas_21:73:33","204","1","583","LIED10MEAS/LLN0$Measurement","305","313","312"
"36631","619.128114817","ipcas_21:73:33","150","1","584","LIED10CTRL/LLN0$Status","1","1","0"
"36632","619.128120281","ipcas_21:73:33","147","1","584","LIED10PROT/LLN0$Alarm","1","",""
"36633","619.128120806","ipcas_21:73:33","204","1","584","LIED10MEAS/LLN0$Measurement","314","307","313"
"36689","620.168842907","ipcas_21:73:33","150","1","585","LIED10CTRL/LLN0$Status","1","1","0"
"36690","620.169671438","ipcas_21:73:33","147","1","585","LIED10PROT/LLN0$Alarm","1","",""
"36691","620.170295978","ipcas_21:73:33","204","1","585","LIED10MEAS/LLN0$Measurement","310","315","309"
"36754","621.222569015","ipcas_21:73:33","150","1","586","LIED10CTRL/LLN0$Status","1","1","0"
"36755","621.222575814","ipcas_21:73:33","147","1","586","LIED10PROT/LLN0$Alarm","1","",""
"36756","621.222797436","ipcas_21:73:33","204","1","586","LIED10MEAS/LLN0$Measurement","305","312","311"
"36811","622.289100070","ipcas_21:73:33","150","1","587","LIED10CTRL/LLN0$Status","1","1","0"
"36812","622.289123282","ipcas_21:73:33","147","1","587","LIED10PROT/LLN0$Alarm","1","",""
"36813","622.289131041","ipcas_21:73:33","204","1","587","LIED10MEAS/LLN0$Measurement","312","313","307"
"36865","623.324343934","ipcas_21:73:33","150","1","588","LIED10CTRL/LLN0$Status","1","1","0"
"36866","623.324348259","ipcas_21:73:33","147","1","588","LIED10PROT/LLN0$Alarm","1","",""
"36867","623.324348772","ipcas_21:73:33","204","1","588","LIED10MEAS/LLN0$Measurement","315","306","313"
"36920","624.346039905","ipcas_21:73:33","150","1","589","LIED10CTRL/LLN0$Status","1","1","0"
"36921","624.346107155","ipcas_21:73:33","147","1","589","LIED10PROT/LLN0$Alarm","1","",""
"36922","624.346109859","ipcas_21:73:33","204","1","589","LIED10MEAS/LLN0$Measurement","312","309","308"
"36975","625.369790542","ipcas_21:73:33","150","1","590","LIED10CTRL/LLN0$Status","1","1","0"
"36976","625.369794822","ipcas_21:73:33","147","1","590","LIED10PROT/LLN0$Alarm","1","",""
"36977","625.404311630","ipcas_21:73:33","204","1","590","LIED10MEAS/LLN0$Measurement","313","311","313"
"37028","626.422874759","ipcas_21:73:33","150","1","591","LIED10CTRL/LLN0$Status","1","1","0"
"37029","626.422880908","ipcas_21:73:33","147","1","591","LIED10PROT/LLN0$Alarm","1","",""
"37030","626.422881807","ipcas_21:73:33","204","1","591","LIED10MEAS/LLN0$Measurement","310","305","305"
"37084","627.482891845","ipcas_21:73:33","150","1","592","LIED10CTRL/LLN0$Status","1","1","0"
"37085","627.482896532","ipcas_21:73:33","147","1","592","LIED10PROT/LLN0$Alarm","1","",""
"37086","627.482897292","ipcas_21:73:33","204","1","592","LIED10MEAS/LLN0$Measurement","306","315","306"
"37140","628.501446866","ipcas_21:73:33","150","1","593","LIED10CTRL/LLN0$Status","1","1","0"
"37141","628.501454593","ipcas_21:73:33","147","1","593","LIED10PROT/LLN0$Alarm","1","",""
"37142","628.501456307","ipcas_21:73:33","204","1","593","LIED10MEAS/LLN0$Measurement","305","307","312"
"37194","629.746774024","ipcas_21:73:33","150","1","594","LIED10CTRL/LLN0$Status","1","1","0"
"37195","629.746780269","ipcas_21:73:33","147","1","594","LIED10PROT/LLN0$Alarm","1","",""
"37196","629.746781129","ipcas_21:73:33","204","1","594","LIED10MEAS/LLN0$Measurement","307","310","310"
"37250","631.894935039","ipcas_21:73:33","150","1","595","LIED10CTRL/LLN0$Status","1","1","0"
"37251","631.894941818","ipcas_21:73:33","147","1","595","LIED10PROT/LLN0$Alarm","1","",""
"37252","631.894943244","ipcas_21:73:33","204","1","595","LIED10MEAS/LLN0$Measurement","305","310","311"
"37283","634.072829194","ipcas_21:73:33","150","1","596","LIED10CTRL/LLN0$Status","1","1","0"
"37284","634.072836674","ipcas_21:73:33","147","1","596","LIED10PROT/LLN0$Alarm","1","",""
"37285","634.072837717","ipcas_21:73:33","204","1","596","LIED10MEAS/LLN0$Measurement","308","309","311"
"37313","635.434550362","ipcas_21:73:33","150","1","597","LIED10CTRL/LLN0$Status","1","1","0"
"37314","635.434557916","ipcas_21:73:33","147","1","597","LIED10PROT/LLN0$Alarm","1","",""
"37315","635.434559476","ipcas_21:73:33","204","1","597","LIED10MEAS/LLN0$Measurement","310","309","311"
"37344","636.472819480","ipcas_21:73:33","150","1","598","LIED10CTRL/LLN0$Status","1","1","0"
"37345","636.472827608","ipcas_21:73:33","147","1","598","LIED10PROT/LLN0$Alarm","1","",""
"37346","636.474340221","ipcas_21:73:33","204","1","598","LIED10MEAS/LLN0$Measurement","312","315","310"
"37376","637.521038803","ipcas_21:73:33","150","1","599","LIED10CTRL/LLN0$Status","1","1","0"
"37377","637.521045518","ipcas_21:73:33","147","1","599","LIED10PROT/LLN0$Alarm","1","",""
"37378","637.521046781","ipcas_21:73:33","204","1","599","LIED10MEAS/LLN0$Measurement","310","310","313"
