"No.","Time","Source","Length","stNum","sqNum","Data","goID","integer","integer","integer"
"25","0.000081123","ipcas_21:73:25","152","1","0","integer,integer,integer,integer,boolean","BIED100CTRL/LLN0$Status","0","1","0"
"26","0.000081948","ipcas_21:73:25","143","1","0","boolean,integer,boolean","BIED100PROT/LLN0$Alarm","1","",""
"27","0.000082807","ipcas_21:73:25","191","1","0","integer,integer,integer,integer,integer,integer,floating-point,floating-point","BIED100MEAS/LLN0$Measurement","1","5","-4"
"55","1.024804669","ipcas_21:73:25","152","1","1","integer,integer,integer,integer,boolean","BIED100CTRL/LLN0$Status","0","1","0"
"56","1.024808835","ipcas_21:73:25","143","1","1","boolean,integer,boolean","BIED100PROT/LLN0$Alarm","1","",""
"57","1.024809338","ipcas_21:73:25","191","1","1","integer,integer,integer,integer,integer,integer,floating-point,floating-point","BIED100MEAS/LLN0$Measurement","0","1","1"
"108","2.060472507","ipcas_21:73:25","152","1","2","integer,integer,integer,integer,boolean","BIED100CTRL/LLN0$Status","0","1","0"
"109","2.060478190","ipcas_21:73:25","143","1","2","boolean,integer,boolean","BIED100PROT/LLN0$Alarm","1","",""
"110","2.060734562","ipcas_21:73:25","191","1","2","integer,integer,integer,integer,integer,integer,floating-point,floating-point","BIED100MEAS/LLN0$Measurement","2","0","3"
"161","3.099887533","ipcas_21:73:25","152","1","3","integer,integer,integer,integer,boolean","BIED100CTRL/LLN0$Status","0","1","0"
"162","3.099888073","ipcas_21:73:25","143","1","3","boolean,integer,boolean","BIED100PROT/LLN0$Alarm","1","",""
"163","3.099888354","ipcas_21:73:25","191","1","3","integer,integer,integer,integer,integer,integer,floating-point,floating-point","BIED100MEAS/LLN0$Measurement","-5","-1","3"
"214","4.141923944","ipcas_21:73:25","152","1","4","integer,integer,integer,integer,boolean","BIED100CTRL/LLN0$Status","0","1","0"
"215","4.141926525","ipcas_21:73:25","143","1","4","boolean,integer,boolean","BIED100PROT/LLN0$Alarm","1","",""
"216","4.141927432","ipcas_21:73:25","191","1","4","integer,integer,integer,integer,integer,integer,floating-point,floating-point","BIED100MEAS/LLN0$Measurement","-4","-1","-4"
"267","5.167539230","ipcas_21:73:25","152","1","5","integer,integer,integer,integer,boolean","BIED100CTRL/LLN0$Status","0","1","0"
"268","5.167541651","ipcas_21:73:25","143","1","5","boolean,integer,boolean","BIED100PROT/LLN0$Alarm","1","",""
"269","5.167542150","ipcas_21:73:25","191","1","5","integer,integer,integer,integer,integer,integer,floating-point,floating-point","BIED100MEAS/LLN0$Measurement","0","5","3"
"320","6.189437840","ipcas_21:73:25","152","1","6","integer,integer,integer,integer,boolean","BIED100CTRL/LLN0$Status","0","1","0"
"321","6.189440478","ipcas_21:73:25","143","1","6","boolean,integer,boolean","BIED100PROT/LLN0$Alarm","1","",""
"322","6.189440823","ipcas_21:73:25","191","1","6","integer,integer,integer,integer,integer,integer,floating-point,floating-point","BIED100MEAS/LLN0$Measurement","-5","1","0"
"373","7.219578600","ipcas_21:73:25","152","1","7","integer,integer,integer,integer,boolean","BIED100CTRL/LLN0$Status","0","1","0"
"374","7.219584247","ipcas_21:73:25","143","1","7","boolean,integer,boolean","BIED100PROT/LLN0$Alarm","1","",""
"375","7.219585630","ipcas_21:73:25","191","1","7","integer,integer,integer,integer,integer,integer,floating-point,floating-point","BIED100MEAS/LLN0$Measurement","-1","2","-2"
"426","8.253829209","ipcas_21:73:25","152","1","8","integer,integer,integer,integer,boolean","BIED100CTRL/LLN0$Status","0","1","0"
"427","8.253837437","ipcas_21:73:25","143","1","8","boolean,integer,boolean","BIED100PROT/LLN0$Alarm","1","",""
"428","8.253838307","ipcas_21:73:25","191","1","8","integer,integer,integer,integer,integer,integer,floating-point,floating-point","BIED100MEAS/LLN0$Measurement","-1","2","-5"
"479","9.286247671","ipcas_21:73:25","152","1","9","integer,integer,integer,integer,boolean","BIED100CTRL/LLN0$Status","0","1","0"
"480","9.286257915","ipcas_21:73:25","143","1","9","boolean,integer,boolean","BIED100PROT/LLN0$Alarm","1","",""
"481","9.286259782","ipcas_21:73:25","191","1","9","integer,integer,integer,integer,integer,integer,floating-point,floating-point","BIED100MEAS/LLN0$Measurement","-2","2","-5"
"532","10.322240328","ipcas_21:73:25","152","1","10","integer,integer,integer,integer,boolean","BIED100CTRL/LLN0$Status","0","1","0"
"533","10.322240892","ipcas_21:73:25","143","1","10","boolean,integer,boolean","BIED100PROT/LLN0$Alarm","1","",""
"534","10.322241490","ipcas_21:73:25","191","1","10","integer,integer,integer,integer,integer,integer,floating-point,floating-point","BIED100MEAS/LLN0$Measurement","-5","3","1"
"585","11.366040688","ipcas_21:73:25","152","2","0","integer,integer,integer,integer,boolean","BIED100CTRL/LLN0$Status","0","1","0"
"586","11.366043675","ipcas_21:73:25","143","2","0","boolean,integer,boolean","BIED100PROT/LLN0$Alarm","1","",""
"587","11.366044109","ipcas_21:73:25","191","2","0","integer,integer,integer,integer,integer,integer,floating-point,floating-point","BIED100MEAS/LLN0$Measurement","0","-4","2"
"638","12.400460096","ipcas_21:73:25","152","2","1","integer,integer,integer,integer,boolean","BIED100CTRL/LLN0$Status","0","1","0"
"639","12.400465574","ipcas_21:73:25","143","2","1","boolean,integer,boolean","BIED100PROT/LLN0$Alarm","1","",""
"640","12.400466003","ipcas_21:73:25","191","2","1","integer,integer,integer,integer,integer,integer,floating-point,floating-point","BIED100MEAS/LLN0$Measurement","-5","4","5"
"691","13.565183436","ipcas_21:73:25","152","2","2","integer,integer,integer,integer,boolean","BIED100CTRL/LLN0$Status","0","1","0"
"692","13.565189901","ipcas_21:73:25","143","2","2","boolean,integer,boolean","BIED100PROT/LLN0$Alarm","1","",""
"693","13.565190829","ipcas_21:73:25","191","2","2","integer,integer,integer,integer,integer,integer,floating-point,floating-point","BIED100MEAS/LLN0$Measurement","3","-2","0"
"744","14.589108997","ipcas_21:73:25","152","2","3","integer,integer,integer,integer,boolean","BIED100CTRL/LLN0$Status","0","1","0"
"745","14.589390291","ipcas_21:73:25","143","2","3","boolean,integer,boolean","BIED100PROT/LLN0$Alarm","1","",""
"746","14.589833594","ipcas_21:73:25","191","2","3","integer,integer,integer,integer,integer,integer,floating-point,floating-point","BIED100MEAS/LLN0$Measurement","-5","0","-1"
"812","15.663611756","ipcas_21:73:25","152","2","4","integer,integer,integer,integer,boolean","BIED100CTRL/LLN0$Status","0","1","0"
"813","15.663612121","ipcas_21:73:25","143","2","4","boolean,integer,boolean","BIED100PROT/LLN0$Alarm","1","",""
"814","15.663612537","ipcas_21:73:25","191","2","4","integer,integer,integer,integer,integer,integer,floating-point,floating-point","BIED100MEAS/LLN0$Measurement","3","-2","1"
"862","16.663604179","ipcas_21:73:25","152","2","5","integer,integer,integer,integer,boolean","BIED100CTRL/LLN0$Status","0","1","0"
"863","16.663604889","ipcas_21:73:25","143","2","5","boolean,integer,boolean","BIED100PROT/LLN0$Alarm","1","",""
"864","16.663605633","ipcas_21:73:25","191","2","5","integer,integer,integer,integer,integer,integer,floating-point,floating-point","BIED100MEAS/LLN0$Measurement","2","5","4"
"926","17.698209296","ipcas_21:73:25","152","2","6","integer,integer,integer,integer,boolean","BIED100CTRL/LLN0$Status","0","1","0"
"927","17.698209569","ipcas_21:73:25","143","2","6","boolean,integer,boolean","BIED100PROT/LLN0$Alarm","1","",""
"928","17.698209845","ipcas_21:73:25","191","2","6","integer,integer,integer,integer,integer,integer,floating-point,floating-point","BIED100MEAS/LLN0$Measurement","-1","-3","-4"
"979","18.748981083","ipcas_21:73:25","152","2","7","integer,integer,integer,integer,boolean","BIED100CTRL/LLN0$Status","0","1","0"
"980","18.749101878","ipcas_21:73:25","143","2","7","boolean,integer,boolean","BIED100PROT/LLN0$Alarm","1","",""
"981","18.749105020","ipcas_21:73:25","191","2","7","integer,integer,integer,integer,integer,integer,floating-point,floating-point","BIED100MEAS/LLN0$Measurement","5","5","4"
"1032","19.871780686","ipcas_21:73:25","152","2","8","integer,integer,integer,integer,boolean","BIED100CTRL/LLN0$Status","0","1","0"
"1033","19.871786940","ipcas_21:73:25","143","2","8","boolean,integer,boolean","BIED100PROT/LLN0$Alarm","1","",""
"1034","19.871787967","ipcas_21:73:25","191","2","8","integer,integer,integer,integer,integer,integer,floating-point,floating-point","BIED100MEAS/LLN0$Measurement","0","-3","-2"
"1085","21.162464251","ipcas_21:73:25","152","2","9","integer,integer,integer,integer,boolean","BIED100CTRL/LLN0$Status","0","1","0"
"1086","21.163182154","ipcas_21:73:25","143","2","9","boolean,integer,boolean","BIED100PROT/LLN0$Alarm","1","",""
"1087","21.163458408","ipcas_21:73:25","191","2","9","integer,integer,integer,integer,integer,integer,floating-point,floating-point","BIED100MEAS/LLN0$Measurement","4","-4","-5"
"1138","22.252673199","ipcas_21:73:25","152","2","10","integer,integer,integer,integer,boolean","BIED100CTRL/LLN0$Status","0","1","0"
"1139","22.252676799","ipcas_21:73:25","143","2","10","boolean,integer,boolean","BIED100PROT/LLN0$Alarm","1","",""
"1140","22.252677663","ipcas_21:73:25","191","2","10","integer,integer,integer,integer,integer,integer,floating-point,floating-point","BIED100MEAS/LLN0$Measurement","-3","0","-4"
"1191","23.287316622","ipcas_21:73:25","152","2","11","integer,integer,integer,integer,boolean","BIED100CTRL/LLN0$Status","0","1","0"
"1192","23.287317050","ipcas_21:73:25","143","2","11","boolean,integer,boolean","BIED100PROT/LLN0$Alarm","1","",""
"1193","23.287317455","ipcas_21:73:25","191","2","11","integer,integer,integer,integer,integer,integer,floating-point,floating-point","BIED100MEAS/LLN0$Measurement","2","-5","-1"
"1244","24.314337950","ipcas_21:73:25","152","2","12","integer,integer,integer,integer,boolean","BIED100CTRL/LLN0$Status","0","1","0"
"1245","24.314338217","ipcas_21:73:25","143","2","12","boolean,integer,boolean","BIED100PROT/LLN0$Alarm","1","",""
"1246","24.314338491","ipcas_21:73:25","191","2","12","integer,integer,integer,integer,integer,integer,floating-point,floating-point","BIED100MEAS/LLN0$Measurement","-2","-1","1"
"1297","25.357756585","ipcas_21:73:25","152","2","13","integer,integer,integer,integer,boolean","BIED100CTRL/LLN0$Status","0","1","0"
"1298","25.357757029","ipcas_21:73:25","143","2","13","boolean,integer,boolean","BIED100PROT/LLN0$Alarm","1","",""
"1299","25.357757382","ipcas_21:73:25","191","2","13","integer,integer,integer,integer,integer,integer,floating-point,floating-point","BIED100MEAS/LLN0$Measurement","-5","-5","-5"
"1350","26.392548470","ipcas_21:73:25","152","2","14","integer,integer,integer,integer,boolean","BIED100CTRL/LLN0$Status","0","1","0"
"1351","26.392549288","ipcas_21:73:25","143","2","14","boolean,integer,boolean","BIED100PROT/LLN0$Alarm","1","",""
"1352","26.392550257","ipcas_21:73:25","191","2","14","integer,integer,integer,integer,integer,integer,floating-point,floating-point","BIED100MEAS/LLN0$Measurement","-2","0","-1"
"1403","27.428167844","ipcas_21:73:25","152","2","15","integer,integer,integer,integer,boolean","BIED100CTRL/LLN0$Status","0","1","0"
"1404","27.428170994","ipcas_21:73:25","143","2","15","boolean,integer,boolean","BIED100PROT/LLN0$Alarm","1","",""
"1405","27.428171954","ipcas_21:73:25","191","2","15","integer,integer,integer,integer,integer,integer,floating-point,floating-point","BIED100MEAS/LLN0$Measurement","-5","-3","4"
"1456","28.451821474","ipcas_21:73:25","152","2","16","integer,integer,integer,integer,boolean","BIED100CTRL/LLN0$Status","0","1","0"
"1457","28.451822790","ipcas_21:73:25","143","2","16","boolean,integer,boolean","BIED100PROT/LLN0$Alarm","1","",""
"1458","28.451823370","ipcas_21:73:25","191","2","16","integer,integer,integer,integer,integer,integer,floating-point,floating-point","BIED100MEAS/LLN0$Measurement","-4","4","3"
"1509","29.489787248","ipcas_21:73:25","152","2","17","integer,integer,integer,integer,boolean","BIED100CTRL/LLN0$Status","0","1","0"
"1510","29.489874544","ipcas_21:73:25","143","2","17","boolean,integer,boolean","BIED100PROT/LLN0$Alarm","1","",""
"1511","29.490507374","ipcas_21:73:25","191","2","17","integer,integer,integer,integer,integer,integer,floating-point,floating-point","BIED100MEAS/LLN0$Measurement","-4","4","-1"
"1566","30.523790690","ipcas_21:73:25","152","2","18","integer,integer,integer,integer,boolean","BIED100CTRL/LLN0$Status","0","1","0"
"1567","30.523791020","ipcas_21:73:25","143","2","18","boolean,integer,boolean","BIED100PROT/LLN0$Alarm","1","",""
"1568","30.523791571","ipcas_21:73:25","191","2","18","integer,integer,integer,integer,integer,integer,floating-point,floating-point","BIED100MEAS/LLN0$Measurement","-2","3","-4"
"1629","31.568201679","ipcas_21:73:25","152","2","19","integer,integer,integer,integer,boolean","BIED100CTRL/LLN0$Status","0","1","0"
"1630","31.568206296","ipcas_21:73:25","143","2","19","boolean,integer,boolean","BIED100PROT/LLN0$Alarm","1","",""
"1631","31.568207058","ipcas_21:73:25","191","2","19","integer,integer,integer,integer,integer,integer,floating-point,floating-point","BIED100MEAS/LLN0$Measurement","2","-1","-4"
"1684","32.610836615","ipcas_21:73:25","152","2","20","integer,integer,integer,integer,boolean","BIED100CTRL/LLN0$Status","0","1","0"
"1685","32.611053651","ipcas_21:73:25","143","2","20","boolean,integer,boolean","BIED100PROT/LLN0$Alarm","1","",""
"1686","32.611356406","ipcas_21:73:25","191","2","20","integer,integer,integer,integer,integer,integer,floating-point,floating-point","BIED100MEAS/LLN0$Measurement","0","1","-5"
"1738","33.643556323","ipcas_21:73:25","152","2","21","integer,integer,integer,integer,boolean","BIED100CTRL/LLN0$Status","0","1","0"
"1739","33.643556764","ipcas_21:73:25","143","2","21","boolean,integer,boolean","BIED100PROT/LLN0$Alarm","1","",""
"1740","33.643557255","ipcas_21:73:25","191","2","21","integer,integer,integer,integer,integer,integer,floating-point,floating-point","BIED100MEAS/LLN0$Measurement","-3","3","-3"
"1794","34.691034146","ipcas_21:73:25","152","2","22","integer,integer,integer,integer,boolean","BIED100CTRL/LLN0$Status","0","1","0"
"1795","34.691038180","ipcas_21:73:25","143","2","22","boolean,integer,boolean","BIED100PROT/LLN0$Alarm","1","",""
"1796","34.691038798","ipcas_21:73:25","191","2","22","integer,integer,integer,integer,integer,integer,floating-point,floating-point","BIED100MEAS/LLN0$Measurement","3","-3","-2"
"1847","35.734456261","ipcas_21:73:25","152","2","23","integer,integer,integer,integer,boolean","BIED100CTRL/LLN0$Status","0","1","0"
"1848","35.734720992","ipcas_21:73:25","143","2","23","boolean,integer,boolean","BIED100PROT/LLN0$Alarm","1","",""
"1849","35.735181638","ipcas_21:73:25","191","2","23","integer,integer,integer,integer,integer,integer,floating-point,floating-point","BIED100MEAS/LLN0$Measurement","4","4","0"
"1900","36.774609929","ipcas_21:73:25","152","2","24","integer,integer,integer,integer,boolean","BIED100CTRL/LLN0$Status","0","1","0"
"1901","36.774618063","ipcas_21:73:25","143","2","24","boolean,integer,boolean","BIED100PROT/LLN0$Alarm","1","",""
"1902","36.774618442","ipcas_21:73:25","191","2","24","integer,integer,integer,integer,integer,integer,floating-point,floating-point","BIED100MEAS/LLN0$Measurement","1","1","-3"
"1953","37.808163696","ipcas_21:73:25","152","2","25","integer,integer,integer,integer,boolean","BIED100CTRL/LLN0$Status","0","1","0"
"1954","37.808164032","ipcas_21:73:25","143","2","25","boolean,integer,boolean","BIED100PROT/LLN0$Alarm","1","",""
"1955","37.808164473","ipcas_21:73:25","191","2","25","integer,integer,integer,integer,integer,integer,floating-point,floating-point","BIED100MEAS/LLN0$Measurement","5","-2","0"
"2008","38.850640290","ipcas_21:73:25","152","2","26","integer,integer,integer,integer,boolean","BIED100CTRL/LLN0$Status","0","1","0"
"2009","38.850659582","ipcas_21:73:25","143","2","26","boolean,integer,boolean","BIED100PROT/LLN0$Alarm","1","",""
"2010","38.850660464","ipcas_21:73:25","191","2","26","integer,integer,integer,integer,integer,integer,floating-point,floating-point","BIED100MEAS/LLN0$Measurement","-5","1","-5"
"2062","39.876683457","ipcas_21:73:25","152","2","27","integer,integer,integer,integer,boolean","BIED100CTRL/LLN0$Status","0","1","0"
"2063","39.876999313","ipcas_21:73:25","143","2","27","boolean,integer,boolean","BIED100PROT/LLN0$Alarm","1","",""
"2064","39.877002795","ipcas_21:73:25","191","2","27","integer,integer,integer,integer,integer,integer,floating-point,floating-point","BIED100MEAS/LLN0$Measurement","-3","3","2"
"2115","40.898123417","ipcas_21:73:25","152","2","28","integer,integer,integer,integer,boolean","BIED100CTRL/LLN0$Status","0","1","0"
"2116","40.898131245","ipcas_21:73:25","143","2","28","boolean,integer,boolean","BIED100PROT/LLN0$Alarm","1","",""
"2117","40.898132532","ipcas_21:73:25","191","2","28","integer,integer,integer,integer,integer,integer,floating-point,floating-point","BIED100MEAS/LLN0$Measurement","1","2","-5"
"2168","41.923120036","ipcas_21:73:25","152","2","29","integer,integer,integer,integer,boolean","BIED100CTRL/LLN0$Status","0","1","0"
"2169","41.923325183","ipcas_21:73:25","143","2","29","boolean,integer,boolean","BIED100PROT/LLN0$Alarm","1","",""
"2170","41.923329085","ipcas_21:73:25","191","2","29","integer,integer,integer,integer,integer,integer,floating-point,floating-point","BIED100MEAS/LLN0$Measurement","3","1","-5"
"2221","42.957496006","ipcas_21:73:25","152","2","30","integer,integer,integer,integer,boolean","BIED100CTRL/LLN0$Status","0","1","0"
"2222","42.957502621","ipcas_21:73:25","143","2","30","boolean,integer,boolean","BIED100PROT/LLN0$Alarm","1","",""
"2223","42.957503790","ipcas_21:73:25","191","2","30","integer,integer,integer,integer,integer,integer,floating-point,floating-point","BIED100MEAS/LLN0$Measurement","-5","-4","1"
"2274","43.987073559","ipcas_21:73:25","152","2","31","integer,integer,integer,integer,boolean","BIED100CTRL/LLN0$Status","0","1","0"
"2275","43.987077312","ipcas_21:73:25","143","2","31","boolean,integer,boolean","BIED100PROT/LLN0$Alarm","1","",""
"2276","43.987077871","ipcas_21:73:25","191","2","31","integer,integer,integer,integer,integer,integer,floating-point,floating-point","BIED100MEAS/LLN0$Measurement","-4","-2","-5"
"2327","45.011652407","ipcas_21:73:25","152","2","32","integer,integer,integer,integer,boolean","BIED100CTRL/LLN0$Status","0","1","0"
"2328","45.011655904","ipcas_21:73:25","143","2","32","boolean,integer,boolean","BIED100PROT/LLN0$Alarm","1","",""
"2329","45.011656418","ipcas_21:73:25","191","2","32","integer,integer,integer,integer,integer,integer,floating-point,floating-point","BIED100MEAS/LLN0$Measurement","-3","5","5"
"2381","46.051317842","ipcas_21:73:25","152","2","33","integer,integer,integer,integer,boolean","BIED100CTRL/LLN0$Status","0","1","0"
"2382","46.051319095","ipcas_21:73:25","143","2","33","boolean,integer,boolean","BIED100PROT/LLN0$Alarm","1","",""
"2383","46.051319465","ipcas_21:73:25","191","2","33","integer,integer,integer,integer,integer,integer,floating-point,floating-point","BIED100MEAS/LLN0$Measurement","-2","5","-4"
"2434","47.074883913","ipcas_21:73:25","152","2","34","integer,integer,integer,integer,boolean","BIED100CTRL/LLN0$Status","0","1","0"
"2435","47.074884254","ipcas_21:73:25","143","2","34","boolean,integer,boolean","BIED100PROT/LLN0$Alarm","1","",""
"2436","47.074884661","ipcas_21:73:25","191","2","34","integer,integer,integer,integer,integer,integer,floating-point,floating-point","BIED100MEAS/LLN0$Measurement","-2","1","3"
"2487","48.126052782","ipcas_21:73:25","152","2","35","integer,integer,integer,integer,boolean","BIED100CTRL/LLN0$Status","0","1","0"
"2488","48.127003458","ipcas_21:73:25","143","2","35","boolean,integer,boolean","BIED100PROT/LLN0$Alarm","1","",""
"2489","48.127009574","ipcas_21:73:25","191","2","35","integer,integer,integer,integer,integer,integer,floating-point,floating-point","BIED100MEAS/LLN0$Measurement","2","0","-3"
"2540","49.170373067","ipcas_21:73:25","152","2","36","integer,integer,integer,integer,boolean","BIED100CTRL/LLN0$Status","0","1","0"
"2541","49.170378131","ipcas_21:73:25","143","2","36","boolean,integer,boolean","BIED100PROT/LLN0$Alarm","1","",""
"2542","49.170379280","ipcas_21:73:25","191","2","36","integer,integer,integer,integer,integer,integer,floating-point,floating-point","BIED100MEAS/LLN0$Measurement","3","0","4"
"2593","50.210494295","ipcas_21:73:25","152","2","37","integer,integer,integer,integer,boolean","BIED100CTRL/LLN0$Status","0","1","0"
"2594","50.210499580","ipcas_21:73:25","143","2","37","boolean,integer,boolean","BIED100PROT/LLN0$Alarm","1","",""
"2595","50.210500391","ipcas_21:73:25","191","2","37","integer,integer,integer,integer,integer,integer,floating-point,floating-point","BIED100MEAS/LLN0$Measurement","0","2","-3"
"2646","51.246325542","ipcas_21:73:25","152","2","38","integer,integer,integer,integer,boolean","BIED100CTRL/LLN0$Status","0","1","0"
"2647","51.246326026","ipcas_21:73:25","143","2","38","boolean,integer,boolean","BIED100PROT/LLN0$Alarm","1","",""
"2648","51.246326387","ipcas_21:73:25","191","2","38","integer,integer,integer,integer,integer,integer,floating-point,floating-point","BIED100MEAS/LLN0$Measurement","4","-2","-3"
"2699","52.276960737","ipcas_21:73:25","152","2","39","integer,integer,integer,integer,boolean","BIED100CTRL/LLN0$Status","0","1","0"
"2700","52.276967800","ipcas_21:73:25","143","2","39","boolean,integer,boolean","BIED100PROT/LLN0$Alarm","1","",""
"2701","52.276968952","ipcas_21:73:25","191","2","39","integer,integer,integer,integer,integer,integer,floating-point,floating-point","BIED100MEAS/LLN0$Measurement","-1","5","5"
"2753","53.297044474","ipcas_21:73:25","152","2","40","integer,integer,integer,integer,boolean","BIED100CTRL/LLN0$Status","0","1","0"
"2754","53.297045000","ipcas_21:73:25","143","2","40","boolean,integer,boolean","BIED100PROT/LLN0$Alarm","1","",""
"2755","53.297045411","ipcas_21:73:25","191","2","40","integer,integer,integer,integer,integer,integer,floating-point,floating-point","BIED100MEAS/LLN0$Measurement","5","2","4"
"2806","54.324971511","ipcas_21:73:25","152","2","41","integer,integer,integer,integer,boolean","BIED100CTRL/LLN0$Status","0","1","0"
"2807","54.324972510","ipcas_21:73:25","143","2","41","boolean,integer,boolean","BIED100PROT/LLN0$Alarm","1","",""
"2808","54.324973490","ipcas_21:73:25","191","2","41","integer,integer,integer,integer,integer,integer,floating-point,floating-point","BIED100MEAS/LLN0$Measurement","-5","5","4"
"2859","55.373768577","ipcas_21:73:25","152","2","42","integer,integer,integer,integer,boolean","BIED100CTRL/LLN0$Status","0","1","0"
"2860","55.373772523","ipcas_21:73:25","143","2","42","boolean,integer,boolean","BIED100PROT/LLN0$Alarm","1","",""
"2861","55.373772907","ipcas_21:73:25","191","2","42","integer,integer,integer,integer,integer,integer,floating-point,floating-point","BIED100MEAS/LLN0$Measurement","0","-5","-2"
"2912","56.403652434","ipcas_21:73:25","152","2","43","integer,integer,integer,integer,boolean","BIED100CTRL/LLN0$Status","0","1","0"
"2913","56.403933615","ipcas_21:73:25","143","2","43","boolean,integer,boolean","BIED100PROT/LLN0$Alarm","1","",""
"2914","56.403934553","ipcas_21:73:25","191","2","43","integer,integer,integer,integer,integer,integer,floating-point,floating-point","BIED100MEAS/LLN0$Measurement","5","-3","-1"
"2965","57.429304706","ipcas_21:73:25","152","2","44","integer,integer,integer,integer,boolean","BIED100CTRL/LLN0$Status","0","1","0"
"2966","57.429305720","ipcas_21:73:25","143","2","44","boolean,integer,boolean","BIED100PROT/LLN0$Alarm","1","",""
"2967","57.429306073","ipcas_21:73:25","191","2","44","integer,integer,integer,integer,integer,integer,floating-point,floating-point","BIED100MEAS/LLN0$Measurement","-1","2","1"
"3018","58.479456118","ipcas_21:73:25","152","2","45","integer,integer,integer,integer,boolean","BIED100CTRL/LLN0$Status","0","1","0"
"3019","58.479762040","ipcas_21:73:25","143","2","45","boolean,integer,boolean","BIED100PROT/LLN0$Alarm","1","",""
"3020","58.479765836","ipcas_21:73:25","191","2","45","integer,integer,integer,integer,integer,integer,floating-point,floating-point","BIED100MEAS/LLN0$Measurement","5","0","-5"
"3071","59.520188208","ipcas_21:73:25","152","2","46","integer,integer,integer,integer,boolean","BIED100CTRL/LLN0$Status","0","1","0"
"3072","59.520194243","ipcas_21:73:25","143","2","46","boolean,integer,boolean","BIED100PROT/LLN0$Alarm","1","",""
"3073","59.520195356","ipcas_21:73:25","191","2","46","integer,integer,integer,integer,integer,integer,floating-point,floating-point","BIED100MEAS/LLN0$Measurement","-2","-1","4"
"3124","60.575257838","ipcas_21:73:25","152","2","47","integer,integer,integer,integer,boolean","BIED100CTRL/LLN0$Status","0","1","0"
"3125","60.575267558","ipcas_21:73:25","143","2","47","boolean,integer,boolean","BIED100PROT/LLN0$Alarm","1","",""
"3126","60.575268767","ipcas_21:73:25","191","2","47","integer,integer,integer,integer,integer,integer,floating-point,floating-point","BIED100MEAS/LLN0$Measurement","0","2","5"
"3177","61.635603440","ipcas_21:73:25","152","2","48","integer,integer,integer,integer,boolean","BIED100CTRL/LLN0$Status","0","1","0"
"3178","61.635606865","ipcas_21:73:25","143","2","48","boolean,integer,boolean","BIED100PROT/LLN0$Alarm","1","",""
"3179","61.635607337","ipcas_21:73:25","191","2","48","integer,integer,integer,integer,integer,integer,floating-point,floating-point","BIED100MEAS/LLN0$Measurement","-4","0","-1"
"3231","62.752296822","ipcas_21:73:25","152","2","49","integer,integer,integer,integer,boolean","BIED100CTRL/LLN0$Status","0","1","0"
"3232","62.752298044","ipcas_21:73:25","143","2","49","boolean,integer,boolean","BIED100PROT/LLN0$Alarm","1","",""
"3233","62.752299090","ipcas_21:73:25","191","2","49","integer,integer,integer,integer,integer,integer,floating-point,floating-point","BIED100MEAS/LLN0$Measurement","-2","4","-2"
"3284","63.810951551","ipcas_21:73:25","152","2","50","integer,integer,integer,integer,boolean","BIED100CTRL/LLN0$Status","0","1","0"
"3285","63.810951887","ipcas_21:73:25","143","2","50","boolean,integer,boolean","BIED100PROT/LLN0$Alarm","1","",""
"3286","63.810952321","ipcas_21:73:25","191","2","50","integer,integer,integer,integer,integer,integer,floating-point,floating-point","BIED100MEAS/LLN0$Measurement","4","1","-5"
"3337","64.872870650","ipcas_21:73:25","152","2","51","integer,integer,integer,integer,boolean","BIED100CTRL/LLN0$Status","0","1","0"
"3338","64.872877223","ipcas_21:73:25","143","2","51","boolean,integer,boolean","BIED100PROT/LLN0$Alarm","1","",""
"3339","64.872878404","ipcas_21:73:25","191","2","51","integer,integer,integer,integer,integer,integer,floating-point,floating-point","BIED100MEAS/LLN0$Measurement","-2","-2","2"
"3390","65.917391537","ipcas_21:73:25","152","2","52","integer,integer,integer,integer,boolean","BIED100CTRL/LLN0$Status","0","1","0"
"3391","65.917396687","ipcas_21:73:25","143","2","52","boolean,integer,boolean","BIED100PROT/LLN0$Alarm","1","",""
"3392","65.917397146","ipcas_21:73:25","191","2","52","integer,integer,integer,integer,integer,integer,floating-point,floating-point","BIED100MEAS/LLN0$Measurement","0","-1","0"
"3443","66.955279155","ipcas_21:73:25","152","2","53","integer,integer,integer,integer,boolean","BIED100CTRL/LLN0$Status","0","1","0"
"3444","66.955288019","ipcas_21:73:25","143","2","53","boolean,integer,boolean","BIED100PROT/LLN0$Alarm","1","",""
"3445","66.955289231","ipcas_21:73:25","191","2","53","integer,integer,integer,integer,integer,integer,floating-point,floating-point","BIED100MEAS/LLN0$Measurement","0","2","-5"
"3502","67.982981032","ipcas_21:73:25","152","2","54","integer,integer,integer,integer,boolean","BIED100CTRL/LLN0$Status","0","1","0"
"3503","67.982985427","ipcas_21:73:25","143","2","54","boolean,integer,boolean","BIED100PROT/LLN0$Alarm","1","",""
"3504","67.982986047","ipcas_21:73:25","191","2","54","integer,integer,integer,integer,integer,integer,floating-point,floating-point","BIED100MEAS/LLN0$Measurement","-5","1","-4"
"3564","69.005272499","ipcas_21:73:25","152","2","55","integer,integer,integer,integer,boolean","BIED100CTRL/LLN0$Status","0","1","0"
"3565","69.005280010","ipcas_21:73:25","143","2","55","boolean,integer,boolean","BIED100PROT/LLN0$Alarm","1","",""
"3566","69.005282028","ipcas_21:73:25","191","2","55","integer,integer,integer,integer,integer,integer,floating-point,floating-point","BIED100MEAS/LLN0$Measurement","4","-2","-3"
"3637","70.034541589","ipcas_21:73:25","152","2","56","integer,integer,integer,integer,boolean","BIED100CTRL/LLN0$Status","0","1","0"
"3638","70.034548923","ipcas_21:73:25","143","2","56","boolean,integer,boolean","BIED100PROT/LLN0$Alarm","1","",""
"3639","70.034550084","ipcas_21:73:25","191","2","56","integer,integer,integer,integer,integer,integer,floating-point,floating-point","BIED100MEAS/LLN0$Measurement","-4","4","5"
"3715","71.067695903","ipcas_21:73:25","152","2","57","integer,integer,integer,integer,boolean","BIED100CTRL/LLN0$Status","0","1","0"
"3716","71.067696872","ipcas_21:73:25","143","2","57","boolean,integer,boolean","BIED100PROT/LLN0$Alarm","1","",""
"3717","71.067697790","ipcas_21:73:25","191","2","57","integer,integer,integer,integer,integer,integer,floating-point,floating-point","BIED100MEAS/LLN0$Measurement","1","-2","-1"
"3774","72.117206574","ipcas_21:73:25","152","2","58","integer,integer,integer,integer,boolean","BIED100CTRL/LLN0$Status","0","1","0"
"3775","72.117208375","ipcas_21:73:25","143","2","58","boolean,integer,boolean","BIED100PROT/LLN0$Alarm","1","",""
"3776","72.117208840","ipcas_21:73:25","191","2","58","integer,integer,integer,integer,integer,integer,floating-point,floating-point","BIED100MEAS/LLN0$Measurement","5","-4","-3"
"3829","73.147907145","ipcas_21:73:25","152","2","59","integer,integer,integer,integer,boolean","BIED100CTRL/LLN0$Status","0","1","0"
"3830","73.147913160","ipcas_21:73:25","143","2","59","boolean,integer,boolean","BIED100PROT/LLN0$Alarm","1","",""
"3831","73.147913814","ipcas_21:73:25","191","2","59","integer,integer,integer,integer,integer,integer,floating-point,floating-point","BIED100MEAS/LLN0$Measurement","-3","-2","-5"
"3889","74.198930318","ipcas_21:73:25","152","2","60","integer,integer,integer,integer,boolean","BIED100CTRL/LLN0$Status","0","1","0"
"3890","74.198938173","ipcas_21:73:25","143","2","60","boolean,integer,boolean","BIED100PROT/LLN0$Alarm","1","",""
"3891","74.198939971","ipcas_21:73:25","191","2","60","integer,integer,integer,integer,integer,integer,floating-point,floating-point","BIED100MEAS/LLN0$Measurement","4","-5","5"
"3949","75.243259799","ipcas_21:73:25","152","2","61","integer,integer,integer,integer,boolean","BIED100CTRL/LLN0$Status","0","1","0"
"3950","75.243263671","ipcas_21:73:25","143","2","61","boolean,integer,boolean","BIED100PROT/LLN0$Alarm","1","",""
"3951","75.243264416","ipcas_21:73:25","191","2","61","integer,integer,integer,integer,integer,integer,floating-point,floating-point","BIED100MEAS/LLN0$Measurement","-1","-3","-1"
"4004","76.294261689","ipcas_21:73:25","152","2","62","integer,integer,integer,integer,boolean","BIED100CTRL/LLN0$Status","0","1","0"
"4005","76.294266117","ipcas_21:73:25","143","2","62","boolean,integer,boolean","BIED100PROT/LLN0$Alarm","1","",""
"4006","76.294266954","ipcas_21:73:25","191","2","62","integer,integer,integer,integer,integer,integer,floating-point,floating-point","BIED100MEAS/LLN0$Measurement","-5","-2","5"
"4067","77.327668814","ipcas_21:73:25","152","2","63","integer,integer,integer,integer,boolean","BIED100CTRL/LLN0$Status","0","1","0"
"4068","77.327669565","ipcas_21:73:25","143","2","63","boolean,integer,boolean","BIED100PROT/LLN0$Alarm","1","",""
"4069","77.327670318","ipcas_21:73:25","191","2","63","integer,integer,integer,integer,integer,integer,floating-point,floating-point","BIED100MEAS/LLN0$Measurement","0","-2","-2"
"4129","78.366893273","ipcas_21:73:25","152","2","64","integer,integer,integer,integer,boolean","BIED100CTRL/LLN0$Status","0","1","0"
"4130","78.366899710","ipcas_21:73:25","143","2","64","boolean,integer,boolean","BIED100PROT/LLN0$Alarm","1","",""
"4131","78.366900279","ipcas_21:73:25","191","2","64","integer,integer,integer,integer,integer,integer,floating-point,floating-point","BIED100MEAS/LLN0$Measurement","-4","-4","-2"
"4184","79.419388862","ipcas_21:73:25","152","2","65","integer,integer,integer,integer,boolean","BIED100CTRL/LLN0$Status","0","1","0"
"4185","79.419397107","ipcas_21:73:25","143","2","65","boolean,integer,boolean","BIED100PROT/LLN0$Alarm","1","",""
"4186","79.419397754","ipcas_21:73:25","191","2","65","integer,integer,integer,integer,integer,integer,floating-point,floating-point","BIED100MEAS/LLN0$Measurement","4","5","2"
"4259","80.451397134","ipcas_21:73:25","152","2","66","integer,integer,integer,integer,boolean","BIED100CTRL/LLN0$Status","0","1","0"
"4260","80.451403598","ipcas_21:73:25","143","2","66","boolean,integer,boolean","BIED100PROT/LLN0$Alarm","1","",""
"4261","80.451404646","ipcas_21:73:25","191","2","66","integer,integer,integer,integer,integer,integer,floating-point,floating-point","BIED100MEAS/LLN0$Measurement","4","-2","-5"
"4352","81.482128934","ipcas_21:73:25","152","2","67","integer,integer,integer,integer,boolean","BIED100CTRL/LLN0$Status","0","1","0"
"4353","81.482133770","ipcas_21:73:25","143","2","67","boolean,integer,boolean","BIED100PROT/LLN0$Alarm","1","",""
"4354","81.482134541","ipcas_21:73:25","191","2","67","integer,integer,integer,integer,integer,integer,floating-point,floating-point","BIED100MEAS/LLN0$Measurement","0","2","3"
"4444","82.508770256","ipcas_21:73:25","152","2","68","integer,integer,integer,integer,boolean","BIED100CTRL/LLN0$Status","0","1","0"
"4445","82.508770658","ipcas_21:73:25","143","2","68","boolean,integer,boolean","BIED100PROT/LLN0$Alarm","1","",""
"4446","82.508771018","ipcas_21:73:25","191","2","68","integer,integer,integer,integer,integer,integer,floating-point,floating-point","BIED100MEAS/LLN0$Measurement","3","5","-3"
"4510","83.519223341","ipcas_21:73:25","152","2","69","integer,integer,integer,integer,boolean","BIED100CTRL/LLN0$Status","0","1","0"
"4511","83.519223678","ipcas_21:73:25","143","2","69","boolean,integer,boolean","BIED100PROT/LLN0$Alarm","1","",""
"4512","83.519224340","ipcas_21:73:25","191","2","69","integer,integer,integer,integer,integer,integer,floating-point,floating-point","BIED100MEAS/LLN0$Measurement","-4","-3","5"
"4566","84.544021478","ipcas_21:73:25","152","2","70","integer,integer,integer,integer,boolean","BIED100CTRL/LLN0$Status","0","1","0"
"4567","84.544025210","ipcas_21:73:25","143","2","70","boolean,integer,boolean","BIED100PROT/LLN0$Alarm","1","",""
"4568","84.544025628","ipcas_21:73:25","191","2","70","integer,integer,integer,integer,integer,integer,floating-point,floating-point","BIED100MEAS/LLN0$Measurement","3","-5","2"
"4630","85.629177576","ipcas_21:73:25","152","2","71","integer,integer,integer,integer,boolean","BIED100CTRL/LLN0$Status","0","1","0"
"4631","85.629180968","ipcas_21:73:25","143","2","71","boolean,integer,boolean","BIED100PROT/LLN0$Alarm","1","",""
"4632","85.629181450","ipcas_21:73:25","191","2","71","integer,integer,integer,integer,integer,integer,floating-point,floating-point","BIED100MEAS/LLN0$Measurement","-5","2","4"
"4690","86.665102792","ipcas_21:73:25","152","2","72","integer,integer,integer,integer,boolean","BIED100CTRL/LLN0$Status","0","1","0"
"4691","86.665103704","ipcas_21:73:25","143","2","72","boolean,integer,boolean","BIED100PROT/LLN0$Alarm","1","",""
"4692","86.665105050","ipcas_21:73:25","191","2","72","integer,integer,integer,integer,integer,integer,floating-point,floating-point","BIED100MEAS/LLN0$Measurement","1","5","3"
"4744","87.736762505","ipcas_21:73:25","152","2","73","integer,integer,integer,integer,boolean","BIED100CTRL/LLN0$Status","0","1","0"
"4745","87.736767169","ipcas_21:73:25","143","2","73","boolean,integer,boolean","BIED100PROT/LLN0$Alarm","1","",""
"4746","87.736767799","ipcas_21:73:25","191","2","73","integer,integer,integer,integer,integer,integer,floating-point,floating-point","BIED100MEAS/LLN0$Measurement","-4","-5","5"
"4812","88.861412388","ipcas_21:73:25","152","2","74","integer,integer,integer,integer,boolean","BIED100CTRL/LLN0$Status","0","1","0"
"4813","88.861422309","ipcas_21:73:25","143","2","74","boolean,integer,boolean","BIED100PROT/LLN0$Alarm","1","",""
"4814","88.861423041","ipcas_21:73:25","191","2","74","integer,integer,integer,integer,integer,integer,floating-point,floating-point","BIED100MEAS/LLN0$Measurement","-2","3","3"
"4886","89.909199970","ipcas_21:73:25","152","2","75","integer,integer,integer,integer,boolean","BIED100CTRL/LLN0$Status","0","1","0"
"4887","89.909204330","ipcas_21:73:25","143","2","75","boolean,integer,boolean","BIED100PROT/LLN0$Alarm","1","",""
"4888","89.909204920","ipcas_21:73:25","191","2","75","integer,integer,integer,integer,integer,integer,floating-point,floating-point","BIED100MEAS/LLN0$Measurement","2","-4","-5"
"4941","90.955794749","ipcas_21:73:25","152","2","76","integer,integer,integer,integer,boolean","BIED100CTRL/LLN0$Status","0","1","0"
"4942","90.955795176","ipcas_21:73:25","143","2","76","boolean,integer,boolean","BIED100PROT/LLN0$Alarm","1","",""
"4943","90.955795834","ipcas_21:73:25","191","2","76","integer,integer,integer,integer,integer,integer,floating-point,floating-point","BIED100MEAS/LLN0$Measurement","-1","-4","0"
"4996","91.961887032","ipcas_21:73:25","152","2","77","integer,integer,integer,integer,boolean","BIED100CTRL/LLN0$Status","0","1","0"
"4997","91.961980103","ipcas_21:73:25","143","2","77","boolean,integer,boolean","BIED100PROT/LLN0$Alarm","1","",""
"4998","91.961984169","ipcas_21:73:25","191","2","77","integer,integer,integer,integer,integer,integer,floating-point,floating-point","BIED100MEAS/LLN0$Measurement","-4","-2","5"
"5049","92.986556997","ipcas_21:73:25","152","2","78","integer,integer,integer,integer,boolean","BIED100CTRL/LLN0$Status","0","1","0"
"5050","92.986561189","ipcas_21:73:25","143","2","78","boolean,integer,boolean","BIED100PROT/LLN0$Alarm","1","",""
"5051","92.986561873","ipcas_21:73:25","191","2","78","integer,integer,integer,integer,integer,integer,floating-point,floating-point","BIED100MEAS/LLN0$Measurement","4","5","-4"
"5102","94.003991834","ipcas_21:73:25","152","2","79","integer,integer,integer,integer,boolean","BIED100CTRL/LLN0$Status","0","1","0"
"5103","94.003992198","ipcas_21:73:25","143","2","79","boolean,integer,boolean","BIED100PROT/LLN0$Alarm","1","",""
"5104","94.003992667","ipcas_21:73:25","191","2","79","integer,integer,integer,integer,integer,integer,floating-point,floating-point","BIED100MEAS/LLN0$Measurement","1","5","4"
"5155","95.018684805","ipcas_21:73:25","152","2","80","integer,integer,integer,integer,boolean","BIED100CTRL/LLN0$Status","0","1","0"
"5156","95.018688724","ipcas_21:73:25","143","2","80","boolean,integer,boolean","BIED100PROT/LLN0$Alarm","1","",""
"5157","95.018689826","ipcas_21:73:25","191","2","80","integer,integer,integer,integer,integer,integer,floating-point,floating-point","BIED100MEAS/LLN0$Measurement","3","0","-3"
"5209","96.057332748","ipcas_21:73:25","152","2","81","integer,integer,integer,integer,boolean","BIED100CTRL/LLN0$Status","0","1","0"
"5210","96.057333780","ipcas_21:73:25","143","2","81","boolean,integer,boolean","BIED100PROT/LLN0$Alarm","1","",""
"5211","96.057334967","ipcas_21:73:25","191","2","81","integer,integer,integer,integer,integer,integer,floating-point,floating-point","BIED100MEAS/LLN0$Measurement","1","-3","0"
"5264","97.084145901","ipcas_21:73:25","152","2","82","integer,integer,integer,integer,boolean","BIED100CTRL/LLN0$Status","0","1","0"
"5265","97.084150230","ipcas_21:73:25","143","2","82","boolean,integer,boolean","BIED100PROT/LLN0$Alarm","1","",""
"5266","97.084151304","ipcas_21:73:25","191","2","82","integer,integer,integer,integer,integer,integer,floating-point,floating-point","BIED100MEAS/LLN0$Measurement","1","1","-4"
"5323","98.116976526","ipcas_21:73:25","152","2","83","integer,integer,integer,integer,boolean","BIED100CTRL/LLN0$Status","0","1","0"
"5324","98.116976865","ipcas_21:73:25","143","2","83","boolean,integer,boolean","BIED100PROT/LLN0$Alarm","1","",""
"5325","98.116977317","ipcas_21:73:25","191","2","83","integer,integer,integer,integer,integer,integer,floating-point,floating-point","BIED100MEAS/LLN0$Measurement","-2","-3","4"
"5376","99.165272693","ipcas_21:73:25","152","2","84","integer,integer,integer,integer,boolean","BIED100CTRL/LLN0$Status","0","1","0"
"5377","99.165276770","ipcas_21:73:25","143","2","84","boolean,integer,boolean","BIED100PROT/LLN0$Alarm","1","",""
"5378","99.165277481","ipcas_21:73:25","191","2","84","integer,integer,integer,integer,integer,integer,floating-point,floating-point","BIED100MEAS/LLN0$Measurement","-4","0","2"
"5409","100.199726132","ipcas_21:73:25","152","2","85","integer,integer,integer,integer,boolean","BIED100CTRL/LLN0$Status","0","1","0"
"5410","100.199726565","ipcas_21:73:25","143","2","85","boolean,integer,boolean","BIED100PROT/LLN0$Alarm","1","",""
"5411","100.199727002","ipcas_21:73:25","191","2","85","integer,integer,integer,integer,integer,integer,floating-point,floating-point","BIED100MEAS/LLN0$Measurement","4","-2","-2"
"5467","101.234853485","ipcas_21:73:25","152","2","86","integer,integer,integer,integer,boolean","BIED100CTRL/LLN0$Status","0","1","0"
"5468","101.234855297","ipcas_21:73:25","143","2","86","boolean,integer,boolean","BIED100PROT/LLN0$Alarm","1","",""
"5469","101.234855669","ipcas_21:73:25","191","2","86","integer,integer,integer,integer,integer,integer,floating-point,floating-point","BIED100MEAS/LLN0$Measurement","4","-3","-4"
"5518","102.250981093","ipcas_21:73:25","152","2","87","integer,integer,integer,integer,boolean","BIED100CTRL/LLN0$Status","0","1","0"
"5519","102.250987094","ipcas_21:73:25","143","2","87","boolean,integer,boolean","BIED100PROT/LLN0$Alarm","1","",""
"5520","102.250988089","ipcas_21:73:25","191","2","87","integer,integer,integer,integer,integer,integer,floating-point,floating-point","BIED100MEAS/LLN0$Measurement","-2","4","0"
"5571","103.290798147","ipcas_21:73:25","152","2","88","integer,integer,integer,integer,boolean","BIED100CTRL/LLN0$Status","0","1","0"
"5572","103.290798631","ipcas_21:73:25","143","2","88","boolean,integer,boolean","BIED100PROT/LLN0$Alarm","1","",""
"5573","103.290799744","ipcas_21:73:25","191","2","88","integer,integer,integer,integer,integer,integer,floating-point,floating-point","BIED100MEAS/LLN0$Measurement","1","-5","1"
"5627","104.317672484","ipcas_21:73:25","152","2","89","integer,integer,integer,integer,boolean","BIED100CTRL/LLN0$Status","0","1","0"
"5628","104.317672833","ipcas_21:73:25","143","2","89","boolean,integer,boolean","BIED100PROT/LLN0$Alarm","1","",""
"5629","104.317673269","ipcas_21:73:25","191","2","89","integer,integer,integer,integer,integer,integer,floating-point,floating-point","BIED100MEAS/LLN0$Measurement","-5","-1","2"
"5677","105.331578772","ipcas_21:73:25","152","2","90","integer,integer,integer,integer,boolean","BIED100CTRL/LLN0$Status","0","1","0"
"5678","105.331579310","ipcas_21:73:25","143","2","90","boolean,integer,boolean","BIED100PROT/LLN0$Alarm","1","",""
"5679","105.331579631","ipcas_21:73:25","191","2","90","integer,integer,integer,integer,integer,integer,floating-point,floating-point","BIED100MEAS/LLN0$Measurement","1","-5","-2"
"5731","106.353315021","ipcas_21:73:25","152","2","91","integer,integer,integer,integer,boolean","BIED100CTRL/LLN0$Status","0","1","0"
"5732","106.353318915","ipcas_21:73:25","143","2","91","boolean,integer,boolean","BIED100PROT/LLN0$Alarm","1","",""
"5733","106.353319495","ipcas_21:73:25","191","2","91","integer,integer,integer,integer,integer,integer,floating-point,floating-point","BIED100MEAS/LLN0$Measurement","-4","-5","1"
"5784","107.406476569","ipcas_21:73:25","152","2","92","integer,integer,integer,integer,boolean","BIED100CTRL/LLN0$Status","0","1","0"
"5785","107.406483160","ipcas_21:73:25","143","2","92","boolean,integer,boolean","BIED100PROT/LLN0$Alarm","1","",""
"5786","107.406484119","ipcas_21:73:25","191","2","92","integer,integer,integer,integer,integer,integer,floating-point,floating-point","BIED100MEAS/LLN0$Measurement","-4","1","-1"
"5839","108.449518661","ipcas_21:73:25","152","2","93","integer,integer,integer,integer,boolean","BIED100CTRL/LLN0$Status","0","1","0"
"5840","108.449529854","ipcas_21:73:25","143","2","93","boolean,integer,boolean","BIED100PROT/LLN0$Alarm","1","",""
"5841","108.449530475","ipcas_21:73:25","191","2","93","integer,integer,integer,integer,integer,integer,floating-point,floating-point","BIED100MEAS/LLN0$Measurement","2","-3","2"
"5892","109.501138233","ipcas_21:73:25","152","2","94","integer,integer,integer,integer,boolean","BIED100CTRL/LLN0$Status","0","1","0"
"5893","109.501138686","ipcas_21:73:25","143","2","94","boolean,integer,boolean","BIED100PROT/LLN0$Alarm","1","",""
"5894","109.501139885","ipcas_21:73:25","191","2","94","integer,integer,integer,integer,integer,integer,floating-point,floating-point","BIED100MEAS/LLN0$Measurement","-4","0","0"
"5932","110.519990270","ipcas_21:73:25","152","2","95","integer,integer,integer,integer,boolean","BIED100CTRL/LLN0$Status","0","1","0"
"5933","110.519990747","ipcas_21:73:25","143","2","95","boolean,integer,boolean","BIED100PROT/LLN0$Alarm","1","",""
"5934","110.519991228","ipcas_21:73:25","191","2","95","integer,integer,integer,integer,integer,integer,floating-point,floating-point","BIED100MEAS/LLN0$Measurement","-2","0","2"
"5984","111.551082739","ipcas_21:73:25","152","2","96","integer,integer,integer,integer,boolean","BIED100CTRL/LLN0$Status","0","1","0"
"5985","111.551083090","ipcas_21:73:25","143","2","96","boolean,integer,boolean","BIED100PROT/LLN0$Alarm","1","",""
"5986","111.551083444","ipcas_21:73:25","191","2","96","integer,integer,integer,integer,integer,integer,floating-point,floating-point","BIED100MEAS/LLN0$Measurement","0","2","-5"
"6048","112.585960432","ipcas_21:73:25","152","2","97","integer,integer,integer,integer,boolean","BIED100CTRL/LLN0$Status","0","1","0"
"6049","112.587913544","ipcas_21:73:25","143","2","97","boolean,integer,boolean","BIED100PROT/LLN0$Alarm","1","",""
"6050","112.587920450","ipcas_21:73:25","191","2","97","integer,integer,integer,integer,integer,integer,floating-point,floating-point","BIED100MEAS/LLN0$Measurement","-2","-4","-2"
"6122","113.612232380","ipcas_21:73:25","152","2","98","integer,integer,integer,integer,boolean","BIED100CTRL/LLN0$Status","0","1","0"
"6123","113.612241258","ipcas_21:73:25","143","2","98","boolean,integer,boolean","BIED100PROT/LLN0$Alarm","1","",""
"6124","113.612241941","ipcas_21:73:25","191","2","98","integer,integer,integer,integer,integer,integer,floating-point,floating-point","BIED100MEAS/LLN0$Measurement","-3","2","2"
"6206","114.640723448","ipcas_21:73:25","152","2","99","integer,integer,integer,integer,boolean","BIED100CTRL/LLN0$Status","0","1","0"
"6207","114.640727324","ipcas_21:73:25","143","2","99","boolean,integer,boolean","BIED100PROT/LLN0$Alarm","1","",""
"6208","114.640727917","ipcas_21:73:25","191","2","99","integer,integer,integer,integer,integer,integer,floating-point,floating-point","BIED100MEAS/LLN0$Measurement","-3","5","0"
"6316","115.682858475","ipcas_21:73:25","152","2","100","integer,integer,integer,integer,boolean","BIED100CTRL/LLN0$Status","0","1","0"
"6317","115.682863334","ipcas_21:73:25","143","2","100","boolean,integer,boolean","BIED100PROT/LLN0$Alarm","1","",""
"6318","115.682864367","ipcas_21:73:25","191","2","100","integer,integer,integer,integer,integer,integer,floating-point,floating-point","BIED100MEAS/LLN0$Measurement","0","4","0"
"6421","116.757478370","ipcas_21:73:25","152","2","101","integer,integer,integer,integer,boolean","BIED100CTRL/LLN0$Status","0","1","0"
"6422","116.757481903","ipcas_21:73:25","143","2","101","boolean,integer,boolean","BIED100PROT/LLN0$Alarm","1","",""
"6423","116.757482740","ipcas_21:73:25","191","2","101","integer,integer,integer,integer,integer,integer,floating-point,floating-point","BIED100MEAS/LLN0$Measurement","-1","2","3"
"6555","117.808363880","ipcas_21:73:25","152","2","102","integer,integer,integer,integer,boolean","BIED100CTRL/LLN0$Status","0","1","0"
"6556","117.808367849","ipcas_21:73:25","143","2","102","boolean,integer,boolean","BIED100PROT/LLN0$Alarm","1","",""
"6557","117.808368317","ipcas_21:73:25","191","2","102","integer,integer,integer,integer,integer,integer,floating-point,floating-point","BIED100MEAS/LLN0$Measurement","1","-5","1"
"6652","118.837680113","ipcas_21:73:25","152","2","103","integer,integer,integer,integer,boolean","BIED100CTRL/LLN0$Status","0","1","0"
"6653","118.837680615","ipcas_21:73:25","143","2","103","boolean,integer,boolean","BIED100PROT/LLN0$Alarm","1","",""
"6654","118.837680997","ipcas_21:73:25","191","2","103","integer,integer,integer,integer,integer,integer,floating-point,floating-point","BIED100MEAS/LLN0$Measurement","3","1","2"
"6722","119.861162568","ipcas_21:73:25","152","2","104","integer,integer,integer,integer,boolean","BIED100CTRL/LLN0$Status","0","1","0"
"6723","119.861169379","ipcas_21:73:25","143","2","104","boolean,integer,boolean","BIED100PROT/LLN0$Alarm","1","",""
"6724","119.861169988","ipcas_21:73:25","191","2","104","integer,integer,integer,integer,integer,integer,floating-point,floating-point","BIED100MEAS/LLN0$Measurement","0","-2","-3"
"6789","120.932909056","ipcas_21:73:25","152","2","105","integer,integer,integer,integer,boolean","BIED100CTRL/LLN0$Status","0","1","0"
"6790","120.932917783","ipcas_21:73:25","143","2","105","boolean,integer,boolean","BIED100PROT/LLN0$Alarm","1","",""
"6791","120.932918755","ipcas_21:73:25","191","2","105","integer,integer,integer,integer,integer,integer,floating-point,floating-point","BIED100MEAS/LLN0$Measurement","2","-3","0"
"6868","121.983295000","ipcas_21:73:25","152","2","106","integer,integer,integer,integer,boolean","BIED100CTRL/LLN0$Status","0","1","0"
"6869","121.983298325","ipcas_21:73:25","143","2","106","boolean,integer,boolean","BIED100PROT/LLN0$Alarm","1","",""
"6870","121.983298704","ipcas_21:73:25","191","2","106","integer,integer,integer,integer,integer,integer,floating-point,floating-point","BIED100MEAS/LLN0$Measurement","0","0","4"
"6928","123.026730014","ipcas_21:73:25","152","2","107","integer,integer,integer,integer,boolean","BIED100CTRL/LLN0$Status","0","1","0"
"6929","123.026734771","ipcas_21:73:25","143","2","107","boolean,integer,boolean","BIED100PROT/LLN0$Alarm","1","",""
"6930","123.026735188","ipcas_21:73:25","191","2","107","integer,integer,integer,integer,integer,integer,floating-point,floating-point","BIED100MEAS/LLN0$Measurement","-2","-2","1"
"6989","124.059550335","ipcas_21:73:25","152","2","108","integer,integer,integer,integer,boolean","BIED100CTRL/LLN0$Status","0","1","0"
"6990","124.059554411","ipcas_21:73:25","143","2","108","boolean,integer,boolean","BIED100PROT/LLN0$Alarm","1","",""
"6991","124.059555166","ipcas_21:73:25","191","2","108","integer,integer,integer,integer,integer,integer,floating-point,floating-point","BIED100MEAS/LLN0$Measurement","-5","3","2"
"7054","125.078931928","ipcas_21:73:25","152","2","109","integer,integer,integer,integer,boolean","BIED100CTRL/LLN0$Status","0","1","0"
"7055","125.078932349","ipcas_21:73:25","143","2","109","boolean,integer,boolean","BIED100PROT/LLN0$Alarm","1","",""
"7056","125.078933199","ipcas_21:73:25","191","2","109","integer,integer,integer,integer,integer,integer,floating-point,floating-point","BIED100MEAS/LLN0$Measurement","1","5","0"
"7143","126.106402004","ipcas_21:73:25","152","2","110","integer,integer,integer,integer,boolean","BIED100CTRL/LLN0$Status","0","1","0"
"7144","126.106402313","ipcas_21:73:25","143","2","110","boolean,integer,boolean","BIED100PROT/LLN0$Alarm","1","",""
"7145","126.106402624","ipcas_21:73:25","191","2","110","integer,integer,integer,integer,integer,integer,floating-point,floating-point","BIED100MEAS/LLN0$Measurement","2","1","4"
"7254","127.150332371","ipcas_21:73:25","152","2","111","integer,integer,integer,integer,boolean","BIED100CTRL/LLN0$Status","0","1","0"
"7255","127.150333097","ipcas_21:73:25","143","2","111","boolean,integer,boolean","BIED100PROT/LLN0$Alarm","1","",""
"7256","127.150333776","ipcas_21:73:25","191","2","111","integer,integer,integer,integer,integer,integer,floating-point,floating-point","BIED100MEAS/LLN0$Measurement","-2","-4","0"
"7359","128.204690772","ipcas_21:73:25","152","2","112","integer,integer,integer,integer,boolean","BIED100CTRL/LLN0$Status","0","1","0"
"7360","128.204696236","ipcas_21:73:25","143","2","112","boolean,integer,boolean","BIED100PROT/LLN0$Alarm","1","",""
"7361","128.204697129","ipcas_21:73:25","191","2","112","integer,integer,integer,integer,integer,integer,floating-point,floating-point","BIED100MEAS/LLN0$Measurement","-1","-5","-2"
"7421","129.246668646","ipcas_21:73:25","152","2","113","integer,integer,integer,integer,boolean","BIED100CTRL/LLN0$Status","0","1","0"
"7422","129.246677538","ipcas_21:73:25","143","2","113","boolean,integer,boolean","BIED100PROT/LLN0$Alarm","1","",""
"7423","129.246678180","ipcas_21:73:25","191","2","113","integer,integer,integer,integer,integer,integer,floating-point,floating-point","BIED100MEAS/LLN0$Measurement","-3","1","-4"
"7484","130.259248098","ipcas_21:73:25","152","2","114","integer,integer,integer,integer,boolean","BIED100CTRL/LLN0$Status","0","1","0"
"7485","130.259248624","ipcas_21:73:25","143","2","114","boolean,integer,boolean","BIED100PROT/LLN0$Alarm","1","",""
"7486","130.259249074","ipcas_21:73:25","191","2","114","integer,integer,integer,integer,integer,integer,floating-point,floating-point","BIED100MEAS/LLN0$Measurement","4","-5","2"
"7549","131.284344342","ipcas_21:73:25","152","2","115","integer,integer,integer,integer,boolean","BIED100CTRL/LLN0$Status","0","1","0"
"7550","131.284348770","ipcas_21:73:25","143","2","115","boolean,integer,boolean","BIED100PROT/LLN0$Alarm","1","",""
"7551","131.284392536","ipcas_21:73:25","191","2","115","integer,integer,integer,integer,integer,integer,floating-point,floating-point","BIED100MEAS/LLN0$Measurement","-5","0","2"
"7608","132.428644090","ipcas_21:73:25","152","2","116","integer,integer,integer,integer,boolean","BIED100CTRL/LLN0$Status","0","1","0"
"7609","132.428645119","ipcas_21:73:25","143","2","116","boolean,integer,boolean","BIED100PROT/LLN0$Alarm","1","",""
"7610","132.428645974","ipcas_21:73:25","191","2","116","integer,integer,integer,integer,integer,integer,floating-point,floating-point","BIED100MEAS/LLN0$Measurement","4","2","-4"
"7667","133.468337974","ipcas_21:73:25","152","2","117","integer,integer,integer,integer,boolean","BIED100CTRL/LLN0$Status","0","1","0"
"7668","133.468339217","ipcas_21:73:25","143","2","117","boolean,integer,boolean","BIED100PROT/LLN0$Alarm","1","",""
"7669","133.468340995","ipcas_21:73:25","191","2","117","integer,integer,integer,integer,integer,integer,floating-point,floating-point","BIED100MEAS/LLN0$Measurement","0","0","-4"
"7726","134.498646776","ipcas_21:73:25","152","2","118","integer,integer,integer,integer,boolean","BIED100CTRL/LLN0$Status","0","1","0"
"7727","134.498652327","ipcas_21:73:25","143","2","118","boolean,integer,boolean","BIED100PROT/LLN0$Alarm","1","",""
"7728","134.498653281","ipcas_21:73:25","191","2","118","integer,integer,integer,integer,integer,integer,floating-point,floating-point","BIED100MEAS/LLN0$Measurement","-3","-3","5"
"7787","135.515482913","ipcas_21:73:25","152","2","119","integer,integer,integer,integer,boolean","BIED100CTRL/LLN0$Status","0","1","0"
"7788","135.515483664","ipcas_21:73:25","143","2","119","boolean,integer,boolean","BIED100PROT/LLN0$Alarm","1","",""
"7789","135.515484479","ipcas_21:73:25","191","2","119","integer,integer,integer,integer,integer,integer,floating-point,floating-point","BIED100MEAS/LLN0$Measurement","4","1","1"
"7843","136.528081915","ipcas_21:73:25","152","2","120","integer,integer,integer,integer,boolean","BIED100CTRL/LLN0$Status","0","1","0"
"7844","136.528082279","ipcas_21:73:25","143","2","120","boolean,integer,boolean","BIED100PROT/LLN0$Alarm","1","",""
"7845","136.528082721","ipcas_21:73:25","191","2","120","integer,integer,integer,integer,integer,integer,floating-point,floating-point","BIED100MEAS/LLN0$Measurement","-1","-4","3"
"7897","137.585491712","ipcas_21:73:25","152","2","121","integer,integer,integer,integer,boolean","BIED100CTRL/LLN0$Status","0","1","0"
"7898","137.585492299","ipcas_21:73:25","143","2","121","boolean,integer,boolean","BIED100PROT/LLN0$Alarm","1","",""
"7899","137.585492888","ipcas_21:73:25","191","2","121","integer,integer,integer,integer,integer,integer,floating-point,floating-point","BIED100MEAS/LLN0$Measurement","-4","5","0"
"7953","138.628061162","ipcas_21:73:25","152","2","122","integer,integer,integer,integer,boolean","BIED100CTRL/LLN0$Status","0","1","0"
"7954","138.628367936","ipcas_21:73:25","143","2","122","boolean,integer,boolean","BIED100PROT/LLN0$Alarm","1","",""
"7955","138.628645738","ipcas_21:73:25","191","2","122","integer,integer,integer,integer,integer,integer,floating-point,floating-point","BIED100MEAS/LLN0$Measurement","-2","3","0"
"8008","139.653607561","ipcas_21:73:25","152","2","123","integer,integer,integer,integer,boolean","BIED100CTRL/LLN0$Status","0","1","0"
"8009","139.653856339","ipcas_21:73:25","143","2","123","boolean,integer,boolean","BIED100PROT/LLN0$Alarm","1","",""
"8010","139.653860581","ipcas_21:73:25","191","2","123","integer,integer,integer,integer,integer,integer,floating-point,floating-point","BIED100MEAS/LLN0$Measurement","-2","5","-4"
"8065","140.703227153","ipcas_21:73:25","152","2","124","integer,integer,integer,integer,boolean","BIED100CTRL/LLN0$Status","0","1","0"
"8066","140.703231826","ipcas_21:73:25","143","2","124","boolean,integer,boolean","BIED100PROT/LLN0$Alarm","1","",""
"8067","140.703232565","ipcas_21:73:25","191","2","124","integer,integer,integer,integer,integer,integer,floating-point,floating-point","BIED100MEAS/LLN0$Measurement","5","-3","1"
"8122","141.756225056","ipcas_21:73:25","152","2","125","integer,integer,integer,integer,boolean","BIED100CTRL/LLN0$Status","0","1","0"
"8123","141.756282949","ipcas_21:73:25","143","2","125","boolean,integer,boolean","BIED100PROT/LLN0$Alarm","1","",""
"8124","141.756384340","ipcas_21:73:25","191","2","125","integer,integer,integer,integer,integer,integer,floating-point,floating-point","BIED100MEAS/LLN0$Measurement","-5","4","-2"
"8180","142.782414473","ipcas_21:73:25","152","2","126","integer,integer,integer,integer,boolean","BIED100CTRL/LLN0$Status","0","1","0"
"8181","142.782418170","ipcas_21:73:25","143","2","126","boolean,integer,boolean","BIED100PROT/LLN0$Alarm","1","",""
"8182","142.782418700","ipcas_21:73:25","191","2","126","integer,integer,integer,integer,integer,integer,floating-point,floating-point","BIED100MEAS/LLN0$Measurement","-1","5","0"
"8236","143.796706658","ipcas_21:73:25","152","2","127","integer,integer,integer,integer,boolean","BIED100CTRL/LLN0$Status","0","1","0"
"8237","143.796710168","ipcas_21:73:25","143","2","127","boolean,integer,boolean","BIED100PROT/LLN0$Alarm","1","",""
"8238","143.796711059","ipcas_21:73:25","191","2","127","integer,integer,integer,integer,integer,integer,floating-point,floating-point","BIED100MEAS/LLN0$Measurement","-1","-5","-1"
"8290","144.822708623","ipcas_21:73:25","153","2","128","integer,integer,integer,integer,boolean","BIED100CTRL/LLN0$Status","0","1","0"
"8291","144.822709331","ipcas_21:73:25","144","2","128","boolean,integer,boolean","BIED100PROT/LLN0$Alarm","1","",""
"8292","144.822709873","ipcas_21:73:25","192","2","128","integer,integer,integer,integer,integer,integer,floating-point,floating-point","BIED100MEAS/LLN0$Measurement","3","-4","-5"
"8345","145.834482696","ipcas_21:73:25","153","2","129","integer,integer,integer,integer,boolean","BIED100CTRL/LLN0$Status","0","1","0"
"8346","145.834486986","ipcas_21:73:25","144","2","129","boolean,integer,boolean","BIED100PROT/LLN0$Alarm","1","",""
"8347","145.834487511","ipcas_21:73:25","192","2","129","integer,integer,integer,integer,integer,integer,floating-point,floating-point","BIED100MEAS/LLN0$Measurement","1","5","-2"
"8399","146.861200024","ipcas_21:73:25","153","2","130","integer,integer,integer,integer,boolean","BIED100CTRL/LLN0$Status","0","1","0"
"8400","146.861206575","ipcas_21:73:25","144","2","130","boolean,integer,boolean","BIED100PROT/LLN0$Alarm","1","",""
"8401","146.861207708","ipcas_21:73:25","192","2","130","integer,integer,integer,integer,integer,integer,floating-point,floating-point","BIED100MEAS/LLN0$Measurement","-1","-4","-3"
"8457","147.877855373","ipcas_21:73:25","153","2","131","integer,integer,integer,integer,boolean","BIED100CTRL/LLN0$Status","0","1","0"
"8458","147.877860010","ipcas_21:73:25","144","2","131","boolean,integer,boolean","BIED100PROT/LLN0$Alarm","1","",""
"8459","147.877860995","ipcas_21:73:25","192","2","131","integer,integer,integer,integer,integer,integer,floating-point,floating-point","BIED100MEAS/LLN0$Measurement","5","1","0"
"8501","148.915067134","ipcas_21:73:25","153","2","132","integer,integer,integer,integer,boolean","BIED100CTRL/LLN0$Status","0","1","0"
"8502","148.915070506","ipcas_21:73:25","144","2","132","boolean,integer,boolean","BIED100PROT/LLN0$Alarm","1","",""
"8503","148.915071178","ipcas_21:73:25","192","2","132","integer,integer,integer,integer,integer,integer,floating-point,floating-point","BIED100MEAS/LLN0$Measurement","5","3","4"
"8570","149.986018611","ipcas_21:73:25","153","2","133","integer,integer,integer,integer,boolean","BIED100CTRL/LLN0$Status","0","1","0"
"8571","149.986019214","ipcas_21:73:25","144","2","133","boolean,integer,boolean","BIED100PROT/LLN0$Alarm","1","",""
"8572","149.986019885","ipcas_21:73:25","192","2","133","integer,integer,integer,integer,integer,integer,floating-point,floating-point","BIED100MEAS/LLN0$Measurement","-1","0","-3"
"8623","150.999596160","ipcas_21:73:25","153","2","134","integer,integer,integer,integer,boolean","BIED100CTRL/LLN0$Status","0","1","0"
"8624","150.999599716","ipcas_21:73:25","144","2","134","boolean,integer,boolean","BIED100PROT/LLN0$Alarm","1","",""
"8625","150.999600153","ipcas_21:73:25","192","2","134","integer,integer,integer,integer,integer,integer,floating-point,floating-point","BIED100MEAS/LLN0$Measurement","-3","-4","2"
"8668","152.012395404","ipcas_21:73:25","153","2","135","integer,integer,integer,integer,boolean","BIED100CTRL/LLN0$Status","0","1","0"
"8669","152.012399570","ipcas_21:73:25","144","2","135","boolean,integer,boolean","BIED100PROT/LLN0$Alarm","1","",""
"8670","152.012400283","ipcas_21:73:25","192","2","135","integer,integer,integer,integer,integer,integer,floating-point,floating-point","BIED100MEAS/LLN0$Measurement","1","2","-3"
"8713","153.034425051","ipcas_21:73:25","153","2","136","integer,integer,integer,integer,boolean","BIED100CTRL/LLN0$Status","0","1","0"
"8714","153.034425454","ipcas_21:73:25","144","2","136","boolean,integer,boolean","BIED100PROT/LLN0$Alarm","1","",""
"8716","153.036139709","ipcas_21:73:25","192","2","136","integer,integer,integer,integer,integer,integer,floating-point,floating-point","BIED100MEAS/LLN0$Measurement","5","-4","3"
"8791","154.118405878","ipcas_21:73:25","153","2","137","integer,integer,integer,integer,boolean","BIED100CTRL/LLN0$Status","0","1","0"
"8792","154.118413473","ipcas_21:73:25","144","2","137","boolean,integer,boolean","BIED100PROT/LLN0$Alarm","1","",""
"8793","154.118414891","ipcas_21:73:25","192","2","137","integer,integer,integer,integer,integer,integer,floating-point,floating-point","BIED100MEAS/LLN0$Measurement","2","5","-3"
"8844","155.171573317","ipcas_21:73:25","153","2","138","integer,integer,integer,integer,boolean","BIED100CTRL/LLN0$Status","0","1","0"
"8845","155.171574310","ipcas_21:73:25","144","2","138","boolean,integer,boolean","BIED100PROT/LLN0$Alarm","1","",""
"8846","155.171574794","ipcas_21:73:25","192","2","138","integer,integer,integer,integer,integer,integer,floating-point,floating-point","BIED100MEAS/LLN0$Measurement","-3","4","-3"
"8901","156.193675557","ipcas_21:73:25","153","2","139","integer,integer,integer,integer,boolean","BIED100CTRL/LLN0$Status","0","1","0"
"8902","156.193680847","ipcas_21:73:25","144","2","139","boolean,integer,boolean","BIED100PROT/LLN0$Alarm","1","",""
"8903","156.193681896","ipcas_21:73:25","192","2","139","integer,integer,integer,integer,integer,integer,floating-point,floating-point","BIED100MEAS/LLN0$Measurement","-4","-4","2"
"8956","157.231156097","ipcas_21:73:25","153","2","140","integer,integer,integer,integer,boolean","BIED100CTRL/LLN0$Status","0","1","0"
"8957","157.231156680","ipcas_21:73:25","144","2","140","boolean,integer,boolean","BIED100PROT/LLN0$Alarm","1","",""
"8958","157.231157093","ipcas_21:73:25","192","2","140","integer,integer,integer,integer,integer,integer,floating-point,floating-point","BIED100MEAS/LLN0$Measurement","1","2","3"
"9035","158.309765981","ipcas_21:73:25","153","2","141","integer,integer,integer,integer,boolean","BIED100CTRL/LLN0$Status","0","1","0"
"9036","158.309767765","ipcas_21:73:25","144","2","141","boolean,integer,boolean","BIED100PROT/LLN0$Alarm","1","",""
"9037","158.309768757","ipcas_21:73:25","192","2","141","integer,integer,integer,integer,integer,integer,floating-point,floating-point","BIED100MEAS/LLN0$Measurement","0","-3","-1"
"9104","159.335554869","ipcas_21:73:25","153","2","142","integer,integer,integer,integer,boolean","BIED100CTRL/LLN0$Status","0","1","0"
"9105","159.335558806","ipcas_21:73:25","144","2","142","boolean,integer,boolean","BIED100PROT/LLN0$Alarm","1","",""
"9106","159.335559396","ipcas_21:73:25","192","2","142","integer,integer,integer,integer,integer,integer,floating-point,floating-point","BIED100MEAS/LLN0$Measurement","-2","-4","-2"
"9209","160.352694747","ipcas_21:73:25","153","2","143","integer,integer,integer,integer,boolean","BIED100CTRL/LLN0$Status","0","1","0"
"9210","160.352698678","ipcas_21:73:25","144","2","143","boolean,integer,boolean","BIED100PROT/LLN0$Alarm","1","",""
"9211","160.352699365","ipcas_21:73:25","192","2","143","integer,integer,integer,integer,integer,integer,floating-point,floating-point","BIED100MEAS/LLN0$Measurement","0","4","-2"
"9337","161.379905135","ipcas_21:73:25","153","2","144","integer,integer,integer,integer,boolean","BIED100CTRL/LLN0$Status","0","1","0"
"9338","161.380259227","ipcas_21:73:25","144","2","144","boolean,integer,boolean","BIED100PROT/LLN0$Alarm","1","",""
"9339","161.380259870","ipcas_21:73:25","192","2","144","integer,integer,integer,integer,integer,integer,floating-point,floating-point","BIED100MEAS/LLN0$Measurement","-2","3","4"
"9445","162.421867979","ipcas_21:73:25","153","2","145","integer,integer,integer,integer,boolean","BIED100CTRL/LLN0$Status","0","1","0"
"9446","162.421869142","ipcas_21:73:25","144","2","145","boolean,integer,boolean","BIED100PROT/LLN0$Alarm","1","",""
"9447","162.421870208","ipcas_21:73:25","192","2","145","integer,integer,integer,integer,integer,integer,floating-point,floating-point","BIED100MEAS/LLN0$Measurement","0","4","-2"
"9571","163.453101569","ipcas_21:73:25","153","2","146","integer,integer,integer,integer,boolean","BIED100CTRL/LLN0$Status","0","1","0"
"9572","163.453102179","ipcas_21:73:25","144","2","146","boolean,integer,boolean","BIED100PROT/LLN0$Alarm","1","",""
"9573","163.453102734","ipcas_21:73:25","192","2","146","integer,integer,integer,integer,integer,integer,floating-point,floating-point","BIED100MEAS/LLN0$Measurement","4","-5","0"
"9659","164.490763813","ipcas_21:73:25","153","2","147","integer,integer,integer,integer,boolean","BIED100CTRL/LLN0$Status","0","1","0"
"9660","164.490765821","ipcas_21:73:25","144","2","147","boolean,integer,boolean","BIED100PROT/LLN0$Alarm","1","",""
"9661","164.490767039","ipcas_21:73:25","192","2","147","integer,integer,integer,integer,integer,integer,floating-point,floating-point","BIED100MEAS/LLN0$Measurement","3","-3","1"
"9726","165.530277784","ipcas_21:73:25","153","2","148","integer,integer,integer,integer,boolean","BIED100CTRL/LLN0$Status","0","1","0"
"9727","165.530281573","ipcas_21:73:25","144","2","148","boolean,integer,boolean","BIED100PROT/LLN0$Alarm","1","",""
"9728","165.530282352","ipcas_21:73:25","192","2","148","integer,integer,integer,integer,integer,integer,floating-point,floating-point","BIED100MEAS/LLN0$Measurement","5","1","-2"
"9806","166.570812939","ipcas_21:73:25","153","2","149","integer,integer,integer,integer,boolean","BIED100CTRL/LLN0$Status","0","1","0"
"9807","166.570819267","ipcas_21:73:25","144","2","149","boolean,integer,boolean","BIED100PROT/LLN0$Alarm","1","",""
"9808","166.570819887","ipcas_21:73:25","192","2","149","integer,integer,integer,integer,integer,integer,floating-point,floating-point","BIED100MEAS/LLN0$Measurement","2","-4","-3"
"9872","167.620106967","ipcas_21:73:25","153","2","150","integer,integer,integer,integer,boolean","BIED100CTRL/LLN0$Status","0","1","0"
"9873","167.620107798","ipcas_21:73:25","144","2","150","boolean,integer,boolean","BIED100PROT/LLN0$Alarm","1","",""
"9874","167.620108143","ipcas_21:73:25","192","2","150","integer,integer,integer,integer,integer,integer,floating-point,floating-point","BIED100MEAS/LLN0$Measurement","1","4","-4"
"9935","168.653022851","ipcas_21:73:25","153","2","151","integer,integer,integer,integer,boolean","BIED100CTRL/LLN0$Status","0","1","0"
"9936","168.653033883","ipcas_21:73:25","144","2","151","boolean,integer,boolean","BIED100PROT/LLN0$Alarm","1","",""
"9937","168.653035453","ipcas_21:73:25","192","2","151","integer,integer,integer,integer,integer,integer,floating-point,floating-point","BIED100MEAS/LLN0$Measurement","-3","1","4"
"9992","169.682980187","ipcas_21:73:25","153","2","152","integer,integer,integer,integer,boolean","BIED100CTRL/LLN0$Status","0","1","0"
"9993","169.682989341","ipcas_21:73:25","144","2","152","boolean,integer,boolean","BIED100PROT/LLN0$Alarm","1","",""
"9994","169.682989787","ipcas_21:73:25","192","2","152","integer,integer,integer,integer,integer,integer,floating-point,floating-point","BIED100MEAS/LLN0$Measurement","1","3","0"
"10059","170.705851092","ipcas_21:73:25","153","2","153","integer,integer,integer,integer,boolean","BIED100CTRL/LLN0$Status","0","1","0"
"10060","170.705852593","ipcas_21:73:25","144","2","153","boolean,integer,boolean","BIED100PROT/LLN0$Alarm","1","",""
"10061","170.705853084","ipcas_21:73:25","192","2","153","integer,integer,integer,integer,integer,integer,floating-point,floating-point","BIED100MEAS/LLN0$Measurement","3","-1","0"
"10147","171.743511773","ipcas_21:73:25","153","2","154","integer,integer,integer,integer,boolean","BIED100CTRL/LLN0$Status","0","1","0"
"10148","171.743519300","ipcas_21:73:25","144","2","154","boolean,integer,boolean","BIED100PROT/LLN0$Alarm","1","",""
"10149","171.743520857","ipcas_21:73:25","192","2","154","integer,integer,integer,integer,integer,integer,floating-point,floating-point","BIED100MEAS/LLN0$Measurement","-2","1","-1"
"10249","172.781069729","ipcas_21:73:25","153","2","155","integer,integer,integer,integer,boolean","BIED100CTRL/LLN0$Status","0","1","0"
"10251","172.781090001","ipcas_21:73:25","144","2","155","boolean,integer,boolean","BIED100PROT/LLN0$Alarm","1","",""
"10252","172.781090786","ipcas_21:73:25","192","2","155","integer,integer,integer,integer,integer,integer,floating-point,floating-point","BIED100MEAS/LLN0$Measurement","-1","3","-4"
"10357","173.805280124","ipcas_21:73:25","153","2","156","integer,integer,integer,integer,boolean","BIED100CTRL/LLN0$Status","0","1","0"
"10358","173.805280874","ipcas_21:73:25","144","2","156","boolean,integer,boolean","BIED100PROT/LLN0$Alarm","1","",""
"10359","173.805281309","ipcas_21:73:25","192","2","156","integer,integer,integer,integer,integer,integer,floating-point,floating-point","BIED100MEAS/LLN0$Measurement","3","5","5"
"10433","174.842880839","ipcas_21:73:25","153","2","157","integer,integer,integer,integer,boolean","BIED100CTRL/LLN0$Status","0","1","0"
"10434","174.842881287","ipcas_21:73:25","144","2","157","boolean,integer,boolean","BIED100PROT/LLN0$Alarm","1","",""
"10435","174.842881791","ipcas_21:73:25","192","2","157","integer,integer,integer,integer,integer,integer,floating-point,floating-point","BIED100MEAS/LLN0$Measurement","4","-4","-3"
"10493","175.857329918","ipcas_21:73:25","153","2","158","integer,integer,integer,integer,boolean","BIED100CTRL/LLN0$Status","0","1","0"
"10494","175.857334189","ipcas_21:73:25","144","2","158","boolean,integer,boolean","BIED100PROT/LLN0$Alarm","1","",""
"10495","175.857334787","ipcas_21:73:25","192","2","158","integer,integer,integer,integer,integer,integer,floating-point,floating-point","BIED100MEAS/LLN0$Measurement","0","5","2"
"10588","177.254404687","ipcas_21:73:25","153","2","159","integer,integer,integer,integer,boolean","BIED100CTRL/LLN0$Status","0","1","0"
"10589","177.254408516","ipcas_21:73:25","144","2","159","boolean,integer,boolean","BIED100PROT/LLN0$Alarm","1","",""
"10590","177.254408945","ipcas_21:73:25","192","2","159","integer,integer,integer,integer,integer,integer,floating-point,floating-point","BIED100MEAS/LLN0$Measurement","-4","2","2"
"10647","178.279517369","ipcas_21:73:25","153","2","160","integer,integer,integer,integer,boolean","BIED100CTRL/LLN0$Status","0","1","0"
"10648","178.279522112","ipcas_21:73:25","144","2","160","boolean,integer,boolean","BIED100PROT/LLN0$Alarm","1","",""
"10649","178.279523372","ipcas_21:73:25","192","2","160","integer,integer,integer,integer,integer,integer,floating-point,floating-point","BIED100MEAS/LLN0$Measurement","0","-2","-4"
"10686","179.309583669","ipcas_21:73:25","153","2","161","integer,integer,integer,integer,boolean","BIED100CTRL/LLN0$Status","0","1","0"
"10687","179.309584093","ipcas_21:73:25","144","2","161","boolean,integer,boolean","BIED100PROT/LLN0$Alarm","1","",""
"10688","179.309584693","ipcas_21:73:25","192","2","161","integer,integer,integer,integer,integer,integer,floating-point,floating-point","BIED100MEAS/LLN0$Measurement","-4","4","5"
"10764","180.359935874","ipcas_21:73:25","153","2","162","integer,integer,integer,integer,boolean","BIED100CTRL/LLN0$Status","0","1","0"
"10765","180.359936406","ipcas_21:73:25","144","2","162","boolean,integer,boolean","BIED100PROT/LLN0$Alarm","1","",""
"10766","180.359937087","ipcas_21:73:25","192","2","162","integer,integer,integer,integer,integer,integer,floating-point,floating-point","BIED100MEAS/LLN0$Measurement","5","-4","-2"
"10825","181.432425810","ipcas_21:73:25","153","2","163","integer,integer,integer,integer,boolean","BIED100CTRL/LLN0$Status","0","1","0"
"10826","181.432435660","ipcas_21:73:25","144","2","163","boolean,integer,boolean","BIED100PROT/LLN0$Alarm","1","",""
"10827","181.432437961","ipcas_21:73:25","192","2","163","integer,integer,integer,integer,integer,integer,floating-point,floating-point","BIED100MEAS/LLN0$Measurement","-5","4","-2"
"10882","182.445483250","ipcas_21:73:25","153","2","164","integer,integer,integer,integer,boolean","BIED100CTRL/LLN0$Status","0","1","0"
"10883","182.445487322","ipcas_21:73:25","144","2","164","boolean,integer,boolean","BIED100PROT/LLN0$Alarm","1","",""
"10884","182.445488467","ipcas_21:73:25","192","2","164","integer,integer,integer,integer,integer,integer,floating-point,floating-point","BIED100MEAS/LLN0$Measurement","5","3","-2"
"10936","183.466628202","ipcas_21:73:25","153","2","165","integer,integer,integer,integer,boolean","BIED100CTRL/LLN0$Status","0","1","0"
"10937","183.466634697","ipcas_21:73:25","144","2","165","boolean,integer,boolean","BIED100PROT/LLN0$Alarm","1","",""
"10938","183.467175260","ipcas_21:73:25","192","2","165","integer,integer,integer,integer,integer,integer,floating-point,floating-point","BIED100MEAS/LLN0$Measurement","0","1","-3"
"10989","184.486682407","ipcas_21:73:25","153","2","166","integer,integer,integer,integer,boolean","BIED100CTRL/LLN0$Status","0","1","0"
"10990","184.486687142","ipcas_21:73:25","144","2","166","boolean,integer,boolean","BIED100PROT/LLN0$Alarm","1","",""
"10991","184.486688028","ipcas_21:73:25","192","2","166","integer,integer,integer,integer,integer,integer,floating-point,floating-point","BIED100MEAS/LLN0$Measurement","5","1","1"
"11042","185.540536475","ipcas_21:73:25","153","2","167","integer,integer,integer,integer,boolean","BIED100CTRL/LLN0$Status","0","1","0"
"11043","185.540536963","ipcas_21:73:25","144","2","167","boolean,integer,boolean","BIED100PROT/LLN0$Alarm","1","",""
"11044","185.540537412","ipcas_21:73:25","192","2","167","integer,integer,integer,integer,integer,integer,floating-point,floating-point","BIED100MEAS/LLN0$Measurement","-3","0","0"
"11095","186.580587881","ipcas_21:73:25","153","2","168","integer,integer,integer,integer,boolean","BIED100CTRL/LLN0$Status","0","1","0"
"11096","186.580596589","ipcas_21:73:25","144","2","168","boolean,integer,boolean","BIED100PROT/LLN0$Alarm","1","",""
"11097","186.580743844","ipcas_21:73:25","192","2","168","integer,integer,integer,integer,integer,integer,floating-point,floating-point","BIED100MEAS/LLN0$Measurement","4","0","-3"
"11155","187.646762666","ipcas_21:73:25","153","2","169","integer,integer,integer,integer,boolean","BIED100CTRL/LLN0$Status","0","1","0"
"11156","187.646865379","ipcas_21:73:25","144","2","169","boolean,integer,boolean","BIED100PROT/LLN0$Alarm","1","",""
"11157","187.646868689","ipcas_21:73:25","192","2","169","integer,integer,integer,integer,integer,integer,floating-point,floating-point","BIED100MEAS/LLN0$Measurement","0","1","-2"
"11214","188.674103619","ipcas_21:73:25","153","2","170","integer,integer,integer,integer,boolean","BIED100CTRL/LLN0$Status","0","1","0"
"11215","188.674113242","ipcas_21:73:25","144","2","170","boolean,integer,boolean","BIED100PROT/LLN0$Alarm","1","",""
"11216","188.674160876","ipcas_21:73:25","192","2","170","integer,integer,integer,integer,integer,integer,floating-point,floating-point","BIED100MEAS/LLN0$Measurement","-3","2","-5"
"11267","189.752974813","ipcas_21:73:25","153","2","171","integer,integer,integer,integer,boolean","BIED100CTRL/LLN0$Status","0","1","0"
"11268","189.752979836","ipcas_21:73:25","144","2","171","boolean,integer,boolean","BIED100PROT/LLN0$Alarm","1","",""
"11269","189.753143498","ipcas_21:73:25","192","2","171","integer,integer,integer,integer,integer,integer,floating-point,floating-point","BIED100MEAS/LLN0$Measurement","-5","1","-3"
"11327","190.833982896","ipcas_21:73:25","153","2","172","integer,integer,integer,integer,boolean","BIED100CTRL/LLN0$Status","0","1","0"
"11328","190.833988647","ipcas_21:73:25","144","2","172","boolean,integer,boolean","BIED100PROT/LLN0$Alarm","1","",""
"11329","190.833989331","ipcas_21:73:25","192","2","172","integer,integer,integer,integer,integer,integer,floating-point,floating-point","BIED100MEAS/LLN0$Measurement","-1","-4","2"
"11384","191.883377204","ipcas_21:73:25","153","2","173","integer,integer,integer,integer,boolean","BIED100CTRL/LLN0$Status","0","1","0"
"11385","191.883383855","ipcas_21:73:25","144","2","173","boolean,integer,boolean","BIED100PROT/LLN0$Alarm","1","",""
"11386","191.883384731","ipcas_21:73:25","192","2","173","integer,integer,integer,integer,integer,integer,floating-point,floating-point","BIED100MEAS/LLN0$Measurement","-1","0","-2"
"11439","192.938733583","ipcas_21:73:25","153","2","174","integer,integer,integer,integer,boolean","BIED100CTRL/LLN0$Status","0","1","0"
"11440","192.938945926","ipcas_21:73:25","144","2","174","boolean,integer,boolean","BIED100PROT/LLN0$Alarm","1","",""
"11441","192.938950568","ipcas_21:73:25","192","2","174","integer,integer,integer,integer,integer,integer,floating-point,floating-point","BIED100MEAS/LLN0$Measurement","-5","4","-4"
"11520","195.546383127","ipcas_21:73:25","153","2","175","integer,integer,integer,integer,boolean","BIED100CTRL/LLN0$Status","0","1","0"
"11521","195.546389302","ipcas_21:73:25","144","2","175","boolean,integer,boolean","BIED100PROT/LLN0$Alarm","1","",""
"11522","195.546545825","ipcas_21:73:25","192","2","175","integer,integer,integer,integer,integer,integer,floating-point,floating-point","BIED100MEAS/LLN0$Measurement","0","4","4"
"11574","196.600614391","ipcas_21:73:25","153","2","176","integer,integer,integer,integer,boolean","BIED100CTRL/LLN0$Status","0","1","0"
"11575","196.600618005","ipcas_21:73:25","144","2","176","boolean,integer,boolean","BIED100PROT/LLN0$Alarm","1","",""
"11576","196.600618497","ipcas_21:73:25","192","2","176","integer,integer,integer,integer,integer,integer,floating-point,floating-point","BIED100MEAS/LLN0$Measurement","-3","0","-4"
"11629","197.654818253","ipcas_21:73:25","153","2","177","integer,integer,integer,integer,boolean","BIED100CTRL/LLN0$Status","0","1","0"
"11630","197.654822206","ipcas_21:73:25","144","2","177","boolean,integer,boolean","BIED100PROT/LLN0$Alarm","1","",""
"11631","197.654823044","ipcas_21:73:25","192","2","177","integer,integer,integer,integer,integer,integer,floating-point,floating-point","BIED100MEAS/LLN0$Measurement","-1","-5","-4"
"11685","198.697560527","ipcas_21:73:25","153","2","178","integer,integer,integer,integer,boolean","BIED100CTRL/LLN0$Status","0","1","0"
"11686","198.697567174","ipcas_21:73:25","144","2","178","boolean,integer,boolean","BIED100PROT/LLN0$Alarm","1","",""
"11687","198.697568119","ipcas_21:73:25","192","2","178","integer,integer,integer,integer,integer,integer,floating-point,floating-point","BIED100MEAS/LLN0$Measurement","3","5","5"
"11739","199.771491198","ipcas_21:73:25","153","2","179","integer,integer,integer,integer,boolean","BIED100CTRL/LLN0$Status","0","1","0"
"11740","199.771495066","ipcas_21:73:25","144","2","179","boolean,integer,boolean","BIED100PROT/LLN0$Alarm","1","",""
"11741","199.771849487","ipcas_21:73:25","192","2","179","integer,integer,integer,integer,integer,integer,floating-point,floating-point","BIED100MEAS/LLN0$Measurement","-1","0","-1"
"11798","200.827420914","ipcas_21:73:25","153","2","180","integer,integer,integer,integer,boolean","BIED100CTRL/LLN0$Status","0","1","0"
"11799","200.827425176","ipcas_21:73:25","144","2","180","boolean,integer,boolean","BIED100PROT/LLN0$Alarm","1","",""
"11800","200.827425980","ipcas_21:73:25","192","2","180","integer,integer,integer,integer,integer,integer,floating-point,floating-point","BIED100MEAS/LLN0$Measurement","-5","-1","-2"
"11868","201.874674088","ipcas_21:73:25","153","2","181","integer,integer,integer,integer,boolean","BIED100CTRL/LLN0$Status","0","1","0"
"11869","201.874680061","ipcas_21:73:25","144","2","181","boolean,integer,boolean","BIED100PROT/LLN0$Alarm","1","",""
"11870","201.875056893","ipcas_21:73:25","192","2","181","integer,integer,integer,integer,integer,integer,floating-point,floating-point","BIED100MEAS/LLN0$Measurement","1","-5","2"
"11936","202.914076565","ipcas_21:73:25","153","2","182","integer,integer,integer,integer,boolean","BIED100CTRL/LLN0$Status","0","1","0"
"11937","202.914077142","ipcas_21:73:25","144","2","182","boolean,integer,boolean","BIED100PROT/LLN0$Alarm","1","",""
"11938","202.914077974","ipcas_21:73:25","192","2","182","integer,integer,integer,integer,integer,integer,floating-point,floating-point","BIED100MEAS/LLN0$Measurement","-1","-3","1"
"12013","203.938698263","ipcas_21:73:25","153","2","183","integer,integer,integer,integer,boolean","BIED100CTRL/LLN0$Status","0","1","0"
"12014","203.938705644","ipcas_21:73:25","144","2","183","boolean,integer,boolean","BIED100PROT/LLN0$Alarm","1","",""
"12015","203.938706228","ipcas_21:73:25","192","2","183","integer,integer,integer,integer,integer,integer,floating-point,floating-point","BIED100MEAS/LLN0$Measurement","-1","-5","2"
"12115","204.981988009","ipcas_21:73:25","153","2","184","integer,integer,integer,integer,boolean","BIED100CTRL/LLN0$Status","0","1","0"
"12116","204.981994300","ipcas_21:73:25","144","2","184","boolean,integer,boolean","BIED100PROT/LLN0$Alarm","1","",""
"12117","204.981995870","ipcas_21:73:25","192","2","184","integer,integer,integer,integer,integer,integer,floating-point,floating-point","BIED100MEAS/LLN0$Measurement","0","2","0"
"12216","206.034489173","ipcas_21:73:25","153","2","185","integer,integer,integer,integer,boolean","BIED100CTRL/LLN0$Status","0","1","0"
"12217","206.034493131","ipcas_21:73:25","144","2","185","boolean,integer,boolean","BIED100PROT/LLN0$Alarm","1","",""
"12218","206.034493565","ipcas_21:73:25","192","2","185","integer,integer,integer,integer,integer,integer,floating-point,floating-point","BIED100MEAS/LLN0$Measurement","-4","3","1"
"12316","207.105360199","ipcas_21:73:25","153","2","186","integer,integer,integer,integer,boolean","BIED100CTRL/LLN0$Status","0","1","0"
"12317","207.105369704","ipcas_21:73:25","144","2","186","boolean,integer,boolean","BIED100PROT/LLN0$Alarm","1","",""
"12318","207.105395624","ipcas_21:73:25","192","2","186","integer,integer,integer,integer,integer,integer,floating-point,floating-point","BIED100MEAS/LLN0$Measurement","0","-3","-4"
"12400","208.163090560","ipcas_21:73:25","153","2","187","integer,integer,integer,integer,boolean","BIED100CTRL/LLN0$Status","0","1","0"
"12401","208.163094005","ipcas_21:73:25","144","2","187","boolean,integer,boolean","BIED100PROT/LLN0$Alarm","1","",""
"12402","208.163094553","ipcas_21:73:25","192","2","187","integer,integer,integer,integer,integer,integer,floating-point,floating-point","BIED100MEAS/LLN0$Measurement","0","1","3"
"12587","209.852306187","ipcas_21:73:25","153","2","188","integer,integer,integer,integer,boolean","BIED100CTRL/LLN0$Status","0","1","0"
"12588","209.852314731","ipcas_21:73:25","144","2","188","boolean,integer,boolean","BIED100PROT/LLN0$Alarm","1","",""
"12589","209.852315374","ipcas_21:73:25","192","2","188","integer,integer,integer,integer,integer,integer,floating-point,floating-point","BIED100MEAS/LLN0$Measurement","-2","-4","5"
"12706","212.385384318","ipcas_21:73:25","153","2","189","integer,integer,integer,integer,boolean","BIED100CTRL/LLN0$Status","0","1","0"
"12707","212.385528245","ipcas_21:73:25","144","2","189","boolean,integer,boolean","BIED100PROT/LLN0$Alarm","1","",""
"12708","212.385664073","ipcas_21:73:25","192","2","189","integer,integer,integer,integer,integer,integer,floating-point,floating-point","BIED100MEAS/LLN0$Measurement","1","5","3"
"12768","213.431128386","ipcas_21:73:25","153","2","190","integer,integer,integer,integer,boolean","BIED100CTRL/LLN0$Status","0","1","0"
"12769","213.431134778","ipcas_21:73:25","144","2","190","boolean,integer,boolean","BIED100PROT/LLN0$Alarm","1","",""
"12770","213.431498017","ipcas_21:73:25","192","2","190","integer,integer,integer,integer,integer,integer,floating-point,floating-point","BIED100MEAS/LLN0$Measurement","-2","0","1"
"12829","214.484989546","ipcas_21:73:25","153","2","191","integer,integer,integer,integer,boolean","BIED100CTRL/LLN0$Status","0","1","0"
"12830","214.485149488","ipcas_21:73:25","144","2","191","boolean,integer,boolean","BIED100PROT/LLN0$Alarm","1","",""
"12831","214.485153451","ipcas_21:73:25","192","2","191","integer,integer,integer,integer,integer,integer,floating-point,floating-point","BIED100MEAS/LLN0$Measurement","-1","-4","2"
"12886","215.536768522","ipcas_21:73:25","153","2","192","integer,integer,integer,integer,boolean","BIED100CTRL/LLN0$Status","0","1","0"
"12887","215.536958296","ipcas_21:73:25","144","2","192","boolean,integer,boolean","BIED100PROT/LLN0$Alarm","1","",""
"12888","215.536961897","ipcas_21:73:25","192","2","192","integer,integer,integer,integer,integer,integer,floating-point,floating-point","BIED100MEAS/LLN0$Measurement","-5","-4","3"
"12955","216.623629974","ipcas_21:73:25","153","2","193","integer,integer,integer,integer,boolean","BIED100CTRL/LLN0$Status","0","1","0"
"12956","216.624276151","ipcas_21:73:25","144","2","193","boolean,integer,boolean","BIED100PROT/LLN0$Alarm","1","",""
"12957","216.624279262","ipcas_21:73:25","192","2","193","integer,integer,integer,integer,integer,integer,floating-point,floating-point","BIED100MEAS/LLN0$Measurement","-3","-5","0"
"13040","217.706176301","ipcas_21:73:25","153","2","194","integer,integer,integer,integer,boolean","BIED100CTRL/LLN0$Status","0","1","0"
"13041","217.706180124","ipcas_21:73:25","144","2","194","boolean,integer,boolean","BIED100PROT/LLN0$Alarm","1","",""
"13042","217.706374862","ipcas_21:73:25","192","2","194","integer,integer,integer,integer,integer,integer,floating-point,floating-point","BIED100MEAS/LLN0$Measurement","-2","4","-1"
"13123","218.742039714","ipcas_21:73:25","153","2","195","integer,integer,integer,integer,boolean","BIED100CTRL/LLN0$Status","0","1","0"
"13124","218.742040275","ipcas_21:73:25","144","2","195","boolean,integer,boolean","BIED100PROT/LLN0$Alarm","1","",""
"13125","218.742040672","ipcas_21:73:25","192","2","195","integer,integer,integer,integer,integer,integer,floating-point,floating-point","BIED100MEAS/LLN0$Measurement","-4","2","-1"
"13244","219.824889510","ipcas_21:73:25","153","2","196","integer,integer,integer,integer,boolean","BIED100CTRL/LLN0$Status","0","1","0"
"13245","219.824892460","ipcas_21:73:25","144","2","196","boolean,integer,boolean","BIED100PROT/LLN0$Alarm","1","",""
"13246","219.824893440","ipcas_21:73:25","192","2","196","integer,integer,integer,integer,integer,integer,floating-point,floating-point","BIED100MEAS/LLN0$Measurement","3","4","3"
"13314","220.889807867","ipcas_21:73:25","153","2","197","integer,integer,integer,integer,boolean","BIED100CTRL/LLN0$Status","0","1","0"
"13315","220.890293952","ipcas_21:73:25","144","2","197","boolean,integer,boolean","BIED100PROT/LLN0$Alarm","1","",""
"13316","220.890513837","ipcas_21:73:25","192","2","197","integer,integer,integer,integer,integer,integer,floating-point,floating-point","BIED100MEAS/LLN0$Measurement","2","1","3"
"13377","221.954592488","ipcas_21:73:25","153","2","198","integer,integer,integer,integer,boolean","BIED100CTRL/LLN0$Status","0","1","0"
"13378","221.954595844","ipcas_21:73:25","144","2","198","boolean,integer,boolean","BIED100PROT/LLN0$Alarm","1","",""
"13379","221.954596723","ipcas_21:73:25","192","2","198","integer,integer,integer,integer,integer,integer,floating-point,floating-point","BIED100MEAS/LLN0$Measurement","5","0","1"
"13442","223.006428456","ipcas_21:73:25","153","2","199","integer,integer,integer,integer,boolean","BIED100CTRL/LLN0$Status","0","1","0"
"13443","223.006432465","ipcas_21:73:25","144","2","199","boolean,integer,boolean","BIED100PROT/LLN0$Alarm","1","",""
"13444","223.006433356","ipcas_21:73:25","192","2","199","integer,integer,integer,integer,integer,integer,floating-point,floating-point","BIED100MEAS/LLN0$Measurement","4","2","5"
"13503","224.052709756","ipcas_21:73:25","153","2","200","integer,integer,integer,integer,boolean","BIED100CTRL/LLN0$Status","0","1","0"
"13504","224.052715449","ipcas_21:73:25","144","2","200","boolean,integer,boolean","BIED100PROT/LLN0$Alarm","1","",""
"13505","224.052716723","ipcas_21:73:25","192","2","200","integer,integer,integer,integer,integer,integer,floating-point,floating-point","BIED100MEAS/LLN0$Measurement","-5","-4","5"
"13566","225.109234333","ipcas_21:73:25","153","2","201","integer,integer,integer,integer,boolean","BIED100CTRL/LLN0$Status","0","1","0"
"13567","225.109237463","ipcas_21:73:25","144","2","201","boolean,integer,boolean","BIED100PROT/LLN0$Alarm","1","",""
"13568","225.109335707","ipcas_21:73:25","192","2","201","integer,integer,integer,integer,integer,integer,floating-point,floating-point","BIED100MEAS/LLN0$Measurement","0","5","0"
"13625","226.146025376","ipcas_21:73:25","153","2","202","integer,integer,integer,integer,boolean","BIED100CTRL/LLN0$Status","0","1","0"
"13626","226.146025661","ipcas_21:73:25","144","2","202","boolean,integer,boolean","BIED100PROT/LLN0$Alarm","1","",""
"13627","226.146026067","ipcas_21:73:25","192","2","202","integer,integer,integer,integer,integer,integer,floating-point,floating-point","BIED100MEAS/LLN0$Measurement","-2","4","1"
"13716","228.479029002","ipcas_21:73:25","153","2","203","integer,integer,integer,integer,boolean","BIED100CTRL/LLN0$Status","0","1","0"
"13717","228.479160892","ipcas_21:73:25","144","2","203","boolean,integer,boolean","BIED100PROT/LLN0$Alarm","1","",""
"13718","228.479173131","ipcas_21:73:25","192","2","203","integer,integer,integer,integer,integer,integer,floating-point,floating-point","BIED100MEAS/LLN0$Measurement","-5","0","-1"
"13770","229.529909516","ipcas_21:73:25","153","2","204","integer,integer,integer,integer,boolean","BIED100CTRL/LLN0$Status","0","1","0"
"13771","229.529915626","ipcas_21:73:25","144","2","204","boolean,integer,boolean","BIED100PROT/LLN0$Alarm","1","",""
"13772","229.530642691","ipcas_21:73:25","192","2","204","integer,integer,integer,integer,integer,integer,floating-point,floating-point","BIED100MEAS/LLN0$Measurement","-5","1","5"
"13825","230.605749404","ipcas_21:73:25","153","2","205","integer,integer,integer,integer,boolean","BIED100CTRL/LLN0$Status","0","1","0"
"13826","230.605754079","ipcas_21:73:25","144","2","205","boolean,integer,boolean","BIED100PROT/LLN0$Alarm","1","",""
"13827","230.606143632","ipcas_21:73:25","192","2","205","integer,integer,integer,integer,integer,integer,floating-point,floating-point","BIED100MEAS/LLN0$Measurement","-4","3","2"
"13878","231.644437205","ipcas_21:73:25","153","2","206","integer,integer,integer,integer,boolean","BIED100CTRL/LLN0$Status","0","1","0"
"13879","231.644445251","ipcas_21:73:25","144","2","206","boolean,integer,boolean","BIED100PROT/LLN0$Alarm","1","",""
"13880","231.644446022","ipcas_21:73:25","192","2","206","integer,integer,integer,integer,integer,integer,floating-point,floating-point","BIED100MEAS/LLN0$Measurement","1","-1","4"
"13932","232.693435073","ipcas_21:73:25","153","2","207","integer,integer,integer,integer,boolean","BIED100CTRL/LLN0$Status","0","1","0"
"13933","232.693438392","ipcas_21:73:25","144","2","207","boolean,integer,boolean","BIED100PROT/LLN0$Alarm","1","",""
"13934","232.693438844","ipcas_21:73:25","192","2","207","integer,integer,integer,integer,integer,integer,floating-point,floating-point","BIED100MEAS/LLN0$Measurement","-2","-3","-3"
"13990","233.744108452","ipcas_21:73:25","153","2","208","integer,integer,integer,integer,boolean","BIED100CTRL/LLN0$Status","0","1","0"
"13991","233.744112754","ipcas_21:73:25","144","2","208","boolean,integer,boolean","BIED100PROT/LLN0$Alarm","1","",""
"13992","233.744226755","ipcas_21:73:25","192","2","208","integer,integer,integer,integer,integer,integer,floating-point,floating-point","BIED100MEAS/LLN0$Measurement","-5","-1","1"
"14049","234.791254110","ipcas_21:73:25","153","2","209","integer,integer,integer,integer,boolean","BIED100CTRL/LLN0$Status","0","1","0"
"14050","234.791870858","ipcas_21:73:25","144","2","209","boolean,integer,boolean","BIED100PROT/LLN0$Alarm","1","",""
"14051","234.791874743","ipcas_21:73:25","192","2","209","integer,integer,integer,integer,integer,integer,floating-point,floating-point","BIED100MEAS/LLN0$Measurement","3","5","0"
"14105","235.841309731","ipcas_21:73:25","153","2","210","integer,integer,integer,integer,boolean","BIED100CTRL/LLN0$Status","0","1","0"
"14106","235.841424327","ipcas_21:73:25","144","2","210","boolean,integer,boolean","BIED100PROT/LLN0$Alarm","1","",""
"14107","235.841426680","ipcas_21:73:25","192","2","210","integer,integer,integer,integer,integer,integer,floating-point,floating-point","BIED100MEAS/LLN0$Measurement","2","3","2"
"14161","236.878513712","ipcas_21:73:25","153","2","211","integer,integer,integer,integer,boolean","BIED100CTRL/LLN0$Status","0","1","0"
"14162","236.878514373","ipcas_21:73:25","144","2","211","boolean,integer,boolean","BIED100PROT/LLN0$Alarm","1","",""
"14163","236.878515261","ipcas_21:73:25","192","2","211","integer,integer,integer,integer,integer,integer,floating-point,floating-point","BIED100MEAS/LLN0$Measurement","1","5","3"
"14216","237.910026853","ipcas_21:73:25","153","2","212","integer,integer,integer,integer,boolean","BIED100CTRL/LLN0$Status","0","1","0"
"14217","237.910030293","ipcas_21:73:25","144","2","212","boolean,integer,boolean","BIED100PROT/LLN0$Alarm","1","",""
"14218","237.911239801","ipcas_21:73:25","192","2","212","integer,integer,integer,integer,integer,integer,floating-point,floating-point","BIED100MEAS/LLN0$Measurement","5","-5","-2"
"14271","238.960197586","ipcas_21:73:25","153","2","213","integer,integer,integer,integer,boolean","BIED100CTRL/LLN0$Status","0","1","0"
"14272","238.960201336","ipcas_21:73:25","144","2","213","boolean,integer,boolean","BIED100PROT/LLN0$Alarm","1","",""
"14273","238.960202339","ipcas_21:73:25","192","2","213","integer,integer,integer,integer,integer,integer,floating-point,floating-point","BIED100MEAS/LLN0$Measurement","-2","2","3"
"14326","240.002962987","ipcas_21:73:25","153","2","214","integer,integer,integer,integer,boolean","BIED100CTRL/LLN0$Status","0","1","0"
"14327","240.003080339","ipcas_21:73:25","144","2","214","boolean,integer,boolean","BIED100PROT/LLN0$Alarm","1","",""
"14328","240.003084063","ipcas_21:73:25","192","2","214","integer,integer,integer,integer,integer,integer,floating-point,floating-point","BIED100MEAS/LLN0$Measurement","-4","-1","-4"
"14387","241.078997193","ipcas_21:73:25","153","2","215","integer,integer,integer,integer,boolean","BIED100CTRL/LLN0$Status","0","1","0"
"14388","241.079001240","ipcas_21:73:25","144","2","215","boolean,integer,boolean","BIED100PROT/LLN0$Alarm","1","",""
"14389","241.079367597","ipcas_21:73:25","192","2","215","integer,integer,integer,integer,integer,integer,floating-point,floating-point","BIED100MEAS/LLN0$Measurement","4","5","0"
"14441","242.149363475","ipcas_21:73:25","153","2","216","integer,integer,integer,integer,boolean","BIED100CTRL/LLN0$Status","0","1","0"
"14442","242.149372230","ipcas_21:73:25","144","2","216","boolean,integer,boolean","BIED100PROT/LLN0$Alarm","1","",""
"14443","242.149373498","ipcas_21:73:25","192","2","216","integer,integer,integer,integer,integer,integer,floating-point,floating-point","BIED100MEAS/LLN0$Measurement","-4","-4","-1"
"14498","243.213044319","ipcas_21:73:25","153","2","217","integer,integer,integer,integer,boolean","BIED100CTRL/LLN0$Status","0","1","0"
"14499","243.213048234","ipcas_21:73:25","144","2","217","boolean,integer,boolean","BIED100PROT/LLN0$Alarm","1","",""
"14500","243.213275486","ipcas_21:73:25","192","2","217","integer,integer,integer,integer,integer,integer,floating-point,floating-point","BIED100MEAS/LLN0$Measurement","-3","3","-4"
"14554","244.269120015","ipcas_21:73:25","153","2","218","integer,integer,integer,integer,boolean","BIED100CTRL/LLN0$Status","0","1","0"
"14555","244.269168904","ipcas_21:73:25","144","2","218","boolean,integer,boolean","BIED100PROT/LLN0$Alarm","1","",""
"14556","244.269170808","ipcas_21:73:25","192","2","218","integer,integer,integer,integer,integer,integer,floating-point,floating-point","BIED100MEAS/LLN0$Measurement","2","5","-1"
"14610","245.315056795","ipcas_21:73:25","153","2","219","integer,integer,integer,integer,boolean","BIED100CTRL/LLN0$Status","0","1","0"
"14611","245.315066228","ipcas_21:73:25","144","2","219","boolean,integer,boolean","BIED100PROT/LLN0$Alarm","1","",""
"14612","245.315066921","ipcas_21:73:25","192","2","219","integer,integer,integer,integer,integer,integer,floating-point,floating-point","BIED100MEAS/LLN0$Measurement","-3","3","-3"
"14667","246.365745688","ipcas_21:73:25","153","2","220","integer,integer,integer,integer,boolean","BIED100CTRL/LLN0$Status","0","1","0"
"14668","246.365749118","ipcas_21:73:25","144","2","220","boolean,integer,boolean","BIED100PROT/LLN0$Alarm","1","",""
"14669","246.365750105","ipcas_21:73:25","192","2","220","integer,integer,integer,integer,integer,integer,floating-point,floating-point","BIED100MEAS/LLN0$Measurement","-1","1","-1"
"14738","247.419967576","ipcas_21:73:25","153","2","221","integer,integer,integer,integer,boolean","BIED100CTRL/LLN0$Status","0","1","0"
"14739","247.419971711","ipcas_21:73:25","144","2","221","boolean,integer,boolean","BIED100PROT/LLN0$Alarm","1","",""
"14740","247.419972730","ipcas_21:73:25","192","2","221","integer,integer,integer,integer,integer,integer,floating-point,floating-point","BIED100MEAS/LLN0$Measurement","-1","-2","-3"
"14805","248.487468910","ipcas_21:73:25","153","2","222","integer,integer,integer,integer,boolean","BIED100CTRL/LLN0$Status","0","1","0"
"14806","248.487471942","ipcas_21:73:25","144","2","222","boolean,integer,boolean","BIED100PROT/LLN0$Alarm","1","",""
"14807","248.487472436","ipcas_21:73:25","192","2","222","integer,integer,integer,integer,integer,integer,floating-point,floating-point","BIED100MEAS/LLN0$Measurement","4","3","2"
"14863","249.527013718","ipcas_21:73:25","153","2","223","integer,integer,integer,integer,boolean","BIED100CTRL/LLN0$Status","0","1","0"
"14864","249.527017608","ipcas_21:73:25","144","2","223","boolean,integer,boolean","BIED100PROT/LLN0$Alarm","1","",""
"14865","249.527018024","ipcas_21:73:25","192","2","223","integer,integer,integer,integer,integer,integer,floating-point,floating-point","BIED100MEAS/LLN0$Measurement","-3","-4","3"
"14926","250.558471964","ipcas_21:73:25","153","2","224","integer,integer,integer,integer,boolean","BIED100CTRL/LLN0$Status","0","1","0"
"14927","250.558472625","ipcas_21:73:25","144","2","224","boolean,integer,boolean","BIED100PROT/LLN0$Alarm","1","",""
"14928","250.558473217","ipcas_21:73:25","192","2","224","integer,integer,integer,integer,integer,integer,floating-point,floating-point","BIED100MEAS/LLN0$Measurement","-5","4","-2"
"14982","251.618776467","ipcas_21:73:25","153","2","225","integer,integer,integer,integer,boolean","BIED100CTRL/LLN0$Status","0","1","0"
"14983","251.618782752","ipcas_21:73:25","144","2","225","boolean,integer,boolean","BIED100PROT/LLN0$Alarm","1","",""
"14984","251.618783838","ipcas_21:73:25","192","2","225","integer,integer,integer,integer,integer,integer,floating-point,floating-point","BIED100MEAS/LLN0$Measurement","0","0","-4"
"15044","252.646833079","ipcas_21:73:25","153","2","226","integer,integer,integer,integer,boolean","BIED100CTRL/LLN0$Status","0","1","0"
"15045","252.646833744","ipcas_21:73:25","144","2","226","boolean,integer,boolean","BIED100PROT/LLN0$Alarm","1","",""
"15046","252.646834139","ipcas_21:73:25","192","2","226","integer,integer,integer,integer,integer,integer,floating-point,floating-point","BIED100MEAS/LLN0$Measurement","-5","-1","-2"
"15132","253.679660875","ipcas_21:73:25","153","2","227","integer,integer,integer,integer,boolean","BIED100CTRL/LLN0$Status","0","1","0"
"15133","253.679662367","ipcas_21:73:25","144","2","227","boolean,integer,boolean","BIED100PROT/LLN0$Alarm","1","",""
"15134","253.679662678","ipcas_21:73:25","192","2","227","integer,integer,integer,integer,integer,integer,floating-point,floating-point","BIED100MEAS/LLN0$Measurement","-3","5","3"
"15236","254.714492383","ipcas_21:73:25","153","2","228","integer,integer,integer,integer,boolean","BIED100CTRL/LLN0$Status","0","1","0"
"15237","254.714496538","ipcas_21:73:25","144","2","228","boolean,integer,boolean","BIED100PROT/LLN0$Alarm","1","",""
"15238","254.714746002","ipcas_21:73:25","192","2","228","integer,integer,integer,integer,integer,integer,floating-point,floating-point","BIED100MEAS/LLN0$Measurement","-2","1","-3"
"15345","255.751327614","ipcas_21:73:25","153","2","229","integer,integer,integer,integer,boolean","BIED100CTRL/LLN0$Status","0","1","0"
"15346","255.751330872","ipcas_21:73:25","144","2","229","boolean,integer,boolean","BIED100PROT/LLN0$Alarm","1","",""
"15347","255.751331507","ipcas_21:73:25","192","2","229","integer,integer,integer,integer,integer,integer,floating-point,floating-point","BIED100MEAS/LLN0$Measurement","-5","2","-3"
"15415","256.788437487","ipcas_21:73:25","153","2","230","integer,integer,integer,integer,boolean","BIED100CTRL/LLN0$Status","0","1","0"
"15416","256.788442948","ipcas_21:73:25","144","2","230","boolean,integer,boolean","BIED100PROT/LLN0$Alarm","1","",""
"15417","256.788443753","ipcas_21:73:25","192","2","230","integer,integer,integer,integer,integer,integer,floating-point,floating-point","BIED100MEAS/LLN0$Measurement","1","4","-2"
"15474","257.843546012","ipcas_21:73:25","153","2","231","integer,integer,integer,integer,boolean","BIED100CTRL/LLN0$Status","0","1","0"
"15475","257.843548970","ipcas_21:73:25","144","2","231","boolean,integer,boolean","BIED100PROT/LLN0$Alarm","1","",""
"15476","257.843642826","ipcas_21:73:25","192","2","231","integer,integer,integer,integer,integer,integer,floating-point,floating-point","BIED100MEAS/LLN0$Measurement","3","-3","-4"
"15541","258.901471890","ipcas_21:73:25","153","2","232","integer,integer,integer,integer,boolean","BIED100CTRL/LLN0$Status","0","1","0"
"15542","258.901505577","ipcas_21:73:25","144","2","232","boolean,integer,boolean","BIED100PROT/LLN0$Alarm","1","",""
"15543","258.901508847","ipcas_21:73:25","192","2","232","integer,integer,integer,integer,integer,integer,floating-point,floating-point","BIED100MEAS/LLN0$Measurement","-5","0","0"
"15602","259.947956485","ipcas_21:73:25","153","2","233","integer,integer,integer,integer,boolean","BIED100CTRL/LLN0$Status","0","1","0"
"15603","259.947960834","ipcas_21:73:25","144","2","233","boolean,integer,boolean","BIED100PROT/LLN0$Alarm","1","",""
"15604","259.948094678","ipcas_21:73:25","192","2","233","integer,integer,integer,integer,integer,integer,floating-point,floating-point","BIED100MEAS/LLN0$Measurement","-3","-1","4"
"15659","260.976100954","ipcas_21:73:25","153","2","234","integer,integer,integer,integer,boolean","BIED100CTRL/LLN0$Status","0","1","0"
"15660","260.977091455","ipcas_21:73:25","144","2","234","boolean,integer,boolean","BIED100PROT/LLN0$Alarm","1","",""
"15661","260.977094855","ipcas_21:73:25","192","2","234","integer,integer,integer,integer,integer,integer,floating-point,floating-point","BIED100MEAS/LLN0$Measurement","-2","-2","-2"
"15715","261.992511133","ipcas_21:73:25","153","2","235","integer,integer,integer,integer,boolean","BIED100CTRL/LLN0$Status","0","1","0"
"15716","261.992514154","ipcas_21:73:25","144","2","235","boolean,integer,boolean","BIED100PROT/LLN0$Alarm","1","",""
"15717","261.992515060","ipcas_21:73:25","192","2","235","integer,integer,integer,integer,integer,integer,floating-point,floating-point","BIED100MEAS/LLN0$Measurement","5","3","2"
"15775","263.041245429","ipcas_21:73:25","153","2","236","integer,integer,integer,integer,boolean","BIED100CTRL/LLN0$Status","0","1","0"
"15776","263.041245769","ipcas_21:73:25","144","2","236","boolean,integer,boolean","BIED100PROT/LLN0$Alarm","1","",""
"15777","263.041246110","ipcas_21:73:25","192","2","236","integer,integer,integer,integer,integer,integer,floating-point,floating-point","BIED100MEAS/LLN0$Measurement","3","3","4"
"15845","264.048968619","ipcas_21:73:25","153","2","237","integer,integer,integer,integer,boolean","BIED100CTRL/LLN0$Status","0","1","0"
"15846","264.048975100","ipcas_21:73:25","144","2","237","boolean,integer,boolean","BIED100PROT/LLN0$Alarm","1","",""
"15847","264.048976517","ipcas_21:73:25","192","2","237","integer,integer,integer,integer,integer,integer,floating-point,floating-point","BIED100MEAS/LLN0$Measurement","-3","-1","1"
"15900","265.086438462","ipcas_21:73:25","153","2","238","integer,integer,integer,integer,boolean","BIED100CTRL/LLN0$Status","0","1","0"
"15901","265.086444699","ipcas_21:73:25","144","2","238","boolean,integer,boolean","BIED100PROT/LLN0$Alarm","1","",""
"15902","265.086445288","ipcas_21:73:25","192","2","238","integer,integer,integer,integer,integer,integer,floating-point,floating-point","BIED100MEAS/LLN0$Measurement","-4","-5","3"
"15953","266.137433920","ipcas_21:73:25","153","2","239","integer,integer,integer,integer,boolean","BIED100CTRL/LLN0$Status","0","1","0"
"15954","266.137438890","ipcas_21:73:25","144","2","239","boolean,integer,boolean","BIED100PROT/LLN0$Alarm","1","",""
"15955","266.137440079","ipcas_21:73:25","192","2","239","integer,integer,integer,integer,integer,integer,floating-point,floating-point","BIED100MEAS/LLN0$Measurement","-5","2","3"
"16009","267.177484958","ipcas_21:73:25","153","2","240","integer,integer,integer,integer,boolean","BIED100CTRL/LLN0$Status","0","1","0"
"16010","267.177486200","ipcas_21:73:25","144","2","240","boolean,integer,boolean","BIED100PROT/LLN0$Alarm","1","",""
"16011","267.177487218","ipcas_21:73:25","192","2","240","integer,integer,integer,integer,integer,integer,floating-point,floating-point","BIED100MEAS/LLN0$Measurement","-4","5","0"
"16063","268.199122583","ipcas_21:73:25","153","2","241","integer,integer,integer,integer,boolean","BIED100CTRL/LLN0$Status","0","1","0"
"16064","268.199125387","ipcas_21:73:25","144","2","241","boolean,integer,boolean","BIED100PROT/LLN0$Alarm","1","",""
"16065","268.199125898","ipcas_21:73:25","192","2","241","integer,integer,integer,integer,integer,integer,floating-point,floating-point","BIED100MEAS/LLN0$Measurement","-1","4","-4"
"16117","269.213736252","ipcas_21:73:25","153","2","242","integer,integer,integer,integer,boolean","BIED100CTRL/LLN0$Status","0","1","0"
"16118","269.213737013","ipcas_21:73:25","144","2","242","boolean,integer,boolean","BIED100PROT/LLN0$Alarm","1","",""
"16119","269.213737541","ipcas_21:73:25","192","2","242","integer,integer,integer,integer,integer,integer,floating-point,floating-point","BIED100MEAS/LLN0$Measurement","-3","-2","-2"
"16173","270.223902260","ipcas_21:73:25","153","2","243","integer,integer,integer,integer,boolean","BIED100CTRL/LLN0$Status","0","1","0"
"16174","270.223905424","ipcas_21:73:25","144","2","243","boolean,integer,boolean","BIED100PROT/LLN0$Alarm","1","",""
"16175","270.223906048","ipcas_21:73:25","192","2","243","integer,integer,integer,integer,integer,integer,floating-point,floating-point","BIED100MEAS/LLN0$Measurement","-4","4","-2"
"16227","271.258056427","ipcas_21:73:25","153","2","244","integer,integer,integer,integer,boolean","BIED100CTRL/LLN0$Status","0","1","0"
"16228","271.258057455","ipcas_21:73:25","144","2","244","boolean,integer,boolean","BIED100PROT/LLN0$Alarm","1","",""
"16229","271.258058334","ipcas_21:73:25","192","2","244","integer,integer,integer,integer,integer,integer,floating-point,floating-point","BIED100MEAS/LLN0$Measurement","5","2","-4"
"16280","272.304472115","ipcas_21:73:25","153","2","245","integer,integer,integer,integer,boolean","BIED100CTRL/LLN0$Status","0","1","0"
"16281","272.307082879","ipcas_21:73:25","144","2","245","boolean,integer,boolean","BIED100PROT/LLN0$Alarm","1","",""
"16282","272.307089940","ipcas_21:73:25","192","2","245","integer,integer,integer,integer,integer,integer,floating-point,floating-point","BIED100MEAS/LLN0$Measurement","4","-3","-1"
"16334","273.334852928","ipcas_21:73:25","153","2","246","integer,integer,integer,integer,boolean","BIED100CTRL/LLN0$Status","0","1","0"
"16335","273.334856665","ipcas_21:73:25","144","2","246","boolean,integer,boolean","BIED100PROT/LLN0$Alarm","1","",""
"16336","273.334857106","ipcas_21:73:25","192","2","246","integer,integer,integer,integer,integer,integer,floating-point,floating-point","BIED100MEAS/LLN0$Measurement","-4","5","-1"
"16388","274.383403929","ipcas_21:73:25","153","2","247","integer,integer,integer,integer,boolean","BIED100CTRL/LLN0$Status","0","1","0"
"16389","274.383411706","ipcas_21:73:25","144","2","247","boolean,integer,boolean","BIED100PROT/LLN0$Alarm","1","",""
"16390","274.383413138","ipcas_21:73:25","192","2","247","integer,integer,integer,integer,integer,integer,floating-point,floating-point","BIED100MEAS/LLN0$Measurement","3","-2","-5"
"16441","275.418192887","ipcas_21:73:25","153","2","248","integer,integer,integer,integer,boolean","BIED100CTRL/LLN0$Status","0","1","0"
"16442","275.418193890","ipcas_21:73:25","144","2","248","boolean,integer,boolean","BIED100PROT/LLN0$Alarm","1","",""
"16443","275.418194922","ipcas_21:73:25","192","2","248","integer,integer,integer,integer,integer,integer,floating-point,floating-point","BIED100MEAS/LLN0$Measurement","-2","-1","3"
"16496","276.485439676","ipcas_21:73:25","153","2","249","integer,integer,integer,integer,boolean","BIED100CTRL/LLN0$Status","0","1","0"
"16497","276.485449861","ipcas_21:73:25","144","2","249","boolean,integer,boolean","BIED100PROT/LLN0$Alarm","1","",""
"16498","276.485450913","ipcas_21:73:25","192","2","249","integer,integer,integer,integer,integer,integer,floating-point,floating-point","BIED100MEAS/LLN0$Measurement","4","-5","5"
"16550","277.524734374","ipcas_21:73:25","153","2","250","integer,integer,integer,integer,boolean","BIED100CTRL/LLN0$Status","0","1","0"
"16551","277.524735724","ipcas_21:73:25","144","2","250","boolean,integer,boolean","BIED100PROT/LLN0$Alarm","1","",""
"16552","277.524737151","ipcas_21:73:25","192","2","250","integer,integer,integer,integer,integer,integer,floating-point,floating-point","BIED100MEAS/LLN0$Measurement","2","1","5"
"16604","278.574206836","ipcas_21:73:25","153","2","251","integer,integer,integer,integer,boolean","BIED100CTRL/LLN0$Status","0","1","0"
"16605","278.574207663","ipcas_21:73:25","144","2","251","boolean,integer,boolean","BIED100PROT/LLN0$Alarm","1","",""
"16606","278.574207984","ipcas_21:73:25","192","2","251","integer,integer,integer,integer,integer,integer,floating-point,floating-point","BIED100MEAS/LLN0$Measurement","-3","3","0"
"16657","279.598387653","ipcas_21:73:25","153","2","252","integer,integer,integer,integer,boolean","BIED100CTRL/LLN0$Status","0","1","0"
"16658","279.598394535","ipcas_21:73:25","144","2","252","boolean,integer,boolean","BIED100PROT/LLN0$Alarm","1","",""
"16659","279.598395434","ipcas_21:73:25","192","2","252","integer,integer,integer,integer,integer,integer,floating-point,floating-point","BIED100MEAS/LLN0$Measurement","-3","3","-4"
"16712","280.629197777","ipcas_21:73:25","153","2","253","integer,integer,integer,integer,boolean","BIED100CTRL/LLN0$Status","0","1","0"
"16713","280.629201485","ipcas_21:73:25","144","2","253","boolean,integer,boolean","BIED100PROT/LLN0$Alarm","1","",""
"16714","280.629202401","ipcas_21:73:25","192","2","253","integer,integer,integer,integer,integer,integer,floating-point,floating-point","BIED100MEAS/LLN0$Measurement","5","5","5"
"16766","281.667222115","ipcas_21:73:25","153","2","254","integer,integer,integer,integer,boolean","BIED100CTRL/LLN0$Status","0","1","0"
"16767","281.667483276","ipcas_21:73:25","144","2","254","boolean,integer,boolean","BIED100PROT/LLN0$Alarm","1","",""
"16768","281.667486974","ipcas_21:73:25","192","2","254","integer,integer,integer,integer,integer,integer,floating-point,floating-point","BIED100MEAS/LLN0$Measurement","0","-1","0"
"16819","282.704582964","ipcas_21:73:25","153","2","255","integer,integer,integer,integer,boolean","BIED100CTRL/LLN0$Status","0","1","0"
"16820","282.704590595","ipcas_21:73:25","144","2","255","boolean,integer,boolean","BIED100PROT/LLN0$Alarm","1","",""
"16821","282.704591635","ipcas_21:73:25","192","2","255","integer,integer,integer,integer,integer,integer,floating-point,floating-point","BIED100MEAS/LLN0$Measurement","-3","3","-1"
"16873","283.738617884","ipcas_21:73:25","153","2","256","integer,integer,integer,integer,boolean","BIED100CTRL/LLN0$Status","0","1","0"
"16874","283.739017044","ipcas_21:73:25","144","2","256","boolean,integer,boolean","BIED100PROT/LLN0$Alarm","1","",""
"16875","283.739256787","ipcas_21:73:25","192","2","256","integer,integer,integer,integer,integer,integer,floating-point,floating-point","BIED100MEAS/LLN0$Measurement","-1","0","4"
"16928","284.787687018","ipcas_21:73:25","153","2","257","integer,integer,integer,integer,boolean","BIED100CTRL/LLN0$Status","0","1","0"
"16929","284.787691582","ipcas_21:73:25","144","2","257","boolean,integer,boolean","BIED100PROT/LLN0$Alarm","1","",""
"16930","284.788029933","ipcas_21:73:25","192","2","257","integer,integer,integer,integer,integer,integer,floating-point,floating-point","BIED100MEAS/LLN0$Measurement","-3","-3","2"
"16985","285.814892656","ipcas_21:73:25","153","2","258","integer,integer,integer,integer,boolean","BIED100CTRL/LLN0$Status","0","1","0"
"16986","285.814896066","ipcas_21:73:25","144","2","258","boolean,integer,boolean","BIED100PROT/LLN0$Alarm","1","",""
"16987","285.815009821","ipcas_21:73:25","192","2","258","integer,integer,integer,integer,integer,integer,floating-point,floating-point","BIED100MEAS/LLN0$Measurement","2","0","0"
"17039","286.834488844","ipcas_21:73:25","153","2","259","integer,integer,integer,integer,boolean","BIED100CTRL/LLN0$Status","0","1","0"
"17040","286.834494011","ipcas_21:73:25","144","2","259","boolean,integer,boolean","BIED100PROT/LLN0$Alarm","1","",""
"17041","286.834494703","ipcas_21:73:25","192","2","259","integer,integer,integer,integer,integer,integer,floating-point,floating-point","BIED100MEAS/LLN0$Measurement","1","2","0"
"17093","287.877464582","ipcas_21:73:25","153","2","260","integer,integer,integer,integer,boolean","BIED100CTRL/LLN0$Status","0","1","0"
"17094","287.877465265","ipcas_21:73:25","144","2","260","boolean,integer,boolean","BIED100PROT/LLN0$Alarm","1","",""
"17095","287.877466200","ipcas_21:73:25","192","2","260","integer,integer,integer,integer,integer,integer,floating-point,floating-point","BIED100MEAS/LLN0$Measurement","-3","-2","-5"
"17146","288.909039562","ipcas_21:73:25","153","2","261","integer,integer,integer,integer,boolean","BIED100CTRL/LLN0$Status","0","1","0"
"17147","288.909045262","ipcas_21:73:25","144","2","261","boolean,integer,boolean","BIED100PROT/LLN0$Alarm","1","",""
"17148","288.909046333","ipcas_21:73:25","192","2","261","integer,integer,integer,integer,integer,integer,floating-point,floating-point","BIED100MEAS/LLN0$Measurement","-4","5","-2"
"17199","289.950889832","ipcas_21:73:25","153","2","262","integer,integer,integer,integer,boolean","BIED100CTRL/LLN0$Status","0","1","0"
"17200","289.951051123","ipcas_21:73:25","144","2","262","boolean,integer,boolean","BIED100PROT/LLN0$Alarm","1","",""
"17201","289.951064341","ipcas_21:73:25","192","2","262","integer,integer,integer,integer,integer,integer,floating-point,floating-point","BIED100MEAS/LLN0$Measurement","-4","-1","-5"
"17254","290.989571623","ipcas_21:73:25","153","2","263","integer,integer,integer,integer,boolean","BIED100CTRL/LLN0$Status","0","1","0"
"17255","290.989578018","ipcas_21:73:25","144","2","263","boolean,integer,boolean","BIED100PROT/LLN0$Alarm","1","",""
"17256","290.989579802","ipcas_21:73:25","192","2","263","integer,integer,integer,integer,integer,integer,floating-point,floating-point","BIED100MEAS/LLN0$Measurement","4","0","3"
"17308","292.043764980","ipcas_21:73:25","153","2","264","integer,integer,integer,integer,boolean","BIED100CTRL/LLN0$Status","0","1","0"
"17309","292.043765286","ipcas_21:73:25","144","2","264","boolean,integer,boolean","BIED100PROT/LLN0$Alarm","1","",""
"17310","292.043765848","ipcas_21:73:25","192","2","264","integer,integer,integer,integer,integer,integer,floating-point,floating-point","BIED100MEAS/LLN0$Measurement","4","3","1"
"17361","293.073470146","ipcas_21:73:25","153","2","265","integer,integer,integer,integer,boolean","BIED100CTRL/LLN0$Status","0","1","0"
"17362","293.073475869","ipcas_21:73:25","144","2","265","boolean,integer,boolean","BIED100PROT/LLN0$Alarm","1","",""
"17363","293.073476765","ipcas_21:73:25","192","2","265","integer,integer,integer,integer,integer,integer,floating-point,floating-point","BIED100MEAS/LLN0$Measurement","2","0","1"
"17416","294.104414388","ipcas_21:73:25","153","2","266","integer,integer,integer,integer,boolean","BIED100CTRL/LLN0$Status","0","1","0"
"17417","294.104419522","ipcas_21:73:25","144","2","266","boolean,integer,boolean","BIED100PROT/LLN0$Alarm","1","",""
"17418","294.104419933","ipcas_21:73:25","192","2","266","integer,integer,integer,integer,integer,integer,floating-point,floating-point","BIED100MEAS/LLN0$Measurement","5","3","-4"
"17471","295.139138459","ipcas_21:73:25","153","2","267","integer,integer,integer,integer,boolean","BIED100CTRL/LLN0$Status","0","1","0"
"17472","295.139145873","ipcas_21:73:25","144","2","267","boolean,integer,boolean","BIED100PROT/LLN0$Alarm","1","",""
"17473","295.139146810","ipcas_21:73:25","192","2","267","integer,integer,integer,integer,integer,integer,floating-point,floating-point","BIED100MEAS/LLN0$Measurement","2","4","-5"
"17524","296.158405188","ipcas_21:73:25","153","2","268","integer,integer,integer,integer,boolean","BIED100CTRL/LLN0$Status","0","1","0"
"17525","296.158405654","ipcas_21:73:25","144","2","268","boolean,integer,boolean","BIED100PROT/LLN0$Alarm","1","",""
"17526","296.158406344","ipcas_21:73:25","192","2","268","integer,integer,integer,integer,integer,integer,floating-point,floating-point","BIED100MEAS/LLN0$Measurement","4","2","0"
"17577","297.238606727","ipcas_21:73:25","153","2","269","integer,integer,integer,integer,boolean","BIED100CTRL/LLN0$Status","0","1","0"
"17578","297.238612752","ipcas_21:73:25","144","2","269","boolean,integer,boolean","BIED100PROT/LLN0$Alarm","1","",""
"17579","297.238613728","ipcas_21:73:25","192","2","269","integer,integer,integer,integer,integer,integer,floating-point,floating-point","BIED100MEAS/LLN0$Measurement","1","0","-3"
"17630","298.264469874","ipcas_21:73:25","153","2","270","integer,integer,integer,integer,boolean","BIED100CTRL/LLN0$Status","0","1","0"
"17631","298.264473523","ipcas_21:73:25","144","2","270","boolean,integer,boolean","BIED100PROT/LLN0$Alarm","1","",""
"17632","298.264474357","ipcas_21:73:25","192","2","270","integer,integer,integer,integer,integer,integer,floating-point,floating-point","BIED100MEAS/LLN0$Measurement","5","-3","-4"
"17695","299.301448064","ipcas_21:73:25","153","2","271","integer,integer,integer,integer,boolean","BIED100CTRL/LLN0$Status","0","1","0"
"17696","299.301453038","ipcas_21:73:25","144","2","271","boolean,integer,boolean","BIED100PROT/LLN0$Alarm","1","",""
"17697","299.301453855","ipcas_21:73:25","192","2","271","integer,integer,integer,integer,integer,integer,floating-point,floating-point","BIED100MEAS/LLN0$Measurement","2","-4","-1"
"17754","300.328791516","ipcas_21:73:25","153","2","272","integer,integer,integer,integer,boolean","BIED100CTRL/LLN0$Status","0","1","0"
"17755","300.328876967","ipcas_21:73:25","144","2","272","boolean,integer,boolean","BIED100PROT/LLN0$Alarm","1","",""
"17756","300.328964772","ipcas_21:73:25","192","2","272","integer,integer,integer,integer,integer,integer,floating-point,floating-point","BIED100MEAS/LLN0$Measurement","-5","-3","1"
"17807","301.362574085","ipcas_21:73:25","153","2","273","integer,integer,integer,integer,boolean","BIED100CTRL/LLN0$Status","0","1","0"
"17808","301.362575020","ipcas_21:73:25","144","2","273","boolean,integer,boolean","BIED100PROT/LLN0$Alarm","1","",""
"17809","301.362575538","ipcas_21:73:25","192","2","273","integer,integer,integer,integer,integer,integer,floating-point,floating-point","BIED100MEAS/LLN0$Measurement","-2","-3","-4"
"17860","302.432991968","ipcas_21:73:25","153","2","274","integer,integer,integer,integer,boolean","BIED100CTRL/LLN0$Status","0","1","0"
"17861","302.433355041","ipcas_21:73:25","144","2","274","boolean,integer,boolean","BIED100PROT/LLN0$Alarm","1","",""
"17862","302.433486857","ipcas_21:73:25","192","2","274","integer,integer,integer,integer,integer,integer,floating-point,floating-point","BIED100MEAS/LLN0$Measurement","-2","-5","1"
"17913","303.460624321","ipcas_21:73:25","153","2","275","integer,integer,integer,integer,boolean","BIED100CTRL/LLN0$Status","0","1","0"
"17914","303.461189669","ipcas_21:73:25","144","2","275","boolean,integer,boolean","BIED100PROT/LLN0$Alarm","1","",""
"17915","303.461192590","ipcas_21:73:25","192","2","275","integer,integer,integer,integer,integer,integer,floating-point,floating-point","BIED100MEAS/LLN0$Measurement","2","-2","-1"
"17966","304.524361215","ipcas_21:73:25","153","2","276","integer,integer,integer,integer,boolean","BIED100CTRL/LLN0$Status","0","1","0"
"17967","304.525027846","ipcas_21:73:25","144","2","276","boolean,integer,boolean","BIED100PROT/LLN0$Alarm","1","",""
"17968","304.525031261","ipcas_21:73:25","192","2","276","integer,integer,integer,integer,integer,integer,floating-point,floating-point","BIED100MEAS/LLN0$Measurement","-3","-2","5"
"18019","305.580533393","ipcas_21:73:25","153","2","277","integer,integer,integer,integer,boolean","BIED100CTRL/LLN0$Status","0","1","0"
"18020","305.580537955","ipcas_21:73:25","144","2","277","boolean,integer,boolean","BIED100PROT/LLN0$Alarm","1","",""
"18021","305.580538761","ipcas_21:73:25","192","2","277","integer,integer,integer,integer,integer,integer,floating-point,floating-point","BIED100MEAS/LLN0$Measurement","5","0","3"
"18072","306.615659780","ipcas_21:73:25","153","2","278","integer,integer,integer,integer,boolean","BIED100CTRL/LLN0$Status","0","1","0"
"18073","306.615970179","ipcas_21:73:25","144","2","278","boolean,integer,boolean","BIED100PROT/LLN0$Alarm","1","",""
"18074","306.616079289","ipcas_21:73:25","192","2","278","integer,integer,integer,integer,integer,integer,floating-point,floating-point","BIED100MEAS/LLN0$Measurement","4","1","-4"
"18125","307.834840268","ipcas_21:73:25","153","2","279","integer,integer,integer,integer,boolean","BIED100CTRL/LLN0$Status","0","1","0"
"18126","307.834846017","ipcas_21:73:25","144","2","279","boolean,integer,boolean","BIED100PROT/LLN0$Alarm","1","",""
"18127","307.835112979","ipcas_21:73:25","192","2","279","integer,integer,integer,integer,integer,integer,floating-point,floating-point","BIED100MEAS/LLN0$Measurement","0","-5","5"
"18178","308.899702896","ipcas_21:73:25","153","2","280","integer,integer,integer,integer,boolean","BIED100CTRL/LLN0$Status","0","1","0"
"18179","308.899712883","ipcas_21:73:25","144","2","280","boolean,integer,boolean","BIED100PROT/LLN0$Alarm","1","",""
"18180","308.899713762","ipcas_21:73:25","192","2","280","integer,integer,integer,integer,integer,integer,floating-point,floating-point","BIED100MEAS/LLN0$Measurement","-4","2","-3"
"18231","310.001635954","ipcas_21:73:25","153","2","281","integer,integer,integer,integer,boolean","BIED100CTRL/LLN0$Status","0","1","0"
"18232","310.001644516","ipcas_21:73:25","144","2","281","boolean,integer,boolean","BIED100PROT/LLN0$Alarm","1","",""
"18233","310.001645035","ipcas_21:73:25","192","2","281","integer,integer,integer,integer,integer,integer,floating-point,floating-point","BIED100MEAS/LLN0$Measurement","-5","-5","-1"
"18284","311.079380630","ipcas_21:73:25","153","2","282","integer,integer,integer,integer,boolean","BIED100CTRL/LLN0$Status","0","1","0"
"18285","311.079385804","ipcas_21:73:25","144","2","282","boolean,integer,boolean","BIED100PROT/LLN0$Alarm","1","",""
"18286","311.079386410","ipcas_21:73:25","192","2","282","integer,integer,integer,integer,integer,integer,floating-point,floating-point","BIED100MEAS/LLN0$Measurement","3","-5","2"
"18337","312.129326480","ipcas_21:73:25","153","2","283","integer,integer,integer,integer,boolean","BIED100CTRL/LLN0$Status","0","1","0"
"18338","312.129332797","ipcas_21:73:25","144","2","283","boolean,integer,boolean","BIED100PROT/LLN0$Alarm","1","",""
"18339","312.129541196","ipcas_21:73:25","192","2","283","integer,integer,integer,integer,integer,integer,floating-point,floating-point","BIED100MEAS/LLN0$Measurement","-4","4","4"
"18390","313.175527598","ipcas_21:73:25","153","2","284","integer,integer,integer,integer,boolean","BIED100CTRL/LLN0$Status","0","1","0"
"18391","313.175530450","ipcas_21:73:25","144","2","284","boolean,integer,boolean","BIED100PROT/LLN0$Alarm","1","",""
"18392","313.175913906","ipcas_21:73:25","192","2","284","integer,integer,integer,integer,integer,integer,floating-point,floating-point","BIED100MEAS/LLN0$Measurement","-4","-1","3"
"18443","314.239341565","ipcas_21:73:25","153","2","285","integer,integer,integer,integer,boolean","BIED100CTRL/LLN0$Status","0","1","0"
"18444","314.239344909","ipcas_21:73:25","144","2","285","boolean,integer,boolean","BIED100PROT/LLN0$Alarm","1","",""
"18445","314.239345985","ipcas_21:73:25","192","2","285","integer,integer,integer,integer,integer,integer,floating-point,floating-point","BIED100MEAS/LLN0$Measurement","-5","-3","5"
"18496","315.257851256","ipcas_21:73:25","153","2","286","integer,integer,integer,integer,boolean","BIED100CTRL/LLN0$Status","0","1","0"
"18497","315.257853949","ipcas_21:73:25","144","2","286","boolean,integer,boolean","BIED100PROT/LLN0$Alarm","1","",""
"18498","315.257854492","ipcas_21:73:25","192","2","286","integer,integer,integer,integer,integer,integer,floating-point,floating-point","BIED100MEAS/LLN0$Measurement","-3","-2","0"
"18549","316.331846114","ipcas_21:73:25","153","2","287","integer,integer,integer,integer,boolean","BIED100CTRL/LLN0$Status","0","1","0"
"18550","316.331851071","ipcas_21:73:25","144","2","287","boolean,integer,boolean","BIED100PROT/LLN0$Alarm","1","",""
"18551","316.332205993","ipcas_21:73:25","192","2","287","integer,integer,integer,integer,integer,integer,floating-point,floating-point","BIED100MEAS/LLN0$Measurement","3","-1","0"
"18602","317.376090442","ipcas_21:73:25","153","2","288","integer,integer,integer,integer,boolean","BIED100CTRL/LLN0$Status","0","1","0"
"18603","317.376223147","ipcas_21:73:25","144","2","288","boolean,integer,boolean","BIED100PROT/LLN0$Alarm","1","",""
"18604","317.376454136","ipcas_21:73:25","192","2","288","integer,integer,integer,integer,integer,integer,floating-point,floating-point","BIED100MEAS/LLN0$Measurement","-4","3","-5"
"18655","318.471406148","ipcas_21:73:25","153","2","289","integer,integer,integer,integer,boolean","BIED100CTRL/LLN0$Status","0","1","0"
"18656","318.471414056","ipcas_21:73:25","144","2","289","boolean,integer,boolean","BIED100PROT/LLN0$Alarm","1","",""
"18657","318.471415108","ipcas_21:73:25","192","2","289","integer,integer,integer,integer,integer,integer,floating-point,floating-point","BIED100MEAS/LLN0$Measurement","0","1","-4"
"18711","319.568250507","ipcas_21:73:25","153","2","290","integer,integer,integer,integer,boolean","BIED100CTRL/LLN0$Status","0","1","0"
"18712","319.568250929","ipcas_21:73:25","144","2","290","boolean,integer,boolean","BIED100PROT/LLN0$Alarm","1","",""
"18713","319.568251363","ipcas_21:73:25","192","2","290","integer,integer,integer,integer,integer,integer,floating-point,floating-point","BIED100MEAS/LLN0$Measurement","-2","-4","-1"
"18776","320.611682104","ipcas_21:73:25","153","2","291","integer,integer,integer,integer,boolean","BIED100CTRL/LLN0$Status","0","1","0"
"18778","320.611683133","ipcas_21:73:25","144","2","291","boolean,integer,boolean","BIED100PROT/LLN0$Alarm","1","",""
"18780","320.611684843","ipcas_21:73:25","192","2","291","integer,integer,integer,integer,integer,integer,floating-point,floating-point","BIED100MEAS/LLN0$Measurement","-3","-1","-2"
"18837","321.660969649","ipcas_21:73:25","153","2","292","integer,integer,integer,integer,boolean","BIED100CTRL/LLN0$Status","0","1","0"
"18838","321.660969949","ipcas_21:73:25","144","2","292","boolean,integer,boolean","BIED100PROT/LLN0$Alarm","1","",""
"18839","321.660970378","ipcas_21:73:25","192","2","292","integer,integer,integer,integer,integer,integer,floating-point,floating-point","BIED100MEAS/LLN0$Measurement","-4","2","-4"
"18890","322.709103935","ipcas_21:73:25","153","2","293","integer,integer,integer,integer,boolean","BIED100CTRL/LLN0$Status","0","1","0"
"18891","322.709110126","ipcas_21:73:25","144","2","293","boolean,integer,boolean","BIED100PROT/LLN0$Alarm","1","",""
"18892","322.709110764","ipcas_21:73:25","192","2","293","integer,integer,integer,integer,integer,integer,floating-point,floating-point","BIED100MEAS/LLN0$Measurement","4","1","1"
"18943","323.733969434","ipcas_21:73:25","153","2","294","integer,integer,integer,integer,boolean","BIED100CTRL/LLN0$Status","0","1","0"
"18944","323.734486729","ipcas_21:73:25","144","2","294","boolean,integer,boolean","BIED100PROT/LLN0$Alarm","1","",""
"18945","323.734533621","ipcas_21:73:25","192","2","294","integer,integer,integer,integer,integer,integer,floating-point,floating-point","BIED100MEAS/LLN0$Measurement","3","-2","-4"
"18996","324.766593164","ipcas_21:73:25","153","2","295","integer,integer,integer,integer,boolean","BIED100CTRL/LLN0$Status","0","1","0"
"18997","324.766596354","ipcas_21:73:25","144","2","295","boolean,integer,boolean","BIED100PROT/LLN0$Alarm","1","",""
"18998","324.766596880","ipcas_21:73:25","192","2","295","integer,integer,integer,integer,integer,integer,floating-point,floating-point","BIED100MEAS/LLN0$Measurement","-4","-1","5"
"19049","325.799747649","ipcas_21:73:25","153","2","296","integer,integer,integer,integer,boolean","BIED100CTRL/LLN0$Status","0","1","0"
"19050","325.799753896","ipcas_21:73:25","144","2","296","boolean,integer,boolean","BIED100PROT/LLN0$Alarm","1","",""
"19051","325.799754654","ipcas_21:73:25","192","2","296","integer,integer,integer,integer,integer,integer,floating-point,floating-point","BIED100MEAS/LLN0$Measurement","4","-4","1"
"19102","326.838979654","ipcas_21:73:25","153","2","297","integer,integer,integer,integer,boolean","BIED100CTRL/LLN0$Status","0","1","0"
"19103","326.838980217","ipcas_21:73:25","144","2","297","boolean,integer,boolean","BIED100PROT/LLN0$Alarm","1","",""
"19104","326.838980629","ipcas_21:73:25","192","2","297","integer,integer,integer,integer,integer,integer,floating-point,floating-point","BIED100MEAS/LLN0$Measurement","0","0","2"
"19155","327.831629263","ipcas_21:73:25","153","2","298","integer,integer,integer,integer,boolean","BIED100CTRL/LLN0$Status","0","1","0"
"19156","327.831632260","ipcas_21:73:25","144","2","298","boolean,integer,boolean","BIED100PROT/LLN0$Alarm","1","",""
"19157","327.831632846","ipcas_21:73:25","192","2","298","integer,integer,integer,integer,integer,integer,floating-point,floating-point","BIED100MEAS/LLN0$Measurement","-4","1","4"
"19208","328.850274904","ipcas_21:73:25","153","2","299","integer,integer,integer,integer,boolean","BIED100CTRL/LLN0$Status","0","1","0"
"19209","328.850278072","ipcas_21:73:25","144","2","299","boolean,integer,boolean","BIED100PROT/LLN0$Alarm","1","",""
"19210","328.850278566","ipcas_21:73:25","192","2","299","integer,integer,integer,integer,integer,integer,floating-point,floating-point","BIED100MEAS/LLN0$Measurement","2","4","3"
"19261","329.865208546","ipcas_21:73:25","153","2","300","integer,integer,integer,integer,boolean","BIED100CTRL/LLN0$Status","0","1","0"
"19262","329.865210594","ipcas_21:73:25","144","2","300","boolean,integer,boolean","BIED100PROT/LLN0$Alarm","1","",""
"19263","329.865211186","ipcas_21:73:25","192","2","300","integer,integer,integer,integer,integer,integer,floating-point,floating-point","BIED100MEAS/LLN0$Measurement","4","-1","1"
"19314","330.879559841","ipcas_21:73:25","153","2","301","integer,integer,integer,integer,boolean","BIED100CTRL/LLN0$Status","0","1","0"
"19315","330.879561959","ipcas_21:73:25","144","2","301","boolean,integer,boolean","BIED100PROT/LLN0$Alarm","1","",""
"19316","330.879562328","ipcas_21:73:25","192","2","301","integer,integer,integer,integer,integer,integer,floating-point,floating-point","BIED100MEAS/LLN0$Measurement","2","-2","-4"
"19367","331.901918900","ipcas_21:73:25","153","2","302","integer,integer,integer,integer,boolean","BIED100CTRL/LLN0$Status","0","1","0"
"19368","331.901920587","ipcas_21:73:25","144","2","302","boolean,integer,boolean","BIED100PROT/LLN0$Alarm","1","",""
"19369","331.901921793","ipcas_21:73:25","192","2","302","integer,integer,integer,integer,integer,integer,floating-point,floating-point","BIED100MEAS/LLN0$Measurement","-4","-2","0"
"19420","332.915103870","ipcas_21:73:25","153","2","303","integer,integer,integer,integer,boolean","BIED100CTRL/LLN0$Status","0","1","0"
"19421","332.915107431","ipcas_21:73:25","144","2","303","boolean,integer,boolean","BIED100PROT/LLN0$Alarm","1","",""
"19422","332.915108478","ipcas_21:73:25","192","2","303","integer,integer,integer,integer,integer,integer,floating-point,floating-point","BIED100MEAS/LLN0$Measurement","2","0","0"
"19473","333.931167122","ipcas_21:73:25","153","2","304","integer,integer,integer,integer,boolean","BIED100CTRL/LLN0$Status","0","1","0"
"19474","333.931169905","ipcas_21:73:25","144","2","304","boolean,integer,boolean","BIED100PROT/LLN0$Alarm","1","",""
"19475","333.931170237","ipcas_21:73:25","192","2","304","integer,integer,integer,integer,integer,integer,floating-point,floating-point","BIED100MEAS/LLN0$Measurement","5","2","3"
"19526","334.951494773","ipcas_21:73:25","153","2","305","integer,integer,integer,integer,boolean","BIED100CTRL/LLN0$Status","0","1","0"
"19527","334.951495503","ipcas_21:73:25","144","2","305","boolean,integer,boolean","BIED100PROT/LLN0$Alarm","1","",""
"19528","334.951495903","ipcas_21:73:25","192","2","305","integer,integer,integer,integer,integer,integer,floating-point,floating-point","BIED100MEAS/LLN0$Measurement","-3","5","-4"
"19562","336.000965129","ipcas_21:73:25","153","2","306","integer,integer,integer,integer,boolean","BIED100CTRL/LLN0$Status","0","1","0"
"19563","336.000971142","ipcas_21:73:25","144","2","306","boolean,integer,boolean","BIED100PROT/LLN0$Alarm","1","",""
"19564","336.000972148","ipcas_21:73:25","192","2","306","integer,integer,integer,integer,integer,integer,floating-point,floating-point","BIED100MEAS/LLN0$Measurement","-4","-3","-1"
"19609","337.058098024","ipcas_21:73:25","153","2","307","integer,integer,integer,integer,boolean","BIED100CTRL/LLN0$Status","0","1","0"
"19610","337.058098645","ipcas_21:73:25","144","2","307","boolean,integer,boolean","BIED100PROT/LLN0$Alarm","1","",""
"19611","337.058099292","ipcas_21:73:25","192","2","307","integer,integer,integer,integer,integer,integer,floating-point,floating-point","BIED100MEAS/LLN0$Measurement","0","-2","5"
"19685","338.108361653","ipcas_21:73:25","153","2","308","integer,integer,integer,integer,boolean","BIED100CTRL/LLN0$Status","0","1","0"
"19686","338.108364789","ipcas_21:73:25","144","2","308","boolean,integer,boolean","BIED100PROT/LLN0$Alarm","1","",""
"19687","338.108365663","ipcas_21:73:25","192","2","308","integer,integer,integer,integer,integer,integer,floating-point,floating-point","BIED100MEAS/LLN0$Measurement","0","-5","-5"
"19738","339.128232613","ipcas_21:73:25","153","2","309","integer,integer,integer,integer,boolean","BIED100CTRL/LLN0$Status","0","1","0"
"19739","339.128236836","ipcas_21:73:25","144","2","309","boolean,integer,boolean","BIED100PROT/LLN0$Alarm","1","",""
"19740","339.128237536","ipcas_21:73:25","192","2","309","integer,integer,integer,integer,integer,integer,floating-point,floating-point","BIED100MEAS/LLN0$Measurement","2","2","-3"
"19791","340.396109039","ipcas_21:73:25","153","2","310","integer,integer,integer,integer,boolean","BIED100CTRL/LLN0$Status","0","1","0"
"19792","340.396119025","ipcas_21:73:25","144","2","310","boolean,integer,boolean","BIED100PROT/LLN0$Alarm","1","",""
"19793","340.396121263","ipcas_21:73:25","192","2","310","integer,integer,integer,integer,integer,integer,floating-point,floating-point","BIED100MEAS/LLN0$Measurement","-1","5","5"
"19844","341.433027970","ipcas_21:73:25","153","2","311","integer,integer,integer,integer,boolean","BIED100CTRL/LLN0$Status","0","1","0"
"19845","341.433028730","ipcas_21:73:25","144","2","311","boolean,integer,boolean","BIED100PROT/LLN0$Alarm","1","",""
"19846","341.433029180","ipcas_21:73:25","192","2","311","integer,integer,integer,integer,integer,integer,floating-point,floating-point","BIED100MEAS/LLN0$Measurement","-4","0","4"
"19897","342.460690413","ipcas_21:73:25","153","2","312","integer,integer,integer,integer,boolean","BIED100CTRL/LLN0$Status","0","1","0"
"19898","342.460693486","ipcas_21:73:25","144","2","312","boolean,integer,boolean","BIED100PROT/LLN0$Alarm","1","",""
"19899","342.460752109","ipcas_21:73:25","192","2","312","integer,integer,integer,integer,integer,integer,floating-point,floating-point","BIED100MEAS/LLN0$Measurement","5","-1","3"
"19950","343.501560050","ipcas_21:73:25","153","2","313","integer,integer,integer,integer,boolean","BIED100CTRL/LLN0$Status","0","1","0"
"19951","343.501564237","ipcas_21:73:25","144","2","313","boolean,integer,boolean","BIED100PROT/LLN0$Alarm","1","",""
"19952","343.501564916","ipcas_21:73:25","192","2","313","integer,integer,integer,integer,integer,integer,floating-point,floating-point","BIED100MEAS/LLN0$Measurement","5","4","0"
"20003","344.512990917","ipcas_21:73:25","153","2","314","integer,integer,integer,integer,boolean","BIED100CTRL/LLN0$Status","0","1","0"
"20004","344.512993420","ipcas_21:73:25","144","2","314","boolean,integer,boolean","BIED100PROT/LLN0$Alarm","1","",""
"20005","344.513028949","ipcas_21:73:25","192","2","314","integer,integer,integer,integer,integer,integer,floating-point,floating-point","BIED100MEAS/LLN0$Measurement","-3","3","3"
"20056","345.527897894","ipcas_21:73:25","153","2","315","integer,integer,integer,integer,boolean","BIED100CTRL/LLN0$Status","0","1","0"
"20057","345.527898605","ipcas_21:73:25","144","2","315","boolean,integer,boolean","BIED100PROT/LLN0$Alarm","1","",""
"20058","345.527898877","ipcas_21:73:25","192","2","315","integer,integer,integer,integer,integer,integer,floating-point,floating-point","BIED100MEAS/LLN0$Measurement","5","-2","4"
"20109","346.598530661","ipcas_21:73:25","153","2","316","integer,integer,integer,integer,boolean","BIED100CTRL/LLN0$Status","0","1","0"
"20110","346.598531480","ipcas_21:73:25","144","2","316","boolean,integer,boolean","BIED100PROT/LLN0$Alarm","1","",""
"20111","346.598531857","ipcas_21:73:25","192","2","316","integer,integer,integer,integer,integer,integer,floating-point,floating-point","BIED100MEAS/LLN0$Measurement","2","-4","-2"
"20162","347.639133008","ipcas_21:73:25","153","2","317","integer,integer,integer,integer,boolean","BIED100CTRL/LLN0$Status","0","1","0"
"20163","347.639136125","ipcas_21:73:25","144","2","317","boolean,integer,boolean","BIED100PROT/LLN0$Alarm","1","",""
"20164","347.639136845","ipcas_21:73:25","192","2","317","integer,integer,integer,integer,integer,integer,floating-point,floating-point","BIED100MEAS/LLN0$Measurement","5","-4","-2"
"20215","348.710357683","ipcas_21:73:25","153","2","318","integer,integer,integer,integer,boolean","BIED100CTRL/LLN0$Status","0","1","0"
"20216","348.710365189","ipcas_21:73:25","144","2","318","boolean,integer,boolean","BIED100PROT/LLN0$Alarm","1","",""
"20217","348.710365787","ipcas_21:73:25","192","2","318","integer,integer,integer,integer,integer,integer,floating-point,floating-point","BIED100MEAS/LLN0$Measurement","0","5","-5"
"20268","349.701067204","ipcas_21:73:25","153","2","319","integer,integer,integer,integer,boolean","BIED100CTRL/LLN0$Status","0","1","0"
"20269","349.701067969","ipcas_21:73:25","144","2","319","boolean,integer,boolean","BIED100PROT/LLN0$Alarm","1","",""
"20270","349.701069198","ipcas_21:73:25","192","2","319","integer,integer,integer,integer,integer,integer,floating-point,floating-point","BIED100MEAS/LLN0$Measurement","0","0","4"
"20321","350.726243102","ipcas_21:73:25","153","2","320","integer,integer,integer,integer,boolean","BIED100CTRL/LLN0$Status","0","1","0"
"20322","350.726244961","ipcas_21:73:25","144","2","320","boolean,integer,boolean","BIED100PROT/LLN0$Alarm","1","",""
"20323","350.726245463","ipcas_21:73:25","192","2","320","integer,integer,integer,integer,integer,integer,floating-point,floating-point","BIED100MEAS/LLN0$Measurement","3","-5","3"
"20374","351.740912759","ipcas_21:73:25","153","2","321","integer,integer,integer,integer,boolean","BIED100CTRL/LLN0$Status","0","1","0"
"20375","351.740913183","ipcas_21:73:25","144","2","321","boolean,integer,boolean","BIED100PROT/LLN0$Alarm","1","",""
"20376","351.740913701","ipcas_21:73:25","192","2","321","integer,integer,integer,integer,integer,integer,floating-point,floating-point","BIED100MEAS/LLN0$Measurement","1","-3","4"
"20427","352.823212566","ipcas_21:73:25","153","2","322","integer,integer,integer,integer,boolean","BIED100CTRL/LLN0$Status","0","1","0"
"20428","352.823214171","ipcas_21:73:25","144","2","322","boolean,integer,boolean","BIED100PROT/LLN0$Alarm","1","",""
"20429","352.823214668","ipcas_21:73:25","192","2","322","integer,integer,integer,integer,integer,integer,floating-point,floating-point","BIED100MEAS/LLN0$Measurement","1","-1","-5"
"20480","353.853188141","ipcas_21:73:25","153","2","323","integer,integer,integer,integer,boolean","BIED100CTRL/LLN0$Status","0","1","0"
"20481","353.853192974","ipcas_21:73:25","144","2","323","boolean,integer,boolean","BIED100PROT/LLN0$Alarm","1","",""
"20482","353.853193529","ipcas_21:73:25","192","2","323","integer,integer,integer,integer,integer,integer,floating-point,floating-point","BIED100MEAS/LLN0$Measurement","-4","-1","0"
"20533","354.870421867","ipcas_21:73:25","153","2","324","integer,integer,integer,integer,boolean","BIED100CTRL/LLN0$Status","0","1","0"
"20534","354.870422436","ipcas_21:73:25","144","2","324","boolean,integer,boolean","BIED100PROT/LLN0$Alarm","1","",""
"20535","354.870423252","ipcas_21:73:25","192","2","324","integer,integer,integer,integer,integer,integer,floating-point,floating-point","BIED100MEAS/LLN0$Measurement","1","1","-5"
"20586","355.897843414","ipcas_21:73:25","153","2","325","integer,integer,integer,integer,boolean","BIED100CTRL/LLN0$Status","0","1","0"
"20587","355.897844591","ipcas_21:73:25","144","2","325","boolean,integer,boolean","BIED100PROT/LLN0$Alarm","1","",""
"20588","355.897845579","ipcas_21:73:25","192","2","325","integer,integer,integer,integer,integer,integer,floating-point,floating-point","BIED100MEAS/LLN0$Measurement","-5","2","-5"
"20639","356.932096693","ipcas_21:73:25","153","2","326","integer,integer,integer,integer,boolean","BIED100CTRL/LLN0$Status","0","1","0"
"20640","356.932098123","ipcas_21:73:25","144","2","326","boolean,integer,boolean","BIED100PROT/LLN0$Alarm","1","",""
"20641","356.932099166","ipcas_21:73:25","192","2","326","integer,integer,integer,integer,integer,integer,floating-point,floating-point","BIED100MEAS/LLN0$Measurement","-3","3","4"
"20692","357.990952808","ipcas_21:73:25","153","2","327","integer,integer,integer,integer,boolean","BIED100CTRL/LLN0$Status","0","1","0"
"20693","357.990958128","ipcas_21:73:25","144","2","327","boolean,integer,boolean","BIED100PROT/LLN0$Alarm","1","",""
"20694","357.990959206","ipcas_21:73:25","192","2","327","integer,integer,integer,integer,integer,integer,floating-point,floating-point","BIED100MEAS/LLN0$Measurement","4","-3","-3"
"20745","359.028345168","ipcas_21:73:25","153","2","328","integer,integer,integer,integer,boolean","BIED100CTRL/LLN0$Status","0","1","0"
"20746","359.028350181","ipcas_21:73:25","144","2","328","boolean,integer,boolean","BIED100PROT/LLN0$Alarm","1","",""
"20747","359.028350972","ipcas_21:73:25","192","2","328","integer,integer,integer,integer,integer,integer,floating-point,floating-point","BIED100MEAS/LLN0$Measurement","3","5","-1"
"20798","360.060628982","ipcas_21:73:25","153","2","329","integer,integer,integer,integer,boolean","BIED100CTRL/LLN0$Status","0","1","0"
"20799","360.060632262","ipcas_21:73:25","144","2","329","boolean,integer,boolean","BIED100PROT/LLN0$Alarm","1","",""
"20800","360.060632634","ipcas_21:73:25","192","2","329","integer,integer,integer,integer,integer,integer,floating-point,floating-point","BIED100MEAS/LLN0$Measurement","1","4","-5"
"20851","361.073123135","ipcas_21:73:25","153","2","330","integer,integer,integer,integer,boolean","BIED100CTRL/LLN0$Status","0","1","0"
"20852","361.073125559","ipcas_21:73:25","144","2","330","boolean,integer,boolean","BIED100PROT/LLN0$Alarm","1","",""
"20853","361.073126143","ipcas_21:73:25","192","2","330","integer,integer,integer,integer,integer,integer,floating-point,floating-point","BIED100MEAS/LLN0$Measurement","-3","2","-4"
"20904","362.090539229","ipcas_21:73:25","153","2","331","integer,integer,integer,integer,boolean","BIED100CTRL/LLN0$Status","0","1","0"
"20905","362.090542444","ipcas_21:73:25","144","2","331","boolean,integer,boolean","BIED100PROT/LLN0$Alarm","1","",""
"20906","362.090587579","ipcas_21:73:25","192","2","331","integer,integer,integer,integer,integer,integer,floating-point,floating-point","BIED100MEAS/LLN0$Measurement","4","4","5"
"20957","363.146639948","ipcas_21:73:25","153","2","332","integer,integer,integer,integer,boolean","BIED100CTRL/LLN0$Status","0","1","0"
"20958","363.146640758","ipcas_21:73:25","144","2","332","boolean,integer,boolean","BIED100PROT/LLN0$Alarm","1","",""
"20959","363.146641523","ipcas_21:73:25","192","2","332","integer,integer,integer,integer,integer,integer,floating-point,floating-point","BIED100MEAS/LLN0$Measurement","5","2","0"
"21010","364.165593484","ipcas_21:73:25","153","2","333","integer,integer,integer,integer,boolean","BIED100CTRL/LLN0$Status","0","1","0"
"21011","364.165594024","ipcas_21:73:25","144","2","333","boolean,integer,boolean","BIED100PROT/LLN0$Alarm","1","",""
"21012","364.165594634","ipcas_21:73:25","192","2","333","integer,integer,integer,integer,integer,integer,floating-point,floating-point","BIED100MEAS/LLN0$Measurement","3","-4","-1"
"21063","365.182990562","ipcas_21:73:25","153","2","334","integer,integer,integer,integer,boolean","BIED100CTRL/LLN0$Status","0","1","0"
"21064","365.182994268","ipcas_21:73:25","144","2","334","boolean,integer,boolean","BIED100PROT/LLN0$Alarm","1","",""
"21065","365.182995321","ipcas_21:73:25","192","2","334","integer,integer,integer,integer,integer,integer,floating-point,floating-point","BIED100MEAS/LLN0$Measurement","-2","-1","-1"
"21116","366.202498888","ipcas_21:73:25","153","2","335","integer,integer,integer,integer,boolean","BIED100CTRL/LLN0$Status","0","1","0"
"21117","366.202500117","ipcas_21:73:25","144","2","335","boolean,integer,boolean","BIED100PROT/LLN0$Alarm","1","",""
"21118","366.202501564","ipcas_21:73:25","192","2","335","integer,integer,integer,integer,integer,integer,floating-point,floating-point","BIED100MEAS/LLN0$Measurement","2","-3","-1"
"21169","367.229109956","ipcas_21:73:25","153","2","336","integer,integer,integer,integer,boolean","BIED100CTRL/LLN0$Status","0","1","0"
"21170","367.229113733","ipcas_21:73:25","144","2","336","boolean,integer,boolean","BIED100PROT/LLN0$Alarm","1","",""
"21171","367.229114433","ipcas_21:73:25","192","2","336","integer,integer,integer,integer,integer,integer,floating-point,floating-point","BIED100MEAS/LLN0$Measurement","2","4","4"
"21222","368.267882126","ipcas_21:73:25","153","2","337","integer,integer,integer,integer,boolean","BIED100CTRL/LLN0$Status","0","1","0"
"21223","368.267889104","ipcas_21:73:25","144","2","337","boolean,integer,boolean","BIED100PROT/LLN0$Alarm","1","",""
"21224","368.267889519","ipcas_21:73:25","192","2","337","integer,integer,integer,integer,integer,integer,floating-point,floating-point","BIED100MEAS/LLN0$Measurement","1","-4","-3"
"21275","369.290788357","ipcas_21:73:25","153","2","338","integer,integer,integer,integer,boolean","BIED100CTRL/LLN0$Status","0","1","0"
"21276","369.290789379","ipcas_21:73:25","144","2","338","boolean,integer,boolean","BIED100PROT/LLN0$Alarm","1","",""
"21277","369.290790415","ipcas_21:73:25","192","2","338","integer,integer,integer,integer,integer,integer,floating-point,floating-point","BIED100MEAS/LLN0$Measurement","0","-3","5"
"21328","370.325027528","ipcas_21:73:25","153","2","339","integer,integer,integer,integer,boolean","BIED100CTRL/LLN0$Status","0","1","0"
"21329","370.325034041","ipcas_21:73:25","144","2","339","boolean,integer,boolean","BIED100PROT/LLN0$Alarm","1","",""
"21330","370.325034791","ipcas_21:73:25","192","2","339","integer,integer,integer,integer,integer,integer,floating-point,floating-point","BIED100MEAS/LLN0$Measurement","0","4","1"
"21381","371.380105686","ipcas_21:73:25","153","2","340","integer,integer,integer,integer,boolean","BIED100CTRL/LLN0$Status","0","1","0"
"21382","371.380283718","ipcas_21:73:25","144","2","340","boolean,integer,boolean","BIED100PROT/LLN0$Alarm","1","",""
"21383","371.380287226","ipcas_21:73:25","192","2","340","integer,integer,integer,integer,integer,integer,floating-point,floating-point","BIED100MEAS/LLN0$Measurement","-4","2","-2"
"21434","372.419418087","ipcas_21:73:25","153","2","341","integer,integer,integer,integer,boolean","BIED100CTRL/LLN0$Status","0","1","0"
"21435","372.419423511","ipcas_21:73:25","144","2","341","boolean,integer,boolean","BIED100PROT/LLN0$Alarm","1","",""
"21436","372.419922120","ipcas_21:73:25","192","2","341","integer,integer,integer,integer,integer,integer,floating-point,floating-point","BIED100MEAS/LLN0$Measurement","4","-4","-3"
"21487","373.475996500","ipcas_21:73:25","153","2","342","integer,integer,integer,integer,boolean","BIED100CTRL/LLN0$Status","0","1","0"
"21488","373.476005402","ipcas_21:73:25","144","2","342","boolean,integer,boolean","BIED100PROT/LLN0$Alarm","1","",""
"21489","373.476006552","ipcas_21:73:25","192","2","342","integer,integer,integer,integer,integer,integer,floating-point,floating-point","BIED100MEAS/LLN0$Measurement","4","5","4"
"21540","374.513025930","ipcas_21:73:25","153","2","343","integer,integer,integer,integer,boolean","BIED100CTRL/LLN0$Status","0","1","0"
"21541","374.513027110","ipcas_21:73:25","144","2","343","boolean,integer,boolean","BIED100PROT/LLN0$Alarm","1","",""
"21542","374.513027905","ipcas_21:73:25","192","2","343","integer,integer,integer,integer,integer,integer,floating-point,floating-point","BIED100MEAS/LLN0$Measurement","-1","3","-3"
"21593","375.545586919","ipcas_21:73:25","153","2","344","integer,integer,integer,integer,boolean","BIED100CTRL/LLN0$Status","0","1","0"
"21594","375.545589981","ipcas_21:73:25","144","2","344","boolean,integer,boolean","BIED100PROT/LLN0$Alarm","1","",""
"21595","375.545590579","ipcas_21:73:25","192","2","344","integer,integer,integer,integer,integer,integer,floating-point,floating-point","BIED100MEAS/LLN0$Measurement","1","-3","-4"
"21646","376.582308840","ipcas_21:73:25","153","2","345","integer,integer,integer,integer,boolean","BIED100CTRL/LLN0$Status","0","1","0"
"21647","376.582311057","ipcas_21:73:25","144","2","345","boolean,integer,boolean","BIED100PROT/LLN0$Alarm","1","",""
"21648","376.582311809","ipcas_21:73:25","192","2","345","integer,integer,integer,integer,integer,integer,floating-point,floating-point","BIED100MEAS/LLN0$Measurement","-2","5","5"
"21699","377.612400396","ipcas_21:73:25","153","2","346","integer,integer,integer,integer,boolean","BIED100CTRL/LLN0$Status","0","1","0"
"21700","377.612404066","ipcas_21:73:25","144","2","346","boolean,integer,boolean","BIED100PROT/LLN0$Alarm","1","",""
"21701","377.612404925","ipcas_21:73:25","192","2","346","integer,integer,integer,integer,integer,integer,floating-point,floating-point","BIED100MEAS/LLN0$Measurement","-1","5","-4"
"21752","378.644047519","ipcas_21:73:25","153","2","347","integer,integer,integer,integer,boolean","BIED100CTRL/LLN0$Status","0","1","0"
"21753","378.644047839","ipcas_21:73:25","144","2","347","boolean,integer,boolean","BIED100PROT/LLN0$Alarm","1","",""
"21754","378.644048239","ipcas_21:73:25","192","2","347","integer,integer,integer,integer,integer,integer,floating-point,floating-point","BIED100MEAS/LLN0$Measurement","-5","-2","5"
"21805","379.680068094","ipcas_21:73:25","153","2","348","integer,integer,integer,integer,boolean","BIED100CTRL/LLN0$Status","0","1","0"
"21806","379.680138985","ipcas_21:73:25","144","2","348","boolean,integer,boolean","BIED100PROT/LLN0$Alarm","1","",""
"21807","379.680653264","ipcas_21:73:25","192","2","348","integer,integer,integer,integer,integer,integer,floating-point,floating-point","BIED100MEAS/LLN0$Measurement","4","3","-5"
"21858","380.725020214","ipcas_21:73:25","153","2","349","integer,integer,integer,integer,boolean","BIED100CTRL/LLN0$Status","0","1","0"
"21859","380.725025769","ipcas_21:73:25","144","2","349","boolean,integer,boolean","BIED100PROT/LLN0$Alarm","1","",""
"21860","380.725026631","ipcas_21:73:25","192","2","349","integer,integer,integer,integer,integer,integer,floating-point,floating-point","BIED100MEAS/LLN0$Measurement","-3","-1","-1"
"21911","381.754244671","ipcas_21:73:25","153","2","350","integer,integer,integer,integer,boolean","BIED100CTRL/LLN0$Status","0","1","0"
"21912","381.754247743","ipcas_21:73:25","144","2","350","boolean,integer,boolean","BIED100PROT/LLN0$Alarm","1","",""
"21913","381.754248309","ipcas_21:73:25","192","2","350","integer,integer,integer,integer,integer,integer,floating-point,floating-point","BIED100MEAS/LLN0$Measurement","-2","0","5"
"21964","382.790712751","ipcas_21:73:25","153","2","351","integer,integer,integer,integer,boolean","BIED100CTRL/LLN0$Status","0","1","0"
"21965","382.790713563","ipcas_21:73:25","144","2","351","boolean,integer,boolean","BIED100PROT/LLN0$Alarm","1","",""
"21966","382.790714608","ipcas_21:73:25","192","2","351","integer,integer,integer,integer,integer,integer,floating-point,floating-point","BIED100MEAS/LLN0$Measurement","4","-4","4"
"22017","383.845431869","ipcas_21:73:25","153","2","352","integer,integer,integer,integer,boolean","BIED100CTRL/LLN0$Status","0","1","0"
"22018","383.845435015","ipcas_21:73:25","144","2","352","boolean,integer,boolean","BIED100PROT/LLN0$Alarm","1","",""
"22019","383.845436027","ipcas_21:73:25","192","2","352","integer,integer,integer,integer,integer,integer,floating-point,floating-point","BIED100MEAS/LLN0$Measurement","-1","5","-5"
"22070","384.898745885","ipcas_21:73:25","153","2","353","integer,integer,integer,integer,boolean","BIED100CTRL/LLN0$Status","0","1","0"
"22071","384.898750872","ipcas_21:73:25","144","2","353","boolean,integer,boolean","BIED100PROT/LLN0$Alarm","1","",""
"22072","384.898751535","ipcas_21:73:25","192","2","353","integer,integer,integer,integer,integer,integer,floating-point,floating-point","BIED100MEAS/LLN0$Measurement","2","-1","-1"
"22123","385.933164494","ipcas_21:73:25","153","2","354","integer,integer,integer,integer,boolean","BIED100CTRL/LLN0$Status","0","1","0"
"22124","385.933165093","ipcas_21:73:25","144","2","354","boolean,integer,boolean","BIED100PROT/LLN0$Alarm","1","",""
"22125","385.933165906","ipcas_21:73:25","192","2","354","integer,integer,integer,integer,integer,integer,floating-point,floating-point","BIED100MEAS/LLN0$Measurement","1","5","-3"
"22176","386.976051337","ipcas_21:73:25","153","2","355","integer,integer,integer,integer,boolean","BIED100CTRL/LLN0$Status","0","1","0"
"22177","386.976055606","ipcas_21:73:25","144","2","355","boolean,integer,boolean","BIED100PROT/LLN0$Alarm","1","",""
"22178","386.976056786","ipcas_21:73:25","192","2","355","integer,integer,integer,integer,integer,integer,floating-point,floating-point","BIED100MEAS/LLN0$Measurement","-1","3","-3"
"22229","388.121015980","ipcas_21:73:25","153","2","356","integer,integer,integer,integer,boolean","BIED100CTRL/LLN0$Status","0","1","0"
"22230","388.121026150","ipcas_21:73:25","144","2","356","boolean,integer,boolean","BIED100PROT/LLN0$Alarm","1","",""
"22231","388.121027607","ipcas_21:73:25","192","2","356","integer,integer,integer,integer,integer,integer,floating-point,floating-point","BIED100MEAS/LLN0$Measurement","1","3","4"
"22282","389.194523118","ipcas_21:73:25","153","2","357","integer,integer,integer,integer,boolean","BIED100CTRL/LLN0$Status","0","1","0"
"22283","389.194527208","ipcas_21:73:25","144","2","357","boolean,integer,boolean","BIED100PROT/LLN0$Alarm","1","",""
"22284","389.194528139","ipcas_21:73:25","192","2","357","integer,integer,integer,integer,integer,integer,floating-point,floating-point","BIED100MEAS/LLN0$Measurement","0","-5","-5"
"22381","392.497043329","ipcas_21:73:25","153","2","358","integer,integer,integer,integer,boolean","BIED100CTRL/LLN0$Status","0","1","0"
"22382","392.497047291","ipcas_21:73:25","144","2","358","boolean,integer,boolean","BIED100PROT/LLN0$Alarm","1","",""
"22383","392.497047833","ipcas_21:73:25","192","2","358","integer,integer,integer,integer,integer,integer,floating-point,floating-point","BIED100MEAS/LLN0$Measurement","3","-3","2"
"22434","393.540003159","ipcas_21:73:25","153","2","359","integer,integer,integer,integer,boolean","BIED100CTRL/LLN0$Status","0","1","0"
"22435","393.540006146","ipcas_21:73:25","144","2","359","boolean,integer,boolean","BIED100PROT/LLN0$Alarm","1","",""
"22436","393.540006682","ipcas_21:73:25","192","2","359","integer,integer,integer,integer,integer,integer,floating-point,floating-point","BIED100MEAS/LLN0$Measurement","-3","1","1"
"22487","394.586844017","ipcas_21:73:25","153","2","360","integer,integer,integer,integer,boolean","BIED100CTRL/LLN0$Status","0","1","0"
"22488","394.586849911","ipcas_21:73:25","144","2","360","boolean,integer,boolean","BIED100PROT/LLN0$Alarm","1","",""
"22489","394.586850533","ipcas_21:73:25","192","2","360","integer,integer,integer,integer,integer,integer,floating-point,floating-point","BIED100MEAS/LLN0$Measurement","5","-1","-3"
"22540","395.613600263","ipcas_21:73:25","153","2","361","integer,integer,integer,integer,boolean","BIED100CTRL/LLN0$Status","0","1","0"
"22541","395.613604055","ipcas_21:73:25","144","2","361","boolean,integer,boolean","BIED100PROT/LLN0$Alarm","1","",""
"22542","395.613604823","ipcas_21:73:25","192","2","361","integer,integer,integer,integer,integer,integer,floating-point,floating-point","BIED100MEAS/LLN0$Measurement","-1","-4","1"
"22593","396.667042927","ipcas_21:73:25","153","2","362","integer,integer,integer,integer,boolean","BIED100CTRL/LLN0$Status","0","1","0"
"22594","396.667043736","ipcas_21:73:25","144","2","362","boolean,integer,boolean","BIED100PROT/LLN0$Alarm","1","",""
"22595","396.667044579","ipcas_21:73:25","192","2","362","integer,integer,integer,integer,integer,integer,floating-point,floating-point","BIED100MEAS/LLN0$Measurement","4","-2","-3"
"22646","397.704110052","ipcas_21:73:25","153","2","363","integer,integer,integer,integer,boolean","BIED100CTRL/LLN0$Status","0","1","0"
"22647","397.704117907","ipcas_21:73:25","144","2","363","boolean,integer,boolean","BIED100PROT/LLN0$Alarm","1","",""
"22648","397.704119036","ipcas_21:73:25","192","2","363","integer,integer,integer,integer,integer,integer,floating-point,floating-point","BIED100MEAS/LLN0$Measurement","-3","1","1"
"22699","398.734560911","ipcas_21:73:25","153","2","364","integer,integer,integer,integer,boolean","BIED100CTRL/LLN0$Status","0","1","0"
"22700","398.734561288","ipcas_21:73:25","144","2","364","boolean,integer,boolean","BIED100PROT/LLN0$Alarm","1","",""
"22701","398.734561649","ipcas_21:73:25","192","2","364","integer,integer,integer,integer,integer,integer,floating-point,floating-point","BIED100MEAS/LLN0$Measurement","0","-1","1"
"22752","399.809760522","ipcas_21:73:25","153","2","365","integer,integer,integer,integer,boolean","BIED100CTRL/LLN0$Status","0","1","0"
"22753","399.809766513","ipcas_21:73:25","144","2","365","boolean,integer,boolean","BIED100PROT/LLN0$Alarm","1","",""
"22754","399.809767526","ipcas_21:73:25","192","2","365","integer,integer,integer,integer,integer,integer,floating-point,floating-point","BIED100MEAS/LLN0$Measurement","4","2","-1"
"22805","400.828713081","ipcas_21:73:25","153","2","366","integer,integer,integer,integer,boolean","BIED100CTRL/LLN0$Status","0","1","0"
"22806","400.829310265","ipcas_21:73:25","144","2","366","boolean,integer,boolean","BIED100PROT/LLN0$Alarm","1","",""
"22807","400.829312935","ipcas_21:73:25","192","2","366","integer,integer,integer,integer,integer,integer,floating-point,floating-point","BIED100MEAS/LLN0$Measurement","-1","-2","2"
"22858","401.868658027","ipcas_21:73:25","153","2","367","integer,integer,integer,integer,boolean","BIED100CTRL/LLN0$Status","0","1","0"
"22859","401.868658578","ipcas_21:73:25","144","2","367","boolean,integer,boolean","BIED100PROT/LLN0$Alarm","1","",""
"22860","401.868658936","ipcas_21:73:25","192","2","367","integer,integer,integer,integer,integer,integer,floating-point,floating-point","BIED100MEAS/LLN0$Measurement","3","-5","-4"
"22911","402.864874035","ipcas_21:73:25","153","2","368","integer,integer,integer,integer,boolean","BIED100CTRL/LLN0$Status","0","1","0"
"22912","402.864877115","ipcas_21:73:25","144","2","368","boolean,integer,boolean","BIED100PROT/LLN0$Alarm","1","",""
"22913","402.864877904","ipcas_21:73:25","192","2","368","integer,integer,integer,integer,integer,integer,floating-point,floating-point","BIED100MEAS/LLN0$Measurement","1","1","-3"
"22964","403.892931520","ipcas_21:73:25","153","2","369","integer,integer,integer,integer,boolean","BIED100CTRL/LLN0$Status","0","1","0"
"22965","403.892935846","ipcas_21:73:25","144","2","369","boolean,integer,boolean","BIED100PROT/LLN0$Alarm","1","",""
"22966","403.892936880","ipcas_21:73:25","192","2","369","integer,integer,integer,integer,integer,integer,floating-point,floating-point","BIED100MEAS/LLN0$Measurement","3","2","0"
"23017","404.923583955","ipcas_21:73:25","153","2","370","integer,integer,integer,integer,boolean","BIED100CTRL/LLN0$Status","0","1","0"
"23018","404.923584923","ipcas_21:73:25","144","2","370","boolean,integer,boolean","BIED100PROT/LLN0$Alarm","1","",""
"23019","404.925098788","ipcas_21:73:25","192","2","370","integer,integer,integer,integer,integer,integer,floating-point,floating-point","BIED100MEAS/LLN0$Measurement","-1","2","3"
"23070","405.960480679","ipcas_21:73:25","153","2","371","integer,integer,integer,integer,boolean","BIED100CTRL/LLN0$Status","0","1","0"
"23071","405.960481434","ipcas_21:73:25","144","2","371","boolean,integer,boolean","BIED100PROT/LLN0$Alarm","1","",""
"23072","405.960481829","ipcas_21:73:25","192","2","371","integer,integer,integer,integer,integer,integer,floating-point,floating-point","BIED100MEAS/LLN0$Measurement","4","5","1"
"23123","406.983232903","ipcas_21:73:25","153","2","372","integer,integer,integer,integer,boolean","BIED100CTRL/LLN0$Status","0","1","0"
"23124","406.983234304","ipcas_21:73:25","144","2","372","boolean,integer,boolean","BIED100PROT/LLN0$Alarm","1","",""
"23125","406.983234986","ipcas_21:73:25","192","2","372","integer,integer,integer,integer,integer,integer,floating-point,floating-point","BIED100MEAS/LLN0$Measurement","2","1","-3"
"23176","408.015448641","ipcas_21:73:25","153","2","373","integer,integer,integer,integer,boolean","BIED100CTRL/LLN0$Status","0","1","0"
"23177","408.015454789","ipcas_21:73:25","144","2","373","boolean,integer,boolean","BIED100PROT/LLN0$Alarm","1","",""
"23178","408.015456396","ipcas_21:73:25","192","2","373","integer,integer,integer,integer,integer,integer,floating-point,floating-point","BIED100MEAS/LLN0$Measurement","1","0","-3"
"23229","409.046173197","ipcas_21:73:25","153","2","374","integer,integer,integer,integer,boolean","BIED100CTRL/LLN0$Status","0","1","0"
"23230","409.046177640","ipcas_21:73:25","144","2","374","boolean,integer,boolean","BIED100PROT/LLN0$Alarm","1","",""
"23231","409.046178649","ipcas_21:73:25","192","2","374","integer,integer,integer,integer,integer,integer,floating-point,floating-point","BIED100MEAS/LLN0$Measurement","-3","-5","3"
"23282","410.073904582","ipcas_21:73:25","153","2","375","integer,integer,integer,integer,boolean","BIED100CTRL/LLN0$Status","0","1","0"
"23283","410.073906005","ipcas_21:73:25","144","2","375","boolean,integer,boolean","BIED100PROT/LLN0$Alarm","1","",""
"23284","410.073906425","ipcas_21:73:25","192","2","375","integer,integer,integer,integer,integer,integer,floating-point,floating-point","BIED100MEAS/LLN0$Measurement","-3","1","-3"
"23335","411.125610934","ipcas_21:73:25","153","2","376","integer,integer,integer,integer,boolean","BIED100CTRL/LLN0$Status","0","1","0"
"23336","411.125617124","ipcas_21:73:25","144","2","376","boolean,integer,boolean","BIED100PROT/LLN0$Alarm","1","",""
"23337","411.125618162","ipcas_21:73:25","192","2","376","integer,integer,integer,integer,integer,integer,floating-point,floating-point","BIED100MEAS/LLN0$Measurement","-3","-3","5"
"23388","412.160186576","ipcas_21:73:25","153","2","377","integer,integer,integer,integer,boolean","BIED100CTRL/LLN0$Status","0","1","0"
"23389","412.160192613","ipcas_21:73:25","144","2","377","boolean,integer,boolean","BIED100PROT/LLN0$Alarm","1","",""
"23390","412.160194033","ipcas_21:73:25","192","2","377","integer,integer,integer,integer,integer,integer,floating-point,floating-point","BIED100MEAS/LLN0$Measurement","0","5","0"
"23453","413.193998047","ipcas_21:73:25","153","2","378","integer,integer,integer,integer,boolean","BIED100CTRL/LLN0$Status","0","1","0"
"23454","413.193998380","ipcas_21:73:25","144","2","378","boolean,integer,boolean","BIED100PROT/LLN0$Alarm","1","",""
"23455","413.193999136","ipcas_21:73:25","192","2","378","integer,integer,integer,integer,integer,integer,floating-point,floating-point","BIED100MEAS/LLN0$Measurement","2","3","-4"
"23497","414.232689116","ipcas_21:73:25","153","2","379","integer,integer,integer,integer,boolean","BIED100CTRL/LLN0$Status","0","1","0"
"23498","414.232690178","ipcas_21:73:25","144","2","379","boolean,integer,boolean","BIED100PROT/LLN0$Alarm","1","",""
"23499","414.232690659","ipcas_21:73:25","192","2","379","integer,integer,integer,integer,integer,integer,floating-point,floating-point","BIED100MEAS/LLN0$Measurement","5","-5","1"
"23550","415.268450403","ipcas_21:73:25","153","2","380","integer,integer,integer,integer,boolean","BIED100CTRL/LLN0$Status","0","1","0"
"23551","415.268451377","ipcas_21:73:25","144","2","380","boolean,integer,boolean","BIED100PROT/LLN0$Alarm","1","",""
"23552","415.268452094","ipcas_21:73:25","192","2","380","integer,integer,integer,integer,integer,integer,floating-point,floating-point","BIED100MEAS/LLN0$Measurement","2","3","2"
"23603","416.308179492","ipcas_21:73:25","153","2","381","integer,integer,integer,integer,boolean","BIED100CTRL/LLN0$Status","0","1","0"
"23604","416.308180108","ipcas_21:73:25","144","2","381","boolean,integer,boolean","BIED100PROT/LLN0$Alarm","1","",""
"23605","416.308180689","ipcas_21:73:25","192","2","381","integer,integer,integer,integer,integer,integer,floating-point,floating-point","BIED100MEAS/LLN0$Measurement","-1","-3","-1"
"23676","417.350983575","ipcas_21:73:25","153","2","382","integer,integer,integer,integer,boolean","BIED100CTRL/LLN0$Status","0","1","0"
"23677","417.350984132","ipcas_21:73:25","144","2","382","boolean,integer,boolean","BIED100PROT/LLN0$Alarm","1","",""
"23678","417.350984583","ipcas_21:73:25","192","2","382","integer,integer,integer,integer,integer,integer,floating-point,floating-point","BIED100MEAS/LLN0$Measurement","-4","-4","-1"
"23729","418.386791989","ipcas_21:73:25","153","2","383","integer,integer,integer,integer,boolean","BIED100CTRL/LLN0$Status","0","1","0"
"23730","418.386796738","ipcas_21:73:25","144","2","383","boolean,integer,boolean","BIED100PROT/LLN0$Alarm","1","",""
"23731","418.386797591","ipcas_21:73:25","192","2","383","integer,integer,integer,integer,integer,integer,floating-point,floating-point","BIED100MEAS/LLN0$Measurement","-3","1","-5"
"23782","419.509455449","ipcas_21:73:25","153","2","384","integer,integer,integer,integer,boolean","BIED100CTRL/LLN0$Status","0","1","0"
"23783","419.509466470","ipcas_21:73:25","144","2","384","boolean,integer,boolean","BIED100PROT/LLN0$Alarm","1","",""
"23784","419.509730095","ipcas_21:73:25","192","2","384","integer,integer,integer,integer,integer,integer,floating-point,floating-point","BIED100MEAS/LLN0$Measurement","4","0","-5"
"23835","420.546255877","ipcas_21:73:25","153","2","385","integer,integer,integer,integer,boolean","BIED100CTRL/LLN0$Status","0","1","0"
"23836","420.546261133","ipcas_21:73:25","144","2","385","boolean,integer,boolean","BIED100PROT/LLN0$Alarm","1","",""
"23837","420.546262011","ipcas_21:73:25","192","2","385","integer,integer,integer,integer,integer,integer,floating-point,floating-point","BIED100MEAS/LLN0$Measurement","0","1","2"
"23888","421.585597469","ipcas_21:73:25","153","2","386","integer,integer,integer,integer,boolean","BIED100CTRL/LLN0$Status","0","1","0"
"23889","421.585600791","ipcas_21:73:25","144","2","386","boolean,integer,boolean","BIED100PROT/LLN0$Alarm","1","",""
"23890","421.586186063","ipcas_21:73:25","192","2","386","integer,integer,integer,integer,integer,integer,floating-point,floating-point","BIED100MEAS/LLN0$Measurement","4","4","-3"
"23941","422.621807661","ipcas_21:73:25","153","2","387","integer,integer,integer,integer,boolean","BIED100CTRL/LLN0$Status","0","1","0"
"23942","422.621811836","ipcas_21:73:25","144","2","387","boolean,integer,boolean","BIED100PROT/LLN0$Alarm","1","",""
"23943","422.621812856","ipcas_21:73:25","192","2","387","integer,integer,integer,integer,integer,integer,floating-point,floating-point","BIED100MEAS/LLN0$Measurement","1","5","1"
"23994","423.656334341","ipcas_21:73:25","153","2","388","integer,integer,integer,integer,boolean","BIED100CTRL/LLN0$Status","0","1","0"
"23995","423.656338258","ipcas_21:73:25","144","2","388","boolean,integer,boolean","BIED100PROT/LLN0$Alarm","1","",""
"23996","423.657098346","ipcas_21:73:25","192","2","388","integer,integer,integer,integer,integer,integer,floating-point,floating-point","BIED100MEAS/LLN0$Measurement","2","-1","-2"
"24047","424.704968884","ipcas_21:73:25","153","2","389","integer,integer,integer,integer,boolean","BIED100CTRL/LLN0$Status","0","1","0"
"24048","424.704972762","ipcas_21:73:25","144","2","389","boolean,integer,boolean","BIED100PROT/LLN0$Alarm","1","",""
"24049","424.704973651","ipcas_21:73:25","192","2","389","integer,integer,integer,integer,integer,integer,floating-point,floating-point","BIED100MEAS/LLN0$Measurement","-3","-4","4"
"24100","425.735338107","ipcas_21:73:25","153","2","390","integer,integer,integer,integer,boolean","BIED100CTRL/LLN0$Status","0","1","0"
"24101","425.735341826","ipcas_21:73:25","144","2","390","boolean,integer,boolean","BIED100PROT/LLN0$Alarm","1","",""
"24102","425.735342256","ipcas_21:73:25","192","2","390","integer,integer,integer,integer,integer,integer,floating-point,floating-point","BIED100MEAS/LLN0$Measurement","3","4","5"
"24153","426.777371531","ipcas_21:73:25","153","2","391","integer,integer,integer,integer,boolean","BIED100CTRL/LLN0$Status","0","1","0"
"24154","426.777371822","ipcas_21:73:25","144","2","391","boolean,integer,boolean","BIED100PROT/LLN0$Alarm","1","",""
"24155","426.777372215","ipcas_21:73:25","192","2","391","integer,integer,integer,integer,integer,integer,floating-point,floating-point","BIED100MEAS/LLN0$Measurement","1","4","-5"
"24206","427.818868063","ipcas_21:73:25","153","2","392","integer,integer,integer,integer,boolean","BIED100CTRL/LLN0$Status","0","1","0"
"24207","427.818876339","ipcas_21:73:25","144","2","392","boolean,integer,boolean","BIED100PROT/LLN0$Alarm","1","",""
"24208","427.818877462","ipcas_21:73:25","192","2","392","integer,integer,integer,integer,integer,integer,floating-point,floating-point","BIED100MEAS/LLN0$Measurement","4","-1","3"
"24259","428.851865728","ipcas_21:73:25","153","2","393","integer,integer,integer,integer,boolean","BIED100CTRL/LLN0$Status","0","1","0"
"24260","428.851875075","ipcas_21:73:25","144","2","393","boolean,integer,boolean","BIED100PROT/LLN0$Alarm","1","",""
"24261","428.851875772","ipcas_21:73:25","192","2","393","integer,integer,integer,integer,integer,integer,floating-point,floating-point","BIED100MEAS/LLN0$Measurement","-2","-2","4"
"24312","429.894182696","ipcas_21:73:25","153","2","394","integer,integer,integer,integer,boolean","BIED100CTRL/LLN0$Status","0","1","0"
"24313","429.894183470","ipcas_21:73:25","144","2","394","boolean,integer,boolean","BIED100PROT/LLN0$Alarm","1","",""
"24314","429.894184194","ipcas_21:73:25","192","2","394","integer,integer,integer,integer,integer,integer,floating-point,floating-point","BIED100MEAS/LLN0$Measurement","-3","3","2"
"24365","430.922070664","ipcas_21:73:25","153","2","395","integer,integer,integer,integer,boolean","BIED100CTRL/LLN0$Status","0","1","0"
"24366","430.922077878","ipcas_21:73:25","144","2","395","boolean,integer,boolean","BIED100PROT/LLN0$Alarm","1","",""
"24367","430.922078638","ipcas_21:73:25","192","2","395","integer,integer,integer,integer,integer,integer,floating-point,floating-point","BIED100MEAS/LLN0$Measurement","-3","-4","-5"
"24418","431.966285806","ipcas_21:73:25","153","2","396","integer,integer,integer,integer,boolean","BIED100CTRL/LLN0$Status","0","1","0"
"24419","431.966290014","ipcas_21:73:25","144","2","396","boolean,integer,boolean","BIED100PROT/LLN0$Alarm","1","",""
"24420","431.966614208","ipcas_21:73:25","192","2","396","integer,integer,integer,integer,integer,integer,floating-point,floating-point","BIED100MEAS/LLN0$Measurement","3","1","-3"
"24471","433.012809262","ipcas_21:73:25","153","2","397","integer,integer,integer,integer,boolean","BIED100CTRL/LLN0$Status","0","1","0"
"24472","433.012815056","ipcas_21:73:25","144","2","397","boolean,integer,boolean","BIED100PROT/LLN0$Alarm","1","",""
"24473","433.013833107","ipcas_21:73:25","192","2","397","integer,integer,integer,integer,integer,integer,floating-point,floating-point","BIED100MEAS/LLN0$Measurement","-4","-3","5"
"24524","434.067673924","ipcas_21:73:25","153","2","398","integer,integer,integer,integer,boolean","BIED100CTRL/LLN0$Status","0","1","0"
"24525","434.067676745","ipcas_21:73:25","144","2","398","boolean,integer,boolean","BIED100PROT/LLN0$Alarm","1","",""
"24526","434.067895523","ipcas_21:73:25","192","2","398","integer,integer,integer,integer,integer,integer,floating-point,floating-point","BIED100MEAS/LLN0$Measurement","3","-4","-4"
"24577","435.114341368","ipcas_21:73:25","153","2","399","integer,integer,integer,integer,boolean","BIED100CTRL/LLN0$Status","0","1","0"
"24578","435.114365753","ipcas_21:73:25","144","2","399","boolean,integer,boolean","BIED100PROT/LLN0$Alarm","1","",""
"24579","435.114367156","ipcas_21:73:25","192","2","399","integer,integer,integer,integer,integer,integer,floating-point,floating-point","BIED100MEAS/LLN0$Measurement","-5","2","-2"
"24630","436.129342742","ipcas_21:73:25","153","2","400","integer,integer,integer,integer,boolean","BIED100CTRL/LLN0$Status","0","1","0"
"24631","436.129347773","ipcas_21:73:25","144","2","400","boolean,integer,boolean","BIED100PROT/LLN0$Alarm","1","",""
"24632","436.129396699","ipcas_21:73:25","192","2","400","integer,integer,integer,integer,integer,integer,floating-point,floating-point","BIED100MEAS/LLN0$Measurement","-1","-3","3"
"24683","437.192500688","ipcas_21:73:25","153","2","401","integer,integer,integer,integer,boolean","BIED100CTRL/LLN0$Status","0","1","0"
"24684","437.192506170","ipcas_21:73:25","144","2","401","boolean,integer,boolean","BIED100PROT/LLN0$Alarm","1","",""
"24685","437.192507102","ipcas_21:73:25","192","2","401","integer,integer,integer,integer,integer,integer,floating-point,floating-point","BIED100MEAS/LLN0$Measurement","-4","3","3"
"24736","438.232930880","ipcas_21:73:25","153","2","402","integer,integer,integer,integer,boolean","BIED100CTRL/LLN0$Status","0","1","0"
"24737","438.232935798","ipcas_21:73:25","144","2","402","boolean,integer,boolean","BIED100PROT/LLN0$Alarm","1","",""
"24738","438.233324227","ipcas_21:73:25","192","2","402","integer,integer,integer,integer,integer,integer,floating-point,floating-point","BIED100MEAS/LLN0$Measurement","-2","4","-4"
"24789","439.261140532","ipcas_21:73:25","153","2","403","integer,integer,integer,integer,boolean","BIED100CTRL/LLN0$Status","0","1","0"
"24790","439.261144063","ipcas_21:73:25","144","2","403","boolean,integer,boolean","BIED100PROT/LLN0$Alarm","1","",""
"24791","439.261769063","ipcas_21:73:25","192","2","403","integer,integer,integer,integer,integer,integer,floating-point,floating-point","BIED100MEAS/LLN0$Measurement","-4","-4","0"
"24842","440.298953772","ipcas_21:73:25","153","2","404","integer,integer,integer,integer,boolean","BIED100CTRL/LLN0$Status","0","1","0"
"24843","440.298960748","ipcas_21:73:25","144","2","404","boolean,integer,boolean","BIED100PROT/LLN0$Alarm","1","",""
"24844","440.298962248","ipcas_21:73:25","192","2","404","integer,integer,integer,integer,integer,integer,floating-point,floating-point","BIED100MEAS/LLN0$Measurement","2","2","-3"
"24895","441.330746743","ipcas_21:73:25","153","2","405","integer,integer,integer,integer,boolean","BIED100CTRL/LLN0$Status","0","1","0"
"24896","441.330750129","ipcas_21:73:25","144","2","405","boolean,integer,boolean","BIED100PROT/LLN0$Alarm","1","",""
"24897","441.330750930","ipcas_21:73:25","192","2","405","integer,integer,integer,integer,integer,integer,floating-point,floating-point","BIED100MEAS/LLN0$Measurement","-4","-2","-1"
"24948","442.368956979","ipcas_21:73:25","153","2","406","integer,integer,integer,integer,boolean","BIED100CTRL/LLN0$Status","0","1","0"
"24949","442.368963090","ipcas_21:73:25","144","2","406","boolean,integer,boolean","BIED100PROT/LLN0$Alarm","1","",""
"24950","442.369871449","ipcas_21:73:25","192","2","406","integer,integer,integer,integer,integer,integer,floating-point,floating-point","BIED100MEAS/LLN0$Measurement","4","-3","1"
"25001","443.431788729","ipcas_21:73:25","153","2","407","integer,integer,integer,integer,boolean","BIED100CTRL/LLN0$Status","0","1","0"
"25002","443.431899156","ipcas_21:73:25","144","2","407","boolean,integer,boolean","BIED100PROT/LLN0$Alarm","1","",""
"25003","443.432190445","ipcas_21:73:25","192","2","407","integer,integer,integer,integer,integer,integer,floating-point,floating-point","BIED100MEAS/LLN0$Measurement","4","-1","-5"
"25054","444.450188581","ipcas_21:73:25","153","2","408","integer,integer,integer,integer,boolean","BIED100CTRL/LLN0$Status","0","1","0"
"25055","444.450362632","ipcas_21:73:25","144","2","408","boolean,integer,boolean","BIED100PROT/LLN0$Alarm","1","",""
"25056","444.450577373","ipcas_21:73:25","192","2","408","integer,integer,integer,integer,integer,integer,floating-point,floating-point","BIED100MEAS/LLN0$Measurement","-2","4","-1"
"25107","445.487184392","ipcas_21:73:25","153","2","409","integer,integer,integer,integer,boolean","BIED100CTRL/LLN0$Status","0","1","0"
"25108","445.488606809","ipcas_21:73:25","144","2","409","boolean,integer,boolean","BIED100PROT/LLN0$Alarm","1","",""
"25109","445.489145981","ipcas_21:73:25","192","2","409","integer,integer,integer,integer,integer,integer,floating-point,floating-point","BIED100MEAS/LLN0$Measurement","-4","5","-2"
"25160","446.527010577","ipcas_21:73:25","153","2","410","integer,integer,integer,integer,boolean","BIED100CTRL/LLN0$Status","0","1","0"
"25161","446.528127528","ipcas_21:73:25","144","2","410","boolean,integer,boolean","BIED100PROT/LLN0$Alarm","1","",""
"25162","446.528130574","ipcas_21:73:25","192","2","410","integer,integer,integer,integer,integer,integer,floating-point,floating-point","BIED100MEAS/LLN0$Measurement","5","2","0"
"25213","447.559628958","ipcas_21:73:25","153","2","411","integer,integer,integer,integer,boolean","BIED100CTRL/LLN0$Status","0","1","0"
"25214","447.559801113","ipcas_21:73:25","144","2","411","boolean,integer,boolean","BIED100PROT/LLN0$Alarm","1","",""
"25215","447.559803866","ipcas_21:73:25","192","2","411","integer,integer,integer,integer,integer,integer,floating-point,floating-point","BIED100MEAS/LLN0$Measurement","3","3","-3"
"25266","448.599682853","ipcas_21:73:25","153","2","412","integer,integer,integer,integer,boolean","BIED100CTRL/LLN0$Status","0","1","0"
"25267","448.599691435","ipcas_21:73:25","144","2","412","boolean,integer,boolean","BIED100PROT/LLN0$Alarm","1","",""
"25268","448.599692651","ipcas_21:73:25","192","2","412","integer,integer,integer,integer,integer,integer,floating-point,floating-point","BIED100MEAS/LLN0$Measurement","0","2","3"
"25319","449.633083907","ipcas_21:73:25","153","2","413","integer,integer,integer,integer,boolean","BIED100CTRL/LLN0$Status","0","1","0"
"25320","449.633093085","ipcas_21:73:25","144","2","413","boolean,integer,boolean","BIED100PROT/LLN0$Alarm","1","",""
"25321","449.633094892","ipcas_21:73:25","192","2","413","integer,integer,integer,integer,integer,integer,floating-point,floating-point","BIED100MEAS/LLN0$Measurement","5","4","-1"
"25372","450.662612629","ipcas_21:73:25","153","2","414","integer,integer,integer,integer,boolean","BIED100CTRL/LLN0$Status","0","1","0"
"25373","450.662795458","ipcas_21:73:25","144","2","414","boolean,integer,boolean","BIED100PROT/LLN0$Alarm","1","",""
"25374","450.663086978","ipcas_21:73:25","192","2","414","integer,integer,integer,integer,integer,integer,floating-point,floating-point","BIED100MEAS/LLN0$Measurement","0","0","-5"
"25425","451.704936467","ipcas_21:73:25","153","2","415","integer,integer,integer,integer,boolean","BIED100CTRL/LLN0$Status","0","1","0"
"25426","451.704937000","ipcas_21:73:25","144","2","415","boolean,integer,boolean","BIED100PROT/LLN0$Alarm","1","",""
"25427","451.704937951","ipcas_21:73:25","192","2","415","integer,integer,integer,integer,integer,integer,floating-point,floating-point","BIED100MEAS/LLN0$Measurement","5","-3","1"
"25478","452.730865688","ipcas_21:73:25","153","2","416","integer,integer,integer,integer,boolean","BIED100CTRL/LLN0$Status","0","1","0"
"25479","452.730866983","ipcas_21:73:25","144","2","416","boolean,integer,boolean","BIED100PROT/LLN0$Alarm","1","",""
"25480","452.730867475","ipcas_21:73:25","192","2","416","integer,integer,integer,integer,integer,integer,floating-point,floating-point","BIED100MEAS/LLN0$Measurement","-5","4","-5"
"25531","453.753789996","ipcas_21:73:25","153","2","417","integer,integer,integer,integer,boolean","BIED100CTRL/LLN0$Status","0","1","0"
"25532","453.753790629","ipcas_21:73:25","144","2","417","boolean,integer,boolean","BIED100PROT/LLN0$Alarm","1","",""
"25533","453.753791094","ipcas_21:73:25","192","2","417","integer,integer,integer,integer,integer,integer,floating-point,floating-point","BIED100MEAS/LLN0$Measurement","-2","-5","-5"
"25584","454.798924134","ipcas_21:73:25","153","2","418","integer,integer,integer,integer,boolean","BIED100CTRL/LLN0$Status","0","1","0"
"25585","454.799203470","ipcas_21:73:25","144","2","418","boolean,integer,boolean","BIED100PROT/LLN0$Alarm","1","",""
"25586","454.799493949","ipcas_21:73:25","192","2","418","integer,integer,integer,integer,integer,integer,floating-point,floating-point","BIED100MEAS/LLN0$Measurement","-5","-4","0"
"25637","455.839442071","ipcas_21:73:25","153","2","419","integer,integer,integer,integer,boolean","BIED100CTRL/LLN0$Status","0","1","0"
"25638","455.839451911","ipcas_21:73:25","144","2","419","boolean,integer,boolean","BIED100PROT/LLN0$Alarm","1","",""
"25639","455.839453440","ipcas_21:73:25","192","2","419","integer,integer,integer,integer,integer,integer,floating-point,floating-point","BIED100MEAS/LLN0$Measurement","2","5","-5"
"25690","456.870637331","ipcas_21:73:25","153","2","420","integer,integer,integer,integer,boolean","BIED100CTRL/LLN0$Status","0","1","0"
"25691","456.870640398","ipcas_21:73:25","144","2","420","boolean,integer,boolean","BIED100PROT/LLN0$Alarm","1","",""
"25692","456.870640756","ipcas_21:73:25","192","2","420","integer,integer,integer,integer,integer,integer,floating-point,floating-point","BIED100MEAS/LLN0$Measurement","-1","-5","5"
"25743","457.922364938","ipcas_21:73:25","153","2","421","integer,integer,integer,integer,boolean","BIED100CTRL/LLN0$Status","0","1","0"
"25744","457.922368829","ipcas_21:73:25","144","2","421","boolean,integer,boolean","BIED100PROT/LLN0$Alarm","1","",""
"25745","457.922482880","ipcas_21:73:25","192","2","421","integer,integer,integer,integer,integer,integer,floating-point,floating-point","BIED100MEAS/LLN0$Measurement","3","-3","-4"
"25796","459.056363977","ipcas_21:73:25","153","2","422","integer,integer,integer,integer,boolean","BIED100CTRL/LLN0$Status","0","1","0"
"25797","459.056370826","ipcas_21:73:25","144","2","422","boolean,integer,boolean","BIED100PROT/LLN0$Alarm","1","",""
"25798","459.056371186","ipcas_21:73:25","192","2","422","integer,integer,integer,integer,integer,integer,floating-point,floating-point","BIED100MEAS/LLN0$Measurement","-4","-4","-3"
"25849","460.087382752","ipcas_21:73:25","153","2","423","integer,integer,integer,integer,boolean","BIED100CTRL/LLN0$Status","0","1","0"
"25850","460.087388884","ipcas_21:73:25","144","2","423","boolean,integer,boolean","BIED100PROT/LLN0$Alarm","1","",""
"25851","460.087638092","ipcas_21:73:25","192","2","423","integer,integer,integer,integer,integer,integer,floating-point,floating-point","BIED100MEAS/LLN0$Measurement","1","1","5"
"25902","461.139016793","ipcas_21:73:25","153","2","424","integer,integer,integer,integer,boolean","BIED100CTRL/LLN0$Status","0","1","0"
"25903","461.139019885","ipcas_21:73:25","144","2","424","boolean,integer,boolean","BIED100PROT/LLN0$Alarm","1","",""
"25904","461.139020984","ipcas_21:73:25","192","2","424","integer,integer,integer,integer,integer,integer,floating-point,floating-point","BIED100MEAS/LLN0$Measurement","0","3","5"
"25955","462.181184581","ipcas_21:73:25","153","2","425","integer,integer,integer,integer,boolean","BIED100CTRL/LLN0$Status","0","1","0"
"25956","462.181327923","ipcas_21:73:25","144","2","425","boolean,integer,boolean","BIED100PROT/LLN0$Alarm","1","",""
"25957","462.181332599","ipcas_21:73:25","192","2","425","integer,integer,integer,integer,integer,integer,floating-point,floating-point","BIED100MEAS/LLN0$Measurement","-3","3","-4"
"26008","463.384192774","ipcas_21:73:25","153","2","426","integer,integer,integer,integer,boolean","BIED100CTRL/LLN0$Status","0","1","0"
"26009","463.384198571","ipcas_21:73:25","144","2","426","boolean,integer,boolean","BIED100PROT/LLN0$Alarm","1","",""
"26010","463.384200518","ipcas_21:73:25","192","2","426","integer,integer,integer,integer,integer,integer,floating-point,floating-point","BIED100MEAS/LLN0$Measurement","-1","2","1"
"26061","464.446406261","ipcas_21:73:25","153","2","427","integer,integer,integer,integer,boolean","BIED100CTRL/LLN0$Status","0","1","0"
"26062","464.446410723","ipcas_21:73:25","144","2","427","boolean,integer,boolean","BIED100PROT/LLN0$Alarm","1","",""
"26063","464.446680055","ipcas_21:73:25","192","2","427","integer,integer,integer,integer,integer,integer,floating-point,floating-point","BIED100MEAS/LLN0$Measurement","4","-2","-4"
"26114","465.479358277","ipcas_21:73:25","153","2","428","integer,integer,integer,integer,boolean","BIED100CTRL/LLN0$Status","0","1","0"
"26115","465.479362334","ipcas_21:73:25","144","2","428","boolean,integer,boolean","BIED100PROT/LLN0$Alarm","1","",""
"26116","465.481369266","ipcas_21:73:25","192","2","428","integer,integer,integer,integer,integer,integer,floating-point,floating-point","BIED100MEAS/LLN0$Measurement","-2","-1","3"
"26167","466.580440623","ipcas_21:73:25","153","2","429","integer,integer,integer,integer,boolean","BIED100CTRL/LLN0$Status","0","1","0"
"26168","466.580531907","ipcas_21:73:25","144","2","429","boolean,integer,boolean","BIED100PROT/LLN0$Alarm","1","",""
"26169","466.580532851","ipcas_21:73:25","192","2","429","integer,integer,integer,integer,integer,integer,floating-point,floating-point","BIED100MEAS/LLN0$Measurement","-4","2","4"
"26220","467.620170727","ipcas_21:73:25","153","2","430","integer,integer,integer,integer,boolean","BIED100CTRL/LLN0$Status","0","1","0"
"26221","467.620171467","ipcas_21:73:25","144","2","430","boolean,integer,boolean","BIED100PROT/LLN0$Alarm","1","",""
"26222","467.620172204","ipcas_21:73:25","192","2","430","integer,integer,integer,integer,integer,integer,floating-point,floating-point","BIED100MEAS/LLN0$Measurement","-5","-2","-5"
"26273","468.666214476","ipcas_21:73:25","153","2","431","integer,integer,integer,integer,boolean","BIED100CTRL/LLN0$Status","0","1","0"
"26274","468.666217503","ipcas_21:73:25","144","2","431","boolean,integer,boolean","BIED100PROT/LLN0$Alarm","1","",""
"26275","468.666218200","ipcas_21:73:25","192","2","431","integer,integer,integer,integer,integer,integer,floating-point,floating-point","BIED100MEAS/LLN0$Measurement","4","-4","5"
"26326","469.720156711","ipcas_21:73:25","153","2","432","integer,integer,integer,integer,boolean","BIED100CTRL/LLN0$Status","0","1","0"
"26327","469.720162658","ipcas_21:73:25","144","2","432","boolean,integer,boolean","BIED100PROT/LLN0$Alarm","1","",""
"26328","469.720358143","ipcas_21:73:25","192","2","432","integer,integer,integer,integer,integer,integer,floating-point,floating-point","BIED100MEAS/LLN0$Measurement","1","-5","5"
"26379","470.778723571","ipcas_21:73:25","153","2","433","integer,integer,integer,integer,boolean","BIED100CTRL/LLN0$Status","0","1","0"
"26380","470.779130297","ipcas_21:73:25","144","2","433","boolean,integer,boolean","BIED100PROT/LLN0$Alarm","1","",""
"26381","470.779134481","ipcas_21:73:25","192","2","433","integer,integer,integer,integer,integer,integer,floating-point,floating-point","BIED100MEAS/LLN0$Measurement","-3","2","1"
"26432","471.884608325","ipcas_21:73:25","153","2","434","integer,integer,integer,integer,boolean","BIED100CTRL/LLN0$Status","0","1","0"
"26433","471.884638866","ipcas_21:73:25","144","2","434","boolean,integer,boolean","BIED100PROT/LLN0$Alarm","1","",""
"26434","471.884639652","ipcas_21:73:25","192","2","434","integer,integer,integer,integer,integer,integer,floating-point,floating-point","BIED100MEAS/LLN0$Measurement","-3","1","-1"
"26508","473.217046157","ipcas_21:73:25","153","2","435","integer,integer,integer,integer,boolean","BIED100CTRL/LLN0$Status","0","1","0"
"26509","473.217054437","ipcas_21:73:25","144","2","435","boolean,integer,boolean","BIED100PROT/LLN0$Alarm","1","",""
"26510","473.217055772","ipcas_21:73:25","192","2","435","integer,integer,integer,integer,integer,integer,floating-point,floating-point","BIED100MEAS/LLN0$Measurement","-2","2","-1"
"26561","474.266629164","ipcas_21:73:25","153","2","436","integer,integer,integer,integer,boolean","BIED100CTRL/LLN0$Status","0","1","0"
"26562","474.266713548","ipcas_21:73:25","144","2","436","boolean,integer,boolean","BIED100PROT/LLN0$Alarm","1","",""
"26563","474.266887509","ipcas_21:73:25","192","2","436","integer,integer,integer,integer,integer,integer,floating-point,floating-point","BIED100MEAS/LLN0$Measurement","-3","-5","-1"
"26614","475.326380014","ipcas_21:73:25","153","2","437","integer,integer,integer,integer,boolean","BIED100CTRL/LLN0$Status","0","1","0"
"26615","475.326384984","ipcas_21:73:25","144","2","437","boolean,integer,boolean","BIED100PROT/LLN0$Alarm","1","",""
"26616","475.326884366","ipcas_21:73:25","192","2","437","integer,integer,integer,integer,integer,integer,floating-point,floating-point","BIED100MEAS/LLN0$Measurement","-5","-4","-5"
"26667","476.370628969","ipcas_21:73:25","153","2","438","integer,integer,integer,integer,boolean","BIED100CTRL/LLN0$Status","0","1","0"
"26668","476.370635612","ipcas_21:73:25","144","2","438","boolean,integer,boolean","BIED100PROT/LLN0$Alarm","1","",""
"26669","476.370937993","ipcas_21:73:25","192","2","438","integer,integer,integer,integer,integer,integer,floating-point,floating-point","BIED100MEAS/LLN0$Measurement","4","3","2"
"26720","477.466922311","ipcas_21:73:25","153","2","439","integer,integer,integer,integer,boolean","BIED100CTRL/LLN0$Status","0","1","0"
"26721","477.466925790","ipcas_21:73:25","144","2","439","boolean,integer,boolean","BIED100PROT/LLN0$Alarm","1","",""
"26722","477.466926399","ipcas_21:73:25","192","2","439","integer,integer,integer,integer,integer,integer,floating-point,floating-point","BIED100MEAS/LLN0$Measurement","-2","5","-1"
"26773","478.534450321","ipcas_21:73:25","153","2","440","integer,integer,integer,integer,boolean","BIED100CTRL/LLN0$Status","0","1","0"
"26774","478.534457092","ipcas_21:73:25","144","2","440","boolean,integer,boolean","BIED100PROT/LLN0$Alarm","1","",""
"26775","478.534467792","ipcas_21:73:25","192","2","440","integer,integer,integer,integer,integer,integer,floating-point,floating-point","BIED100MEAS/LLN0$Measurement","0","-2","5"
"26826","479.575173905","ipcas_21:73:25","153","2","441","integer,integer,integer,integer,boolean","BIED100CTRL/LLN0$Status","0","1","0"
"26827","479.575179402","ipcas_21:73:25","144","2","441","boolean,integer,boolean","BIED100PROT/LLN0$Alarm","1","",""
"26828","479.575824080","ipcas_21:73:25","192","2","441","integer,integer,integer,integer,integer,integer,floating-point,floating-point","BIED100MEAS/LLN0$Measurement","1","4","-3"
"26879","480.657560878","ipcas_21:73:25","153","2","442","integer,integer,integer,integer,boolean","BIED100CTRL/LLN0$Status","0","1","0"
"26880","480.657564164","ipcas_21:73:25","144","2","442","boolean,integer,boolean","BIED100PROT/LLN0$Alarm","1","",""
"26881","480.657565276","ipcas_21:73:25","192","2","442","integer,integer,integer,integer,integer,integer,floating-point,floating-point","BIED100MEAS/LLN0$Measurement","4","3","5"
"26932","481.713354073","ipcas_21:73:25","153","2","443","integer,integer,integer,integer,boolean","BIED100CTRL/LLN0$Status","0","1","0"
"26933","481.713494409","ipcas_21:73:25","144","2","443","boolean,integer,boolean","BIED100PROT/LLN0$Alarm","1","",""
"26934","481.713497962","ipcas_21:73:25","192","2","443","integer,integer,integer,integer,integer,integer,floating-point,floating-point","BIED100MEAS/LLN0$Measurement","0","-3","-2"
"26985","482.775521300","ipcas_21:73:25","153","2","444","integer,integer,integer,integer,boolean","BIED100CTRL/LLN0$Status","0","1","0"
"26986","482.775524668","ipcas_21:73:25","144","2","444","boolean,integer,boolean","BIED100PROT/LLN0$Alarm","1","",""
"26987","482.775525720","ipcas_21:73:25","192","2","444","integer,integer,integer,integer,integer,integer,floating-point,floating-point","BIED100MEAS/LLN0$Measurement","-5","1","3"
"27038","483.810748837","ipcas_21:73:25","153","2","445","integer,integer,integer,integer,boolean","BIED100CTRL/LLN0$Status","0","1","0"
"27039","483.810770812","ipcas_21:73:25","144","2","445","boolean,integer,boolean","BIED100PROT/LLN0$Alarm","1","",""
"27040","483.811018316","ipcas_21:73:25","192","2","445","integer,integer,integer,integer,integer,integer,floating-point,floating-point","BIED100MEAS/LLN0$Measurement","-1","5","-2"
"27091","484.855383125","ipcas_21:73:25","153","2","446","integer,integer,integer,integer,boolean","BIED100CTRL/LLN0$Status","0","1","0"
"27092","484.855391658","ipcas_21:73:25","144","2","446","boolean,integer,boolean","BIED100PROT/LLN0$Alarm","1","",""
"27093","484.855633620","ipcas_21:73:25","192","2","446","integer,integer,integer,integer,integer,integer,floating-point,floating-point","BIED100MEAS/LLN0$Measurement","1","5","-3"
"27144","485.910474848","ipcas_21:73:25","153","2","447","integer,integer,integer,integer,boolean","BIED100CTRL/LLN0$Status","0","1","0"
"27145","485.910478073","ipcas_21:73:25","144","2","447","boolean,integer,boolean","BIED100PROT/LLN0$Alarm","1","",""
"27146","485.910761688","ipcas_21:73:25","192","2","447","integer,integer,integer,integer,integer,integer,floating-point,floating-point","BIED100MEAS/LLN0$Measurement","5","1","-1"
"27197","486.961666955","ipcas_21:73:25","153","2","448","integer,integer,integer,integer,boolean","BIED100CTRL/LLN0$Status","0","1","0"
"27198","486.961950854","ipcas_21:73:25","144","2","448","boolean,integer,boolean","BIED100PROT/LLN0$Alarm","1","",""
"27199","486.961954578","ipcas_21:73:25","192","2","448","integer,integer,integer,integer,integer,integer,floating-point,floating-point","BIED100MEAS/LLN0$Measurement","1","0","-4"
"27250","488.002589416","ipcas_21:73:25","153","2","449","integer,integer,integer,integer,boolean","BIED100CTRL/LLN0$Status","0","1","0"
"27251","488.002597621","ipcas_21:73:25","144","2","449","boolean,integer,boolean","BIED100PROT/LLN0$Alarm","1","",""
"27252","488.002599031","ipcas_21:73:25","192","2","449","integer,integer,integer,integer,integer,integer,floating-point,floating-point","BIED100MEAS/LLN0$Measurement","-4","2","-2"
"27303","489.027785926","ipcas_21:73:25","153","2","450","integer,integer,integer,integer,boolean","BIED100CTRL/LLN0$Status","0","1","0"
"27304","489.027789661","ipcas_21:73:25","144","2","450","boolean,integer,boolean","BIED100PROT/LLN0$Alarm","1","",""
"27305","489.027790343","ipcas_21:73:25","192","2","450","integer,integer,integer,integer,integer,integer,floating-point,floating-point","BIED100MEAS/LLN0$Measurement","4","-1","-4"
"27356","490.039855709","ipcas_21:73:25","153","2","451","integer,integer,integer,integer,boolean","BIED100CTRL/LLN0$Status","0","1","0"
"27357","490.039858542","ipcas_21:73:25","144","2","451","boolean,integer,boolean","BIED100PROT/LLN0$Alarm","1","",""
"27358","490.039859196","ipcas_21:73:25","192","2","451","integer,integer,integer,integer,integer,integer,floating-point,floating-point","BIED100MEAS/LLN0$Measurement","-1","-2","5"
"27409","491.058507758","ipcas_21:73:25","153","2","452","integer,integer,integer,integer,boolean","BIED100CTRL/LLN0$Status","0","1","0"
"27410","491.058508516","ipcas_21:73:25","144","2","452","boolean,integer,boolean","BIED100PROT/LLN0$Alarm","1","",""
"27411","491.058509020","ipcas_21:73:25","192","2","452","integer,integer,integer,integer,integer,integer,floating-point,floating-point","BIED100MEAS/LLN0$Measurement","2","5","-4"
"27462","492.094306949","ipcas_21:73:25","153","2","453","integer,integer,integer,integer,boolean","BIED100CTRL/LLN0$Status","0","1","0"
"27463","492.094311868","ipcas_21:73:25","144","2","453","boolean,integer,boolean","BIED100PROT/LLN0$Alarm","1","",""
"27464","492.094312210","ipcas_21:73:25","192","2","453","integer,integer,integer,integer,integer,integer,floating-point,floating-point","BIED100MEAS/LLN0$Measurement","2","-3","-5"
"27515","493.144693275","ipcas_21:73:25","153","2","454","integer,integer,integer,integer,boolean","BIED100CTRL/LLN0$Status","0","1","0"
"27516","493.144870618","ipcas_21:73:25","144","2","454","boolean,integer,boolean","BIED100PROT/LLN0$Alarm","1","",""
"27517","493.145025935","ipcas_21:73:25","192","2","454","integer,integer,integer,integer,integer,integer,floating-point,floating-point","BIED100MEAS/LLN0$Measurement","-3","4","3"
"27568","494.192890509","ipcas_21:73:25","153","2","455","integer,integer,integer,integer,boolean","BIED100CTRL/LLN0$Status","0","1","0"
"27569","494.192891364","ipcas_21:73:25","144","2","455","boolean,integer,boolean","BIED100PROT/LLN0$Alarm","1","",""
"27570","494.192892328","ipcas_21:73:25","192","2","455","integer,integer,integer,integer,integer,integer,floating-point,floating-point","BIED100MEAS/LLN0$Measurement","3","-1","-4"
"27621","495.238828583","ipcas_21:73:25","153","2","456","integer,integer,integer,integer,boolean","BIED100CTRL/LLN0$Status","0","1","0"
"27622","495.238834130","ipcas_21:73:25","144","2","456","boolean,integer,boolean","BIED100PROT/LLN0$Alarm","1","",""
"27623","495.238835089","ipcas_21:73:25","192","2","456","integer,integer,integer,integer,integer,integer,floating-point,floating-point","BIED100MEAS/LLN0$Measurement","-4","-2","-5"
"27674","496.269854949","ipcas_21:73:25","153","2","457","integer,integer,integer,integer,boolean","BIED100CTRL/LLN0$Status","0","1","0"
"27675","496.269859931","ipcas_21:73:25","144","2","457","boolean,integer,boolean","BIED100PROT/LLN0$Alarm","1","",""
"27676","496.269861197","ipcas_21:73:25","192","2","457","integer,integer,integer,integer,integer,integer,floating-point,floating-point","BIED100MEAS/LLN0$Measurement","-5","0","3"
"27727","497.319168633","ipcas_21:73:25","153","2","458","integer,integer,integer,integer,boolean","BIED100CTRL/LLN0$Status","0","1","0"
"27728","497.319172776","ipcas_21:73:25","144","2","458","boolean,integer,boolean","BIED100PROT/LLN0$Alarm","1","",""
"27729","497.319173798","ipcas_21:73:25","192","2","458","integer,integer,integer,integer,integer,integer,floating-point,floating-point","BIED100MEAS/LLN0$Measurement","3","2","2"
"27780","498.351606835","ipcas_21:73:25","153","2","459","integer,integer,integer,integer,boolean","BIED100CTRL/LLN0$Status","0","1","0"
"27781","498.351612334","ipcas_21:73:25","144","2","459","boolean,integer,boolean","BIED100PROT/LLN0$Alarm","1","",""
"27782","498.351613343","ipcas_21:73:25","192","2","459","integer,integer,integer,integer,integer,integer,floating-point,floating-point","BIED100MEAS/LLN0$Measurement","-1","-4","-3"
"27833","499.381565656","ipcas_21:73:25","153","2","460","integer,integer,integer,integer,boolean","BIED100CTRL/LLN0$Status","0","1","0"
"27834","499.382092414","ipcas_21:73:25","144","2","460","boolean,integer,boolean","BIED100PROT/LLN0$Alarm","1","",""
"27835","499.382095595","ipcas_21:73:25","192","2","460","integer,integer,integer,integer,integer,integer,floating-point,floating-point","BIED100MEAS/LLN0$Measurement","4","1","-3"
"27886","500.432790433","ipcas_21:73:25","153","2","461","integer,integer,integer,integer,boolean","BIED100CTRL/LLN0$Status","0","1","0"
"27887","500.432797234","ipcas_21:73:25","144","2","461","boolean,integer,boolean","BIED100PROT/LLN0$Alarm","1","",""
"27888","500.432798500","ipcas_21:73:25","192","2","461","integer,integer,integer,integer,integer,integer,floating-point,floating-point","BIED100MEAS/LLN0$Measurement","5","-1","4"
"27939","501.473509446","ipcas_21:73:25","153","2","462","integer,integer,integer,integer,boolean","BIED100CTRL/LLN0$Status","0","1","0"
"27940","501.473514634","ipcas_21:73:25","144","2","462","boolean,integer,boolean","BIED100PROT/LLN0$Alarm","1","",""
"27941","501.473515519","ipcas_21:73:25","192","2","462","integer,integer,integer,integer,integer,integer,floating-point,floating-point","BIED100MEAS/LLN0$Measurement","2","0","3"
"27992","502.507570391","ipcas_21:73:25","153","2","463","integer,integer,integer,integer,boolean","BIED100CTRL/LLN0$Status","0","1","0"
"27993","502.507571233","ipcas_21:73:25","144","2","463","boolean,integer,boolean","BIED100PROT/LLN0$Alarm","1","",""
"27994","502.507571691","ipcas_21:73:25","192","2","463","integer,integer,integer,integer,integer,integer,floating-point,floating-point","BIED100MEAS/LLN0$Measurement","-5","-4","4"
"28045","503.553119359","ipcas_21:73:25","153","2","464","integer,integer,integer,integer,boolean","BIED100CTRL/LLN0$Status","0","1","0"
"28046","503.553478742","ipcas_21:73:25","144","2","464","boolean,integer,boolean","BIED100PROT/LLN0$Alarm","1","",""
"28047","503.553481673","ipcas_21:73:25","192","2","464","integer,integer,integer,integer,integer,integer,floating-point,floating-point","BIED100MEAS/LLN0$Measurement","1","-5","-1"
"28098","504.604324029","ipcas_21:73:25","153","2","465","integer,integer,integer,integer,boolean","BIED100CTRL/LLN0$Status","0","1","0"
"28099","504.604500171","ipcas_21:73:25","144","2","465","boolean,integer,boolean","BIED100PROT/LLN0$Alarm","1","",""
"28100","504.604504045","ipcas_21:73:25","192","2","465","integer,integer,integer,integer,integer,integer,floating-point,floating-point","BIED100MEAS/LLN0$Measurement","3","0","2"
"28151","505.645587441","ipcas_21:73:25","153","2","466","integer,integer,integer,integer,boolean","BIED100CTRL/LLN0$Status","0","1","0"
"28152","505.645592679","ipcas_21:73:25","144","2","466","boolean,integer,boolean","BIED100PROT/LLN0$Alarm","1","",""
"28153","505.646002467","ipcas_21:73:25","192","2","466","integer,integer,integer,integer,integer,integer,floating-point,floating-point","BIED100MEAS/LLN0$Measurement","-5","0","-1"
"28204","506.876006022","ipcas_21:73:25","153","2","467","integer,integer,integer,integer,boolean","BIED100CTRL/LLN0$Status","0","1","0"
"28205","506.876009528","ipcas_21:73:25","144","2","467","boolean,integer,boolean","BIED100PROT/LLN0$Alarm","1","",""
"28206","506.876831745","ipcas_21:73:25","192","2","467","integer,integer,integer,integer,integer,integer,floating-point,floating-point","BIED100MEAS/LLN0$Measurement","0","0","-1"
"28257","507.925871233","ipcas_21:73:25","153","2","468","integer,integer,integer,integer,boolean","BIED100CTRL/LLN0$Status","0","1","0"
"28258","507.925876967","ipcas_21:73:25","144","2","468","boolean,integer,boolean","BIED100PROT/LLN0$Alarm","1","",""
"28259","507.925877790","ipcas_21:73:25","192","2","468","integer,integer,integer,integer,integer,integer,floating-point,floating-point","BIED100MEAS/LLN0$Measurement","-5","4","-4"
"28310","508.955125526","ipcas_21:73:25","153","2","469","integer,integer,integer,integer,boolean","BIED100CTRL/LLN0$Status","0","1","0"
"28311","508.955128457","ipcas_21:73:25","144","2","469","boolean,integer,boolean","BIED100PROT/LLN0$Alarm","1","",""
"28312","508.955129252","ipcas_21:73:25","192","2","469","integer,integer,integer,integer,integer,integer,floating-point,floating-point","BIED100MEAS/LLN0$Measurement","5","1","-4"
"28366","509.991397059","ipcas_21:73:25","153","2","470","integer,integer,integer,integer,boolean","BIED100CTRL/LLN0$Status","0","1","0"
"28367","509.991397390","ipcas_21:73:25","144","2","470","boolean,integer,boolean","BIED100PROT/LLN0$Alarm","1","",""
"28368","509.991397744","ipcas_21:73:25","192","2","470","integer,integer,integer,integer,integer,integer,floating-point,floating-point","BIED100MEAS/LLN0$Measurement","-5","1","-3"
"28423","511.020514012","ipcas_21:73:25","153","2","471","integer,integer,integer,integer,boolean","BIED100CTRL/LLN0$Status","0","1","0"
"28424","511.020515937","ipcas_21:73:25","144","2","471","boolean,integer,boolean","BIED100PROT/LLN0$Alarm","1","",""
"28425","511.020516299","ipcas_21:73:25","192","2","471","integer,integer,integer,integer,integer,integer,floating-point,floating-point","BIED100MEAS/LLN0$Measurement","-1","-5","3"
"28484","512.170471025","ipcas_21:73:25","153","2","472","integer,integer,integer,integer,boolean","BIED100CTRL/LLN0$Status","0","1","0"
"28485","512.170474087","ipcas_21:73:25","144","2","472","boolean,integer,boolean","BIED100PROT/LLN0$Alarm","1","",""
"28486","512.170474819","ipcas_21:73:25","192","2","472","integer,integer,integer,integer,integer,integer,floating-point,floating-point","BIED100MEAS/LLN0$Measurement","2","-2","0"
"28539","513.232683107","ipcas_21:73:25","153","2","473","integer,integer,integer,integer,boolean","BIED100CTRL/LLN0$Status","0","1","0"
"28540","513.232690293","ipcas_21:73:25","144","2","473","boolean,integer,boolean","BIED100PROT/LLN0$Alarm","1","",""
"28541","513.232690928","ipcas_21:73:25","192","2","473","integer,integer,integer,integer,integer,integer,floating-point,floating-point","BIED100MEAS/LLN0$Measurement","3","3","-2"
"28616","514.325660829","ipcas_21:73:25","153","2","474","integer,integer,integer,integer,boolean","BIED100CTRL/LLN0$Status","0","1","0"
"28617","514.325735250","ipcas_21:73:25","144","2","474","boolean,integer,boolean","BIED100PROT/LLN0$Alarm","1","",""
"28618","514.326074742","ipcas_21:73:25","192","2","474","integer,integer,integer,integer,integer,integer,floating-point,floating-point","BIED100MEAS/LLN0$Measurement","3","4","-5"
"28670","515.356463650","ipcas_21:73:25","153","2","475","integer,integer,integer,integer,boolean","BIED100CTRL/LLN0$Status","0","1","0"
"28671","515.356979989","ipcas_21:73:25","144","2","475","boolean,integer,boolean","BIED100PROT/LLN0$Alarm","1","",""
"28672","515.356984426","ipcas_21:73:25","192","2","475","integer,integer,integer,integer,integer,integer,floating-point,floating-point","BIED100MEAS/LLN0$Measurement","-4","-5","-1"
"28724","516.392004058","ipcas_21:73:25","153","2","476","integer,integer,integer,integer,boolean","BIED100CTRL/LLN0$Status","0","1","0"
"28725","516.392013712","ipcas_21:73:25","144","2","476","boolean,integer,boolean","BIED100PROT/LLN0$Alarm","1","",""
"28726","516.392014113","ipcas_21:73:25","192","2","476","integer,integer,integer,integer,integer,integer,floating-point,floating-point","BIED100MEAS/LLN0$Measurement","-4","-4","5"
"28777","517.446634541","ipcas_21:73:25","153","2","477","integer,integer,integer,integer,boolean","BIED100CTRL/LLN0$Status","0","1","0"
"28778","517.446638579","ipcas_21:73:25","144","2","477","boolean,integer,boolean","BIED100PROT/LLN0$Alarm","1","",""
"28779","517.446639647","ipcas_21:73:25","192","2","477","integer,integer,integer,integer,integer,integer,floating-point,floating-point","BIED100MEAS/LLN0$Measurement","4","-4","-4"
"28831","518.466856486","ipcas_21:73:25","153","2","478","integer,integer,integer,integer,boolean","BIED100CTRL/LLN0$Status","0","1","0"
"28832","518.466862584","ipcas_21:73:25","144","2","478","boolean,integer,boolean","BIED100PROT/LLN0$Alarm","1","",""
"28833","518.466863175","ipcas_21:73:25","192","2","478","integer,integer,integer,integer,integer,integer,floating-point,floating-point","BIED100MEAS/LLN0$Measurement","-4","-5","0"
"28884","519.484101530","ipcas_21:73:25","153","2","479","integer,integer,integer,integer,boolean","BIED100CTRL/LLN0$Status","0","1","0"
"28885","519.484110664","ipcas_21:73:25","144","2","479","boolean,integer,boolean","BIED100PROT/LLN0$Alarm","1","",""
"28886","519.484248715","ipcas_21:73:25","192","2","479","integer,integer,integer,integer,integer,integer,floating-point,floating-point","BIED100MEAS/LLN0$Measurement","1","-2","-4"
"28939","520.537891421","ipcas_21:73:25","153","2","480","integer,integer,integer,integer,boolean","BIED100CTRL/LLN0$Status","0","1","0"
"28940","520.537896984","ipcas_21:73:25","144","2","480","boolean,integer,boolean","BIED100PROT/LLN0$Alarm","1","",""
"28941","520.537898256","ipcas_21:73:25","192","2","480","integer,integer,integer,integer,integer,integer,floating-point,floating-point","BIED100MEAS/LLN0$Measurement","5","1","1"
"28978","521.570544542","ipcas_21:73:25","153","2","481","integer,integer,integer,integer,boolean","BIED100CTRL/LLN0$Status","0","1","0"
"28979","521.570548994","ipcas_21:73:25","144","2","481","boolean,integer,boolean","BIED100PROT/LLN0$Alarm","1","",""
"28980","521.570549826","ipcas_21:73:25","192","2","481","integer,integer,integer,integer,integer,integer,floating-point,floating-point","BIED100MEAS/LLN0$Measurement","-4","-5","-1"
"29045","522.626145851","ipcas_21:73:25","153","2","482","integer,integer,integer,integer,boolean","BIED100CTRL/LLN0$Status","0","1","0"
"29046","522.626506033","ipcas_21:73:25","144","2","482","boolean,integer,boolean","BIED100PROT/LLN0$Alarm","1","",""
"29047","522.626510299","ipcas_21:73:25","192","2","482","integer,integer,integer,integer,integer,integer,floating-point,floating-point","BIED100MEAS/LLN0$Measurement","-1","2","4"
"29098","524.541148989","ipcas_21:73:25","153","2","483","integer,integer,integer,integer,boolean","BIED100CTRL/LLN0$Status","0","1","0"
"29099","524.542019578","ipcas_21:73:25","144","2","483","boolean,integer,boolean","BIED100PROT/LLN0$Alarm","1","",""
"29100","524.542022399","ipcas_21:73:25","192","2","483","integer,integer,integer,integer,integer,integer,floating-point,floating-point","BIED100MEAS/LLN0$Measurement","-3","-5","1"
"29151","525.579040748","ipcas_21:73:25","153","2","484","integer,integer,integer,integer,boolean","BIED100CTRL/LLN0$Status","0","1","0"
"29152","525.579582994","ipcas_21:73:25","144","2","484","boolean,integer,boolean","BIED100PROT/LLN0$Alarm","1","",""
"29153","525.579870298","ipcas_21:73:25","192","2","484","integer,integer,integer,integer,integer,integer,floating-point,floating-point","BIED100MEAS/LLN0$Measurement","3","4","5"
"29205","526.617945615","ipcas_21:73:25","153","2","485","integer,integer,integer,integer,boolean","BIED100CTRL/LLN0$Status","0","1","0"
"29206","526.617955976","ipcas_21:73:25","144","2","485","boolean,integer,boolean","BIED100PROT/LLN0$Alarm","1","",""
"29207","526.617957301","ipcas_21:73:25","192","2","485","integer,integer,integer,integer,integer,integer,floating-point,floating-point","BIED100MEAS/LLN0$Measurement","-3","2","-3"
"29258","527.667262719","ipcas_21:73:25","153","2","486","integer,integer,integer,integer,boolean","BIED100CTRL/LLN0$Status","0","1","0"
"29259","527.667347312","ipcas_21:73:25","144","2","486","boolean,integer,boolean","BIED100PROT/LLN0$Alarm","1","",""
"29260","527.667485129","ipcas_21:73:25","192","2","486","integer,integer,integer,integer,integer,integer,floating-point,floating-point","BIED100MEAS/LLN0$Measurement","-1","-5","-5"
"29334","528.715910091","ipcas_21:73:25","153","2","487","integer,integer,integer,integer,boolean","BIED100CTRL/LLN0$Status","0","1","0"
"29335","528.716908241","ipcas_21:73:25","144","2","487","boolean,integer,boolean","BIED100PROT/LLN0$Alarm","1","",""
"29336","528.716912979","ipcas_21:73:25","192","2","487","integer,integer,integer,integer,integer,integer,floating-point,floating-point","BIED100MEAS/LLN0$Measurement","-1","0","3"
"29387","529.740725566","ipcas_21:73:25","153","2","488","integer,integer,integer,integer,boolean","BIED100CTRL/LLN0$Status","0","1","0"
"29388","529.740730587","ipcas_21:73:25","144","2","488","boolean,integer,boolean","BIED100PROT/LLN0$Alarm","1","",""
"29389","529.740731348","ipcas_21:73:25","192","2","488","integer,integer,integer,integer,integer,integer,floating-point,floating-point","BIED100MEAS/LLN0$Measurement","5","2","1"
"29424","530.777888060","ipcas_21:73:25","153","2","489","integer,integer,integer,integer,boolean","BIED100CTRL/LLN0$Status","0","1","0"
"29425","530.777888534","ipcas_21:73:25","144","2","489","boolean,integer,boolean","BIED100PROT/LLN0$Alarm","1","",""
"29426","530.777888926","ipcas_21:73:25","192","2","489","integer,integer,integer,integer,integer,integer,floating-point,floating-point","BIED100MEAS/LLN0$Measurement","-1","1","-5"
"29494","531.830938892","ipcas_21:73:25","153","2","490","integer,integer,integer,integer,boolean","BIED100CTRL/LLN0$Status","0","1","0"
"29495","531.830944071","ipcas_21:73:25","144","2","490","boolean,integer,boolean","BIED100PROT/LLN0$Alarm","1","",""
"29496","531.830944813","ipcas_21:73:25","192","2","490","integer,integer,integer,integer,integer,integer,floating-point,floating-point","BIED100MEAS/LLN0$Measurement","1","1","0"
"29539","532.869945756","ipcas_21:73:25","153","2","491","integer,integer,integer,integer,boolean","BIED100CTRL/LLN0$Status","0","1","0"
"29540","532.869947653","ipcas_21:73:25","144","2","491","boolean,integer,boolean","BIED100PROT/LLN0$Alarm","1","",""
"29541","532.869948160","ipcas_21:73:25","192","2","491","integer,integer,integer,integer,integer,integer,floating-point,floating-point","BIED100MEAS/LLN0$Measurement","0","2","5"
"29600","533.918989209","ipcas_21:73:25","153","2","492","integer,integer,integer,integer,boolean","BIED100CTRL/LLN0$Status","0","1","0"
"29601","533.918996794","ipcas_21:73:25","144","2","492","boolean,integer,boolean","BIED100PROT/LLN0$Alarm","1","",""
"29602","533.918997396","ipcas_21:73:25","192","2","492","integer,integer,integer,integer,integer,integer,floating-point,floating-point","BIED100MEAS/LLN0$Measurement","-4","1","2"
"29651","534.972273224","ipcas_21:73:25","153","2","493","integer,integer,integer,integer,boolean","BIED100CTRL/LLN0$Status","0","1","0"
"29652","534.972283145","ipcas_21:73:25","144","2","493","boolean,integer,boolean","BIED100PROT/LLN0$Alarm","1","",""
"29653","534.972284034","ipcas_21:73:25","192","2","493","integer,integer,integer,integer,integer,integer,floating-point,floating-point","BIED100MEAS/LLN0$Measurement","3","-1","4"
"29706","536.029894678","ipcas_21:73:25","153","2","494","integer,integer,integer,integer,boolean","BIED100CTRL/LLN0$Status","0","1","0"
"29707","536.029903353","ipcas_21:73:25","144","2","494","boolean,integer,boolean","BIED100PROT/LLN0$Alarm","1","",""
"29708","536.029904581","ipcas_21:73:25","192","2","494","integer,integer,integer,integer,integer,integer,floating-point,floating-point","BIED100MEAS/LLN0$Measurement","1","-1","3"
"29759","537.058714162","ipcas_21:73:25","153","2","495","integer,integer,integer,integer,boolean","BIED100CTRL/LLN0$Status","0","1","0"
"29760","537.058719845","ipcas_21:73:25","144","2","495","boolean,integer,boolean","BIED100PROT/LLN0$Alarm","1","",""
"29761","537.058720720","ipcas_21:73:25","192","2","495","integer,integer,integer,integer,integer,integer,floating-point,floating-point","BIED100MEAS/LLN0$Measurement","3","-4","4"
"29798","538.081974624","ipcas_21:73:25","153","2","496","integer,integer,integer,integer,boolean","BIED100CTRL/LLN0$Status","0","1","0"
"29799","538.081975358","ipcas_21:73:25","144","2","496","boolean,integer,boolean","BIED100PROT/LLN0$Alarm","1","",""
"29800","538.081975987","ipcas_21:73:25","192","2","496","integer,integer,integer,integer,integer,integer,floating-point,floating-point","BIED100MEAS/LLN0$Measurement","1","-1","1"
"29863","539.164063251","ipcas_21:73:25","153","2","497","integer,integer,integer,integer,boolean","BIED100CTRL/LLN0$Status","0","1","0"
"29864","539.164067688","ipcas_21:73:25","144","2","497","boolean,integer,boolean","BIED100PROT/LLN0$Alarm","1","",""
"29865","539.164068711","ipcas_21:73:25","192","2","497","integer,integer,integer,integer,integer,integer,floating-point,floating-point","BIED100MEAS/LLN0$Measurement","1","2","1"
"29898","540.205469243","ipcas_21:73:25","153","2","498","integer,integer,integer,integer,boolean","BIED100CTRL/LLN0$Status","0","1","0"
"29899","540.205554384","ipcas_21:73:25","144","2","498","boolean,integer,boolean","BIED100PROT/LLN0$Alarm","1","",""
"29900","540.205674218","ipcas_21:73:25","192","2","498","integer,integer,integer,integer,integer,integer,floating-point,floating-point","BIED100MEAS/LLN0$Measurement","-3","3","0"
"29971","541.259789934","ipcas_21:73:25","153","2","499","integer,integer,integer,integer,boolean","BIED100CTRL/LLN0$Status","0","1","0"
"29972","541.259803423","ipcas_21:73:25","144","2","499","boolean,integer,boolean","BIED100PROT/LLN0$Alarm","1","",""
"29973","541.259804397","ipcas_21:73:25","192","2","499","integer,integer,integer,integer,integer,integer,floating-point,floating-point","BIED100MEAS/LLN0$Measurement","3","1","2"
"30025","542.283605570","ipcas_21:73:25","153","2","500","integer,integer,integer,integer,boolean","BIED100CTRL/LLN0$Status","0","1","0"
"30026","542.283606701","ipcas_21:73:25","144","2","500","boolean,integer,boolean","BIED100PROT/LLN0$Alarm","1","",""
"30027","542.283607201","ipcas_21:73:25","192","2","500","integer,integer,integer,integer,integer,integer,floating-point,floating-point","BIED100MEAS/LLN0$Measurement","1","-4","3"
"30055","543.322226751","ipcas_21:73:25","153","2","501","integer,integer,integer,integer,boolean","BIED100CTRL/LLN0$Status","0","1","0"
"30056","543.322227776","ipcas_21:73:25","144","2","501","boolean,integer,boolean","BIED100PROT/LLN0$Alarm","1","",""
"30057","543.322228942","ipcas_21:73:25","192","2","501","integer,integer,integer,integer,integer,integer,floating-point,floating-point","BIED100MEAS/LLN0$Measurement","1","-2","-1"
"30132","544.379877725","ipcas_21:73:25","153","2","502","integer,integer,integer,integer,boolean","BIED100CTRL/LLN0$Status","0","1","0"
"30133","544.379884657","ipcas_21:73:25","144","2","502","boolean,integer,boolean","BIED100PROT/LLN0$Alarm","1","",""
"30134","544.379885979","ipcas_21:73:25","192","2","502","integer,integer,integer,integer,integer,integer,floating-point,floating-point","BIED100MEAS/LLN0$Measurement","-1","-1","2"
"30180","545.425942416","ipcas_21:73:25","153","2","503","integer,integer,integer,integer,boolean","BIED100CTRL/LLN0$Status","0","1","0"
"30181","545.425943484","ipcas_21:73:25","144","2","503","boolean,integer,boolean","BIED100PROT/LLN0$Alarm","1","",""
"30182","545.425944216","ipcas_21:73:25","192","2","503","integer,integer,integer,integer,integer,integer,floating-point,floating-point","BIED100MEAS/LLN0$Measurement","5","0","0"
"30227","546.444918807","ipcas_21:73:25","153","2","504","integer,integer,integer,integer,boolean","BIED100CTRL/LLN0$Status","0","1","0"
"30228","546.445612642","ipcas_21:73:25","144","2","504","boolean,integer,boolean","BIED100PROT/LLN0$Alarm","1","",""
"30229","546.445890986","ipcas_21:73:25","192","2","504","integer,integer,integer,integer,integer,integer,floating-point,floating-point","BIED100MEAS/LLN0$Measurement","-1","-1","-4"
"30280","547.488021736","ipcas_21:73:25","153","2","505","integer,integer,integer,integer,boolean","BIED100CTRL/LLN0$Status","0","1","0"
"30281","547.488023035","ipcas_21:73:25","144","2","505","boolean,integer,boolean","BIED100PROT/LLN0$Alarm","1","",""
"30282","547.488025337","ipcas_21:73:25","192","2","505","integer,integer,integer,integer,integer,integer,floating-point,floating-point","BIED100MEAS/LLN0$Measurement","-5","-3","-1"
"30333","548.538693057","ipcas_21:73:25","153","2","506","integer,integer,integer,integer,boolean","BIED100CTRL/LLN0$Status","0","1","0"
"30334","548.538693501","ipcas_21:73:25","144","2","506","boolean,integer,boolean","BIED100PROT/LLN0$Alarm","1","",""
"30335","548.538694344","ipcas_21:73:25","192","2","506","integer,integer,integer,integer,integer,integer,floating-point,floating-point","BIED100MEAS/LLN0$Measurement","-2","-1","1"
"30403","549.562878550","ipcas_21:73:25","153","2","507","integer,integer,integer,integer,boolean","BIED100CTRL/LLN0$Status","0","1","0"
"30404","549.562879877","ipcas_21:73:25","144","2","507","boolean,integer,boolean","BIED100PROT/LLN0$Alarm","1","",""
"30405","549.562881381","ipcas_21:73:25","192","2","507","integer,integer,integer,integer,integer,integer,floating-point,floating-point","BIED100MEAS/LLN0$Measurement","5","4","2"
"30477","550.591793711","ipcas_21:73:25","153","2","508","integer,integer,integer,integer,boolean","BIED100CTRL/LLN0$Status","0","1","0"
"30478","550.591794411","ipcas_21:73:25","144","2","508","boolean,integer,boolean","BIED100PROT/LLN0$Alarm","1","",""
"30479","550.591794872","ipcas_21:73:25","192","2","508","integer,integer,integer,integer,integer,integer,floating-point,floating-point","BIED100MEAS/LLN0$Measurement","3","2","3"
"30548","551.635388147","ipcas_21:73:25","153","2","509","integer,integer,integer,integer,boolean","BIED100CTRL/LLN0$Status","0","1","0"
"30549","551.635388589","ipcas_21:73:25","144","2","509","boolean,integer,boolean","BIED100PROT/LLN0$Alarm","1","",""
"30550","551.635389282","ipcas_21:73:25","192","2","509","integer,integer,integer,integer,integer,integer,floating-point,floating-point","BIED100MEAS/LLN0$Measurement","0","-4","3"
"30623","552.703286153","ipcas_21:73:25","153","2","510","integer,integer,integer,integer,boolean","BIED100CTRL/LLN0$Status","0","1","0"
"30624","552.703289353","ipcas_21:73:25","144","2","510","boolean,integer,boolean","BIED100PROT/LLN0$Alarm","1","",""
"30625","552.703290025","ipcas_21:73:25","192","2","510","integer,integer,integer,integer,integer,integer,floating-point,floating-point","BIED100MEAS/LLN0$Measurement","2","5","1"
"30685","553.757777155","ipcas_21:73:25","153","2","511","integer,integer,integer,integer,boolean","BIED100CTRL/LLN0$Status","0","1","0"
"30686","553.757986266","ipcas_21:73:25","144","2","511","boolean,integer,boolean","BIED100PROT/LLN0$Alarm","1","",""
"30687","553.758128834","ipcas_21:73:25","192","2","511","integer,integer,integer,integer,integer,integer,floating-point,floating-point","BIED100MEAS/LLN0$Measurement","-1","2","-5"
"30742","554.777108896","ipcas_21:73:25","153","2","512","integer,integer,integer,integer,boolean","BIED100CTRL/LLN0$Status","0","1","0"
"30743","554.777109454","ipcas_21:73:25","144","2","512","boolean,integer,boolean","BIED100PROT/LLN0$Alarm","1","",""
"30744","554.777110073","ipcas_21:73:25","192","2","512","integer,integer,integer,integer,integer,integer,floating-point,floating-point","BIED100MEAS/LLN0$Measurement","-3","-1","2"
"30795","555.863937701","ipcas_21:73:25","153","2","513","integer,integer,integer,integer,boolean","BIED100CTRL/LLN0$Status","0","1","0"
"30796","555.863941692","ipcas_21:73:25","144","2","513","boolean,integer,boolean","BIED100PROT/LLN0$Alarm","1","",""
"30797","555.863942388","ipcas_21:73:25","192","2","513","integer,integer,integer,integer,integer,integer,floating-point,floating-point","BIED100MEAS/LLN0$Measurement","-5","3","3"
"30866","556.949398920","ipcas_21:73:25","153","2","514","integer,integer,integer,integer,boolean","BIED100CTRL/LLN0$Status","0","1","0"
"30867","556.949399865","ipcas_21:73:25","144","2","514","boolean,integer,boolean","BIED100PROT/LLN0$Alarm","1","",""
"30868","556.949400860","ipcas_21:73:25","192","2","514","integer,integer,integer,integer,integer,integer,floating-point,floating-point","BIED100MEAS/LLN0$Measurement","5","-1","-1"
"30928","557.976235764","ipcas_21:73:25","153","2","515","integer,integer,integer,integer,boolean","BIED100CTRL/LLN0$Status","0","1","0"
"30929","557.976236292","ipcas_21:73:25","144","2","515","boolean,integer,boolean","BIED100PROT/LLN0$Alarm","1","",""
"30930","557.976236976","ipcas_21:73:25","192","2","515","integer,integer,integer,integer,integer,integer,floating-point,floating-point","BIED100MEAS/LLN0$Measurement","5","0","-2"
"30983","559.041757939","ipcas_21:73:25","153","2","516","integer,integer,integer,integer,boolean","BIED100CTRL/LLN0$Status","0","1","0"
"30984","559.041764155","ipcas_21:73:25","144","2","516","boolean,integer,boolean","BIED100PROT/LLN0$Alarm","1","",""
"30985","559.041764833","ipcas_21:73:25","192","2","516","integer,integer,integer,integer,integer,integer,floating-point,floating-point","BIED100MEAS/LLN0$Measurement","-5","-5","-2"
"31038","560.057065444","ipcas_21:73:25","153","2","517","integer,integer,integer,integer,boolean","BIED100CTRL/LLN0$Status","0","1","0"
"31039","560.057070648","ipcas_21:73:25","144","2","517","boolean,integer,boolean","BIED100PROT/LLN0$Alarm","1","",""
"31040","560.057071716","ipcas_21:73:25","192","2","517","integer,integer,integer,integer,integer,integer,floating-point,floating-point","BIED100MEAS/LLN0$Measurement","1","4","5"
"31094","561.075935708","ipcas_21:73:25","153","2","518","integer,integer,integer,integer,boolean","BIED100CTRL/LLN0$Status","0","1","0"
"31095","561.075936339","ipcas_21:73:25","144","2","518","boolean,integer,boolean","BIED100PROT/LLN0$Alarm","1","",""
"31096","561.075936670","ipcas_21:73:25","192","2","518","integer,integer,integer,integer,integer,integer,floating-point,floating-point","BIED100MEAS/LLN0$Measurement","0","-3","-4"
"31148","562.118590979","ipcas_21:73:25","153","2","519","integer,integer,integer,integer,boolean","BIED100CTRL/LLN0$Status","0","1","0"
"31149","562.118595039","ipcas_21:73:25","144","2","519","boolean,integer,boolean","BIED100PROT/LLN0$Alarm","1","",""
"31150","562.118596287","ipcas_21:73:25","192","2","519","integer,integer,integer,integer,integer,integer,floating-point,floating-point","BIED100MEAS/LLN0$Measurement","-4","-1","2"
"31218","563.148718467","ipcas_21:73:25","153","2","520","integer,integer,integer,integer,boolean","BIED100CTRL/LLN0$Status","0","1","0"
"31219","563.149187832","ipcas_21:73:25","144","2","520","boolean,integer,boolean","BIED100PROT/LLN0$Alarm","1","",""
"31220","563.150022233","ipcas_21:73:25","192","2","520","integer,integer,integer,integer,integer,integer,floating-point,floating-point","BIED100MEAS/LLN0$Measurement","4","4","2"
"31290","564.169233627","ipcas_21:73:25","153","2","521","integer,integer,integer,integer,boolean","BIED100CTRL/LLN0$Status","0","1","0"
"31291","564.169234036","ipcas_21:73:25","144","2","521","boolean,integer,boolean","BIED100PROT/LLN0$Alarm","1","",""
"31292","564.169234419","ipcas_21:73:25","192","2","521","integer,integer,integer,integer,integer,integer,floating-point,floating-point","BIED100MEAS/LLN0$Measurement","-4","4","5"
"31399","565.188520736","ipcas_21:73:25","153","2","522","integer,integer,integer,integer,boolean","BIED100CTRL/LLN0$Status","0","1","0"
"31400","565.188917389","ipcas_21:73:25","144","2","522","boolean,integer,boolean","BIED100PROT/LLN0$Alarm","1","",""
"31401","565.189091771","ipcas_21:73:25","192","2","522","integer,integer,integer,integer,integer,integer,floating-point,floating-point","BIED100MEAS/LLN0$Measurement","5","-1","-2"
"31475","566.248450309","ipcas_21:73:25","153","2","523","integer,integer,integer,integer,boolean","BIED100CTRL/LLN0$Status","0","1","0"
"31476","566.248594986","ipcas_21:73:25","144","2","523","boolean,integer,boolean","BIED100PROT/LLN0$Alarm","1","",""
"31477","566.248831687","ipcas_21:73:25","192","2","523","integer,integer,integer,integer,integer,integer,floating-point,floating-point","BIED100MEAS/LLN0$Measurement","0","-3","4"
"31531","567.269700876","ipcas_21:73:25","153","2","524","integer,integer,integer,integer,boolean","BIED100CTRL/LLN0$Status","0","1","0"
"31532","567.269934538","ipcas_21:73:25","144","2","524","boolean,integer,boolean","BIED100PROT/LLN0$Alarm","1","",""
"31533","567.270172564","ipcas_21:73:25","192","2","524","integer,integer,integer,integer,integer,integer,floating-point,floating-point","BIED100MEAS/LLN0$Measurement","-5","2","-1"
"31590","568.315133178","ipcas_21:73:25","153","2","525","integer,integer,integer,integer,boolean","BIED100CTRL/LLN0$Status","0","1","0"
"31591","568.315138248","ipcas_21:73:25","144","2","525","boolean,integer,boolean","BIED100PROT/LLN0$Alarm","1","",""
"31592","568.315139197","ipcas_21:73:25","192","2","525","integer,integer,integer,integer,integer,integer,floating-point,floating-point","BIED100MEAS/LLN0$Measurement","-2","1","3"
"31652","569.356017326","ipcas_21:73:25","153","2","526","integer,integer,integer,integer,boolean","BIED100CTRL/LLN0$Status","0","1","0"
"31653","569.356017909","ipcas_21:73:25","144","2","526","boolean,integer,boolean","BIED100PROT/LLN0$Alarm","1","",""
"31654","569.356018263","ipcas_21:73:25","192","2","526","integer,integer,integer,integer,integer,integer,floating-point,floating-point","BIED100MEAS/LLN0$Measurement","-4","2","3"
"31706","570.371231265","ipcas_21:73:25","153","2","527","integer,integer,integer,integer,boolean","BIED100CTRL/LLN0$Status","0","1","0"
"31707","570.371237338","ipcas_21:73:25","144","2","527","boolean,integer,boolean","BIED100PROT/LLN0$Alarm","1","",""
"31708","570.371238510","ipcas_21:73:25","192","2","527","integer,integer,integer,integer,integer,integer,floating-point,floating-point","BIED100MEAS/LLN0$Measurement","4","1","-4"
"31763","571.406150634","ipcas_21:73:25","153","2","528","integer,integer,integer,integer,boolean","BIED100CTRL/LLN0$Status","0","1","0"
"31764","571.406155906","ipcas_21:73:25","144","2","528","boolean,integer,boolean","BIED100PROT/LLN0$Alarm","1","",""
"31765","571.406157009","ipcas_21:73:25","192","2","528","integer,integer,integer,integer,integer,integer,floating-point,floating-point","BIED100MEAS/LLN0$Measurement","5","5","3"
"31819","572.439127264","ipcas_21:73:25","153","2","529","integer,integer,integer,integer,boolean","BIED100CTRL/LLN0$Status","0","1","0"
"31820","572.439525956","ipcas_21:73:25","144","2","529","boolean,integer,boolean","BIED100PROT/LLN0$Alarm","1","",""
"31821","572.439880651","ipcas_21:73:25","192","2","529","integer,integer,integer,integer,integer,integer,floating-point,floating-point","BIED100MEAS/LLN0$Measurement","-1","0","2"
"31881","573.482644560","ipcas_21:73:25","153","2","530","integer,integer,integer,integer,boolean","BIED100CTRL/LLN0$Status","0","1","0"
"31882","573.482811037","ipcas_21:73:25","144","2","530","boolean,integer,boolean","BIED100PROT/LLN0$Alarm","1","",""
"31883","573.483435499","ipcas_21:73:25","192","2","530","integer,integer,integer,integer,integer,integer,floating-point,floating-point","BIED100MEAS/LLN0$Measurement","0","0","4"
"31938","574.502247949","ipcas_21:73:25","153","2","531","integer,integer,integer,integer,boolean","BIED100CTRL/LLN0$Status","0","1","0"
"31939","574.502253555","ipcas_21:73:25","144","2","531","boolean,integer,boolean","BIED100PROT/LLN0$Alarm","1","",""
"31940","574.502255202","ipcas_21:73:25","192","2","531","integer,integer,integer,integer,integer,integer,floating-point,floating-point","BIED100MEAS/LLN0$Measurement","-4","-2","5"
"31991","575.549790487","ipcas_21:73:25","153","2","532","integer,integer,integer,integer,boolean","BIED100CTRL/LLN0$Status","0","1","0"
"31992","575.549797485","ipcas_21:73:25","144","2","532","boolean,integer,boolean","BIED100PROT/LLN0$Alarm","1","",""
"31993","575.549798997","ipcas_21:73:25","192","2","532","integer,integer,integer,integer,integer,integer,floating-point,floating-point","BIED100MEAS/LLN0$Measurement","5","5","0"
"32045","576.565919549","ipcas_21:73:25","153","2","533","integer,integer,integer,integer,boolean","BIED100CTRL/LLN0$Status","0","1","0"
"32046","576.565922908","ipcas_21:73:25","144","2","533","boolean,integer,boolean","BIED100PROT/LLN0$Alarm","1","",""
"32047","576.565923562","ipcas_21:73:25","192","2","533","integer,integer,integer,integer,integer,integer,floating-point,floating-point","BIED100MEAS/LLN0$Measurement","5","5","1"
"32098","577.593693018","ipcas_21:73:25","153","2","534","integer,integer,integer,integer,boolean","BIED100CTRL/LLN0$Status","0","1","0"
"32099","577.593693801","ipcas_21:73:25","144","2","534","boolean,integer,boolean","BIED100PROT/LLN0$Alarm","1","",""
"32100","577.593694243","ipcas_21:73:25","192","2","534","integer,integer,integer,integer,integer,integer,floating-point,floating-point","BIED100MEAS/LLN0$Measurement","-4","0","1"
"32151","578.629849309","ipcas_21:73:25","153","2","535","integer,integer,integer,integer,boolean","BIED100CTRL/LLN0$Status","0","1","0"
"32152","578.629861519","ipcas_21:73:25","144","2","535","boolean,integer,boolean","BIED100PROT/LLN0$Alarm","1","",""
"32153","578.629863278","ipcas_21:73:25","192","2","535","integer,integer,integer,integer,integer,integer,floating-point,floating-point","BIED100MEAS/LLN0$Measurement","-1","-4","0"
"32208","579.658856210","ipcas_21:73:25","153","2","536","integer,integer,integer,integer,boolean","BIED100CTRL/LLN0$Status","0","1","0"
"32209","579.659143450","ipcas_21:73:25","144","2","536","boolean,integer,boolean","BIED100PROT/LLN0$Alarm","1","",""
"32210","579.659498112","ipcas_21:73:25","192","2","536","integer,integer,integer,integer,integer,integer,floating-point,floating-point","BIED100MEAS/LLN0$Measurement","2","1","5"
"32264","580.763100686","ipcas_21:73:25","153","2","537","integer,integer,integer,integer,boolean","BIED100CTRL/LLN0$Status","0","1","0"
"32265","580.763106129","ipcas_21:73:25","144","2","537","boolean,integer,boolean","BIED100PROT/LLN0$Alarm","1","",""
"32266","580.763262222","ipcas_21:73:25","192","2","537","integer,integer,integer,integer,integer,integer,floating-point,floating-point","BIED100MEAS/LLN0$Measurement","5","-2","5"
"32319","582.597017230","ipcas_21:73:25","153","2","538","integer,integer,integer,integer,boolean","BIED100CTRL/LLN0$Status","0","1","0"
"32320","582.597017869","ipcas_21:73:25","144","2","538","boolean,integer,boolean","BIED100PROT/LLN0$Alarm","1","",""
"32321","582.597018774","ipcas_21:73:25","192","2","538","integer,integer,integer,integer,integer,integer,floating-point,floating-point","BIED100MEAS/LLN0$Measurement","0","-4","4"
"32373","583.651415801","ipcas_21:73:25","153","2","539","integer,integer,integer,integer,boolean","BIED100CTRL/LLN0$Status","0","1","0"
"32374","583.651418237","ipcas_21:73:25","144","2","539","boolean,integer,boolean","BIED100PROT/LLN0$Alarm","1","",""
"32375","583.651418921","ipcas_21:73:25","192","2","539","integer,integer,integer,integer,integer,integer,floating-point,floating-point","BIED100MEAS/LLN0$Measurement","-4","-1","-3"
"32426","584.687075268","ipcas_21:73:25","153","2","540","integer,integer,integer,integer,boolean","BIED100CTRL/LLN0$Status","0","1","0"
"32427","584.687076661","ipcas_21:73:25","144","2","540","boolean,integer,boolean","BIED100PROT/LLN0$Alarm","1","",""
"32428","584.687078178","ipcas_21:73:25","192","2","540","integer,integer,integer,integer,integer,integer,floating-point,floating-point","BIED100MEAS/LLN0$Measurement","5","-1","1"
"32481","585.721728594","ipcas_21:73:25","153","2","541","integer,integer,integer,integer,boolean","BIED100CTRL/LLN0$Status","0","1","0"
"32482","585.722190518","ipcas_21:73:25","144","2","541","boolean,integer,boolean","BIED100PROT/LLN0$Alarm","1","",""
"32483","585.722495567","ipcas_21:73:25","192","2","541","integer,integer,integer,integer,integer,integer,floating-point,floating-point","BIED100MEAS/LLN0$Measurement","-3","1","1"
"32560","586.817932378","ipcas_21:73:25","153","2","542","integer,integer,integer,integer,boolean","BIED100CTRL/LLN0$Status","0","1","0"
"32561","586.817939222","ipcas_21:73:25","144","2","542","boolean,integer,boolean","BIED100PROT/LLN0$Alarm","1","",""
"32562","586.817940196","ipcas_21:73:25","192","2","542","integer,integer,integer,integer,integer,integer,floating-point,floating-point","BIED100MEAS/LLN0$Measurement","4","-2","0"
"32614","587.857976464","ipcas_21:73:25","153","2","543","integer,integer,integer,integer,boolean","BIED100CTRL/LLN0$Status","0","1","0"
"32615","587.857977296","ipcas_21:73:25","144","2","543","boolean,integer,boolean","BIED100PROT/LLN0$Alarm","1","",""
"32616","587.857978109","ipcas_21:73:25","192","2","543","integer,integer,integer,integer,integer,integer,floating-point,floating-point","BIED100MEAS/LLN0$Measurement","-5","4","0"
"32668","588.900748893","ipcas_21:73:25","153","2","544","integer,integer,integer,integer,boolean","BIED100CTRL/LLN0$Status","0","1","0"
"32669","588.900969659","ipcas_21:73:25","144","2","544","boolean,integer,boolean","BIED100PROT/LLN0$Alarm","1","",""
"32670","588.901156758","ipcas_21:73:25","192","2","544","integer,integer,integer,integer,integer,integer,floating-point,floating-point","BIED100MEAS/LLN0$Measurement","1","-4","-3"
"32722","589.934197679","ipcas_21:73:25","153","2","545","integer,integer,integer,integer,boolean","BIED100CTRL/LLN0$Status","0","1","0"
"32723","589.934203898","ipcas_21:73:25","144","2","545","boolean,integer,boolean","BIED100PROT/LLN0$Alarm","1","",""
"32724","589.934205000","ipcas_21:73:25","192","2","545","integer,integer,integer,integer,integer,integer,floating-point,floating-point","BIED100MEAS/LLN0$Measurement","4","-2","3"
"32778","590.949547317","ipcas_21:73:25","153","2","546","integer,integer,integer,integer,boolean","BIED100CTRL/LLN0$Status","0","1","0"
"32779","590.949552368","ipcas_21:73:25","144","2","546","boolean,integer,boolean","BIED100PROT/LLN0$Alarm","1","",""
"32780","590.949552991","ipcas_21:73:25","192","2","546","integer,integer,integer,integer,integer,integer,floating-point,floating-point","BIED100MEAS/LLN0$Measurement","-1","-5","-1"
"32843","591.963324931","ipcas_21:73:25","153","2","547","integer,integer,integer,integer,boolean","BIED100CTRL/LLN0$Status","0","1","0"
"32844","591.963328334","ipcas_21:73:25","144","2","547","boolean,integer,boolean","BIED100PROT/LLN0$Alarm","1","",""
"32845","591.963391588","ipcas_21:73:25","192","2","547","integer,integer,integer,integer,integer,integer,floating-point,floating-point","BIED100MEAS/LLN0$Measurement","5","-4","2"
"32905","593.057339060","ipcas_21:73:25","153","2","548","integer,integer,integer,integer,boolean","BIED100CTRL/LLN0$Status","0","1","0"
"32906","593.057345873","ipcas_21:73:25","144","2","548","boolean,integer,boolean","BIED100PROT/LLN0$Alarm","1","",""
"32907","593.057346736","ipcas_21:73:25","192","2","548","integer,integer,integer,integer,integer,integer,floating-point,floating-point","BIED100MEAS/LLN0$Measurement","2","0","2"
"32977","594.087945111","ipcas_21:73:25","153","2","549","integer,integer,integer,integer,boolean","BIED100CTRL/LLN0$Status","0","1","0"
"32978","594.088196315","ipcas_21:73:25","144","2","549","boolean,integer,boolean","BIED100PROT/LLN0$Alarm","1","",""
"32979","594.088200889","ipcas_21:73:25","192","2","549","integer,integer,integer,integer,integer,integer,floating-point,floating-point","BIED100MEAS/LLN0$Measurement","-2","1","5"
"33071","595.113899049","ipcas_21:73:25","153","2","550","integer,integer,integer,integer,boolean","BIED100CTRL/LLN0$Status","0","1","0"
"33072","595.113903578","ipcas_21:73:25","144","2","550","boolean,integer,boolean","BIED100PROT/LLN0$Alarm","1","",""
"33073","595.114314810","ipcas_21:73:25","192","2","550","integer,integer,integer,integer,integer,integer,floating-point,floating-point","BIED100MEAS/LLN0$Measurement","3","1","-5"
"33166","596.146823788","ipcas_21:73:25","153","2","551","integer,integer,integer,integer,boolean","BIED100CTRL/LLN0$Status","0","1","0"
"33167","596.146831121","ipcas_21:73:25","144","2","551","boolean,integer,boolean","BIED100PROT/LLN0$Alarm","1","",""
"33168","596.146831857","ipcas_21:73:25","192","2","551","integer,integer,integer,integer,integer,integer,floating-point,floating-point","BIED100MEAS/LLN0$Measurement","-1","-1","-5"
"33229","597.165175777","ipcas_21:73:25","153","2","552","integer,integer,integer,integer,boolean","BIED100CTRL/LLN0$Status","0","1","0"
"33230","597.165183879","ipcas_21:73:25","144","2","552","boolean,integer,boolean","BIED100PROT/LLN0$Alarm","1","",""
"33231","597.165185266","ipcas_21:73:25","192","2","552","integer,integer,integer,integer,integer,integer,floating-point,floating-point","BIED100MEAS/LLN0$Measurement","3","3","-2"
"33289","598.195241832","ipcas_21:73:25","153","2","553","integer,integer,integer,integer,boolean","BIED100CTRL/LLN0$Status","0","1","0"
"33290","598.196696267","ipcas_21:73:25","144","2","553","boolean,integer,boolean","BIED100PROT/LLN0$Alarm","1","",""
"33291","598.196702511","ipcas_21:73:25","192","2","553","integer,integer,integer,integer,integer,integer,floating-point,floating-point","BIED100MEAS/LLN0$Measurement","-1","1","2"
"33385","599.242366324","ipcas_21:73:25","153","2","554","integer,integer,integer,integer,boolean","BIED100CTRL/LLN0$Status","0","1","0"
"33386","599.242370004","ipcas_21:73:25","144","2","554","boolean,integer,boolean","BIED100PROT/LLN0$Alarm","1","",""
"33387","599.242579874","ipcas_21:73:25","192","2","554","integer,integer,integer,integer,integer,integer,floating-point,floating-point","BIED100MEAS/LLN0$Measurement","5","2","-1"
"33503","600.303271219","ipcas_21:73:25","153","2","555","integer,integer,integer,integer,boolean","BIED100CTRL/LLN0$Status","0","1","0"
"33504","600.303360845","ipcas_21:73:25","144","2","555","boolean,integer,boolean","BIED100PROT/LLN0$Alarm","1","",""
"33505","600.303540666","ipcas_21:73:25","192","2","555","integer,integer,integer,integer,integer,integer,floating-point,floating-point","BIED100MEAS/LLN0$Measurement","-1","2","0"
"33620","601.347824795","ipcas_21:73:25","153","2","556","integer,integer,integer,integer,boolean","BIED100CTRL/LLN0$Status","0","1","0"
"33621","601.347828912","ipcas_21:73:25","144","2","556","boolean,integer,boolean","BIED100PROT/LLN0$Alarm","1","",""
"33622","601.347920977","ipcas_21:73:25","192","2","556","integer,integer,integer,integer,integer,integer,floating-point,floating-point","BIED100MEAS/LLN0$Measurement","-3","3","0"
"33692","602.373285882","ipcas_21:73:25","153","2","557","integer,integer,integer,integer,boolean","BIED100CTRL/LLN0$Status","0","1","0"
"33693","602.373289816","ipcas_21:73:25","144","2","557","boolean,integer,boolean","BIED100PROT/LLN0$Alarm","1","",""
"33694","602.373593357","ipcas_21:73:25","192","2","557","integer,integer,integer,integer,integer,integer,floating-point,floating-point","BIED100MEAS/LLN0$Measurement","1","3","-5"
"33756","603.399573935","ipcas_21:73:25","153","2","558","integer,integer,integer,integer,boolean","BIED100CTRL/LLN0$Status","0","1","0"
"33757","603.399578225","ipcas_21:73:25","144","2","558","boolean,integer,boolean","BIED100PROT/LLN0$Alarm","1","",""
"33758","603.399812391","ipcas_21:73:25","192","2","558","integer,integer,integer,integer,integer,integer,floating-point,floating-point","BIED100MEAS/LLN0$Measurement","0","-2","4"
"33832","604.447365024","ipcas_21:73:25","153","2","559","integer,integer,integer,integer,boolean","BIED100CTRL/LLN0$Status","0","1","0"
"33833","604.447373513","ipcas_21:73:25","144","2","559","boolean,integer,boolean","BIED100PROT/LLN0$Alarm","1","",""
"33834","604.447374806","ipcas_21:73:25","192","2","559","integer,integer,integer,integer,integer,integer,floating-point,floating-point","BIED100MEAS/LLN0$Measurement","1","-5","5"
"33891","605.484433421","ipcas_21:73:25","153","2","560","integer,integer,integer,integer,boolean","BIED100CTRL/LLN0$Status","0","1","0"
"33892","605.484445253","ipcas_21:73:25","144","2","560","boolean,integer,boolean","BIED100PROT/LLN0$Alarm","1","",""
"33893","605.484445988","ipcas_21:73:25","192","2","560","integer,integer,integer,integer,integer,integer,floating-point,floating-point","BIED100MEAS/LLN0$Measurement","-4","-3","4"
"33950","606.560216015","ipcas_21:73:25","153","2","561","integer,integer,integer,integer,boolean","BIED100CTRL/LLN0$Status","0","1","0"
"33951","606.560222639","ipcas_21:73:25","144","2","561","boolean,integer,boolean","BIED100PROT/LLN0$Alarm","1","",""
"33952","606.560223403","ipcas_21:73:25","192","2","561","integer,integer,integer,integer,integer,integer,floating-point,floating-point","BIED100MEAS/LLN0$Measurement","-3","-2","5"
"34013","607.591666281","ipcas_21:73:25","153","2","562","integer,integer,integer,integer,boolean","BIED100CTRL/LLN0$Status","0","1","0"
"34014","607.591670812","ipcas_21:73:25","144","2","562","boolean,integer,boolean","BIED100PROT/LLN0$Alarm","1","",""
"34015","607.592350505","ipcas_21:73:25","192","2","562","integer,integer,integer,integer,integer,integer,floating-point,floating-point","BIED100MEAS/LLN0$Measurement","-2","5","-4"
"34100","608.633147530","ipcas_21:73:25","153","2","563","integer,integer,integer,integer,boolean","BIED100CTRL/LLN0$Status","0","1","0"
"34101","608.633154997","ipcas_21:73:25","144","2","563","boolean,integer,boolean","BIED100PROT/LLN0$Alarm","1","",""
"34102","608.633269311","ipcas_21:73:25","192","2","563","integer,integer,integer,integer,integer,integer,floating-point,floating-point","BIED100MEAS/LLN0$Measurement","4","1","-1"
"34190","609.684362318","ipcas_21:73:25","153","2","564","integer,integer,integer,integer,boolean","BIED100CTRL/LLN0$Status","0","1","0"
"34191","609.684375911","ipcas_21:73:25","144","2","564","boolean,integer,boolean","BIED100PROT/LLN0$Alarm","1","",""
"34192","609.684702194","ipcas_21:73:25","192","2","564","integer,integer,integer,integer,integer,integer,floating-point,floating-point","BIED100MEAS/LLN0$Measurement","5","2","4"
"34300","610.726910216","ipcas_21:73:25","153","2","565","integer,integer,integer,integer,boolean","BIED100CTRL/LLN0$Status","0","1","0"
"34301","610.726913450","ipcas_21:73:25","144","2","565","boolean,integer,boolean","BIED100PROT/LLN0$Alarm","1","",""
"34302","610.726914002","ipcas_21:73:25","192","2","565","integer,integer,integer,integer,integer,integer,floating-point,floating-point","BIED100MEAS/LLN0$Measurement","2","-4","0"
"34374","611.769825202","ipcas_21:73:25","153","2","566","integer,integer,integer,integer,boolean","BIED100CTRL/LLN0$Status","0","1","0"
"34375","611.769829046","ipcas_21:73:25","144","2","566","boolean,integer,boolean","BIED100PROT/LLN0$Alarm","1","",""
"34376","611.769954850","ipcas_21:73:25","192","2","566","integer,integer,integer,integer,integer,integer,floating-point,floating-point","BIED100MEAS/LLN0$Measurement","2","2","-4"
"34438","612.810741806","ipcas_21:73:25","153","2","567","integer,integer,integer,integer,boolean","BIED100CTRL/LLN0$Status","0","1","0"
"34439","612.810742398","ipcas_21:73:25","144","2","567","boolean,integer,boolean","BIED100PROT/LLN0$Alarm","1","",""
"34440","612.810743006","ipcas_21:73:25","192","2","567","integer,integer,integer,integer,integer,integer,floating-point,floating-point","BIED100MEAS/LLN0$Measurement","0","-5","-3"
"34503","613.832316607","ipcas_21:73:25","153","2","568","integer,integer,integer,integer,boolean","BIED100CTRL/LLN0$Status","0","1","0"
"34504","613.832320705","ipcas_21:73:25","144","2","568","boolean,integer,boolean","BIED100PROT/LLN0$Alarm","1","",""
"34505","613.833955482","ipcas_21:73:25","192","2","568","integer,integer,integer,integer,integer,integer,floating-point,floating-point","BIED100MEAS/LLN0$Measurement","2","4","0"
"34564","614.868609492","ipcas_21:73:25","153","2","569","integer,integer,integer,integer,boolean","BIED100CTRL/LLN0$Status","0","1","0"
"34565","614.868617115","ipcas_21:73:25","144","2","569","boolean,integer,boolean","BIED100PROT/LLN0$Alarm","1","",""
"34566","614.868618642","ipcas_21:73:25","192","2","569","integer,integer,integer,integer,integer,integer,floating-point,floating-point","BIED100MEAS/LLN0$Measurement","-3","-4","-5"
"34626","615.897405190","ipcas_21:73:25","153","2","570","integer,integer,integer,integer,boolean","BIED100CTRL/LLN0$Status","0","1","0"
"34627","615.897409160","ipcas_21:73:25","144","2","570","boolean,integer,boolean","BIED100PROT/LLN0$Alarm","1","",""
"34628","615.897409808","ipcas_21:73:25","192","2","570","integer,integer,integer,integer,integer,integer,floating-point,floating-point","BIED100MEAS/LLN0$Measurement","-5","-5","-4"
"34685","616.942498301","ipcas_21:73:25","153","2","571","integer,integer,integer,integer,boolean","BIED100CTRL/LLN0$Status","0","1","0"
"34686","616.943549505","ipcas_21:73:25","144","2","571","boolean,integer,boolean","BIED100PROT/LLN0$Alarm","1","",""
"34687","616.943553878","ipcas_21:73:25","192","2","571","integer,integer,integer,integer,integer,integer,floating-point,floating-point","BIED100MEAS/LLN0$Measurement","-2","3","-3"
"34732","617.967989620","ipcas_21:73:25","153","2","572","integer,integer,integer,integer,boolean","BIED100CTRL/LLN0$Status","0","1","0"
"34733","617.968421886","ipcas_21:73:25","144","2","572","boolean,integer,boolean","BIED100PROT/LLN0$Alarm","1","",""
"34734","617.968616372","ipcas_21:73:25","192","2","572","integer,integer,integer,integer,integer,integer,floating-point,floating-point","BIED100MEAS/LLN0$Measurement","4","1","2"
"34778","619.000502239","ipcas_21:73:25","153","2","573","integer,integer,integer,integer,boolean","BIED100CTRL/LLN0$Status","0","1","0"
"34779","619.000706669","ipcas_21:73:25","144","2","573","boolean,integer,boolean","BIED100PROT/LLN0$Alarm","1","",""
"34780","619.000823594","ipcas_21:73:25","192","2","573","integer,integer,integer,integer,integer,integer,floating-point,floating-point","BIED100MEAS/LLN0$Measurement","0","-5","5"
"34833","620.034270533","ipcas_21:73:25","153","2","574","integer,integer,integer,integer,boolean","BIED100CTRL/LLN0$Status","0","1","0"
"34834","620.034270980","ipcas_21:73:25","144","2","574","boolean,integer,boolean","BIED100PROT/LLN0$Alarm","1","",""
"34835","620.034271453","ipcas_21:73:25","192","2","574","integer,integer,integer,integer,integer,integer,floating-point,floating-point","BIED100MEAS/LLN0$Measurement","3","2","4"
"34890","621.062215670","ipcas_21:73:25","153","2","575","integer,integer,integer,integer,boolean","BIED100CTRL/LLN0$Status","0","1","0"
"34891","621.062221777","ipcas_21:73:25","144","2","575","boolean,integer,boolean","BIED100PROT/LLN0$Alarm","1","",""
"34892","621.062223241","ipcas_21:73:25","192","2","575","integer,integer,integer,integer,integer,integer,floating-point,floating-point","BIED100MEAS/LLN0$Measurement","-3","-5","4"
"34945","622.098308182","ipcas_21:73:25","153","2","576","integer,integer,integer,integer,boolean","BIED100CTRL/LLN0$Status","0","1","0"
"34946","622.098315248","ipcas_21:73:25","144","2","576","boolean,integer,boolean","BIED100PROT/LLN0$Alarm","1","",""
"34947","622.098316454","ipcas_21:73:25","192","2","576","integer,integer,integer,integer,integer,integer,floating-point,floating-point","BIED100MEAS/LLN0$Measurement","-1","-4","0"
"35000","623.131780567","ipcas_21:73:25","153","2","577","integer,integer,integer,integer,boolean","BIED100CTRL/LLN0$Status","0","1","0"
"35001","623.131784438","ipcas_21:73:25","144","2","577","boolean,integer,boolean","BIED100PROT/LLN0$Alarm","1","",""
"35002","623.132100321","ipcas_21:73:25","192","2","577","integer,integer,integer,integer,integer,integer,floating-point,floating-point","BIED100MEAS/LLN0$Measurement","5","-4","-2"
"35053","624.170268198","ipcas_21:73:25","153","2","578","integer,integer,integer,integer,boolean","BIED100CTRL/LLN0$Status","0","1","0"
"35054","624.170268948","ipcas_21:73:25","144","2","578","boolean,integer,boolean","BIED100PROT/LLN0$Alarm","1","",""
"35055","624.170270008","ipcas_21:73:25","192","2","578","integer,integer,integer,integer,integer,integer,floating-point,floating-point","BIED100MEAS/LLN0$Measurement","-2","1","3"
"35114","625.211651404","ipcas_21:73:25","153","2","579","integer,integer,integer,integer,boolean","BIED100CTRL/LLN0$Status","0","1","0"
"35115","625.211652317","ipcas_21:73:25","144","2","579","boolean,integer,boolean","BIED100PROT/LLN0$Alarm","1","",""
"35116","625.211652911","ipcas_21:73:25","192","2","579","integer,integer,integer,integer,integer,integer,floating-point,floating-point","BIED100MEAS/LLN0$Measurement","-4","-5","-4"
"35151","626.229942107","ipcas_21:73:25","153","2","580","integer,integer,integer,integer,boolean","BIED100CTRL/LLN0$Status","0","1","0"
"35152","626.229943737","ipcas_21:73:25","144","2","580","boolean,integer,boolean","BIED100PROT/LLN0$Alarm","1","",""
"35153","626.229944459","ipcas_21:73:25","192","2","580","integer,integer,integer,integer,integer,integer,floating-point,floating-point","BIED100MEAS/LLN0$Measurement","-5","-3","-2"
"35186","627.263922650","ipcas_21:73:25","153","2","581","integer,integer,integer,integer,boolean","BIED100CTRL/LLN0$Status","0","1","0"
"35187","627.264081989","ipcas_21:73:25","144","2","581","boolean,integer,boolean","BIED100PROT/LLN0$Alarm","1","",""
"35188","627.264498217","ipcas_21:73:25","192","2","581","integer,integer,integer,integer,integer,integer,floating-point,floating-point","BIED100MEAS/LLN0$Measurement","4","5","-4"
"35217","628.305397725","ipcas_21:73:25","153","2","582","integer,integer,integer,integer,boolean","BIED100CTRL/LLN0$Status","0","1","0"
"35218","628.305807492","ipcas_21:73:25","144","2","582","boolean,integer,boolean","BIED100PROT/LLN0$Alarm","1","",""
"35219","628.306356039","ipcas_21:73:25","192","2","582","integer,integer,integer,integer,integer,integer,floating-point,floating-point","BIED100MEAS/LLN0$Measurement","3","-4","-4"
"35247","629.339615945","ipcas_21:73:25","153","2","583","integer,integer,integer,integer,boolean","BIED100CTRL/LLN0$Status","0","1","0"
"35248","629.339619747","ipcas_21:73:25","144","2","583","boolean,integer,boolean","BIED100PROT/LLN0$Alarm","1","",""
"35249","629.340111867","ipcas_21:73:25","192","2","583","integer,integer,integer,integer,integer,integer,floating-point,floating-point","BIED100MEAS/LLN0$Measurement","-2","-4","2"
"35279","630.383660905","ipcas_21:73:25","153","2","584","integer,integer,integer,integer,boolean","BIED100CTRL/LLN0$Status","0","1","0"
"35280","630.383665834","ipcas_21:73:25","144","2","584","boolean,integer,boolean","BIED100PROT/LLN0$Alarm","1","",""
"35281","630.383746238","ipcas_21:73:25","192","2","584","integer,integer,integer,integer,integer,integer,floating-point,floating-point","BIED100MEAS/LLN0$Measurement","5","4","-2"
"35314","631.433842939","ipcas_21:73:25","153","2","585","integer,integer,integer,integer,boolean","BIED100CTRL/LLN0$Status","0","1","0"
"35315","631.433846907","ipcas_21:73:25","144","2","585","boolean,integer,boolean","BIED100PROT/LLN0$Alarm","1","",""
"35316","631.434242359","ipcas_21:73:25","192","2","585","integer,integer,integer,integer,integer,integer,floating-point,floating-point","BIED100MEAS/LLN0$Measurement","1","4","-3"
"35348","632.477374568","ipcas_21:73:25","153","2","586","integer,integer,integer,integer,boolean","BIED100CTRL/LLN0$Status","0","1","0"
"35349","632.477757125","ipcas_21:73:25","144","2","586","boolean,integer,boolean","BIED100PROT/LLN0$Alarm","1","",""
"35350","632.478414871","ipcas_21:73:25","192","2","586","integer,integer,integer,integer,integer,integer,floating-point,floating-point","BIED100MEAS/LLN0$Measurement","-1","-4","3"
"35379","633.511325299","ipcas_21:73:25","153","2","587","integer,integer,integer,integer,boolean","BIED100CTRL/LLN0$Status","0","1","0"
"35380","633.511325673","ipcas_21:73:25","144","2","587","boolean,integer,boolean","BIED100PROT/LLN0$Alarm","1","",""
"35381","633.511326135","ipcas_21:73:25","192","2","587","integer,integer,integer,integer,integer,integer,floating-point,floating-point","BIED100MEAS/LLN0$Measurement","2","-4","-5"
"35411","634.532647902","ipcas_21:73:25","153","2","588","integer,integer,integer,integer,boolean","BIED100CTRL/LLN0$Status","0","1","0"
"35412","634.532651099","ipcas_21:73:25","144","2","588","boolean,integer,boolean","BIED100PROT/LLN0$Alarm","1","",""
"35413","634.532978815","ipcas_21:73:25","192","2","588","integer,integer,integer,integer,integer,integer,floating-point,floating-point","BIED100MEAS/LLN0$Measurement","1","4","-5"
