"No.","Time","Source","Length","stNum","sqNum","goID","integer","integer","integer"
"52","3.839657367","ipcas_21:73:17","149","1","0","LIED43CTRL/LLN0$Status","1","1","0"
"53","3.839658059","ipcas_21:73:17","146","1","0","LIED43PROT/LLN0$Alarm","1","",""
"54","3.839658926","ipcas_21:73:17","198","1","0","LIED43MEAS/LLN0$Measurement","311","308","307"
"107","4.864774575","ipcas_21:73:17","149","1","1","LIED43CTRL/LLN0$Status","1","1","0"
"108","4.864781598","ipcas_21:73:17","146","1","1","LIED43PROT/LLN0$Alarm","1","",""
"109","4.864782888","ipcas_21:73:17","198","1","1","LIED43MEAS/LLN0$Measurement","314","311","305"
"160","5.958334844","ipcas_21:73:17","149","1","2","LIED43CTRL/LLN0$Status","1","1","0"
"161","5.958340837","ipcas_21:73:17","146","1","2","LIED43PROT/LLN0$Alarm","1","",""
"162","5.958341768","ipcas_21:73:17","198","1","2","LIED43MEAS/LLN0$Measurement","304","309","307"
"215","6.982599967","ipcas_21:73:17","149","1","3","LIED43CTRL/LLN0$Status","1","1","0"
"216","6.982604216","ipcas_21:73:17","146","1","3","LIED43PROT/LLN0$Alarm","1","",""
"217","6.982604762","ipcas_21:73:17","198","1","3","LIED43MEAS/LLN0$Measurement","306","309","306"
"271","8.058513585","ipcas_21:73:17","149","1","4","LIED43CTRL/LLN0$Status","1","1","0"
"272","8.059236897","ipcas_21:73:17","146","1","4","LIED43PROT/LLN0$Alarm","1","",""
"273","8.059240181","ipcas_21:73:17","198","1","4","LIED43MEAS/LLN0$Measurement","307","305","314"
"327","9.086806161","ipcas_21:73:17","149","1","5","LIED43CTRL/LLN0$Status","1","1","0"
"328","9.087170246","ipcas_21:73:17","146","1","5","LIED43PROT/LLN0$Alarm","1","",""
"329","9.087245568","ipcas_21:73:17","198","1","5","LIED43MEAS/LLN0$Measurement","306","313","310"
"381","10.116303796","ipcas_21:73:17","149","1","6","LIED43CTRL/LLN0$Status","1","1","0"
"382","10.116304615","ipcas_21:73:17","146","1","6","LIED43PROT/LLN0$Alarm","1","",""
"383","10.116305610","ipcas_21:73:17","198","1","6","LIED43MEAS/LLN0$Measurement","311","307","313"
"434","11.144834863","ipcas_21:73:17","149","1","7","LIED43CTRL/LLN0$Status","1","1","0"
"435","11.145138320","ipcas_21:73:17","146","1","7","LIED43PROT/LLN0$Alarm","1","",""
"436","11.145473870","ipcas_21:73:17","198","1","7","LIED43MEAS/LLN0$Measurement","312","311","311"
"488","12.172770108","ipcas_21:73:17","149","1","8","LIED43CTRL/LLN0$Status","1","1","0"
"489","12.172775266","ipcas_21:73:17","146","1","8","LIED43PROT/LLN0$Alarm","1","",""
"490","12.172775660","ipcas_21:73:17","198","1","8","LIED43MEAS/LLN0$Measurement","310","314","306"
"541","13.194042998","ipcas_21:73:17","149","1","9","LIED43CTRL/LLN0$Status","1","1","0"
"542","13.194046129","ipcas_21:73:17","146","1","9","LIED43PROT/LLN0$Alarm","1","",""
"543","13.194046671","ipcas_21:73:17","198","1","9","LIED43MEAS/LLN0$Measurement","304","313","306"
"594","14.216831834","ipcas_21:73:17","149","1","10","LIED43CTRL/LLN0$Status","1","1","0"
"595","14.216832494","ipcas_21:73:17","146","1","10","LIED43PROT/LLN0$Alarm","1","",""
"596","14.216833309","ipcas_21:73:17","198","1","10","LIED43MEAS/LLN0$Measurement","330","326","325"
"647","15.239804351","ipcas_21:73:17","149","1","11","LIED43CTRL/LLN0$Status","1","1","0"
"648","15.239943082","ipcas_21:73:17","146","1","11","LIED43PROT/LLN0$Alarm","1","",""
"649","15.240114810","ipcas_21:73:17","198","1","11","LIED43MEAS/LLN0$Measurement","329","331","329"
"703","16.266211301","ipcas_21:73:17","149","1","12","LIED43CTRL/LLN0$Status","1","1","0"
"704","16.266212728","ipcas_21:73:17","146","1","12","LIED43PROT/LLN0$Alarm","1","",""
"705","16.266213620","ipcas_21:73:17","198","1","12","LIED43MEAS/LLN0$Measurement","330","330","329"
"756","17.301522132","ipcas_21:73:17","149","1","13","LIED43CTRL/LLN0$Status","1","1","0"
"757","17.301529430","ipcas_21:73:17","146","1","13","LIED43PROT/LLN0$Alarm","1","",""
"758","17.301530006","ipcas_21:73:17","198","1","13","LIED43MEAS/LLN0$Measurement","330","330","331"
"810","18.357329135","ipcas_21:73:17","149","1","14","LIED43CTRL/LLN0$Status","1","1","0"
"811","18.357333520","ipcas_21:73:17","146","1","14","LIED43PROT/LLN0$Alarm","1","",""
"812","18.357334633","ipcas_21:73:17","198","1","14","LIED43MEAS/LLN0$Measurement","325","330","332"
"863","19.408370955","ipcas_21:73:17","149","2","0","LIED43CTRL/LLN0$Status","0","1","0"
"864","19.408371413","ipcas_21:73:17","146","2","0","LIED43PROT/LLN0$Alarm","1","",""
"865","19.408372178","ipcas_21:73:17","188","2","0","LIED43MEAS/LLN0$Measurement","0","0","0"
"917","20.445870371","ipcas_21:73:17","149","2","1","LIED43CTRL/LLN0$Status","0","1","0"
"918","20.445921736","ipcas_21:73:17","146","2","1","LIED43PROT/LLN0$Alarm","1","",""
"919","20.445954617","ipcas_21:73:17","188","2","1","LIED43MEAS/LLN0$Measurement","0","0","0"
"987","21.472995670","ipcas_21:73:17","149","2","2","LIED43CTRL/LLN0$Status","0","1","0"
"988","21.472996096","ipcas_21:73:17","146","2","2","LIED43PROT/LLN0$Alarm","1","",""
"989","21.472996727","ipcas_21:73:17","188","2","2","LIED43MEAS/LLN0$Measurement","0","0","0"
"1041","22.493213431","ipcas_21:73:17","149","2","3","LIED43CTRL/LLN0$Status","0","1","0"
"1042","22.493213712","ipcas_21:73:17","146","2","3","LIED43PROT/LLN0$Alarm","1","",""
"1043","22.493214052","ipcas_21:73:17","188","2","3","LIED43MEAS/LLN0$Measurement","0","0","0"
"1094","23.514828435","ipcas_21:73:17","149","2","4","LIED43CTRL/LLN0$Status","0","1","0"
"1095","23.514829080","ipcas_21:73:17","146","2","4","LIED43PROT/LLN0$Alarm","1","",""
"1096","23.514829387","ipcas_21:73:17","188","2","4","LIED43MEAS/LLN0$Measurement","0","0","0"
"1147","24.536211503","ipcas_21:73:17","149","2","5","LIED43CTRL/LLN0$Status","0","1","0"
"1148","24.536216682","ipcas_21:73:17","146","2","5","LIED43PROT/LLN0$Alarm","1","",""
"1149","24.536310715","ipcas_21:73:17","188","2","5","LIED43MEAS/LLN0$Measurement","0","0","0"
"1200","25.561285082","ipcas_21:73:17","149","2","6","LIED43CTRL/LLN0$Status","0","1","0"
"1201","25.561542827","ipcas_21:73:17","146","2","6","LIED43PROT/LLN0$Alarm","1","",""
"1202","25.562451744","ipcas_21:73:17","188","2","6","LIED43MEAS/LLN0$Measurement","0","0","0"
"1253","26.596453822","ipcas_21:73:17","149","2","7","LIED43CTRL/LLN0$Status","0","1","0"
"1254","26.596460528","ipcas_21:73:17","146","2","7","LIED43PROT/LLN0$Alarm","1","",""
"1255","26.596461483","ipcas_21:73:17","188","2","7","LIED43MEAS/LLN0$Measurement","0","0","0"
"1306","27.619991529","ipcas_21:73:17","149","2","8","LIED43CTRL/LLN0$Status","0","1","0"
"1307","27.619995218","ipcas_21:73:17","146","2","8","LIED43PROT/LLN0$Alarm","1","",""
"1308","27.619996110","ipcas_21:73:17","188","2","8","LIED43MEAS/LLN0$Measurement","0","0","0"
"1359","28.641391332","ipcas_21:73:17","149","2","9","LIED43CTRL/LLN0$Status","0","1","0"
"1360","28.641394640","ipcas_21:73:17","146","2","9","LIED43PROT/LLN0$Alarm","1","",""
"1361","28.641395041","ipcas_21:73:17","188","2","9","LIED43MEAS/LLN0$Measurement","0","0","0"
"1412","29.663263306","ipcas_21:73:17","149","2","10","LIED43CTRL/LLN0$Status","0","1","0"
"1413","29.663775064","ipcas_21:73:17","146","2","10","LIED43PROT/LLN0$Alarm","1","",""
"1414","29.664091576","ipcas_21:73:17","188","2","10","LIED43MEAS/LLN0$Measurement","0","0","0"
"1465","30.695564218","ipcas_21:73:17","149","2","11","LIED43CTRL/LLN0$Status","0","1","0"
"1466","30.695569834","ipcas_21:73:17","146","2","11","LIED43PROT/LLN0$Alarm","1","",""
"1467","30.695571134","ipcas_21:73:17","188","2","11","LIED43MEAS/LLN0$Measurement","0","0","0"
"1518","31.714953405","ipcas_21:73:17","149","2","12","LIED43CTRL/LLN0$Status","0","1","0"
"1519","31.715222130","ipcas_21:73:17","146","2","12","LIED43PROT/LLN0$Alarm","1","",""
"1520","31.715582998","ipcas_21:73:17","188","2","12","LIED43MEAS/LLN0$Measurement","0","0","0"
"1571","32.740162560","ipcas_21:73:17","149","2","13","LIED43CTRL/LLN0$Status","0","1","0"
"1572","32.740168340","ipcas_21:73:17","146","2","13","LIED43PROT/LLN0$Alarm","1","",""
"1573","32.740169586","ipcas_21:73:17","188","2","13","LIED43MEAS/LLN0$Measurement","0","0","0"
"1624","33.764193648","ipcas_21:73:17","149","2","14","LIED43CTRL/LLN0$Status","0","1","0"
"1625","33.764194790","ipcas_21:73:17","146","2","14","LIED43PROT/LLN0$Alarm","1","",""
"1626","33.764196324","ipcas_21:73:17","188","2","14","LIED43MEAS/LLN0$Measurement","0","0","0"
"1677","34.792396076","ipcas_21:73:17","149","2","15","LIED43CTRL/LLN0$Status","0","1","0"
"1678","34.792471056","ipcas_21:73:17","146","2","15","LIED43PROT/LLN0$Alarm","1","",""
"1679","34.792597109","ipcas_21:73:17","188","2","15","LIED43MEAS/LLN0$Measurement","0","0","0"
"1730","35.818077721","ipcas_21:73:17","149","2","16","LIED43CTRL/LLN0$Status","0","1","0"
"1731","35.818081164","ipcas_21:73:17","146","2","16","LIED43PROT/LLN0$Alarm","1","",""
"1732","35.818081733","ipcas_21:73:17","188","2","16","LIED43MEAS/LLN0$Measurement","0","0","0"
"1783","36.841469743","ipcas_21:73:17","149","2","17","LIED43CTRL/LLN0$Status","0","1","0"
"1784","36.841474952","ipcas_21:73:17","146","2","17","LIED43PROT/LLN0$Alarm","1","",""
"1785","36.841476067","ipcas_21:73:17","188","2","17","LIED43MEAS/LLN0$Measurement","0","0","0"
"1836","37.869033203","ipcas_21:73:17","149","2","18","LIED43CTRL/LLN0$Status","0","1","0"
"1837","37.869038629","ipcas_21:73:17","146","2","18","LIED43PROT/LLN0$Alarm","1","",""
"1838","37.869040232","ipcas_21:73:17","188","2","18","LIED43MEAS/LLN0$Measurement","0","0","0"
"1889","38.895627691","ipcas_21:73:17","149","2","19","LIED43CTRL/LLN0$Status","0","1","0"
"1890","38.895633935","ipcas_21:73:17","146","2","19","LIED43PROT/LLN0$Alarm","1","",""
"1891","38.895635455","ipcas_21:73:17","188","2","19","LIED43MEAS/LLN0$Measurement","0","0","0"
"1942","39.934863029","ipcas_21:73:17","149","2","20","LIED43CTRL/LLN0$Status","0","1","0"
"1943","39.934863882","ipcas_21:73:17","146","2","20","LIED43PROT/LLN0$Alarm","1","",""
"1944","39.934864341","ipcas_21:73:17","188","2","20","LIED43MEAS/LLN0$Measurement","0","0","0"
"1995","40.971775794","ipcas_21:73:17","149","2","21","LIED43CTRL/LLN0$Status","0","1","0"
"1996","40.971781669","ipcas_21:73:17","146","2","21","LIED43PROT/LLN0$Alarm","1","",""
"1997","40.971782470","ipcas_21:73:17","188","2","21","LIED43MEAS/LLN0$Measurement","0","0","0"
"2048","42.009543506","ipcas_21:73:17","149","2","22","LIED43CTRL/LLN0$Status","0","1","0"
"2049","42.009553085","ipcas_21:73:17","146","2","22","LIED43PROT/LLN0$Alarm","1","",""
"2050","42.009554708","ipcas_21:73:17","188","2","22","LIED43MEAS/LLN0$Measurement","0","0","0"
"2101","43.043252145","ipcas_21:73:17","149","2","23","LIED43CTRL/LLN0$Status","0","1","0"
"2102","43.043853355","ipcas_21:73:17","146","2","23","LIED43PROT/LLN0$Alarm","1","",""
"2103","43.043937158","ipcas_21:73:17","188","2","23","LIED43MEAS/LLN0$Measurement","0","0","0"
"2154","44.065098553","ipcas_21:73:17","149","2","24","LIED43CTRL/LLN0$Status","0","1","0"
"2155","44.065099435","ipcas_21:73:17","146","2","24","LIED43PROT/LLN0$Alarm","1","",""
"2156","44.065099766","ipcas_21:73:17","188","2","24","LIED43MEAS/LLN0$Measurement","0","0","0"
"2207","45.097958952","ipcas_21:73:17","149","2","25","LIED43CTRL/LLN0$Status","0","1","0"
"2208","45.099598890","ipcas_21:73:17","146","2","25","LIED43PROT/LLN0$Alarm","1","",""
"2209","45.099602013","ipcas_21:73:17","188","2","25","LIED43MEAS/LLN0$Measurement","0","0","0"
"2260","46.120496737","ipcas_21:73:17","149","2","26","LIED43CTRL/LLN0$Status","0","1","0"
"2261","46.120503125","ipcas_21:73:17","146","2","26","LIED43PROT/LLN0$Alarm","1","",""
"2262","46.120504174","ipcas_21:73:17","188","2","26","LIED43MEAS/LLN0$Measurement","0","0","0"
"2313","47.145313385","ipcas_21:73:17","149","2","27","LIED43CTRL/LLN0$Status","0","1","0"
"2314","47.145314832","ipcas_21:73:17","146","2","27","LIED43PROT/LLN0$Alarm","1","",""
"2315","47.145315687","ipcas_21:73:17","188","2","27","LIED43MEAS/LLN0$Measurement","0","0","0"
"2366","48.165143099","ipcas_21:73:17","149","2","28","LIED43CTRL/LLN0$Status","0","1","0"
"2367","48.165148117","ipcas_21:73:17","146","2","28","LIED43PROT/LLN0$Alarm","1","",""
"2368","48.165149049","ipcas_21:73:17","188","2","28","LIED43MEAS/LLN0$Measurement","0","0","0"
"2419","49.188045696","ipcas_21:73:17","149","2","29","LIED43CTRL/LLN0$Status","0","1","0"
"2420","49.188051349","ipcas_21:73:17","146","2","29","LIED43PROT/LLN0$Alarm","1","",""
"2421","49.188052993","ipcas_21:73:17","188","2","29","LIED43MEAS/LLN0$Measurement","0","0","0"
"2472","50.212028079","ipcas_21:73:17","149","2","30","LIED43CTRL/LLN0$Status","0","1","0"
"2473","50.212031438","ipcas_21:73:17","146","2","30","LIED43PROT/LLN0$Alarm","1","",""
"2474","50.212032546","ipcas_21:73:17","188","2","30","LIED43MEAS/LLN0$Measurement","0","0","0"
"2525","51.257263099","ipcas_21:73:17","149","2","31","LIED43CTRL/LLN0$Status","0","1","0"
"2526","51.257263621","ipcas_21:73:17","146","2","31","LIED43PROT/LLN0$Alarm","1","",""
"2527","51.257264198","ipcas_21:73:17","188","2","31","LIED43MEAS/LLN0$Measurement","0","0","0"
"2578","52.298331423","ipcas_21:73:17","149","2","32","LIED43CTRL/LLN0$Status","0","1","0"
"2579","52.298334702","ipcas_21:73:17","146","2","32","LIED43PROT/LLN0$Alarm","1","",""
"2580","52.298335081","ipcas_21:73:17","188","2","32","LIED43MEAS/LLN0$Measurement","0","0","0"
"2631","53.342124117","ipcas_21:73:17","149","2","33","LIED43CTRL/LLN0$Status","0","1","0"
"2632","53.342131458","ipcas_21:73:17","146","2","33","LIED43PROT/LLN0$Alarm","1","",""
"2633","53.342132485","ipcas_21:73:17","188","2","33","LIED43MEAS/LLN0$Measurement","0","0","0"
"2684","54.366653317","ipcas_21:73:17","149","2","34","LIED43CTRL/LLN0$Status","0","1","0"
"2685","54.366659041","ipcas_21:73:17","146","2","34","LIED43PROT/LLN0$Alarm","1","",""
"2686","54.366659976","ipcas_21:73:17","188","2","34","LIED43MEAS/LLN0$Measurement","0","0","0"
"2737","55.391249817","ipcas_21:73:17","149","2","35","LIED43CTRL/LLN0$Status","0","1","0"
"2738","55.391253025","ipcas_21:73:17","146","2","35","LIED43PROT/LLN0$Alarm","1","",""
"2739","55.391254000","ipcas_21:73:17","188","2","35","LIED43MEAS/LLN0$Measurement","0","0","0"
"2790","56.419934455","ipcas_21:73:17","149","2","36","LIED43CTRL/LLN0$Status","0","1","0"
"2791","56.419934813","ipcas_21:73:17","146","2","36","LIED43PROT/LLN0$Alarm","1","",""
"2792","56.419935823","ipcas_21:73:17","188","2","36","LIED43MEAS/LLN0$Measurement","0","0","0"
"2843","57.441747906","ipcas_21:73:17","149","2","37","LIED43CTRL/LLN0$Status","0","1","0"
"2844","57.441936962","ipcas_21:73:17","146","2","37","LIED43PROT/LLN0$Alarm","1","",""
"2845","57.441940765","ipcas_21:73:17","188","2","37","LIED43MEAS/LLN0$Measurement","0","0","0"
"2896","58.465341337","ipcas_21:73:17","149","2","38","LIED43CTRL/LLN0$Status","0","1","0"
"2897","58.465345974","ipcas_21:73:17","146","2","38","LIED43PROT/LLN0$Alarm","1","",""
"2898","58.465346679","ipcas_21:73:17","188","2","38","LIED43MEAS/LLN0$Measurement","0","0","0"
"2949","59.514531632","ipcas_21:73:17","149","2","39","LIED43CTRL/LLN0$Status","0","1","0"
"2950","59.514535958","ipcas_21:73:17","146","2","39","LIED43PROT/LLN0$Alarm","1","",""
"2951","59.514536951","ipcas_21:73:17","188","2","39","LIED43MEAS/LLN0$Measurement","0","0","0"
"3002","60.541885065","ipcas_21:73:17","149","2","40","LIED43CTRL/LLN0$Status","0","1","0"
"3003","60.542483998","ipcas_21:73:17","146","2","40","LIED43PROT/LLN0$Alarm","1","",""
"3004","60.542489821","ipcas_21:73:17","188","2","40","LIED43MEAS/LLN0$Measurement","0","0","0"
"3055","61.580851686","ipcas_21:73:17","149","2","41","LIED43CTRL/LLN0$Status","0","1","0"
"3056","61.580852071","ipcas_21:73:17","146","2","41","LIED43PROT/LLN0$Alarm","1","",""
"3057","61.580852597","ipcas_21:73:17","188","2","41","LIED43MEAS/LLN0$Measurement","0","0","0"
"3108","62.590582037","ipcas_21:73:17","149","2","42","LIED43CTRL/LLN0$Status","0","1","0"
"3109","62.590587723","ipcas_21:73:17","146","2","42","LIED43PROT/LLN0$Alarm","1","",""
"3110","62.590588683","ipcas_21:73:17","188","2","42","LIED43MEAS/LLN0$Measurement","0","0","0"
"3161","63.620730646","ipcas_21:73:17","149","2","43","LIED43CTRL/LLN0$Status","0","1","0"
"3162","63.620731824","ipcas_21:73:17","146","2","43","LIED43PROT/LLN0$Alarm","1","",""
"3163","63.620732764","ipcas_21:73:17","188","2","43","LIED43MEAS/LLN0$Measurement","0","0","0"
"3214","64.641083697","ipcas_21:73:17","149","2","44","LIED43CTRL/LLN0$Status","0","1","0"
"3215","64.641130175","ipcas_21:73:17","146","2","44","LIED43PROT/LLN0$Alarm","1","",""
"3216","64.641133540","ipcas_21:73:17","188","2","44","LIED43MEAS/LLN0$Measurement","0","0","0"
"3267","65.663393982","ipcas_21:73:17","149","2","45","LIED43CTRL/LLN0$Status","0","1","0"
"3268","65.664176600","ipcas_21:73:17","146","2","45","LIED43PROT/LLN0$Alarm","1","",""
"3269","65.664180219","ipcas_21:73:17","188","2","45","LIED43MEAS/LLN0$Measurement","0","0","0"
"3320","66.709957976","ipcas_21:73:17","149","2","46","LIED43CTRL/LLN0$Status","0","1","0"
"3321","66.709962174","ipcas_21:73:17","146","2","46","LIED43PROT/LLN0$Alarm","1","",""
"3322","66.710096278","ipcas_21:73:17","188","2","46","LIED43MEAS/LLN0$Measurement","0","0","0"
"3373","67.735073417","ipcas_21:73:17","149","2","47","LIED43CTRL/LLN0$Status","0","1","0"
"3374","67.735074163","ipcas_21:73:17","146","2","47","LIED43PROT/LLN0$Alarm","1","",""
"3375","67.735074597","ipcas_21:73:17","188","2","47","LIED43MEAS/LLN0$Measurement","0","0","0"
"3426","68.755079322","ipcas_21:73:17","149","2","48","LIED43CTRL/LLN0$Status","0","1","0"
"3427","68.755082861","ipcas_21:73:17","146","2","48","LIED43PROT/LLN0$Alarm","1","",""
"3428","68.755083853","ipcas_21:73:17","188","2","48","LIED43MEAS/LLN0$Measurement","0","0","0"
"3479","69.767015923","ipcas_21:73:17","149","2","49","LIED43CTRL/LLN0$Status","0","1","0"
"3480","69.767018928","ipcas_21:73:17","146","2","49","LIED43PROT/LLN0$Alarm","1","",""
"3481","69.767019658","ipcas_21:73:17","188","2","49","LIED43MEAS/LLN0$Measurement","0","0","0"
"3532","70.792040939","ipcas_21:73:17","149","2","50","LIED43CTRL/LLN0$Status","0","1","0"
"3533","70.792045037","ipcas_21:73:17","146","2","50","LIED43PROT/LLN0$Alarm","1","",""
"3534","70.792236894","ipcas_21:73:17","188","2","50","LIED43MEAS/LLN0$Measurement","0","0","0"
"3585","71.809113914","ipcas_21:73:17","149","2","51","LIED43CTRL/LLN0$Status","0","1","0"
"3586","71.809115010","ipcas_21:73:17","146","2","51","LIED43PROT/LLN0$Alarm","1","",""
"3587","71.809116357","ipcas_21:73:17","188","2","51","LIED43MEAS/LLN0$Measurement","0","0","0"
"3638","72.821041357","ipcas_21:73:17","149","2","52","LIED43CTRL/LLN0$Status","0","1","0"
"3639","72.821045321","ipcas_21:73:17","146","2","52","LIED43PROT/LLN0$Alarm","1","",""
"3640","72.821045965","ipcas_21:73:17","188","2","52","LIED43MEAS/LLN0$Measurement","0","0","0"
"3691","73.835087257","ipcas_21:73:17","149","2","53","LIED43CTRL/LLN0$Status","0","1","0"
"3692","73.835092434","ipcas_21:73:17","146","2","53","LIED43PROT/LLN0$Alarm","1","",""
"3693","73.835130153","ipcas_21:73:17","188","2","53","LIED43MEAS/LLN0$Measurement","0","0","0"
"3731","74.868103697","ipcas_21:73:17","149","2","54","LIED43CTRL/LLN0$Status","0","1","0"
"3733","74.868106206","ipcas_21:73:17","146","2","54","LIED43PROT/LLN0$Alarm","1","",""
"3734","74.868108451","ipcas_21:73:17","188","2","54","LIED43MEAS/LLN0$Measurement","0","0","0"
"3791","75.941126625","ipcas_21:73:17","149","2","55","LIED43CTRL/LLN0$Status","0","1","0"
"3792","75.941126903","ipcas_21:73:17","146","2","55","LIED43PROT/LLN0$Alarm","1","",""
"3793","75.941127732","ipcas_21:73:17","188","2","55","LIED43MEAS/LLN0$Measurement","0","0","0"
"3836","76.975912893","ipcas_21:73:17","149","2","56","LIED43CTRL/LLN0$Status","0","1","0"
"3837","76.975913964","ipcas_21:73:17","146","2","56","LIED43PROT/LLN0$Alarm","1","",""
"3839","76.975914917","ipcas_21:73:17","188","2","56","LIED43MEAS/LLN0$Measurement","0","0","0"
"3903","78.015817245","ipcas_21:73:17","149","2","57","LIED43CTRL/LLN0$Status","0","1","0"
"3904","78.015817598","ipcas_21:73:17","146","2","57","LIED43PROT/LLN0$Alarm","1","",""
"3905","78.015818072","ipcas_21:73:17","188","2","57","LIED43MEAS/LLN0$Measurement","0","0","0"
"3955","79.025897595","ipcas_21:73:17","149","2","58","LIED43CTRL/LLN0$Status","0","1","0"
"3956","79.025897894","ipcas_21:73:17","146","2","58","LIED43PROT/LLN0$Alarm","1","",""
"3957","79.025898901","ipcas_21:73:17","188","2","58","LIED43MEAS/LLN0$Measurement","0","0","0"
"4009","80.094325538","ipcas_21:73:17","149","2","59","LIED43CTRL/LLN0$Status","0","1","0"
"4010","80.094330905","ipcas_21:73:17","146","2","59","LIED43PROT/LLN0$Alarm","1","",""
"4011","80.094610570","ipcas_21:73:17","188","2","59","LIED43MEAS/LLN0$Measurement","0","0","0"
"4059","81.152746356","ipcas_21:73:17","149","2","60","LIED43CTRL/LLN0$Status","0","1","0"
"4060","81.152746736","ipcas_21:73:17","146","2","60","LIED43PROT/LLN0$Alarm","1","",""
"4061","81.152747205","ipcas_21:73:17","188","2","60","LIED43MEAS/LLN0$Measurement","0","0","0"
"4115","82.209755831","ipcas_21:73:17","149","2","61","LIED43CTRL/LLN0$Status","0","1","0"
"4116","82.209759773","ipcas_21:73:17","146","2","61","LIED43PROT/LLN0$Alarm","1","",""
"4117","82.210129538","ipcas_21:73:17","188","2","61","LIED43MEAS/LLN0$Measurement","0","0","0"
"4162","83.247238691","ipcas_21:73:17","149","2","62","LIED43CTRL/LLN0$Status","0","1","0"
"4163","83.247244385","ipcas_21:73:17","146","2","62","LIED43PROT/LLN0$Alarm","1","",""
"4164","83.247244978","ipcas_21:73:17","188","2","62","LIED43MEAS/LLN0$Measurement","0","0","0"
"4203","84.289916167","ipcas_21:73:17","149","2","63","LIED43CTRL/LLN0$Status","0","1","0"
"4204","84.289916651","ipcas_21:73:17","146","2","63","LIED43PROT/LLN0$Alarm","1","",""
"4205","84.289917241","ipcas_21:73:17","188","2","63","LIED43MEAS/LLN0$Measurement","0","0","0"
"4244","85.325535221","ipcas_21:73:17","149","2","64","LIED43CTRL/LLN0$Status","0","1","0"
"4245","85.325543106","ipcas_21:73:17","146","2","64","LIED43PROT/LLN0$Alarm","1","",""
"4246","85.325543922","ipcas_21:73:17","188","2","64","LIED43MEAS/LLN0$Measurement","0","0","0"
"4297","86.319030881","ipcas_21:73:17","149","2","65","LIED43CTRL/LLN0$Status","0","1","0"
"4298","86.319032137","ipcas_21:73:17","146","2","65","LIED43PROT/LLN0$Alarm","1","",""
"4299","86.319032935","ipcas_21:73:17","188","2","65","LIED43MEAS/LLN0$Measurement","0","0","0"
"4350","87.356374078","ipcas_21:73:17","149","2","66","LIED43CTRL/LLN0$Status","0","1","0"
"4351","87.356380231","ipcas_21:73:17","146","2","66","LIED43PROT/LLN0$Alarm","1","",""
"4352","87.356380860","ipcas_21:73:17","188","2","66","LIED43MEAS/LLN0$Measurement","0","0","0"
"4403","88.377880791","ipcas_21:73:17","149","2","67","LIED43CTRL/LLN0$Status","0","1","0"
"4404","88.377883791","ipcas_21:73:17","146","2","67","LIED43PROT/LLN0$Alarm","1","",""
"4405","88.377884925","ipcas_21:73:17","188","2","67","LIED43MEAS/LLN0$Measurement","0","0","0"
"4456","89.403154728","ipcas_21:73:17","149","2","68","LIED43CTRL/LLN0$Status","0","1","0"
"4457","89.403159650","ipcas_21:73:17","146","2","68","LIED43PROT/LLN0$Alarm","1","",""
"4458","89.403160825","ipcas_21:73:17","188","2","68","LIED43MEAS/LLN0$Measurement","0","0","0"
"4509","90.440255917","ipcas_21:73:17","149","2","69","LIED43CTRL/LLN0$Status","0","1","0"
"4510","90.440256346","ipcas_21:73:17","146","2","69","LIED43PROT/LLN0$Alarm","1","",""
"4511","90.440256792","ipcas_21:73:17","188","2","69","LIED43MEAS/LLN0$Measurement","0","0","0"
"4562","91.466096009","ipcas_21:73:17","149","2","70","LIED43CTRL/LLN0$Status","0","1","0"
"4563","91.466100491","ipcas_21:73:17","146","2","70","LIED43PROT/LLN0$Alarm","1","",""
"4564","91.466101137","ipcas_21:73:17","188","2","70","LIED43MEAS/LLN0$Measurement","0","0","0"
"4615","92.492309898","ipcas_21:73:17","149","2","71","LIED43CTRL/LLN0$Status","0","1","0"
"4616","92.492315615","ipcas_21:73:17","146","2","71","LIED43PROT/LLN0$Alarm","1","",""
"4617","92.492317025","ipcas_21:73:17","188","2","71","LIED43MEAS/LLN0$Measurement","0","0","0"
"4668","93.516964575","ipcas_21:73:17","149","2","72","LIED43CTRL/LLN0$Status","0","1","0"
"4669","93.516971284","ipcas_21:73:17","146","2","72","LIED43PROT/LLN0$Alarm","1","",""
"4670","93.516972426","ipcas_21:73:17","188","2","72","LIED43MEAS/LLN0$Measurement","0","0","0"
"4721","94.543070474","ipcas_21:73:17","149","2","73","LIED43CTRL/LLN0$Status","0","1","0"
"4722","94.543076735","ipcas_21:73:17","146","2","73","LIED43PROT/LLN0$Alarm","1","",""
"4723","94.543077738","ipcas_21:73:17","188","2","73","LIED43MEAS/LLN0$Measurement","0","0","0"
"4774","95.570618517","ipcas_21:73:17","149","2","74","LIED43CTRL/LLN0$Status","0","1","0"
"4775","95.570622142","ipcas_21:73:17","146","2","74","LIED43PROT/LLN0$Alarm","1","",""
"4776","95.570622975","ipcas_21:73:17","188","2","74","LIED43MEAS/LLN0$Measurement","0","0","0"
"4827","96.592990583","ipcas_21:73:17","149","2","75","LIED43CTRL/LLN0$Status","0","1","0"
"4828","96.592993938","ipcas_21:73:17","146","2","75","LIED43PROT/LLN0$Alarm","1","",""
"4829","96.592994548","ipcas_21:73:17","188","2","75","LIED43MEAS/LLN0$Measurement","0","0","0"
"4880","97.618390996","ipcas_21:73:17","149","2","76","LIED43CTRL/LLN0$Status","0","1","0"
"4881","97.618396044","ipcas_21:73:17","146","2","76","LIED43PROT/LLN0$Alarm","1","",""
"4882","97.619122158","ipcas_21:73:17","188","2","76","LIED43MEAS/LLN0$Measurement","0","0","0"
"4933","98.663992807","ipcas_21:73:17","149","2","77","LIED43CTRL/LLN0$Status","0","1","0"
"4934","98.664001880","ipcas_21:73:17","146","2","77","LIED43PROT/LLN0$Alarm","1","",""
"4935","98.664002670","ipcas_21:73:17","188","2","77","LIED43MEAS/LLN0$Measurement","0","0","0"
"4986","99.716835022","ipcas_21:73:17","149","2","78","LIED43CTRL/LLN0$Status","0","1","0"
"4987","99.716835355","ipcas_21:73:17","146","2","78","LIED43PROT/LLN0$Alarm","1","",""
"4988","99.716835681","ipcas_21:73:17","188","2","78","LIED43MEAS/LLN0$Measurement","0","0","0"
"5039","100.709345515","ipcas_21:73:17","149","2","79","LIED43CTRL/LLN0$Status","0","1","0"
"5040","100.710134193","ipcas_21:73:17","146","2","79","LIED43PROT/LLN0$Alarm","1","",""
"5041","100.710138890","ipcas_21:73:17","188","2","79","LIED43MEAS/LLN0$Measurement","0","0","0"
"5092","101.765383587","ipcas_21:73:17","149","2","80","LIED43CTRL/LLN0$Status","0","1","0"
"5093","101.765846862","ipcas_21:73:17","146","2","80","LIED43PROT/LLN0$Alarm","1","",""
"5094","101.765849498","ipcas_21:73:17","188","2","80","LIED43MEAS/LLN0$Measurement","0","0","0"
"5145","102.788674038","ipcas_21:73:17","149","2","81","LIED43CTRL/LLN0$Status","0","1","0"
"5146","102.788679217","ipcas_21:73:17","146","2","81","LIED43PROT/LLN0$Alarm","1","",""
"5147","102.788680673","ipcas_21:73:17","188","2","81","LIED43MEAS/LLN0$Measurement","0","0","0"
"5198","103.829951485","ipcas_21:73:17","149","2","82","LIED43CTRL/LLN0$Status","0","1","0"
"5199","103.829955731","ipcas_21:73:17","146","2","82","LIED43PROT/LLN0$Alarm","1","",""
"5200","103.831046700","ipcas_21:73:17","188","2","82","LIED43MEAS/LLN0$Measurement","0","0","0"
"5251","104.846697418","ipcas_21:73:17","149","2","83","LIED43CTRL/LLN0$Status","0","1","0"
"5252","104.846703325","ipcas_21:73:17","146","2","83","LIED43PROT/LLN0$Alarm","1","",""
"5253","104.846704845","ipcas_21:73:17","188","2","83","LIED43MEAS/LLN0$Measurement","0","0","0"
"5304","105.885301977","ipcas_21:73:17","149","2","84","LIED43CTRL/LLN0$Status","0","1","0"
"5305","105.885304933","ipcas_21:73:17","146","2","84","LIED43PROT/LLN0$Alarm","1","",""
"5306","105.885305755","ipcas_21:73:17","188","2","84","LIED43MEAS/LLN0$Measurement","0","0","0"
"5357","106.900713654","ipcas_21:73:17","149","2","85","LIED43CTRL/LLN0$Status","0","1","0"
"5358","106.900714566","ipcas_21:73:17","146","2","85","LIED43PROT/LLN0$Alarm","1","",""
"5359","106.900715364","ipcas_21:73:17","188","2","85","LIED43MEAS/LLN0$Measurement","0","0","0"
"5410","107.932680566","ipcas_21:73:17","149","2","86","LIED43CTRL/LLN0$Status","0","1","0"
"5411","107.932685971","ipcas_21:73:17","146","2","86","LIED43PROT/LLN0$Alarm","1","",""
"5412","107.932686862","ipcas_21:73:17","188","2","86","LIED43MEAS/LLN0$Measurement","0","0","0"
"5463","109.005526851","ipcas_21:73:17","149","2","87","LIED43CTRL/LLN0$Status","0","1","0"
"5464","109.005675516","ipcas_21:73:17","146","2","87","LIED43PROT/LLN0$Alarm","1","",""
"5465","109.005821523","ipcas_21:73:17","188","2","87","LIED43MEAS/LLN0$Measurement","0","0","0"
"5516","110.063389778","ipcas_21:73:17","149","2","88","LIED43CTRL/LLN0$Status","0","1","0"
"5517","110.063393600","ipcas_21:73:17","146","2","88","LIED43PROT/LLN0$Alarm","1","",""
"5518","110.063394397","ipcas_21:73:17","188","2","88","LIED43MEAS/LLN0$Measurement","0","0","0"
"5569","111.086171409","ipcas_21:73:17","149","2","89","LIED43CTRL/LLN0$Status","0","1","0"
"5570","111.086176707","ipcas_21:73:17","146","2","89","LIED43PROT/LLN0$Alarm","1","",""
"5571","111.086177832","ipcas_21:73:17","188","2","89","LIED43MEAS/LLN0$Measurement","0","0","0"
"5622","112.112535621","ipcas_21:73:17","149","2","90","LIED43CTRL/LLN0$Status","0","1","0"
"5623","112.112536516","ipcas_21:73:17","146","2","90","LIED43PROT/LLN0$Alarm","1","",""
"5624","112.112537375","ipcas_21:73:17","188","2","90","LIED43MEAS/LLN0$Measurement","0","0","0"
"5675","113.149056853","ipcas_21:73:17","149","2","91","LIED43CTRL/LLN0$Status","0","1","0"
"5676","113.149062894","ipcas_21:73:17","146","2","91","LIED43PROT/LLN0$Alarm","1","",""
"5677","113.149064045","ipcas_21:73:17","188","2","91","LIED43MEAS/LLN0$Measurement","0","0","0"
"5728","114.197430903","ipcas_21:73:17","149","2","92","LIED43CTRL/LLN0$Status","0","1","0"
"5729","114.197433050","ipcas_21:73:17","146","2","92","LIED43PROT/LLN0$Alarm","1","",""
"5730","114.197433510","ipcas_21:73:17","188","2","92","LIED43MEAS/LLN0$Measurement","0","0","0"
"5781","115.220988103","ipcas_21:73:17","149","2","93","LIED43CTRL/LLN0$Status","0","1","0"
"5782","115.220988434","ipcas_21:73:17","146","2","93","LIED43PROT/LLN0$Alarm","1","",""
"5783","115.220989459","ipcas_21:73:17","188","2","93","LIED43MEAS/LLN0$Measurement","0","0","0"
"5834","116.233253918","ipcas_21:73:17","149","2","94","LIED43CTRL/LLN0$Status","0","1","0"
"5835","116.233256433","ipcas_21:73:17","146","2","94","LIED43PROT/LLN0$Alarm","1","",""
"5836","116.233257210","ipcas_21:73:17","188","2","94","LIED43MEAS/LLN0$Measurement","0","0","0"
"5887","117.280220034","ipcas_21:73:17","149","2","95","LIED43CTRL/LLN0$Status","0","1","0"
"5888","117.280220395","ipcas_21:73:17","146","2","95","LIED43PROT/LLN0$Alarm","1","",""
"5889","117.280221045","ipcas_21:73:17","188","2","95","LIED43MEAS/LLN0$Measurement","0","0","0"
"5940","118.303518192","ipcas_21:73:17","149","2","96","LIED43CTRL/LLN0$Status","0","1","0"
"5941","118.303519936","ipcas_21:73:17","146","2","96","LIED43PROT/LLN0$Alarm","1","",""
"5942","118.303521059","ipcas_21:73:17","188","2","96","LIED43MEAS/LLN0$Measurement","0","0","0"
"6023","119.355161796","ipcas_21:73:17","149","2","97","LIED43CTRL/LLN0$Status","0","1","0"
"6024","119.355162062","ipcas_21:73:17","146","2","97","LIED43PROT/LLN0$Alarm","1","",""
"6025","119.355162482","ipcas_21:73:17","188","2","97","LIED43MEAS/LLN0$Measurement","0","0","0"
"6076","120.396036901","ipcas_21:73:17","149","2","98","LIED43CTRL/LLN0$Status","0","1","0"
"6077","120.396037794","ipcas_21:73:17","146","2","98","LIED43PROT/LLN0$Alarm","1","",""
"6078","120.396038217","ipcas_21:73:17","188","2","98","LIED43MEAS/LLN0$Measurement","0","0","0"
"6108","121.419905677","ipcas_21:73:17","149","2","99","LIED43CTRL/LLN0$Status","0","1","0"
"6109","121.419911631","ipcas_21:73:17","146","2","99","LIED43PROT/LLN0$Alarm","1","",""
"6110","121.419912530","ipcas_21:73:17","188","2","99","LIED43MEAS/LLN0$Measurement","0","0","0"
"6152","122.467593522","ipcas_21:73:17","149","2","100","LIED43CTRL/LLN0$Status","0","1","0"
"6153","122.467840488","ipcas_21:73:17","146","2","100","LIED43PROT/LLN0$Alarm","1","",""
"6157","122.468711649","ipcas_21:73:17","188","2","100","LIED43MEAS/LLN0$Measurement","0","0","0"
"6205","123.499192777","ipcas_21:73:17","149","2","101","LIED43CTRL/LLN0$Status","0","1","0"
"6206","123.499193214","ipcas_21:73:17","146","2","101","LIED43PROT/LLN0$Alarm","1","",""
"6207","123.499193810","ipcas_21:73:17","188","2","101","LIED43MEAS/LLN0$Measurement","0","0","0"
"6258","124.516880888","ipcas_21:73:17","149","2","102","LIED43CTRL/LLN0$Status","0","1","0"
"6259","124.516885849","ipcas_21:73:17","146","2","102","LIED43PROT/LLN0$Alarm","1","",""
"6260","124.516886885","ipcas_21:73:17","188","2","102","LIED43MEAS/LLN0$Measurement","0","0","0"
"6311","125.538255977","ipcas_21:73:17","149","2","103","LIED43CTRL/LLN0$Status","0","1","0"
"6312","125.538261540","ipcas_21:73:17","146","2","103","LIED43PROT/LLN0$Alarm","1","",""
"6313","125.538262465","ipcas_21:73:17","188","2","103","LIED43MEAS/LLN0$Measurement","0","0","0"
"6364","126.563942201","ipcas_21:73:17","149","2","104","LIED43CTRL/LLN0$Status","0","1","0"
"6365","126.563945372","ipcas_21:73:17","146","2","104","LIED43PROT/LLN0$Alarm","1","",""
"6366","126.563945922","ipcas_21:73:17","188","2","104","LIED43MEAS/LLN0$Measurement","0","0","0"
"6444","127.615774091","ipcas_21:73:17","149","2","105","LIED43CTRL/LLN0$Status","0","1","0"
"6445","127.615774681","ipcas_21:73:17","146","2","105","LIED43PROT/LLN0$Alarm","1","",""
"6446","127.615775717","ipcas_21:73:17","188","2","105","LIED43MEAS/LLN0$Measurement","0","0","0"
"6500","128.675187199","ipcas_21:73:17","149","2","106","LIED43CTRL/LLN0$Status","0","1","0"
"6501","128.675188034","ipcas_21:73:17","146","2","106","LIED43PROT/LLN0$Alarm","1","",""
"6502","128.675189006","ipcas_21:73:17","188","2","106","LIED43MEAS/LLN0$Measurement","0","0","0"
"6550","129.706607121","ipcas_21:73:17","149","2","107","LIED43CTRL/LLN0$Status","0","1","0"
"6551","129.706608612","ipcas_21:73:17","146","2","107","LIED43PROT/LLN0$Alarm","1","",""
"6552","129.706609360","ipcas_21:73:17","188","2","107","LIED43MEAS/LLN0$Measurement","0","0","0"
"6606","130.750364906","ipcas_21:73:17","149","2","108","LIED43CTRL/LLN0$Status","0","1","0"
"6607","130.750367842","ipcas_21:73:17","146","2","108","LIED43PROT/LLN0$Alarm","1","",""
"6608","130.750368313","ipcas_21:73:17","188","2","108","LIED43MEAS/LLN0$Measurement","0","0","0"
"6644","131.762806638","ipcas_21:73:17","149","2","109","LIED43CTRL/LLN0$Status","0","1","0"
"6645","131.762807496","ipcas_21:73:17","146","2","109","LIED43PROT/LLN0$Alarm","1","",""
"6646","131.767115215","ipcas_21:73:17","188","2","109","LIED43MEAS/LLN0$Measurement","0","0","0"
"6683","132.790118041","ipcas_21:73:17","149","2","110","LIED43CTRL/LLN0$Status","0","1","0"
"6684","132.790119508","ipcas_21:73:17","146","2","110","LIED43PROT/LLN0$Alarm","1","",""
"6685","132.790120467","ipcas_21:73:17","188","2","110","LIED43MEAS/LLN0$Measurement","0","0","0"
"6735","133.818114445","ipcas_21:73:17","149","2","111","LIED43CTRL/LLN0$Status","0","1","0"
"6736","133.818115674","ipcas_21:73:17","146","2","111","LIED43PROT/LLN0$Alarm","1","",""
"6737","133.818116640","ipcas_21:73:17","188","2","111","LIED43MEAS/LLN0$Measurement","0","0","0"
"6788","134.838261420","ipcas_21:73:17","149","2","112","LIED43CTRL/LLN0$Status","0","1","0"
"6789","134.838267738","ipcas_21:73:17","146","2","112","LIED43PROT/LLN0$Alarm","1","",""
"6790","134.838568621","ipcas_21:73:17","188","2","112","LIED43MEAS/LLN0$Measurement","0","0","0"
"6871","135.901829290","ipcas_21:73:17","149","2","113","LIED43CTRL/LLN0$Status","0","1","0"
"6872","135.901829657","ipcas_21:73:17","146","2","113","LIED43PROT/LLN0$Alarm","1","",""
"6873","135.901830174","ipcas_21:73:17","188","2","113","LIED43MEAS/LLN0$Measurement","0","0","0"
"6900","136.936923740","ipcas_21:73:17","149","2","114","LIED43CTRL/LLN0$Status","0","1","0"
"6901","136.936925180","ipcas_21:73:17","146","2","114","LIED43PROT/LLN0$Alarm","1","",""
"6902","136.938956598","ipcas_21:73:17","188","2","114","LIED43MEAS/LLN0$Measurement","0","0","0"
"6950","137.964110281","ipcas_21:73:17","149","2","115","LIED43CTRL/LLN0$Status","0","1","0"
"6951","137.964110638","ipcas_21:73:17","146","2","115","LIED43PROT/LLN0$Alarm","1","",""
"6952","137.964111121","ipcas_21:73:17","188","2","115","LIED43MEAS/LLN0$Measurement","0","0","0"
"7030","139.009657248","ipcas_21:73:17","149","2","116","LIED43CTRL/LLN0$Status","0","1","0"
"7031","139.009660556","ipcas_21:73:17","146","2","116","LIED43PROT/LLN0$Alarm","1","",""
"7032","139.009661011","ipcas_21:73:17","188","2","116","LIED43MEAS/LLN0$Measurement","0","0","0"
"7071","140.043235827","ipcas_21:73:17","149","2","117","LIED43CTRL/LLN0$Status","0","1","0"
"7072","140.043237820","ipcas_21:73:17","146","2","117","LIED43PROT/LLN0$Alarm","1","",""
"7073","140.043238529","ipcas_21:73:17","188","2","117","LIED43MEAS/LLN0$Measurement","0","0","0"
"7106","141.052822761","ipcas_21:73:17","149","2","118","LIED43CTRL/LLN0$Status","0","1","0"
"7107","141.052831346","ipcas_21:73:17","146","2","118","LIED43PROT/LLN0$Alarm","1","",""
"7108","141.052831976","ipcas_21:73:17","188","2","118","LIED43MEAS/LLN0$Measurement","0","0","0"
"7189","142.112656583","ipcas_21:73:17","149","2","119","LIED43CTRL/LLN0$Status","0","1","0"
"7190","142.112661214","ipcas_21:73:17","146","2","119","LIED43PROT/LLN0$Alarm","1","",""
"7191","142.112662309","ipcas_21:73:17","188","2","119","LIED43MEAS/LLN0$Measurement","0","0","0"
"7236","143.190190533","ipcas_21:73:17","149","2","120","LIED43CTRL/LLN0$Status","0","1","0"
"7237","143.190191053","ipcas_21:73:17","146","2","120","LIED43PROT/LLN0$Alarm","1","",""
"7238","143.190191865","ipcas_21:73:17","188","2","120","LIED43MEAS/LLN0$Measurement","0","0","0"
"7280","144.237394419","ipcas_21:73:17","149","2","121","LIED43CTRL/LLN0$Status","0","1","0"
"7281","144.237395219","ipcas_21:73:17","146","2","121","LIED43PROT/LLN0$Alarm","1","",""
"7282","144.237395699","ipcas_21:73:17","188","2","121","LIED43MEAS/LLN0$Measurement","0","0","0"
"7330","145.261016311","ipcas_21:73:17","149","2","122","LIED43CTRL/LLN0$Status","0","1","0"
"7331","145.261016650","ipcas_21:73:17","146","2","122","LIED43PROT/LLN0$Alarm","1","",""
"7332","145.261016927","ipcas_21:73:17","188","2","122","LIED43MEAS/LLN0$Measurement","0","0","0"
"7401","146.290573071","ipcas_21:73:17","149","2","123","LIED43CTRL/LLN0$Status","0","1","0"
"7402","146.290575352","ipcas_21:73:17","146","2","123","LIED43PROT/LLN0$Alarm","1","",""
"7403","146.290811627","ipcas_21:73:17","188","2","123","LIED43MEAS/LLN0$Measurement","0","0","0"
"7439","147.346701276","ipcas_21:73:17","149","2","124","LIED43CTRL/LLN0$Status","0","1","0"
"7440","147.346701595","ipcas_21:73:17","146","2","124","LIED43PROT/LLN0$Alarm","1","",""
"7441","147.346702054","ipcas_21:73:17","188","2","124","LIED43MEAS/LLN0$Measurement","0","0","0"
"7477","148.343438929","ipcas_21:73:17","149","2","125","LIED43CTRL/LLN0$Status","0","1","0"
"7478","148.343439650","ipcas_21:73:17","146","2","125","LIED43PROT/LLN0$Alarm","1","",""
"7479","148.343440321","ipcas_21:73:17","188","2","125","LIED43MEAS/LLN0$Measurement","0","0","0"
"7530","149.385442696","ipcas_21:73:17","149","2","126","LIED43CTRL/LLN0$Status","0","1","0"
"7531","149.385443850","ipcas_21:73:17","146","2","126","LIED43PROT/LLN0$Alarm","1","",""
"7532","149.385444122","ipcas_21:73:17","188","2","126","LIED43MEAS/LLN0$Measurement","0","0","0"
"7583","150.418159448","ipcas_21:73:17","149","2","127","LIED43CTRL/LLN0$Status","0","1","0"
"7584","150.418167827","ipcas_21:73:17","146","2","127","LIED43PROT/LLN0$Alarm","1","",""
"7585","150.418168428","ipcas_21:73:17","188","2","127","LIED43MEAS/LLN0$Measurement","0","0","0"
"7642","151.464212568","ipcas_21:73:17","150","2","128","LIED43CTRL/LLN0$Status","0","1","0"
"7643","151.464213138","ipcas_21:73:17","147","2","128","LIED43PROT/LLN0$Alarm","1","",""
"7644","151.464213751","ipcas_21:73:17","189","2","128","LIED43MEAS/LLN0$Measurement","0","0","0"
"7698","152.479961806","ipcas_21:73:17","150","2","129","LIED43CTRL/LLN0$Status","0","1","0"
"7699","152.479964560","ipcas_21:73:17","147","2","129","LIED43PROT/LLN0$Alarm","1","",""
"7700","152.479965001","ipcas_21:73:17","189","2","129","LIED43MEAS/LLN0$Measurement","0","0","0"
"7742","153.506925270","ipcas_21:73:17","150","2","130","LIED43CTRL/LLN0$Status","0","1","0"
"7743","153.506928595","ipcas_21:73:17","147","2","130","LIED43PROT/LLN0$Alarm","1","",""
"7744","153.506928969","ipcas_21:73:17","189","2","130","LIED43MEAS/LLN0$Measurement","0","0","0"
"7795","154.518661611","ipcas_21:73:17","150","2","131","LIED43CTRL/LLN0$Status","0","1","0"
"7796","154.518662005","ipcas_21:73:17","147","2","131","LIED43PROT/LLN0$Alarm","1","",""
"7797","154.518663151","ipcas_21:73:17","189","2","131","LIED43MEAS/LLN0$Measurement","0","0","0"
"7848","155.540677451","ipcas_21:73:17","150","2","132","LIED43CTRL/LLN0$Status","0","1","0"
"7849","155.540679086","ipcas_21:73:17","147","2","132","LIED43PROT/LLN0$Alarm","1","",""
"7850","155.540679609","ipcas_21:73:17","189","2","132","LIED43MEAS/LLN0$Measurement","0","0","0"
"7901","156.560444053","ipcas_21:73:17","150","2","133","LIED43CTRL/LLN0$Status","0","1","0"
"7902","156.560448781","ipcas_21:73:17","147","2","133","LIED43PROT/LLN0$Alarm","1","",""
"7903","156.560449609","ipcas_21:73:17","189","2","133","LIED43MEAS/LLN0$Measurement","0","0","0"
"7954","157.622518216","ipcas_21:73:17","150","2","134","LIED43CTRL/LLN0$Status","0","1","0"
"7955","157.622518757","ipcas_21:73:17","147","2","134","LIED43PROT/LLN0$Alarm","1","",""
"7956","157.622519355","ipcas_21:73:17","189","2","134","LIED43MEAS/LLN0$Measurement","0","0","0"
"8037","158.662249132","ipcas_21:73:17","150","2","135","LIED43CTRL/LLN0$Status","0","1","0"
"8038","158.662252177","ipcas_21:73:17","147","2","135","LIED43PROT/LLN0$Alarm","1","",""
"8039","158.662252940","ipcas_21:73:17","189","2","135","LIED43MEAS/LLN0$Measurement","0","0","0"
"8090","159.680242949","ipcas_21:73:17","150","2","136","LIED43CTRL/LLN0$Status","0","1","0"
"8091","159.680243340","ipcas_21:73:17","147","2","136","LIED43PROT/LLN0$Alarm","1","",""
"8092","159.680243769","ipcas_21:73:17","189","2","136","LIED43MEAS/LLN0$Measurement","0","0","0"
"8143","160.713678720","ipcas_21:73:17","150","2","137","LIED43CTRL/LLN0$Status","0","1","0"
"8144","160.713682169","ipcas_21:73:17","147","2","137","LIED43PROT/LLN0$Alarm","1","",""
"8145","160.713682973","ipcas_21:73:17","189","2","137","LIED43MEAS/LLN0$Measurement","0","0","0"
"8196","161.794702711","ipcas_21:73:17","150","2","138","LIED43CTRL/LLN0$Status","0","1","0"
"8197","161.794707175","ipcas_21:73:17","147","2","138","LIED43PROT/LLN0$Alarm","1","",""
"8198","161.794708114","ipcas_21:73:17","189","2","138","LIED43MEAS/LLN0$Measurement","0","0","0"
"8249","162.807680376","ipcas_21:73:17","150","2","139","LIED43CTRL/LLN0$Status","0","1","0"
"8250","162.807683169","ipcas_21:73:17","147","2","139","LIED43PROT/LLN0$Alarm","1","",""
"8251","162.807684072","ipcas_21:73:17","189","2","139","LIED43MEAS/LLN0$Measurement","0","0","0"
"8299","163.830725388","ipcas_21:73:17","150","2","140","LIED43CTRL/LLN0$Status","0","1","0"
"8300","163.830725842","ipcas_21:73:17","147","2","140","LIED43PROT/LLN0$Alarm","1","",""
"8301","163.830726537","ipcas_21:73:17","189","2","140","LIED43MEAS/LLN0$Measurement","0","0","0"
"8355","164.881736896","ipcas_21:73:17","150","2","141","LIED43CTRL/LLN0$Status","0","1","0"
"8356","164.881803512","ipcas_21:73:17","147","2","141","LIED43PROT/LLN0$Alarm","1","",""
"8357","164.881808852","ipcas_21:73:17","189","2","141","LIED43MEAS/LLN0$Measurement","0","0","0"
"8381","165.915319218","ipcas_21:73:17","150","2","142","LIED43CTRL/LLN0$Status","0","1","0"
"8382","165.915320047","ipcas_21:73:17","147","2","142","LIED43PROT/LLN0$Alarm","1","",""
"8383","165.915320969","ipcas_21:73:17","189","2","142","LIED43MEAS/LLN0$Measurement","0","0","0"
"8446","166.965527466","ipcas_21:73:17","150","2","143","LIED43CTRL/LLN0$Status","0","1","0"
"8447","166.965527935","ipcas_21:73:17","147","2","143","LIED43PROT/LLN0$Alarm","1","",""
"8451","166.965530692","ipcas_21:73:17","189","2","143","LIED43MEAS/LLN0$Measurement","0","0","0"
"8496","167.995075431","ipcas_21:73:17","150","2","144","LIED43CTRL/LLN0$Status","0","1","0"
"8497","167.995076789","ipcas_21:73:17","147","2","144","LIED43PROT/LLN0$Alarm","1","",""
"8498","167.995077698","ipcas_21:73:17","189","2","144","LIED43MEAS/LLN0$Measurement","0","0","0"
"8537","169.012368267","ipcas_21:73:17","150","2","145","LIED43CTRL/LLN0$Status","0","1","0"
"8541","169.012568027","ipcas_21:73:17","147","2","145","LIED43PROT/LLN0$Alarm","1","",""
"8542","169.012701212","ipcas_21:73:17","189","2","145","LIED43MEAS/LLN0$Measurement","0","0","0"
"8596","170.040586813","ipcas_21:73:17","150","2","146","LIED43CTRL/LLN0$Status","0","1","0"
"8597","170.040592078","ipcas_21:73:17","147","2","146","LIED43PROT/LLN0$Alarm","1","",""
"8598","170.040787463","ipcas_21:73:17","189","2","146","LIED43MEAS/LLN0$Measurement","0","0","0"
"8655","171.090013396","ipcas_21:73:17","150","2","147","LIED43CTRL/LLN0$Status","0","1","0"
"8656","171.090013805","ipcas_21:73:17","147","2","147","LIED43PROT/LLN0$Alarm","1","",""
"8657","171.090014521","ipcas_21:73:17","189","2","147","LIED43MEAS/LLN0$Measurement","0","0","0"
"8726","172.153912637","ipcas_21:73:17","150","2","148","LIED43CTRL/LLN0$Status","0","1","0"
"8727","172.153919013","ipcas_21:73:17","147","2","148","LIED43PROT/LLN0$Alarm","1","",""
"8728","172.153920104","ipcas_21:73:17","189","2","148","LIED43MEAS/LLN0$Measurement","0","0","0"
"8779","173.195854031","ipcas_21:73:17","150","2","149","LIED43CTRL/LLN0$Status","0","1","0"
"8780","173.195862213","ipcas_21:73:17","147","2","149","LIED43PROT/LLN0$Alarm","1","",""
"8781","173.195863218","ipcas_21:73:17","189","2","149","LIED43MEAS/LLN0$Measurement","0","0","0"
"8832","174.254568655","ipcas_21:73:17","150","2","150","LIED43CTRL/LLN0$Status","0","1","0"
"8833","174.254579677","ipcas_21:73:17","147","2","150","LIED43PROT/LLN0$Alarm","1","",""
"8834","174.254580341","ipcas_21:73:17","189","2","150","LIED43MEAS/LLN0$Measurement","0","0","0"
"8885","175.293825136","ipcas_21:73:17","150","2","151","LIED43CTRL/LLN0$Status","0","1","0"
"8886","175.293829134","ipcas_21:73:17","147","2","151","LIED43PROT/LLN0$Alarm","1","",""
"8887","175.293829833","ipcas_21:73:17","189","2","151","LIED43MEAS/LLN0$Measurement","0","0","0"
"8923","176.324885207","ipcas_21:73:17","150","2","152","LIED43CTRL/LLN0$Status","0","1","0"
"8924","176.324885583","ipcas_21:73:17","147","2","152","LIED43PROT/LLN0$Alarm","1","",""
"8925","176.324885960","ipcas_21:73:17","189","2","152","LIED43MEAS/LLN0$Measurement","0","0","0"
"8961","177.343215059","ipcas_21:73:17","150","2","153","LIED43CTRL/LLN0$Status","0","1","0"
"8962","177.343224905","ipcas_21:73:17","147","2","153","LIED43PROT/LLN0$Alarm","1","",""
"8963","177.343226308","ipcas_21:73:17","189","2","153","LIED43MEAS/LLN0$Measurement","0","0","0"
"9014","178.341852802","ipcas_21:73:17","150","2","154","LIED43CTRL/LLN0$Status","0","1","0"
"9015","178.341853368","ipcas_21:73:17","147","2","154","LIED43PROT/LLN0$Alarm","1","",""
"9016","178.341853722","ipcas_21:73:17","189","2","154","LIED43MEAS/LLN0$Measurement","0","0","0"
"9067","179.364323544","ipcas_21:73:17","150","2","155","LIED43CTRL/LLN0$Status","0","1","0"
"9068","179.364327559","ipcas_21:73:17","147","2","155","LIED43PROT/LLN0$Alarm","1","",""
"9069","179.364328122","ipcas_21:73:17","189","2","155","LIED43MEAS/LLN0$Measurement","0","0","0"
"9120","180.387667951","ipcas_21:73:17","150","2","156","LIED43CTRL/LLN0$Status","0","1","0"
"9121","180.387672896","ipcas_21:73:17","147","2","156","LIED43PROT/LLN0$Alarm","1","",""
"9122","180.387674530","ipcas_21:73:17","189","2","156","LIED43MEAS/LLN0$Measurement","0","0","0"
"9173","181.415028898","ipcas_21:73:17","150","2","157","LIED43CTRL/LLN0$Status","0","1","0"
"9174","181.415035113","ipcas_21:73:17","147","2","157","LIED43PROT/LLN0$Alarm","1","",""
"9175","181.415036159","ipcas_21:73:17","189","2","157","LIED43MEAS/LLN0$Measurement","0","0","0"
"9226","182.446341510","ipcas_21:73:17","150","2","158","LIED43CTRL/LLN0$Status","0","1","0"
"9227","182.446349563","ipcas_21:73:17","147","2","158","LIED43PROT/LLN0$Alarm","1","",""
"9228","182.446350992","ipcas_21:73:17","189","2","158","LIED43MEAS/LLN0$Measurement","0","0","0"
"9279","183.476496815","ipcas_21:73:17","150","2","159","LIED43CTRL/LLN0$Status","0","1","0"
"9280","183.476500463","ipcas_21:73:17","147","2","159","LIED43PROT/LLN0$Alarm","1","",""
"9281","183.476500814","ipcas_21:73:17","189","2","159","LIED43MEAS/LLN0$Measurement","0","0","0"
"9332","184.489618967","ipcas_21:73:17","150","2","160","LIED43CTRL/LLN0$Status","0","1","0"
"9333","184.489622585","ipcas_21:73:17","147","2","160","LIED43PROT/LLN0$Alarm","1","",""
"9334","184.489622929","ipcas_21:73:17","189","2","160","LIED43MEAS/LLN0$Measurement","0","0","0"
"9385","185.538750250","ipcas_21:73:17","150","2","161","LIED43CTRL/LLN0$Status","0","1","0"
"9386","185.538757018","ipcas_21:73:17","147","2","161","LIED43PROT/LLN0$Alarm","1","",""
"9387","185.538757702","ipcas_21:73:17","189","2","161","LIED43MEAS/LLN0$Measurement","0","0","0"
"9438","186.564103376","ipcas_21:73:17","150","2","162","LIED43CTRL/LLN0$Status","0","1","0"
"9439","186.564103713","ipcas_21:73:17","147","2","162","LIED43PROT/LLN0$Alarm","1","",""
"9440","186.564104109","ipcas_21:73:17","189","2","162","LIED43MEAS/LLN0$Measurement","0","0","0"
"9491","187.581197299","ipcas_21:73:17","150","2","163","LIED43CTRL/LLN0$Status","0","1","0"
"9492","187.581198847","ipcas_21:73:17","147","2","163","LIED43PROT/LLN0$Alarm","1","",""
"9493","187.581199346","ipcas_21:73:17","189","2","163","LIED43MEAS/LLN0$Measurement","0","0","0"
"9544","188.604028173","ipcas_21:73:17","150","2","164","LIED43CTRL/LLN0$Status","0","1","0"
"9545","188.604028633","ipcas_21:73:17","147","2","164","LIED43PROT/LLN0$Alarm","1","",""
"9546","188.604029208","ipcas_21:73:17","189","2","164","LIED43MEAS/LLN0$Measurement","0","0","0"
"9597","189.626768090","ipcas_21:73:17","150","2","165","LIED43CTRL/LLN0$Status","0","1","0"
"9598","189.626773228","ipcas_21:73:17","147","2","165","LIED43PROT/LLN0$Alarm","1","",""
"9599","189.626774635","ipcas_21:73:17","189","2","165","LIED43MEAS/LLN0$Measurement","0","0","0"
"9710","192.075712049","ipcas_21:73:17","150","2","166","LIED43CTRL/LLN0$Status","0","1","0"
"9711","192.075766126","ipcas_21:73:17","147","2","166","LIED43PROT/LLN0$Alarm","1","",""
"9712","192.075767750","ipcas_21:73:17","189","2","166","LIED43MEAS/LLN0$Measurement","0","0","0"
"9763","193.105576057","ipcas_21:73:17","150","2","167","LIED43CTRL/LLN0$Status","0","1","0"
"9764","193.105579845","ipcas_21:73:17","147","2","167","LIED43PROT/LLN0$Alarm","1","",""
"9765","193.105580479","ipcas_21:73:17","189","2","167","LIED43MEAS/LLN0$Measurement","0","0","0"
"9816","194.119659059","ipcas_21:73:17","150","2","168","LIED43CTRL/LLN0$Status","0","1","0"
"9817","194.119660085","ipcas_21:73:17","147","2","168","LIED43PROT/LLN0$Alarm","1","",""
"9818","194.119661205","ipcas_21:73:17","189","2","168","LIED43MEAS/LLN0$Measurement","0","0","0"
"9869","195.162383098","ipcas_21:73:17","150","2","169","LIED43CTRL/LLN0$Status","0","1","0"
"9870","195.162389145","ipcas_21:73:17","147","2","169","LIED43PROT/LLN0$Alarm","1","",""
"9871","195.162390252","ipcas_21:73:17","189","2","169","LIED43MEAS/LLN0$Measurement","0","0","0"
"9922","196.187677617","ipcas_21:73:17","150","2","170","LIED43CTRL/LLN0$Status","0","1","0"
"9923","196.187678346","ipcas_21:73:17","147","2","170","LIED43PROT/LLN0$Alarm","1","",""
"9924","196.187678821","ipcas_21:73:17","189","2","170","LIED43MEAS/LLN0$Measurement","0","0","0"
"9975","197.209161734","ipcas_21:73:17","150","2","171","LIED43CTRL/LLN0$Status","0","1","0"
"9976","197.209165321","ipcas_21:73:17","147","2","171","LIED43PROT/LLN0$Alarm","1","",""
"9977","197.209166209","ipcas_21:73:17","189","2","171","LIED43MEAS/LLN0$Measurement","0","0","0"
"10028","198.232798113","ipcas_21:73:17","150","2","172","LIED43CTRL/LLN0$Status","0","1","0"
"10029","198.232801363","ipcas_21:73:17","147","2","172","LIED43PROT/LLN0$Alarm","1","",""
"10030","198.232802401","ipcas_21:73:17","189","2","172","LIED43MEAS/LLN0$Measurement","0","0","0"
"10081","199.258781400","ipcas_21:73:17","150","2","173","LIED43CTRL/LLN0$Status","0","1","0"
"10082","199.258785628","ipcas_21:73:17","147","2","173","LIED43PROT/LLN0$Alarm","1","",""
"10083","199.258863355","ipcas_21:73:17","189","2","173","LIED43MEAS/LLN0$Measurement","0","0","0"
"10134","200.278420535","ipcas_21:73:17","150","2","174","LIED43CTRL/LLN0$Status","0","1","0"
"10135","200.279209386","ipcas_21:73:17","147","2","174","LIED43PROT/LLN0$Alarm","1","",""
"10136","200.279215616","ipcas_21:73:17","189","2","174","LIED43MEAS/LLN0$Measurement","0","0","0"
"10187","201.291416399","ipcas_21:73:17","150","2","175","LIED43CTRL/LLN0$Status","0","1","0"
"10188","201.291420434","ipcas_21:73:17","147","2","175","LIED43PROT/LLN0$Alarm","1","",""
"10189","201.291421060","ipcas_21:73:17","189","2","175","LIED43MEAS/LLN0$Measurement","0","0","0"
"10240","202.342555086","ipcas_21:73:17","150","2","176","LIED43CTRL/LLN0$Status","0","1","0"
"10241","202.342558964","ipcas_21:73:17","147","2","176","LIED43PROT/LLN0$Alarm","1","",""
"10242","202.342559874","ipcas_21:73:17","189","2","176","LIED43MEAS/LLN0$Measurement","0","0","0"
"10293","203.448257105","ipcas_21:73:17","150","2","177","LIED43CTRL/LLN0$Status","0","1","0"
"10294","203.448264240","ipcas_21:73:17","147","2","177","LIED43PROT/LLN0$Alarm","1","",""
"10295","203.448264880","ipcas_21:73:17","189","2","177","LIED43MEAS/LLN0$Measurement","0","0","0"
"10346","204.493313582","ipcas_21:73:17","150","2","178","LIED43CTRL/LLN0$Status","0","1","0"
"10347","204.493316890","ipcas_21:73:17","147","2","178","LIED43PROT/LLN0$Alarm","1","",""
"10348","204.493317366","ipcas_21:73:17","189","2","178","LIED43MEAS/LLN0$Measurement","0","0","0"
"10399","205.524997527","ipcas_21:73:17","150","2","179","LIED43CTRL/LLN0$Status","0","1","0"
"10400","205.524998486","ipcas_21:73:17","147","2","179","LIED43PROT/LLN0$Alarm","1","",""
"10401","205.524998954","ipcas_21:73:17","189","2","179","LIED43MEAS/LLN0$Measurement","0","0","0"
"10452","206.532631437","ipcas_21:73:17","150","2","180","LIED43CTRL/LLN0$Status","0","1","0"
"10453","206.532794647","ipcas_21:73:17","147","2","180","LIED43PROT/LLN0$Alarm","1","",""
"10454","206.532797725","ipcas_21:73:17","189","2","180","LIED43MEAS/LLN0$Measurement","0","0","0"
"10505","207.925925141","ipcas_21:73:17","150","2","181","LIED43CTRL/LLN0$Status","0","1","0"
"10506","207.925931917","ipcas_21:73:17","147","2","181","LIED43PROT/LLN0$Alarm","1","",""
"10507","207.925932815","ipcas_21:73:17","189","2","181","LIED43MEAS/LLN0$Measurement","0","0","0"
"10558","209.099658606","ipcas_21:73:17","150","2","182","LIED43CTRL/LLN0$Status","0","1","0"
"10559","209.099660455","ipcas_21:73:17","147","2","182","LIED43PROT/LLN0$Alarm","1","",""
"10560","209.099849797","ipcas_21:73:17","189","2","182","LIED43MEAS/LLN0$Measurement","0","0","0"
"10611","210.118663492","ipcas_21:73:17","150","2","183","LIED43CTRL/LLN0$Status","0","1","0"
"10612","210.118665125","ipcas_21:73:17","147","2","183","LIED43PROT/LLN0$Alarm","1","",""
"10613","210.118666206","ipcas_21:73:17","189","2","183","LIED43MEAS/LLN0$Measurement","0","0","0"
"10664","211.138550386","ipcas_21:73:17","150","2","184","LIED43CTRL/LLN0$Status","0","1","0"
"10665","211.138551285","ipcas_21:73:17","147","2","184","LIED43PROT/LLN0$Alarm","1","",""
"10666","211.138552160","ipcas_21:73:17","189","2","184","LIED43MEAS/LLN0$Measurement","0","0","0"
"10717","212.158866484","ipcas_21:73:17","150","2","185","LIED43CTRL/LLN0$Status","0","1","0"
"10718","212.163461257","ipcas_21:73:17","147","2","185","LIED43PROT/LLN0$Alarm","1","",""
"10719","212.163468130","ipcas_21:73:17","189","2","185","LIED43MEAS/LLN0$Measurement","0","0","0"
"10770","213.185446789","ipcas_21:73:17","150","2","186","LIED43CTRL/LLN0$Status","0","1","0"
"10771","213.185452626","ipcas_21:73:17","147","2","186","LIED43PROT/LLN0$Alarm","1","",""
"10772","213.185746160","ipcas_21:73:17","189","2","186","LIED43MEAS/LLN0$Measurement","0","0","0"
"10823","214.217850669","ipcas_21:73:17","150","2","187","LIED43CTRL/LLN0$Status","0","1","0"
"10824","214.218050776","ipcas_21:73:17","147","2","187","LIED43PROT/LLN0$Alarm","1","",""
"10825","214.218115724","ipcas_21:73:17","189","2","187","LIED43MEAS/LLN0$Measurement","0","0","0"
"10876","215.244262913","ipcas_21:73:17","150","2","188","LIED43CTRL/LLN0$Status","0","1","0"
"10877","215.244268151","ipcas_21:73:17","147","2","188","LIED43PROT/LLN0$Alarm","1","",""
"10878","215.244269174","ipcas_21:73:17","189","2","188","LIED43MEAS/LLN0$Measurement","0","0","0"
"10929","216.270558855","ipcas_21:73:17","150","2","189","LIED43CTRL/LLN0$Status","0","1","0"
"10930","216.270559774","ipcas_21:73:17","147","2","189","LIED43PROT/LLN0$Alarm","1","",""
"10931","216.270560576","ipcas_21:73:17","189","2","189","LIED43MEAS/LLN0$Measurement","0","0","0"
"10982","217.291072469","ipcas_21:73:17","150","2","190","LIED43CTRL/LLN0$Status","0","1","0"
"10983","217.291073254","ipcas_21:73:17","147","2","190","LIED43PROT/LLN0$Alarm","1","",""
"10984","217.291074658","ipcas_21:73:17","189","2","190","LIED43MEAS/LLN0$Measurement","0","0","0"
"11035","218.314291810","ipcas_21:73:17","150","2","191","LIED43CTRL/LLN0$Status","0","1","0"
"11036","218.314297894","ipcas_21:73:17","147","2","191","LIED43PROT/LLN0$Alarm","1","",""
"11037","218.314299167","ipcas_21:73:17","189","2","191","LIED43MEAS/LLN0$Measurement","0","0","0"
"11088","219.342189143","ipcas_21:73:17","150","2","192","LIED43CTRL/LLN0$Status","0","1","0"
"11089","219.342194886","ipcas_21:73:17","147","2","192","LIED43PROT/LLN0$Alarm","1","",""
"11090","219.342574662","ipcas_21:73:17","189","2","192","LIED43MEAS/LLN0$Measurement","0","0","0"
"11145","220.366818722","ipcas_21:73:17","150","2","193","LIED43CTRL/LLN0$Status","0","1","0"
"11146","220.366825571","ipcas_21:73:17","147","2","193","LIED43PROT/LLN0$Alarm","1","",""
"11147","220.366827124","ipcas_21:73:17","189","2","193","LIED43MEAS/LLN0$Measurement","0","0","0"
"11204","221.390074121","ipcas_21:73:17","150","2","194","LIED43CTRL/LLN0$Status","0","1","0"
"11205","221.390074893","ipcas_21:73:17","147","2","194","LIED43PROT/LLN0$Alarm","1","",""
"11206","221.390075253","ipcas_21:73:17","189","2","194","LIED43MEAS/LLN0$Measurement","0","0","0"
"11262","222.412196557","ipcas_21:73:17","150","2","195","LIED43CTRL/LLN0$Status","0","1","0"
"11263","222.412197157","ipcas_21:73:17","147","2","195","LIED43PROT/LLN0$Alarm","1","",""
"11264","222.412197842","ipcas_21:73:17","189","2","195","LIED43MEAS/LLN0$Measurement","0","0","0"
"11317","223.444890938","ipcas_21:73:17","150","2","196","LIED43CTRL/LLN0$Status","0","1","0"
"11318","223.444897194","ipcas_21:73:17","147","2","196","LIED43PROT/LLN0$Alarm","1","",""
"11319","223.447030150","ipcas_21:73:17","189","2","196","LIED43MEAS/LLN0$Measurement","0","0","0"
"11371","224.473817586","ipcas_21:73:17","150","2","197","LIED43CTRL/LLN0$Status","0","1","0"
"11372","224.473825885","ipcas_21:73:17","147","2","197","LIED43PROT/LLN0$Alarm","1","",""
"11373","224.474583762","ipcas_21:73:17","189","2","197","LIED43MEAS/LLN0$Measurement","0","0","0"
"11426","225.499157128","ipcas_21:73:17","150","2","198","LIED43CTRL/LLN0$Status","0","1","0"
"11427","225.499158003","ipcas_21:73:17","147","2","198","LIED43PROT/LLN0$Alarm","1","",""
"11428","225.499388012","ipcas_21:73:17","189","2","198","LIED43MEAS/LLN0$Measurement","0","0","0"
"11479","226.520593015","ipcas_21:73:17","150","2","199","LIED43CTRL/LLN0$Status","0","1","0"
"11480","226.520599633","ipcas_21:73:17","147","2","199","LIED43PROT/LLN0$Alarm","1","",""
"11481","226.520601306","ipcas_21:73:17","189","2","199","LIED43MEAS/LLN0$Measurement","0","0","0"
"11532","227.546265547","ipcas_21:73:17","150","2","200","LIED43CTRL/LLN0$Status","0","1","0"
"11533","227.546266030","ipcas_21:73:17","147","2","200","LIED43PROT/LLN0$Alarm","1","",""
"11534","227.546266406","ipcas_21:73:17","189","2","200","LIED43MEAS/LLN0$Measurement","0","0","0"
"11586","228.568910277","ipcas_21:73:17","150","2","201","LIED43CTRL/LLN0$Status","0","1","0"
"11587","228.568917670","ipcas_21:73:17","147","2","201","LIED43PROT/LLN0$Alarm","1","",""
"11588","228.568918436","ipcas_21:73:17","189","2","201","LIED43MEAS/LLN0$Measurement","0","0","0"
"11640","229.584638550","ipcas_21:73:17","150","2","202","LIED43CTRL/LLN0$Status","0","1","0"
"11641","229.584642496","ipcas_21:73:17","147","2","202","LIED43PROT/LLN0$Alarm","1","",""
"11642","229.585403870","ipcas_21:73:17","189","2","202","LIED43MEAS/LLN0$Measurement","0","0","0"
"11694","230.607562590","ipcas_21:73:17","150","2","203","LIED43CTRL/LLN0$Status","0","1","0"
"11695","230.607563086","ipcas_21:73:17","147","2","203","LIED43PROT/LLN0$Alarm","1","",""
"11696","230.607563632","ipcas_21:73:17","189","2","203","LIED43MEAS/LLN0$Measurement","0","0","0"
"11747","231.632305608","ipcas_21:73:17","150","2","204","LIED43CTRL/LLN0$Status","0","1","0"
"11748","231.632312872","ipcas_21:73:17","147","2","204","LIED43PROT/LLN0$Alarm","1","",""
"11749","231.632313629","ipcas_21:73:17","189","2","204","LIED43MEAS/LLN0$Measurement","0","0","0"
"11800","232.658623666","ipcas_21:73:17","150","2","205","LIED43CTRL/LLN0$Status","0","1","0"
"11801","232.658876199","ipcas_21:73:17","147","2","205","LIED43PROT/LLN0$Alarm","1","",""
"11802","232.659267888","ipcas_21:73:17","189","2","205","LIED43MEAS/LLN0$Measurement","0","0","0"
"11853","233.687550030","ipcas_21:73:17","150","2","206","LIED43CTRL/LLN0$Status","0","1","0"
"11854","233.687704248","ipcas_21:73:17","147","2","206","LIED43PROT/LLN0$Alarm","1","",""
"11855","233.687719846","ipcas_21:73:17","189","2","206","LIED43MEAS/LLN0$Measurement","0","0","0"
"11906","234.715855520","ipcas_21:73:17","150","2","207","LIED43CTRL/LLN0$Status","0","1","0"
"11907","234.716190986","ipcas_21:73:17","147","2","207","LIED43PROT/LLN0$Alarm","1","",""
"11908","234.716195333","ipcas_21:73:17","189","2","207","LIED43MEAS/LLN0$Measurement","0","0","0"
"11959","235.745946258","ipcas_21:73:17","150","2","208","LIED43CTRL/LLN0$Status","0","1","0"
"11960","235.746889123","ipcas_21:73:17","147","2","208","LIED43PROT/LLN0$Alarm","1","",""
"11961","235.746896252","ipcas_21:73:17","189","2","208","LIED43MEAS/LLN0$Measurement","0","0","0"
"12013","236.770485446","ipcas_21:73:17","150","2","209","LIED43CTRL/LLN0$Status","0","1","0"
"12014","236.771386355","ipcas_21:73:17","147","2","209","LIED43PROT/LLN0$Alarm","1","",""
"12015","236.771391978","ipcas_21:73:17","189","2","209","LIED43MEAS/LLN0$Measurement","0","0","0"
"12066","237.782502163","ipcas_21:73:17","150","2","210","LIED43CTRL/LLN0$Status","0","1","0"
"12067","237.782506137","ipcas_21:73:17","147","2","210","LIED43PROT/LLN0$Alarm","1","",""
"12068","237.782507364","ipcas_21:73:17","189","2","210","LIED43MEAS/LLN0$Measurement","0","0","0"
"12116","238.841524459","ipcas_21:73:17","150","2","211","LIED43CTRL/LLN0$Status","0","1","0"
"12117","238.841525336","ipcas_21:73:17","147","2","211","LIED43PROT/LLN0$Alarm","1","",""
"12118","238.841525852","ipcas_21:73:17","189","2","211","LIED43MEAS/LLN0$Measurement","0","0","0"
"12172","239.879185883","ipcas_21:73:17","150","2","212","LIED43CTRL/LLN0$Status","0","1","0"
"12173","239.879833542","ipcas_21:73:17","147","2","212","LIED43PROT/LLN0$Alarm","1","",""
"12174","239.879837220","ipcas_21:73:17","189","2","212","LIED43MEAS/LLN0$Measurement","0","0","0"
"12225","240.930433540","ipcas_21:73:17","150","2","213","LIED43CTRL/LLN0$Status","0","1","0"
"12226","240.930963302","ipcas_21:73:17","147","2","213","LIED43PROT/LLN0$Alarm","1","",""
"12227","240.930967061","ipcas_21:73:17","189","2","213","LIED43MEAS/LLN0$Measurement","0","0","0"
"12278","241.969006140","ipcas_21:73:17","150","2","214","LIED43CTRL/LLN0$Status","0","1","0"
"12279","241.969006483","ipcas_21:73:17","147","2","214","LIED43PROT/LLN0$Alarm","1","",""
"12280","241.969006959","ipcas_21:73:17","189","2","214","LIED43MEAS/LLN0$Measurement","0","0","0"
"12328","242.989211347","ipcas_21:73:17","150","2","215","LIED43CTRL/LLN0$Status","0","1","0"
"12332","242.989213576","ipcas_21:73:17","147","2","215","LIED43PROT/LLN0$Alarm","1","",""
"12333","242.989214231","ipcas_21:73:17","189","2","215","LIED43MEAS/LLN0$Measurement","0","0","0"
"12384","244.026563501","ipcas_21:73:17","150","2","216","LIED43CTRL/LLN0$Status","0","1","0"
"12385","244.026567711","ipcas_21:73:17","147","2","216","LIED43PROT/LLN0$Alarm","1","",""
"12386","244.026568386","ipcas_21:73:17","189","2","216","LIED43MEAS/LLN0$Measurement","0","0","0"
"12429","245.050250870","ipcas_21:73:17","150","2","217","LIED43CTRL/LLN0$Status","0","1","0"
"12430","245.050252510","ipcas_21:73:17","147","2","217","LIED43PROT/LLN0$Alarm","1","",""
"12431","245.050255978","ipcas_21:73:17","189","2","217","LIED43MEAS/LLN0$Measurement","0","0","0"
"12467","246.083223094","ipcas_21:73:17","150","2","218","LIED43CTRL/LLN0$Status","0","1","0"
"12468","246.083223581","ipcas_21:73:17","147","2","218","LIED43PROT/LLN0$Alarm","1","",""
"12469","246.083224089","ipcas_21:73:17","189","2","218","LIED43MEAS/LLN0$Measurement","0","0","0"
"12514","247.101723337","ipcas_21:73:17","150","2","219","LIED43CTRL/LLN0$Status","0","1","0"
"12515","247.101725384","ipcas_21:73:17","147","2","219","LIED43PROT/LLN0$Alarm","1","",""
"12516","247.101725897","ipcas_21:73:17","189","2","219","LIED43MEAS/LLN0$Measurement","0","0","0"
"12567","248.124953493","ipcas_21:73:17","150","2","220","LIED43CTRL/LLN0$Status","0","1","0"
"12568","248.124957138","ipcas_21:73:17","147","2","220","LIED43PROT/LLN0$Alarm","1","",""
"12569","248.125522877","ipcas_21:73:17","189","2","220","LIED43MEAS/LLN0$Measurement","0","0","0"
"12620","249.173719935","ipcas_21:73:17","150","2","221","LIED43CTRL/LLN0$Status","0","1","0"
"12621","249.173722982","ipcas_21:73:17","147","2","221","LIED43PROT/LLN0$Alarm","1","",""
"12622","249.173724318","ipcas_21:73:17","189","2","221","LIED43MEAS/LLN0$Measurement","0","0","0"
"12673","250.197317324","ipcas_21:73:17","150","2","222","LIED43CTRL/LLN0$Status","0","1","0"
"12674","250.197323458","ipcas_21:73:17","147","2","222","LIED43PROT/LLN0$Alarm","1","",""
"12675","250.197324675","ipcas_21:73:17","189","2","222","LIED43MEAS/LLN0$Measurement","0","0","0"
"12726","251.216263668","ipcas_21:73:17","150","2","223","LIED43CTRL/LLN0$Status","0","1","0"
"12727","251.216264634","ipcas_21:73:17","147","2","223","LIED43PROT/LLN0$Alarm","1","",""
"12728","251.216265719","ipcas_21:73:17","189","2","223","LIED43MEAS/LLN0$Measurement","0","0","0"
"12780","252.261606917","ipcas_21:73:17","150","2","224","LIED43CTRL/LLN0$Status","0","1","0"
"12781","252.261616492","ipcas_21:73:17","147","2","224","LIED43PROT/LLN0$Alarm","1","",""
"12782","252.261617168","ipcas_21:73:17","189","2","224","LIED43MEAS/LLN0$Measurement","0","0","0"
"12833","253.273436244","ipcas_21:73:17","150","2","225","LIED43CTRL/LLN0$Status","0","1","0"
"12834","253.273437170","ipcas_21:73:17","147","2","225","LIED43PROT/LLN0$Alarm","1","",""
"12835","253.273438570","ipcas_21:73:17","189","2","225","LIED43MEAS/LLN0$Measurement","0","0","0"
"12886","254.293301741","ipcas_21:73:17","150","2","226","LIED43CTRL/LLN0$Status","0","1","0"
"12887","254.293307283","ipcas_21:73:17","147","2","226","LIED43PROT/LLN0$Alarm","1","",""
"12888","254.293307905","ipcas_21:73:17","189","2","226","LIED43MEAS/LLN0$Measurement","0","0","0"
"12939","255.317022628","ipcas_21:73:17","150","2","227","LIED43CTRL/LLN0$Status","0","1","0"
"12940","255.317029109","ipcas_21:73:17","147","2","227","LIED43PROT/LLN0$Alarm","1","",""
"12941","255.317029894","ipcas_21:73:17","189","2","227","LIED43MEAS/LLN0$Measurement","0","0","0"
"12992","256.339024019","ipcas_21:73:17","150","2","228","LIED43CTRL/LLN0$Status","0","1","0"
"12993","256.339028146","ipcas_21:73:17","147","2","228","LIED43PROT/LLN0$Alarm","1","",""
"12994","256.339028701","ipcas_21:73:17","189","2","228","LIED43MEAS/LLN0$Measurement","0","0","0"
"13045","257.364929108","ipcas_21:73:17","150","2","229","LIED43CTRL/LLN0$Status","0","1","0"
"13046","257.364935526","ipcas_21:73:17","147","2","229","LIED43PROT/LLN0$Alarm","1","",""
"13047","257.364936725","ipcas_21:73:17","189","2","229","LIED43MEAS/LLN0$Measurement","0","0","0"
"13101","258.384827407","ipcas_21:73:17","150","2","230","LIED43CTRL/LLN0$Status","0","1","0"
"13102","258.384828202","ipcas_21:73:17","147","2","230","LIED43PROT/LLN0$Alarm","1","",""
"13103","258.384829322","ipcas_21:73:17","189","2","230","LIED43MEAS/LLN0$Measurement","0","0","0"
"13164","259.437365626","ipcas_21:73:17","150","2","231","LIED43CTRL/LLN0$Status","0","1","0"
"13165","259.437366315","ipcas_21:73:17","147","2","231","LIED43PROT/LLN0$Alarm","1","",""
"13166","259.437367241","ipcas_21:73:17","189","2","231","LIED43MEAS/LLN0$Measurement","0","0","0"
"13234","260.460945727","ipcas_21:73:17","150","2","232","LIED43CTRL/LLN0$Status","0","1","0"
"13235","260.460952607","ipcas_21:73:17","147","2","232","LIED43PROT/LLN0$Alarm","1","",""
"13236","260.460953966","ipcas_21:73:17","189","2","232","LIED43MEAS/LLN0$Measurement","0","0","0"
"13308","261.502238499","ipcas_21:73:17","150","2","233","LIED43CTRL/LLN0$Status","0","1","0"
"13309","261.502321035","ipcas_21:73:17","147","2","233","LIED43PROT/LLN0$Alarm","1","",""
"13310","261.502324284","ipcas_21:73:17","189","2","233","LIED43MEAS/LLN0$Measurement","0","0","0"
"13379","262.527933619","ipcas_21:73:17","150","2","234","LIED43CTRL/LLN0$Status","0","1","0"
"13380","262.527937482","ipcas_21:73:17","147","2","234","LIED43PROT/LLN0$Alarm","1","",""
"13381","262.527938931","ipcas_21:73:17","189","2","234","LIED43MEAS/LLN0$Measurement","0","0","0"
"13438","263.549834229","ipcas_21:73:17","150","2","235","LIED43CTRL/LLN0$Status","0","1","0"
"13439","263.549836461","ipcas_21:73:17","147","2","235","LIED43PROT/LLN0$Alarm","1","",""
"13440","263.549837266","ipcas_21:73:17","189","2","235","LIED43MEAS/LLN0$Measurement","0","0","0"
"13496","264.560067607","ipcas_21:73:17","150","2","236","LIED43CTRL/LLN0$Status","0","1","0"
"13497","264.560071637","ipcas_21:73:17","147","2","236","LIED43PROT/LLN0$Alarm","1","",""
"13499","264.560471424","ipcas_21:73:17","189","2","236","LIED43MEAS/LLN0$Measurement","0","0","0"
"13557","265.627141760","ipcas_21:73:17","150","2","237","LIED43CTRL/LLN0$Status","0","1","0"
"13558","265.627142314","ipcas_21:73:17","147","2","237","LIED43PROT/LLN0$Alarm","1","",""
"13559","265.627142721","ipcas_21:73:17","189","2","237","LIED43MEAS/LLN0$Measurement","0","0","0"
"13618","266.629794947","ipcas_21:73:17","150","2","238","LIED43CTRL/LLN0$Status","0","1","0"
"13619","266.629799307","ipcas_21:73:17","147","2","238","LIED43PROT/LLN0$Alarm","1","",""
"13620","266.630131673","ipcas_21:73:17","189","2","238","LIED43MEAS/LLN0$Measurement","0","0","0"
"13680","267.651906346","ipcas_21:73:17","150","2","239","LIED43CTRL/LLN0$Status","0","1","0"
"13681","267.651907254","ipcas_21:73:17","147","2","239","LIED43PROT/LLN0$Alarm","1","",""
"13682","267.651908227","ipcas_21:73:17","189","2","239","LIED43MEAS/LLN0$Measurement","0","0","0"
"13739","268.695052913","ipcas_21:73:17","150","2","240","LIED43CTRL/LLN0$Status","0","1","0"
"13740","268.695053343","ipcas_21:73:17","147","2","240","LIED43PROT/LLN0$Alarm","1","",""
"13741","268.695053679","ipcas_21:73:17","189","2","240","LIED43MEAS/LLN0$Measurement","0","0","0"
"13794","269.744460231","ipcas_21:73:17","150","2","241","LIED43CTRL/LLN0$Status","0","1","0"
"13795","269.744463800","ipcas_21:73:17","147","2","241","LIED43PROT/LLN0$Alarm","1","",""
"13796","269.744464523","ipcas_21:73:17","189","2","241","LIED43MEAS/LLN0$Measurement","0","0","0"
"13849","270.769287765","ipcas_21:73:17","150","2","242","LIED43CTRL/LLN0$Status","0","1","0"
"13850","270.769291985","ipcas_21:73:17","147","2","242","LIED43PROT/LLN0$Alarm","1","",""
"13851","270.769292620","ipcas_21:73:17","189","2","242","LIED43MEAS/LLN0$Measurement","0","0","0"
"13904","271.791573260","ipcas_21:73:17","150","2","243","LIED43CTRL/LLN0$Status","0","1","0"
"13905","271.791575761","ipcas_21:73:17","147","2","243","LIED43PROT/LLN0$Alarm","1","",""
"13906","271.791576761","ipcas_21:73:17","189","2","243","LIED43MEAS/LLN0$Measurement","0","0","0"
"13957","272.814317762","ipcas_21:73:17","150","2","244","LIED43CTRL/LLN0$Status","0","1","0"
"13958","272.814324999","ipcas_21:73:17","147","2","244","LIED43PROT/LLN0$Alarm","1","",""
"13959","272.814326252","ipcas_21:73:17","189","2","244","LIED43MEAS/LLN0$Measurement","0","0","0"
"14011","273.843830668","ipcas_21:73:17","150","2","245","LIED43CTRL/LLN0$Status","0","1","0"
"14012","273.843838750","ipcas_21:73:17","147","2","245","LIED43PROT/LLN0$Alarm","1","",""
"14013","273.844216033","ipcas_21:73:17","189","2","245","LIED43MEAS/LLN0$Measurement","0","0","0"
"14067","274.873466346","ipcas_21:73:17","150","2","246","LIED43CTRL/LLN0$Status","0","1","0"
"14068","274.874985401","ipcas_21:73:17","147","2","246","LIED43PROT/LLN0$Alarm","1","",""
"14069","274.874992170","ipcas_21:73:17","189","2","246","LIED43MEAS/LLN0$Measurement","0","0","0"
"14123","275.892611517","ipcas_21:73:17","150","2","247","LIED43CTRL/LLN0$Status","0","1","0"
"14124","275.892615699","ipcas_21:73:17","147","2","247","LIED43PROT/LLN0$Alarm","1","",""
"14125","275.892616281","ipcas_21:73:17","189","2","247","LIED43MEAS/LLN0$Measurement","0","0","0"
"14177","276.917825037","ipcas_21:73:17","150","2","248","LIED43CTRL/LLN0$Status","0","1","0"
"14178","276.917825944","ipcas_21:73:17","147","2","248","LIED43PROT/LLN0$Alarm","1","",""
"14179","276.917826775","ipcas_21:73:17","189","2","248","LIED43MEAS/LLN0$Measurement","0","0","0"
"14234","277.943850638","ipcas_21:73:17","150","2","249","LIED43CTRL/LLN0$Status","0","1","0"
"14235","277.943859762","ipcas_21:73:17","147","2","249","LIED43PROT/LLN0$Alarm","1","",""
"14236","277.943861331","ipcas_21:73:17","189","2","249","LIED43MEAS/LLN0$Measurement","0","0","0"
"14291","278.977546832","ipcas_21:73:17","150","2","250","LIED43CTRL/LLN0$Status","0","1","0"
"14292","278.977557433","ipcas_21:73:17","147","2","250","LIED43PROT/LLN0$Alarm","1","",""
"14293","278.977559130","ipcas_21:73:17","189","2","250","LIED43MEAS/LLN0$Measurement","0","0","0"
"14365","279.987974125","ipcas_21:73:17","150","2","251","LIED43CTRL/LLN0$Status","0","1","0"
"14366","279.987974491","ipcas_21:73:17","147","2","251","LIED43PROT/LLN0$Alarm","1","",""
"14367","279.987975052","ipcas_21:73:17","189","2","251","LIED43MEAS/LLN0$Measurement","0","0","0"
"14432","281.030027634","ipcas_21:73:17","150","2","252","LIED43CTRL/LLN0$Status","0","1","0"
"14433","281.030032290","ipcas_21:73:17","147","2","252","LIED43PROT/LLN0$Alarm","1","",""
"14434","281.030033420","ipcas_21:73:17","189","2","252","LIED43MEAS/LLN0$Measurement","0","0","0"
"14491","282.051610070","ipcas_21:73:17","150","2","253","LIED43CTRL/LLN0$Status","0","1","0"
"14492","282.051611127","ipcas_21:73:17","147","2","253","LIED43PROT/LLN0$Alarm","1","",""
"14493","282.051611952","ipcas_21:73:17","189","2","253","LIED43MEAS/LLN0$Measurement","0","0","0"
"14557","283.074636430","ipcas_21:73:17","150","2","254","LIED43CTRL/LLN0$Status","0","1","0"
"14558","283.074637794","ipcas_21:73:17","147","2","254","LIED43PROT/LLN0$Alarm","1","",""
"14559","283.074638469","ipcas_21:73:17","189","2","254","LIED43MEAS/LLN0$Measurement","0","0","0"
"14638","284.104308048","ipcas_21:73:17","150","2","255","LIED43CTRL/LLN0$Status","0","1","0"
"14639","284.104316380","ipcas_21:73:17","147","2","255","LIED43PROT/LLN0$Alarm","1","",""
"14640","284.104317533","ipcas_21:73:17","189","2","255","LIED43MEAS/LLN0$Measurement","0","0","0"
"14730","285.130787882","ipcas_21:73:17","150","2","256","LIED43CTRL/LLN0$Status","0","1","0"
"14731","285.130789201","ipcas_21:73:17","147","2","256","LIED43PROT/LLN0$Alarm","1","",""
"14732","285.130794182","ipcas_21:73:17","189","2","256","LIED43MEAS/LLN0$Measurement","0","0","0"
"14798","286.152201148","ipcas_21:73:17","150","2","257","LIED43CTRL/LLN0$Status","0","1","0"
"14799","286.152207617","ipcas_21:73:17","147","2","257","LIED43PROT/LLN0$Alarm","1","",""
"14800","286.152208750","ipcas_21:73:17","189","2","257","LIED43MEAS/LLN0$Measurement","0","0","0"
"14858","287.206277273","ipcas_21:73:17","150","2","258","LIED43CTRL/LLN0$Status","0","1","0"
"14859","287.206277633","ipcas_21:73:17","147","2","258","LIED43PROT/LLN0$Alarm","1","",""
"14860","287.206278041","ipcas_21:73:17","189","2","258","LIED43MEAS/LLN0$Measurement","0","0","0"
"14917","288.216384310","ipcas_21:73:17","150","2","259","LIED43CTRL/LLN0$Status","0","1","0"
"14918","288.216386202","ipcas_21:73:17","147","2","259","LIED43PROT/LLN0$Alarm","1","",""
"14919","288.216386680","ipcas_21:73:17","189","2","259","LIED43MEAS/LLN0$Measurement","0","0","0"
"14976","289.234854285","ipcas_21:73:17","150","2","260","LIED43CTRL/LLN0$Status","0","1","0"
"14977","289.234855759","ipcas_21:73:17","147","2","260","LIED43PROT/LLN0$Alarm","1","",""
"14978","289.236888058","ipcas_21:73:17","189","2","260","LIED43MEAS/LLN0$Measurement","0","0","0"
"15030","290.259814740","ipcas_21:73:17","150","2","261","LIED43CTRL/LLN0$Status","0","1","0"
"15031","290.259823530","ipcas_21:73:17","147","2","261","LIED43PROT/LLN0$Alarm","1","",""
"15032","290.259824736","ipcas_21:73:17","189","2","261","LIED43MEAS/LLN0$Measurement","0","0","0"
"15086","291.265236565","ipcas_21:73:17","150","2","262","LIED43CTRL/LLN0$Status","0","1","0"
"15087","291.265239648","ipcas_21:73:17","147","2","262","LIED43PROT/LLN0$Alarm","1","",""
"15088","291.265240212","ipcas_21:73:17","189","2","262","LIED43MEAS/LLN0$Measurement","0","0","0"
"15141","292.302895100","ipcas_21:73:17","150","2","263","LIED43CTRL/LLN0$Status","0","1","0"
"15142","292.302896169","ipcas_21:73:17","147","2","263","LIED43PROT/LLN0$Alarm","1","",""
"15143","292.302897124","ipcas_21:73:17","189","2","263","LIED43MEAS/LLN0$Measurement","0","0","0"
"15200","293.357585541","ipcas_21:73:17","150","2","264","LIED43CTRL/LLN0$Status","0","1","0"
"15201","293.357586618","ipcas_21:73:17","147","2","264","LIED43PROT/LLN0$Alarm","1","",""
"15202","293.357587148","ipcas_21:73:17","189","2","264","LIED43MEAS/LLN0$Measurement","0","0","0"
"15256","294.379600091","ipcas_21:73:17","150","2","265","LIED43CTRL/LLN0$Status","0","1","0"
"15257","294.379600901","ipcas_21:73:17","147","2","265","LIED43PROT/LLN0$Alarm","1","",""
"15258","294.379601758","ipcas_21:73:17","189","2","265","LIED43MEAS/LLN0$Measurement","0","0","0"
"15311","295.402474577","ipcas_21:73:17","150","2","266","LIED43CTRL/LLN0$Status","0","1","0"
"15312","295.402478894","ipcas_21:73:17","147","2","266","LIED43PROT/LLN0$Alarm","1","",""
"15313","295.402637897","ipcas_21:73:17","189","2","266","LIED43MEAS/LLN0$Measurement","0","0","0"
"15365","296.415669971","ipcas_21:73:17","150","2","267","LIED43CTRL/LLN0$Status","0","1","0"
"15366","296.415673751","ipcas_21:73:17","147","2","267","LIED43PROT/LLN0$Alarm","1","",""
"15367","296.415674601","ipcas_21:73:17","189","2","267","LIED43MEAS/LLN0$Measurement","0","0","0"
"15420","297.440370113","ipcas_21:73:17","150","2","268","LIED43CTRL/LLN0$Status","0","1","0"
"15421","297.440370546","ipcas_21:73:17","147","2","268","LIED43PROT/LLN0$Alarm","1","",""
"15422","297.440370982","ipcas_21:73:17","189","2","268","LIED43MEAS/LLN0$Measurement","0","0","0"
"15476","298.459870233","ipcas_21:73:17","150","2","269","LIED43CTRL/LLN0$Status","0","1","0"
"15477","298.459875377","ipcas_21:73:17","147","2","269","LIED43PROT/LLN0$Alarm","1","",""
"15478","298.459875989","ipcas_21:73:17","189","2","269","LIED43MEAS/LLN0$Measurement","0","0","0"
"15530","299.481434355","ipcas_21:73:17","150","2","270","LIED43CTRL/LLN0$Status","0","1","0"
"15531","299.481446659","ipcas_21:73:17","147","2","270","LIED43PROT/LLN0$Alarm","1","",""
"15532","299.481873457","ipcas_21:73:17","189","2","270","LIED43MEAS/LLN0$Measurement","0","0","0"
"15584","300.513548060","ipcas_21:73:17","150","2","271","LIED43CTRL/LLN0$Status","0","1","0"
"15585","300.513549663","ipcas_21:73:17","147","2","271","LIED43PROT/LLN0$Alarm","1","",""
"15586","300.513551036","ipcas_21:73:17","189","2","271","LIED43MEAS/LLN0$Measurement","0","0","0"
"15643","301.544315557","ipcas_21:73:17","150","2","272","LIED43CTRL/LLN0$Status","0","1","0"
"15644","301.544323813","ipcas_21:73:17","147","2","272","LIED43PROT/LLN0$Alarm","1","",""
"15645","301.544326045","ipcas_21:73:17","189","2","272","LIED43MEAS/LLN0$Measurement","0","0","0"
"15697","302.567433465","ipcas_21:73:17","150","2","273","LIED43CTRL/LLN0$Status","0","1","0"
"15698","302.567433943","ipcas_21:73:17","147","2","273","LIED43PROT/LLN0$Alarm","1","",""
"15699","302.567434888","ipcas_21:73:17","189","2","273","LIED43MEAS/LLN0$Measurement","0","0","0"
"15775","303.590657492","ipcas_21:73:17","150","2","274","LIED43CTRL/LLN0$Status","0","1","0"
"15776","303.590662786","ipcas_21:73:17","147","2","274","LIED43PROT/LLN0$Alarm","1","",""
"15777","303.590664180","ipcas_21:73:17","189","2","274","LIED43MEAS/LLN0$Measurement","0","0","0"
"15857","304.603277019","ipcas_21:73:17","150","2","275","LIED43CTRL/LLN0$Status","0","1","0"
"15858","304.603282265","ipcas_21:73:17","147","2","275","LIED43PROT/LLN0$Alarm","1","",""
"15859","304.603283136","ipcas_21:73:17","189","2","275","LIED43MEAS/LLN0$Measurement","0","0","0"
"15936","305.624015391","ipcas_21:73:17","150","2","276","LIED43CTRL/LLN0$Status","0","1","0"
"15937","305.624019820","ipcas_21:73:17","147","2","276","LIED43PROT/LLN0$Alarm","1","",""
"15938","305.624021245","ipcas_21:73:17","189","2","276","LIED43MEAS/LLN0$Measurement","0","0","0"
"16028","306.642846153","ipcas_21:73:17","150","2","277","LIED43CTRL/LLN0$Status","0","1","0"
"16029","306.642851167","ipcas_21:73:17","147","2","277","LIED43PROT/LLN0$Alarm","1","",""
"16030","306.642852278","ipcas_21:73:17","189","2","277","LIED43MEAS/LLN0$Measurement","0","0","0"
"16103","307.663876504","ipcas_21:73:17","150","2","278","LIED43CTRL/LLN0$Status","0","1","0"
"16104","307.663883950","ipcas_21:73:17","147","2","278","LIED43PROT/LLN0$Alarm","1","",""
"16105","307.663885454","ipcas_21:73:17","189","2","278","LIED43MEAS/LLN0$Measurement","0","0","0"
"16162","308.704386112","ipcas_21:73:17","150","2","279","LIED43CTRL/LLN0$Status","0","1","0"
"16163","308.704390543","ipcas_21:73:17","147","2","279","LIED43PROT/LLN0$Alarm","1","",""
"16164","308.704391348","ipcas_21:73:17","189","2","279","LIED43MEAS/LLN0$Measurement","0","0","0"
"16224","309.695147966","ipcas_21:73:17","150","2","280","LIED43CTRL/LLN0$Status","0","1","0"
"16225","309.695154862","ipcas_21:73:17","147","2","280","LIED43PROT/LLN0$Alarm","1","",""
"16226","309.695156760","ipcas_21:73:17","189","2","280","LIED43MEAS/LLN0$Measurement","0","0","0"
"16285","310.727810784","ipcas_21:73:17","150","2","281","LIED43CTRL/LLN0$Status","0","1","0"
"16286","310.727815732","ipcas_21:73:17","147","2","281","LIED43PROT/LLN0$Alarm","1","",""
"16287","310.727816431","ipcas_21:73:17","189","2","281","LIED43MEAS/LLN0$Measurement","0","0","0"
"16349","311.757789096","ipcas_21:73:17","150","2","282","LIED43CTRL/LLN0$Status","0","1","0"
"16350","311.757789468","ipcas_21:73:17","147","2","282","LIED43PROT/LLN0$Alarm","1","",""
"16351","311.757790028","ipcas_21:73:17","189","2","282","LIED43MEAS/LLN0$Measurement","0","0","0"
"16414","313.112521639","ipcas_21:73:17","150","2","283","LIED43CTRL/LLN0$Status","0","1","0"
"16415","313.112524455","ipcas_21:73:17","147","2","283","LIED43PROT/LLN0$Alarm","1","",""
"16416","313.112525052","ipcas_21:73:17","189","2","283","LIED43MEAS/LLN0$Measurement","0","0","0"
"16472","314.132667059","ipcas_21:73:17","150","2","284","LIED43CTRL/LLN0$Status","0","1","0"
"16473","314.132672137","ipcas_21:73:17","147","2","284","LIED43PROT/LLN0$Alarm","1","",""
"16474","314.132673210","ipcas_21:73:17","189","2","284","LIED43MEAS/LLN0$Measurement","0","0","0"
"16529","315.158226372","ipcas_21:73:17","150","2","285","LIED43CTRL/LLN0$Status","0","1","0"
"16530","315.158233572","ipcas_21:73:17","147","2","285","LIED43PROT/LLN0$Alarm","1","",""
"16531","315.158234829","ipcas_21:73:17","189","2","285","LIED43MEAS/LLN0$Measurement","0","0","0"
"16590","316.184464201","ipcas_21:73:17","150","2","286","LIED43CTRL/LLN0$Status","0","1","0"
"16591","316.184472317","ipcas_21:73:17","147","2","286","LIED43PROT/LLN0$Alarm","1","",""
"16592","316.184473395","ipcas_21:73:17","189","2","286","LIED43MEAS/LLN0$Measurement","0","0","0"
"16645","317.205679938","ipcas_21:73:17","150","2","287","LIED43CTRL/LLN0$Status","0","1","0"
"16646","317.205686944","ipcas_21:73:17","147","2","287","LIED43PROT/LLN0$Alarm","1","",""
"16647","317.205688287","ipcas_21:73:17","189","2","287","LIED43MEAS/LLN0$Measurement","0","0","0"
"16699","318.216335551","ipcas_21:73:17","150","2","288","LIED43CTRL/LLN0$Status","0","1","0"
"16700","318.216337296","ipcas_21:73:17","147","2","288","LIED43PROT/LLN0$Alarm","1","",""
"16701","318.216338091","ipcas_21:73:17","189","2","288","LIED43MEAS/LLN0$Measurement","0","0","0"
"16754","319.247361477","ipcas_21:73:17","150","2","289","LIED43CTRL/LLN0$Status","0","1","0"
"16755","319.247369562","ipcas_21:73:17","147","2","289","LIED43PROT/LLN0$Alarm","1","",""
"16756","319.247703096","ipcas_21:73:17","189","2","289","LIED43MEAS/LLN0$Measurement","0","0","0"
"16814","320.258439580","ipcas_21:73:17","150","2","290","LIED43CTRL/LLN0$Status","0","1","0"
"16815","320.258443762","ipcas_21:73:17","147","2","290","LIED43PROT/LLN0$Alarm","1","",""
"16816","320.258444151","ipcas_21:73:17","189","2","290","LIED43MEAS/LLN0$Measurement","0","0","0"
"16902","321.287857506","ipcas_21:73:17","150","2","291","LIED43CTRL/LLN0$Status","0","1","0"
"16903","321.288224061","ipcas_21:73:17","147","2","291","LIED43PROT/LLN0$Alarm","1","",""
"16904","321.288420349","ipcas_21:73:17","189","2","291","LIED43MEAS/LLN0$Measurement","0","0","0"
"17021","322.312745316","ipcas_21:73:17","150","2","292","LIED43CTRL/LLN0$Status","0","1","0"
"17022","322.312750247","ipcas_21:73:17","147","2","292","LIED43PROT/LLN0$Alarm","1","",""
"17023","322.312751741","ipcas_21:73:17","189","2","292","LIED43MEAS/LLN0$Measurement","0","0","0"
"17133","323.340618329","ipcas_21:73:17","150","2","293","LIED43CTRL/LLN0$Status","0","1","0"
"17134","323.340619051","ipcas_21:73:17","147","2","293","LIED43PROT/LLN0$Alarm","1","",""
"17135","323.340619506","ipcas_21:73:17","189","2","293","LIED43MEAS/LLN0$Measurement","0","0","0"
"17218","324.355813394","ipcas_21:73:17","150","2","294","LIED43CTRL/LLN0$Status","0","1","0"
"17219","324.355821252","ipcas_21:73:17","147","2","294","LIED43PROT/LLN0$Alarm","1","",""
"17220","324.355823020","ipcas_21:73:17","189","2","294","LIED43MEAS/LLN0$Measurement","0","0","0"
"17299","325.372080276","ipcas_21:73:17","150","2","295","LIED43CTRL/LLN0$Status","0","1","0"
"17300","325.372083598","ipcas_21:73:17","147","2","295","LIED43PROT/LLN0$Alarm","1","",""
"17301","325.372084078","ipcas_21:73:17","189","2","295","LIED43MEAS/LLN0$Measurement","0","0","0"
"17372","326.381897094","ipcas_21:73:17","150","2","296","LIED43CTRL/LLN0$Status","0","1","0"
"17373","326.381902349","ipcas_21:73:17","147","2","296","LIED43PROT/LLN0$Alarm","1","",""
"17374","326.381903425","ipcas_21:73:17","189","2","296","LIED43MEAS/LLN0$Measurement","0","0","0"
"17433","327.395132710","ipcas_21:73:17","150","2","297","LIED43CTRL/LLN0$Status","0","1","0"
"17434","327.395137388","ipcas_21:73:17","147","2","297","LIED43PROT/LLN0$Alarm","1","",""
"17435","327.395138243","ipcas_21:73:17","189","2","297","LIED43MEAS/LLN0$Measurement","0","0","0"
"17492","328.860684028","ipcas_21:73:17","150","2","298","LIED43CTRL/LLN0$Status","0","1","0"
"17493","328.860685572","ipcas_21:73:17","147","2","298","LIED43PROT/LLN0$Alarm","1","",""
"17494","328.860686928","ipcas_21:73:17","189","2","298","LIED43MEAS/LLN0$Measurement","0","0","0"
"17623","330.357223755","ipcas_21:73:17","150","2","299","LIED43CTRL/LLN0$Status","0","1","0"
"17624","330.357226749","ipcas_21:73:17","147","2","299","LIED43PROT/LLN0$Alarm","1","",""
"17625","330.357227764","ipcas_21:73:17","189","2","299","LIED43MEAS/LLN0$Measurement","0","0","0"
"17733","330.835291522","ipcas_21:73:17","150","2","300","LIED43CTRL/LLN0$Status","0","1","0"
"17734","330.835291833","ipcas_21:73:17","147","2","300","LIED43PROT/LLN0$Alarm","1","",""
"17735","330.835292741","ipcas_21:73:17","189","2","300","LIED43MEAS/LLN0$Measurement","0","0","0"
"17792","331.848372637","ipcas_21:73:17","150","2","301","LIED43CTRL/LLN0$Status","0","1","0"
"17793","331.848373074","ipcas_21:73:17","147","2","301","LIED43PROT/LLN0$Alarm","1","",""
"17794","331.848374235","ipcas_21:73:17","189","2","301","LIED43MEAS/LLN0$Measurement","0","0","0"
"17855","332.900548530","ipcas_21:73:17","150","2","302","LIED43CTRL/LLN0$Status","0","1","0"
"17856","332.900551625","ipcas_21:73:17","147","2","302","LIED43PROT/LLN0$Alarm","1","",""
"17857","332.900552239","ipcas_21:73:17","189","2","302","LIED43MEAS/LLN0$Measurement","0","0","0"
"17909","333.943709328","ipcas_21:73:17","150","2","303","LIED43CTRL/LLN0$Status","0","1","0"
"17910","333.943710228","ipcas_21:73:17","147","2","303","LIED43PROT/LLN0$Alarm","1","",""
"17911","333.943710553","ipcas_21:73:17","189","2","303","LIED43MEAS/LLN0$Measurement","0","0","0"
"17941","334.945321460","ipcas_21:73:17","150","2","304","LIED43CTRL/LLN0$Status","0","1","0"
"17942","334.945327576","ipcas_21:73:17","147","2","304","LIED43PROT/LLN0$Alarm","1","",""
"17943","334.945329225","ipcas_21:73:17","189","2","304","LIED43MEAS/LLN0$Measurement","0","0","0"
"17998","335.991118321","ipcas_21:73:17","150","2","305","LIED43CTRL/LLN0$Status","0","1","0"
"17999","335.991123393","ipcas_21:73:17","147","2","305","LIED43PROT/LLN0$Alarm","1","",""
"18000","335.991124616","ipcas_21:73:17","189","2","305","LIED43MEAS/LLN0$Measurement","0","0","0"
"18062","337.018572066","ipcas_21:73:17","150","2","306","LIED43CTRL/LLN0$Status","0","1","0"
"18063","337.018573285","ipcas_21:73:17","147","2","306","LIED43PROT/LLN0$Alarm","1","",""
"18064","337.018574344","ipcas_21:73:17","189","2","306","LIED43MEAS/LLN0$Measurement","0","0","0"
"18124","338.039882459","ipcas_21:73:17","150","2","307","LIED43CTRL/LLN0$Status","0","1","0"
"18125","338.039888766","ipcas_21:73:17","147","2","307","LIED43PROT/LLN0$Alarm","1","",""
"18126","338.039890450","ipcas_21:73:17","189","2","307","LIED43MEAS/LLN0$Measurement","0","0","0"
"18184","339.090454215","ipcas_21:73:17","150","2","308","LIED43CTRL/LLN0$Status","0","1","0"
"18185","339.090456080","ipcas_21:73:17","147","2","308","LIED43PROT/LLN0$Alarm","1","",""
"18186","339.090456573","ipcas_21:73:17","189","2","308","LIED43MEAS/LLN0$Measurement","0","0","0"
"18255","340.120044837","ipcas_21:73:17","150","2","309","LIED43CTRL/LLN0$Status","0","1","0"
"18257","340.120046069","ipcas_21:73:17","147","2","309","LIED43PROT/LLN0$Alarm","1","",""
"18259","340.120046748","ipcas_21:73:17","189","2","309","LIED43MEAS/LLN0$Measurement","0","0","0"
"18315","341.159578406","ipcas_21:73:17","150","2","310","LIED43CTRL/LLN0$Status","0","1","0"
"18319","341.159586799","ipcas_21:73:17","147","2","310","LIED43PROT/LLN0$Alarm","1","",""
"18320","341.160223473","ipcas_21:73:17","189","2","310","LIED43MEAS/LLN0$Measurement","0","0","0"
"18371","342.247155447","ipcas_21:73:17","150","2","311","LIED43CTRL/LLN0$Status","0","1","0"
"18372","342.247158918","ipcas_21:73:17","147","2","311","LIED43PROT/LLN0$Alarm","1","",""
"18373","342.247159417","ipcas_21:73:17","189","2","311","LIED43MEAS/LLN0$Measurement","0","0","0"
"18406","343.275686372","ipcas_21:73:17","150","2","312","LIED43CTRL/LLN0$Status","0","1","0"
"18407","343.275687359","ipcas_21:73:17","147","2","312","LIED43PROT/LLN0$Alarm","1","",""
"18408","343.275688259","ipcas_21:73:17","189","2","312","LIED43MEAS/LLN0$Measurement","0","0","0"
"18462","344.324075546","ipcas_21:73:17","150","2","313","LIED43CTRL/LLN0$Status","0","1","0"
"18463","344.324075986","ipcas_21:73:17","147","2","313","LIED43PROT/LLN0$Alarm","1","",""
"18464","344.324077023","ipcas_21:73:17","189","2","313","LIED43MEAS/LLN0$Measurement","0","0","0"
"18516","345.353262486","ipcas_21:73:17","150","2","314","LIED43CTRL/LLN0$Status","0","1","0"
"18517","345.353263006","ipcas_21:73:17","147","2","314","LIED43PROT/LLN0$Alarm","1","",""
"18518","345.353263663","ipcas_21:73:17","189","2","314","LIED43MEAS/LLN0$Measurement","0","0","0"
"18571","346.367068198","ipcas_21:73:17","150","2","315","LIED43CTRL/LLN0$Status","0","1","0"
"18572","346.367072351","ipcas_21:73:17","147","2","315","LIED43PROT/LLN0$Alarm","1","",""
"18573","346.367073060","ipcas_21:73:17","189","2","315","LIED43MEAS/LLN0$Measurement","0","0","0"
"18630","347.389563097","ipcas_21:73:17","150","2","316","LIED43CTRL/LLN0$Status","0","1","0"
"18631","347.389564058","ipcas_21:73:17","147","2","316","LIED43PROT/LLN0$Alarm","1","",""
"18632","347.389564653","ipcas_21:73:17","189","2","316","LIED43MEAS/LLN0$Measurement","0","0","0"
"18706","348.397995602","ipcas_21:73:17","150","2","317","LIED43CTRL/LLN0$Status","0","1","0"
"18707","348.397999725","ipcas_21:73:17","147","2","317","LIED43PROT/LLN0$Alarm","1","",""
"18708","348.398000794","ipcas_21:73:17","189","2","317","LIED43MEAS/LLN0$Measurement","0","0","0"
"18792","349.426945706","ipcas_21:73:17","150","2","318","LIED43CTRL/LLN0$Status","0","1","0"
"18793","349.426949377","ipcas_21:73:17","147","2","318","LIED43PROT/LLN0$Alarm","1","",""
"18794","349.426949958","ipcas_21:73:17","189","2","318","LIED43MEAS/LLN0$Measurement","0","0","0"
"18889","350.465418837","ipcas_21:73:17","150","2","319","LIED43CTRL/LLN0$Status","0","1","0"
"18890","350.465428704","ipcas_21:73:17","147","2","319","LIED43PROT/LLN0$Alarm","1","",""
"18891","350.465429537","ipcas_21:73:17","189","2","319","LIED43MEAS/LLN0$Measurement","0","0","0"
"19004","351.502717068","ipcas_21:73:17","150","2","320","LIED43CTRL/LLN0$Status","0","1","0"
"19005","351.502721966","ipcas_21:73:17","147","2","320","LIED43PROT/LLN0$Alarm","1","",""
"19006","351.502722761","ipcas_21:73:17","189","2","320","LIED43MEAS/LLN0$Measurement","0","0","0"
"19071","352.525650484","ipcas_21:73:17","150","2","321","LIED43CTRL/LLN0$Status","0","1","0"
"19072","352.525656886","ipcas_21:73:17","147","2","321","LIED43PROT/LLN0$Alarm","1","",""
"19073","352.525658362","ipcas_21:73:17","189","2","321","LIED43MEAS/LLN0$Measurement","0","0","0"
"19133","353.544761379","ipcas_21:73:17","150","2","322","LIED43CTRL/LLN0$Status","0","1","0"
"19134","353.544767796","ipcas_21:73:17","147","2","322","LIED43PROT/LLN0$Alarm","1","",""
"19135","353.544768753","ipcas_21:73:17","189","2","322","LIED43MEAS/LLN0$Measurement","0","0","0"
"19194","355.656464417","ipcas_21:73:17","150","2","323","LIED43CTRL/LLN0$Status","0","1","0"
"19195","355.656464880","ipcas_21:73:17","147","2","323","LIED43PROT/LLN0$Alarm","1","",""
"19196","355.656465890","ipcas_21:73:17","189","2","323","LIED43MEAS/LLN0$Measurement","0","0","0"
"19255","355.656520691","ipcas_21:73:17","150","2","324","LIED43CTRL/LLN0$Status","0","1","0"
"19256","355.656521847","ipcas_21:73:17","147","2","324","LIED43PROT/LLN0$Alarm","1","",""
"19257","355.656522504","ipcas_21:73:17","189","2","324","LIED43MEAS/LLN0$Measurement","0","0","0"
"19316","356.590627433","ipcas_21:73:17","150","2","325","LIED43CTRL/LLN0$Status","0","1","0"
"19317","356.590627992","ipcas_21:73:17","147","2","325","LIED43PROT/LLN0$Alarm","1","",""
"19318","356.590629215","ipcas_21:73:17","189","2","325","LIED43MEAS/LLN0$Measurement","0","0","0"
"19375","357.649662833","ipcas_21:73:17","150","2","326","LIED43CTRL/LLN0$Status","0","1","0"
"19376","357.649663694","ipcas_21:73:17","147","2","326","LIED43PROT/LLN0$Alarm","1","",""
"19377","357.649664384","ipcas_21:73:17","189","2","326","LIED43MEAS/LLN0$Measurement","0","0","0"
"19441","358.659817865","ipcas_21:73:17","150","2","327","LIED43CTRL/LLN0$Status","0","1","0"
"19442","358.659822817","ipcas_21:73:17","147","2","327","LIED43PROT/LLN0$Alarm","1","",""
"19443","358.659823893","ipcas_21:73:17","189","2","327","LIED43MEAS/LLN0$Measurement","0","0","0"
"19501","359.680853117","ipcas_21:73:17","150","2","328","LIED43CTRL/LLN0$Status","0","1","0"
"19502","359.681890966","ipcas_21:73:17","147","2","328","LIED43PROT/LLN0$Alarm","1","",""
"19503","359.681898410","ipcas_21:73:17","189","2","328","LIED43MEAS/LLN0$Measurement","0","0","0"
"19559","360.709900481","ipcas_21:73:17","150","2","329","LIED43CTRL/LLN0$Status","0","1","0"
"19560","360.709904399","ipcas_21:73:17","147","2","329","LIED43PROT/LLN0$Alarm","1","",""
"19561","360.710276911","ipcas_21:73:17","189","2","329","LIED43MEAS/LLN0$Measurement","0","0","0"
"19616","361.758850805","ipcas_21:73:17","150","2","330","LIED43CTRL/LLN0$Status","0","1","0"
"19617","361.758856259","ipcas_21:73:17","147","2","330","LIED43PROT/LLN0$Alarm","1","",""
"19618","361.758857759","ipcas_21:73:17","189","2","330","LIED43MEAS/LLN0$Measurement","0","0","0"
"19673","362.779536187","ipcas_21:73:17","150","2","331","LIED43CTRL/LLN0$Status","0","1","0"
"19674","362.779543023","ipcas_21:73:17","147","2","331","LIED43PROT/LLN0$Alarm","1","",""
"19675","362.780007800","ipcas_21:73:17","189","2","331","LIED43MEAS/LLN0$Measurement","0","0","0"
"19730","363.806881071","ipcas_21:73:17","150","2","332","LIED43CTRL/LLN0$Status","0","1","0"
"19731","363.806882213","ipcas_21:73:17","147","2","332","LIED43PROT/LLN0$Alarm","1","",""
"19732","363.806883276","ipcas_21:73:17","189","2","332","LIED43MEAS/LLN0$Measurement","0","0","0"
"19788","364.817757757","ipcas_21:73:17","150","2","333","LIED43CTRL/LLN0$Status","0","1","0"
"19789","364.817762172","ipcas_21:73:17","147","2","333","LIED43PROT/LLN0$Alarm","1","",""
"19790","364.817763215","ipcas_21:73:17","189","2","333","LIED43MEAS/LLN0$Measurement","0","0","0"
"19876","365.839890668","ipcas_21:73:17","150","2","334","LIED43CTRL/LLN0$Status","0","1","0"
"19877","365.840131557","ipcas_21:73:17","147","2","334","LIED43PROT/LLN0$Alarm","1","",""
"19878","365.840136630","ipcas_21:73:17","189","2","334","LIED43MEAS/LLN0$Measurement","0","0","0"
"19950","366.857695926","ipcas_21:73:17","150","2","335","LIED43CTRL/LLN0$Status","0","1","0"
"19951","366.858330898","ipcas_21:73:17","147","2","335","LIED43PROT/LLN0$Alarm","1","",""
"19952","366.858335926","ipcas_21:73:17","189","2","335","LIED43MEAS/LLN0$Measurement","0","0","0"
"20070","367.884420389","ipcas_21:73:17","150","2","336","LIED43CTRL/LLN0$Status","0","1","0"
"20071","367.884427040","ipcas_21:73:17","147","2","336","LIED43PROT/LLN0$Alarm","1","",""
"20072","367.884575388","ipcas_21:73:17","189","2","336","LIED43MEAS/LLN0$Measurement","0","0","0"
"20175","368.901930900","ipcas_21:73:17","150","2","337","LIED43CTRL/LLN0$Status","0","1","0"
"20176","368.901937160","ipcas_21:73:17","147","2","337","LIED43PROT/LLN0$Alarm","1","",""
"20177","368.901938207","ipcas_21:73:17","189","2","337","LIED43MEAS/LLN0$Measurement","0","0","0"
"20274","369.923545978","ipcas_21:73:17","150","2","338","LIED43CTRL/LLN0$Status","0","1","0"
"20275","369.923552606","ipcas_21:73:17","147","2","338","LIED43PROT/LLN0$Alarm","1","",""
"20276","369.923554049","ipcas_21:73:17","189","2","338","LIED43MEAS/LLN0$Measurement","0","0","0"
"20347","370.950463986","ipcas_21:73:17","150","2","339","LIED43CTRL/LLN0$Status","0","1","0"
"20348","370.950471483","ipcas_21:73:17","147","2","339","LIED43PROT/LLN0$Alarm","1","",""
"20349","370.950472468","ipcas_21:73:17","189","2","339","LIED43MEAS/LLN0$Measurement","0","0","0"
"20422","371.978116375","ipcas_21:73:17","150","2","340","LIED43CTRL/LLN0$Status","0","1","0"
"20423","371.978125156","ipcas_21:73:17","147","2","340","LIED43PROT/LLN0$Alarm","1","",""
"20424","371.978127094","ipcas_21:73:17","189","2","340","LIED43MEAS/LLN0$Measurement","0","0","0"
"20500","372.993269777","ipcas_21:73:17","150","2","341","LIED43CTRL/LLN0$Status","0","1","0"
"20501","372.993273594","ipcas_21:73:17","147","2","341","LIED43PROT/LLN0$Alarm","1","",""
"20502","372.993274698","ipcas_21:73:17","189","2","341","LIED43MEAS/LLN0$Measurement","0","0","0"
"20585","374.016201005","ipcas_21:73:17","150","2","342","LIED43CTRL/LLN0$Status","0","1","0"
"20586","374.016674566","ipcas_21:73:17","147","2","342","LIED43PROT/LLN0$Alarm","1","",""
"20587","374.016681636","ipcas_21:73:17","189","2","342","LIED43MEAS/LLN0$Measurement","0","0","0"
"20674","375.037314283","ipcas_21:73:17","150","2","343","LIED43CTRL/LLN0$Status","0","1","0"
"20675","375.037323562","ipcas_21:73:17","147","2","343","LIED43PROT/LLN0$Alarm","1","",""
"20676","375.037325433","ipcas_21:73:17","189","2","343","LIED43MEAS/LLN0$Measurement","0","0","0"
"20776","376.046121936","ipcas_21:73:17","150","2","344","LIED43CTRL/LLN0$Status","0","1","0"
"20777","376.046122351","ipcas_21:73:17","147","2","344","LIED43PROT/LLN0$Alarm","1","",""
"20778","376.046122749","ipcas_21:73:17","189","2","344","LIED43MEAS/LLN0$Measurement","0","0","0"
"20839","377.069897291","ipcas_21:73:17","150","2","345","LIED43CTRL/LLN0$Status","0","1","0"
"20840","377.069898731","ipcas_21:73:17","147","2","345","LIED43PROT/LLN0$Alarm","1","",""
"20841","377.069899780","ipcas_21:73:17","189","2","345","LIED43MEAS/LLN0$Measurement","0","0","0"
"20899","378.097040409","ipcas_21:73:17","150","2","346","LIED43CTRL/LLN0$Status","0","1","0"
"20900","378.097784017","ipcas_21:73:17","147","2","346","LIED43PROT/LLN0$Alarm","1","",""
"20901","378.097891895","ipcas_21:73:17","189","2","346","LIED43MEAS/LLN0$Measurement","0","0","0"
"20964","379.126176031","ipcas_21:73:17","150","2","347","LIED43CTRL/LLN0$Status","0","1","0"
"20965","379.126176483","ipcas_21:73:17","147","2","347","LIED43PROT/LLN0$Alarm","1","",""
"20966","379.126176869","ipcas_21:73:17","189","2","347","LIED43MEAS/LLN0$Measurement","0","0","0"
"21019","380.144289572","ipcas_21:73:17","150","2","348","LIED43CTRL/LLN0$Status","0","1","0"
"21020","380.145542293","ipcas_21:73:17","147","2","348","LIED43PROT/LLN0$Alarm","1","",""
"21021","380.145546098","ipcas_21:73:17","189","2","348","LIED43MEAS/LLN0$Measurement","0","0","0"
"21078","381.176959155","ipcas_21:73:17","150","2","349","LIED43CTRL/LLN0$Status","0","1","0"
"21079","381.176959556","ipcas_21:73:17","147","2","349","LIED43PROT/LLN0$Alarm","1","",""
"21080","381.176960015","ipcas_21:73:17","189","2","349","LIED43MEAS/LLN0$Measurement","0","0","0"
"21139","382.204973478","ipcas_21:73:17","150","2","350","LIED43CTRL/LLN0$Status","0","1","0"
"21140","382.204980153","ipcas_21:73:17","147","2","350","LIED43PROT/LLN0$Alarm","1","",""
"21141","382.204981697","ipcas_21:73:17","189","2","350","LIED43MEAS/LLN0$Measurement","0","0","0"
"21201","383.231788720","ipcas_21:73:17","150","2","351","LIED43CTRL/LLN0$Status","0","1","0"
"21202","383.231795178","ipcas_21:73:17","147","2","351","LIED43PROT/LLN0$Alarm","1","",""
"21203","383.231796882","ipcas_21:73:17","189","2","351","LIED43MEAS/LLN0$Measurement","0","0","0"
"21256","384.280743568","ipcas_21:73:17","150","2","352","LIED43CTRL/LLN0$Status","0","1","0"
"21257","384.280747053","ipcas_21:73:17","147","2","352","LIED43PROT/LLN0$Alarm","1","",""
"21258","384.280747652","ipcas_21:73:17","189","2","352","LIED43MEAS/LLN0$Measurement","0","0","0"
"21311","385.306020569","ipcas_21:73:17","150","2","353","LIED43CTRL/LLN0$Status","0","1","0"
"21312","385.306027505","ipcas_21:73:17","147","2","353","LIED43PROT/LLN0$Alarm","1","",""
"21313","385.306028661","ipcas_21:73:17","189","2","353","LIED43MEAS/LLN0$Measurement","0","0","0"
"21366","386.546986008","ipcas_21:73:17","150","2","354","LIED43CTRL/LLN0$Status","0","1","0"
"21367","386.546991721","ipcas_21:73:17","147","2","354","LIED43PROT/LLN0$Alarm","1","",""
"21368","386.547024719","ipcas_21:73:17","189","2","354","LIED43MEAS/LLN0$Measurement","0","0","0"
"21422","387.571685881","ipcas_21:73:17","150","2","355","LIED43CTRL/LLN0$Status","0","1","0"
"21423","387.571692581","ipcas_21:73:17","147","2","355","LIED43PROT/LLN0$Alarm","1","",""
"21424","387.571694365","ipcas_21:73:17","189","2","355","LIED43MEAS/LLN0$Measurement","0","0","0"
"21477","388.603529199","ipcas_21:73:17","150","2","356","LIED43CTRL/LLN0$Status","0","1","0"
"21478","388.603537172","ipcas_21:73:17","147","2","356","LIED43PROT/LLN0$Alarm","1","",""
"21479","388.603538546","ipcas_21:73:17","189","2","356","LIED43MEAS/LLN0$Measurement","0","0","0"
"21537","389.626513851","ipcas_21:73:17","150","2","357","LIED43CTRL/LLN0$Status","0","1","0"
"21538","389.626518008","ipcas_21:73:17","147","2","357","LIED43PROT/LLN0$Alarm","1","",""
"21539","389.626518672","ipcas_21:73:17","189","2","357","LIED43MEAS/LLN0$Measurement","0","0","0"
"21593","390.647173249","ipcas_21:73:17","150","2","358","LIED43CTRL/LLN0$Status","0","1","0"
"21594","390.647178227","ipcas_21:73:17","147","2","358","LIED43PROT/LLN0$Alarm","1","",""
"21595","390.647179312","ipcas_21:73:17","189","2","358","LIED43MEAS/LLN0$Measurement","0","0","0"
"21660","391.665031895","ipcas_21:73:17","150","2","359","LIED43CTRL/LLN0$Status","0","1","0"
"21661","391.665035351","ipcas_21:73:17","147","2","359","LIED43PROT/LLN0$Alarm","1","",""
"21662","391.665036059","ipcas_21:73:17","189","2","359","LIED43MEAS/LLN0$Measurement","0","0","0"
"21725","392.723850450","ipcas_21:73:17","150","2","360","LIED43CTRL/LLN0$Status","0","1","0"
"21726","392.723859824","ipcas_21:73:17","147","2","360","LIED43PROT/LLN0$Alarm","1","",""
"21727","392.723860454","ipcas_21:73:17","189","2","360","LIED43MEAS/LLN0$Measurement","0","0","0"
"21804","393.706120758","ipcas_21:73:17","150","2","361","LIED43CTRL/LLN0$Status","0","1","0"
"21805","393.706122477","ipcas_21:73:17","147","2","361","LIED43PROT/LLN0$Alarm","1","",""
"21806","393.706123036","ipcas_21:73:17","189","2","361","LIED43MEAS/LLN0$Measurement","0","0","0"
"21883","394.772401284","ipcas_21:73:17","150","2","362","LIED43CTRL/LLN0$Status","0","1","0"
"21884","394.772402196","ipcas_21:73:17","147","2","362","LIED43PROT/LLN0$Alarm","1","",""
"21885","394.772402908","ipcas_21:73:17","189","2","362","LIED43MEAS/LLN0$Measurement","0","0","0"
"22016","395.779596397","ipcas_21:73:17","150","2","363","LIED43CTRL/LLN0$Status","0","1","0"
"22017","395.779695326","ipcas_21:73:17","147","2","363","LIED43PROT/LLN0$Alarm","1","",""
"22018","395.779699469","ipcas_21:73:17","189","2","363","LIED43MEAS/LLN0$Measurement","0","0","0"
"22113","396.806110104","ipcas_21:73:17","150","2","364","LIED43CTRL/LLN0$Status","0","1","0"
"22114","396.806111466","ipcas_21:73:17","147","2","364","LIED43PROT/LLN0$Alarm","1","",""
"22115","396.806112286","ipcas_21:73:17","189","2","364","LIED43MEAS/LLN0$Measurement","0","0","0"
"22179","397.824252141","ipcas_21:73:17","150","2","365","LIED43CTRL/LLN0$Status","0","1","0"
"22180","397.824258198","ipcas_21:73:17","147","2","365","LIED43PROT/LLN0$Alarm","1","",""
"22181","397.824259630","ipcas_21:73:17","189","2","365","LIED43MEAS/LLN0$Measurement","0","0","0"
"22242","398.855280093","ipcas_21:73:17","150","2","366","LIED43CTRL/LLN0$Status","0","1","0"
"22243","398.855287593","ipcas_21:73:17","147","2","366","LIED43PROT/LLN0$Alarm","1","",""
"22244","398.855289187","ipcas_21:73:17","189","2","366","LIED43MEAS/LLN0$Measurement","0","0","0"
"22305","399.883266393","ipcas_21:73:17","150","2","367","LIED43CTRL/LLN0$Status","0","1","0"
"22306","399.883881432","ipcas_21:73:17","147","2","367","LIED43PROT/LLN0$Alarm","1","",""
"22307","399.884601840","ipcas_21:73:17","189","2","367","LIED43MEAS/LLN0$Measurement","0","0","0"
"22367","400.940419437","ipcas_21:73:17","150","2","368","LIED43CTRL/LLN0$Status","0","1","0"
"22368","400.940683407","ipcas_21:73:17","147","2","368","LIED43PROT/LLN0$Alarm","1","",""
"22369","400.940687451","ipcas_21:73:17","189","2","368","LIED43MEAS/LLN0$Measurement","0","0","0"
"22425","401.968719732","ipcas_21:73:17","150","2","369","LIED43CTRL/LLN0$Status","0","1","0"
"22426","401.968725922","ipcas_21:73:17","147","2","369","LIED43PROT/LLN0$Alarm","1","",""
"22427","401.968727521","ipcas_21:73:17","189","2","369","LIED43MEAS/LLN0$Measurement","0","0","0"
"22483","403.010577685","ipcas_21:73:17","150","2","370","LIED43CTRL/LLN0$Status","0","1","0"
"22484","403.010759526","ipcas_21:73:17","147","2","370","LIED43PROT/LLN0$Alarm","1","",""
"22485","403.010761917","ipcas_21:73:17","189","2","370","LIED43MEAS/LLN0$Measurement","0","0","0"
"22540","404.060534482","ipcas_21:73:17","150","2","371","LIED43CTRL/LLN0$Status","0","1","0"
"22541","404.060537555","ipcas_21:73:17","147","2","371","LIED43PROT/LLN0$Alarm","1","",""
"22542","404.060538536","ipcas_21:73:17","189","2","371","LIED43MEAS/LLN0$Measurement","0","0","0"
"22597","405.108515392","ipcas_21:73:17","150","2","372","LIED43CTRL/LLN0$Status","0","1","0"
"22598","405.109142669","ipcas_21:73:17","147","2","372","LIED43PROT/LLN0$Alarm","1","",""
"22599","405.109145962","ipcas_21:73:17","189","2","372","LIED43MEAS/LLN0$Measurement","0","0","0"
"22656","406.154917415","ipcas_21:73:17","150","2","373","LIED43CTRL/LLN0$Status","0","1","0"
"22657","406.155269649","ipcas_21:73:17","147","2","373","LIED43PROT/LLN0$Alarm","1","",""
"22658","406.155433100","ipcas_21:73:17","189","2","373","LIED43MEAS/LLN0$Measurement","0","0","0"
"22710","407.207121959","ipcas_21:73:17","150","2","374","LIED43CTRL/LLN0$Status","0","1","0"
"22711","407.207127677","ipcas_21:73:17","147","2","374","LIED43PROT/LLN0$Alarm","1","",""
"22712","407.207128536","ipcas_21:73:17","189","2","374","LIED43MEAS/LLN0$Measurement","0","0","0"
"22766","408.264210288","ipcas_21:73:17","150","2","375","LIED43CTRL/LLN0$Status","0","1","0"
"22767","408.264638066","ipcas_21:73:17","147","2","375","LIED43PROT/LLN0$Alarm","1","",""
"22768","408.264640799","ipcas_21:73:17","189","2","375","LIED43MEAS/LLN0$Measurement","0","0","0"
"22821","409.311859687","ipcas_21:73:17","150","2","376","LIED43CTRL/LLN0$Status","0","1","0"
"22822","409.312273990","ipcas_21:73:17","147","2","376","LIED43PROT/LLN0$Alarm","1","",""
"22823","409.312843685","ipcas_21:73:17","189","2","376","LIED43MEAS/LLN0$Measurement","0","0","0"
"22876","410.371142983","ipcas_21:73:17","150","2","377","LIED43CTRL/LLN0$Status","0","1","0"
"22877","410.371147259","ipcas_21:73:17","147","2","377","LIED43PROT/LLN0$Alarm","1","",""
"22878","410.371302657","ipcas_21:73:17","189","2","377","LIED43MEAS/LLN0$Measurement","0","0","0"
"22934","411.401687191","ipcas_21:73:17","150","2","378","LIED43CTRL/LLN0$Status","0","1","0"
"22935","411.401691646","ipcas_21:73:17","147","2","378","LIED43PROT/LLN0$Alarm","1","",""
"22936","411.401692719","ipcas_21:73:17","189","2","378","LIED43MEAS/LLN0$Measurement","0","0","0"
"23034","412.543899156","ipcas_21:73:17","150","2","379","LIED43CTRL/LLN0$Status","0","1","0"
"23035","412.544120723","ipcas_21:73:17","147","2","379","LIED43PROT/LLN0$Alarm","1","",""
"23036","412.544121750","ipcas_21:73:17","189","2","379","LIED43MEAS/LLN0$Measurement","0","0","0"
"23143","413.574737567","ipcas_21:73:17","150","2","380","LIED43CTRL/LLN0$Status","0","1","0"
"23144","413.574740372","ipcas_21:73:17","147","2","380","LIED43PROT/LLN0$Alarm","1","",""
"23145","413.574741382","ipcas_21:73:17","189","2","380","LIED43MEAS/LLN0$Measurement","0","0","0"
"23285","414.625053606","ipcas_21:73:17","150","2","381","LIED43CTRL/LLN0$Status","0","1","0"
"23286","414.625054908","ipcas_21:73:17","147","2","381","LIED43PROT/LLN0$Alarm","1","",""
"23287","414.625055600","ipcas_21:73:17","189","2","381","LIED43MEAS/LLN0$Measurement","0","0","0"
"23367","415.695487106","ipcas_21:73:17","150","2","382","LIED43CTRL/LLN0$Status","0","1","0"
"23368","415.695494570","ipcas_21:73:17","147","2","382","LIED43PROT/LLN0$Alarm","1","",""
"23369","415.695495796","ipcas_21:73:17","189","2","382","LIED43MEAS/LLN0$Measurement","0","0","0"
"23429","416.737958594","ipcas_21:73:17","150","2","383","LIED43CTRL/LLN0$Status","0","1","0"
"23430","416.737959032","ipcas_21:73:17","147","2","383","LIED43PROT/LLN0$Alarm","1","",""
"23431","416.737960004","ipcas_21:73:17","189","2","383","LIED43MEAS/LLN0$Measurement","0","0","0"
"23508","417.761372763","ipcas_21:73:17","150","2","384","LIED43CTRL/LLN0$Status","0","1","0"
"23509","417.761378476","ipcas_21:73:17","147","2","384","LIED43PROT/LLN0$Alarm","1","",""
"23510","417.761379495","ipcas_21:73:17","189","2","384","LIED43MEAS/LLN0$Measurement","0","0","0"
"23588","418.784254532","ipcas_21:73:17","150","2","385","LIED43CTRL/LLN0$Status","0","1","0"
"23590","418.784272560","ipcas_21:73:17","147","2","385","LIED43PROT/LLN0$Alarm","1","",""
"23591","418.784274404","ipcas_21:73:17","189","2","385","LIED43MEAS/LLN0$Measurement","0","0","0"
"23700","419.825195792","ipcas_21:73:17","150","2","386","LIED43CTRL/LLN0$Status","0","1","0"
"23701","419.825198838","ipcas_21:73:17","147","2","386","LIED43PROT/LLN0$Alarm","1","",""
"23702","419.825199604","ipcas_21:73:17","189","2","386","LIED43MEAS/LLN0$Measurement","0","0","0"
"23804","420.847885155","ipcas_21:73:17","150","2","387","LIED43CTRL/LLN0$Status","0","1","0"
"23805","420.847890477","ipcas_21:73:17","147","2","387","LIED43PROT/LLN0$Alarm","1","",""
"23806","420.847891426","ipcas_21:73:17","189","2","387","LIED43MEAS/LLN0$Measurement","0","0","0"
"23872","421.894322516","ipcas_21:73:17","150","2","388","LIED43CTRL/LLN0$Status","0","1","0"
"23873","421.894326004","ipcas_21:73:17","147","2","388","LIED43PROT/LLN0$Alarm","1","",""
"23874","421.894326526","ipcas_21:73:17","189","2","388","LIED43MEAS/LLN0$Measurement","0","0","0"
"23936","422.921803605","ipcas_21:73:17","150","2","389","LIED43CTRL/LLN0$Status","0","1","0"
"23937","422.921808917","ipcas_21:73:17","147","2","389","LIED43PROT/LLN0$Alarm","1","",""
"23938","422.921810297","ipcas_21:73:17","189","2","389","LIED43MEAS/LLN0$Measurement","0","0","0"
"23998","423.955243223","ipcas_21:73:17","150","2","390","LIED43CTRL/LLN0$Status","0","1","0"
"23999","423.955247388","ipcas_21:73:17","147","2","390","LIED43PROT/LLN0$Alarm","1","",""
"24000","423.955247878","ipcas_21:73:17","189","2","390","LIED43MEAS/LLN0$Measurement","0","0","0"
"24056","425.023241714","ipcas_21:73:17","150","2","391","LIED43CTRL/LLN0$Status","0","1","0"
"24057","425.023480936","ipcas_21:73:17","147","2","391","LIED43PROT/LLN0$Alarm","1","",""
"24058","425.023647665","ipcas_21:73:17","189","2","391","LIED43MEAS/LLN0$Measurement","0","0","0"
"24113","426.047574855","ipcas_21:73:17","150","2","392","LIED43CTRL/LLN0$Status","0","1","0"
"24114","426.047579903","ipcas_21:73:17","147","2","392","LIED43PROT/LLN0$Alarm","1","",""
"24115","426.047581005","ipcas_21:73:17","189","2","392","LIED43MEAS/LLN0$Measurement","0","0","0"
"24173","427.079328079","ipcas_21:73:17","150","2","393","LIED43CTRL/LLN0$Status","0","1","0"
"24174","427.079335091","ipcas_21:73:17","147","2","393","LIED43PROT/LLN0$Alarm","1","",""
"24175","427.079336464","ipcas_21:73:17","189","2","393","LIED43MEAS/LLN0$Measurement","0","0","0"
"24231","428.115387548","ipcas_21:73:17","150","2","394","LIED43CTRL/LLN0$Status","0","1","0"
"24232","428.115423438","ipcas_21:73:17","147","2","394","LIED43PROT/LLN0$Alarm","1","",""
"24233","428.115425149","ipcas_21:73:17","189","2","394","LIED43MEAS/LLN0$Measurement","0","0","0"
"24292","429.141447136","ipcas_21:73:17","150","2","395","LIED43CTRL/LLN0$Status","0","1","0"
"24293","429.141447879","ipcas_21:73:17","147","2","395","LIED43PROT/LLN0$Alarm","1","",""
"24294","429.141448396","ipcas_21:73:17","189","2","395","LIED43MEAS/LLN0$Measurement","0","0","0"
"24349","430.175002879","ipcas_21:73:17","150","2","396","LIED43CTRL/LLN0$Status","0","1","0"
"24350","430.175007729","ipcas_21:73:17","147","2","396","LIED43PROT/LLN0$Alarm","1","",""
"24351","430.175008284","ipcas_21:73:17","189","2","396","LIED43MEAS/LLN0$Measurement","0","0","0"
"24403","431.202913510","ipcas_21:73:17","150","2","397","LIED43CTRL/LLN0$Status","0","1","0"
"24404","431.202918816","ipcas_21:73:17","147","2","397","LIED43PROT/LLN0$Alarm","1","",""
"24405","431.204914520","ipcas_21:73:17","189","2","397","LIED43MEAS/LLN0$Measurement","0","0","0"
"24458","432.216414678","ipcas_21:73:17","150","2","398","LIED43CTRL/LLN0$Status","0","1","0"
"24459","432.216419723","ipcas_21:73:17","147","2","398","LIED43PROT/LLN0$Alarm","1","",""
"24460","432.216421052","ipcas_21:73:17","189","2","398","LIED43MEAS/LLN0$Measurement","0","0","0"
"24515","433.236257896","ipcas_21:73:17","150","2","399","LIED43CTRL/LLN0$Status","0","1","0"
"24516","433.236261358","ipcas_21:73:17","147","2","399","LIED43PROT/LLN0$Alarm","1","",""
"24517","433.236262201","ipcas_21:73:17","189","2","399","LIED43MEAS/LLN0$Measurement","0","0","0"
"24570","434.260379348","ipcas_21:73:17","150","2","400","LIED43CTRL/LLN0$Status","0","1","0"
"24571","434.260380514","ipcas_21:73:17","147","2","400","LIED43PROT/LLN0$Alarm","1","",""
"24572","434.260381830","ipcas_21:73:17","189","2","400","LIED43MEAS/LLN0$Measurement","0","0","0"
"24628","435.305637560","ipcas_21:73:17","150","2","401","LIED43CTRL/LLN0$Status","0","1","0"
"24629","435.305640864","ipcas_21:73:17","147","2","401","LIED43PROT/LLN0$Alarm","1","",""
"24630","435.305641588","ipcas_21:73:17","189","2","401","LIED43MEAS/LLN0$Measurement","0","0","0"
"24684","436.337583637","ipcas_21:73:17","150","2","402","LIED43CTRL/LLN0$Status","0","1","0"
"24685","436.337586971","ipcas_21:73:17","147","2","402","LIED43PROT/LLN0$Alarm","1","",""
"24686","436.337587912","ipcas_21:73:17","189","2","402","LIED43MEAS/LLN0$Measurement","0","0","0"
"24739","437.383257704","ipcas_21:73:17","150","2","403","LIED43CTRL/LLN0$Status","0","1","0"
"24740","437.383258533","ipcas_21:73:17","147","2","403","LIED43PROT/LLN0$Alarm","1","",""
"24741","437.383259266","ipcas_21:73:17","189","2","403","LIED43MEAS/LLN0$Measurement","0","0","0"
"24824","438.385542390","ipcas_21:73:17","150","2","404","LIED43CTRL/LLN0$Status","0","1","0"
"24825","438.386131765","ipcas_21:73:17","147","2","404","LIED43PROT/LLN0$Alarm","1","",""
"24826","438.386225929","ipcas_21:73:17","189","2","404","LIED43MEAS/LLN0$Measurement","0","0","0"
"24887","439.398049585","ipcas_21:73:17","150","2","405","LIED43CTRL/LLN0$Status","0","1","0"
"24888","439.398154271","ipcas_21:73:17","147","2","405","LIED43PROT/LLN0$Alarm","1","",""
"24889","439.398270585","ipcas_21:73:17","189","2","405","LIED43MEAS/LLN0$Measurement","0","0","0"
"24944","440.420601421","ipcas_21:73:17","150","2","406","LIED43CTRL/LLN0$Status","0","1","0"
"24945","440.420601866","ipcas_21:73:17","147","2","406","LIED43PROT/LLN0$Alarm","1","",""
"24946","440.420602183","ipcas_21:73:17","189","2","406","LIED43MEAS/LLN0$Measurement","0","0","0"
"25000","441.437628837","ipcas_21:73:17","150","2","407","LIED43CTRL/LLN0$Status","0","1","0"
"25001","441.437631804","ipcas_21:73:17","147","2","407","LIED43PROT/LLN0$Alarm","1","",""
"25002","441.437717611","ipcas_21:73:17","189","2","407","LIED43MEAS/LLN0$Measurement","0","0","0"
"25057","442.462795650","ipcas_21:73:17","150","2","408","LIED43CTRL/LLN0$Status","0","1","0"
"25058","442.462800692","ipcas_21:73:17","147","2","408","LIED43PROT/LLN0$Alarm","1","",""
"25059","442.462801988","ipcas_21:73:17","189","2","408","LIED43MEAS/LLN0$Measurement","0","0","0"
"25110","443.670404346","ipcas_21:73:17","150","2","409","LIED43CTRL/LLN0$Status","0","1","0"
"25111","443.670410407","ipcas_21:73:17","147","2","409","LIED43PROT/LLN0$Alarm","1","",""
"25112","443.670410869","ipcas_21:73:17","189","2","409","LIED43MEAS/LLN0$Measurement","0","0","0"
"25166","444.692503466","ipcas_21:73:17","150","2","410","LIED43CTRL/LLN0$Status","0","1","0"
"25167","444.692508765","ipcas_21:73:17","147","2","410","LIED43PROT/LLN0$Alarm","1","",""
"25168","444.692509791","ipcas_21:73:17","189","2","410","LIED43MEAS/LLN0$Measurement","0","0","0"
"25225","445.719383777","ipcas_21:73:17","150","2","411","LIED43CTRL/LLN0$Status","0","1","0"
"25226","445.719389069","ipcas_21:73:17","147","2","411","LIED43PROT/LLN0$Alarm","1","",""
"25227","445.719390736","ipcas_21:73:17","189","2","411","LIED43MEAS/LLN0$Measurement","0","0","0"
"25280","446.735767242","ipcas_21:73:17","150","2","412","LIED43CTRL/LLN0$Status","0","1","0"
"25281","446.735767549","ipcas_21:73:17","147","2","412","LIED43PROT/LLN0$Alarm","1","",""
"25282","446.735767850","ipcas_21:73:17","189","2","412","LIED43MEAS/LLN0$Measurement","0","0","0"
"25336","447.752653034","ipcas_21:73:17","150","2","413","LIED43CTRL/LLN0$Status","0","1","0"
"25337","447.752659058","ipcas_21:73:17","147","2","413","LIED43PROT/LLN0$Alarm","1","",""
"25338","447.752660096","ipcas_21:73:17","189","2","413","LIED43MEAS/LLN0$Measurement","0","0","0"
"25390","448.781707022","ipcas_21:73:17","150","2","414","LIED43CTRL/LLN0$Status","0","1","0"
"25391","448.782147093","ipcas_21:73:17","147","2","414","LIED43PROT/LLN0$Alarm","1","",""
"25392","448.782561371","ipcas_21:73:17","189","2","414","LIED43MEAS/LLN0$Measurement","0","0","0"
"25445","449.805078225","ipcas_21:73:17","150","2","415","LIED43CTRL/LLN0$Status","0","1","0"
"25446","449.805081685","ipcas_21:73:17","147","2","415","LIED43PROT/LLN0$Alarm","1","",""
"25447","449.805512032","ipcas_21:73:17","189","2","415","LIED43MEAS/LLN0$Measurement","0","0","0"
"25501","450.829579697","ipcas_21:73:17","150","2","416","LIED43CTRL/LLN0$Status","0","1","0"
"25502","450.829580348","ipcas_21:73:17","147","2","416","LIED43PROT/LLN0$Alarm","1","",""
"25503","450.829580970","ipcas_21:73:17","189","2","416","LIED43MEAS/LLN0$Measurement","0","0","0"
"25557","451.855808729","ipcas_21:73:17","150","2","417","LIED43CTRL/LLN0$Status","0","1","0"
"25558","451.855814529","ipcas_21:73:17","147","2","417","LIED43PROT/LLN0$Alarm","1","",""
"25559","451.855816042","ipcas_21:73:17","189","2","417","LIED43MEAS/LLN0$Measurement","0","0","0"
"25613","452.877558004","ipcas_21:73:17","150","2","418","LIED43CTRL/LLN0$Status","0","1","0"
"25614","452.877563795","ipcas_21:73:17","147","2","418","LIED43PROT/LLN0$Alarm","1","",""
"25615","452.877565227","ipcas_21:73:17","189","2","418","LIED43MEAS/LLN0$Measurement","0","0","0"
"25667","453.899883642","ipcas_21:73:17","150","2","419","LIED43CTRL/LLN0$Status","0","1","0"
"25668","453.899888717","ipcas_21:73:17","147","2","419","LIED43PROT/LLN0$Alarm","1","",""
"25669","453.899889652","ipcas_21:73:17","189","2","419","LIED43MEAS/LLN0$Measurement","0","0","0"
"25720","454.941722722","ipcas_21:73:17","150","2","420","LIED43CTRL/LLN0$Status","0","1","0"
"25721","454.941728603","ipcas_21:73:17","147","2","420","LIED43PROT/LLN0$Alarm","1","",""
"25722","454.941729812","ipcas_21:73:17","189","2","420","LIED43MEAS/LLN0$Measurement","0","0","0"
"25775","455.966640116","ipcas_21:73:17","150","2","421","LIED43CTRL/LLN0$Status","0","1","0"
"25776","455.966645686","ipcas_21:73:17","147","2","421","LIED43PROT/LLN0$Alarm","1","",""
"25777","455.966647293","ipcas_21:73:17","189","2","421","LIED43MEAS/LLN0$Measurement","0","0","0"
"25828","456.992941771","ipcas_21:73:17","150","2","422","LIED43CTRL/LLN0$Status","0","1","0"
"25829","456.992947106","ipcas_21:73:17","147","2","422","LIED43PROT/LLN0$Alarm","1","",""
"25830","456.992948580","ipcas_21:73:17","189","2","422","LIED43MEAS/LLN0$Measurement","0","0","0"
"25916","458.023045334","ipcas_21:73:17","150","2","423","LIED43CTRL/LLN0$Status","0","1","0"
"25917","458.023074093","ipcas_21:73:17","147","2","423","LIED43PROT/LLN0$Alarm","1","",""
"25918","458.023801638","ipcas_21:73:17","189","2","423","LIED43MEAS/LLN0$Measurement","0","0","0"
"25995","459.047718002","ipcas_21:73:17","150","2","424","LIED43CTRL/LLN0$Status","0","1","0"
"25996","459.047813789","ipcas_21:73:17","147","2","424","LIED43PROT/LLN0$Alarm","1","",""
"25997","459.048242839","ipcas_21:73:17","189","2","424","LIED43MEAS/LLN0$Measurement","0","0","0"
"26116","460.077903799","ipcas_21:73:17","150","2","425","LIED43CTRL/LLN0$Status","0","1","0"
"26117","460.077908233","ipcas_21:73:17","147","2","425","LIED43PROT/LLN0$Alarm","1","",""
"26118","460.077992263","ipcas_21:73:17","189","2","425","LIED43MEAS/LLN0$Measurement","0","0","0"
"26209","461.105224509","ipcas_21:73:17","150","2","426","LIED43CTRL/LLN0$Status","0","1","0"
"26210","461.105229536","ipcas_21:73:17","147","2","426","LIED43PROT/LLN0$Alarm","1","",""
"26211","461.105230422","ipcas_21:73:17","189","2","426","LIED43MEAS/LLN0$Measurement","0","0","0"
"26275","462.129431251","ipcas_21:73:17","150","2","427","LIED43CTRL/LLN0$Status","0","1","0"
"26276","462.130310461","ipcas_21:73:17","147","2","427","LIED43PROT/LLN0$Alarm","1","",""
"26277","462.130312295","ipcas_21:73:17","189","2","427","LIED43MEAS/LLN0$Measurement","0","0","0"
"26343","463.158081791","ipcas_21:73:17","150","2","428","LIED43CTRL/LLN0$Status","0","1","0"
"26344","463.158085598","ipcas_21:73:17","147","2","428","LIED43PROT/LLN0$Alarm","1","",""
"26345","463.158420483","ipcas_21:73:17","189","2","428","LIED43MEAS/LLN0$Measurement","0","0","0"
"26410","464.181474915","ipcas_21:73:17","150","2","429","LIED43CTRL/LLN0$Status","0","1","0"
"26411","464.181990061","ipcas_21:73:17","147","2","429","LIED43PROT/LLN0$Alarm","1","",""
"26412","464.181995437","ipcas_21:73:17","189","2","429","LIED43MEAS/LLN0$Measurement","0","0","0"
"26466","465.202251770","ipcas_21:73:17","150","2","430","LIED43CTRL/LLN0$Status","0","1","0"
"26467","465.202252062","ipcas_21:73:17","147","2","430","LIED43PROT/LLN0$Alarm","1","",""
"26468","465.202252414","ipcas_21:73:17","189","2","430","LIED43MEAS/LLN0$Measurement","0","0","0"
"26524","466.220243391","ipcas_21:73:17","150","2","431","LIED43CTRL/LLN0$Status","0","1","0"
"26525","466.220247074","ipcas_21:73:17","147","2","431","LIED43PROT/LLN0$Alarm","1","",""
"26526","466.220519316","ipcas_21:73:17","189","2","431","LIED43MEAS/LLN0$Measurement","0","0","0"
"26585","467.247377309","ipcas_21:73:17","150","2","432","LIED43CTRL/LLN0$Status","0","1","0"
"26586","467.247384345","ipcas_21:73:17","147","2","432","LIED43PROT/LLN0$Alarm","1","",""
"26587","467.247385608","ipcas_21:73:17","189","2","432","LIED43MEAS/LLN0$Measurement","0","0","0"
"26644","468.261335594","ipcas_21:73:17","150","2","433","LIED43CTRL/LLN0$Status","0","1","0"
"26645","468.261338678","ipcas_21:73:17","147","2","433","LIED43PROT/LLN0$Alarm","1","",""
"26646","468.261339623","ipcas_21:73:17","189","2","433","LIED43MEAS/LLN0$Measurement","0","0","0"
"26700","469.274655120","ipcas_21:73:17","150","2","434","LIED43CTRL/LLN0$Status","0","1","0"
"26701","469.274657944","ipcas_21:73:17","147","2","434","LIED43PROT/LLN0$Alarm","1","",""
"26702","469.274658473","ipcas_21:73:17","189","2","434","LIED43MEAS/LLN0$Measurement","0","0","0"
"26754","470.284854311","ipcas_21:73:17","150","2","435","LIED43CTRL/LLN0$Status","0","1","0"
"26755","470.284856280","ipcas_21:73:17","147","2","435","LIED43PROT/LLN0$Alarm","1","",""
"26756","470.284857041","ipcas_21:73:17","189","2","435","LIED43MEAS/LLN0$Measurement","0","0","0"
"26807","471.315151650","ipcas_21:73:17","150","2","436","LIED43CTRL/LLN0$Status","0","1","0"
"26808","471.315159054","ipcas_21:73:17","147","2","436","LIED43PROT/LLN0$Alarm","1","",""
"26809","471.315159886","ipcas_21:73:17","189","2","436","LIED43MEAS/LLN0$Measurement","0","0","0"
"26860","472.332875305","ipcas_21:73:17","150","2","437","LIED43CTRL/LLN0$Status","0","1","0"
"26861","472.332880544","ipcas_21:73:17","147","2","437","LIED43PROT/LLN0$Alarm","1","",""
"26862","472.332882045","ipcas_21:73:17","189","2","437","LIED43MEAS/LLN0$Measurement","0","0","0"
"26914","473.349500337","ipcas_21:73:17","150","2","438","LIED43CTRL/LLN0$Status","0","1","0"
"26915","473.349504833","ipcas_21:73:17","147","2","438","LIED43PROT/LLN0$Alarm","1","",""
"26916","473.349505234","ipcas_21:73:17","189","2","438","LIED43MEAS/LLN0$Measurement","0","0","0"
"26971","474.370154607","ipcas_21:73:17","150","2","439","LIED43CTRL/LLN0$Status","0","1","0"
"26972","474.370160704","ipcas_21:73:17","147","2","439","LIED43PROT/LLN0$Alarm","1","",""
"26973","474.370162004","ipcas_21:73:17","189","2","439","LIED43MEAS/LLN0$Measurement","0","0","0"
"27026","475.384221812","ipcas_21:73:17","150","2","440","LIED43CTRL/LLN0$Status","0","1","0"
"27027","475.384229226","ipcas_21:73:17","147","2","440","LIED43PROT/LLN0$Alarm","1","",""
"27028","475.384231521","ipcas_21:73:17","189","2","440","LIED43MEAS/LLN0$Measurement","0","0","0"
"27080","476.414895073","ipcas_21:73:17","150","2","441","LIED43CTRL/LLN0$Status","0","1","0"
"27081","476.414899461","ipcas_21:73:17","147","2","441","LIED43PROT/LLN0$Alarm","1","",""
"27082","476.414899996","ipcas_21:73:17","189","2","441","LIED43MEAS/LLN0$Measurement","0","0","0"
"27134","478.028381059","ipcas_21:73:17","150","2","442","LIED43CTRL/LLN0$Status","0","1","0"
"27135","478.028381969","ipcas_21:73:17","147","2","442","LIED43PROT/LLN0$Alarm","1","",""
"27136","478.028382571","ipcas_21:73:17","189","2","442","LIED43MEAS/LLN0$Measurement","0","0","0"
"27187","479.066907021","ipcas_21:73:17","150","2","443","LIED43CTRL/LLN0$Status","0","1","0"
"27188","479.066909853","ipcas_21:73:17","147","2","443","LIED43PROT/LLN0$Alarm","1","",""
"27189","479.066910774","ipcas_21:73:17","189","2","443","LIED43MEAS/LLN0$Measurement","0","0","0"
"27242","480.085497882","ipcas_21:73:17","150","2","444","LIED43CTRL/LLN0$Status","0","1","0"
"27243","480.085499338","ipcas_21:73:17","147","2","444","LIED43PROT/LLN0$Alarm","1","",""
"27244","480.085500661","ipcas_21:73:17","189","2","444","LIED43MEAS/LLN0$Measurement","0","0","0"
"27295","481.099852453","ipcas_21:73:17","150","2","445","LIED43CTRL/LLN0$Status","0","1","0"
"27296","481.099857848","ipcas_21:73:17","147","2","445","LIED43PROT/LLN0$Alarm","1","",""
"27297","481.100310808","ipcas_21:73:17","189","2","445","LIED43MEAS/LLN0$Measurement","0","0","0"
"27350","482.133535558","ipcas_21:73:17","150","2","446","LIED43CTRL/LLN0$Status","0","1","0"
"27351","482.133537119","ipcas_21:73:17","147","2","446","LIED43PROT/LLN0$Alarm","1","",""
"27352","482.133537917","ipcas_21:73:17","189","2","446","LIED43MEAS/LLN0$Measurement","0","0","0"
"27405","483.146229622","ipcas_21:73:17","150","2","447","LIED43CTRL/LLN0$Status","0","1","0"
"27406","483.146230437","ipcas_21:73:17","147","2","447","LIED43PROT/LLN0$Alarm","1","",""
"27407","483.146232148","ipcas_21:73:17","189","2","447","LIED43MEAS/LLN0$Measurement","0","0","0"
"27459","484.170834264","ipcas_21:73:17","150","2","448","LIED43CTRL/LLN0$Status","0","1","0"
"27460","484.170842372","ipcas_21:73:17","147","2","448","LIED43PROT/LLN0$Alarm","1","",""
"27461","484.170843538","ipcas_21:73:17","189","2","448","LIED43MEAS/LLN0$Measurement","0","0","0"
"27513","485.179824665","ipcas_21:73:17","150","2","449","LIED43CTRL/LLN0$Status","0","1","0"
"27514","485.179825493","ipcas_21:73:17","147","2","449","LIED43PROT/LLN0$Alarm","1","",""
"27515","485.179826343","ipcas_21:73:17","189","2","449","LIED43MEAS/LLN0$Measurement","0","0","0"
"27567","486.197461131","ipcas_21:73:17","150","2","450","LIED43CTRL/LLN0$Status","0","1","0"
"27568","486.197463985","ipcas_21:73:17","147","2","450","LIED43PROT/LLN0$Alarm","1","",""
"27569","486.197465175","ipcas_21:73:17","189","2","450","LIED43MEAS/LLN0$Measurement","0","0","0"
"27620","487.231972800","ipcas_21:73:17","150","2","451","LIED43CTRL/LLN0$Status","0","1","0"
"27621","487.231974758","ipcas_21:73:17","147","2","451","LIED43PROT/LLN0$Alarm","1","",""
"27622","487.231975452","ipcas_21:73:17","189","2","451","LIED43MEAS/LLN0$Measurement","0","0","0"
"27674","488.253330425","ipcas_21:73:17","150","2","452","LIED43CTRL/LLN0$Status","0","1","0"
"27675","488.253335667","ipcas_21:73:17","147","2","452","LIED43PROT/LLN0$Alarm","1","",""
"27676","488.253337324","ipcas_21:73:17","189","2","452","LIED43MEAS/LLN0$Measurement","0","0","0"
"27728","489.266521282","ipcas_21:73:17","150","2","453","LIED43CTRL/LLN0$Status","0","1","0"
"27729","489.266522261","ipcas_21:73:17","147","2","453","LIED43PROT/LLN0$Alarm","1","",""
"27730","489.266523155","ipcas_21:73:17","189","2","453","LIED43MEAS/LLN0$Measurement","0","0","0"
"27784","490.286496382","ipcas_21:73:17","150","2","454","LIED43CTRL/LLN0$Status","0","1","0"
"27785","490.286851156","ipcas_21:73:17","147","2","454","LIED43PROT/LLN0$Alarm","1","",""
"27786","490.287087208","ipcas_21:73:17","189","2","454","LIED43MEAS/LLN0$Measurement","0","0","0"
"27840","491.322121106","ipcas_21:73:17","150","2","455","LIED43CTRL/LLN0$Status","0","1","0"
"27841","491.322122579","ipcas_21:73:17","147","2","455","LIED43PROT/LLN0$Alarm","1","",""
"27842","491.322123401","ipcas_21:73:17","189","2","455","LIED43MEAS/LLN0$Measurement","0","0","0"
"27895","492.374358655","ipcas_21:73:17","150","2","456","LIED43CTRL/LLN0$Status","0","1","0"
"27896","492.374363731","ipcas_21:73:17","147","2","456","LIED43PROT/LLN0$Alarm","1","",""
"27897","492.374364972","ipcas_21:73:17","189","2","456","LIED43MEAS/LLN0$Measurement","0","0","0"
"27948","493.396891870","ipcas_21:73:17","150","2","457","LIED43CTRL/LLN0$Status","0","1","0"
"27949","493.396898133","ipcas_21:73:17","147","2","457","LIED43PROT/LLN0$Alarm","1","",""
"27950","493.396899065","ipcas_21:73:17","189","2","457","LIED43MEAS/LLN0$Measurement","0","0","0"
"28002","494.417099579","ipcas_21:73:17","150","2","458","LIED43CTRL/LLN0$Status","0","1","0"
"28003","494.417102505","ipcas_21:73:17","147","2","458","LIED43PROT/LLN0$Alarm","1","",""
"28004","494.417102954","ipcas_21:73:17","189","2","458","LIED43MEAS/LLN0$Measurement","0","0","0"
"28055","495.463180600","ipcas_21:73:17","150","2","459","LIED43CTRL/LLN0$Status","0","1","0"
"28056","495.464153237","ipcas_21:73:17","147","2","459","LIED43PROT/LLN0$Alarm","1","",""
"28057","495.464157172","ipcas_21:73:17","189","2","459","LIED43MEAS/LLN0$Measurement","0","0","0"
"28108","496.486904571","ipcas_21:73:17","150","2","460","LIED43CTRL/LLN0$Status","0","1","0"
"28109","496.486907482","ipcas_21:73:17","147","2","460","LIED43PROT/LLN0$Alarm","1","",""
"28110","496.486907832","ipcas_21:73:17","189","2","460","LIED43MEAS/LLN0$Measurement","0","0","0"
"28162","497.532397123","ipcas_21:73:17","150","2","461","LIED43CTRL/LLN0$Status","0","1","0"
"28163","497.532397550","ipcas_21:73:17","147","2","461","LIED43PROT/LLN0$Alarm","1","",""
"28164","497.532397957","ipcas_21:73:17","189","2","461","LIED43MEAS/LLN0$Measurement","0","0","0"
"28216","498.545027533","ipcas_21:73:17","150","2","462","LIED43CTRL/LLN0$Status","0","1","0"
"28217","498.545031098","ipcas_21:73:17","147","2","462","LIED43PROT/LLN0$Alarm","1","",""
"28218","498.545176987","ipcas_21:73:17","189","2","462","LIED43MEAS/LLN0$Measurement","0","0","0"
"28269","499.610415133","ipcas_21:73:17","150","2","463","LIED43CTRL/LLN0$Status","0","1","0"
"28270","499.610419110","ipcas_21:73:17","147","2","463","LIED43PROT/LLN0$Alarm","1","",""
"28271","499.610419724","ipcas_21:73:17","189","2","463","LIED43MEAS/LLN0$Measurement","0","0","0"
"28322","500.644076951","ipcas_21:73:17","150","2","464","LIED43CTRL/LLN0$Status","0","1","0"
"28323","500.644084060","ipcas_21:73:17","147","2","464","LIED43PROT/LLN0$Alarm","1","",""
"28324","500.644085092","ipcas_21:73:17","189","2","464","LIED43MEAS/LLN0$Measurement","0","0","0"
"28376","501.681317948","ipcas_21:73:17","150","2","465","LIED43CTRL/LLN0$Status","0","1","0"
"28377","501.681318324","ipcas_21:73:17","147","2","465","LIED43PROT/LLN0$Alarm","1","",""
"28378","501.681318934","ipcas_21:73:17","189","2","465","LIED43MEAS/LLN0$Measurement","0","0","0"
"28430","502.707259675","ipcas_21:73:17","150","2","466","LIED43CTRL/LLN0$Status","0","1","0"
"28431","502.707265364","ipcas_21:73:17","147","2","466","LIED43PROT/LLN0$Alarm","1","",""
"28432","502.714064597","ipcas_21:73:17","189","2","466","LIED43MEAS/LLN0$Measurement","0","0","0"
"28494","503.727813271","ipcas_21:73:17","150","2","467","LIED43CTRL/LLN0$Status","0","1","0"
"28495","503.728169513","ipcas_21:73:17","147","2","467","LIED43PROT/LLN0$Alarm","1","",""
"28496","503.728174755","ipcas_21:73:17","189","2","467","LIED43MEAS/LLN0$Measurement","0","0","0"
"28555","504.748420386","ipcas_21:73:17","150","2","468","LIED43CTRL/LLN0$Status","0","1","0"
"28556","504.748478229","ipcas_21:73:17","147","2","468","LIED43PROT/LLN0$Alarm","1","",""
"28557","504.748480033","ipcas_21:73:17","189","2","468","LIED43MEAS/LLN0$Measurement","0","0","0"
"28608","505.787423158","ipcas_21:73:17","150","2","469","LIED43CTRL/LLN0$Status","0","1","0"
"28609","505.787424146","ipcas_21:73:17","147","2","469","LIED43PROT/LLN0$Alarm","1","",""
"28610","505.787424445","ipcas_21:73:17","189","2","469","LIED43MEAS/LLN0$Measurement","0","0","0"
"28661","506.809052557","ipcas_21:73:17","150","2","470","LIED43CTRL/LLN0$Status","0","1","0"
"28662","506.809053338","ipcas_21:73:17","147","2","470","LIED43PROT/LLN0$Alarm","1","",""
"28663","506.809054003","ipcas_21:73:17","189","2","470","LIED43MEAS/LLN0$Measurement","0","0","0"
"28714","507.820369279","ipcas_21:73:17","150","2","471","LIED43CTRL/LLN0$Status","0","1","0"
"28715","507.820370027","ipcas_21:73:17","147","2","471","LIED43PROT/LLN0$Alarm","1","",""
"28716","507.820370891","ipcas_21:73:17","189","2","471","LIED43MEAS/LLN0$Measurement","0","0","0"
"28767","508.869166485","ipcas_21:73:17","150","2","472","LIED43CTRL/LLN0$Status","0","1","0"
"28768","508.869167105","ipcas_21:73:17","147","2","472","LIED43PROT/LLN0$Alarm","1","",""
"28769","508.869167919","ipcas_21:73:17","189","2","472","LIED43MEAS/LLN0$Measurement","0","0","0"
"28820","509.908714311","ipcas_21:73:17","150","2","473","LIED43CTRL/LLN0$Status","0","1","0"
"28821","509.908721413","ipcas_21:73:17","147","2","473","LIED43PROT/LLN0$Alarm","1","",""
"28822","509.908722389","ipcas_21:73:17","189","2","473","LIED43MEAS/LLN0$Measurement","0","0","0"
"28873","511.223824519","ipcas_21:73:17","150","2","474","LIED43CTRL/LLN0$Status","0","1","0"
"28874","511.223828632","ipcas_21:73:17","147","2","474","LIED43PROT/LLN0$Alarm","1","",""
"28875","511.223829330","ipcas_21:73:17","189","2","474","LIED43MEAS/LLN0$Measurement","0","0","0"
"28926","512.250596837","ipcas_21:73:17","150","2","475","LIED43CTRL/LLN0$Status","0","1","0"
"28927","512.250600540","ipcas_21:73:17","147","2","475","LIED43PROT/LLN0$Alarm","1","",""
"28928","512.250601384","ipcas_21:73:17","189","2","475","LIED43MEAS/LLN0$Measurement","0","0","0"
"28979","513.275789901","ipcas_21:73:17","150","2","476","LIED43CTRL/LLN0$Status","0","1","0"
"28980","513.275795548","ipcas_21:73:17","147","2","476","LIED43PROT/LLN0$Alarm","1","",""
"28981","513.276448193","ipcas_21:73:17","189","2","476","LIED43MEAS/LLN0$Measurement","0","0","0"
"29032","514.312496047","ipcas_21:73:17","150","2","477","LIED43CTRL/LLN0$Status","0","1","0"
"29033","514.312503853","ipcas_21:73:17","147","2","477","LIED43PROT/LLN0$Alarm","1","",""
"29034","514.312504836","ipcas_21:73:17","189","2","477","LIED43MEAS/LLN0$Measurement","0","0","0"
"29085","515.351371791","ipcas_21:73:17","150","2","478","LIED43CTRL/LLN0$Status","0","1","0"
"29086","515.351372468","ipcas_21:73:17","147","2","478","LIED43PROT/LLN0$Alarm","1","",""
"29087","515.351372815","ipcas_21:73:17","189","2","478","LIED43MEAS/LLN0$Measurement","0","0","0"
"29138","516.378417402","ipcas_21:73:17","150","2","479","LIED43CTRL/LLN0$Status","0","1","0"
"29139","516.378421725","ipcas_21:73:17","147","2","479","LIED43PROT/LLN0$Alarm","1","",""
"29140","516.378422323","ipcas_21:73:17","189","2","479","LIED43MEAS/LLN0$Measurement","0","0","0"
"29191","517.429825928","ipcas_21:73:17","150","2","480","LIED43CTRL/LLN0$Status","0","1","0"
"29192","517.429830624","ipcas_21:73:17","147","2","480","LIED43PROT/LLN0$Alarm","1","",""
"29193","517.429831671","ipcas_21:73:17","189","2","480","LIED43MEAS/LLN0$Measurement","0","0","0"
"29244","518.500746489","ipcas_21:73:17","150","2","481","LIED43CTRL/LLN0$Status","0","1","0"
"29245","518.500747351","ipcas_21:73:17","147","2","481","LIED43PROT/LLN0$Alarm","1","",""
"29246","518.500748065","ipcas_21:73:17","189","2","481","LIED43MEAS/LLN0$Measurement","0","0","0"
"29297","519.526340276","ipcas_21:73:17","150","2","482","LIED43CTRL/LLN0$Status","0","1","0"
"29298","519.526340727","ipcas_21:73:17","147","2","482","LIED43PROT/LLN0$Alarm","1","",""
"29299","519.526341111","ipcas_21:73:17","189","2","482","LIED43MEAS/LLN0$Measurement","0","0","0"
"29350","520.573304828","ipcas_21:73:17","150","2","483","LIED43CTRL/LLN0$Status","0","1","0"
"29351","520.573305151","ipcas_21:73:17","147","2","483","LIED43PROT/LLN0$Alarm","1","",""
"29352","520.573306068","ipcas_21:73:17","189","2","483","LIED43MEAS/LLN0$Measurement","0","0","0"
"29403","521.594182238","ipcas_21:73:17","150","2","484","LIED43CTRL/LLN0$Status","0","1","0"
"29404","521.594241839","ipcas_21:73:17","147","2","484","LIED43PROT/LLN0$Alarm","1","",""
"29405","521.594299782","ipcas_21:73:17","189","2","484","LIED43MEAS/LLN0$Measurement","0","0","0"
"29456","522.620079375","ipcas_21:73:17","150","2","485","LIED43CTRL/LLN0$Status","0","1","0"
"29457","522.620083477","ipcas_21:73:17","147","2","485","LIED43PROT/LLN0$Alarm","1","",""
"29458","522.620084295","ipcas_21:73:17","189","2","485","LIED43MEAS/LLN0$Measurement","0","0","0"
"29509","523.673021533","ipcas_21:73:17","150","2","486","LIED43CTRL/LLN0$Status","0","1","0"
"29510","523.673629684","ipcas_21:73:17","147","2","486","LIED43PROT/LLN0$Alarm","1","",""
"29511","523.673632990","ipcas_21:73:17","189","2","486","LIED43MEAS/LLN0$Measurement","0","0","0"
"29562","524.701288252","ipcas_21:73:17","150","2","487","LIED43CTRL/LLN0$Status","0","1","0"
"29563","524.701289579","ipcas_21:73:17","147","2","487","LIED43PROT/LLN0$Alarm","1","",""
"29564","524.701290956","ipcas_21:73:17","189","2","487","LIED43MEAS/LLN0$Measurement","0","0","0"
"29615","525.717322375","ipcas_21:73:17","150","2","488","LIED43CTRL/LLN0$Status","0","1","0"
"29616","525.717322687","ipcas_21:73:17","147","2","488","LIED43PROT/LLN0$Alarm","1","",""
"29617","525.717323578","ipcas_21:73:17","189","2","488","LIED43MEAS/LLN0$Measurement","0","0","0"
"29668","526.749194666","ipcas_21:73:17","150","2","489","LIED43CTRL/LLN0$Status","0","1","0"
"29669","526.749196293","ipcas_21:73:17","147","2","489","LIED43PROT/LLN0$Alarm","1","",""
"29670","526.749197312","ipcas_21:73:17","189","2","489","LIED43MEAS/LLN0$Measurement","0","0","0"
"29721","527.768562818","ipcas_21:73:17","150","2","490","LIED43CTRL/LLN0$Status","0","1","0"
"29722","527.768753252","ipcas_21:73:17","147","2","490","LIED43PROT/LLN0$Alarm","1","",""
"29723","527.769396877","ipcas_21:73:17","189","2","490","LIED43MEAS/LLN0$Measurement","0","0","0"
"29774","528.809910094","ipcas_21:73:17","150","2","491","LIED43CTRL/LLN0$Status","0","1","0"
"29775","528.809910422","ipcas_21:73:17","147","2","491","LIED43PROT/LLN0$Alarm","1","",""
"29776","528.809910813","ipcas_21:73:17","189","2","491","LIED43MEAS/LLN0$Measurement","0","0","0"
"29827","529.818028545","ipcas_21:73:17","150","2","492","LIED43CTRL/LLN0$Status","0","1","0"
"29828","529.818032048","ipcas_21:73:17","147","2","492","LIED43PROT/LLN0$Alarm","1","",""
"29829","529.818032953","ipcas_21:73:17","189","2","492","LIED43MEAS/LLN0$Measurement","0","0","0"
"29880","530.841851578","ipcas_21:73:17","150","2","493","LIED43CTRL/LLN0$Status","0","1","0"
"29881","530.842367121","ipcas_21:73:17","147","2","493","LIED43PROT/LLN0$Alarm","1","",""
"29882","530.843043054","ipcas_21:73:17","189","2","493","LIED43MEAS/LLN0$Measurement","0","0","0"
"29933","531.885870590","ipcas_21:73:17","150","2","494","LIED43CTRL/LLN0$Status","0","1","0"
"29934","531.886237669","ipcas_21:73:17","147","2","494","LIED43PROT/LLN0$Alarm","1","",""
"29935","531.886583757","ipcas_21:73:17","189","2","494","LIED43MEAS/LLN0$Measurement","0","0","0"
"29986","532.913774650","ipcas_21:73:17","150","2","495","LIED43CTRL/LLN0$Status","0","1","0"
"29987","532.913775350","ipcas_21:73:17","147","2","495","LIED43PROT/LLN0$Alarm","1","",""
"29988","532.913775905","ipcas_21:73:17","189","2","495","LIED43MEAS/LLN0$Measurement","0","0","0"
"30039","533.938205005","ipcas_21:73:17","150","2","496","LIED43CTRL/LLN0$Status","0","1","0"
"30040","533.938207077","ipcas_21:73:17","147","2","496","LIED43PROT/LLN0$Alarm","1","",""
"30041","533.938207790","ipcas_21:73:17","189","2","496","LIED43MEAS/LLN0$Measurement","0","0","0"
"30092","534.957990941","ipcas_21:73:17","150","2","497","LIED43CTRL/LLN0$Status","0","1","0"
"30093","534.957992357","ipcas_21:73:17","147","2","497","LIED43PROT/LLN0$Alarm","1","",""
"30094","534.957993653","ipcas_21:73:17","189","2","497","LIED43MEAS/LLN0$Measurement","0","0","0"
"30145","535.982494789","ipcas_21:73:17","150","2","498","LIED43CTRL/LLN0$Status","0","1","0"
"30146","535.982498921","ipcas_21:73:17","147","2","498","LIED43PROT/LLN0$Alarm","1","",""
"30147","535.982500206","ipcas_21:73:17","189","2","498","LIED43MEAS/LLN0$Measurement","0","0","0"
"30198","537.012896301","ipcas_21:73:17","150","2","499","LIED43CTRL/LLN0$Status","0","1","0"
"30199","537.012903297","ipcas_21:73:17","147","2","499","LIED43PROT/LLN0$Alarm","1","",""
"30200","537.013295502","ipcas_21:73:17","189","2","499","LIED43MEAS/LLN0$Measurement","0","0","0"
"30251","538.064453713","ipcas_21:73:17","150","2","500","LIED43CTRL/LLN0$Status","0","1","0"
"30252","538.064458388","ipcas_21:73:17","147","2","500","LIED43PROT/LLN0$Alarm","1","",""
"30253","538.064459635","ipcas_21:73:17","189","2","500","LIED43MEAS/LLN0$Measurement","0","0","0"
"30304","539.087733308","ipcas_21:73:17","150","2","501","LIED43CTRL/LLN0$Status","0","1","0"
"30305","539.087737191","ipcas_21:73:17","147","2","501","LIED43PROT/LLN0$Alarm","1","",""
"30306","539.087738170","ipcas_21:73:17","189","2","501","LIED43MEAS/LLN0$Measurement","0","0","0"
"30357","540.115321737","ipcas_21:73:17","150","2","502","LIED43CTRL/LLN0$Status","0","1","0"
"30358","540.115324883","ipcas_21:73:17","147","2","502","LIED43PROT/LLN0$Alarm","1","",""
"30359","540.115325618","ipcas_21:73:17","189","2","502","LIED43MEAS/LLN0$Measurement","0","0","0"
"30410","541.131753143","ipcas_21:73:17","150","2","503","LIED43CTRL/LLN0$Status","0","1","0"
"30411","541.131754088","ipcas_21:73:17","147","2","503","LIED43PROT/LLN0$Alarm","1","",""
"30412","541.131754982","ipcas_21:73:17","189","2","503","LIED43MEAS/LLN0$Measurement","0","0","0"
"30463","542.149312853","ipcas_21:73:17","150","2","504","LIED43CTRL/LLN0$Status","0","1","0"
"30464","542.149313439","ipcas_21:73:17","147","2","504","LIED43PROT/LLN0$Alarm","1","",""
"30465","542.149314217","ipcas_21:73:17","189","2","504","LIED43MEAS/LLN0$Measurement","0","0","0"
"30516","543.174777516","ipcas_21:73:17","150","2","505","LIED43CTRL/LLN0$Status","0","1","0"
"30517","543.174779949","ipcas_21:73:17","147","2","505","LIED43PROT/LLN0$Alarm","1","",""
"30518","543.174780689","ipcas_21:73:17","189","2","505","LIED43MEAS/LLN0$Measurement","0","0","0"
"30569","544.209303541","ipcas_21:73:17","150","2","506","LIED43CTRL/LLN0$Status","0","1","0"
"30570","544.209589436","ipcas_21:73:17","147","2","506","LIED43PROT/LLN0$Alarm","1","",""
"30571","544.210481117","ipcas_21:73:17","189","2","506","LIED43MEAS/LLN0$Measurement","0","0","0"
"30622","545.237074941","ipcas_21:73:17","150","2","507","LIED43CTRL/LLN0$Status","0","1","0"
"30623","545.237075251","ipcas_21:73:17","147","2","507","LIED43PROT/LLN0$Alarm","1","",""
"30624","545.237076089","ipcas_21:73:17","189","2","507","LIED43MEAS/LLN0$Measurement","0","0","0"
"30675","546.258603445","ipcas_21:73:17","150","2","508","LIED43CTRL/LLN0$Status","0","1","0"
"30676","546.258603855","ipcas_21:73:17","147","2","508","LIED43PROT/LLN0$Alarm","1","",""
"30677","546.258604288","ipcas_21:73:17","189","2","508","LIED43MEAS/LLN0$Measurement","0","0","0"
"30728","547.325957049","ipcas_21:73:17","150","2","509","LIED43CTRL/LLN0$Status","0","1","0"
"30729","547.325963538","ipcas_21:73:17","147","2","509","LIED43PROT/LLN0$Alarm","1","",""
"30730","547.325964108","ipcas_21:73:17","189","2","509","LIED43MEAS/LLN0$Measurement","0","0","0"
"30781","548.330634620","ipcas_21:73:17","150","2","510","LIED43CTRL/LLN0$Status","0","1","0"
"30782","548.330640192","ipcas_21:73:17","147","2","510","LIED43PROT/LLN0$Alarm","1","",""
"30783","548.330641704","ipcas_21:73:17","189","2","510","LIED43MEAS/LLN0$Measurement","0","0","0"
"30834","549.402545288","ipcas_21:73:17","150","2","511","LIED43CTRL/LLN0$Status","0","1","0"
"30835","549.402553783","ipcas_21:73:17","147","2","511","LIED43PROT/LLN0$Alarm","1","",""
"30836","549.402554518","ipcas_21:73:17","189","2","511","LIED43MEAS/LLN0$Measurement","0","0","0"
"30887","550.412727068","ipcas_21:73:17","150","2","512","LIED43CTRL/LLN0$Status","0","1","0"
"30888","550.412731894","ipcas_21:73:17","147","2","512","LIED43PROT/LLN0$Alarm","1","",""
"30889","550.412788918","ipcas_21:73:17","189","2","512","LIED43MEAS/LLN0$Measurement","0","0","0"
"30940","551.443849063","ipcas_21:73:17","150","2","513","LIED43CTRL/LLN0$Status","0","1","0"
"30941","551.443852462","ipcas_21:73:17","147","2","513","LIED43PROT/LLN0$Alarm","1","",""
"30942","551.443853075","ipcas_21:73:17","189","2","513","LIED43MEAS/LLN0$Measurement","0","0","0"
"30993","552.464260717","ipcas_21:73:17","150","2","514","LIED43CTRL/LLN0$Status","0","1","0"
"30994","552.464266138","ipcas_21:73:17","147","2","514","LIED43PROT/LLN0$Alarm","1","",""
"30995","552.464267291","ipcas_21:73:17","189","2","514","LIED43MEAS/LLN0$Measurement","0","0","0"
"31046","553.487187561","ipcas_21:73:17","150","2","515","LIED43CTRL/LLN0$Status","0","1","0"
"31047","553.487188554","ipcas_21:73:17","147","2","515","LIED43PROT/LLN0$Alarm","1","",""
"31048","553.487189613","ipcas_21:73:17","189","2","515","LIED43MEAS/LLN0$Measurement","0","0","0"
"31099","554.511479109","ipcas_21:73:17","150","2","516","LIED43CTRL/LLN0$Status","0","1","0"
"31100","554.511484574","ipcas_21:73:17","147","2","516","LIED43PROT/LLN0$Alarm","1","",""
"31101","554.511486065","ipcas_21:73:17","189","2","516","LIED43MEAS/LLN0$Measurement","0","0","0"
"31152","555.541212841","ipcas_21:73:17","150","2","517","LIED43CTRL/LLN0$Status","0","1","0"
"31153","555.544207828","ipcas_21:73:17","147","2","517","LIED43PROT/LLN0$Alarm","1","",""
"31154","555.544213243","ipcas_21:73:17","189","2","517","LIED43MEAS/LLN0$Measurement","0","0","0"
"31205","557.167476382","ipcas_21:73:17","150","2","518","LIED43CTRL/LLN0$Status","0","1","0"
"31206","557.167524890","ipcas_21:73:17","147","2","518","LIED43PROT/LLN0$Alarm","1","",""
"31207","557.167594603","ipcas_21:73:17","189","2","518","LIED43MEAS/LLN0$Measurement","0","0","0"
"31258","558.184392510","ipcas_21:73:17","150","2","519","LIED43CTRL/LLN0$Status","0","1","0"
"31259","558.184393329","ipcas_21:73:17","147","2","519","LIED43PROT/LLN0$Alarm","1","",""
"31260","558.184394465","ipcas_21:73:17","189","2","519","LIED43MEAS/LLN0$Measurement","0","0","0"
"31311","559.210651784","ipcas_21:73:17","150","2","520","LIED43CTRL/LLN0$Status","0","1","0"
"31312","559.210658202","ipcas_21:73:17","147","2","520","LIED43PROT/LLN0$Alarm","1","",""
"31313","559.210660060","ipcas_21:73:17","189","2","520","LIED43MEAS/LLN0$Measurement","0","0","0"
"31364","560.233533317","ipcas_21:73:17","150","2","521","LIED43CTRL/LLN0$Status","0","1","0"
"31365","560.233534343","ipcas_21:73:17","147","2","521","LIED43PROT/LLN0$Alarm","1","",""
"31366","560.233534774","ipcas_21:73:17","189","2","521","LIED43MEAS/LLN0$Measurement","0","0","0"
"31417","561.253530217","ipcas_21:73:17","150","2","522","LIED43CTRL/LLN0$Status","0","1","0"
"31418","561.253534355","ipcas_21:73:17","147","2","522","LIED43PROT/LLN0$Alarm","1","",""
"31419","561.253534748","ipcas_21:73:17","189","2","522","LIED43MEAS/LLN0$Measurement","0","0","0"
"31470","562.274600687","ipcas_21:73:17","150","2","523","LIED43CTRL/LLN0$Status","0","1","0"
"31471","562.274603858","ipcas_21:73:17","147","2","523","LIED43PROT/LLN0$Alarm","1","",""
"31472","562.274604573","ipcas_21:73:17","189","2","523","LIED43MEAS/LLN0$Measurement","0","0","0"
"31523","563.296917186","ipcas_21:73:17","150","2","524","LIED43CTRL/LLN0$Status","0","1","0"
"31524","563.296918132","ipcas_21:73:17","147","2","524","LIED43PROT/LLN0$Alarm","1","",""
"31525","563.296919411","ipcas_21:73:17","189","2","524","LIED43MEAS/LLN0$Measurement","0","0","0"
"31576","564.331087954","ipcas_21:73:17","150","2","525","LIED43CTRL/LLN0$Status","0","1","0"
"31577","564.331088601","ipcas_21:73:17","147","2","525","LIED43PROT/LLN0$Alarm","1","",""
"31578","564.331089336","ipcas_21:73:17","189","2","525","LIED43MEAS/LLN0$Measurement","0","0","0"
"31629","565.332268038","ipcas_21:73:17","150","2","526","LIED43CTRL/LLN0$Status","0","1","0"
"31630","565.332272935","ipcas_21:73:17","147","2","526","LIED43PROT/LLN0$Alarm","1","",""
"31631","565.332273773","ipcas_21:73:17","189","2","526","LIED43MEAS/LLN0$Measurement","0","0","0"
"31682","566.346644732","ipcas_21:73:17","150","2","527","LIED43CTRL/LLN0$Status","0","1","0"
"31683","566.346646199","ipcas_21:73:17","147","2","527","LIED43PROT/LLN0$Alarm","1","",""
"31684","566.346647472","ipcas_21:73:17","189","2","527","LIED43MEAS/LLN0$Measurement","0","0","0"
"31735","567.372688561","ipcas_21:73:17","150","2","528","LIED43CTRL/LLN0$Status","0","1","0"
"31736","567.372691878","ipcas_21:73:17","147","2","528","LIED43PROT/LLN0$Alarm","1","",""
"31737","567.372692557","ipcas_21:73:17","189","2","528","LIED43MEAS/LLN0$Measurement","0","0","0"
"31788","568.395464057","ipcas_21:73:17","150","2","529","LIED43CTRL/LLN0$Status","0","1","0"
"31789","568.395465120","ipcas_21:73:17","147","2","529","LIED43PROT/LLN0$Alarm","1","",""
"31790","568.395465446","ipcas_21:73:17","189","2","529","LIED43MEAS/LLN0$Measurement","0","0","0"
"31841","569.416186814","ipcas_21:73:17","150","2","530","LIED43CTRL/LLN0$Status","0","1","0"
"31842","569.416187660","ipcas_21:73:17","147","2","530","LIED43PROT/LLN0$Alarm","1","",""
"31843","569.416187964","ipcas_21:73:17","189","2","530","LIED43MEAS/LLN0$Measurement","0","0","0"
"31894","570.434641080","ipcas_21:73:17","150","2","531","LIED43CTRL/LLN0$Status","0","1","0"
"31895","570.434641715","ipcas_21:73:17","147","2","531","LIED43PROT/LLN0$Alarm","1","",""
"31896","570.434642473","ipcas_21:73:17","189","2","531","LIED43MEAS/LLN0$Measurement","0","0","0"
"31947","571.480635664","ipcas_21:73:17","150","2","532","LIED43CTRL/LLN0$Status","0","1","0"
"31948","571.480638093","ipcas_21:73:17","147","2","532","LIED43PROT/LLN0$Alarm","1","",""
"31949","571.480638565","ipcas_21:73:17","189","2","532","LIED43MEAS/LLN0$Measurement","0","0","0"
"32000","572.504407195","ipcas_21:73:17","150","2","533","LIED43CTRL/LLN0$Status","0","1","0"
"32001","572.504410562","ipcas_21:73:17","147","2","533","LIED43PROT/LLN0$Alarm","1","",""
"32002","572.504411104","ipcas_21:73:17","189","2","533","LIED43MEAS/LLN0$Measurement","0","0","0"
"32053","574.166488533","ipcas_21:73:17","150","2","534","LIED43CTRL/LLN0$Status","0","1","0"
"32054","574.166670409","ipcas_21:73:17","147","2","534","LIED43PROT/LLN0$Alarm","1","",""
"32055","574.166672932","ipcas_21:73:17","189","2","534","LIED43MEAS/LLN0$Measurement","0","0","0"
"32106","575.190983642","ipcas_21:73:17","150","2","535","LIED43CTRL/LLN0$Status","0","1","0"
"32107","575.190984975","ipcas_21:73:17","147","2","535","LIED43PROT/LLN0$Alarm","1","",""
"32108","575.190986185","ipcas_21:73:17","189","2","535","LIED43MEAS/LLN0$Measurement","0","0","0"
"32159","576.215942464","ipcas_21:73:17","150","2","536","LIED43CTRL/LLN0$Status","0","1","0"
"32160","576.215947643","ipcas_21:73:17","147","2","536","LIED43PROT/LLN0$Alarm","1","",""
"32161","576.215949267","ipcas_21:73:17","189","2","536","LIED43MEAS/LLN0$Measurement","0","0","0"
"32212","577.243439160","ipcas_21:73:17","150","2","537","LIED43CTRL/LLN0$Status","0","1","0"
"32213","577.243442123","ipcas_21:73:17","147","2","537","LIED43PROT/LLN0$Alarm","1","",""
"32214","577.243442773","ipcas_21:73:17","189","2","537","LIED43MEAS/LLN0$Measurement","0","0","0"
"32265","578.263027304","ipcas_21:73:17","150","2","538","LIED43CTRL/LLN0$Status","0","1","0"
"32266","578.263027788","ipcas_21:73:17","147","2","538","LIED43PROT/LLN0$Alarm","1","",""
"32267","578.263028561","ipcas_21:73:17","189","2","538","LIED43MEAS/LLN0$Measurement","0","0","0"
"32318","579.285618839","ipcas_21:73:17","150","2","539","LIED43CTRL/LLN0$Status","0","1","0"
"32319","579.285619722","ipcas_21:73:17","147","2","539","LIED43PROT/LLN0$Alarm","1","",""
"32320","579.285620388","ipcas_21:73:17","189","2","539","LIED43MEAS/LLN0$Measurement","0","0","0"
"32371","580.309489446","ipcas_21:73:17","150","2","540","LIED43CTRL/LLN0$Status","0","1","0"
"32372","580.309493292","ipcas_21:73:17","147","2","540","LIED43PROT/LLN0$Alarm","1","",""
"32373","580.309493677","ipcas_21:73:17","189","2","540","LIED43MEAS/LLN0$Measurement","0","0","0"
"32424","581.322397804","ipcas_21:73:17","150","2","541","LIED43CTRL/LLN0$Status","0","1","0"
"32425","581.322403149","ipcas_21:73:17","147","2","541","LIED43PROT/LLN0$Alarm","1","",""
"32426","581.322403633","ipcas_21:73:17","189","2","541","LIED43MEAS/LLN0$Measurement","0","0","0"
"32466","582.347480025","ipcas_21:73:17","150","2","542","LIED43CTRL/LLN0$Status","0","1","0"
"32467","582.347480923","ipcas_21:73:17","147","2","542","LIED43PROT/LLN0$Alarm","1","",""
"32468","582.347481585","ipcas_21:73:17","189","2","542","LIED43MEAS/LLN0$Measurement","0","0","0"
"32500","583.416460931","ipcas_21:73:17","150","2","543","LIED43CTRL/LLN0$Status","0","1","0"
"32501","583.416461985","ipcas_21:73:17","147","2","543","LIED43PROT/LLN0$Alarm","1","",""
"32502","583.416462821","ipcas_21:73:17","189","2","543","LIED43MEAS/LLN0$Measurement","0","0","0"
"32553","584.414484718","ipcas_21:73:17","150","2","544","LIED43CTRL/LLN0$Status","0","1","0"
"32554","584.414485506","ipcas_21:73:17","147","2","544","LIED43PROT/LLN0$Alarm","1","",""
"32555","584.414486404","ipcas_21:73:17","189","2","544","LIED43MEAS/LLN0$Measurement","0","0","0"
"32606","585.435366322","ipcas_21:73:17","150","2","545","LIED43CTRL/LLN0$Status","0","1","0"
"32607","585.435371093","ipcas_21:73:17","147","2","545","LIED43PROT/LLN0$Alarm","1","",""
"32608","585.435372386","ipcas_21:73:17","189","2","545","LIED43MEAS/LLN0$Measurement","0","0","0"
"32659","586.457815972","ipcas_21:73:17","150","2","546","LIED43CTRL/LLN0$Status","0","1","0"
"32660","586.457816972","ipcas_21:73:17","147","2","546","LIED43PROT/LLN0$Alarm","1","",""
"32661","586.457817544","ipcas_21:73:17","189","2","546","LIED43MEAS/LLN0$Measurement","0","0","0"
"32712","587.478895335","ipcas_21:73:17","150","2","547","LIED43CTRL/LLN0$Status","0","1","0"
"32713","587.478901085","ipcas_21:73:17","147","2","547","LIED43PROT/LLN0$Alarm","1","",""
"32714","587.478902431","ipcas_21:73:17","189","2","547","LIED43MEAS/LLN0$Measurement","0","0","0"
"32765","588.524367588","ipcas_21:73:17","150","2","548","LIED43CTRL/LLN0$Status","0","1","0"
"32766","588.524588567","ipcas_21:73:17","147","2","548","LIED43PROT/LLN0$Alarm","1","",""
"32767","588.525058579","ipcas_21:73:17","189","2","548","LIED43MEAS/LLN0$Measurement","0","0","0"
"32818","589.538508279","ipcas_21:73:17","150","2","549","LIED43CTRL/LLN0$Status","0","1","0"
"32819","589.538514000","ipcas_21:73:17","147","2","549","LIED43PROT/LLN0$Alarm","1","",""
"32820","589.538514759","ipcas_21:73:17","189","2","549","LIED43MEAS/LLN0$Measurement","0","0","0"
"32871","590.556032584","ipcas_21:73:17","150","2","550","LIED43CTRL/LLN0$Status","0","1","0"
"32872","590.556033517","ipcas_21:73:17","147","2","550","LIED43PROT/LLN0$Alarm","1","",""
"32873","590.556034120","ipcas_21:73:17","189","2","550","LIED43MEAS/LLN0$Measurement","0","0","0"
"32924","591.609156926","ipcas_21:73:17","150","2","551","LIED43CTRL/LLN0$Status","0","1","0"
"32925","591.609157718","ipcas_21:73:17","147","2","551","LIED43PROT/LLN0$Alarm","1","",""
"32926","591.609158746","ipcas_21:73:17","189","2","551","LIED43MEAS/LLN0$Measurement","0","0","0"
"32977","592.630290303","ipcas_21:73:17","150","2","552","LIED43CTRL/LLN0$Status","0","1","0"
"32978","592.630298074","ipcas_21:73:17","147","2","552","LIED43PROT/LLN0$Alarm","1","",""
"32979","592.630300176","ipcas_21:73:17","189","2","552","LIED43MEAS/LLN0$Measurement","0","0","0"
"33030","593.662224764","ipcas_21:73:17","150","2","553","LIED43CTRL/LLN0$Status","0","1","0"
"33031","593.662225638","ipcas_21:73:17","147","2","553","LIED43PROT/LLN0$Alarm","1","",""
"33032","593.662226106","ipcas_21:73:17","189","2","553","LIED43MEAS/LLN0$Measurement","0","0","0"
"33077","594.705595136","ipcas_21:73:17","150","2","554","LIED43CTRL/LLN0$Status","0","1","0"
"33078","594.705595718","ipcas_21:73:17","147","2","554","LIED43PROT/LLN0$Alarm","1","",""
"33079","594.705596881","ipcas_21:73:17","189","2","554","LIED43MEAS/LLN0$Measurement","0","0","0"
"33109","595.726402177","ipcas_21:73:17","150","2","555","LIED43CTRL/LLN0$Status","0","1","0"
"33110","595.726402973","ipcas_21:73:17","147","2","555","LIED43PROT/LLN0$Alarm","1","",""
"33111","595.726403254","ipcas_21:73:17","189","2","555","LIED43MEAS/LLN0$Measurement","0","0","0"
"33159","596.747383457","ipcas_21:73:17","150","2","556","LIED43CTRL/LLN0$Status","0","1","0"
"33160","596.747387004","ipcas_21:73:17","147","2","556","LIED43PROT/LLN0$Alarm","1","",""
"33161","596.747387532","ipcas_21:73:17","189","2","556","LIED43MEAS/LLN0$Measurement","0","0","0"
"33212","597.769882634","ipcas_21:73:17","150","2","557","LIED43CTRL/LLN0$Status","0","1","0"
"33213","597.769883517","ipcas_21:73:17","147","2","557","LIED43PROT/LLN0$Alarm","1","",""
"33214","597.769884382","ipcas_21:73:17","189","2","557","LIED43MEAS/LLN0$Measurement","0","0","0"
"33265","598.796131635","ipcas_21:73:17","150","2","558","LIED43CTRL/LLN0$Status","0","1","0"
"33266","598.796133256","ipcas_21:73:17","147","2","558","LIED43PROT/LLN0$Alarm","1","",""
"33267","598.796134843","ipcas_21:73:17","189","2","558","LIED43MEAS/LLN0$Measurement","0","0","0"
"33318","599.816292673","ipcas_21:73:17","150","2","559","LIED43CTRL/LLN0$Status","0","1","0"
"33319","599.816293602","ipcas_21:73:17","147","2","559","LIED43PROT/LLN0$Alarm","1","",""
"33320","599.816294444","ipcas_21:73:17","189","2","559","LIED43MEAS/LLN0$Measurement","0","0","0"
"33371","600.840294280","ipcas_21:73:17","150","2","560","LIED43CTRL/LLN0$Status","0","1","0"
"33372","600.840299913","ipcas_21:73:17","147","2","560","LIED43PROT/LLN0$Alarm","1","",""
"33373","600.840301186","ipcas_21:73:17","189","2","560","LIED43MEAS/LLN0$Measurement","0","0","0"
"33424","601.863410684","ipcas_21:73:17","150","2","561","LIED43CTRL/LLN0$Status","0","1","0"
"33425","601.863416010","ipcas_21:73:17","147","2","561","LIED43PROT/LLN0$Alarm","1","",""
"33426","601.863417467","ipcas_21:73:17","189","2","561","LIED43MEAS/LLN0$Measurement","0","0","0"
"33477","602.891348831","ipcas_21:73:17","150","2","562","LIED43CTRL/LLN0$Status","0","1","0"
"33478","602.891355329","ipcas_21:73:17","147","2","562","LIED43PROT/LLN0$Alarm","1","",""
"33479","602.891356763","ipcas_21:73:17","189","2","562","LIED43MEAS/LLN0$Measurement","0","0","0"
"33530","603.917223414","ipcas_21:73:17","150","2","563","LIED43CTRL/LLN0$Status","0","1","0"
"33531","603.917567818","ipcas_21:73:17","147","2","563","LIED43PROT/LLN0$Alarm","1","",""
"33532","603.917571576","ipcas_21:73:17","189","2","563","LIED43MEAS/LLN0$Measurement","0","0","0"
"33583","604.954055060","ipcas_21:73:17","150","2","564","LIED43CTRL/LLN0$Status","0","1","0"
"33584","604.954063693","ipcas_21:73:17","147","2","564","LIED43PROT/LLN0$Alarm","1","",""
"33585","604.954065701","ipcas_21:73:17","189","2","564","LIED43MEAS/LLN0$Measurement","0","0","0"
"33624","605.977186755","ipcas_21:73:17","150","2","565","LIED43CTRL/LLN0$Status","0","1","0"
"33625","605.977189007","ipcas_21:73:17","147","2","565","LIED43PROT/LLN0$Alarm","1","",""
"33626","605.977189612","ipcas_21:73:17","189","2","565","LIED43MEAS/LLN0$Measurement","0","0","0"
"33659","606.998929467","ipcas_21:73:17","150","2","566","LIED43CTRL/LLN0$Status","0","1","0"
"33660","606.998935418","ipcas_21:73:17","147","2","566","LIED43PROT/LLN0$Alarm","1","",""
"33661","606.998936851","ipcas_21:73:17","189","2","566","LIED43MEAS/LLN0$Measurement","0","0","0"
"33712","608.024315725","ipcas_21:73:17","150","2","567","LIED43CTRL/LLN0$Status","0","1","0"
"33713","608.024319799","ipcas_21:73:17","147","2","567","LIED43PROT/LLN0$Alarm","1","",""
"33714","608.024320450","ipcas_21:73:17","189","2","567","LIED43MEAS/LLN0$Measurement","0","0","0"
"33765","609.050423041","ipcas_21:73:17","150","2","568","LIED43CTRL/LLN0$Status","0","1","0"
"33766","609.050423810","ipcas_21:73:17","147","2","568","LIED43PROT/LLN0$Alarm","1","",""
"33767","609.050424156","ipcas_21:73:17","189","2","568","LIED43MEAS/LLN0$Measurement","0","0","0"
"33818","610.067233344","ipcas_21:73:17","150","2","569","LIED43CTRL/LLN0$Status","0","1","0"
"33819","610.067237627","ipcas_21:73:17","147","2","569","LIED43PROT/LLN0$Alarm","1","",""
"33820","610.067238483","ipcas_21:73:17","189","2","569","LIED43MEAS/LLN0$Measurement","0","0","0"
"33871","611.091877940","ipcas_21:73:17","150","2","570","LIED43CTRL/LLN0$Status","0","1","0"
"33872","611.091883686","ipcas_21:73:17","147","2","570","LIED43PROT/LLN0$Alarm","1","",""
"33873","611.091885150","ipcas_21:73:17","189","2","570","LIED43MEAS/LLN0$Measurement","0","0","0"
"33924","612.103673228","ipcas_21:73:17","150","2","571","LIED43CTRL/LLN0$Status","0","1","0"
"33925","612.103677452","ipcas_21:73:17","147","2","571","LIED43PROT/LLN0$Alarm","1","",""
"33926","612.103677904","ipcas_21:73:17","189","2","571","LIED43MEAS/LLN0$Measurement","0","0","0"
"33977","613.149085724","ipcas_21:73:17","150","2","572","LIED43CTRL/LLN0$Status","0","1","0"
"33978","613.149086203","ipcas_21:73:17","147","2","572","LIED43PROT/LLN0$Alarm","1","",""
"33979","613.149086598","ipcas_21:73:17","189","2","572","LIED43MEAS/LLN0$Measurement","0","0","0"
"34003","614.144981730","ipcas_21:73:17","150","2","573","LIED43CTRL/LLN0$Status","0","1","0"
"34004","614.145805292","ipcas_21:73:17","147","2","573","LIED43PROT/LLN0$Alarm","1","",""
"34005","614.145809098","ipcas_21:73:17","189","2","573","LIED43MEAS/LLN0$Measurement","0","0","0"
"34026","615.426232458","ipcas_21:73:17","150","2","574","LIED43CTRL/LLN0$Status","0","1","0"
"34027","615.426233707","ipcas_21:73:17","147","2","574","LIED43PROT/LLN0$Alarm","1","",""
"34028","615.426235247","ipcas_21:73:17","189","2","574","LIED43MEAS/LLN0$Measurement","0","0","0"
"34049","616.452766728","ipcas_21:73:17","150","2","575","LIED43CTRL/LLN0$Status","0","1","0"
"34050","616.452838596","ipcas_21:73:17","147","2","575","LIED43PROT/LLN0$Alarm","1","",""
"34051","616.452880932","ipcas_21:73:17","189","2","575","LIED43MEAS/LLN0$Measurement","0","0","0"
"34096","617.467873560","ipcas_21:73:17","150","2","576","LIED43CTRL/LLN0$Status","0","1","0"
"34097","617.467957563","ipcas_21:73:17","147","2","576","LIED43PROT/LLN0$Alarm","1","",""
"34098","617.467995178","ipcas_21:73:17","189","2","576","LIED43MEAS/LLN0$Measurement","0","0","0"
"34125","618.497916551","ipcas_21:73:17","150","2","577","LIED43CTRL/LLN0$Status","0","1","0"
"34126","618.497916822","ipcas_21:73:17","147","2","577","LIED43PROT/LLN0$Alarm","1","",""
"34127","618.497917141","ipcas_21:73:17","189","2","577","LIED43MEAS/LLN0$Measurement","0","0","0"
"34175","619.514645480","ipcas_21:73:17","150","2","578","LIED43CTRL/LLN0$Status","0","1","0"
"34176","619.514649541","ipcas_21:73:17","147","2","578","LIED43PROT/LLN0$Alarm","1","",""
"34177","619.514649958","ipcas_21:73:17","189","2","578","LIED43MEAS/LLN0$Measurement","0","0","0"
"34228","620.530570994","ipcas_21:73:17","150","2","579","LIED43CTRL/LLN0$Status","0","1","0"
"34229","620.530572689","ipcas_21:73:17","147","2","579","LIED43PROT/LLN0$Alarm","1","",""
"34230","620.530572993","ipcas_21:73:17","189","2","579","LIED43MEAS/LLN0$Measurement","0","0","0"
"34281","621.568738573","ipcas_21:73:17","150","2","580","LIED43CTRL/LLN0$Status","0","1","0"
"34282","621.568739435","ipcas_21:73:17","147","2","580","LIED43PROT/LLN0$Alarm","1","",""
"34283","621.568740485","ipcas_21:73:17","189","2","580","LIED43MEAS/LLN0$Measurement","0","0","0"
"34334","622.608315132","ipcas_21:73:17","150","2","581","LIED43CTRL/LLN0$Status","0","1","0"
"34335","622.608318607","ipcas_21:73:17","147","2","581","LIED43PROT/LLN0$Alarm","1","",""
"34336","622.608319658","ipcas_21:73:17","189","2","581","LIED43MEAS/LLN0$Measurement","0","0","0"
"34372","623.628106709","ipcas_21:73:17","150","2","582","LIED43CTRL/LLN0$Status","0","1","0"
"34373","623.628218463","ipcas_21:73:17","147","2","582","LIED43PROT/LLN0$Alarm","1","",""
"34374","623.628425556","ipcas_21:73:17","189","2","582","LIED43MEAS/LLN0$Measurement","0","0","0"
"34395","624.721430867","ipcas_21:73:17","150","2","583","LIED43CTRL/LLN0$Status","0","1","0"
"34396","624.721443122","ipcas_21:73:17","147","2","583","LIED43PROT/LLN0$Alarm","1","",""
"34397","624.721445370","ipcas_21:73:17","189","2","583","LIED43MEAS/LLN0$Measurement","0","0","0"
"34418","625.760475770","ipcas_21:73:17","150","2","584","LIED43CTRL/LLN0$Status","0","1","0"
"34419","625.760480054","ipcas_21:73:17","147","2","584","LIED43PROT/LLN0$Alarm","1","",""
"34420","625.760481052","ipcas_21:73:17","189","2","584","LIED43MEAS/LLN0$Measurement","0","0","0"
