"No.","Time","Source","Length","stNum","sqNum","goID","integer","integer","integer"
"13","0.013925357","ipcas_21:73:29","149","1","0","LIED21CTRL/LLN0$Status","1","1","0"
"14","0.013926090","ipcas_21:73:29","146","1","0","LIED21PROT/LLN0$Alarm","1","",""
"15","0.013926783","ipcas_21:73:29","203","1","0","LIED21MEAS/LLN0$Measurement","313","314","312"
"66","1.064071251","ipcas_21:73:29","149","1","1","LIED21CTRL/LLN0$Status","1","1","0"
"67","1.064080061","ipcas_21:73:29","146","1","1","LIED21PROT/LLN0$Alarm","1","",""
"68","1.064081074","ipcas_21:73:29","203","1","1","LIED21MEAS/LLN0$Measurement","312","311","313"
"119","2.097504547","ipcas_21:73:29","149","1","2","LIED21CTRL/LLN0$Status","1","1","0"
"120","2.097511666","ipcas_21:73:29","146","1","2","LIED21PROT/LLN0$Alarm","1","",""
"121","2.097512829","ipcas_21:73:29","203","1","2","LIED21MEAS/LLN0$Measurement","305","312","315"
"172","3.145333846","ipcas_21:73:29","149","1","3","LIED21CTRL/LLN0$Status","1","1","0"
"173","3.145334437","ipcas_21:73:29","146","1","3","LIED21PROT/LLN0$Alarm","1","",""
"174","3.145334733","ipcas_21:73:29","203","1","3","LIED21MEAS/LLN0$Measurement","315","312","314"
"225","4.180412638","ipcas_21:73:29","149","1","4","LIED21CTRL/LLN0$Status","1","1","0"
"226","4.180416440","ipcas_21:73:29","146","1","4","LIED21PROT/LLN0$Alarm","1","",""
"227","4.180417247","ipcas_21:73:29","203","1","4","LIED21MEAS/LLN0$Measurement","306","310","305"
"278","5.240854765","ipcas_21:73:29","149","1","5","LIED21CTRL/LLN0$Status","1","1","0"
"279","5.240860215","ipcas_21:73:29","146","1","5","LIED21PROT/LLN0$Alarm","1","",""
"280","5.240860990","ipcas_21:73:29","203","1","5","LIED21MEAS/LLN0$Measurement","315","306","306"
"331","6.313074845","ipcas_21:73:29","149","1","6","LIED21CTRL/LLN0$Status","1","1","0"
"332","6.313079888","ipcas_21:73:29","146","1","6","LIED21PROT/LLN0$Alarm","1","",""
"333","6.313080281","ipcas_21:73:29","203","1","6","LIED21MEAS/LLN0$Measurement","309","314","313"
"384","7.373077166","ipcas_21:73:29","149","1","7","LIED21CTRL/LLN0$Status","1","1","0"
"385","7.373077586","ipcas_21:73:29","146","1","7","LIED21PROT/LLN0$Alarm","1","",""
"386","7.373078029","ipcas_21:73:29","203","1","7","LIED21MEAS/LLN0$Measurement","314","312","305"
"437","8.418254258","ipcas_21:73:29","149","1","8","LIED21CTRL/LLN0$Status","1","1","0"
"438","8.418260539","ipcas_21:73:29","146","1","8","LIED21PROT/LLN0$Alarm","1","",""
"439","8.418597462","ipcas_21:73:29","203","1","8","LIED21MEAS/LLN0$Measurement","306","310","307"
"490","9.461982558","ipcas_21:73:29","149","1","9","LIED21CTRL/LLN0$Status","1","1","0"
"491","9.461990135","ipcas_21:73:29","146","1","9","LIED21PROT/LLN0$Alarm","1","",""
"492","9.461991570","ipcas_21:73:29","203","1","9","LIED21MEAS/LLN0$Measurement","311","315","305"
"543","10.522408737","ipcas_21:73:29","149","1","10","LIED21CTRL/LLN0$Status","1","1","0"
"544","10.526795545","ipcas_21:73:29","146","1","10","LIED21PROT/LLN0$Alarm","1","",""
"545","10.526800066","ipcas_21:73:29","203","1","10","LIED21MEAS/LLN0$Measurement","315","306","314"
"596","11.589232557","ipcas_21:73:29","149","1","11","LIED21CTRL/LLN0$Status","1","1","0"
"597","11.589239551","ipcas_21:73:29","146","1","11","LIED21PROT/LLN0$Alarm","1","",""
"598","11.589240165","ipcas_21:73:29","203","1","11","LIED21MEAS/LLN0$Measurement","307","310","313"
"649","12.632789934","ipcas_21:73:29","149","1","12","LIED21CTRL/LLN0$Status","1","1","0"
"650","12.632798173","ipcas_21:73:29","146","1","12","LIED21PROT/LLN0$Alarm","1","",""
"651","12.632799378","ipcas_21:73:29","203","1","12","LIED21MEAS/LLN0$Measurement","308","310","311"
"702","13.694710746","ipcas_21:73:29","149","1","13","LIED21CTRL/LLN0$Status","1","1","0"
"703","13.694718981","ipcas_21:73:29","146","1","13","LIED21PROT/LLN0$Alarm","1","",""
"704","13.694870288","ipcas_21:73:29","203","1","13","LIED21MEAS/LLN0$Measurement","313","311","312"
"755","14.759450737","ipcas_21:73:29","149","1","14","LIED21CTRL/LLN0$Status","1","1","0"
"756","14.759982209","ipcas_21:73:29","146","1","14","LIED21PROT/LLN0$Alarm","1","",""
"757","14.759985245","ipcas_21:73:29","203","1","14","LIED21MEAS/LLN0$Measurement","314","314","309"
"808","15.801442652","ipcas_21:73:29","149","1","15","LIED21CTRL/LLN0$Status","1","1","0"
"809","15.801913266","ipcas_21:73:29","146","1","15","LIED21PROT/LLN0$Alarm","1","",""
"810","15.802149906","ipcas_21:73:29","203","1","15","LIED21MEAS/LLN0$Measurement","305","314","315"
"861","16.851560709","ipcas_21:73:29","149","1","16","LIED21CTRL/LLN0$Status","1","1","0"
"862","16.851656955","ipcas_21:73:29","146","1","16","LIED21PROT/LLN0$Alarm","1","",""
"863","16.851708243","ipcas_21:73:29","203","1","16","LIED21MEAS/LLN0$Measurement","314","311","311"
"914","17.897758514","ipcas_21:73:29","149","1","17","LIED21CTRL/LLN0$Status","1","1","0"
"915","17.897766215","ipcas_21:73:29","146","1","17","LIED21PROT/LLN0$Alarm","1","",""
"916","17.897767618","ipcas_21:73:29","203","1","17","LIED21MEAS/LLN0$Measurement","309","311","308"
"967","18.954814704","ipcas_21:73:29","149","1","18","LIED21CTRL/LLN0$Status","1","1","0"
"968","18.954820867","ipcas_21:73:29","146","1","18","LIED21PROT/LLN0$Alarm","1","",""
"969","18.954821219","ipcas_21:73:29","203","1","18","LIED21MEAS/LLN0$Measurement","309","312","315"
"1020","20.006704416","ipcas_21:73:29","149","1","19","LIED21CTRL/LLN0$Status","1","1","0"
"1021","20.006968841","ipcas_21:73:29","146","1","19","LIED21PROT/LLN0$Alarm","1","",""
"1022","20.006971668","ipcas_21:73:29","203","1","19","LIED21MEAS/LLN0$Measurement","309","315","305"
"1073","21.049598409","ipcas_21:73:29","149","1","20","LIED21CTRL/LLN0$Status","1","1","0"
"1074","21.049974258","ipcas_21:73:29","146","1","20","LIED21PROT/LLN0$Alarm","1","",""
"1075","21.050190695","ipcas_21:73:29","203","1","20","LIED21MEAS/LLN0$Measurement","309","312","307"
"1126","22.128771289","ipcas_21:73:29","149","1","21","LIED21CTRL/LLN0$Status","1","1","0"
"1127","22.128979019","ipcas_21:73:29","146","1","21","LIED21PROT/LLN0$Alarm","1","",""
"1128","22.129104332","ipcas_21:73:29","203","1","21","LIED21MEAS/LLN0$Measurement","309","312","309"
"1179","23.173002660","ipcas_21:73:29","149","1","22","LIED21CTRL/LLN0$Status","1","1","0"
"1180","23.173006273","ipcas_21:73:29","146","1","22","LIED21PROT/LLN0$Alarm","1","",""
"1181","23.173280843","ipcas_21:73:29","203","1","22","LIED21MEAS/LLN0$Measurement","315","311","310"
"1232","24.229474296","ipcas_21:73:29","149","1","23","LIED21CTRL/LLN0$Status","1","1","0"
"1233","24.229482441","ipcas_21:73:29","146","1","23","LIED21PROT/LLN0$Alarm","1","",""
"1234","24.231544926","ipcas_21:73:29","203","1","23","LIED21MEAS/LLN0$Measurement","313","309","315"
"1285","25.297484486","ipcas_21:73:29","149","1","24","LIED21CTRL/LLN0$Status","1","1","0"
"1286","25.297492969","ipcas_21:73:29","146","1","24","LIED21PROT/LLN0$Alarm","1","",""
"1287","25.297493597","ipcas_21:73:29","203","1","24","LIED21MEAS/LLN0$Measurement","310","311","313"
"1338","26.337573598","ipcas_21:73:29","149","1","25","LIED21CTRL/LLN0$Status","1","1","0"
"1339","26.337573969","ipcas_21:73:29","146","1","25","LIED21PROT/LLN0$Alarm","1","",""
"1340","26.337574598","ipcas_21:73:29","203","1","25","LIED21MEAS/LLN0$Measurement","307","310","314"
"1391","27.399338897","ipcas_21:73:29","149","1","26","LIED21CTRL/LLN0$Status","1","1","0"
"1392","27.399342588","ipcas_21:73:29","146","1","26","LIED21PROT/LLN0$Alarm","1","",""
"1393","27.399342987","ipcas_21:73:29","203","1","26","LIED21MEAS/LLN0$Measurement","307","308","306"
"1444","28.453787163","ipcas_21:73:29","149","1","27","LIED21CTRL/LLN0$Status","1","1","0"
"1445","28.453787566","ipcas_21:73:29","146","1","27","LIED21PROT/LLN0$Alarm","1","",""
"1446","28.453788074","ipcas_21:73:29","203","1","27","LIED21MEAS/LLN0$Measurement","309","305","310"
"1497","29.487679742","ipcas_21:73:29","149","1","28","LIED21CTRL/LLN0$Status","1","1","0"
"1498","29.487687794","ipcas_21:73:29","146","1","28","LIED21PROT/LLN0$Alarm","1","",""
"1499","29.487689221","ipcas_21:73:29","203","1","28","LIED21MEAS/LLN0$Measurement","307","314","307"
"1550","30.558030990","ipcas_21:73:29","149","1","29","LIED21CTRL/LLN0$Status","1","1","0"
"1551","30.558549756","ipcas_21:73:29","146","1","29","LIED21PROT/LLN0$Alarm","1","",""
"1552","30.558552937","ipcas_21:73:29","203","1","29","LIED21MEAS/LLN0$Measurement","305","305","310"
"1603","31.607399187","ipcas_21:73:29","149","1","30","LIED21CTRL/LLN0$Status","1","1","0"
"1604","31.607404700","ipcas_21:73:29","146","1","30","LIED21PROT/LLN0$Alarm","1","",""
"1605","31.607406039","ipcas_21:73:29","203","1","30","LIED21MEAS/LLN0$Measurement","310","305","311"
"1656","32.682389577","ipcas_21:73:29","149","1","31","LIED21CTRL/LLN0$Status","1","1","0"
"1657","32.682393454","ipcas_21:73:29","146","1","31","LIED21PROT/LLN0$Alarm","1","",""
"1658","32.682393974","ipcas_21:73:29","203","1","31","LIED21MEAS/LLN0$Measurement","307","312","306"
"1709","33.736899169","ipcas_21:73:29","149","1","32","LIED21CTRL/LLN0$Status","1","1","0"
"1710","33.736903388","ipcas_21:73:29","146","1","32","LIED21PROT/LLN0$Alarm","1","",""
"1711","33.736904252","ipcas_21:73:29","203","1","32","LIED21MEAS/LLN0$Measurement","307","311","314"
"1762","34.800314009","ipcas_21:73:29","149","1","33","LIED21CTRL/LLN0$Status","1","1","0"
"1763","34.800314510","ipcas_21:73:29","146","1","33","LIED21PROT/LLN0$Alarm","1","",""
"1764","34.800314934","ipcas_21:73:29","203","1","33","LIED21MEAS/LLN0$Measurement","310","310","305"
"1815","35.864382505","ipcas_21:73:29","149","1","34","LIED21CTRL/LLN0$Status","1","1","0"
"1816","35.864385789","ipcas_21:73:29","146","1","34","LIED21PROT/LLN0$Alarm","1","",""
"1817","35.864386180","ipcas_21:73:29","203","1","34","LIED21MEAS/LLN0$Measurement","305","309","309"
"1868","36.903185849","ipcas_21:73:29","149","1","35","LIED21CTRL/LLN0$Status","1","1","0"
"1869","36.903191352","ipcas_21:73:29","146","1","35","LIED21PROT/LLN0$Alarm","1","",""
"1870","36.903193022","ipcas_21:73:29","203","1","35","LIED21MEAS/LLN0$Measurement","305","310","313"
"1921","37.957820479","ipcas_21:73:29","149","1","36","LIED21CTRL/LLN0$Status","1","1","0"
"1922","37.957826336","ipcas_21:73:29","146","1","36","LIED21PROT/LLN0$Alarm","1","",""
"1923","37.957827312","ipcas_21:73:29","203","1","36","LIED21MEAS/LLN0$Measurement","307","313","315"
"1974","39.019545957","ipcas_21:73:29","149","1","37","LIED21CTRL/LLN0$Status","1","1","0"
"1975","39.019551490","ipcas_21:73:29","146","1","37","LIED21PROT/LLN0$Alarm","1","",""
"1976","39.019552406","ipcas_21:73:29","203","1","37","LIED21MEAS/LLN0$Measurement","314","309","315"
"2027","40.073799583","ipcas_21:73:29","149","1","38","LIED21CTRL/LLN0$Status","1","1","0"
"2028","40.073804537","ipcas_21:73:29","146","1","38","LIED21PROT/LLN0$Alarm","1","",""
"2029","40.073804894","ipcas_21:73:29","203","1","38","LIED21MEAS/LLN0$Measurement","306","305","313"
"2080","41.113529267","ipcas_21:73:29","149","1","39","LIED21CTRL/LLN0$Status","1","1","0"
"2081","41.113533479","ipcas_21:73:29","146","1","39","LIED21PROT/LLN0$Alarm","1","",""
"2082","41.113533830","ipcas_21:73:29","203","1","39","LIED21MEAS/LLN0$Measurement","311","306","307"
"2133","42.167632916","ipcas_21:73:29","149","1","40","LIED21CTRL/LLN0$Status","1","1","0"
"2134","42.167779042","ipcas_21:73:29","146","1","40","LIED21PROT/LLN0$Alarm","1","",""
"2135","42.167871233","ipcas_21:73:29","203","1","40","LIED21MEAS/LLN0$Measurement","315","308","312"
"2186","43.217956473","ipcas_21:73:29","149","1","41","LIED21CTRL/LLN0$Status","1","1","0"
"2187","43.217966513","ipcas_21:73:29","146","1","41","LIED21PROT/LLN0$Alarm","1","",""
"2188","43.217967731","ipcas_21:73:29","203","1","41","LIED21MEAS/LLN0$Measurement","307","315","309"
"2239","44.267099922","ipcas_21:73:29","149","1","42","LIED21CTRL/LLN0$Status","1","1","0"
"2240","44.267108649","ipcas_21:73:29","146","1","42","LIED21PROT/LLN0$Alarm","1","",""
"2241","44.267109412","ipcas_21:73:29","203","1","42","LIED21MEAS/LLN0$Measurement","314","315","305"
"2292","45.322184685","ipcas_21:73:29","149","1","43","LIED21CTRL/LLN0$Status","1","1","0"
"2293","45.322185057","ipcas_21:73:29","146","1","43","LIED21PROT/LLN0$Alarm","1","",""
"2294","45.322185426","ipcas_21:73:29","203","1","43","LIED21MEAS/LLN0$Measurement","313","305","311"
"2345","46.377487071","ipcas_21:73:29","149","1","44","LIED21CTRL/LLN0$Status","1","1","0"
"2346","46.377492417","ipcas_21:73:29","146","1","44","LIED21PROT/LLN0$Alarm","1","",""
"2347","46.377493291","ipcas_21:73:29","203","1","44","LIED21MEAS/LLN0$Measurement","310","314","306"
"2398","47.441102448","ipcas_21:73:29","149","1","45","LIED21CTRL/LLN0$Status","1","1","0"
"2399","47.441554874","ipcas_21:73:29","146","1","45","LIED21PROT/LLN0$Alarm","1","",""
"2400","47.441558890","ipcas_21:73:29","203","1","45","LIED21MEAS/LLN0$Measurement","308","309","308"
"2451","48.490676069","ipcas_21:73:29","149","1","46","LIED21CTRL/LLN0$Status","1","1","0"
"2452","48.490682926","ipcas_21:73:29","146","1","46","LIED21PROT/LLN0$Alarm","1","",""
"2453","48.490683413","ipcas_21:73:29","203","1","46","LIED21MEAS/LLN0$Measurement","306","312","309"
"2504","49.544508474","ipcas_21:73:29","149","1","47","LIED21CTRL/LLN0$Status","1","1","0"
"2505","49.544512428","ipcas_21:73:29","146","1","47","LIED21PROT/LLN0$Alarm","1","",""
"2506","49.544512839","ipcas_21:73:29","203","1","47","LIED21MEAS/LLN0$Measurement","310","313","309"
"2557","50.597484001","ipcas_21:73:29","149","1","48","LIED21CTRL/LLN0$Status","1","1","0"
"2558","50.597488213","ipcas_21:73:29","146","1","48","LIED21PROT/LLN0$Alarm","1","",""
"2559","50.598350074","ipcas_21:73:29","203","1","48","LIED21MEAS/LLN0$Measurement","309","311","305"
"2610","51.673478000","ipcas_21:73:29","149","1","49","LIED21CTRL/LLN0$Status","1","1","0"
"2611","51.673481180","ipcas_21:73:29","146","1","49","LIED21PROT/LLN0$Alarm","1","",""
"2612","51.673821567","ipcas_21:73:29","203","1","49","LIED21MEAS/LLN0$Measurement","315","309","307"
"2663","52.752457210","ipcas_21:73:29","149","1","50","LIED21CTRL/LLN0$Status","1","1","0"
"2664","52.752461843","ipcas_21:73:29","146","1","50","LIED21PROT/LLN0$Alarm","1","",""
"2665","52.752462681","ipcas_21:73:29","203","1","50","LIED21MEAS/LLN0$Measurement","315","314","313"
"2716","53.816614853","ipcas_21:73:29","149","1","51","LIED21CTRL/LLN0$Status","1","1","0"
"2717","53.816619640","ipcas_21:73:29","146","1","51","LIED21PROT/LLN0$Alarm","1","",""
"2718","53.816620409","ipcas_21:73:29","203","1","51","LIED21MEAS/LLN0$Measurement","310","306","305"
"2769","54.875232967","ipcas_21:73:29","149","1","52","LIED21CTRL/LLN0$Status","1","1","0"
"2770","54.875240554","ipcas_21:73:29","146","1","52","LIED21PROT/LLN0$Alarm","1","",""
"2771","54.875540429","ipcas_21:73:29","203","1","52","LIED21MEAS/LLN0$Measurement","305","312","311"
"2822","55.935388257","ipcas_21:73:29","149","1","53","LIED21CTRL/LLN0$Status","1","1","0"
"2823","55.935394973","ipcas_21:73:29","146","1","53","LIED21PROT/LLN0$Alarm","1","",""
"2824","55.935595667","ipcas_21:73:29","203","1","53","LIED21MEAS/LLN0$Measurement","305","310","311"
"2875","56.973847818","ipcas_21:73:29","149","1","54","LIED21CTRL/LLN0$Status","1","1","0"
"2876","56.973853882","ipcas_21:73:29","146","1","54","LIED21PROT/LLN0$Alarm","1","",""
"2877","56.975818650","ipcas_21:73:29","203","1","54","LIED21MEAS/LLN0$Measurement","314","309","305"
"2928","58.034344857","ipcas_21:73:29","149","1","55","LIED21CTRL/LLN0$Status","1","1","0"
"2929","58.035101540","ipcas_21:73:29","146","1","55","LIED21PROT/LLN0$Alarm","1","",""
"2930","58.035105770","ipcas_21:73:29","203","1","55","LIED21MEAS/LLN0$Measurement","312","310","308"
"2981","59.077393672","ipcas_21:73:29","149","1","56","LIED21CTRL/LLN0$Status","1","1","0"
"2982","59.077397912","ipcas_21:73:29","146","1","56","LIED21PROT/LLN0$Alarm","1","",""
"2983","59.077398365","ipcas_21:73:29","203","1","56","LIED21MEAS/LLN0$Measurement","314","308","308"
"3034","60.140611876","ipcas_21:73:29","149","1","57","LIED21CTRL/LLN0$Status","1","1","0"
"3035","60.140856381","ipcas_21:73:29","146","1","57","LIED21PROT/LLN0$Alarm","1","",""
"3036","60.141409819","ipcas_21:73:29","203","1","57","LIED21MEAS/LLN0$Measurement","312","307","314"
"3087","61.236325660","ipcas_21:73:29","149","1","58","LIED21CTRL/LLN0$Status","1","1","0"
"3088","61.236329957","ipcas_21:73:29","146","1","58","LIED21PROT/LLN0$Alarm","1","",""
"3089","61.236330281","ipcas_21:73:29","203","1","58","LIED21MEAS/LLN0$Measurement","313","311","312"
"3140","62.281867932","ipcas_21:73:29","149","1","59","LIED21CTRL/LLN0$Status","1","1","0"
"3141","62.281873057","ipcas_21:73:29","146","1","59","LIED21PROT/LLN0$Alarm","1","",""
"3142","62.281874226","ipcas_21:73:29","203","1","59","LIED21MEAS/LLN0$Measurement","312","314","310"
"3193","63.369940713","ipcas_21:73:29","149","1","60","LIED21CTRL/LLN0$Status","1","1","0"
"3194","63.370640979","ipcas_21:73:29","146","1","60","LIED21PROT/LLN0$Alarm","1","",""
"3195","63.370884778","ipcas_21:73:29","203","1","60","LIED21MEAS/LLN0$Measurement","309","315","308"
"3246","64.424887274","ipcas_21:73:29","149","1","61","LIED21CTRL/LLN0$Status","1","1","0"
"3247","64.424890266","ipcas_21:73:29","146","1","61","LIED21PROT/LLN0$Alarm","1","",""
"3248","64.424891177","ipcas_21:73:29","203","1","61","LIED21MEAS/LLN0$Measurement","314","314","305"
"3299","65.483410023","ipcas_21:73:29","149","1","62","LIED21CTRL/LLN0$Status","1","1","0"
"3300","65.483418280","ipcas_21:73:29","146","1","62","LIED21PROT/LLN0$Alarm","1","",""
"3301","65.483418835","ipcas_21:73:29","203","1","62","LIED21MEAS/LLN0$Measurement","314","313","315"
"3352","66.554023690","ipcas_21:73:29","149","1","63","LIED21CTRL/LLN0$Status","1","1","0"
"3353","66.554216939","ipcas_21:73:29","146","1","63","LIED21PROT/LLN0$Alarm","1","",""
"3354","66.554716493","ipcas_21:73:29","203","1","63","LIED21MEAS/LLN0$Measurement","311","311","307"
"3405","67.617606945","ipcas_21:73:29","149","1","64","LIED21CTRL/LLN0$Status","1","1","0"
"3406","67.617607686","ipcas_21:73:29","146","1","64","LIED21PROT/LLN0$Alarm","1","",""
"3407","67.617608109","ipcas_21:73:29","203","1","64","LIED21MEAS/LLN0$Measurement","314","314","309"
"3458","68.675215628","ipcas_21:73:29","149","1","65","LIED21CTRL/LLN0$Status","1","1","0"
"3459","68.675221681","ipcas_21:73:29","146","1","65","LIED21PROT/LLN0$Alarm","1","",""
"3460","68.675222254","ipcas_21:73:29","203","1","65","LIED21MEAS/LLN0$Measurement","311","313","311"
"3511","69.721995293","ipcas_21:73:29","149","1","66","LIED21CTRL/LLN0$Status","1","1","0"
"3512","69.722003806","ipcas_21:73:29","146","1","66","LIED21PROT/LLN0$Alarm","1","",""
"3513","69.722005483","ipcas_21:73:29","203","1","66","LIED21MEAS/LLN0$Measurement","315","307","307"
"3564","70.787028692","ipcas_21:73:29","149","1","67","LIED21CTRL/LLN0$Status","1","1","0"
"3565","70.787037777","ipcas_21:73:29","146","1","67","LIED21PROT/LLN0$Alarm","1","",""
"3566","70.787038359","ipcas_21:73:29","203","1","67","LIED21MEAS/LLN0$Measurement","305","315","308"
"3617","71.856833923","ipcas_21:73:29","149","1","68","LIED21CTRL/LLN0$Status","1","1","0"
"3618","71.856834315","ipcas_21:73:29","146","1","68","LIED21PROT/LLN0$Alarm","1","",""
"3619","71.856834872","ipcas_21:73:29","203","1","68","LIED21MEAS/LLN0$Measurement","306","307","311"
"3670","72.879395919","ipcas_21:73:29","149","1","69","LIED21CTRL/LLN0$Status","1","1","0"
"3671","72.879399234","ipcas_21:73:29","146","1","69","LIED21PROT/LLN0$Alarm","1","",""
"3672","72.879399902","ipcas_21:73:29","203","1","69","LIED21MEAS/LLN0$Measurement","310","312","307"
"3723","73.967983190","ipcas_21:73:29","149","1","70","LIED21CTRL/LLN0$Status","1","1","0"
"3724","73.968133488","ipcas_21:73:29","146","1","70","LIED21PROT/LLN0$Alarm","1","",""
"3725","73.968289168","ipcas_21:73:29","203","1","70","LIED21MEAS/LLN0$Measurement","315","306","305"
"3776","75.048062110","ipcas_21:73:29","149","1","71","LIED21CTRL/LLN0$Status","1","1","0"
"3777","75.048432280","ipcas_21:73:29","146","1","71","LIED21PROT/LLN0$Alarm","1","",""
"3778","75.048435849","ipcas_21:73:29","203","1","71","LIED21MEAS/LLN0$Measurement","310","314","308"
"3829","76.088195679","ipcas_21:73:29","149","1","72","LIED21CTRL/LLN0$Status","1","1","0"
"3830","76.088564215","ipcas_21:73:29","146","1","72","LIED21PROT/LLN0$Alarm","1","",""
"3831","76.088566341","ipcas_21:73:29","203","1","72","LIED21MEAS/LLN0$Measurement","312","308","307"
"3882","77.163768812","ipcas_21:73:29","149","1","73","LIED21CTRL/LLN0$Status","1","1","0"
"3883","77.163769267","ipcas_21:73:29","146","1","73","LIED21PROT/LLN0$Alarm","1","",""
"3884","77.163769728","ipcas_21:73:29","203","1","73","LIED21MEAS/LLN0$Measurement","309","315","314"
"3935","78.193651799","ipcas_21:73:29","149","1","74","LIED21CTRL/LLN0$Status","1","1","0"
"3936","78.193656379","ipcas_21:73:29","146","1","74","LIED21PROT/LLN0$Alarm","1","",""
"3937","78.193657280","ipcas_21:73:29","203","1","74","LIED21MEAS/LLN0$Measurement","310","311","315"
"3988","79.247672786","ipcas_21:73:29","149","1","75","LIED21CTRL/LLN0$Status","1","1","0"
"3989","79.247680728","ipcas_21:73:29","146","1","75","LIED21PROT/LLN0$Alarm","1","",""
"3990","79.247681613","ipcas_21:73:29","203","1","75","LIED21MEAS/LLN0$Measurement","312","305","314"
"4041","80.331075324","ipcas_21:73:29","149","1","76","LIED21CTRL/LLN0$Status","1","1","0"
"4042","80.331075714","ipcas_21:73:29","146","1","76","LIED21PROT/LLN0$Alarm","1","",""
"4043","80.331076198","ipcas_21:73:29","203","1","76","LIED21MEAS/LLN0$Measurement","309","313","315"
"4094","81.379211525","ipcas_21:73:29","149","1","77","LIED21CTRL/LLN0$Status","1","1","0"
"4095","81.379214384","ipcas_21:73:29","146","1","77","LIED21PROT/LLN0$Alarm","1","",""
"4096","81.379214771","ipcas_21:73:29","203","1","77","LIED21MEAS/LLN0$Measurement","312","315","309"
"4147","82.436400234","ipcas_21:73:29","149","1","78","LIED21CTRL/LLN0$Status","1","1","0"
"4148","82.436406505","ipcas_21:73:29","146","1","78","LIED21PROT/LLN0$Alarm","1","",""
"4149","82.436407627","ipcas_21:73:29","203","1","78","LIED21MEAS/LLN0$Measurement","312","306","310"
"4200","83.485110524","ipcas_21:73:29","149","1","79","LIED21CTRL/LLN0$Status","1","1","0"
"4201","83.485113808","ipcas_21:73:29","146","1","79","LIED21PROT/LLN0$Alarm","1","",""
"4202","83.485114208","ipcas_21:73:29","203","1","79","LIED21MEAS/LLN0$Measurement","309","309","313"
"4253","84.536588628","ipcas_21:73:29","149","1","80","LIED21CTRL/LLN0$Status","1","1","0"
"4254","84.536596309","ipcas_21:73:29","146","1","80","LIED21PROT/LLN0$Alarm","1","",""
"4255","84.536597429","ipcas_21:73:29","203","1","80","LIED21MEAS/LLN0$Measurement","311","310","314"
"4306","85.606277613","ipcas_21:73:29","149","1","81","LIED21CTRL/LLN0$Status","1","1","0"
"4307","85.606282114","ipcas_21:73:29","146","1","81","LIED21PROT/LLN0$Alarm","1","",""
"4308","85.606282661","ipcas_21:73:29","203","1","81","LIED21MEAS/LLN0$Measurement","315","315","308"
"4359","86.660327382","ipcas_21:73:29","149","1","82","LIED21CTRL/LLN0$Status","1","1","0"
"4360","86.660327845","ipcas_21:73:29","146","1","82","LIED21PROT/LLN0$Alarm","1","",""
"4361","86.660328203","ipcas_21:73:29","203","1","82","LIED21MEAS/LLN0$Measurement","314","311","307"
"4412","87.725863977","ipcas_21:73:29","149","1","83","LIED21CTRL/LLN0$Status","1","1","0"
"4413","87.726386742","ipcas_21:73:29","146","1","83","LIED21PROT/LLN0$Alarm","1","",""
"4414","87.726390073","ipcas_21:73:29","203","1","83","LIED21MEAS/LLN0$Measurement","305","307","312"
"4465","88.772126715","ipcas_21:73:29","149","1","84","LIED21CTRL/LLN0$Status","1","1","0"
"4466","88.772130737","ipcas_21:73:29","146","1","84","LIED21PROT/LLN0$Alarm","1","",""
"4467","88.772131184","ipcas_21:73:29","203","1","84","LIED21MEAS/LLN0$Measurement","308","311","313"
"4521","89.834882105","ipcas_21:73:29","149","1","85","LIED21CTRL/LLN0$Status","1","1","0"
"4522","89.834887770","ipcas_21:73:29","146","1","85","LIED21PROT/LLN0$Alarm","1","",""
"4523","89.834888685","ipcas_21:73:29","203","1","85","LIED21MEAS/LLN0$Measurement","308","309","311"
"4582","90.930016285","ipcas_21:73:29","149","1","86","LIED21CTRL/LLN0$Status","1","1","0"
"4583","90.930024421","ipcas_21:73:29","146","1","86","LIED21PROT/LLN0$Alarm","1","",""
"4584","90.930024833","ipcas_21:73:29","203","1","86","LIED21MEAS/LLN0$Measurement","308","313","313"
"4639","91.984687307","ipcas_21:73:29","149","1","87","LIED21CTRL/LLN0$Status","1","1","0"
"4640","91.984688229","ipcas_21:73:29","146","1","87","LIED21PROT/LLN0$Alarm","1","",""
"4641","91.984689316","ipcas_21:73:29","203","1","87","LIED21MEAS/LLN0$Measurement","310","309","307"
"4694","93.042321184","ipcas_21:73:29","149","1","88","LIED21CTRL/LLN0$Status","1","1","0"
"4695","93.042878696","ipcas_21:73:29","146","1","88","LIED21PROT/LLN0$Alarm","1","",""
"4696","93.042882060","ipcas_21:73:29","203","1","88","LIED21MEAS/LLN0$Measurement","305","312","310"
"4748","94.096913293","ipcas_21:73:29","149","1","89","LIED21CTRL/LLN0$Status","1","1","0"
"4749","94.096919699","ipcas_21:73:29","146","1","89","LIED21PROT/LLN0$Alarm","1","",""
"4750","94.097306585","ipcas_21:73:29","203","1","89","LIED21MEAS/LLN0$Measurement","312","308","309"
"4804","95.167645848","ipcas_21:73:29","149","1","90","LIED21CTRL/LLN0$Status","1","1","0"
"4805","95.167651956","ipcas_21:73:29","146","1","90","LIED21PROT/LLN0$Alarm","1","",""
"4806","95.167652645","ipcas_21:73:29","203","1","90","LIED21MEAS/LLN0$Measurement","306","315","307"
"4857","96.215946121","ipcas_21:73:29","149","1","91","LIED21CTRL/LLN0$Status","1","1","0"
"4858","96.215953286","ipcas_21:73:29","146","1","91","LIED21PROT/LLN0$Alarm","1","",""
"4859","96.215953969","ipcas_21:73:29","203","1","91","LIED21MEAS/LLN0$Measurement","306","313","306"
"4910","97.268325810","ipcas_21:73:29","149","1","92","LIED21CTRL/LLN0$Status","1","1","0"
"4911","97.268335682","ipcas_21:73:29","146","1","92","LIED21PROT/LLN0$Alarm","1","",""
"4912","97.268336341","ipcas_21:73:29","203","1","92","LIED21MEAS/LLN0$Measurement","308","313","309"
"4965","98.297347987","ipcas_21:73:29","149","1","93","LIED21CTRL/LLN0$Status","1","1","0"
"4966","98.297351519","ipcas_21:73:29","146","1","93","LIED21PROT/LLN0$Alarm","1","",""
"4967","98.297627453","ipcas_21:73:29","203","1","93","LIED21MEAS/LLN0$Measurement","309","313","313"
"5019","99.351835508","ipcas_21:73:29","149","1","94","LIED21CTRL/LLN0$Status","1","1","0"
"5020","99.351844832","ipcas_21:73:29","146","1","94","LIED21PROT/LLN0$Alarm","1","",""
"5021","99.351845231","ipcas_21:73:29","203","1","94","LIED21MEAS/LLN0$Measurement","309","313","314"
"5072","100.360941864","ipcas_21:73:29","149","1","95","LIED21CTRL/LLN0$Status","1","1","0"
"5073","100.361625327","ipcas_21:73:29","146","1","95","LIED21PROT/LLN0$Alarm","1","",""
"5074","100.361630044","ipcas_21:73:29","203","1","95","LIED21MEAS/LLN0$Measurement","306","306","305"
"5125","101.428975413","ipcas_21:73:29","149","1","96","LIED21CTRL/LLN0$Status","1","1","0"
"5126","101.429020079","ipcas_21:73:29","146","1","96","LIED21PROT/LLN0$Alarm","1","",""
"5127","101.429022271","ipcas_21:73:29","203","1","96","LIED21MEAS/LLN0$Measurement","306","313","312"
"5178","102.442395929","ipcas_21:73:29","149","1","97","LIED21CTRL/LLN0$Status","1","1","0"
"5179","102.442782521","ipcas_21:73:29","146","1","97","LIED21PROT/LLN0$Alarm","1","",""
"5180","102.443335426","ipcas_21:73:29","203","1","97","LIED21MEAS/LLN0$Measurement","311","308","312"
"5231","103.510131404","ipcas_21:73:29","149","1","98","LIED21CTRL/LLN0$Status","1","1","0"
"5232","103.510138155","ipcas_21:73:29","146","1","98","LIED21PROT/LLN0$Alarm","1","",""
"5233","103.510138571","ipcas_21:73:29","203","1","98","LIED21MEAS/LLN0$Measurement","315","313","312"
"5284","104.579369391","ipcas_21:73:29","149","1","99","LIED21CTRL/LLN0$Status","1","1","0"
"5285","104.579370339","ipcas_21:73:29","146","1","99","LIED21PROT/LLN0$Alarm","1","",""
"5286","104.579370870","ipcas_21:73:29","203","1","99","LIED21MEAS/LLN0$Measurement","312","314","306"
"5339","105.617307527","ipcas_21:73:29","149","1","100","LIED21CTRL/LLN0$Status","1","1","0"
"5340","105.617313557","ipcas_21:73:29","146","1","100","LIED21PROT/LLN0$Alarm","1","",""
"5341","105.617315305","ipcas_21:73:29","203","1","100","LIED21MEAS/LLN0$Measurement","307","305","314"
"5392","106.695049612","ipcas_21:73:29","149","1","101","LIED21CTRL/LLN0$Status","1","1","0"
"5393","106.695419192","ipcas_21:73:29","146","1","101","LIED21PROT/LLN0$Alarm","1","",""
"5394","106.695423121","ipcas_21:73:29","203","1","101","LIED21MEAS/LLN0$Measurement","309","311","311"
"5445","107.760336173","ipcas_21:73:29","149","1","102","LIED21CTRL/LLN0$Status","1","1","0"
"5446","107.760340898","ipcas_21:73:29","146","1","102","LIED21PROT/LLN0$Alarm","1","",""
"5447","107.760341681","ipcas_21:73:29","203","1","102","LIED21MEAS/LLN0$Measurement","315","313","310"
"5498","108.804936377","ipcas_21:73:29","149","1","103","LIED21CTRL/LLN0$Status","1","1","0"
"5499","108.804947569","ipcas_21:73:29","146","1","103","LIED21PROT/LLN0$Alarm","1","",""
"5500","108.804949223","ipcas_21:73:29","203","1","103","LIED21MEAS/LLN0$Measurement","311","309","305"
"5551","109.879127730","ipcas_21:73:29","149","1","104","LIED21CTRL/LLN0$Status","1","1","0"
"5552","109.879133015","ipcas_21:73:29","146","1","104","LIED21PROT/LLN0$Alarm","1","",""
"5553","109.879133630","ipcas_21:73:29","203","1","104","LIED21MEAS/LLN0$Measurement","305","307","310"
"5604","110.917892546","ipcas_21:73:29","149","1","105","LIED21CTRL/LLN0$Status","1","1","0"
"5605","110.917896942","ipcas_21:73:29","146","1","105","LIED21PROT/LLN0$Alarm","1","",""
"5606","110.917897532","ipcas_21:73:29","203","1","105","LIED21MEAS/LLN0$Measurement","306","307","309"
"5657","111.978200811","ipcas_21:73:29","149","1","106","LIED21CTRL/LLN0$Status","1","1","0"
"5658","111.978209470","ipcas_21:73:29","146","1","106","LIED21PROT/LLN0$Alarm","1","",""
"5659","111.978210012","ipcas_21:73:29","203","1","106","LIED21MEAS/LLN0$Measurement","309","305","311"
"5710","113.030997664","ipcas_21:73:29","149","1","107","LIED21CTRL/LLN0$Status","1","1","0"
"5711","113.030998174","ipcas_21:73:29","146","1","107","LIED21PROT/LLN0$Alarm","1","",""
"5712","113.030998938","ipcas_21:73:29","203","1","107","LIED21MEAS/LLN0$Measurement","306","310","315"
"5763","114.066754764","ipcas_21:73:29","149","1","108","LIED21CTRL/LLN0$Status","1","1","0"
"5764","114.066761790","ipcas_21:73:29","146","1","108","LIED21PROT/LLN0$Alarm","1","",""
"5765","114.066762432","ipcas_21:73:29","203","1","108","LIED21MEAS/LLN0$Measurement","305","305","309"
"5816","115.128723855","ipcas_21:73:29","149","1","109","LIED21CTRL/LLN0$Status","1","1","0"
"5817","115.128724330","ipcas_21:73:29","146","1","109","LIED21PROT/LLN0$Alarm","1","",""
"5818","115.128724753","ipcas_21:73:29","203","1","109","LIED21MEAS/LLN0$Measurement","312","312","311"
"5869","116.169268384","ipcas_21:73:29","149","1","110","LIED21CTRL/LLN0$Status","1","1","0"
"5870","116.169274679","ipcas_21:73:29","146","1","110","LIED21PROT/LLN0$Alarm","1","",""
"5871","116.169275688","ipcas_21:73:29","203","1","110","LIED21MEAS/LLN0$Measurement","307","312","310"
"5922","117.235364140","ipcas_21:73:29","149","1","111","LIED21CTRL/LLN0$Status","1","1","0"
"5923","117.235374974","ipcas_21:73:29","146","1","111","LIED21PROT/LLN0$Alarm","1","",""
"5924","117.236016033","ipcas_21:73:29","203","1","111","LIED21MEAS/LLN0$Measurement","315","313","313"
"5975","118.314460791","ipcas_21:73:29","149","1","112","LIED21CTRL/LLN0$Status","1","1","0"
"5976","118.314467326","ipcas_21:73:29","146","1","112","LIED21PROT/LLN0$Alarm","1","",""
"5977","118.314468152","ipcas_21:73:29","203","1","112","LIED21MEAS/LLN0$Measurement","307","310","313"
"6028","119.364284999","ipcas_21:73:29","149","1","113","LIED21CTRL/LLN0$Status","1","1","0"
"6029","119.364294077","ipcas_21:73:29","146","1","113","LIED21PROT/LLN0$Alarm","1","",""
"6030","119.364295219","ipcas_21:73:29","203","1","113","LIED21MEAS/LLN0$Measurement","310","308","313"
"6081","120.431401698","ipcas_21:73:29","149","1","114","LIED21CTRL/LLN0$Status","1","1","0"
"6082","120.431725085","ipcas_21:73:29","146","1","114","LIED21PROT/LLN0$Alarm","1","",""
"6083","120.432156278","ipcas_21:73:29","203","1","114","LIED21MEAS/LLN0$Measurement","307","310","312"
"6135","121.493299331","ipcas_21:73:29","149","1","115","LIED21CTRL/LLN0$Status","1","1","0"
"6136","121.493311082","ipcas_21:73:29","146","1","115","LIED21PROT/LLN0$Alarm","1","",""
"6137","121.493311532","ipcas_21:73:29","203","1","115","LIED21MEAS/LLN0$Measurement","308","306","312"
"6188","122.556313559","ipcas_21:73:29","149","1","116","LIED21CTRL/LLN0$Status","1","1","0"
"6189","122.556320569","ipcas_21:73:29","146","1","116","LIED21PROT/LLN0$Alarm","1","",""
"6190","122.556321010","ipcas_21:73:29","203","1","116","LIED21MEAS/LLN0$Measurement","311","310","305"
"6241","123.660391012","ipcas_21:73:29","149","1","117","LIED21CTRL/LLN0$Status","1","1","0"
"6242","123.660399631","ipcas_21:73:29","146","1","117","LIED21PROT/LLN0$Alarm","1","",""
"6243","123.660400515","ipcas_21:73:29","203","1","117","LIED21MEAS/LLN0$Measurement","310","315","306"
"6302","124.688835493","ipcas_21:73:29","149","1","118","LIED21CTRL/LLN0$Status","1","1","0"
"6303","124.688835824","ipcas_21:73:29","146","1","118","LIED21PROT/LLN0$Alarm","1","",""
"6304","124.688836241","ipcas_21:73:29","203","1","118","LIED21MEAS/LLN0$Measurement","307","306","314"
"6371","125.746296679","ipcas_21:73:29","149","1","119","LIED21CTRL/LLN0$Status","1","1","0"
"6372","125.746301643","ipcas_21:73:29","146","1","119","LIED21PROT/LLN0$Alarm","1","",""
"6373","125.746492274","ipcas_21:73:29","203","1","119","LIED21MEAS/LLN0$Measurement","305","306","313"
"6454","126.816332768","ipcas_21:73:29","149","1","120","LIED21CTRL/LLN0$Status","1","1","0"
"6455","126.816343116","ipcas_21:73:29","146","1","120","LIED21PROT/LLN0$Alarm","1","",""
"6456","126.816343701","ipcas_21:73:29","203","1","120","LIED21MEAS/LLN0$Measurement","310","310","310"
"6533","127.838753261","ipcas_21:73:29","149","1","121","LIED21CTRL/LLN0$Status","1","1","0"
"6534","127.838758326","ipcas_21:73:29","146","1","121","LIED21PROT/LLN0$Alarm","1","",""
"6535","127.839056576","ipcas_21:73:29","203","1","121","LIED21MEAS/LLN0$Measurement","314","313","308"
"6612","128.900942449","ipcas_21:73:29","149","1","122","LIED21CTRL/LLN0$Status","1","1","0"
"6613","128.900951061","ipcas_21:73:29","146","1","122","LIED21PROT/LLN0$Alarm","1","",""
"6614","128.900951657","ipcas_21:73:29","203","1","122","LIED21MEAS/LLN0$Measurement","314","308","313"
"6717","129.961056554","ipcas_21:73:29","149","1","123","LIED21CTRL/LLN0$Status","1","1","0"
"6718","129.961057442","ipcas_21:73:29","146","1","123","LIED21PROT/LLN0$Alarm","1","",""
"6719","129.961058457","ipcas_21:73:29","203","1","123","LIED21MEAS/LLN0$Measurement","311","309","306"
"6797","131.018603467","ipcas_21:73:29","149","1","124","LIED21CTRL/LLN0$Status","1","1","0"
"6798","131.018613945","ipcas_21:73:29","146","1","124","LIED21PROT/LLN0$Alarm","1","",""
"6799","131.018614812","ipcas_21:73:29","203","1","124","LIED21MEAS/LLN0$Measurement","310","308","306"
"6856","132.081184173","ipcas_21:73:29","149","1","125","LIED21CTRL/LLN0$Status","1","1","0"
"6857","132.081194992","ipcas_21:73:29","146","1","125","LIED21PROT/LLN0$Alarm","1","",""
"6858","132.081195592","ipcas_21:73:29","203","1","125","LIED21MEAS/LLN0$Measurement","312","311","311"
"6918","133.134205630","ipcas_21:73:29","149","1","126","LIED21CTRL/LLN0$Status","1","1","0"
"6919","133.134213783","ipcas_21:73:29","146","1","126","LIED21PROT/LLN0$Alarm","1","",""
"6920","133.134215169","ipcas_21:73:29","203","1","126","LIED21MEAS/LLN0$Measurement","315","312","309"
"6984","134.215573521","ipcas_21:73:29","149","1","127","LIED21CTRL/LLN0$Status","1","1","0"
"6985","134.215583848","ipcas_21:73:29","146","1","127","LIED21PROT/LLN0$Alarm","1","",""
"6986","134.215585058","ipcas_21:73:29","203","1","127","LIED21MEAS/LLN0$Measurement","313","309","313"
"7046","135.272117312","ipcas_21:73:29","150","1","128","LIED21CTRL/LLN0$Status","1","1","0"
"7047","135.272123747","ipcas_21:73:29","147","1","128","LIED21PROT/LLN0$Alarm","1","",""
"7048","135.272124404","ipcas_21:73:29","204","1","128","LIED21MEAS/LLN0$Measurement","310","305","312"
"7107","136.345570572","ipcas_21:73:29","150","1","129","LIED21CTRL/LLN0$Status","1","1","0"
"7108","136.345578160","ipcas_21:73:29","147","1","129","LIED21PROT/LLN0$Alarm","1","",""
"7109","136.345579269","ipcas_21:73:29","204","1","129","LIED21MEAS/LLN0$Measurement","305","308","307"
"7195","137.456016082","ipcas_21:73:29","150","1","130","LIED21CTRL/LLN0$Status","1","1","0"
"7196","137.456024792","ipcas_21:73:29","147","1","130","LIED21PROT/LLN0$Alarm","1","",""
"7197","137.456025548","ipcas_21:73:29","204","1","130","LIED21MEAS/LLN0$Measurement","311","308","312"
"7256","138.495898960","ipcas_21:73:29","150","1","131","LIED21CTRL/LLN0$Status","1","1","0"
"7257","138.495902910","ipcas_21:73:29","147","1","131","LIED21PROT/LLN0$Alarm","1","",""
"7258","138.495903638","ipcas_21:73:29","204","1","131","LIED21MEAS/LLN0$Measurement","309","305","310"
"7313","139.539701465","ipcas_21:73:29","150","1","132","LIED21CTRL/LLN0$Status","1","1","0"
"7314","139.539709679","ipcas_21:73:29","147","1","132","LIED21PROT/LLN0$Alarm","1","",""
"7315","139.539710581","ipcas_21:73:29","204","1","132","LIED21MEAS/LLN0$Measurement","312","313","310"
"7369","140.584124233","ipcas_21:73:29","150","1","133","LIED21CTRL/LLN0$Status","1","1","0"
"7370","140.584134855","ipcas_21:73:29","147","1","133","LIED21PROT/LLN0$Alarm","1","",""
"7371","140.584135781","ipcas_21:73:29","204","1","133","LIED21MEAS/LLN0$Measurement","311","309","308"
"7424","141.613886147","ipcas_21:73:29","150","1","134","LIED21CTRL/LLN0$Status","1","1","0"
"7425","141.613889700","ipcas_21:73:29","147","1","134","LIED21PROT/LLN0$Alarm","1","",""
"7426","141.613890357","ipcas_21:73:29","204","1","134","LIED21MEAS/LLN0$Measurement","307","308","306"
"7477","142.666145223","ipcas_21:73:29","150","1","135","LIED21CTRL/LLN0$Status","1","1","0"
"7478","142.666145660","ipcas_21:73:29","147","1","135","LIED21PROT/LLN0$Alarm","1","",""
"7479","142.666146089","ipcas_21:73:29","204","1","135","LIED21MEAS/LLN0$Measurement","312","311","308"
"7530","143.706659793","ipcas_21:73:29","150","1","136","LIED21CTRL/LLN0$Status","1","1","0"
"7531","143.706660152","ipcas_21:73:29","147","1","136","LIED21PROT/LLN0$Alarm","1","",""
"7532","143.706660997","ipcas_21:73:29","204","1","136","LIED21MEAS/LLN0$Measurement","310","314","307"
"7581","144.771850176","ipcas_21:73:29","150","1","137","LIED21CTRL/LLN0$Status","1","1","0"
"7582","144.771862443","ipcas_21:73:29","147","1","137","LIED21PROT/LLN0$Alarm","1","",""
"7583","144.771863361","ipcas_21:73:29","204","1","137","LIED21MEAS/LLN0$Measurement","307","305","307"
"7646","145.855076517","ipcas_21:73:29","150","1","138","LIED21CTRL/LLN0$Status","1","1","0"
"7647","145.855077040","ipcas_21:73:29","147","1","138","LIED21PROT/LLN0$Alarm","1","",""
"7648","145.855077930","ipcas_21:73:29","204","1","138","LIED21MEAS/LLN0$Measurement","314","306","311"
"7686","146.936432949","ipcas_21:73:29","150","1","139","LIED21CTRL/LLN0$Status","1","1","0"
"7687","146.936435138","ipcas_21:73:29","147","1","139","LIED21PROT/LLN0$Alarm","1","",""
"7688","146.936435775","ipcas_21:73:29","204","1","139","LIED21MEAS/LLN0$Measurement","306","308","306"
"7739","147.998073459","ipcas_21:73:29","150","1","140","LIED21CTRL/LLN0$Status","1","1","0"
"7740","147.998073866","ipcas_21:73:29","147","1","140","LIED21PROT/LLN0$Alarm","1","",""
"7741","147.998074240","ipcas_21:73:29","204","1","140","LIED21MEAS/LLN0$Measurement","307","312","311"
"7811","149.041988673","ipcas_21:73:29","150","1","141","LIED21CTRL/LLN0$Status","1","1","0"
"7812","149.041999705","ipcas_21:73:29","147","1","141","LIED21PROT/LLN0$Alarm","1","",""
"7813","149.042778222","ipcas_21:73:29","204","1","141","LIED21MEAS/LLN0$Measurement","315","311","308"
"7865","150.071680107","ipcas_21:73:29","150","1","142","LIED21CTRL/LLN0$Status","1","1","0"
"7866","150.071685023","ipcas_21:73:29","147","1","142","LIED21PROT/LLN0$Alarm","1","",""
"7867","150.071685894","ipcas_21:73:29","204","1","142","LIED21MEAS/LLN0$Measurement","306","308","308"
"7918","151.115298956","ipcas_21:73:29","150","1","143","LIED21CTRL/LLN0$Status","1","1","0"
"7919","151.115304792","ipcas_21:73:29","147","1","143","LIED21PROT/LLN0$Alarm","1","",""
"7920","151.115305202","ipcas_21:73:29","204","1","143","LIED21MEAS/LLN0$Measurement","315","305","310"
"7972","152.175992744","ipcas_21:73:29","150","1","144","LIED21CTRL/LLN0$Status","1","1","0"
"7973","152.175997275","ipcas_21:73:29","147","1","144","LIED21PROT/LLN0$Alarm","1","",""
"7974","152.175997686","ipcas_21:73:29","204","1","144","LIED21MEAS/LLN0$Measurement","311","313","308"
"8027","153.220409021","ipcas_21:73:29","150","1","145","LIED21CTRL/LLN0$Status","1","1","0"
"8028","153.220421136","ipcas_21:73:29","147","1","145","LIED21PROT/LLN0$Alarm","1","",""
"8029","153.220421865","ipcas_21:73:29","204","1","145","LIED21MEAS/LLN0$Measurement","312","307","311"
"8080","154.275447352","ipcas_21:73:29","150","1","146","LIED21CTRL/LLN0$Status","1","1","0"
"8081","154.275451653","ipcas_21:73:29","147","1","146","LIED21PROT/LLN0$Alarm","1","",""
"8082","154.275624709","ipcas_21:73:29","204","1","146","LIED21MEAS/LLN0$Measurement","314","309","313"
"8133","155.305270086","ipcas_21:73:29","150","1","147","LIED21CTRL/LLN0$Status","1","1","0"
"8134","155.305272870","ipcas_21:73:29","147","1","147","LIED21PROT/LLN0$Alarm","1","",""
"8135","155.305601404","ipcas_21:73:29","204","1","147","LIED21MEAS/LLN0$Measurement","312","311","305"
"8210","156.343944758","ipcas_21:73:29","150","1","148","LIED21CTRL/LLN0$Status","1","1","0"
"8211","156.344048612","ipcas_21:73:29","147","1","148","LIED21PROT/LLN0$Alarm","1","",""
"8212","156.344050983","ipcas_21:73:29","204","1","148","LIED21MEAS/LLN0$Measurement","307","305","311"
"8292","157.414534433","ipcas_21:73:29","150","1","149","LIED21CTRL/LLN0$Status","1","1","0"
"8293","157.414539936","ipcas_21:73:29","147","1","149","LIED21PROT/LLN0$Alarm","1","",""
"8294","157.414734057","ipcas_21:73:29","204","1","149","LIED21MEAS/LLN0$Measurement","310","305","306"
"8417","158.467960597","ipcas_21:73:29","150","1","150","LIED21CTRL/LLN0$Status","1","1","0"
"8418","158.467961617","ipcas_21:73:29","147","1","150","LIED21PROT/LLN0$Alarm","1","",""
"8419","158.467962619","ipcas_21:73:29","204","1","150","LIED21MEAS/LLN0$Measurement","309","307","315"
"8517","159.525855464","ipcas_21:73:29","150","1","151","LIED21CTRL/LLN0$Status","1","1","0"
"8518","159.525863292","ipcas_21:73:29","147","1","151","LIED21PROT/LLN0$Alarm","1","",""
"8519","159.525863695","ipcas_21:73:29","204","1","151","LIED21MEAS/LLN0$Measurement","315","310","307"
"8588","160.568947867","ipcas_21:73:29","150","1","152","LIED21CTRL/LLN0$Status","1","1","0"
"8589","160.568948456","ipcas_21:73:29","147","1","152","LIED21PROT/LLN0$Alarm","1","",""
"8590","160.568948984","ipcas_21:73:29","204","1","152","LIED21MEAS/LLN0$Measurement","310","313","308"
"8648","161.627867107","ipcas_21:73:29","150","1","153","LIED21CTRL/LLN0$Status","1","1","0"
"8649","161.627874126","ipcas_21:73:29","147","1","153","LIED21PROT/LLN0$Alarm","1","",""
"8650","161.627874632","ipcas_21:73:29","204","1","153","LIED21MEAS/LLN0$Measurement","306","305","313"
"8724","162.681315092","ipcas_21:73:29","150","1","154","LIED21CTRL/LLN0$Status","1","1","0"
"8725","162.681843272","ipcas_21:73:29","147","1","154","LIED21PROT/LLN0$Alarm","1","",""
"8726","162.681848258","ipcas_21:73:29","204","1","154","LIED21MEAS/LLN0$Measurement","309","314","308"
"8783","163.737780609","ipcas_21:73:29","150","1","155","LIED21CTRL/LLN0$Status","1","1","0"
"8784","163.737781175","ipcas_21:73:29","147","1","155","LIED21PROT/LLN0$Alarm","1","",""
"8785","163.737781768","ipcas_21:73:29","204","1","155","LIED21MEAS/LLN0$Measurement","310","312","313"
"8840","164.805563095","ipcas_21:73:29","150","1","156","LIED21CTRL/LLN0$Status","1","1","0"
"8841","164.805571230","ipcas_21:73:29","147","1","156","LIED21PROT/LLN0$Alarm","1","",""
"8842","164.805571720","ipcas_21:73:29","204","1","156","LIED21MEAS/LLN0$Measurement","307","308","313"
"8897","165.876837646","ipcas_21:73:29","150","1","157","LIED21CTRL/LLN0$Status","1","1","0"
"8898","165.876846277","ipcas_21:73:29","147","1","157","LIED21PROT/LLN0$Alarm","1","",""
"8899","165.876847841","ipcas_21:73:29","204","1","157","LIED21MEAS/LLN0$Measurement","311","309","315"
"8961","166.949475558","ipcas_21:73:29","150","1","158","LIED21CTRL/LLN0$Status","1","1","0"
"8962","166.949786485","ipcas_21:73:29","147","1","158","LIED21PROT/LLN0$Alarm","1","",""
"8963","166.949884774","ipcas_21:73:29","204","1","158","LIED21MEAS/LLN0$Measurement","306","315","313"
"9017","168.005133036","ipcas_21:73:29","150","1","159","LIED21CTRL/LLN0$Status","1","1","0"
"9018","168.005142104","ipcas_21:73:29","147","1","159","LIED21PROT/LLN0$Alarm","1","",""
"9019","168.005142947","ipcas_21:73:29","204","1","159","LIED21MEAS/LLN0$Measurement","313","315","311"
"9074","169.068452759","ipcas_21:73:29","150","1","160","LIED21CTRL/LLN0$Status","1","1","0"
"9075","169.068461916","ipcas_21:73:29","147","1","160","LIED21PROT/LLN0$Alarm","1","",""
"9076","169.068880787","ipcas_21:73:29","204","1","160","LIED21MEAS/LLN0$Measurement","312","309","313"
"9142","170.115474047","ipcas_21:73:29","150","1","161","LIED21CTRL/LLN0$Status","1","1","0"
"9143","170.115479292","ipcas_21:73:29","147","1","161","LIED21PROT/LLN0$Alarm","1","",""
"9144","170.115480523","ipcas_21:73:29","204","1","161","LIED21MEAS/LLN0$Measurement","309","313","314"
"9234","171.187558768","ipcas_21:73:29","150","1","162","LIED21CTRL/LLN0$Status","1","1","0"
"9235","171.187559379","ipcas_21:73:29","147","1","162","LIED21PROT/LLN0$Alarm","1","",""
"9236","171.187560299","ipcas_21:73:29","204","1","162","LIED21MEAS/LLN0$Measurement","309","314","311"
"9336","172.195208409","ipcas_21:73:29","150","1","163","LIED21CTRL/LLN0$Status","1","1","0"
"9337","172.195209979","ipcas_21:73:29","147","1","163","LIED21PROT/LLN0$Alarm","1","",""
"9338","172.195211679","ipcas_21:73:29","204","1","163","LIED21MEAS/LLN0$Measurement","310","313","305"
"9441","173.264437412","ipcas_21:73:29","150","1","164","LIED21CTRL/LLN0$Status","1","1","0"
"9442","173.265547014","ipcas_21:73:29","147","1","164","LIED21PROT/LLN0$Alarm","1","",""
"9443","173.265551936","ipcas_21:73:29","204","1","164","LIED21MEAS/LLN0$Measurement","312","315","315"
"9532","174.327123635","ipcas_21:73:29","150","1","165","LIED21CTRL/LLN0$Status","1","1","0"
"9533","174.335241749","ipcas_21:73:29","147","1","165","LIED21PROT/LLN0$Alarm","1","",""
"9535","174.335862677","ipcas_21:73:29","204","1","165","LIED21MEAS/LLN0$Measurement","313","306","305"
"9652","175.383731880","ipcas_21:73:29","150","1","166","LIED21CTRL/LLN0$Status","1","1","0"
"9653","175.383740005","ipcas_21:73:29","147","1","166","LIED21PROT/LLN0$Alarm","1","",""
"9654","175.383741987","ipcas_21:73:29","204","1","166","LIED21MEAS/LLN0$Measurement","306","314","312"
"9729","176.450766388","ipcas_21:73:29","150","1","167","LIED21CTRL/LLN0$Status","1","1","0"
"9730","176.451198661","ipcas_21:73:29","147","1","167","LIED21PROT/LLN0$Alarm","1","",""
"9731","176.451200207","ipcas_21:73:29","204","1","167","LIED21MEAS/LLN0$Measurement","310","315","314"
"9791","177.493588167","ipcas_21:73:29","150","1","168","LIED21CTRL/LLN0$Status","1","1","0"
"9792","177.493598422","ipcas_21:73:29","147","1","168","LIED21PROT/LLN0$Alarm","1","",""
"9793","177.493599117","ipcas_21:73:29","204","1","168","LIED21MEAS/LLN0$Measurement","306","306","312"
"9851","178.531431544","ipcas_21:73:29","150","1","169","LIED21CTRL/LLN0$Status","1","1","0"
"9852","178.531438717","ipcas_21:73:29","147","1","169","LIED21PROT/LLN0$Alarm","1","",""
"9853","178.531441156","ipcas_21:73:29","204","1","169","LIED21MEAS/LLN0$Measurement","312","315","310"
"9921","179.593234683","ipcas_21:73:29","150","1","170","LIED21CTRL/LLN0$Status","1","1","0"
"9922","179.593243405","ipcas_21:73:29","147","1","170","LIED21PROT/LLN0$Alarm","1","",""
"9923","179.593244465","ipcas_21:73:29","204","1","170","LIED21MEAS/LLN0$Measurement","315","312","305"
"9980","180.628112384","ipcas_21:73:29","150","1","171","LIED21CTRL/LLN0$Status","1","1","0"
"9981","180.628121789","ipcas_21:73:29","147","1","171","LIED21PROT/LLN0$Alarm","1","",""
"9982","180.628124037","ipcas_21:73:29","204","1","171","LIED21MEAS/LLN0$Measurement","309","313","312"
"10047","181.710334037","ipcas_21:73:29","150","1","172","LIED21CTRL/LLN0$Status","1","1","0"
"10048","181.710337345","ipcas_21:73:29","147","1","172","LIED21PROT/LLN0$Alarm","1","",""
"10049","181.710337961","ipcas_21:73:29","204","1","172","LIED21MEAS/LLN0$Measurement","308","314","309"
"10115","182.772331339","ipcas_21:73:29","150","1","173","LIED21CTRL/LLN0$Status","1","1","0"
"10116","182.772338700","ipcas_21:73:29","147","1","173","LIED21PROT/LLN0$Alarm","1","",""
"10117","182.772339865","ipcas_21:73:29","204","1","173","LIED21MEAS/LLN0$Measurement","305","308","308"
"10172","183.814015966","ipcas_21:73:29","150","1","174","LIED21CTRL/LLN0$Status","1","1","0"
"10173","183.814023998","ipcas_21:73:29","147","1","174","LIED21PROT/LLN0$Alarm","1","",""
"10174","183.814026300","ipcas_21:73:29","204","1","174","LIED21MEAS/LLN0$Measurement","314","313","310"
"10229","184.936966875","ipcas_21:73:29","150","1","175","LIED21CTRL/LLN0$Status","1","1","0"
"10230","184.936973141","ipcas_21:73:29","147","1","175","LIED21PROT/LLN0$Alarm","1","",""
"10231","184.937150483","ipcas_21:73:29","204","1","175","LIED21MEAS/LLN0$Measurement","311","312","305"
"10286","185.997809150","ipcas_21:73:29","150","1","176","LIED21CTRL/LLN0$Status","1","1","0"
"10287","185.997809686","ipcas_21:73:29","147","1","176","LIED21PROT/LLN0$Alarm","1","",""
"10288","185.997810064","ipcas_21:73:29","204","1","176","LIED21MEAS/LLN0$Measurement","313","305","310"
"10343","187.035879515","ipcas_21:73:29","150","1","177","LIED21CTRL/LLN0$Status","1","1","0"
"10344","187.035887978","ipcas_21:73:29","147","1","177","LIED21PROT/LLN0$Alarm","1","",""
"10345","187.035888929","ipcas_21:73:29","204","1","177","LIED21MEAS/LLN0$Measurement","306","305","310"
"10396","188.093417260","ipcas_21:73:29","150","1","178","LIED21CTRL/LLN0$Status","1","1","0"
"10397","188.093431934","ipcas_21:73:29","147","1","178","LIED21PROT/LLN0$Alarm","1","",""
"10398","188.093433972","ipcas_21:73:29","204","1","178","LIED21MEAS/LLN0$Measurement","312","308","311"
"10453","189.138359985","ipcas_21:73:29","150","1","179","LIED21CTRL/LLN0$Status","1","1","0"
"10454","189.140495979","ipcas_21:73:29","147","1","179","LIED21PROT/LLN0$Alarm","1","",""
"10455","189.140504171","ipcas_21:73:29","204","1","179","LIED21MEAS/LLN0$Measurement","308","314","306"
"10518","190.267506347","ipcas_21:73:29","150","1","180","LIED21CTRL/LLN0$Status","1","1","0"
"10519","190.267514847","ipcas_21:73:29","147","1","180","LIED21PROT/LLN0$Alarm","1","",""
"10520","190.267515300","ipcas_21:73:29","204","1","180","LIED21MEAS/LLN0$Measurement","314","309","305"
"10573","191.302976729","ipcas_21:73:29","150","1","181","LIED21CTRL/LLN0$Status","1","1","0"
"10574","191.302982509","ipcas_21:73:29","147","1","181","LIED21PROT/LLN0$Alarm","1","",""
"10575","191.302983010","ipcas_21:73:29","204","1","181","LIED21MEAS/LLN0$Measurement","308","312","308"
"10629","192.375586039","ipcas_21:73:29","150","1","182","LIED21CTRL/LLN0$Status","1","1","0"
"10630","192.375593157","ipcas_21:73:29","147","1","182","LIED21PROT/LLN0$Alarm","1","",""
"10631","192.375594342","ipcas_21:73:29","204","1","182","LIED21MEAS/LLN0$Measurement","314","306","307"
"10685","193.433380506","ipcas_21:73:29","150","1","183","LIED21CTRL/LLN0$Status","1","1","0"
"10686","193.433387137","ipcas_21:73:29","147","1","183","LIED21PROT/LLN0$Alarm","1","",""
"10687","193.433387616","ipcas_21:73:29","204","1","183","LIED21MEAS/LLN0$Measurement","309","315","312"
"10738","194.490258705","ipcas_21:73:29","150","1","184","LIED21CTRL/LLN0$Status","1","1","0"
"10739","194.490260034","ipcas_21:73:29","147","1","184","LIED21PROT/LLN0$Alarm","1","",""
"10740","194.490261474","ipcas_21:73:29","204","1","184","LIED21MEAS/LLN0$Measurement","315","314","312"
"10793","195.551834355","ipcas_21:73:29","150","1","185","LIED21CTRL/LLN0$Status","1","1","0"
"10794","195.551842973","ipcas_21:73:29","147","1","185","LIED21PROT/LLN0$Alarm","1","",""
"10795","195.551844093","ipcas_21:73:29","204","1","185","LIED21MEAS/LLN0$Measurement","312","313","311"
"10848","196.603763859","ipcas_21:73:29","150","1","186","LIED21CTRL/LLN0$Status","1","1","0"
"10849","196.603764454","ipcas_21:73:29","147","1","186","LIED21PROT/LLN0$Alarm","1","",""
"10850","196.603855719","ipcas_21:73:29","204","1","186","LIED21MEAS/LLN0$Measurement","306","311","307"
"10901","197.650104722","ipcas_21:73:29","150","1","187","LIED21CTRL/LLN0$Status","1","1","0"
"10902","197.650108519","ipcas_21:73:29","147","1","187","LIED21PROT/LLN0$Alarm","1","",""
"10903","197.650109061","ipcas_21:73:29","204","1","187","LIED21MEAS/LLN0$Measurement","307","311","305"
"10955","198.718898822","ipcas_21:73:29","150","1","188","LIED21CTRL/LLN0$Status","1","1","0"
"10956","198.718900071","ipcas_21:73:29","147","1","188","LIED21PROT/LLN0$Alarm","1","",""
"10957","198.718901047","ipcas_21:73:29","204","1","188","LIED21MEAS/LLN0$Measurement","312","307","308"
"11009","199.757361821","ipcas_21:73:29","150","1","189","LIED21CTRL/LLN0$Status","1","1","0"
"11010","199.757362243","ipcas_21:73:29","147","1","189","LIED21PROT/LLN0$Alarm","1","",""
"11011","199.757362679","ipcas_21:73:29","204","1","189","LIED21MEAS/LLN0$Measurement","311","308","306"
"11063","200.804524650","ipcas_21:73:29","150","1","190","LIED21CTRL/LLN0$Status","1","1","0"
"11064","200.804599183","ipcas_21:73:29","147","1","190","LIED21PROT/LLN0$Alarm","1","",""
"11065","200.804983227","ipcas_21:73:29","204","1","190","LIED21MEAS/LLN0$Measurement","309","313","306"
"11154","201.848936808","ipcas_21:73:29","150","1","191","LIED21CTRL/LLN0$Status","1","1","0"
"11155","201.849089489","ipcas_21:73:29","147","1","191","LIED21PROT/LLN0$Alarm","1","",""
"11156","201.849391646","ipcas_21:73:29","204","1","191","LIED21MEAS/LLN0$Measurement","313","311","310"
"11235","202.890906783","ipcas_21:73:29","150","1","192","LIED21CTRL/LLN0$Status","1","1","0"
"11236","202.890908043","ipcas_21:73:29","147","1","192","LIED21PROT/LLN0$Alarm","1","",""
"11237","202.890909276","ipcas_21:73:29","204","1","192","LIED21MEAS/LLN0$Measurement","306","313","314"
"11362","203.940888780","ipcas_21:73:29","150","1","193","LIED21CTRL/LLN0$Status","1","1","0"
"11363","203.941132403","ipcas_21:73:29","147","1","193","LIED21PROT/LLN0$Alarm","1","",""
"11364","203.941538606","ipcas_21:73:29","204","1","193","LIED21MEAS/LLN0$Measurement","312","307","315"
"11453","204.991150598","ipcas_21:73:29","150","1","194","LIED21CTRL/LLN0$Status","1","1","0"
"11454","204.991151016","ipcas_21:73:29","147","1","194","LIED21PROT/LLN0$Alarm","1","",""
"11455","204.991151368","ipcas_21:73:29","204","1","194","LIED21MEAS/LLN0$Measurement","305","308","307"
"11523","206.064826690","ipcas_21:73:29","150","1","195","LIED21CTRL/LLN0$Status","1","1","0"
"11524","206.064835754","ipcas_21:73:29","147","1","195","LIED21PROT/LLN0$Alarm","1","",""
"11525","206.064836241","ipcas_21:73:29","204","1","195","LIED21MEAS/LLN0$Measurement","314","311","312"
"11592","207.103397022","ipcas_21:73:29","150","1","196","LIED21CTRL/LLN0$Status","1","1","0"
"11593","207.103397539","ipcas_21:73:29","147","1","196","LIED21PROT/LLN0$Alarm","1","",""
"11594","207.103397977","ipcas_21:73:29","204","1","196","LIED21MEAS/LLN0$Measurement","309","307","306"
"11653","208.139619833","ipcas_21:73:29","150","1","197","LIED21CTRL/LLN0$Status","1","1","0"
"11654","208.139625960","ipcas_21:73:29","147","1","197","LIED21PROT/LLN0$Alarm","1","",""
"11655","208.139627246","ipcas_21:73:29","204","1","197","LIED21MEAS/LLN0$Measurement","312","307","307"
"11710","209.204400348","ipcas_21:73:29","150","1","198","LIED21CTRL/LLN0$Status","1","1","0"
"11711","209.205478370","ipcas_21:73:29","147","1","198","LIED21PROT/LLN0$Alarm","1","",""
"11712","209.205482538","ipcas_21:73:29","204","1","198","LIED21MEAS/LLN0$Measurement","305","310","314"
"11767","210.281852709","ipcas_21:73:29","150","1","199","LIED21CTRL/LLN0$Status","1","1","0"
"11768","210.281861889","ipcas_21:73:29","147","1","199","LIED21PROT/LLN0$Alarm","1","",""
"11769","210.281863544","ipcas_21:73:29","204","1","199","LIED21MEAS/LLN0$Measurement","305","310","308"
"11832","211.356947292","ipcas_21:73:29","150","1","200","LIED21CTRL/LLN0$Status","1","1","0"
"11833","211.356947834","ipcas_21:73:29","147","1","200","LIED21PROT/LLN0$Alarm","1","",""
"11834","211.356948162","ipcas_21:73:29","204","1","200","LIED21MEAS/LLN0$Measurement","310","307","311"
"11890","212.408344780","ipcas_21:73:29","150","1","201","LIED21CTRL/LLN0$Status","1","1","0"
"11891","212.408354338","ipcas_21:73:29","147","1","201","LIED21PROT/LLN0$Alarm","1","",""
"11892","212.408355001","ipcas_21:73:29","204","1","201","LIED21MEAS/LLN0$Measurement","309","314","312"
"11945","213.469598620","ipcas_21:73:29","150","1","202","LIED21CTRL/LLN0$Status","1","1","0"
"11946","213.469912016","ipcas_21:73:29","147","1","202","LIED21PROT/LLN0$Alarm","1","",""
"11947","213.470229248","ipcas_21:73:29","204","1","202","LIED21MEAS/LLN0$Measurement","315","305","315"
"12002","214.543666030","ipcas_21:73:29","150","1","203","LIED21CTRL/LLN0$Status","1","1","0"
"12003","214.543671281","ipcas_21:73:29","147","1","203","LIED21PROT/LLN0$Alarm","1","",""
"12004","214.544187949","ipcas_21:73:29","204","1","203","LIED21MEAS/LLN0$Measurement","307","311","314"
"12073","215.645489502","ipcas_21:73:29","150","1","204","LIED21CTRL/LLN0$Status","1","1","0"
"12074","215.646221683","ipcas_21:73:29","147","1","204","LIED21PROT/LLN0$Alarm","1","",""
"12075","215.646228190","ipcas_21:73:29","204","1","204","LIED21MEAS/LLN0$Measurement","311","305","307"
"12182","216.662523396","ipcas_21:73:29","150","1","205","LIED21CTRL/LLN0$Status","1","1","0"
"12183","216.662524779","ipcas_21:73:29","147","1","205","LIED21PROT/LLN0$Alarm","1","",""
"12184","216.662525962","ipcas_21:73:29","204","1","205","LIED21MEAS/LLN0$Measurement","309","311","314"
"12266","217.749979798","ipcas_21:73:29","150","1","206","LIED21CTRL/LLN0$Status","1","1","0"
"12267","217.750370660","ipcas_21:73:29","147","1","206","LIED21PROT/LLN0$Alarm","1","",""
"12268","217.750701282","ipcas_21:73:29","204","1","206","LIED21MEAS/LLN0$Measurement","310","308","312"
"12327","218.795093413","ipcas_21:73:29","150","1","207","LIED21CTRL/LLN0$Status","1","1","0"
"12328","218.795093977","ipcas_21:73:29","147","1","207","LIED21PROT/LLN0$Alarm","1","",""
"12329","218.795094472","ipcas_21:73:29","204","1","207","LIED21MEAS/LLN0$Measurement","305","312","312"
"12417","219.915575286","ipcas_21:73:29","150","1","208","LIED21CTRL/LLN0$Status","1","1","0"
"12418","219.915584605","ipcas_21:73:29","147","1","208","LIED21PROT/LLN0$Alarm","1","",""
"12419","219.915585587","ipcas_21:73:29","204","1","208","LIED21MEAS/LLN0$Measurement","314","315","307"
"12529","221.014989905","ipcas_21:73:29","150","1","209","LIED21CTRL/LLN0$Status","1","1","0"
"12530","221.016591346","ipcas_21:73:29","147","1","209","LIED21PROT/LLN0$Alarm","1","",""
"12531","221.016595877","ipcas_21:73:29","204","1","209","LIED21MEAS/LLN0$Measurement","305","309","314"
"12633","222.066750477","ipcas_21:73:29","150","1","210","LIED21CTRL/LLN0$Status","1","1","0"
"12634","222.066750953","ipcas_21:73:29","147","1","210","LIED21PROT/LLN0$Alarm","1","",""
"12635","222.066751358","ipcas_21:73:29","204","1","210","LIED21MEAS/LLN0$Measurement","314","308","307"
"12696","223.147735051","ipcas_21:73:29","150","1","211","LIED21CTRL/LLN0$Status","1","1","0"
"12697","223.147741205","ipcas_21:73:29","147","1","211","LIED21PROT/LLN0$Alarm","1","",""
"12698","223.147741768","ipcas_21:73:29","204","1","211","LIED21MEAS/LLN0$Measurement","315","314","308"
"12763","224.227356684","ipcas_21:73:29","150","1","212","LIED21CTRL/LLN0$Status","1","1","0"
"12764","224.227359084","ipcas_21:73:29","147","1","212","LIED21PROT/LLN0$Alarm","1","",""
"12765","224.227359947","ipcas_21:73:29","204","1","212","LIED21MEAS/LLN0$Measurement","307","310","313"
"12831","225.264632797","ipcas_21:73:29","150","1","213","LIED21CTRL/LLN0$Status","1","1","0"
"12832","225.264640145","ipcas_21:73:29","147","1","213","LIED21PROT/LLN0$Alarm","1","",""
"12833","225.264640568","ipcas_21:73:29","204","1","213","LIED21MEAS/LLN0$Measurement","310","313","308"
"12895","226.309786617","ipcas_21:73:29","150","1","214","LIED21CTRL/LLN0$Status","1","1","0"
"12896","226.309792196","ipcas_21:73:29","147","1","214","LIED21PROT/LLN0$Alarm","1","",""
"12897","226.310098450","ipcas_21:73:29","204","1","214","LIED21MEAS/LLN0$Measurement","308","311","312"
"12954","227.361992216","ipcas_21:73:29","150","1","215","LIED21CTRL/LLN0$Status","1","1","0"
"12955","227.361993122","ipcas_21:73:29","147","1","215","LIED21PROT/LLN0$Alarm","1","",""
"12956","227.361994558","ipcas_21:73:29","204","1","215","LIED21MEAS/LLN0$Measurement","312","310","305"
"13017","228.432825065","ipcas_21:73:29","150","1","216","LIED21CTRL/LLN0$Status","1","1","0"
"13018","228.432831956","ipcas_21:73:29","147","1","216","LIED21PROT/LLN0$Alarm","1","",""
"13019","228.432832981","ipcas_21:73:29","204","1","216","LIED21MEAS/LLN0$Measurement","315","310","308"
"13078","229.524388549","ipcas_21:73:29","150","1","217","LIED21CTRL/LLN0$Status","1","1","0"
"13079","229.524389399","ipcas_21:73:29","147","1","217","LIED21PROT/LLN0$Alarm","1","",""
"13080","229.524389798","ipcas_21:73:29","204","1","217","LIED21MEAS/LLN0$Measurement","307","311","314"
"13139","230.598747942","ipcas_21:73:29","150","1","218","LIED21CTRL/LLN0$Status","1","1","0"
"13140","230.598755438","ipcas_21:73:29","147","1","218","LIED21PROT/LLN0$Alarm","1","",""
"13141","230.598756130","ipcas_21:73:29","204","1","218","LIED21MEAS/LLN0$Measurement","307","306","311"
"13201","231.684434392","ipcas_21:73:29","150","1","219","LIED21CTRL/LLN0$Status","1","1","0"
"13202","231.684435243","ipcas_21:73:29","147","1","219","LIED21PROT/LLN0$Alarm","1","",""
"13203","231.684435778","ipcas_21:73:29","204","1","219","LIED21MEAS/LLN0$Measurement","308","305","313"
"13259","232.735866466","ipcas_21:73:29","150","1","220","LIED21CTRL/LLN0$Status","1","1","0"
"13260","232.735866956","ipcas_21:73:29","147","1","220","LIED21PROT/LLN0$Alarm","1","",""
"13261","232.735867956","ipcas_21:73:29","204","1","220","LIED21MEAS/LLN0$Measurement","315","313","305"
"13330","233.798155235","ipcas_21:73:29","150","1","221","LIED21CTRL/LLN0$Status","1","1","0"
"13331","233.798166419","ipcas_21:73:29","147","1","221","LIED21PROT/LLN0$Alarm","1","",""
"13332","233.798167321","ipcas_21:73:29","204","1","221","LIED21MEAS/LLN0$Measurement","306","308","311"
"13384","234.858530811","ipcas_21:73:29","150","1","222","LIED21CTRL/LLN0$Status","1","1","0"
"13385","234.858531869","ipcas_21:73:29","147","1","222","LIED21PROT/LLN0$Alarm","1","",""
"13386","234.858532732","ipcas_21:73:29","204","1","222","LIED21MEAS/LLN0$Measurement","305","314","306"
"13435","235.961349549","ipcas_21:73:29","150","1","223","LIED21CTRL/LLN0$Status","1","1","0"
"13436","235.961351793","ipcas_21:73:29","147","1","223","LIED21PROT/LLN0$Alarm","1","",""
"13437","235.961352432","ipcas_21:73:29","204","1","223","LIED21MEAS/LLN0$Measurement","312","308","312"
"13479","236.985879637","ipcas_21:73:29","150","1","224","LIED21CTRL/LLN0$Status","1","1","0"
"13480","236.985890069","ipcas_21:73:29","147","1","224","LIED21PROT/LLN0$Alarm","1","",""
"13481","236.985890904","ipcas_21:73:29","204","1","224","LIED21MEAS/LLN0$Measurement","313","315","309"
"13557","238.088040260","ipcas_21:73:29","150","1","225","LIED21CTRL/LLN0$Status","1","1","0"
"13558","238.088050303","ipcas_21:73:29","147","1","225","LIED21PROT/LLN0$Alarm","1","",""
"13559","238.088051568","ipcas_21:73:29","204","1","225","LIED21MEAS/LLN0$Measurement","310","314","310"
"13614","239.136414066","ipcas_21:73:29","150","1","226","LIED21CTRL/LLN0$Status","1","1","0"
"13615","239.136418574","ipcas_21:73:29","147","1","226","LIED21PROT/LLN0$Alarm","1","",""
"13616","239.136419393","ipcas_21:73:29","204","1","226","LIED21MEAS/LLN0$Measurement","307","307","311"
"13669","240.193276394","ipcas_21:73:29","150","1","227","LIED21CTRL/LLN0$Status","1","1","0"
"13670","240.193283271","ipcas_21:73:29","147","1","227","LIED21PROT/LLN0$Alarm","1","",""
"13671","240.193602207","ipcas_21:73:29","204","1","227","LIED21MEAS/LLN0$Measurement","308","306","305"
"13724","241.219933922","ipcas_21:73:29","150","1","228","LIED21CTRL/LLN0$Status","1","1","0"
"13725","241.219936774","ipcas_21:73:29","147","1","228","LIED21PROT/LLN0$Alarm","1","",""
"13726","241.219937583","ipcas_21:73:29","204","1","228","LIED21MEAS/LLN0$Measurement","314","308","312"
"13778","242.266066855","ipcas_21:73:29","150","1","229","LIED21CTRL/LLN0$Status","1","1","0"
"13779","242.266410848","ipcas_21:73:29","147","1","229","LIED21PROT/LLN0$Alarm","1","",""
"13780","242.266414326","ipcas_21:73:29","204","1","229","LIED21MEAS/LLN0$Measurement","305","313","306"
"13833","243.356719025","ipcas_21:73:29","150","1","230","LIED21CTRL/LLN0$Status","1","1","0"
"13834","243.356719370","ipcas_21:73:29","147","1","230","LIED21PROT/LLN0$Alarm","1","",""
"13835","243.356719809","ipcas_21:73:29","204","1","230","LIED21MEAS/LLN0$Measurement","306","305","308"
"13887","244.385562427","ipcas_21:73:29","150","1","231","LIED21CTRL/LLN0$Status","1","1","0"
"13888","244.385567767","ipcas_21:73:29","147","1","231","LIED21PROT/LLN0$Alarm","1","",""
"13889","244.385568389","ipcas_21:73:29","204","1","231","LIED21MEAS/LLN0$Measurement","309","310","306"
"13941","245.440733381","ipcas_21:73:29","150","1","232","LIED21CTRL/LLN0$Status","1","1","0"
"13942","245.441136002","ipcas_21:73:29","147","1","232","LIED21PROT/LLN0$Alarm","1","",""
"13943","245.441139452","ipcas_21:73:29","204","1","232","LIED21MEAS/LLN0$Measurement","305","310","307"
"13998","246.526658713","ipcas_21:73:29","150","1","233","LIED21CTRL/LLN0$Status","1","1","0"
"13999","246.526659524","ipcas_21:73:29","147","1","233","LIED21PROT/LLN0$Alarm","1","",""
"14000","246.526660046","ipcas_21:73:29","204","1","233","LIED21MEAS/LLN0$Measurement","314","314","312"
"14063","247.576335191","ipcas_21:73:29","150","1","234","LIED21CTRL/LLN0$Status","1","1","0"
"14064","247.576337990","ipcas_21:73:29","147","1","234","LIED21PROT/LLN0$Alarm","1","",""
"14065","247.576338932","ipcas_21:73:29","204","1","234","LIED21MEAS/LLN0$Measurement","313","315","313"
"14159","248.644716389","ipcas_21:73:29","150","1","235","LIED21CTRL/LLN0$Status","1","1","0"
"14160","248.644721610","ipcas_21:73:29","147","1","235","LIED21PROT/LLN0$Alarm","1","",""
"14161","248.645216473","ipcas_21:73:29","204","1","235","LIED21MEAS/LLN0$Measurement","315","308","310"
"14270","249.674131469","ipcas_21:73:29","150","1","236","LIED21CTRL/LLN0$Status","1","1","0"
"14271","249.674135280","ipcas_21:73:29","147","1","236","LIED21PROT/LLN0$Alarm","1","",""
"14272","249.674135856","ipcas_21:73:29","204","1","236","LIED21MEAS/LLN0$Measurement","308","310","307"
"14379","250.711225613","ipcas_21:73:29","150","1","237","LIED21CTRL/LLN0$Status","1","1","0"
"14380","250.711233478","ipcas_21:73:29","147","1","237","LIED21PROT/LLN0$Alarm","1","",""
"14381","250.711234079","ipcas_21:73:29","204","1","237","LIED21MEAS/LLN0$Measurement","305","305","314"
"14454","251.755924877","ipcas_21:73:29","150","1","238","LIED21CTRL/LLN0$Status","1","1","0"
"14455","251.755925181","ipcas_21:73:29","147","1","238","LIED21PROT/LLN0$Alarm","1","",""
"14456","251.755925552","ipcas_21:73:29","204","1","238","LIED21MEAS/LLN0$Measurement","307","306","315"
"14517","252.808167842","ipcas_21:73:29","150","1","239","LIED21CTRL/LLN0$Status","1","1","0"
"14518","252.810080497","ipcas_21:73:29","147","1","239","LIED21PROT/LLN0$Alarm","1","",""
"14519","252.810086515","ipcas_21:73:29","204","1","239","LIED21MEAS/LLN0$Measurement","305","309","314"
"14587","253.879079737","ipcas_21:73:29","150","1","240","LIED21CTRL/LLN0$Status","1","1","0"
"14588","253.881064788","ipcas_21:73:29","147","1","240","LIED21PROT/LLN0$Alarm","1","",""
"14589","253.881071885","ipcas_21:73:29","204","1","240","LIED21MEAS/LLN0$Measurement","309","311","309"
"14648","254.936141618","ipcas_21:73:29","150","1","241","LIED21CTRL/LLN0$Status","1","1","0"
"14649","254.936363744","ipcas_21:73:29","147","1","241","LIED21PROT/LLN0$Alarm","1","",""
"14650","254.937079217","ipcas_21:73:29","204","1","241","LIED21MEAS/LLN0$Measurement","312","315","315"
"14705","256.004362522","ipcas_21:73:29","150","1","242","LIED21CTRL/LLN0$Status","1","1","0"
"14706","256.004370322","ipcas_21:73:29","147","1","242","LIED21PROT/LLN0$Alarm","1","",""
"14707","256.004371039","ipcas_21:73:29","204","1","242","LIED21MEAS/LLN0$Measurement","315","309","312"
"14763","257.050117699","ipcas_21:73:29","150","1","243","LIED21CTRL/LLN0$Status","1","1","0"
"14764","257.050338425","ipcas_21:73:29","147","1","243","LIED21PROT/LLN0$Alarm","1","",""
"14765","257.050341814","ipcas_21:73:29","204","1","243","LIED21MEAS/LLN0$Measurement","312","307","311"
"14830","258.089013892","ipcas_21:73:29","150","1","244","LIED21CTRL/LLN0$Status","1","1","0"
"14831","258.089022661","ipcas_21:73:29","147","1","244","LIED21PROT/LLN0$Alarm","1","",""
"14832","258.089183455","ipcas_21:73:29","204","1","244","LIED21MEAS/LLN0$Measurement","310","312","312"
"14891","259.187888790","ipcas_21:73:29","150","1","245","LIED21CTRL/LLN0$Status","1","1","0"
"14892","259.187993422","ipcas_21:73:29","147","1","245","LIED21PROT/LLN0$Alarm","1","",""
"14893","259.188282876","ipcas_21:73:29","204","1","245","LIED21MEAS/LLN0$Measurement","309","312","310"
"14960","260.217021031","ipcas_21:73:29","150","1","246","LIED21CTRL/LLN0$Status","1","1","0"
"14961","260.217026223","ipcas_21:73:29","147","1","246","LIED21PROT/LLN0$Alarm","1","",""
"14962","260.217027219","ipcas_21:73:29","204","1","246","LIED21MEAS/LLN0$Measurement","312","311","314"
"15055","261.279961665","ipcas_21:73:29","150","1","247","LIED21CTRL/LLN0$Status","1","1","0"
"15056","261.279992899","ipcas_21:73:29","147","1","247","LIED21PROT/LLN0$Alarm","1","",""
"15057","261.280401102","ipcas_21:73:29","204","1","247","LIED21MEAS/LLN0$Measurement","315","310","313"
"15159","262.324679722","ipcas_21:73:29","150","1","248","LIED21CTRL/LLN0$Status","1","1","0"
"15160","262.324682897","ipcas_21:73:29","147","1","248","LIED21PROT/LLN0$Alarm","1","",""
"15161","262.324943379","ipcas_21:73:29","204","1","248","LIED21MEAS/LLN0$Measurement","305","306","310"
"15218","263.381285452","ipcas_21:73:29","150","1","249","LIED21CTRL/LLN0$Status","1","1","0"
"15219","263.381297713","ipcas_21:73:29","147","1","249","LIED21PROT/LLN0$Alarm","1","",""
"15220","263.381298485","ipcas_21:73:29","204","1","249","LIED21MEAS/LLN0$Measurement","314","306","309"
"15277","264.441356842","ipcas_21:73:29","150","1","250","LIED21CTRL/LLN0$Status","1","1","0"
"15278","264.441363421","ipcas_21:73:29","147","1","250","LIED21PROT/LLN0$Alarm","1","",""
"15279","264.441364117","ipcas_21:73:29","204","1","250","LIED21MEAS/LLN0$Measurement","305","311","309"
"15363","265.485197411","ipcas_21:73:29","150","1","251","LIED21CTRL/LLN0$Status","1","1","0"
"15364","265.485203943","ipcas_21:73:29","147","1","251","LIED21PROT/LLN0$Alarm","1","",""
"15365","265.485869434","ipcas_21:73:29","204","1","251","LIED21MEAS/LLN0$Measurement","309","311","305"
"15455","266.561823896","ipcas_21:73:29","150","1","252","LIED21CTRL/LLN0$Status","1","1","0"
"15456","266.561949526","ipcas_21:73:29","147","1","252","LIED21PROT/LLN0$Alarm","1","",""
"15457","266.561953639","ipcas_21:73:29","204","1","252","LIED21MEAS/LLN0$Measurement","312","310","312"
"15577","267.612558055","ipcas_21:73:29","150","1","253","LIED21CTRL/LLN0$Status","1","1","0"
"15578","267.612568703","ipcas_21:73:29","147","1","253","LIED21PROT/LLN0$Alarm","1","",""
"15579","267.612569776","ipcas_21:73:29","204","1","253","LIED21MEAS/LLN0$Measurement","305","311","310"
"15653","268.646643998","ipcas_21:73:29","150","1","254","LIED21CTRL/LLN0$Status","1","1","0"
"15654","268.646880910","ipcas_21:73:29","147","1","254","LIED21PROT/LLN0$Alarm","1","",""
"15655","268.647065552","ipcas_21:73:29","204","1","254","LIED21MEAS/LLN0$Measurement","313","312","311"
"15718","269.708746094","ipcas_21:73:29","150","1","255","LIED21CTRL/LLN0$Status","1","1","0"
"15719","269.708874325","ipcas_21:73:29","147","1","255","LIED21PROT/LLN0$Alarm","1","",""
"15720","269.708876430","ipcas_21:73:29","204","1","255","LIED21MEAS/LLN0$Measurement","305","305","313"
"15785","270.750146233","ipcas_21:73:29","150","1","256","LIED21CTRL/LLN0$Status","1","1","0"
"15786","270.750151872","ipcas_21:73:29","147","1","256","LIED21PROT/LLN0$Alarm","1","",""
"15787","270.750153269","ipcas_21:73:29","204","1","256","LIED21MEAS/LLN0$Measurement","308","308","306"
"15841","271.810854588","ipcas_21:73:29","150","1","257","LIED21CTRL/LLN0$Status","1","1","0"
"15842","271.810860779","ipcas_21:73:29","147","1","257","LIED21PROT/LLN0$Alarm","1","",""
"15843","271.811214628","ipcas_21:73:29","204","1","257","LIED21MEAS/LLN0$Measurement","310","313","309"
"15897","272.854232831","ipcas_21:73:29","150","1","258","LIED21CTRL/LLN0$Status","1","1","0"
"15898","272.854429356","ipcas_21:73:29","147","1","258","LIED21PROT/LLN0$Alarm","1","",""
"15899","272.854431701","ipcas_21:73:29","204","1","258","LIED21MEAS/LLN0$Measurement","315","306","307"
"15956","273.897987362","ipcas_21:73:29","150","1","259","LIED21CTRL/LLN0$Status","1","1","0"
"15957","273.897993058","ipcas_21:73:29","147","1","259","LIED21PROT/LLN0$Alarm","1","",""
"15958","273.898531093","ipcas_21:73:29","204","1","259","LIED21MEAS/LLN0$Measurement","309","315","308"
"16019","274.957367215","ipcas_21:73:29","150","1","260","LIED21CTRL/LLN0$Status","1","1","0"
"16020","274.957783669","ipcas_21:73:29","147","1","260","LIED21PROT/LLN0$Alarm","1","",""
"16021","274.958021309","ipcas_21:73:29","204","1","260","LIED21MEAS/LLN0$Measurement","314","305","315"
"16078","276.019296538","ipcas_21:73:29","150","1","261","LIED21CTRL/LLN0$Status","1","1","0"
"16079","276.019301617","ipcas_21:73:29","147","1","261","LIED21PROT/LLN0$Alarm","1","",""
"16080","276.019302384","ipcas_21:73:29","204","1","261","LIED21MEAS/LLN0$Measurement","314","306","312"
"16135","277.068227343","ipcas_21:73:29","150","1","262","LIED21CTRL/LLN0$Status","1","1","0"
"16136","277.068234259","ipcas_21:73:29","147","1","262","LIED21PROT/LLN0$Alarm","1","",""
"16137","277.068234586","ipcas_21:73:29","204","1","262","LIED21MEAS/LLN0$Measurement","307","315","307"
"16188","278.137430433","ipcas_21:73:29","150","1","263","LIED21CTRL/LLN0$Status","1","1","0"
"16189","278.137437880","ipcas_21:73:29","147","1","263","LIED21PROT/LLN0$Alarm","1","",""
"16190","278.137439978","ipcas_21:73:29","204","1","263","LIED21MEAS/LLN0$Measurement","314","308","306"
"16243","279.183930839","ipcas_21:73:29","150","1","264","LIED21CTRL/LLN0$Status","1","1","0"
"16244","279.183934113","ipcas_21:73:29","147","1","264","LIED21PROT/LLN0$Alarm","1","",""
"16245","279.183934434","ipcas_21:73:29","204","1","264","LIED21MEAS/LLN0$Measurement","306","312","310"
"16299","280.226384210","ipcas_21:73:29","150","1","265","LIED21CTRL/LLN0$Status","1","1","0"
"16300","280.226385056","ipcas_21:73:29","147","1","265","LIED21PROT/LLN0$Alarm","1","",""
"16301","280.226385574","ipcas_21:73:29","204","1","265","LIED21MEAS/LLN0$Measurement","309","310","314"
"16357","281.280856163","ipcas_21:73:29","150","1","266","LIED21CTRL/LLN0$Status","1","1","0"
"16358","281.280856881","ipcas_21:73:29","147","1","266","LIED21PROT/LLN0$Alarm","1","",""
"16359","281.280857618","ipcas_21:73:29","204","1","266","LIED21MEAS/LLN0$Measurement","310","306","315"
"16416","282.334415700","ipcas_21:73:29","150","1","267","LIED21CTRL/LLN0$Status","1","1","0"
"16417","282.334420288","ipcas_21:73:29","147","1","267","LIED21PROT/LLN0$Alarm","1","",""
"16418","282.334867176","ipcas_21:73:29","204","1","267","LIED21MEAS/LLN0$Measurement","313","311","307"
"16471","283.376995499","ipcas_21:73:29","150","1","268","LIED21CTRL/LLN0$Status","1","1","0"
"16472","283.376999780","ipcas_21:73:29","147","1","268","LIED21PROT/LLN0$Alarm","1","",""
"16473","283.377459143","ipcas_21:73:29","204","1","268","LIED21MEAS/LLN0$Measurement","308","310","306"
"16525","284.424563736","ipcas_21:73:29","150","1","269","LIED21CTRL/LLN0$Status","1","1","0"
"16526","284.424569973","ipcas_21:73:29","147","1","269","LIED21PROT/LLN0$Alarm","1","",""
"16527","284.425506018","ipcas_21:73:29","204","1","269","LIED21MEAS/LLN0$Measurement","313","305","305"
"16580","285.497328038","ipcas_21:73:29","150","1","270","LIED21CTRL/LLN0$Status","1","1","0"
"16581","285.497332382","ipcas_21:73:29","147","1","270","LIED21PROT/LLN0$Alarm","1","",""
"16582","285.497333624","ipcas_21:73:29","204","1","270","LIED21MEAS/LLN0$Measurement","315","307","306"
"16635","286.566417139","ipcas_21:73:29","150","1","271","LIED21CTRL/LLN0$Status","1","1","0"
"16636","286.566424913","ipcas_21:73:29","147","1","271","LIED21PROT/LLN0$Alarm","1","",""
"16637","286.566425873","ipcas_21:73:29","204","1","271","LIED21MEAS/LLN0$Measurement","312","309","306"
"16691","287.636664708","ipcas_21:73:29","150","1","272","LIED21CTRL/LLN0$Status","1","1","0"
"16692","287.636672178","ipcas_21:73:29","147","1","272","LIED21PROT/LLN0$Alarm","1","",""
"16693","287.636673558","ipcas_21:73:29","204","1","272","LIED21MEAS/LLN0$Measurement","310","305","315"
"16746","288.705784384","ipcas_21:73:29","150","1","273","LIED21CTRL/LLN0$Status","1","1","0"
"16747","288.705788285","ipcas_21:73:29","147","1","273","LIED21PROT/LLN0$Alarm","1","",""
"16748","288.706244549","ipcas_21:73:29","204","1","273","LIED21MEAS/LLN0$Measurement","307","305","312"
"16800","289.772789404","ipcas_21:73:29","150","1","274","LIED21CTRL/LLN0$Status","1","1","0"
"16801","289.772790283","ipcas_21:73:29","147","1","274","LIED21PROT/LLN0$Alarm","1","",""
"16802","289.772791228","ipcas_21:73:29","204","1","274","LIED21MEAS/LLN0$Measurement","306","313","311"
"16854","290.842019988","ipcas_21:73:29","150","1","275","LIED21CTRL/LLN0$Status","1","1","0"
"16855","290.842025694","ipcas_21:73:29","147","1","275","LIED21PROT/LLN0$Alarm","1","",""
"16856","290.842027078","ipcas_21:73:29","204","1","275","LIED21MEAS/LLN0$Measurement","311","308","307"
"16908","291.914526480","ipcas_21:73:29","150","1","276","LIED21CTRL/LLN0$Status","1","1","0"
"16909","291.914557430","ipcas_21:73:29","147","1","276","LIED21PROT/LLN0$Alarm","1","",""
"16910","291.914558740","ipcas_21:73:29","204","1","276","LIED21MEAS/LLN0$Measurement","312","306","310"
"16965","292.976241157","ipcas_21:73:29","150","1","277","LIED21CTRL/LLN0$Status","1","1","0"
"16966","292.977343717","ipcas_21:73:29","147","1","277","LIED21PROT/LLN0$Alarm","1","",""
"16967","292.977347541","ipcas_21:73:29","204","1","277","LIED21MEAS/LLN0$Measurement","315","313","308"
"17062","294.019152695","ipcas_21:73:29","150","1","278","LIED21CTRL/LLN0$Status","1","1","0"
"17063","294.019156658","ipcas_21:73:29","147","1","278","LIED21PROT/LLN0$Alarm","1","",""
"17064","294.019157217","ipcas_21:73:29","204","1","278","LIED21MEAS/LLN0$Measurement","309","311","305"
"17145","295.054107783","ipcas_21:73:29","150","1","279","LIED21CTRL/LLN0$Status","1","1","0"
"17146","295.054327889","ipcas_21:73:29","147","1","279","LIED21PROT/LLN0$Alarm","1","",""
"17147","295.054329990","ipcas_21:73:29","204","1","279","LIED21MEAS/LLN0$Measurement","305","308","310"
"17270","296.089353960","ipcas_21:73:29","150","1","280","LIED21CTRL/LLN0$Status","1","1","0"
"17271","296.089671094","ipcas_21:73:29","147","1","280","LIED21PROT/LLN0$Alarm","1","",""
"17272","296.089673678","ipcas_21:73:29","204","1","280","LIED21MEAS/LLN0$Measurement","307","312","307"
"17356","297.133303341","ipcas_21:73:29","150","1","281","LIED21CTRL/LLN0$Status","1","1","0"
"17357","297.133370117","ipcas_21:73:29","147","1","281","LIED21PROT/LLN0$Alarm","1","",""
"17358","297.133887961","ipcas_21:73:29","204","1","281","LIED21MEAS/LLN0$Measurement","315","315","307"
"17425","298.161331867","ipcas_21:73:29","150","1","282","LIED21CTRL/LLN0$Status","1","1","0"
"17426","298.161501920","ipcas_21:73:29","147","1","282","LIED21PROT/LLN0$Alarm","1","",""
"17427","298.161504688","ipcas_21:73:29","204","1","282","LIED21MEAS/LLN0$Measurement","313","314","306"
"17495","299.207319043","ipcas_21:73:29","150","1","283","LIED21CTRL/LLN0$Status","1","1","0"
"17496","299.207663837","ipcas_21:73:29","147","1","283","LIED21PROT/LLN0$Alarm","1","",""
"17497","299.208017369","ipcas_21:73:29","204","1","283","LIED21MEAS/LLN0$Measurement","314","309","313"
"17556","300.260639768","ipcas_21:73:29","150","1","284","LIED21CTRL/LLN0$Status","1","1","0"
"17557","300.260640543","ipcas_21:73:29","147","1","284","LIED21PROT/LLN0$Alarm","1","",""
"17558","300.260641143","ipcas_21:73:29","204","1","284","LIED21MEAS/LLN0$Measurement","309","315","305"
"17615","301.317405692","ipcas_21:73:29","150","1","285","LIED21CTRL/LLN0$Status","1","1","0"
"17616","301.317412190","ipcas_21:73:29","147","1","285","LIED21PROT/LLN0$Alarm","1","",""
"17617","301.317414151","ipcas_21:73:29","204","1","285","LIED21MEAS/LLN0$Measurement","307","312","312"
"17671","302.372642568","ipcas_21:73:29","150","1","286","LIED21CTRL/LLN0$Status","1","1","0"
"17672","302.372651659","ipcas_21:73:29","147","1","286","LIED21PROT/LLN0$Alarm","1","",""
"17673","302.372653346","ipcas_21:73:29","204","1","286","LIED21MEAS/LLN0$Measurement","310","310","312"
"17736","303.452525844","ipcas_21:73:29","150","1","287","LIED21CTRL/LLN0$Status","1","1","0"
"17737","303.452529407","ipcas_21:73:29","147","1","287","LIED21PROT/LLN0$Alarm","1","",""
"17738","303.452690935","ipcas_21:73:29","204","1","287","LIED21MEAS/LLN0$Measurement","314","307","310"
"17798","304.508490180","ipcas_21:73:29","150","1","288","LIED21CTRL/LLN0$Status","1","1","0"
"17799","304.508498670","ipcas_21:73:29","147","1","288","LIED21PROT/LLN0$Alarm","1","",""
"17800","304.508499335","ipcas_21:73:29","204","1","288","LIED21MEAS/LLN0$Measurement","314","314","309"
"17867","305.567072481","ipcas_21:73:29","150","1","289","LIED21CTRL/LLN0$Status","1","1","0"
"17868","305.567078516","ipcas_21:73:29","147","1","289","LIED21PROT/LLN0$Alarm","1","",""
"17869","305.567079425","ipcas_21:73:29","204","1","289","LIED21MEAS/LLN0$Measurement","307","310","307"
"17928","306.598935401","ipcas_21:73:29","150","1","290","LIED21CTRL/LLN0$Status","1","1","0"
"17929","306.598936180","ipcas_21:73:29","147","1","290","LIED21PROT/LLN0$Alarm","1","",""
"17930","306.598936975","ipcas_21:73:29","204","1","290","LIED21MEAS/LLN0$Measurement","313","315","305"
"17982","307.697250375","ipcas_21:73:29","150","1","291","LIED21CTRL/LLN0$Status","1","1","0"
"17983","307.697251093","ipcas_21:73:29","147","1","291","LIED21PROT/LLN0$Alarm","1","",""
"17984","307.697251950","ipcas_21:73:29","204","1","291","LIED21MEAS/LLN0$Measurement","313","306","314"
"18043","308.721146747","ipcas_21:73:29","150","1","292","LIED21CTRL/LLN0$Status","1","1","0"
"18044","308.721155848","ipcas_21:73:29","147","1","292","LIED21PROT/LLN0$Alarm","1","",""
"18045","308.721157485","ipcas_21:73:29","204","1","292","LIED21MEAS/LLN0$Measurement","313","315","310"
"18096","309.790646219","ipcas_21:73:29","150","1","293","LIED21CTRL/LLN0$Status","1","1","0"
"18097","309.791037810","ipcas_21:73:29","147","1","293","LIED21PROT/LLN0$Alarm","1","",""
"18098","309.791042083","ipcas_21:73:29","204","1","293","LIED21MEAS/LLN0$Measurement","315","315","312"
"18161","310.843000832","ipcas_21:73:29","150","1","294","LIED21CTRL/LLN0$Status","1","1","0"
"18162","310.843001902","ipcas_21:73:29","147","1","294","LIED21PROT/LLN0$Alarm","1","",""
"18163","310.843002438","ipcas_21:73:29","204","1","294","LIED21MEAS/LLN0$Measurement","308","306","315"
"18221","311.891397242","ipcas_21:73:29","150","1","295","LIED21CTRL/LLN0$Status","1","1","0"
"18222","311.891403587","ipcas_21:73:29","147","1","295","LIED21PROT/LLN0$Alarm","1","",""
"18223","311.891404699","ipcas_21:73:29","204","1","295","LIED21MEAS/LLN0$Measurement","313","313","306"
"18274","312.967964377","ipcas_21:73:29","150","1","296","LIED21CTRL/LLN0$Status","1","1","0"
"18275","312.967969519","ipcas_21:73:29","147","1","296","LIED21PROT/LLN0$Alarm","1","",""
"18276","312.967970006","ipcas_21:73:29","204","1","296","LIED21MEAS/LLN0$Measurement","314","309","305"
"18327","314.038841257","ipcas_21:73:29","150","1","297","LIED21CTRL/LLN0$Status","1","1","0"
"18328","314.038849851","ipcas_21:73:29","147","1","297","LIED21PROT/LLN0$Alarm","1","",""
"18329","314.038850729","ipcas_21:73:29","204","1","297","LIED21MEAS/LLN0$Measurement","312","312","311"
"18384","315.072433688","ipcas_21:73:29","150","1","298","LIED21CTRL/LLN0$Status","1","1","0"
"18385","315.072441574","ipcas_21:73:29","147","1","298","LIED21PROT/LLN0$Alarm","1","",""
"18386","315.072442977","ipcas_21:73:29","204","1","298","LIED21MEAS/LLN0$Measurement","305","307","310"
"18437","316.142934395","ipcas_21:73:29","150","1","299","LIED21CTRL/LLN0$Status","1","1","0"
"18438","316.142942332","ipcas_21:73:29","147","1","299","LIED21PROT/LLN0$Alarm","1","",""
"18439","316.142942995","ipcas_21:73:29","204","1","299","LIED21MEAS/LLN0$Measurement","313","313","313"
"18491","317.184436239","ipcas_21:73:29","150","1","300","LIED21CTRL/LLN0$Status","1","1","0"
"18492","317.184442303","ipcas_21:73:29","147","1","300","LIED21PROT/LLN0$Alarm","1","",""
"18493","317.184443298","ipcas_21:73:29","204","1","300","LIED21MEAS/LLN0$Measurement","305","311","311"
"18545","318.249279539","ipcas_21:73:29","150","1","301","LIED21CTRL/LLN0$Status","1","1","0"
"18546","318.249286463","ipcas_21:73:29","147","1","301","LIED21PROT/LLN0$Alarm","1","",""
"18547","318.249287247","ipcas_21:73:29","204","1","301","LIED21MEAS/LLN0$Measurement","313","308","312"
"18600","319.326531515","ipcas_21:73:29","150","1","302","LIED21CTRL/LLN0$Status","1","1","0"
"18601","319.326538427","ipcas_21:73:29","147","1","302","LIED21PROT/LLN0$Alarm","1","",""
"18602","319.326538894","ipcas_21:73:29","204","1","302","LIED21MEAS/LLN0$Measurement","314","309","315"
"18654","320.389913096","ipcas_21:73:29","150","1","303","LIED21CTRL/LLN0$Status","1","1","0"
"18655","320.389918332","ipcas_21:73:29","147","1","303","LIED21PROT/LLN0$Alarm","1","",""
"18656","320.389919749","ipcas_21:73:29","204","1","303","LIED21MEAS/LLN0$Measurement","307","305","310"
"18707","321.434968400","ipcas_21:73:29","150","1","304","LIED21CTRL/LLN0$Status","1","1","0"
"18708","321.434971019","ipcas_21:73:29","147","1","304","LIED21PROT/LLN0$Alarm","1","",""
"18709","321.434971935","ipcas_21:73:29","204","1","304","LIED21MEAS/LLN0$Measurement","310","310","311"
"18760","322.474199177","ipcas_21:73:29","150","1","305","LIED21CTRL/LLN0$Status","1","1","0"
"18761","322.474203584","ipcas_21:73:29","147","1","305","LIED21PROT/LLN0$Alarm","1","",""
"18762","322.474204057","ipcas_21:73:29","204","1","305","LIED21MEAS/LLN0$Measurement","306","315","314"
"18815","323.533843442","ipcas_21:73:29","150","1","306","LIED21CTRL/LLN0$Status","1","1","0"
"18816","323.533847606","ipcas_21:73:29","147","1","306","LIED21PROT/LLN0$Alarm","1","",""
"18817","323.533848327","ipcas_21:73:29","204","1","306","LIED21MEAS/LLN0$Measurement","313","315","308"
"18869","324.608229043","ipcas_21:73:29","150","1","307","LIED21CTRL/LLN0$Status","1","1","0"
"18870","324.608237314","ipcas_21:73:29","147","1","307","LIED21PROT/LLN0$Alarm","1","",""
"18871","324.608811834","ipcas_21:73:29","204","1","307","LIED21MEAS/LLN0$Measurement","314","313","314"
"18923","325.685670350","ipcas_21:73:29","150","1","308","LIED21CTRL/LLN0$Status","1","1","0"
"18924","325.685678576","ipcas_21:73:29","147","1","308","LIED21PROT/LLN0$Alarm","1","",""
"18925","325.685802358","ipcas_21:73:29","204","1","308","LIED21MEAS/LLN0$Measurement","307","305","314"
"18980","326.745159624","ipcas_21:73:29","150","1","309","LIED21CTRL/LLN0$Status","1","1","0"
"18981","326.745163514","ipcas_21:73:29","147","1","309","LIED21PROT/LLN0$Alarm","1","",""
"18982","326.745277080","ipcas_21:73:29","204","1","309","LIED21MEAS/LLN0$Measurement","314","314","313"
"19034","327.790157096","ipcas_21:73:29","150","1","310","LIED21CTRL/LLN0$Status","1","1","0"
"19035","327.790160967","ipcas_21:73:29","147","1","310","LIED21PROT/LLN0$Alarm","1","",""
"19036","327.790161727","ipcas_21:73:29","204","1","310","LIED21MEAS/LLN0$Measurement","312","309","309"
"19088","328.871891496","ipcas_21:73:29","150","1","311","LIED21CTRL/LLN0$Status","1","1","0"
"19089","328.871898414","ipcas_21:73:29","147","1","311","LIED21PROT/LLN0$Alarm","1","",""
"19090","328.871898825","ipcas_21:73:29","204","1","311","LIED21MEAS/LLN0$Measurement","315","305","308"
"19141","329.950391381","ipcas_21:73:29","150","1","312","LIED21CTRL/LLN0$Status","1","1","0"
"19142","329.950398541","ipcas_21:73:29","147","1","312","LIED21PROT/LLN0$Alarm","1","",""
"19143","329.950399311","ipcas_21:73:29","204","1","312","LIED21MEAS/LLN0$Measurement","315","306","312"
"19194","330.990030009","ipcas_21:73:29","150","1","313","LIED21CTRL/LLN0$Status","1","1","0"
"19195","330.990035970","ipcas_21:73:29","147","1","313","LIED21PROT/LLN0$Alarm","1","",""
"19196","330.990037737","ipcas_21:73:29","204","1","313","LIED21MEAS/LLN0$Measurement","306","312","308"
"19247","332.052151933","ipcas_21:73:29","150","1","314","LIED21CTRL/LLN0$Status","1","1","0"
"19248","332.052157285","ipcas_21:73:29","147","1","314","LIED21PROT/LLN0$Alarm","1","",""
"19249","332.052199689","ipcas_21:73:29","204","1","314","LIED21MEAS/LLN0$Measurement","309","305","310"
"19301","333.090878153","ipcas_21:73:29","150","1","315","LIED21CTRL/LLN0$Status","1","1","0"
"19302","333.091053928","ipcas_21:73:29","147","1","315","LIED21PROT/LLN0$Alarm","1","",""
"19303","333.091300380","ipcas_21:73:29","204","1","315","LIED21MEAS/LLN0$Measurement","313","305","311"
"19354","334.134927178","ipcas_21:73:29","150","1","316","LIED21CTRL/LLN0$Status","1","1","0"
"19355","334.136343156","ipcas_21:73:29","147","1","316","LIED21PROT/LLN0$Alarm","1","",""
"19356","334.136348174","ipcas_21:73:29","204","1","316","LIED21MEAS/LLN0$Measurement","306","313","305"
"19409","335.201872492","ipcas_21:73:29","150","1","317","LIED21CTRL/LLN0$Status","1","1","0"
"19410","335.202641015","ipcas_21:73:29","147","1","317","LIED21PROT/LLN0$Alarm","1","",""
"19411","335.202644152","ipcas_21:73:29","204","1","317","LIED21MEAS/LLN0$Measurement","314","313","308"
"19465","336.231669883","ipcas_21:73:29","150","1","318","LIED21CTRL/LLN0$Status","1","1","0"
"19466","336.231675132","ipcas_21:73:29","147","1","318","LIED21PROT/LLN0$Alarm","1","",""
"19467","336.231676558","ipcas_21:73:29","204","1","318","LIED21MEAS/LLN0$Measurement","308","313","310"
"19518","337.280200093","ipcas_21:73:29","150","1","319","LIED21CTRL/LLN0$Status","1","1","0"
"19519","337.280552545","ipcas_21:73:29","147","1","319","LIED21PROT/LLN0$Alarm","1","",""
"19520","337.280923642","ipcas_21:73:29","204","1","319","LIED21MEAS/LLN0$Measurement","313","313","314"
"19571","338.357550152","ipcas_21:73:29","150","1","320","LIED21CTRL/LLN0$Status","1","1","0"
"19572","338.357553468","ipcas_21:73:29","147","1","320","LIED21PROT/LLN0$Alarm","1","",""
"19573","338.357834955","ipcas_21:73:29","204","1","320","LIED21MEAS/LLN0$Measurement","308","305","311"
"19624","339.411956983","ipcas_21:73:29","150","1","321","LIED21CTRL/LLN0$Status","1","1","0"
"19625","339.416756133","ipcas_21:73:29","147","1","321","LIED21PROT/LLN0$Alarm","1","",""
"19626","339.416759415","ipcas_21:73:29","204","1","321","LIED21MEAS/LLN0$Measurement","309","308","309"
"19697","340.475083722","ipcas_21:73:29","150","1","322","LIED21CTRL/LLN0$Status","1","1","0"
"19698","340.475084496","ipcas_21:73:29","147","1","322","LIED21PROT/LLN0$Alarm","1","",""
"19699","340.475085019","ipcas_21:73:29","204","1","322","LIED21MEAS/LLN0$Measurement","308","307","306"
"19750","341.496253303","ipcas_21:73:29","150","1","323","LIED21CTRL/LLN0$Status","1","1","0"
"19751","341.496906648","ipcas_21:73:29","147","1","323","LIED21PROT/LLN0$Alarm","1","",""
"19752","341.496909674","ipcas_21:73:29","204","1","323","LIED21MEAS/LLN0$Measurement","313","313","312"
"19803","342.553905419","ipcas_21:73:29","150","1","324","LIED21CTRL/LLN0$Status","1","1","0"
"19804","342.554060544","ipcas_21:73:29","147","1","324","LIED21PROT/LLN0$Alarm","1","",""
"19805","342.554399877","ipcas_21:73:29","204","1","324","LIED21MEAS/LLN0$Measurement","315","307","311"
"19856","343.650998771","ipcas_21:73:29","150","1","325","LIED21CTRL/LLN0$Status","1","1","0"
"19857","343.650999853","ipcas_21:73:29","147","1","325","LIED21PROT/LLN0$Alarm","1","",""
"19858","343.651000715","ipcas_21:73:29","204","1","325","LIED21MEAS/LLN0$Measurement","311","313","308"
"19909","344.710281765","ipcas_21:73:29","150","1","326","LIED21CTRL/LLN0$Status","1","1","0"
"19910","344.710282585","ipcas_21:73:29","147","1","326","LIED21PROT/LLN0$Alarm","1","",""
"19911","344.710283308","ipcas_21:73:29","204","1","326","LIED21MEAS/LLN0$Measurement","314","309","309"
"19962","345.767122890","ipcas_21:73:29","150","1","327","LIED21CTRL/LLN0$Status","1","1","0"
"19963","345.767127378","ipcas_21:73:29","147","1","327","LIED21PROT/LLN0$Alarm","1","",""
"19964","345.767127866","ipcas_21:73:29","204","1","327","LIED21MEAS/LLN0$Measurement","308","307","312"
"20015","346.835560928","ipcas_21:73:29","150","1","328","LIED21CTRL/LLN0$Status","1","1","0"
"20016","346.835566544","ipcas_21:73:29","147","1","328","LIED21PROT/LLN0$Alarm","1","",""
"20017","346.835567456","ipcas_21:73:29","204","1","328","LIED21MEAS/LLN0$Measurement","305","310","315"
"20068","347.883868502","ipcas_21:73:29","150","1","329","LIED21CTRL/LLN0$Status","1","1","0"
"20069","347.883873489","ipcas_21:73:29","147","1","329","LIED21PROT/LLN0$Alarm","1","",""
"20070","347.883874084","ipcas_21:73:29","204","1","329","LIED21MEAS/LLN0$Measurement","310","306","306"
"20121","348.944424340","ipcas_21:73:29","150","1","330","LIED21CTRL/LLN0$Status","1","1","0"
"20122","348.944428688","ipcas_21:73:29","147","1","330","LIED21PROT/LLN0$Alarm","1","",""
"20123","348.944466650","ipcas_21:73:29","204","1","330","LIED21MEAS/LLN0$Measurement","313","309","306"
"20174","350.014111391","ipcas_21:73:29","150","1","331","LIED21CTRL/LLN0$Status","1","1","0"
"20175","350.014188038","ipcas_21:73:29","147","1","331","LIED21PROT/LLN0$Alarm","1","",""
"20176","350.014189446","ipcas_21:73:29","204","1","331","LIED21MEAS/LLN0$Measurement","307","310","305"
"20227","351.082337250","ipcas_21:73:29","150","1","332","LIED21CTRL/LLN0$Status","1","1","0"
"20228","351.082343307","ipcas_21:73:29","147","1","332","LIED21PROT/LLN0$Alarm","1","",""
"20229","351.082344333","ipcas_21:73:29","204","1","332","LIED21MEAS/LLN0$Measurement","307","314","310"
"20280","352.152695495","ipcas_21:73:29","150","1","333","LIED21CTRL/LLN0$Status","1","1","0"
"20281","352.152701975","ipcas_21:73:29","147","1","333","LIED21PROT/LLN0$Alarm","1","",""
"20282","352.152975383","ipcas_21:73:29","204","1","333","LIED21MEAS/LLN0$Measurement","312","311","313"
"20333","353.224249621","ipcas_21:73:29","150","1","334","LIED21CTRL/LLN0$Status","1","1","0"
"20334","353.224250752","ipcas_21:73:29","147","1","334","LIED21PROT/LLN0$Alarm","1","",""
"20335","353.224251306","ipcas_21:73:29","204","1","334","LIED21MEAS/LLN0$Measurement","314","315","310"
"20386","354.299537255","ipcas_21:73:29","150","1","335","LIED21CTRL/LLN0$Status","1","1","0"
"20387","354.299538739","ipcas_21:73:29","147","1","335","LIED21PROT/LLN0$Alarm","1","",""
"20388","354.299540018","ipcas_21:73:29","204","1","335","LIED21MEAS/LLN0$Measurement","306","305","309"
"20439","355.342999195","ipcas_21:73:29","150","1","336","LIED21CTRL/LLN0$Status","1","1","0"
"20440","355.342999938","ipcas_21:73:29","147","1","336","LIED21PROT/LLN0$Alarm","1","",""
"20441","355.343000587","ipcas_21:73:29","204","1","336","LIED21MEAS/LLN0$Measurement","306","310","311"
"20492","356.409872272","ipcas_21:73:29","150","1","337","LIED21CTRL/LLN0$Status","1","1","0"
"20493","356.409879041","ipcas_21:73:29","147","1","337","LIED21PROT/LLN0$Alarm","1","",""
"20494","356.409879655","ipcas_21:73:29","204","1","337","LIED21MEAS/LLN0$Measurement","314","305","308"
"20545","357.481266585","ipcas_21:73:29","150","1","338","LIED21CTRL/LLN0$Status","1","1","0"
"20546","357.481275636","ipcas_21:73:29","147","1","338","LIED21PROT/LLN0$Alarm","1","",""
"20547","357.481449141","ipcas_21:73:29","204","1","338","LIED21MEAS/LLN0$Measurement","315","306","313"
"20598","358.545930665","ipcas_21:73:29","150","1","339","LIED21CTRL/LLN0$Status","1","1","0"
"20599","358.545940250","ipcas_21:73:29","147","1","339","LIED21PROT/LLN0$Alarm","1","",""
"20600","358.545941252","ipcas_21:73:29","204","1","339","LIED21MEAS/LLN0$Measurement","307","313","309"
"20651","359.619428213","ipcas_21:73:29","150","1","340","LIED21CTRL/LLN0$Status","1","1","0"
"20652","359.619434060","ipcas_21:73:29","147","1","340","LIED21PROT/LLN0$Alarm","1","",""
"20653","359.619434858","ipcas_21:73:29","204","1","340","LIED21MEAS/LLN0$Measurement","309","307","309"
"20707","360.696750754","ipcas_21:73:29","150","1","341","LIED21CTRL/LLN0$Status","1","1","0"
"20708","360.696751536","ipcas_21:73:29","147","1","341","LIED21PROT/LLN0$Alarm","1","",""
"20709","360.696752357","ipcas_21:73:29","204","1","341","LIED21MEAS/LLN0$Measurement","315","309","307"
"20775","361.794041456","ipcas_21:73:29","150","1","342","LIED21CTRL/LLN0$Status","1","1","0"
"20776","361.794049845","ipcas_21:73:29","147","1","342","LIED21PROT/LLN0$Alarm","1","",""
"20777","361.794050640","ipcas_21:73:29","204","1","342","LIED21MEAS/LLN0$Measurement","308","314","310"
"20825","362.853919292","ipcas_21:73:29","150","1","343","LIED21CTRL/LLN0$Status","1","1","0"
"20826","362.853919954","ipcas_21:73:29","147","1","343","LIED21PROT/LLN0$Alarm","1","",""
"20827","362.853920324","ipcas_21:73:29","204","1","343","LIED21MEAS/LLN0$Measurement","314","312","313"
"20869","363.931990106","ipcas_21:73:29","150","1","344","LIED21CTRL/LLN0$Status","1","1","0"
"20870","363.931990589","ipcas_21:73:29","147","1","344","LIED21PROT/LLN0$Alarm","1","",""
"20871","363.931991333","ipcas_21:73:29","204","1","344","LIED21MEAS/LLN0$Measurement","310","308","314"
"20919","365.005881457","ipcas_21:73:29","150","1","345","LIED21CTRL/LLN0$Status","1","1","0"
"20920","365.005885295","ipcas_21:73:29","147","1","345","LIED21PROT/LLN0$Alarm","1","",""
"20921","365.006070393","ipcas_21:73:29","204","1","345","LIED21MEAS/LLN0$Measurement","310","309","311"
"20987","366.066552132","ipcas_21:73:29","150","1","346","LIED21CTRL/LLN0$Status","1","1","0"
"20988","366.066552589","ipcas_21:73:29","147","1","346","LIED21PROT/LLN0$Alarm","1","",""
"20989","366.066553112","ipcas_21:73:29","204","1","346","LIED21MEAS/LLN0$Measurement","310","309","313"
"21034","367.145940896","ipcas_21:73:29","150","1","347","LIED21CTRL/LLN0$Status","1","1","0"
"21035","367.145949584","ipcas_21:73:29","147","1","347","LIED21PROT/LLN0$Alarm","1","",""
"21036","367.145950079","ipcas_21:73:29","204","1","347","LIED21MEAS/LLN0$Measurement","312","310","307"
"21081","368.174234859","ipcas_21:73:29","150","1","348","LIED21CTRL/LLN0$Status","1","1","0"
"21082","368.174236284","ipcas_21:73:29","147","1","348","LIED21PROT/LLN0$Alarm","1","",""
"21083","368.174236597","ipcas_21:73:29","204","1","348","LIED21MEAS/LLN0$Measurement","310","314","315"
"21131","369.252344096","ipcas_21:73:29","150","1","349","LIED21CTRL/LLN0$Status","1","1","0"
"21132","369.252352117","ipcas_21:73:29","147","1","349","LIED21PROT/LLN0$Alarm","1","",""
"21133","369.252352706","ipcas_21:73:29","204","1","349","LIED21MEAS/LLN0$Measurement","310","313","310"
"21187","370.302970542","ipcas_21:73:29","150","1","350","LIED21CTRL/LLN0$Status","1","1","0"
"21188","370.302974080","ipcas_21:73:29","147","1","350","LIED21PROT/LLN0$Alarm","1","",""
"21189","370.303405867","ipcas_21:73:29","204","1","350","LIED21MEAS/LLN0$Measurement","311","313","313"
"21257","371.376082450","ipcas_21:73:29","150","1","351","LIED21CTRL/LLN0$Status","1","1","0"
"21258","371.376082856","ipcas_21:73:29","147","1","351","LIED21PROT/LLN0$Alarm","1","",""
"21259","371.376083761","ipcas_21:73:29","204","1","351","LIED21MEAS/LLN0$Measurement","308","309","315"
"21296","372.408981908","ipcas_21:73:29","150","1","352","LIED21CTRL/LLN0$Status","1","1","0"
"21297","372.408989375","ipcas_21:73:29","147","1","352","LIED21PROT/LLN0$Alarm","1","",""
"21298","372.408990866","ipcas_21:73:29","204","1","352","LIED21MEAS/LLN0$Measurement","314","309","310"
"21343","373.471217535","ipcas_21:73:29","150","1","353","LIED21CTRL/LLN0$Status","1","1","0"
"21344","373.471218114","ipcas_21:73:29","147","1","353","LIED21PROT/LLN0$Alarm","1","",""
"21345","373.471218727","ipcas_21:73:29","204","1","353","LIED21MEAS/LLN0$Measurement","310","308","315"
"21411","374.519667239","ipcas_21:73:29","150","1","354","LIED21CTRL/LLN0$Status","1","1","0"
"21412","374.519668222","ipcas_21:73:29","147","1","354","LIED21PROT/LLN0$Alarm","1","",""
"21413","374.519669118","ipcas_21:73:29","204","1","354","LIED21MEAS/LLN0$Measurement","309","311","308"
"21457","375.588553284","ipcas_21:73:29","150","1","355","LIED21CTRL/LLN0$Status","1","1","0"
"21459","375.588555240","ipcas_21:73:29","147","1","355","LIED21PROT/LLN0$Alarm","1","",""
"21460","375.588555715","ipcas_21:73:29","204","1","355","LIED21MEAS/LLN0$Measurement","308","309","309"
"21517","376.680425680","ipcas_21:73:29","150","1","356","LIED21CTRL/LLN0$Status","1","1","0"
"21518","376.680433248","ipcas_21:73:29","147","1","356","LIED21PROT/LLN0$Alarm","1","",""
"21519","376.680433820","ipcas_21:73:29","204","1","356","LIED21MEAS/LLN0$Measurement","310","314","312"
"21575","377.743773859","ipcas_21:73:29","150","1","357","LIED21CTRL/LLN0$Status","1","1","0"
"21576","377.743777503","ipcas_21:73:29","147","1","357","LIED21PROT/LLN0$Alarm","1","",""
"21577","377.744460731","ipcas_21:73:29","204","1","357","LIED21MEAS/LLN0$Measurement","314","305","310"
"21628","378.786657512","ipcas_21:73:29","150","1","358","LIED21CTRL/LLN0$Status","1","1","0"
"21629","378.786658550","ipcas_21:73:29","147","1","358","LIED21PROT/LLN0$Alarm","1","",""
"21630","378.786659058","ipcas_21:73:29","204","1","358","LIED21MEAS/LLN0$Measurement","309","310","311"
"21681","379.825484702","ipcas_21:73:29","150","1","359","LIED21CTRL/LLN0$Status","1","1","0"
"21682","379.825491946","ipcas_21:73:29","147","1","359","LIED21PROT/LLN0$Alarm","1","",""
"21683","379.825492837","ipcas_21:73:29","204","1","359","LIED21MEAS/LLN0$Measurement","308","309","310"
"21732","380.861589976","ipcas_21:73:29","150","1","360","LIED21CTRL/LLN0$Status","1","1","0"
"21733","380.861594157","ipcas_21:73:29","147","1","360","LIED21PROT/LLN0$Alarm","1","",""
"21734","380.861595037","ipcas_21:73:29","204","1","360","LIED21MEAS/LLN0$Measurement","311","313","310"
"21787","381.921966045","ipcas_21:73:29","150","1","361","LIED21CTRL/LLN0$Status","1","1","0"
"21788","381.921966683","ipcas_21:73:29","147","1","361","LIED21PROT/LLN0$Alarm","1","",""
"21789","381.921967343","ipcas_21:73:29","204","1","361","LIED21MEAS/LLN0$Measurement","309","305","313"
"21829","382.959384160","ipcas_21:73:29","150","1","362","LIED21CTRL/LLN0$Status","1","1","0"
"21830","382.959384869","ipcas_21:73:29","147","1","362","LIED21PROT/LLN0$Alarm","1","",""
"21831","382.959385575","ipcas_21:73:29","204","1","362","LIED21MEAS/LLN0$Measurement","313","315","309"
"21888","384.052994587","ipcas_21:73:29","150","1","363","LIED21CTRL/LLN0$Status","1","1","0"
"21889","384.052995045","ipcas_21:73:29","147","1","363","LIED21PROT/LLN0$Alarm","1","",""
"21890","384.052995903","ipcas_21:73:29","204","1","363","LIED21MEAS/LLN0$Measurement","314","307","312"
"21935","385.137824470","ipcas_21:73:29","150","1","364","LIED21CTRL/LLN0$Status","1","1","0"
"21936","385.137826358","ipcas_21:73:29","147","1","364","LIED21PROT/LLN0$Alarm","1","",""
"21937","385.137826740","ipcas_21:73:29","204","1","364","LIED21MEAS/LLN0$Measurement","308","310","314"
"21976","386.188798471","ipcas_21:73:29","150","1","365","LIED21CTRL/LLN0$Status","1","1","0"
"21977","386.188878324","ipcas_21:73:29","147","1","365","LIED21PROT/LLN0$Alarm","1","",""
"21978","386.188957790","ipcas_21:73:29","204","1","365","LIED21MEAS/LLN0$Measurement","307","306","311"
"22044","387.255421622","ipcas_21:73:29","150","1","366","LIED21CTRL/LLN0$Status","1","1","0"
"22045","387.255997651","ipcas_21:73:29","147","1","366","LIED21PROT/LLN0$Alarm","1","",""
"22046","387.274856547","ipcas_21:73:29","204","1","366","LIED21MEAS/LLN0$Measurement","312","315","311"
"22082","388.314957054","ipcas_21:73:29","150","1","367","LIED21CTRL/LLN0$Status","1","1","0"
"22083","388.314958170","ipcas_21:73:29","147","1","367","LIED21PROT/LLN0$Alarm","1","",""
"22084","388.314958942","ipcas_21:73:29","204","1","367","LIED21MEAS/LLN0$Measurement","305","312","315"
"22141","389.353019044","ipcas_21:73:29","150","1","368","LIED21CTRL/LLN0$Status","1","1","0"
"22142","389.353022916","ipcas_21:73:29","147","1","368","LIED21PROT/LLN0$Alarm","1","",""
"22143","389.353023647","ipcas_21:73:29","204","1","368","LIED21MEAS/LLN0$Measurement","307","310","312"
"22201","390.432383619","ipcas_21:73:29","150","1","369","LIED21CTRL/LLN0$Status","1","1","0"
"22202","390.432384312","ipcas_21:73:29","147","1","369","LIED21PROT/LLN0$Alarm","1","",""
"22203","390.432384945","ipcas_21:73:29","204","1","369","LIED21MEAS/LLN0$Measurement","314","305","306"
"22264","391.500959416","ipcas_21:73:29","150","1","370","LIED21CTRL/LLN0$Status","1","1","0"
"22265","391.500966229","ipcas_21:73:29","147","1","370","LIED21PROT/LLN0$Alarm","1","",""
"22266","391.500967089","ipcas_21:73:29","204","1","370","LIED21MEAS/LLN0$Measurement","315","306","312"
"22300","392.556731632","ipcas_21:73:29","150","1","371","LIED21CTRL/LLN0$Status","1","1","0"
"22301","392.556740604","ipcas_21:73:29","147","1","371","LIED21PROT/LLN0$Alarm","1","",""
"22302","392.556741498","ipcas_21:73:29","204","1","371","LIED21MEAS/LLN0$Measurement","314","306","309"
"22350","393.617655374","ipcas_21:73:29","150","1","372","LIED21CTRL/LLN0$Status","1","1","0"
"22351","393.617655731","ipcas_21:73:29","147","1","372","LIED21PROT/LLN0$Alarm","1","",""
"22352","393.617656345","ipcas_21:73:29","204","1","372","LIED21MEAS/LLN0$Measurement","311","313","307"
"22423","394.687798454","ipcas_21:73:29","150","1","373","LIED21CTRL/LLN0$Status","1","1","0"
"22424","394.687809802","ipcas_21:73:29","147","1","373","LIED21PROT/LLN0$Alarm","1","",""
"22425","394.687810859","ipcas_21:73:29","204","1","373","LIED21MEAS/LLN0$Measurement","314","306","305"
"22476","395.745560493","ipcas_21:73:29","150","1","374","LIED21CTRL/LLN0$Status","1","1","0"
"22477","395.745567828","ipcas_21:73:29","147","1","374","LIED21PROT/LLN0$Alarm","1","",""
"22478","395.745568174","ipcas_21:73:29","204","1","374","LIED21MEAS/LLN0$Measurement","307","307","308"
"22524","396.798026820","ipcas_21:73:29","150","1","375","LIED21CTRL/LLN0$Status","1","1","0"
"22525","396.798027126","ipcas_21:73:29","147","1","375","LIED21PROT/LLN0$Alarm","1","",""
"22526","396.798027639","ipcas_21:73:29","204","1","375","LIED21MEAS/LLN0$Measurement","305","314","308"
"22568","397.853963242","ipcas_21:73:29","150","1","376","LIED21CTRL/LLN0$Status","1","1","0"
"22569","397.853972391","ipcas_21:73:29","147","1","376","LIED21PROT/LLN0$Alarm","1","",""
"22570","397.853973489","ipcas_21:73:29","204","1","376","LIED21MEAS/LLN0$Measurement","309","305","313"
"22635","398.956458389","ipcas_21:73:29","150","1","377","LIED21CTRL/LLN0$Status","1","1","0"
"22636","398.956459084","ipcas_21:73:29","147","1","377","LIED21PROT/LLN0$Alarm","1","",""
"22637","398.956459829","ipcas_21:73:29","204","1","377","LIED21MEAS/LLN0$Measurement","307","313","314"
"22688","400.003559448","ipcas_21:73:29","150","1","378","LIED21CTRL/LLN0$Status","1","1","0"
"22689","400.003562896","ipcas_21:73:29","147","1","378","LIED21PROT/LLN0$Alarm","1","",""
"22690","400.003563691","ipcas_21:73:29","204","1","378","LIED21MEAS/LLN0$Measurement","309","314","311"
"22741","401.061930264","ipcas_21:73:29","150","1","379","LIED21CTRL/LLN0$Status","1","1","0"
"22742","401.062446665","ipcas_21:73:29","147","1","379","LIED21PROT/LLN0$Alarm","1","",""
"22743","401.062730073","ipcas_21:73:29","204","1","379","LIED21MEAS/LLN0$Measurement","315","310","315"
"22794","402.120946435","ipcas_21:73:29","150","1","380","LIED21CTRL/LLN0$Status","1","1","0"
"22795","402.120955911","ipcas_21:73:29","147","1","380","LIED21PROT/LLN0$Alarm","1","",""
"22796","402.120957522","ipcas_21:73:29","204","1","380","LIED21MEAS/LLN0$Measurement","309","311","308"
"22847","403.147559827","ipcas_21:73:29","150","1","381","LIED21CTRL/LLN0$Status","1","1","0"
"22848","403.147562870","ipcas_21:73:29","147","1","381","LIED21PROT/LLN0$Alarm","1","",""
"22849","403.147909341","ipcas_21:73:29","204","1","381","LIED21MEAS/LLN0$Measurement","308","314","312"
"22900","404.194617523","ipcas_21:73:29","150","1","382","LIED21CTRL/LLN0$Status","1","1","0"
"22901","404.194623974","ipcas_21:73:29","147","1","382","LIED21PROT/LLN0$Alarm","1","",""
"22902","404.194624624","ipcas_21:73:29","204","1","382","LIED21MEAS/LLN0$Measurement","315","307","307"
"22953","405.236045867","ipcas_21:73:29","150","1","383","LIED21CTRL/LLN0$Status","1","1","0"
"22954","405.236866259","ipcas_21:73:29","147","1","383","LIED21PROT/LLN0$Alarm","1","",""
"22955","405.236870577","ipcas_21:73:29","204","1","383","LIED21MEAS/LLN0$Measurement","308","310","306"
"23001","406.314685350","ipcas_21:73:29","150","1","384","LIED21CTRL/LLN0$Status","1","1","0"
"23002","406.314689876","ipcas_21:73:29","147","1","384","LIED21PROT/LLN0$Alarm","1","",""
"23003","406.314690470","ipcas_21:73:29","204","1","384","LIED21MEAS/LLN0$Measurement","311","312","309"
"23042","407.374622060","ipcas_21:73:29","150","1","385","LIED21CTRL/LLN0$Status","1","1","0"
"23043","407.374631892","ipcas_21:73:29","147","1","385","LIED21PROT/LLN0$Alarm","1","",""
"23044","407.374632766","ipcas_21:73:29","204","1","385","LIED21MEAS/LLN0$Measurement","315","313","314"
"23112","408.459493643","ipcas_21:73:29","150","1","386","LIED21CTRL/LLN0$Status","1","1","0"
"23113","408.460298546","ipcas_21:73:29","147","1","386","LIED21PROT/LLN0$Alarm","1","",""
"23114","408.460302714","ipcas_21:73:29","204","1","386","LIED21MEAS/LLN0$Measurement","312","311","307"
"23165","409.517990745","ipcas_21:73:29","150","1","387","LIED21CTRL/LLN0$Status","1","1","0"
"23166","409.517996864","ipcas_21:73:29","147","1","387","LIED21PROT/LLN0$Alarm","1","",""
"23167","409.517997695","ipcas_21:73:29","204","1","387","LIED21MEAS/LLN0$Measurement","308","311","305"
"23210","410.601800190","ipcas_21:73:29","150","1","388","LIED21CTRL/LLN0$Status","1","1","0"
"23211","410.601800600","ipcas_21:73:29","147","1","388","LIED21PROT/LLN0$Alarm","1","",""
"23212","410.601801028","ipcas_21:73:29","204","1","388","LIED21MEAS/LLN0$Measurement","309","312","308"
"23271","411.650522480","ipcas_21:73:29","150","1","389","LIED21CTRL/LLN0$Status","1","1","0"
"23272","411.650783138","ipcas_21:73:29","147","1","389","LIED21PROT/LLN0$Alarm","1","",""
"23273","411.650999140","ipcas_21:73:29","204","1","389","LIED21MEAS/LLN0$Measurement","315","308","308"
"23324","412.741727073","ipcas_21:73:29","150","1","390","LIED21CTRL/LLN0$Status","1","1","0"
"23325","412.742020514","ipcas_21:73:29","147","1","390","LIED21PROT/LLN0$Alarm","1","",""
"23326","412.742569518","ipcas_21:73:29","204","1","390","LIED21MEAS/LLN0$Measurement","311","312","314"
"23368","413.778599423","ipcas_21:73:29","150","1","391","LIED21CTRL/LLN0$Status","1","1","0"
"23370","413.778601381","ipcas_21:73:29","147","1","391","LIED21PROT/LLN0$Alarm","1","",""
"23371","413.778602160","ipcas_21:73:29","204","1","391","LIED21MEAS/LLN0$Measurement","310","310","305"
"23413","414.833919712","ipcas_21:73:29","150","1","392","LIED21CTRL/LLN0$Status","1","1","0"
"23414","414.833921488","ipcas_21:73:29","147","1","392","LIED21PROT/LLN0$Alarm","1","",""
"23415","414.833921914","ipcas_21:73:29","204","1","392","LIED21MEAS/LLN0$Measurement","308","312","306"
"23460","415.915873806","ipcas_21:73:29","150","1","393","LIED21CTRL/LLN0$Status","1","1","0"
"23461","415.915881744","ipcas_21:73:29","147","1","393","LIED21PROT/LLN0$Alarm","1","",""
"23462","415.915882577","ipcas_21:73:29","204","1","393","LIED21MEAS/LLN0$Measurement","312","306","314"
"23516","417.001103948","ipcas_21:73:29","150","1","394","LIED21CTRL/LLN0$Status","1","1","0"
"23517","417.001111634","ipcas_21:73:29","147","1","394","LIED21PROT/LLN0$Alarm","1","",""
"23518","417.001112355","ipcas_21:73:29","204","1","394","LIED21MEAS/LLN0$Measurement","315","309","309"
"23581","418.066691853","ipcas_21:73:29","150","1","395","LIED21CTRL/LLN0$Status","1","1","0"
"23582","418.066692495","ipcas_21:73:29","147","1","395","LIED21PROT/LLN0$Alarm","1","",""
"23583","418.066693652","ipcas_21:73:29","204","1","395","LIED21MEAS/LLN0$Measurement","306","307","306"
"23622","419.104602200","ipcas_21:73:29","150","1","396","LIED21CTRL/LLN0$Status","1","1","0"
"23623","419.104617544","ipcas_21:73:29","147","1","396","LIED21PROT/LLN0$Alarm","1","",""
"23624","419.104618342","ipcas_21:73:29","204","1","396","LIED21MEAS/LLN0$Measurement","315","315","306"
"23690","420.219352568","ipcas_21:73:29","150","1","397","LIED21CTRL/LLN0$Status","1","1","0"
"23691","420.219352952","ipcas_21:73:29","147","1","397","LIED21PROT/LLN0$Alarm","1","",""
"23692","420.219353356","ipcas_21:73:29","204","1","397","LIED21MEAS/LLN0$Measurement","305","307","315"
"23737","421.263329162","ipcas_21:73:29","150","1","398","LIED21CTRL/LLN0$Status","1","1","0"
"23738","421.263336840","ipcas_21:73:29","147","1","398","LIED21PROT/LLN0$Alarm","1","",""
"23739","421.263338130","ipcas_21:73:29","204","1","398","LIED21MEAS/LLN0$Measurement","312","309","308"
"23784","422.341662005","ipcas_21:73:29","150","1","399","LIED21CTRL/LLN0$Status","1","1","0"
"23785","422.341662706","ipcas_21:73:29","147","1","399","LIED21PROT/LLN0$Alarm","1","",""
"23786","422.341663111","ipcas_21:73:29","204","1","399","LIED21MEAS/LLN0$Measurement","309","306","306"
"23837","423.445073711","ipcas_21:73:29","150","1","400","LIED21CTRL/LLN0$Status","1","1","0"
"23838","423.445074116","ipcas_21:73:29","147","1","400","LIED21PROT/LLN0$Alarm","1","",""
"23839","423.445075074","ipcas_21:73:29","204","1","400","LIED21MEAS/LLN0$Measurement","314","305","314"
"23884","424.446064910","ipcas_21:73:29","150","1","401","LIED21CTRL/LLN0$Status","1","1","0"
"23885","424.446371517","ipcas_21:73:29","147","1","401","LIED21PROT/LLN0$Alarm","1","",""
"23886","424.446645092","ipcas_21:73:29","204","1","401","LIED21MEAS/LLN0$Measurement","309","306","311"
"23937","425.523919068","ipcas_21:73:29","150","1","402","LIED21CTRL/LLN0$Status","1","1","0"
"23938","425.523923324","ipcas_21:73:29","147","1","402","LIED21PROT/LLN0$Alarm","1","",""
"23939","425.523924009","ipcas_21:73:29","204","1","402","LIED21MEAS/LLN0$Measurement","311","313","314"
"23990","426.571113712","ipcas_21:73:29","150","1","403","LIED21CTRL/LLN0$Status","1","1","0"
"23991","426.571123203","ipcas_21:73:29","147","1","403","LIED21PROT/LLN0$Alarm","1","",""
"23992","426.571123868","ipcas_21:73:29","204","1","403","LIED21MEAS/LLN0$Measurement","315","315","308"
"24043","427.654169189","ipcas_21:73:29","150","1","404","LIED21CTRL/LLN0$Status","1","1","0"
"24044","427.654169866","ipcas_21:73:29","147","1","404","LIED21PROT/LLN0$Alarm","1","",""
"24045","427.654170340","ipcas_21:73:29","204","1","404","LIED21MEAS/LLN0$Measurement","306","309","314"
"24105","428.702758399","ipcas_21:73:29","150","1","405","LIED21CTRL/LLN0$Status","1","1","0"
"24106","428.702759152","ipcas_21:73:29","147","1","405","LIED21PROT/LLN0$Alarm","1","",""
"24107","428.702759721","ipcas_21:73:29","204","1","405","LIED21MEAS/LLN0$Measurement","311","314","314"
"24149","429.753319031","ipcas_21:73:29","150","1","406","LIED21CTRL/LLN0$Status","1","1","0"
"24150","429.753327970","ipcas_21:73:29","147","1","406","LIED21PROT/LLN0$Alarm","1","",""
"24151","429.753329352","ipcas_21:73:29","204","1","406","LIED21MEAS/LLN0$Measurement","312","313","315"
"24214","430.802768729","ipcas_21:73:29","150","1","407","LIED21CTRL/LLN0$Status","1","1","0"
"24215","430.802769632","ipcas_21:73:29","147","1","407","LIED21PROT/LLN0$Alarm","1","",""
"24216","430.802769998","ipcas_21:73:29","204","1","407","LIED21MEAS/LLN0$Measurement","313","307","312"
"24278","431.916073535","ipcas_21:73:29","150","1","408","LIED21CTRL/LLN0$Status","1","1","0"
"24279","431.916237070","ipcas_21:73:29","147","1","408","LIED21PROT/LLN0$Alarm","1","",""
"24280","431.916238173","ipcas_21:73:29","204","1","408","LIED21MEAS/LLN0$Measurement","315","305","307"
"24331","432.970105298","ipcas_21:73:29","150","1","409","LIED21CTRL/LLN0$Status","1","1","0"
"24332","432.970106256","ipcas_21:73:29","147","1","409","LIED21PROT/LLN0$Alarm","1","",""
"24333","432.970537588","ipcas_21:73:29","204","1","409","LIED21MEAS/LLN0$Measurement","310","311","313"
"24384","434.011205451","ipcas_21:73:29","150","1","410","LIED21CTRL/LLN0$Status","1","1","0"
"24385","434.011208579","ipcas_21:73:29","147","1","410","LIED21PROT/LLN0$Alarm","1","",""
"24386","434.011209225","ipcas_21:73:29","204","1","410","LIED21MEAS/LLN0$Measurement","312","306","312"
"24437","435.061358591","ipcas_21:73:29","150","1","411","LIED21CTRL/LLN0$Status","1","1","0"
"24438","435.061366475","ipcas_21:73:29","147","1","411","LIED21PROT/LLN0$Alarm","1","",""
"24439","435.061367387","ipcas_21:73:29","204","1","411","LIED21MEAS/LLN0$Measurement","310","315","307"
"24490","436.104802014","ipcas_21:73:29","150","1","412","LIED21CTRL/LLN0$Status","1","1","0"
"24491","436.104805021","ipcas_21:73:29","147","1","412","LIED21PROT/LLN0$Alarm","1","",""
"24492","436.105084412","ipcas_21:73:29","204","1","412","LIED21MEAS/LLN0$Measurement","306","309","310"
"24541","437.150902033","ipcas_21:73:29","150","1","413","LIED21CTRL/LLN0$Status","1","1","0"
"24542","437.150903739","ipcas_21:73:29","147","1","413","LIED21PROT/LLN0$Alarm","1","",""
"24543","437.151218854","ipcas_21:73:29","204","1","413","LIED21MEAS/LLN0$Measurement","310","308","305"
"24591","438.227707989","ipcas_21:73:29","150","1","414","LIED21CTRL/LLN0$Status","1","1","0"
"24592","438.227717503","ipcas_21:73:29","147","1","414","LIED21PROT/LLN0$Alarm","1","",""
"24593","438.227718289","ipcas_21:73:29","204","1","414","LIED21MEAS/LLN0$Measurement","309","309","311"
"24632","439.298018596","ipcas_21:73:29","150","1","415","LIED21CTRL/LLN0$Status","1","1","0"
"24633","439.298019191","ipcas_21:73:29","147","1","415","LIED21PROT/LLN0$Alarm","1","",""
"24634","439.298019649","ipcas_21:73:29","204","1","415","LIED21MEAS/LLN0$Measurement","307","314","309"
"24679","440.307133414","ipcas_21:73:29","150","1","416","LIED21CTRL/LLN0$Status","1","1","0"
"24680","440.307435725","ipcas_21:73:29","147","1","416","LIED21PROT/LLN0$Alarm","1","",""
"24681","440.307717183","ipcas_21:73:29","204","1","416","LIED21MEAS/LLN0$Measurement","314","315","310"
"24741","441.379389794","ipcas_21:73:29","150","1","417","LIED21CTRL/LLN0$Status","1","1","0"
"24742","441.379390121","ipcas_21:73:29","147","1","417","LIED21PROT/LLN0$Alarm","1","",""
"24743","441.379390509","ipcas_21:73:29","204","1","417","LIED21MEAS/LLN0$Measurement","307","307","310"
"24808","442.468504132","ipcas_21:73:29","150","1","418","LIED21CTRL/LLN0$Status","1","1","0"
"24809","442.468754592","ipcas_21:73:29","147","1","418","LIED21PROT/LLN0$Alarm","1","",""
"24810","442.469042481","ipcas_21:73:29","204","1","418","LIED21MEAS/LLN0$Measurement","305","312","305"
"24859","443.513901260","ipcas_21:73:29","150","1","419","LIED21CTRL/LLN0$Status","1","1","0"
"24860","443.513902016","ipcas_21:73:29","147","1","419","LIED21PROT/LLN0$Alarm","1","",""
"24861","443.513902771","ipcas_21:73:29","204","1","419","LIED21MEAS/LLN0$Measurement","311","310","306"
"24900","444.576021673","ipcas_21:73:29","150","1","420","LIED21CTRL/LLN0$Status","1","1","0"
"24901","444.576022176","ipcas_21:73:29","147","1","420","LIED21PROT/LLN0$Alarm","1","",""
"24902","444.576022876","ipcas_21:73:29","204","1","420","LIED21MEAS/LLN0$Measurement","312","307","312"
"24959","445.622293990","ipcas_21:73:29","150","1","421","LIED21CTRL/LLN0$Status","1","1","0"
"24960","445.622295717","ipcas_21:73:29","147","1","421","LIED21PROT/LLN0$Alarm","1","",""
"24961","445.622296403","ipcas_21:73:29","204","1","421","LIED21MEAS/LLN0$Measurement","314","312","314"
"25020","446.690367482","ipcas_21:73:29","150","1","422","LIED21CTRL/LLN0$Status","1","1","0"
"25021","446.690373685","ipcas_21:73:29","147","1","422","LIED21PROT/LLN0$Alarm","1","",""
"25022","446.690374163","ipcas_21:73:29","204","1","422","LIED21MEAS/LLN0$Measurement","310","314","313"
"25068","447.752264028","ipcas_21:73:29","150","1","423","LIED21CTRL/LLN0$Status","1","1","0"
"25069","447.752264451","ipcas_21:73:29","147","1","423","LIED21PROT/LLN0$Alarm","1","",""
"25070","447.752265033","ipcas_21:73:29","204","1","423","LIED21MEAS/LLN0$Measurement","306","307","312"
"25103","448.772236457","ipcas_21:73:29","150","1","424","LIED21CTRL/LLN0$Status","1","1","0"
"25104","448.772237206","ipcas_21:73:29","147","1","424","LIED21PROT/LLN0$Alarm","1","",""
"25105","448.772238064","ipcas_21:73:29","204","1","424","LIED21MEAS/LLN0$Measurement","307","305","315"
"25168","449.867402510","ipcas_21:73:29","150","1","425","LIED21CTRL/LLN0$Status","1","1","0"
"25169","449.867411826","ipcas_21:73:29","147","1","425","LIED21PROT/LLN0$Alarm","1","",""
"25170","449.867412699","ipcas_21:73:29","204","1","425","LIED21MEAS/LLN0$Measurement","307","312","314"
"25221","450.948071425","ipcas_21:73:29","150","1","426","LIED21CTRL/LLN0$Status","1","1","0"
"25222","450.948076426","ipcas_21:73:29","147","1","426","LIED21PROT/LLN0$Alarm","1","",""
"25223","450.948077246","ipcas_21:73:29","204","1","426","LIED21MEAS/LLN0$Measurement","310","306","315"
"25262","451.984284001","ipcas_21:73:29","150","1","427","LIED21CTRL/LLN0$Status","1","1","0"
"25263","451.984285194","ipcas_21:73:29","147","1","427","LIED21PROT/LLN0$Alarm","1","",""
"25264","451.984286183","ipcas_21:73:29","204","1","427","LIED21MEAS/LLN0$Measurement","305","308","311"
"25315","453.063678365","ipcas_21:73:29","150","1","428","LIED21CTRL/LLN0$Status","1","1","0"
"25316","453.063686651","ipcas_21:73:29","147","1","428","LIED21PROT/LLN0$Alarm","1","",""
"25317","453.063687621","ipcas_21:73:29","204","1","428","LIED21MEAS/LLN0$Measurement","315","314","308"
"25368","454.101095494","ipcas_21:73:29","150","1","429","LIED21CTRL/LLN0$Status","1","1","0"
"25369","454.101095847","ipcas_21:73:29","147","1","429","LIED21PROT/LLN0$Alarm","1","",""
"25370","454.101096464","ipcas_21:73:29","204","1","429","LIED21MEAS/LLN0$Measurement","315","312","306"
"25421","455.137911836","ipcas_21:73:29","150","1","430","LIED21CTRL/LLN0$Status","1","1","0"
"25422","455.137916346","ipcas_21:73:29","147","1","430","LIED21PROT/LLN0$Alarm","1","",""
"25423","455.138252094","ipcas_21:73:29","204","1","430","LIED21MEAS/LLN0$Measurement","307","307","308"
"25474","456.189400016","ipcas_21:73:29","150","1","431","LIED21CTRL/LLN0$Status","1","1","0"
"25475","456.189406067","ipcas_21:73:29","147","1","431","LIED21PROT/LLN0$Alarm","1","",""
"25476","456.189522344","ipcas_21:73:29","204","1","431","LIED21MEAS/LLN0$Measurement","315","305","315"
"25527","457.259382505","ipcas_21:73:29","150","1","432","LIED21CTRL/LLN0$Status","1","1","0"
"25528","457.259392758","ipcas_21:73:29","147","1","432","LIED21PROT/LLN0$Alarm","1","",""
"25529","457.259394495","ipcas_21:73:29","204","1","432","LIED21MEAS/LLN0$Measurement","306","313","308"
"25601","458.364712127","ipcas_21:73:29","150","1","433","LIED21CTRL/LLN0$Status","1","1","0"
"25602","458.364720147","ipcas_21:73:29","147","1","433","LIED21PROT/LLN0$Alarm","1","",""
"25603","458.364720969","ipcas_21:73:29","204","1","433","LIED21MEAS/LLN0$Measurement","309","308","305"
"25656","459.421279644","ipcas_21:73:29","150","1","434","LIED21CTRL/LLN0$Status","1","1","0"
"25657","459.421284497","ipcas_21:73:29","147","1","434","LIED21PROT/LLN0$Alarm","1","",""
"25658","459.421285098","ipcas_21:73:29","204","1","434","LIED21MEAS/LLN0$Measurement","310","311","309"
"25701","460.471526689","ipcas_21:73:29","150","1","435","LIED21CTRL/LLN0$Status","1","1","0"
"25702","460.471527283","ipcas_21:73:29","147","1","435","LIED21PROT/LLN0$Alarm","1","",""
"25703","460.471528216","ipcas_21:73:29","204","1","435","LIED21MEAS/LLN0$Measurement","315","306","315"
"25739","461.524164523","ipcas_21:73:29","150","1","436","LIED21CTRL/LLN0$Status","1","1","0"
"25740","461.524173385","ipcas_21:73:29","147","1","436","LIED21PROT/LLN0$Alarm","1","",""
"25741","461.524173947","ipcas_21:73:29","204","1","436","LIED21MEAS/LLN0$Measurement","315","309","309"
"25795","462.549183311","ipcas_21:73:29","150","1","437","LIED21CTRL/LLN0$Status","1","1","0"
"25796","462.549188878","ipcas_21:73:29","147","1","437","LIED21PROT/LLN0$Alarm","1","",""
"25797","462.549189721","ipcas_21:73:29","204","1","437","LIED21MEAS/LLN0$Measurement","310","307","307"
"25851","463.607511190","ipcas_21:73:29","150","1","438","LIED21CTRL/LLN0$Status","1","1","0"
"25852","463.607515435","ipcas_21:73:29","147","1","438","LIED21PROT/LLN0$Alarm","1","",""
"25853","463.608409671","ipcas_21:73:29","204","1","438","LIED21MEAS/LLN0$Measurement","314","315","305"
"25910","464.710264962","ipcas_21:73:29","150","1","439","LIED21CTRL/LLN0$Status","1","1","0"
"25911","464.710271791","ipcas_21:73:29","147","1","439","LIED21PROT/LLN0$Alarm","1","",""
"25912","464.710272572","ipcas_21:73:29","204","1","439","LIED21MEAS/LLN0$Measurement","315","307","313"
"25954","465.754362792","ipcas_21:73:29","150","1","440","LIED21CTRL/LLN0$Status","1","1","0"
"25955","465.754363621","ipcas_21:73:29","147","1","440","LIED21PROT/LLN0$Alarm","1","",""
"25956","465.754364188","ipcas_21:73:29","204","1","440","LIED21MEAS/LLN0$Measurement","306","308","308"
"26010","466.802330082","ipcas_21:73:29","150","1","441","LIED21CTRL/LLN0$Status","1","1","0"
"26011","466.802330478","ipcas_21:73:29","147","1","441","LIED21PROT/LLN0$Alarm","1","",""
"26012","466.802331084","ipcas_21:73:29","204","1","441","LIED21MEAS/LLN0$Measurement","313","309","306"
"26075","467.868559676","ipcas_21:73:29","150","1","442","LIED21CTRL/LLN0$Status","1","1","0"
"26076","467.868560094","ipcas_21:73:29","147","1","442","LIED21PROT/LLN0$Alarm","1","",""
"26077","467.868560512","ipcas_21:73:29","204","1","442","LIED21MEAS/LLN0$Measurement","309","306","305"
"26133","468.992195074","ipcas_21:73:29","150","1","443","LIED21CTRL/LLN0$Status","1","1","0"
"26134","468.992198633","ipcas_21:73:29","147","1","443","LIED21PROT/LLN0$Alarm","1","",""
"26135","468.992199565","ipcas_21:73:29","204","1","443","LIED21MEAS/LLN0$Measurement","314","310","314"
"26186","470.434387604","ipcas_21:73:29","150","1","444","LIED21CTRL/LLN0$Status","1","1","0"
"26187","470.434388064","ipcas_21:73:29","147","1","444","LIED21PROT/LLN0$Alarm","1","",""
"26188","470.434388511","ipcas_21:73:29","204","1","444","LIED21MEAS/LLN0$Measurement","307","307","311"
"26239","471.876067496","ipcas_21:73:29","150","1","445","LIED21CTRL/LLN0$Status","1","1","0"
"26240","471.876073692","ipcas_21:73:29","147","1","445","LIED21PROT/LLN0$Alarm","1","",""
"26241","471.876074440","ipcas_21:73:29","204","1","445","LIED21MEAS/LLN0$Measurement","308","307","311"
"26315","473.282018383","ipcas_21:73:29","150","1","446","LIED21CTRL/LLN0$Status","1","1","0"
"26316","473.282027264","ipcas_21:73:29","147","1","446","LIED21PROT/LLN0$Alarm","1","",""
"26317","473.282028260","ipcas_21:73:29","204","1","446","LIED21MEAS/LLN0$Measurement","313","312","313"
"26368","474.317310175","ipcas_21:73:29","150","1","447","LIED21CTRL/LLN0$Status","1","1","0"
"26369","474.317496818","ipcas_21:73:29","147","1","447","LIED21PROT/LLN0$Alarm","1","",""
"26370","474.317847650","ipcas_21:73:29","204","1","447","LIED21MEAS/LLN0$Measurement","306","312","315"
"26421","475.350867110","ipcas_21:73:29","150","1","448","LIED21CTRL/LLN0$Status","1","1","0"
"26422","475.350993239","ipcas_21:73:29","147","1","448","LIED21PROT/LLN0$Alarm","1","",""
"26423","475.351272857","ipcas_21:73:29","204","1","448","LIED21MEAS/LLN0$Measurement","312","311","314"
"26474","476.395223353","ipcas_21:73:29","150","1","449","LIED21CTRL/LLN0$Status","1","1","0"
"26475","476.395224061","ipcas_21:73:29","147","1","449","LIED21PROT/LLN0$Alarm","1","",""
"26476","476.395225031","ipcas_21:73:29","204","1","449","LIED21MEAS/LLN0$Measurement","308","306","308"
"26527","477.421715578","ipcas_21:73:29","150","1","450","LIED21CTRL/LLN0$Status","1","1","0"
"26528","477.421720808","ipcas_21:73:29","147","1","450","LIED21PROT/LLN0$Alarm","1","",""
"26529","477.421721510","ipcas_21:73:29","204","1","450","LIED21MEAS/LLN0$Measurement","306","312","305"
"26580","478.475766005","ipcas_21:73:29","150","1","451","LIED21CTRL/LLN0$Status","1","1","0"
"26581","478.475766716","ipcas_21:73:29","147","1","451","LIED21PROT/LLN0$Alarm","1","",""
"26582","478.475767349","ipcas_21:73:29","204","1","451","LIED21MEAS/LLN0$Measurement","314","306","310"
"26633","479.530843304","ipcas_21:73:29","150","1","452","LIED21CTRL/LLN0$Status","1","1","0"
"26634","479.530851691","ipcas_21:73:29","147","1","452","LIED21PROT/LLN0$Alarm","1","",""
"26635","479.530852886","ipcas_21:73:29","204","1","452","LIED21MEAS/LLN0$Measurement","305","305","305"
"26686","480.572534425","ipcas_21:73:29","150","1","453","LIED21CTRL/LLN0$Status","1","1","0"
"26687","480.572538806","ipcas_21:73:29","147","1","453","LIED21PROT/LLN0$Alarm","1","",""
"26688","480.572539509","ipcas_21:73:29","204","1","453","LIED21MEAS/LLN0$Measurement","311","313","311"
"26739","481.618079245","ipcas_21:73:29","150","1","454","LIED21CTRL/LLN0$Status","1","1","0"
"26740","481.618080504","ipcas_21:73:29","147","1","454","LIED21PROT/LLN0$Alarm","1","",""
"26741","481.618081290","ipcas_21:73:29","204","1","454","LIED21MEAS/LLN0$Measurement","314","314","314"
"26792","482.669483931","ipcas_21:73:29","150","1","455","LIED21CTRL/LLN0$Status","1","1","0"
"26793","482.669493382","ipcas_21:73:29","147","1","455","LIED21PROT/LLN0$Alarm","1","",""
"26794","482.669494595","ipcas_21:73:29","204","1","455","LIED21MEAS/LLN0$Measurement","314","308","305"
"26845","483.709232482","ipcas_21:73:29","150","1","456","LIED21CTRL/LLN0$Status","1","1","0"
"26846","483.709238182","ipcas_21:73:29","147","1","456","LIED21PROT/LLN0$Alarm","1","",""
"26847","483.709239611","ipcas_21:73:29","204","1","456","LIED21MEAS/LLN0$Measurement","311","315","313"
"26898","484.743215465","ipcas_21:73:29","150","1","457","LIED21CTRL/LLN0$Status","1","1","0"
"26899","484.743218589","ipcas_21:73:29","147","1","457","LIED21PROT/LLN0$Alarm","1","",""
"26900","484.743219344","ipcas_21:73:29","204","1","457","LIED21MEAS/LLN0$Measurement","313","310","307"
"26951","485.763952522","ipcas_21:73:29","150","1","458","LIED21CTRL/LLN0$Status","1","1","0"
"26952","485.763955648","ipcas_21:73:29","147","1","458","LIED21PROT/LLN0$Alarm","1","",""
"26953","485.763956125","ipcas_21:73:29","204","1","458","LIED21MEAS/LLN0$Measurement","313","310","308"
"27004","486.783546135","ipcas_21:73:29","150","1","459","LIED21CTRL/LLN0$Status","1","1","0"
"27005","486.783554363","ipcas_21:73:29","147","1","459","LIED21PROT/LLN0$Alarm","1","",""
"27006","486.783555149","ipcas_21:73:29","204","1","459","LIED21MEAS/LLN0$Measurement","315","315","312"
"27046","487.827704168","ipcas_21:73:29","150","1","460","LIED21CTRL/LLN0$Status","1","1","0"
"27047","487.827707425","ipcas_21:73:29","147","1","460","LIED21PROT/LLN0$Alarm","1","",""
"27048","487.827708532","ipcas_21:73:29","204","1","460","LIED21MEAS/LLN0$Measurement","305","310","306"
"27087","488.837750946","ipcas_21:73:29","150","1","461","LIED21CTRL/LLN0$Status","1","1","0"
"27088","488.837754688","ipcas_21:73:29","147","1","461","LIED21PROT/LLN0$Alarm","1","",""
"27089","488.837755281","ipcas_21:73:29","204","1","461","LIED21MEAS/LLN0$Measurement","314","307","313"
"27140","489.871098004","ipcas_21:73:29","150","1","462","LIED21CTRL/LLN0$Status","1","1","0"
"27141","489.871100542","ipcas_21:73:29","147","1","462","LIED21PROT/LLN0$Alarm","1","",""
"27142","489.871101374","ipcas_21:73:29","204","1","462","LIED21MEAS/LLN0$Measurement","314","309","312"
"27199","490.923792632","ipcas_21:73:29","150","1","463","LIED21CTRL/LLN0$Status","1","1","0"
"27200","490.923792913","ipcas_21:73:29","147","1","463","LIED21PROT/LLN0$Alarm","1","",""
"27201","490.923793394","ipcas_21:73:29","204","1","463","LIED21MEAS/LLN0$Measurement","315","308","312"
"27246","491.967879013","ipcas_21:73:29","150","1","464","LIED21CTRL/LLN0$Status","1","1","0"
"27247","491.967879480","ipcas_21:73:29","147","1","464","LIED21PROT/LLN0$Alarm","1","",""
"27248","491.967880082","ipcas_21:73:29","204","1","464","LIED21MEAS/LLN0$Measurement","308","315","309"
"27299","492.993718852","ipcas_21:73:29","150","1","465","LIED21CTRL/LLN0$Status","1","1","0"
"27300","492.993720112","ipcas_21:73:29","147","1","465","LIED21PROT/LLN0$Alarm","1","",""
"27301","492.993720790","ipcas_21:73:29","204","1","465","LIED21MEAS/LLN0$Measurement","311","308","312"
"27352","494.017934196","ipcas_21:73:29","150","1","466","LIED21CTRL/LLN0$Status","1","1","0"
"27353","494.018666596","ipcas_21:73:29","147","1","466","LIED21PROT/LLN0$Alarm","1","",""
"27354","494.018670350","ipcas_21:73:29","204","1","466","LIED21MEAS/LLN0$Measurement","314","310","313"
"27405","495.046371676","ipcas_21:73:29","150","1","467","LIED21CTRL/LLN0$Status","1","1","0"
"27406","495.046376594","ipcas_21:73:29","147","1","467","LIED21PROT/LLN0$Alarm","1","",""
"27407","495.046377656","ipcas_21:73:29","204","1","467","LIED21MEAS/LLN0$Measurement","310","310","310"
"27458","496.085711261","ipcas_21:73:29","150","1","468","LIED21CTRL/LLN0$Status","1","1","0"
"27459","496.085718989","ipcas_21:73:29","147","1","468","LIED21PROT/LLN0$Alarm","1","",""
"27460","496.085719736","ipcas_21:73:29","204","1","468","LIED21MEAS/LLN0$Measurement","311","309","308"
"27511","497.127620595","ipcas_21:73:29","150","1","469","LIED21CTRL/LLN0$Status","1","1","0"
"27512","497.127620972","ipcas_21:73:29","147","1","469","LIED21PROT/LLN0$Alarm","1","",""
"27513","497.127621410","ipcas_21:73:29","204","1","469","LIED21MEAS/LLN0$Measurement","307","313","309"
"27564","498.161272772","ipcas_21:73:29","150","1","470","LIED21CTRL/LLN0$Status","1","1","0"
"27565","498.161278141","ipcas_21:73:29","147","1","470","LIED21PROT/LLN0$Alarm","1","",""
"27566","498.161279090","ipcas_21:73:29","204","1","470","LIED21MEAS/LLN0$Measurement","305","315","315"
"27617","499.235129920","ipcas_21:73:29","150","1","471","LIED21CTRL/LLN0$Status","1","1","0"
"27618","499.235130714","ipcas_21:73:29","147","1","471","LIED21PROT/LLN0$Alarm","1","",""
"27619","499.235131248","ipcas_21:73:29","204","1","471","LIED21MEAS/LLN0$Measurement","314","314","313"
"27670","500.251814109","ipcas_21:73:29","150","1","472","LIED21CTRL/LLN0$Status","1","1","0"
"27671","500.251815475","ipcas_21:73:29","147","1","472","LIED21PROT/LLN0$Alarm","1","",""
"27672","500.251816885","ipcas_21:73:29","204","1","472","LIED21MEAS/LLN0$Measurement","308","313","308"
"27723","501.283329079","ipcas_21:73:29","150","1","473","LIED21CTRL/LLN0$Status","1","1","0"
"27724","501.283329847","ipcas_21:73:29","147","1","473","LIED21PROT/LLN0$Alarm","1","",""
"27725","501.283330646","ipcas_21:73:29","204","1","473","LIED21MEAS/LLN0$Measurement","309","310","311"
"27776","502.299013394","ipcas_21:73:29","150","1","474","LIED21CTRL/LLN0$Status","1","1","0"
"27777","502.299016305","ipcas_21:73:29","147","1","474","LIED21PROT/LLN0$Alarm","1","",""
"27778","502.299017234","ipcas_21:73:29","204","1","474","LIED21MEAS/LLN0$Measurement","315","312","314"
"27829","503.329702163","ipcas_21:73:29","150","1","475","LIED21CTRL/LLN0$Status","1","1","0"
"27830","503.329708391","ipcas_21:73:29","147","1","475","LIED21PROT/LLN0$Alarm","1","",""
"27831","503.329710014","ipcas_21:73:29","204","1","475","LIED21MEAS/LLN0$Measurement","315","309","308"
"27882","504.375846784","ipcas_21:73:29","150","1","476","LIED21CTRL/LLN0$Status","1","1","0"
"27883","504.375851722","ipcas_21:73:29","147","1","476","LIED21PROT/LLN0$Alarm","1","",""
"27884","504.375852995","ipcas_21:73:29","204","1","476","LIED21MEAS/LLN0$Measurement","309","309","314"
"27935","505.411019396","ipcas_21:73:29","150","1","477","LIED21CTRL/LLN0$Status","1","1","0"
"27936","505.411025280","ipcas_21:73:29","147","1","477","LIED21PROT/LLN0$Alarm","1","",""
"27937","505.411026927","ipcas_21:73:29","204","1","477","LIED21MEAS/LLN0$Measurement","308","315","311"
"27988","506.461245298","ipcas_21:73:29","150","1","478","LIED21CTRL/LLN0$Status","1","1","0"
"27989","506.461755652","ipcas_21:73:29","147","1","478","LIED21PROT/LLN0$Alarm","1","",""
"27990","506.461758457","ipcas_21:73:29","204","1","478","LIED21MEAS/LLN0$Measurement","309","311","308"
"28041","507.502218540","ipcas_21:73:29","150","1","479","LIED21CTRL/LLN0$Status","1","1","0"
"28042","507.502219729","ipcas_21:73:29","147","1","479","LIED21PROT/LLN0$Alarm","1","",""
"28043","507.502220849","ipcas_21:73:29","204","1","479","LIED21MEAS/LLN0$Measurement","313","315","314"
"28094","508.534436412","ipcas_21:73:29","150","1","480","LIED21CTRL/LLN0$Status","1","1","0"
"28095","508.534441903","ipcas_21:73:29","147","1","480","LIED21PROT/LLN0$Alarm","1","",""
"28096","508.534442301","ipcas_21:73:29","204","1","480","LIED21MEAS/LLN0$Measurement","308","308","307"
"28147","509.568952530","ipcas_21:73:29","150","1","481","LIED21CTRL/LLN0$Status","1","1","0"
"28148","509.568959506","ipcas_21:73:29","147","1","481","LIED21PROT/LLN0$Alarm","1","",""
"28149","509.568960945","ipcas_21:73:29","204","1","481","LIED21MEAS/LLN0$Measurement","314","310","309"
"28200","510.617057766","ipcas_21:73:29","150","1","482","LIED21CTRL/LLN0$Status","1","1","0"
"28201","510.617063040","ipcas_21:73:29","147","1","482","LIED21PROT/LLN0$Alarm","1","",""
"28202","510.617063984","ipcas_21:73:29","204","1","482","LIED21MEAS/LLN0$Measurement","315","314","314"
"28253","511.645177837","ipcas_21:73:29","150","1","483","LIED21CTRL/LLN0$Status","1","1","0"
"28254","511.645184239","ipcas_21:73:29","147","1","483","LIED21PROT/LLN0$Alarm","1","",""
"28255","511.645185404","ipcas_21:73:29","204","1","483","LIED21MEAS/LLN0$Measurement","309","315","314"
"28306","512.682789372","ipcas_21:73:29","150","1","484","LIED21CTRL/LLN0$Status","1","1","0"
"28307","512.683066368","ipcas_21:73:29","147","1","484","LIED21PROT/LLN0$Alarm","1","",""
"28308","512.683933529","ipcas_21:73:29","204","1","484","LIED21MEAS/LLN0$Measurement","313","311","313"
"28359","513.740828042","ipcas_21:73:29","150","1","485","LIED21CTRL/LLN0$Status","1","1","0"
"28360","513.740837310","ipcas_21:73:29","147","1","485","LIED21PROT/LLN0$Alarm","1","",""
"28361","513.740838523","ipcas_21:73:29","204","1","485","LIED21MEAS/LLN0$Measurement","315","308","312"
"28412","514.799939073","ipcas_21:73:29","150","1","486","LIED21CTRL/LLN0$Status","1","1","0"
"28413","514.799939386","ipcas_21:73:29","147","1","486","LIED21PROT/LLN0$Alarm","1","",""
"28414","514.799939975","ipcas_21:73:29","204","1","486","LIED21MEAS/LLN0$Measurement","313","308","312"
"28465","515.804532837","ipcas_21:73:29","150","1","487","LIED21CTRL/LLN0$Status","1","1","0"
"28466","515.804538373","ipcas_21:73:29","147","1","487","LIED21PROT/LLN0$Alarm","1","",""
"28467","515.804539425","ipcas_21:73:29","204","1","487","LIED21MEAS/LLN0$Measurement","310","313","310"
"28518","516.847153734","ipcas_21:73:29","150","1","488","LIED21CTRL/LLN0$Status","1","1","0"
"28519","516.847157926","ipcas_21:73:29","147","1","488","LIED21PROT/LLN0$Alarm","1","",""
"28520","516.847158495","ipcas_21:73:29","204","1","488","LIED21MEAS/LLN0$Measurement","310","307","313"
"28571","517.920492647","ipcas_21:73:29","150","1","489","LIED21CTRL/LLN0$Status","1","1","0"
"28572","517.920493467","ipcas_21:73:29","147","1","489","LIED21PROT/LLN0$Alarm","1","",""
"28573","517.920493949","ipcas_21:73:29","204","1","489","LIED21MEAS/LLN0$Measurement","311","310","306"
"28624","519.000723781","ipcas_21:73:29","150","1","490","LIED21CTRL/LLN0$Status","1","1","0"
"28625","519.000729455","ipcas_21:73:29","147","1","490","LIED21PROT/LLN0$Alarm","1","",""
"28626","519.000730469","ipcas_21:73:29","204","1","490","LIED21MEAS/LLN0$Measurement","313","314","305"
"28677","520.029889882","ipcas_21:73:29","150","1","491","LIED21CTRL/LLN0$Status","1","1","0"
"28678","520.029890495","ipcas_21:73:29","147","1","491","LIED21PROT/LLN0$Alarm","1","",""
"28679","520.029891006","ipcas_21:73:29","204","1","491","LIED21MEAS/LLN0$Measurement","310","308","311"
"28730","521.054381245","ipcas_21:73:29","150","1","492","LIED21CTRL/LLN0$Status","1","1","0"
"28731","521.054408127","ipcas_21:73:29","147","1","492","LIED21PROT/LLN0$Alarm","1","",""
"28732","521.054409844","ipcas_21:73:29","204","1","492","LIED21MEAS/LLN0$Measurement","308","312","310"
"28783","522.121539871","ipcas_21:73:29","150","1","493","LIED21CTRL/LLN0$Status","1","1","0"
"28784","522.121545134","ipcas_21:73:29","147","1","493","LIED21PROT/LLN0$Alarm","1","",""
"28785","522.121546150","ipcas_21:73:29","204","1","493","LIED21MEAS/LLN0$Measurement","308","307","315"
"28859","523.631824029","ipcas_21:73:29","150","1","494","LIED21CTRL/LLN0$Status","1","1","0"
"28860","523.631824477","ipcas_21:73:29","147","1","494","LIED21PROT/LLN0$Alarm","1","",""
"28861","523.631825181","ipcas_21:73:29","204","1","494","LIED21MEAS/LLN0$Measurement","312","312","308"
"28912","524.749863851","ipcas_21:73:29","150","1","495","LIED21CTRL/LLN0$Status","1","1","0"
"28913","524.749870115","ipcas_21:73:29","147","1","495","LIED21PROT/LLN0$Alarm","1","",""
"28914","524.749871332","ipcas_21:73:29","204","1","495","LIED21MEAS/LLN0$Measurement","315","305","309"
"28965","525.779948242","ipcas_21:73:29","150","1","496","LIED21CTRL/LLN0$Status","1","1","0"
"28966","525.779951598","ipcas_21:73:29","147","1","496","LIED21PROT/LLN0$Alarm","1","",""
"28967","525.779952133","ipcas_21:73:29","204","1","496","LIED21MEAS/LLN0$Measurement","314","309","309"
"29018","526.811229288","ipcas_21:73:29","150","1","497","LIED21CTRL/LLN0$Status","1","1","0"
"29019","526.811234693","ipcas_21:73:29","147","1","497","LIED21PROT/LLN0$Alarm","1","",""
"29020","526.811235980","ipcas_21:73:29","204","1","497","LIED21MEAS/LLN0$Measurement","311","309","312"
"29071","527.853655715","ipcas_21:73:29","150","1","498","LIED21CTRL/LLN0$Status","1","1","0"
"29072","527.853658616","ipcas_21:73:29","147","1","498","LIED21PROT/LLN0$Alarm","1","",""
"29073","527.853659429","ipcas_21:73:29","204","1","498","LIED21MEAS/LLN0$Measurement","308","308","309"
"29124","528.891662782","ipcas_21:73:29","150","1","499","LIED21CTRL/LLN0$Status","1","1","0"
"29125","528.891668802","ipcas_21:73:29","147","1","499","LIED21PROT/LLN0$Alarm","1","",""
"29126","528.891670319","ipcas_21:73:29","204","1","499","LIED21MEAS/LLN0$Measurement","307","309","315"
"29177","529.943275841","ipcas_21:73:29","150","1","500","LIED21CTRL/LLN0$Status","1","1","0"
"29178","529.943284726","ipcas_21:73:29","147","1","500","LIED21PROT/LLN0$Alarm","1","",""
"29179","529.943285431","ipcas_21:73:29","204","1","500","LIED21MEAS/LLN0$Measurement","315","310","305"
"29230","530.957711494","ipcas_21:73:29","150","1","501","LIED21CTRL/LLN0$Status","1","1","0"
"29231","530.957716526","ipcas_21:73:29","147","1","501","LIED21PROT/LLN0$Alarm","1","",""
"29232","530.957726395","ipcas_21:73:29","204","1","501","LIED21MEAS/LLN0$Measurement","305","307","305"
"29283","532.019309339","ipcas_21:73:29","150","1","502","LIED21CTRL/LLN0$Status","1","1","0"
"29284","532.019310525","ipcas_21:73:29","147","1","502","LIED21PROT/LLN0$Alarm","1","",""
"29285","532.019311597","ipcas_21:73:29","204","1","502","LIED21MEAS/LLN0$Measurement","306","312","306"
"29336","533.037218874","ipcas_21:73:29","150","1","503","LIED21CTRL/LLN0$Status","1","1","0"
"29337","533.037225195","ipcas_21:73:29","147","1","503","LIED21PROT/LLN0$Alarm","1","",""
"29338","533.037226495","ipcas_21:73:29","204","1","503","LIED21MEAS/LLN0$Measurement","309","310","311"
"29389","534.073874600","ipcas_21:73:29","150","1","504","LIED21CTRL/LLN0$Status","1","1","0"
"29390","534.073880243","ipcas_21:73:29","147","1","504","LIED21PROT/LLN0$Alarm","1","",""
"29391","534.074231991","ipcas_21:73:29","204","1","504","LIED21MEAS/LLN0$Measurement","313","306","308"
"29442","535.164078096","ipcas_21:73:29","150","1","505","LIED21CTRL/LLN0$Status","1","1","0"
"29443","535.164078692","ipcas_21:73:29","147","1","505","LIED21PROT/LLN0$Alarm","1","",""
"29444","535.164079153","ipcas_21:73:29","204","1","505","LIED21MEAS/LLN0$Measurement","307","305","306"
"29495","536.196026750","ipcas_21:73:29","150","1","506","LIED21CTRL/LLN0$Status","1","1","0"
"29496","536.196031965","ipcas_21:73:29","147","1","506","LIED21PROT/LLN0$Alarm","1","",""
"29497","536.196033459","ipcas_21:73:29","204","1","506","LIED21MEAS/LLN0$Measurement","306","314","312"
"29548","537.240751179","ipcas_21:73:29","150","1","507","LIED21CTRL/LLN0$Status","1","1","0"
"29549","537.240752000","ipcas_21:73:29","147","1","507","LIED21PROT/LLN0$Alarm","1","",""
"29550","537.240752709","ipcas_21:73:29","204","1","507","LIED21MEAS/LLN0$Measurement","313","307","307"
"29601","538.299876004","ipcas_21:73:29","150","1","508","LIED21CTRL/LLN0$Status","1","1","0"
"29602","538.299878877","ipcas_21:73:29","147","1","508","LIED21PROT/LLN0$Alarm","1","",""
"29603","538.299879906","ipcas_21:73:29","204","1","508","LIED21MEAS/LLN0$Measurement","313","310","313"
"29654","539.335074754","ipcas_21:73:29","150","1","509","LIED21CTRL/LLN0$Status","1","1","0"
"29655","539.336079203","ipcas_21:73:29","147","1","509","LIED21PROT/LLN0$Alarm","1","",""
"29656","539.336084208","ipcas_21:73:29","204","1","509","LIED21MEAS/LLN0$Measurement","312","306","315"
"29707","540.393063167","ipcas_21:73:29","150","1","510","LIED21CTRL/LLN0$Status","1","1","0"
"29708","540.393067913","ipcas_21:73:29","147","1","510","LIED21PROT/LLN0$Alarm","1","",""
"29709","540.393753916","ipcas_21:73:29","204","1","510","LIED21MEAS/LLN0$Measurement","312","307","305"
"29760","541.426711367","ipcas_21:73:29","150","1","511","LIED21CTRL/LLN0$Status","1","1","0"
"29761","541.426716632","ipcas_21:73:29","147","1","511","LIED21PROT/LLN0$Alarm","1","",""
"29762","541.426717782","ipcas_21:73:29","204","1","511","LIED21MEAS/LLN0$Measurement","305","313","314"
"29813","542.493657438","ipcas_21:73:29","150","1","512","LIED21CTRL/LLN0$Status","1","1","0"
"29814","542.493662928","ipcas_21:73:29","147","1","512","LIED21PROT/LLN0$Alarm","1","",""
"29815","542.493663940","ipcas_21:73:29","204","1","512","LIED21MEAS/LLN0$Measurement","311","311","315"
"29866","543.542697481","ipcas_21:73:29","150","1","513","LIED21CTRL/LLN0$Status","1","1","0"
"29867","543.542704357","ipcas_21:73:29","147","1","513","LIED21PROT/LLN0$Alarm","1","",""
"29868","543.542705052","ipcas_21:73:29","204","1","513","LIED21MEAS/LLN0$Measurement","310","315","306"
"29919","544.620381197","ipcas_21:73:29","150","1","514","LIED21CTRL/LLN0$Status","1","1","0"
"29920","544.620389237","ipcas_21:73:29","147","1","514","LIED21PROT/LLN0$Alarm","1","",""
"29921","544.620390102","ipcas_21:73:29","204","1","514","LIED21MEAS/LLN0$Measurement","311","314","313"
"29972","545.639530647","ipcas_21:73:29","150","1","515","LIED21CTRL/LLN0$Status","1","1","0"
"29973","545.639535613","ipcas_21:73:29","147","1","515","LIED21PROT/LLN0$Alarm","1","",""
"29974","545.639537042","ipcas_21:73:29","204","1","515","LIED21MEAS/LLN0$Measurement","308","314","307"
"30025","546.660044857","ipcas_21:73:29","150","1","516","LIED21CTRL/LLN0$Status","1","1","0"
"30026","546.660045732","ipcas_21:73:29","147","1","516","LIED21PROT/LLN0$Alarm","1","",""
"30027","546.660046671","ipcas_21:73:29","204","1","516","LIED21MEAS/LLN0$Measurement","312","314","313"
"30078","547.713865472","ipcas_21:73:29","150","1","517","LIED21CTRL/LLN0$Status","1","1","0"
"30079","547.713868738","ipcas_21:73:29","147","1","517","LIED21PROT/LLN0$Alarm","1","",""
"30080","547.713869498","ipcas_21:73:29","204","1","517","LIED21MEAS/LLN0$Measurement","311","314","312"
"30131","548.754713326","ipcas_21:73:29","150","1","518","LIED21CTRL/LLN0$Status","1","1","0"
"30132","548.755046395","ipcas_21:73:29","147","1","518","LIED21PROT/LLN0$Alarm","1","",""
"30133","548.755396956","ipcas_21:73:29","204","1","518","LIED21MEAS/LLN0$Measurement","315","307","314"
"30184","549.793835906","ipcas_21:73:29","150","1","519","LIED21CTRL/LLN0$Status","1","1","0"
"30185","549.794097429","ipcas_21:73:29","147","1","519","LIED21PROT/LLN0$Alarm","1","",""
"30186","549.794466580","ipcas_21:73:29","204","1","519","LIED21MEAS/LLN0$Measurement","311","315","308"
"30237","550.849425279","ipcas_21:73:29","150","1","520","LIED21CTRL/LLN0$Status","1","1","0"
"30238","550.849433582","ipcas_21:73:29","147","1","520","LIED21PROT/LLN0$Alarm","1","",""
"30239","550.849434925","ipcas_21:73:29","204","1","520","LIED21MEAS/LLN0$Measurement","307","307","315"
"30290","551.880436816","ipcas_21:73:29","150","1","521","LIED21CTRL/LLN0$Status","1","1","0"
"30291","551.881261728","ipcas_21:73:29","147","1","521","LIED21PROT/LLN0$Alarm","1","",""
"30292","551.881265633","ipcas_21:73:29","204","1","521","LIED21MEAS/LLN0$Measurement","311","311","314"
"30343","552.930294234","ipcas_21:73:29","150","1","522","LIED21CTRL/LLN0$Status","1","1","0"
"30344","552.930303566","ipcas_21:73:29","147","1","522","LIED21PROT/LLN0$Alarm","1","",""
"30345","552.930304403","ipcas_21:73:29","204","1","522","LIED21MEAS/LLN0$Measurement","311","314","313"
"30396","553.950529527","ipcas_21:73:29","150","1","523","LIED21CTRL/LLN0$Status","1","1","0"
"30397","553.950532589","ipcas_21:73:29","147","1","523","LIED21PROT/LLN0$Alarm","1","",""
"30398","553.950532954","ipcas_21:73:29","204","1","523","LIED21MEAS/LLN0$Measurement","311","313","313"
"30449","554.983352264","ipcas_21:73:29","150","1","524","LIED21CTRL/LLN0$Status","1","1","0"
"30450","554.985186396","ipcas_21:73:29","147","1","524","LIED21PROT/LLN0$Alarm","1","",""
"30451","554.985193018","ipcas_21:73:29","204","1","524","LIED21MEAS/LLN0$Measurement","314","306","314"
"30502","556.045587721","ipcas_21:73:29","150","1","525","LIED21CTRL/LLN0$Status","1","1","0"
"30503","556.045595573","ipcas_21:73:29","147","1","525","LIED21PROT/LLN0$Alarm","1","",""
"30504","556.045596432","ipcas_21:73:29","204","1","525","LIED21MEAS/LLN0$Measurement","312","306","305"
"30555","557.093371150","ipcas_21:73:29","150","1","526","LIED21CTRL/LLN0$Status","1","1","0"
"30556","557.093371968","ipcas_21:73:29","147","1","526","LIED21PROT/LLN0$Alarm","1","",""
"30557","557.093372450","ipcas_21:73:29","204","1","526","LIED21MEAS/LLN0$Measurement","306","313","307"
"30608","558.124740571","ipcas_21:73:29","150","1","527","LIED21CTRL/LLN0$Status","1","1","0"
"30609","558.124744515","ipcas_21:73:29","147","1","527","LIED21PROT/LLN0$Alarm","1","",""
"30610","558.124744970","ipcas_21:73:29","204","1","527","LIED21MEAS/LLN0$Measurement","313","313","311"
"30661","559.173174976","ipcas_21:73:29","150","1","528","LIED21CTRL/LLN0$Status","1","1","0"
"30662","559.173180702","ipcas_21:73:29","147","1","528","LIED21PROT/LLN0$Alarm","1","",""
"30663","559.173181738","ipcas_21:73:29","204","1","528","LIED21MEAS/LLN0$Measurement","312","311","305"
"30714","560.205079522","ipcas_21:73:29","150","1","529","LIED21CTRL/LLN0$Status","1","1","0"
"30715","560.205276157","ipcas_21:73:29","147","1","529","LIED21PROT/LLN0$Alarm","1","",""
"30716","560.205708647","ipcas_21:73:29","204","1","529","LIED21MEAS/LLN0$Measurement","310","312","312"
"30767","561.272895090","ipcas_21:73:29","150","1","530","LIED21CTRL/LLN0$Status","1","1","0"
"30768","561.273449246","ipcas_21:73:29","147","1","530","LIED21PROT/LLN0$Alarm","1","",""
"30769","561.273453017","ipcas_21:73:29","204","1","530","LIED21MEAS/LLN0$Measurement","313","314","313"
"30820","562.323829354","ipcas_21:73:29","150","1","531","LIED21CTRL/LLN0$Status","1","1","0"
"30821","562.323830247","ipcas_21:73:29","147","1","531","LIED21PROT/LLN0$Alarm","1","",""
"30822","562.323830896","ipcas_21:73:29","204","1","531","LIED21MEAS/LLN0$Measurement","306","311","314"
"30873","563.327977436","ipcas_21:73:29","150","1","532","LIED21CTRL/LLN0$Status","1","1","0"
"30874","563.327984950","ipcas_21:73:29","147","1","532","LIED21PROT/LLN0$Alarm","1","",""
"30875","563.327986098","ipcas_21:73:29","204","1","532","LIED21MEAS/LLN0$Measurement","307","310","312"
"30926","564.349909500","ipcas_21:73:29","150","1","533","LIED21CTRL/LLN0$Status","1","1","0"
"30927","564.349912157","ipcas_21:73:29","147","1","533","LIED21PROT/LLN0$Alarm","1","",""
"30928","564.349912957","ipcas_21:73:29","204","1","533","LIED21MEAS/LLN0$Measurement","315","313","314"
"30979","565.377022228","ipcas_21:73:29","150","1","534","LIED21CTRL/LLN0$Status","1","1","0"
"30980","565.377022575","ipcas_21:73:29","147","1","534","LIED21PROT/LLN0$Alarm","1","",""
"30981","565.377022901","ipcas_21:73:29","204","1","534","LIED21MEAS/LLN0$Measurement","309","314","312"
"31032","566.398920526","ipcas_21:73:29","150","1","535","LIED21CTRL/LLN0$Status","1","1","0"
"31033","566.398927335","ipcas_21:73:29","147","1","535","LIED21PROT/LLN0$Alarm","1","",""
"31034","566.398928294","ipcas_21:73:29","204","1","535","LIED21MEAS/LLN0$Measurement","311","311","307"
"31085","567.431247890","ipcas_21:73:29","150","1","536","LIED21CTRL/LLN0$Status","1","1","0"
"31086","567.431255433","ipcas_21:73:29","147","1","536","LIED21PROT/LLN0$Alarm","1","",""
"31087","567.431256093","ipcas_21:73:29","204","1","536","LIED21MEAS/LLN0$Measurement","306","306","308"
"31138","568.473289045","ipcas_21:73:29","150","1","537","LIED21CTRL/LLN0$Status","1","1","0"
"31139","568.473289952","ipcas_21:73:29","147","1","537","LIED21PROT/LLN0$Alarm","1","",""
"31140","568.473290810","ipcas_21:73:29","204","1","537","LIED21MEAS/LLN0$Measurement","312","307","306"
"31191","569.491999742","ipcas_21:73:29","150","1","538","LIED21CTRL/LLN0$Status","1","1","0"
"31192","569.492002601","ipcas_21:73:29","147","1","538","LIED21PROT/LLN0$Alarm","1","",""
"31193","569.492142290","ipcas_21:73:29","204","1","538","LIED21MEAS/LLN0$Measurement","305","313","314"
"31248","570.546286237","ipcas_21:73:29","150","1","539","LIED21CTRL/LLN0$Status","1","1","0"
"31249","570.546421778","ipcas_21:73:29","147","1","539","LIED21PROT/LLN0$Alarm","1","",""
"31250","570.546746345","ipcas_21:73:29","204","1","539","LIED21MEAS/LLN0$Measurement","306","315","314"
"31310","571.618942411","ipcas_21:73:29","150","1","540","LIED21CTRL/LLN0$Status","1","1","0"
"31311","571.619234144","ipcas_21:73:29","147","1","540","LIED21PROT/LLN0$Alarm","1","",""
"31312","571.619692306","ipcas_21:73:29","204","1","540","LIED21MEAS/LLN0$Measurement","312","310","312"
"31366","572.672627213","ipcas_21:73:29","150","1","541","LIED21CTRL/LLN0$Status","1","1","0"
"31367","572.672936707","ipcas_21:73:29","147","1","541","LIED21PROT/LLN0$Alarm","1","",""
"31368","572.672942168","ipcas_21:73:29","204","1","541","LIED21MEAS/LLN0$Measurement","311","315","306"
"31420","573.722097516","ipcas_21:73:29","150","1","542","LIED21CTRL/LLN0$Status","1","1","0"
"31421","573.722104780","ipcas_21:73:29","147","1","542","LIED21PROT/LLN0$Alarm","1","",""
"31422","573.722105615","ipcas_21:73:29","204","1","542","LIED21MEAS/LLN0$Measurement","314","310","307"
"31475","574.757976231","ipcas_21:73:29","150","1","543","LIED21CTRL/LLN0$Status","1","1","0"
"31476","574.758677931","ipcas_21:73:29","147","1","543","LIED21PROT/LLN0$Alarm","1","",""
"31477","574.758682707","ipcas_21:73:29","204","1","543","LIED21MEAS/LLN0$Measurement","308","307","311"
"31529","575.820779561","ipcas_21:73:29","150","1","544","LIED21CTRL/LLN0$Status","1","1","0"
"31530","575.820907533","ipcas_21:73:29","147","1","544","LIED21PROT/LLN0$Alarm","1","",""
"31531","575.821059165","ipcas_21:73:29","204","1","544","LIED21MEAS/LLN0$Measurement","311","315","310"
"31583","576.868726094","ipcas_21:73:29","150","1","545","LIED21CTRL/LLN0$Status","1","1","0"
"31584","576.868845355","ipcas_21:73:29","147","1","545","LIED21PROT/LLN0$Alarm","1","",""
"31585","576.868953021","ipcas_21:73:29","204","1","545","LIED21MEAS/LLN0$Measurement","306","306","311"
"31637","577.925697868","ipcas_21:73:29","150","1","546","LIED21CTRL/LLN0$Status","1","1","0"
"31638","577.928430603","ipcas_21:73:29","147","1","546","LIED21PROT/LLN0$Alarm","1","",""
"31639","577.928442558","ipcas_21:73:29","204","1","546","LIED21MEAS/LLN0$Measurement","308","313","310"
"31690","578.972668671","ipcas_21:73:29","150","1","547","LIED21CTRL/LLN0$Status","1","1","0"
"31691","578.972669327","ipcas_21:73:29","147","1","547","LIED21PROT/LLN0$Alarm","1","",""
"31692","578.972670381","ipcas_21:73:29","204","1","547","LIED21MEAS/LLN0$Measurement","311","308","313"
"31744","580.000461692","ipcas_21:73:29","150","1","548","LIED21CTRL/LLN0$Status","1","1","0"
"31745","580.000462090","ipcas_21:73:29","147","1","548","LIED21PROT/LLN0$Alarm","1","",""
"31746","580.000462516","ipcas_21:73:29","204","1","548","LIED21MEAS/LLN0$Measurement","306","307","308"
"31797","581.021584273","ipcas_21:73:29","150","1","549","LIED21CTRL/LLN0$Status","1","1","0"
"31798","581.021585570","ipcas_21:73:29","147","1","549","LIED21PROT/LLN0$Alarm","1","",""
"31799","581.021586470","ipcas_21:73:29","204","1","549","LIED21MEAS/LLN0$Measurement","305","310","305"
"31850","582.051012465","ipcas_21:73:29","150","1","550","LIED21CTRL/LLN0$Status","1","1","0"
"31851","582.051608661","ipcas_21:73:29","147","1","550","LIED21PROT/LLN0$Alarm","1","",""
"31852","582.051615022","ipcas_21:73:29","204","1","550","LIED21MEAS/LLN0$Measurement","306","306","310"
"31904","583.161569746","ipcas_21:73:29","150","1","551","LIED21CTRL/LLN0$Status","1","1","0"
"31905","583.161580601","ipcas_21:73:29","147","1","551","LIED21PROT/LLN0$Alarm","1","",""
"31906","583.161581482","ipcas_21:73:29","204","1","551","LIED21MEAS/LLN0$Measurement","312","311","315"
"31957","584.185790487","ipcas_21:73:29","150","1","552","LIED21CTRL/LLN0$Status","1","1","0"
"31958","584.185799162","ipcas_21:73:29","147","1","552","LIED21PROT/LLN0$Alarm","1","",""
"31959","584.185801123","ipcas_21:73:29","204","1","552","LIED21MEAS/LLN0$Measurement","315","311","306"
"32010","585.393346301","ipcas_21:73:29","150","1","553","LIED21CTRL/LLN0$Status","1","1","0"
"32011","585.393354154","ipcas_21:73:29","147","1","553","LIED21PROT/LLN0$Alarm","1","",""
"32012","585.393354561","ipcas_21:73:29","204","1","553","LIED21MEAS/LLN0$Measurement","306","309","315"
"32087","587.871433891","ipcas_21:73:29","150","1","554","LIED21CTRL/LLN0$Status","1","1","0"
"32088","587.871764075","ipcas_21:73:29","147","1","554","LIED21PROT/LLN0$Alarm","1","",""
"32089","587.871766481","ipcas_21:73:29","204","1","554","LIED21MEAS/LLN0$Measurement","313","310","312"
"32140","588.885174253","ipcas_21:73:29","150","1","555","LIED21CTRL/LLN0$Status","1","1","0"
"32141","588.885175429","ipcas_21:73:29","147","1","555","LIED21PROT/LLN0$Alarm","1","",""
"32142","588.885176314","ipcas_21:73:29","204","1","555","LIED21MEAS/LLN0$Measurement","306","314","308"
"32193","589.923603315","ipcas_21:73:29","150","1","556","LIED21CTRL/LLN0$Status","1","1","0"
"32194","589.923604075","ipcas_21:73:29","147","1","556","LIED21PROT/LLN0$Alarm","1","",""
"32195","589.923604495","ipcas_21:73:29","204","1","556","LIED21MEAS/LLN0$Measurement","313","312","314"
"32246","590.959662973","ipcas_21:73:29","150","1","557","LIED21CTRL/LLN0$Status","1","1","0"
"32247","590.959673935","ipcas_21:73:29","147","1","557","LIED21PROT/LLN0$Alarm","1","",""
"32248","590.959675612","ipcas_21:73:29","204","1","557","LIED21MEAS/LLN0$Measurement","307","313","305"
"32299","592.002069857","ipcas_21:73:29","150","1","558","LIED21CTRL/LLN0$Status","1","1","0"
"32300","592.002071107","ipcas_21:73:29","147","1","558","LIED21PROT/LLN0$Alarm","1","",""
"32301","592.002072012","ipcas_21:73:29","204","1","558","LIED21MEAS/LLN0$Measurement","315","312","306"
"32353","593.014811857","ipcas_21:73:29","150","1","559","LIED21CTRL/LLN0$Status","1","1","0"
"32354","593.014816615","ipcas_21:73:29","147","1","559","LIED21PROT/LLN0$Alarm","1","",""
"32355","593.014817295","ipcas_21:73:29","204","1","559","LIED21MEAS/LLN0$Measurement","306","308","309"
"32406","594.041285755","ipcas_21:73:29","150","1","560","LIED21CTRL/LLN0$Status","1","1","0"
"32407","594.041286524","ipcas_21:73:29","147","1","560","LIED21PROT/LLN0$Alarm","1","",""
"32408","594.041287014","ipcas_21:73:29","204","1","560","LIED21MEAS/LLN0$Measurement","309","306","312"
"32459","595.135358565","ipcas_21:73:29","150","1","561","LIED21CTRL/LLN0$Status","1","1","0"
"32460","595.135368885","ipcas_21:73:29","147","1","561","LIED21PROT/LLN0$Alarm","1","",""
"32461","595.135614493","ipcas_21:73:29","204","1","561","LIED21MEAS/LLN0$Measurement","307","314","308"
"32512","596.220134709","ipcas_21:73:29","150","1","562","LIED21CTRL/LLN0$Status","1","1","0"
"32513","596.220489367","ipcas_21:73:29","147","1","562","LIED21PROT/LLN0$Alarm","1","",""
"32514","596.220784385","ipcas_21:73:29","204","1","562","LIED21MEAS/LLN0$Measurement","312","315","310"
"32565","597.270849331","ipcas_21:73:29","150","1","563","LIED21CTRL/LLN0$Status","1","1","0"
"32566","597.270860342","ipcas_21:73:29","147","1","563","LIED21PROT/LLN0$Alarm","1","",""
"32567","597.270870148","ipcas_21:73:29","204","1","563","LIED21MEAS/LLN0$Measurement","305","312","310"
"32618","598.304837178","ipcas_21:73:29","150","1","564","LIED21CTRL/LLN0$Status","1","1","0"
"32619","598.304837628","ipcas_21:73:29","147","1","564","LIED21PROT/LLN0$Alarm","1","",""
"32620","598.304838372","ipcas_21:73:29","204","1","564","LIED21MEAS/LLN0$Measurement","305","309","314"
"32671","599.326812902","ipcas_21:73:29","150","1","565","LIED21CTRL/LLN0$Status","1","1","0"
"32672","599.326822033","ipcas_21:73:29","147","1","565","LIED21PROT/LLN0$Alarm","1","",""
"32673","599.326823376","ipcas_21:73:29","204","1","565","LIED21MEAS/LLN0$Measurement","310","314","308"
"32724","600.366853233","ipcas_21:73:29","150","1","566","LIED21CTRL/LLN0$Status","1","1","0"
"32725","600.366940651","ipcas_21:73:29","147","1","566","LIED21PROT/LLN0$Alarm","1","",""
"32726","600.367687137","ipcas_21:73:29","204","1","566","LIED21MEAS/LLN0$Measurement","313","314","310"
"32777","601.414190666","ipcas_21:73:29","150","1","567","LIED21CTRL/LLN0$Status","1","1","0"
"32778","601.414196901","ipcas_21:73:29","147","1","567","LIED21PROT/LLN0$Alarm","1","",""
"32779","601.414198818","ipcas_21:73:29","204","1","567","LIED21MEAS/LLN0$Measurement","314","311","310"
"32831","602.453818626","ipcas_21:73:29","150","1","568","LIED21CTRL/LLN0$Status","1","1","0"
"32832","602.453824767","ipcas_21:73:29","147","1","568","LIED21PROT/LLN0$Alarm","1","",""
"32833","602.453825830","ipcas_21:73:29","204","1","568","LIED21MEAS/LLN0$Measurement","312","309","308"
"32884","603.522767421","ipcas_21:73:29","150","1","569","LIED21CTRL/LLN0$Status","1","1","0"
"32885","603.522777025","ipcas_21:73:29","147","1","569","LIED21PROT/LLN0$Alarm","1","",""
"32886","603.522777525","ipcas_21:73:29","204","1","569","LIED21MEAS/LLN0$Measurement","312","312","312"
"32941","604.558868057","ipcas_21:73:29","150","1","570","LIED21CTRL/LLN0$Status","1","1","0"
"32942","604.558871923","ipcas_21:73:29","147","1","570","LIED21PROT/LLN0$Alarm","1","",""
"32943","604.559468120","ipcas_21:73:29","204","1","570","LIED21MEAS/LLN0$Measurement","310","308","307"
"33012","605.612065262","ipcas_21:73:29","150","1","571","LIED21CTRL/LLN0$Status","1","1","0"
"33013","605.612069750","ipcas_21:73:29","147","1","571","LIED21PROT/LLN0$Alarm","1","",""
"33014","605.612070509","ipcas_21:73:29","204","1","571","LIED21MEAS/LLN0$Measurement","306","312","311"
"33092","606.661418845","ipcas_21:73:29","150","1","572","LIED21CTRL/LLN0$Status","1","1","0"
"33093","606.661419585","ipcas_21:73:29","147","1","572","LIED21PROT/LLN0$Alarm","1","",""
"33094","606.661420554","ipcas_21:73:29","204","1","572","LIED21MEAS/LLN0$Measurement","306","308","306"
"33164","607.697573356","ipcas_21:73:29","150","1","573","LIED21CTRL/LLN0$Status","1","1","0"
"33165","607.697581083","ipcas_21:73:29","147","1","573","LIED21PROT/LLN0$Alarm","1","",""
"33166","607.697582711","ipcas_21:73:29","204","1","573","LIED21MEAS/LLN0$Measurement","309","307","306"
"33221","608.761168555","ipcas_21:73:29","150","1","574","LIED21CTRL/LLN0$Status","1","1","0"
"33222","608.761388750","ipcas_21:73:29","147","1","574","LIED21PROT/LLN0$Alarm","1","",""
"33223","608.761461213","ipcas_21:73:29","204","1","574","LIED21MEAS/LLN0$Measurement","307","312","314"
"33282","609.803378607","ipcas_21:73:29","150","1","575","LIED21CTRL/LLN0$Status","1","1","0"
"33283","609.803387317","ipcas_21:73:29","147","1","575","LIED21PROT/LLN0$Alarm","1","",""
"33284","609.803388433","ipcas_21:73:29","204","1","575","LIED21MEAS/LLN0$Measurement","313","314","311"
"33353","610.846905276","ipcas_21:73:29","150","1","576","LIED21CTRL/LLN0$Status","1","1","0"
"33354","610.847306672","ipcas_21:73:29","147","1","576","LIED21PROT/LLN0$Alarm","1","",""
"33355","610.847775651","ipcas_21:73:29","204","1","576","LIED21MEAS/LLN0$Measurement","312","308","312"
"33421","611.887746414","ipcas_21:73:29","150","1","577","LIED21CTRL/LLN0$Status","1","1","0"
"33422","611.888059817","ipcas_21:73:29","147","1","577","LIED21PROT/LLN0$Alarm","1","",""
"33423","611.888602661","ipcas_21:73:29","204","1","577","LIED21MEAS/LLN0$Measurement","312","314","309"
"33523","612.930016095","ipcas_21:73:29","150","1","578","LIED21CTRL/LLN0$Status","1","1","0"
"33524","612.930020598","ipcas_21:73:29","147","1","578","LIED21PROT/LLN0$Alarm","1","",""
"33525","612.930021543","ipcas_21:73:29","204","1","578","LIED21MEAS/LLN0$Measurement","311","311","305"
"33608","613.954271608","ipcas_21:73:29","150","1","579","LIED21CTRL/LLN0$Status","1","1","0"
"33609","613.954275662","ipcas_21:73:29","147","1","579","LIED21PROT/LLN0$Alarm","1","",""
"33610","613.954276702","ipcas_21:73:29","204","1","579","LIED21MEAS/LLN0$Measurement","314","314","307"
"33676","614.996515909","ipcas_21:73:29","150","1","580","LIED21CTRL/LLN0$Status","1","1","0"
"33677","614.996527308","ipcas_21:73:29","147","1","580","LIED21PROT/LLN0$Alarm","1","",""
"33678","614.996529316","ipcas_21:73:29","204","1","580","LIED21MEAS/LLN0$Measurement","312","309","312"
"33735","616.032699810","ipcas_21:73:29","150","1","581","LIED21CTRL/LLN0$Status","1","1","0"
"33736","616.032700990","ipcas_21:73:29","147","1","581","LIED21PROT/LLN0$Alarm","1","",""
"33737","616.032702259","ipcas_21:73:29","204","1","581","LIED21MEAS/LLN0$Measurement","308","311","308"
"33808","617.069268156","ipcas_21:73:29","150","1","582","LIED21CTRL/LLN0$Status","1","1","0"
"33809","617.069272461","ipcas_21:73:29","147","1","582","LIED21PROT/LLN0$Alarm","1","",""
"33810","617.069272894","ipcas_21:73:29","204","1","582","LIED21MEAS/LLN0$Measurement","310","314","305"
"33867","618.097429931","ipcas_21:73:29","150","1","583","LIED21CTRL/LLN0$Status","1","1","0"
"33868","618.097436012","ipcas_21:73:29","147","1","583","LIED21PROT/LLN0$Alarm","1","",""
"33869","618.097437164","ipcas_21:73:29","204","1","583","LIED21MEAS/LLN0$Measurement","313","312","307"
"33922","619.144180951","ipcas_21:73:29","150","1","584","LIED21CTRL/LLN0$Status","1","1","0"
"33923","619.144187994","ipcas_21:73:29","147","1","584","LIED21PROT/LLN0$Alarm","1","",""
"33924","619.144189444","ipcas_21:73:29","204","1","584","LIED21MEAS/LLN0$Measurement","309","308","313"
"33980","620.203245780","ipcas_21:73:29","150","1","585","LIED21CTRL/LLN0$Status","1","1","0"
"33981","620.203249384","ipcas_21:73:29","147","1","585","LIED21PROT/LLN0$Alarm","1","",""
"33982","620.203249900","ipcas_21:73:29","204","1","585","LIED21MEAS/LLN0$Measurement","306","305","306"
"34045","621.243838325","ipcas_21:73:29","150","1","586","LIED21CTRL/LLN0$Status","1","1","0"
"34046","621.243839096","ipcas_21:73:29","147","1","586","LIED21PROT/LLN0$Alarm","1","",""
"34047","621.243839543","ipcas_21:73:29","204","1","586","LIED21MEAS/LLN0$Measurement","311","305","312"
"34102","622.309080815","ipcas_21:73:29","150","1","587","LIED21CTRL/LLN0$Status","1","1","0"
"34103","622.309081404","ipcas_21:73:29","147","1","587","LIED21PROT/LLN0$Alarm","1","",""
"34104","622.309081816","ipcas_21:73:29","204","1","587","LIED21MEAS/LLN0$Measurement","310","313","309"
"34156","623.328557308","ipcas_21:73:29","150","1","588","LIED21CTRL/LLN0$Status","1","1","0"
"34157","623.328558308","ipcas_21:73:29","147","1","588","LIED21PROT/LLN0$Alarm","1","",""
"34158","623.328558945","ipcas_21:73:29","204","1","588","LIED21MEAS/LLN0$Measurement","315","310","307"
"34211","624.355557010","ipcas_21:73:29","150","1","589","LIED21CTRL/LLN0$Status","1","1","0"
"34212","624.355563885","ipcas_21:73:29","147","1","589","LIED21PROT/LLN0$Alarm","1","",""
"34213","624.355565259","ipcas_21:73:29","204","1","589","LIED21MEAS/LLN0$Measurement","309","305","311"
"34266","625.415425078","ipcas_21:73:29","150","1","590","LIED21CTRL/LLN0$Status","1","1","0"
"34267","625.415425722","ipcas_21:73:29","147","1","590","LIED21PROT/LLN0$Alarm","1","",""
"34268","625.415426057","ipcas_21:73:29","204","1","590","LIED21MEAS/LLN0$Measurement","308","310","309"
"34319","626.454283808","ipcas_21:73:29","150","1","591","LIED21CTRL/LLN0$Status","1","1","0"
"34320","626.454285077","ipcas_21:73:29","147","1","591","LIED21PROT/LLN0$Alarm","1","",""
"34321","626.454286003","ipcas_21:73:29","204","1","591","LIED21MEAS/LLN0$Measurement","315","314","307"
"34375","627.487537091","ipcas_21:73:29","150","1","592","LIED21CTRL/LLN0$Status","1","1","0"
"34376","627.487541179","ipcas_21:73:29","147","1","592","LIED21PROT/LLN0$Alarm","1","",""
"34377","627.487541826","ipcas_21:73:29","204","1","592","LIED21MEAS/LLN0$Measurement","309","309","309"
"34431","628.505994636","ipcas_21:73:29","150","1","593","LIED21CTRL/LLN0$Status","1","1","0"
"34432","628.505998786","ipcas_21:73:29","147","1","593","LIED21PROT/LLN0$Alarm","1","",""
"34433","628.505999196","ipcas_21:73:29","204","1","593","LIED21MEAS/LLN0$Measurement","306","310","305"
"34485","630.198825722","ipcas_21:73:29","150","1","594","LIED21CTRL/LLN0$Status","1","1","0"
"34486","630.200687794","ipcas_21:73:29","147","1","594","LIED21PROT/LLN0$Alarm","1","",""
"34487","630.200694172","ipcas_21:73:29","204","1","594","LIED21MEAS/LLN0$Measurement","311","308","309"
"34543","633.015793964","ipcas_21:73:29","150","1","595","LIED21CTRL/LLN0$Status","1","1","0"
"34544","633.015806807","ipcas_21:73:29","147","1","595","LIED21PROT/LLN0$Alarm","1","",""
"34545","633.015808912","ipcas_21:73:29","204","1","595","LIED21MEAS/LLN0$Measurement","314","305","314"
"34574","634.093656662","ipcas_21:73:29","150","1","596","LIED21CTRL/LLN0$Status","1","1","0"
"34575","634.093665520","ipcas_21:73:29","147","1","596","LIED21PROT/LLN0$Alarm","1","",""
"34576","634.094081982","ipcas_21:73:29","204","1","596","LIED21MEAS/LLN0$Measurement","312","311","308"
"34604","635.450786368","ipcas_21:73:29","150","1","597","LIED21CTRL/LLN0$Status","1","1","0"
"34605","635.450793118","ipcas_21:73:29","147","1","597","LIED21PROT/LLN0$Alarm","1","",""
"34606","635.450925004","ipcas_21:73:29","204","1","597","LIED21MEAS/LLN0$Measurement","308","313","306"
"34635","636.501734600","ipcas_21:73:29","150","1","598","LIED21CTRL/LLN0$Status","1","1","0"
"34636","636.501740748","ipcas_21:73:29","147","1","598","LIED21PROT/LLN0$Alarm","1","",""
"34637","636.501741954","ipcas_21:73:29","204","1","598","LIED21MEAS/LLN0$Measurement","310","309","306"
"34667","637.539581784","ipcas_21:73:29","150","1","599","LIED21CTRL/LLN0$Status","1","1","0"
"34668","637.539588747","ipcas_21:73:29","147","1","599","LIED21PROT/LLN0$Alarm","1","",""
"34669","637.539590578","ipcas_21:73:29","204","1","599","LIED21MEAS/LLN0$Measurement","314","308","306"
