"No.","Time","Source","Length","stNum","sqNum","goID","integer","integer","integer"
"28","0.018859813","ipcas_21:73:24","149","1","0","LIED30CTRL/LLN0$Status","1","1","0"
"29","0.018862878","ipcas_21:73:24","146","1","0","LIED30PROT/LLN0$Alarm","1","",""
"30","0.018863275","ipcas_21:73:24","200","1","0","LIED30MEAS/LLN0$Measurement","933","914","931"
"81","1.069971815","ipcas_21:73:24","149","1","1","LIED30CTRL/LLN0$Status","1","1","0"
"82","1.069974241","ipcas_21:73:24","146","1","1","LIED30PROT/LLN0$Alarm","1","",""
"83","1.069974831","ipcas_21:73:24","200","1","1","LIED30MEAS/LLN0$Measurement","922","932","923"
"134","2.113378673","ipcas_21:73:24","149","1","2","LIED30CTRL/LLN0$Status","1","1","0"
"135","2.113382293","ipcas_21:73:24","146","1","2","LIED30PROT/LLN0$Alarm","1","",""
"136","2.113383031","ipcas_21:73:24","200","1","2","LIED30MEAS/LLN0$Measurement","928","924","926"
"187","3.155795490","ipcas_21:73:24","149","1","3","LIED30CTRL/LLN0$Status","1","1","0"
"188","3.156616459","ipcas_21:73:24","146","1","3","LIED30PROT/LLN0$Alarm","1","",""
"189","3.157214352","ipcas_21:73:24","200","1","3","LIED30MEAS/LLN0$Measurement","924","928","919"
"240","4.205059316","ipcas_21:73:24","149","1","4","LIED30CTRL/LLN0$Status","1","1","0"
"241","4.205062900","ipcas_21:73:24","146","1","4","LIED30PROT/LLN0$Alarm","1","",""
"242","4.205063555","ipcas_21:73:24","200","1","4","LIED30MEAS/LLN0$Measurement","927","918","918"
"293","5.264385854","ipcas_21:73:24","149","1","5","LIED30CTRL/LLN0$Status","1","1","0"
"294","5.264631492","ipcas_21:73:24","146","1","5","LIED30PROT/LLN0$Alarm","1","",""
"295","5.264634599","ipcas_21:73:24","200","1","5","LIED30MEAS/LLN0$Measurement","915","929","928"
"346","6.332982474","ipcas_21:73:24","149","1","6","LIED30CTRL/LLN0$Status","1","1","0"
"347","6.332988667","ipcas_21:73:24","146","1","6","LIED30PROT/LLN0$Alarm","1","",""
"348","6.332989703","ipcas_21:73:24","200","1","6","LIED30MEAS/LLN0$Measurement","914","916","916"
"399","7.382500962","ipcas_21:73:24","149","1","7","LIED30CTRL/LLN0$Status","1","1","0"
"400","7.382655253","ipcas_21:73:24","146","1","7","LIED30PROT/LLN0$Alarm","1","",""
"401","7.382870423","ipcas_21:73:24","200","1","7","LIED30MEAS/LLN0$Measurement","921","917","927"
"452","8.440003400","ipcas_21:73:24","149","1","8","LIED30CTRL/LLN0$Status","1","1","0"
"453","8.440226231","ipcas_21:73:24","146","1","8","LIED30PROT/LLN0$Alarm","1","",""
"454","8.440498077","ipcas_21:73:24","200","1","8","LIED30MEAS/LLN0$Measurement","915","933","920"
"505","9.479792826","ipcas_21:73:24","149","1","9","LIED30CTRL/LLN0$Status","1","1","0"
"506","9.480129298","ipcas_21:73:24","146","1","9","LIED30PROT/LLN0$Alarm","1","",""
"507","9.480133826","ipcas_21:73:24","200","1","9","LIED30MEAS/LLN0$Measurement","918","920","934"
"558","10.543177525","ipcas_21:73:24","149","1","10","LIED30CTRL/LLN0$Status","1","1","0"
"559","10.543308862","ipcas_21:73:24","146","1","10","LIED30PROT/LLN0$Alarm","1","",""
"560","10.543653748","ipcas_21:73:24","200","1","10","LIED30MEAS/LLN0$Measurement","920","918","928"
"611","11.608243725","ipcas_21:73:24","149","1","11","LIED30CTRL/LLN0$Status","1","1","0"
"612","11.608247858","ipcas_21:73:24","146","1","11","LIED30PROT/LLN0$Alarm","1","",""
"613","11.608248394","ipcas_21:73:24","200","1","11","LIED30MEAS/LLN0$Measurement","918","927","920"
"664","12.654236502","ipcas_21:73:24","149","1","12","LIED30CTRL/LLN0$Status","1","1","0"
"665","12.654410132","ipcas_21:73:24","146","1","12","LIED30PROT/LLN0$Alarm","1","",""
"666","12.654413081","ipcas_21:73:24","200","1","12","LIED30MEAS/LLN0$Measurement","932","922","923"
"717","13.715158946","ipcas_21:73:24","149","1","13","LIED30CTRL/LLN0$Status","1","1","0"
"718","13.715293268","ipcas_21:73:24","146","1","13","LIED30PROT/LLN0$Alarm","1","",""
"719","13.715539787","ipcas_21:73:24","200","1","13","LIED30MEAS/LLN0$Measurement","915","921","916"
"770","14.780312385","ipcas_21:73:24","149","1","14","LIED30CTRL/LLN0$Status","1","1","0"
"771","14.780318768","ipcas_21:73:24","146","1","14","LIED30PROT/LLN0$Alarm","1","",""
"772","14.780319437","ipcas_21:73:24","200","1","14","LIED30MEAS/LLN0$Measurement","926","920","931"
"823","15.831456957","ipcas_21:73:24","149","1","15","LIED30CTRL/LLN0$Status","1","1","0"
"824","15.831587707","ipcas_21:73:24","146","1","15","LIED30PROT/LLN0$Alarm","1","",""
"825","15.831591141","ipcas_21:73:24","200","1","15","LIED30MEAS/LLN0$Measurement","919","920","929"
"876","16.871886264","ipcas_21:73:24","149","1","16","LIED30CTRL/LLN0$Status","1","1","0"
"877","16.871951280","ipcas_21:73:24","146","1","16","LIED30PROT/LLN0$Alarm","1","",""
"878","16.872178313","ipcas_21:73:24","200","1","16","LIED30MEAS/LLN0$Measurement","921","928","916"
"929","17.931123602","ipcas_21:73:24","149","1","17","LIED30CTRL/LLN0$Status","1","1","0"
"930","17.931624993","ipcas_21:73:24","146","1","17","LIED30PROT/LLN0$Alarm","1","",""
"931","17.931628566","ipcas_21:73:24","200","1","17","LIED30MEAS/LLN0$Measurement","934","932","932"
"982","18.977023570","ipcas_21:73:24","149","1","18","LIED30CTRL/LLN0$Status","1","1","0"
"983","18.977028577","ipcas_21:73:24","146","1","18","LIED30PROT/LLN0$Alarm","1","",""
"984","18.977029250","ipcas_21:73:24","200","1","18","LIED30MEAS/LLN0$Measurement","917","923","934"
"1035","20.025821187","ipcas_21:73:24","149","1","19","LIED30CTRL/LLN0$Status","1","1","0"
"1036","20.026000247","ipcas_21:73:24","146","1","19","LIED30PROT/LLN0$Alarm","1","",""
"1037","20.026061520","ipcas_21:73:24","200","1","19","LIED30MEAS/LLN0$Measurement","932","924","917"
"1088","21.082725673","ipcas_21:73:24","149","1","20","LIED30CTRL/LLN0$Status","1","1","0"
"1089","21.082729421","ipcas_21:73:24","146","1","20","LIED30PROT/LLN0$Alarm","1","",""
"1090","21.082896240","ipcas_21:73:24","200","1","20","LIED30MEAS/LLN0$Measurement","924","934","916"
"1141","22.151000106","ipcas_21:73:24","149","1","21","LIED30CTRL/LLN0$Status","1","1","0"
"1142","22.151005140","ipcas_21:73:24","146","1","21","LIED30PROT/LLN0$Alarm","1","",""
"1143","22.151525889","ipcas_21:73:24","200","1","21","LIED30MEAS/LLN0$Measurement","918","917","933"
"1194","23.191036336","ipcas_21:73:24","149","1","22","LIED30CTRL/LLN0$Status","1","1","0"
"1195","23.191188810","ipcas_21:73:24","146","1","22","LIED30PROT/LLN0$Alarm","1","",""
"1196","23.191305015","ipcas_21:73:24","200","1","22","LIED30MEAS/LLN0$Measurement","930","929","929"
"1247","24.252386147","ipcas_21:73:24","149","1","23","LIED30CTRL/LLN0$Status","1","1","0"
"1248","24.252750834","ipcas_21:73:24","146","1","23","LIED30PROT/LLN0$Alarm","1","",""
"1249","24.252753606","ipcas_21:73:24","200","1","23","LIED30MEAS/LLN0$Measurement","920","914","925"
"1300","25.315930045","ipcas_21:73:24","149","1","24","LIED30CTRL/LLN0$Status","1","1","0"
"1301","25.316030083","ipcas_21:73:24","146","1","24","LIED30PROT/LLN0$Alarm","1","",""
"1302","25.316032991","ipcas_21:73:24","200","1","24","LIED30MEAS/LLN0$Measurement","926","919","927"
"1353","26.356395994","ipcas_21:73:24","149","1","25","LIED30CTRL/LLN0$Status","1","1","0"
"1354","26.356403216","ipcas_21:73:24","146","1","25","LIED30PROT/LLN0$Alarm","1","",""
"1355","26.356403940","ipcas_21:73:24","200","1","25","LIED30MEAS/LLN0$Measurement","917","934","924"
"1406","27.417622749","ipcas_21:73:24","149","1","26","LIED30CTRL/LLN0$Status","1","1","0"
"1407","27.417625653","ipcas_21:73:24","146","1","26","LIED30PROT/LLN0$Alarm","1","",""
"1408","27.417626302","ipcas_21:73:24","200","1","26","LIED30MEAS/LLN0$Measurement","916","924","930"
"1459","28.464003485","ipcas_21:73:24","149","1","27","LIED30CTRL/LLN0$Status","1","1","0"
"1460","28.464005552","ipcas_21:73:24","146","1","27","LIED30PROT/LLN0$Alarm","1","",""
"1461","28.464005881","ipcas_21:73:24","200","1","27","LIED30MEAS/LLN0$Measurement","914","920","934"
"1512","29.513038214","ipcas_21:73:24","149","1","28","LIED30CTRL/LLN0$Status","1","1","0"
"1513","29.513309690","ipcas_21:73:24","146","1","28","LIED30PROT/LLN0$Alarm","1","",""
"1514","29.513312405","ipcas_21:73:24","200","1","28","LIED30MEAS/LLN0$Measurement","928","923","929"
"1565","30.587804807","ipcas_21:73:24","149","1","29","LIED30CTRL/LLN0$Status","1","1","0"
"1566","30.587808284","ipcas_21:73:24","146","1","29","LIED30PROT/LLN0$Alarm","1","",""
"1567","30.587808750","ipcas_21:73:24","200","1","29","LIED30MEAS/LLN0$Measurement","925","929","932"
"1618","31.638333350","ipcas_21:73:24","149","1","30","LIED30CTRL/LLN0$Status","1","1","0"
"1619","31.638715562","ipcas_21:73:24","146","1","30","LIED30PROT/LLN0$Alarm","1","",""
"1620","31.638718948","ipcas_21:73:24","200","1","30","LIED30MEAS/LLN0$Measurement","917","914","928"
"1671","32.698708401","ipcas_21:73:24","149","1","31","LIED30CTRL/LLN0$Status","1","1","0"
"1672","32.698711358","ipcas_21:73:24","146","1","31","LIED30PROT/LLN0$Alarm","1","",""
"1673","32.698711785","ipcas_21:73:24","200","1","31","LIED30MEAS/LLN0$Measurement","929","927","922"
"1724","33.754757822","ipcas_21:73:24","149","1","32","LIED30CTRL/LLN0$Status","1","1","0"
"1725","33.754762854","ipcas_21:73:24","146","1","32","LIED30PROT/LLN0$Alarm","1","",""
"1726","33.754764347","ipcas_21:73:24","200","1","32","LIED30MEAS/LLN0$Measurement","934","930","934"
"1777","34.820140473","ipcas_21:73:24","149","1","33","LIED30CTRL/LLN0$Status","1","1","0"
"1778","34.820408285","ipcas_21:73:24","146","1","33","LIED30PROT/LLN0$Alarm","1","",""
"1779","34.820411638","ipcas_21:73:24","200","1","33","LIED30MEAS/LLN0$Measurement","930","927","924"
"1830","35.882341444","ipcas_21:73:24","149","1","34","LIED30CTRL/LLN0$Status","1","1","0"
"1831","35.882344726","ipcas_21:73:24","146","1","34","LIED30PROT/LLN0$Alarm","1","",""
"1832","35.882665626","ipcas_21:73:24","200","1","34","LIED30MEAS/LLN0$Measurement","919","917","933"
"1883","36.924499246","ipcas_21:73:24","149","1","35","LIED30CTRL/LLN0$Status","1","1","0"
"1884","36.924502406","ipcas_21:73:24","146","1","35","LIED30PROT/LLN0$Alarm","1","",""
"1885","36.924502752","ipcas_21:73:24","200","1","35","LIED30MEAS/LLN0$Measurement","917","916","922"
"1936","37.974470176","ipcas_21:73:24","149","1","36","LIED30CTRL/LLN0$Status","1","1","0"
"1937","37.974472752","ipcas_21:73:24","146","1","36","LIED30PROT/LLN0$Alarm","1","",""
"1938","37.974473323","ipcas_21:73:24","200","1","36","LIED30MEAS/LLN0$Measurement","923","923","931"
"1989","39.036235874","ipcas_21:73:24","149","1","37","LIED30CTRL/LLN0$Status","1","1","0"
"1990","39.036240939","ipcas_21:73:24","146","1","37","LIED30PROT/LLN0$Alarm","1","",""
"1991","39.036241938","ipcas_21:73:24","200","1","37","LIED30MEAS/LLN0$Measurement","917","926","919"
"2042","40.073810235","ipcas_21:73:24","149","1","38","LIED30CTRL/LLN0$Status","1","1","0"
"2043","40.073811842","ipcas_21:73:24","146","1","38","LIED30PROT/LLN0$Alarm","1","",""
"2044","40.073812155","ipcas_21:73:24","200","1","38","LIED30MEAS/LLN0$Measurement","929","931","928"
"2095","41.130648382","ipcas_21:73:24","149","1","39","LIED30CTRL/LLN0$Status","1","1","0"
"2096","41.130651120","ipcas_21:73:24","146","1","39","LIED30PROT/LLN0$Alarm","1","",""
"2097","41.130651761","ipcas_21:73:24","200","1","39","LIED30MEAS/LLN0$Measurement","918","924","919"
"2148","42.189199960","ipcas_21:73:24","149","1","40","LIED30CTRL/LLN0$Status","1","1","0"
"2149","42.189207923","ipcas_21:73:24","146","1","40","LIED30PROT/LLN0$Alarm","1","",""
"2150","42.189208802","ipcas_21:73:24","200","1","40","LIED30MEAS/LLN0$Measurement","919","921","929"
"2201","43.222625334","ipcas_21:73:24","149","1","41","LIED30CTRL/LLN0$Status","1","1","0"
"2202","43.222629530","ipcas_21:73:24","146","1","41","LIED30PROT/LLN0$Alarm","1","",""
"2203","43.222629952","ipcas_21:73:24","200","1","41","LIED30MEAS/LLN0$Measurement","916","917","929"
"2254","44.286749698","ipcas_21:73:24","149","1","42","LIED30CTRL/LLN0$Status","1","1","0"
"2255","44.286754839","ipcas_21:73:24","146","1","42","LIED30PROT/LLN0$Alarm","1","",""
"2256","44.286755202","ipcas_21:73:24","200","1","42","LIED30MEAS/LLN0$Measurement","920","914","932"
"2307","45.338861378","ipcas_21:73:24","149","1","43","LIED30CTRL/LLN0$Status","1","1","0"
"2308","45.338866576","ipcas_21:73:24","146","1","43","LIED30PROT/LLN0$Alarm","1","",""
"2309","45.338867256","ipcas_21:73:24","200","1","43","LIED30MEAS/LLN0$Measurement","923","926","933"
"2360","46.397750646","ipcas_21:73:24","149","1","44","LIED30CTRL/LLN0$Status","1","1","0"
"2361","46.397754025","ipcas_21:73:24","146","1","44","LIED30PROT/LLN0$Alarm","1","",""
"2362","46.397755062","ipcas_21:73:24","200","1","44","LIED30MEAS/LLN0$Measurement","932","934","924"
"2413","47.458825013","ipcas_21:73:24","149","1","45","LIED30CTRL/LLN0$Status","1","1","0"
"2414","47.458827703","ipcas_21:73:24","146","1","45","LIED30PROT/LLN0$Alarm","1","",""
"2415","47.458828336","ipcas_21:73:24","200","1","45","LIED30MEAS/LLN0$Measurement","923","917","915"
"2466","48.507194738","ipcas_21:73:24","149","1","46","LIED30CTRL/LLN0$Status","1","1","0"
"2467","48.507198145","ipcas_21:73:24","146","1","46","LIED30PROT/LLN0$Alarm","1","",""
"2468","48.507199310","ipcas_21:73:24","200","1","46","LIED30MEAS/LLN0$Measurement","933","923","922"
"2519","49.571718843","ipcas_21:73:24","149","1","47","LIED30CTRL/LLN0$Status","1","1","0"
"2520","49.571721768","ipcas_21:73:24","146","1","47","LIED30PROT/LLN0$Alarm","1","",""
"2521","49.572004133","ipcas_21:73:24","200","1","47","LIED30MEAS/LLN0$Measurement","922","933","925"
"2572","50.627500336","ipcas_21:73:24","149","1","48","LIED30CTRL/LLN0$Status","1","1","0"
"2573","50.627503410","ipcas_21:73:24","146","1","48","LIED30PROT/LLN0$Alarm","1","",""
"2574","50.627503834","ipcas_21:73:24","200","1","48","LIED30MEAS/LLN0$Measurement","928","925","918"
"2625","51.709119952","ipcas_21:73:24","149","1","49","LIED30CTRL/LLN0$Status","1","1","0"
"2626","51.709122834","ipcas_21:73:24","146","1","49","LIED30PROT/LLN0$Alarm","1","",""
"2627","51.709123335","ipcas_21:73:24","200","1","49","LIED30MEAS/LLN0$Measurement","928","915","917"
"2678","52.770117525","ipcas_21:73:24","149","1","50","LIED30CTRL/LLN0$Status","1","1","0"
"2679","52.770120654","ipcas_21:73:24","146","1","50","LIED30PROT/LLN0$Alarm","1","",""
"2680","52.770120970","ipcas_21:73:24","200","1","50","LIED30MEAS/LLN0$Measurement","929","934","932"
"2731","53.829680369","ipcas_21:73:24","149","1","51","LIED30CTRL/LLN0$Status","1","1","0"
"2732","53.829683628","ipcas_21:73:24","146","1","51","LIED30PROT/LLN0$Alarm","1","",""
"2733","53.829684486","ipcas_21:73:24","200","1","51","LIED30MEAS/LLN0$Measurement","918","932","917"
"2784","54.894699970","ipcas_21:73:24","149","1","52","LIED30CTRL/LLN0$Status","1","1","0"
"2785","54.894706202","ipcas_21:73:24","146","1","52","LIED30PROT/LLN0$Alarm","1","",""
"2786","54.894706813","ipcas_21:73:24","200","1","52","LIED30MEAS/LLN0$Measurement","925","917","924"
"2837","55.954521161","ipcas_21:73:24","149","1","53","LIED30CTRL/LLN0$Status","1","1","0"
"2838","55.954811918","ipcas_21:73:24","146","1","53","LIED30PROT/LLN0$Alarm","1","",""
"2839","55.955029008","ipcas_21:73:24","200","1","53","LIED30MEAS/LLN0$Measurement","921","926","928"
"2890","56.994069430","ipcas_21:73:24","149","1","54","LIED30CTRL/LLN0$Status","1","1","0"
"2891","56.994073065","ipcas_21:73:24","146","1","54","LIED30PROT/LLN0$Alarm","1","",""
"2892","56.994451431","ipcas_21:73:24","200","1","54","LIED30MEAS/LLN0$Measurement","916","917","914"
"2943","58.056611545","ipcas_21:73:24","149","1","55","LIED30CTRL/LLN0$Status","1","1","0"
"2944","58.056614910","ipcas_21:73:24","146","1","55","LIED30PROT/LLN0$Alarm","1","",""
"2945","58.056615259","ipcas_21:73:24","200","1","55","LIED30MEAS/LLN0$Measurement","926","928","917"
"2996","59.097255508","ipcas_21:73:24","149","1","56","LIED30CTRL/LLN0$Status","1","1","0"
"2997","59.097545088","ipcas_21:73:24","146","1","56","LIED30PROT/LLN0$Alarm","1","",""
"2998","59.097726270","ipcas_21:73:24","200","1","56","LIED30MEAS/LLN0$Measurement","928","920","932"
"3049","60.164424600","ipcas_21:73:24","149","1","57","LIED30CTRL/LLN0$Status","1","1","0"
"3050","60.164431043","ipcas_21:73:24","146","1","57","LIED30PROT/LLN0$Alarm","1","",""
"3051","60.164898855","ipcas_21:73:24","200","1","57","LIED30MEAS/LLN0$Measurement","923","927","929"
"3102","61.256990314","ipcas_21:73:24","149","1","58","LIED30CTRL/LLN0$Status","1","1","0"
"3103","61.257162859","ipcas_21:73:24","146","1","58","LIED30PROT/LLN0$Alarm","1","",""
"3104","61.257491029","ipcas_21:73:24","200","1","58","LIED30MEAS/LLN0$Measurement","919","916","921"
"3155","62.312552988","ipcas_21:73:24","149","1","59","LIED30CTRL/LLN0$Status","1","1","0"
"3156","62.312940679","ipcas_21:73:24","146","1","59","LIED30PROT/LLN0$Alarm","1","",""
"3157","62.313078804","ipcas_21:73:24","200","1","59","LIED30MEAS/LLN0$Measurement","930","933","924"
"3208","63.397501790","ipcas_21:73:24","149","1","60","LIED30CTRL/LLN0$Status","1","1","0"
"3209","63.397504809","ipcas_21:73:24","146","1","60","LIED30PROT/LLN0$Alarm","1","",""
"3210","63.397985473","ipcas_21:73:24","200","1","60","LIED30MEAS/LLN0$Measurement","929","915","917"
"3261","64.449016224","ipcas_21:73:24","149","1","61","LIED30CTRL/LLN0$Status","1","1","0"
"3262","64.449016696","ipcas_21:73:24","146","1","61","LIED30PROT/LLN0$Alarm","1","",""
"3263","64.449017172","ipcas_21:73:24","200","1","61","LIED30MEAS/LLN0$Measurement","923","927","933"
"3314","65.504538612","ipcas_21:73:24","149","1","62","LIED30CTRL/LLN0$Status","1","1","0"
"3315","65.504770594","ipcas_21:73:24","146","1","62","LIED30PROT/LLN0$Alarm","1","",""
"3316","65.504773673","ipcas_21:73:24","200","1","62","LIED30MEAS/LLN0$Measurement","929","931","932"
"3367","66.578629405","ipcas_21:73:24","149","1","63","LIED30CTRL/LLN0$Status","1","1","0"
"3368","66.578891931","ipcas_21:73:24","146","1","63","LIED30PROT/LLN0$Alarm","1","",""
"3369","66.579166137","ipcas_21:73:24","200","1","63","LIED30MEAS/LLN0$Measurement","920","925","923"
"3420","67.617615442","ipcas_21:73:24","149","1","64","LIED30CTRL/LLN0$Status","1","1","0"
"3421","67.617615763","ipcas_21:73:24","146","1","64","LIED30PROT/LLN0$Alarm","1","",""
"3422","67.617616476","ipcas_21:73:24","200","1","64","LIED30MEAS/LLN0$Measurement","933","919","922"
"3473","68.688081802","ipcas_21:73:24","149","1","65","LIED30CTRL/LLN0$Status","1","1","0"
"3474","68.688087985","ipcas_21:73:24","146","1","65","LIED30PROT/LLN0$Alarm","1","",""
"3475","68.688088461","ipcas_21:73:24","200","1","65","LIED30MEAS/LLN0$Measurement","929","914","925"
"3526","69.748160385","ipcas_21:73:24","149","1","66","LIED30CTRL/LLN0$Status","1","1","0"
"3527","69.748163583","ipcas_21:73:24","146","1","66","LIED30PROT/LLN0$Alarm","1","",""
"3528","69.748163990","ipcas_21:73:24","200","1","66","LIED30MEAS/LLN0$Measurement","918","924","914"
"3579","70.808550893","ipcas_21:73:24","149","1","67","LIED30CTRL/LLN0$Status","1","1","0"
"3580","70.808623798","ipcas_21:73:24","146","1","67","LIED30PROT/LLN0$Alarm","1","",""
"3581","70.808943022","ipcas_21:73:24","200","1","67","LIED30MEAS/LLN0$Measurement","932","934","920"
"3632","71.863482727","ipcas_21:73:24","149","1","68","LIED30CTRL/LLN0$Status","1","1","0"
"3633","71.863487817","ipcas_21:73:24","146","1","68","LIED30PROT/LLN0$Alarm","1","",""
"3634","71.863488673","ipcas_21:73:24","200","1","68","LIED30MEAS/LLN0$Measurement","927","929","914"
"3685","72.907931857","ipcas_21:73:24","149","1","69","LIED30CTRL/LLN0$Status","1","1","0"
"3686","72.907940808","ipcas_21:73:24","146","1","69","LIED30PROT/LLN0$Alarm","1","",""
"3687","72.925894680","ipcas_21:73:24","200","1","69","LIED30MEAS/LLN0$Measurement","920","914","931"
"3738","73.988806512","ipcas_21:73:24","149","1","70","LIED30CTRL/LLN0$Status","1","1","0"
"3739","73.989001908","ipcas_21:73:24","146","1","70","LIED30PROT/LLN0$Alarm","1","",""
"3740","73.989005619","ipcas_21:73:24","200","1","70","LIED30MEAS/LLN0$Measurement","920","923","923"
"3791","75.069146970","ipcas_21:73:24","149","1","71","LIED30CTRL/LLN0$Status","1","1","0"
"3792","75.069151358","ipcas_21:73:24","146","1","71","LIED30PROT/LLN0$Alarm","1","",""
"3793","75.069151954","ipcas_21:73:24","200","1","71","LIED30MEAS/LLN0$Measurement","918","924","932"
"3844","76.108059044","ipcas_21:73:24","149","1","72","LIED30CTRL/LLN0$Status","1","1","0"
"3845","76.108062761","ipcas_21:73:24","146","1","72","LIED30PROT/LLN0$Alarm","1","",""
"3846","76.108063079","ipcas_21:73:24","200","1","72","LIED30MEAS/LLN0$Measurement","931","914","932"
"3897","77.171037160","ipcas_21:73:24","149","1","73","LIED30CTRL/LLN0$Status","1","1","0"
"3898","77.171369651","ipcas_21:73:24","146","1","73","LIED30PROT/LLN0$Alarm","1","",""
"3899","77.171372695","ipcas_21:73:24","200","1","73","LIED30MEAS/LLN0$Measurement","930","918","926"
"3950","78.209566578","ipcas_21:73:24","149","1","74","LIED30CTRL/LLN0$Status","1","1","0"
"3951","78.209855185","ipcas_21:73:24","146","1","74","LIED30PROT/LLN0$Alarm","1","",""
"3952","78.209857863","ipcas_21:73:24","200","1","74","LIED30MEAS/LLN0$Measurement","919","917","920"
"4003","79.271118059","ipcas_21:73:24","149","1","75","LIED30CTRL/LLN0$Status","1","1","0"
"4004","79.271122478","ipcas_21:73:24","146","1","75","LIED30PROT/LLN0$Alarm","1","",""
"4005","79.271123279","ipcas_21:73:24","200","1","75","LIED30MEAS/LLN0$Measurement","926","929","918"
"4056","80.336176974","ipcas_21:73:24","149","1","76","LIED30CTRL/LLN0$Status","1","1","0"
"4057","80.336182064","ipcas_21:73:24","146","1","76","LIED30PROT/LLN0$Alarm","1","",""
"4058","80.336299277","ipcas_21:73:24","200","1","76","LIED30MEAS/LLN0$Measurement","928","919","921"
"4109","81.400118910","ipcas_21:73:24","149","1","77","LIED30CTRL/LLN0$Status","1","1","0"
"4110","81.400119191","ipcas_21:73:24","146","1","77","LIED30PROT/LLN0$Alarm","1","",""
"4111","81.400119607","ipcas_21:73:24","200","1","77","LIED30MEAS/LLN0$Measurement","931","927","934"
"4162","82.466912506","ipcas_21:73:24","149","1","78","LIED30CTRL/LLN0$Status","1","1","0"
"4163","82.466918493","ipcas_21:73:24","146","1","78","LIED30PROT/LLN0$Alarm","1","",""
"4164","82.466919449","ipcas_21:73:24","200","1","78","LIED30MEAS/LLN0$Measurement","918","916","931"
"4215","83.506033244","ipcas_21:73:24","149","1","79","LIED30CTRL/LLN0$Status","1","1","0"
"4216","83.506037423","ipcas_21:73:24","146","1","79","LIED30PROT/LLN0$Alarm","1","",""
"4217","83.506330634","ipcas_21:73:24","200","1","79","LIED30MEAS/LLN0$Measurement","923","920","932"
"4268","84.560561641","ipcas_21:73:24","149","1","80","LIED30CTRL/LLN0$Status","1","1","0"
"4269","84.560905647","ipcas_21:73:24","146","1","80","LIED30PROT/LLN0$Alarm","1","",""
"4270","84.560908212","ipcas_21:73:24","200","1","80","LIED30MEAS/LLN0$Measurement","929","914","916"
"4321","85.624352983","ipcas_21:73:24","149","1","81","LIED30CTRL/LLN0$Status","1","1","0"
"4322","85.624356956","ipcas_21:73:24","146","1","81","LIED30PROT/LLN0$Alarm","1","",""
"4323","85.624357376","ipcas_21:73:24","200","1","81","LIED30MEAS/LLN0$Measurement","924","921","929"
"4374","86.668452061","ipcas_21:73:24","149","1","82","LIED30CTRL/LLN0$Status","1","1","0"
"4375","86.668452487","ipcas_21:73:24","146","1","82","LIED30PROT/LLN0$Alarm","1","",""
"4376","86.668452889","ipcas_21:73:24","200","1","82","LIED30MEAS/LLN0$Measurement","924","915","927"
"4427","87.748939822","ipcas_21:73:24","149","1","83","LIED30CTRL/LLN0$Status","1","1","0"
"4428","87.748943539","ipcas_21:73:24","146","1","83","LIED30PROT/LLN0$Alarm","1","",""
"4429","87.749196601","ipcas_21:73:24","200","1","83","LIED30MEAS/LLN0$Measurement","929","929","933"
"4480","88.792625976","ipcas_21:73:24","149","1","84","LIED30CTRL/LLN0$Status","1","1","0"
"4481","88.792630272","ipcas_21:73:24","146","1","84","LIED30PROT/LLN0$Alarm","1","",""
"4482","88.792630802","ipcas_21:73:24","200","1","84","LIED30MEAS/LLN0$Measurement","924","933","927"
"4536","89.876801195","ipcas_21:73:24","149","1","85","LIED30CTRL/LLN0$Status","1","1","0"
"4537","89.877014458","ipcas_21:73:24","146","1","85","LIED30PROT/LLN0$Alarm","1","",""
"4538","89.877017852","ipcas_21:73:24","200","1","85","LIED30MEAS/LLN0$Measurement","921","926","921"
"4598","90.948763759","ipcas_21:73:24","149","1","86","LIED30CTRL/LLN0$Status","1","1","0"
"4599","90.948889892","ipcas_21:73:24","146","1","86","LIED30PROT/LLN0$Alarm","1","",""
"4600","90.948960338","ipcas_21:73:24","200","1","86","LIED30MEAS/LLN0$Measurement","915","933","921"
"4654","92.000590249","ipcas_21:73:24","149","1","87","LIED30CTRL/LLN0$Status","1","1","0"
"4655","92.000594178","ipcas_21:73:24","146","1","87","LIED30PROT/LLN0$Alarm","1","",""
"4656","92.000594924","ipcas_21:73:24","200","1","87","LIED30MEAS/LLN0$Measurement","919","922","920"
"4709","93.062034834","ipcas_21:73:24","149","1","88","LIED30CTRL/LLN0$Status","1","1","0"
"4710","93.062035489","ipcas_21:73:24","146","1","88","LIED30PROT/LLN0$Alarm","1","",""
"4711","93.062035841","ipcas_21:73:24","200","1","88","LIED30MEAS/LLN0$Measurement","916","919","917"
"4763","94.118132105","ipcas_21:73:24","149","1","89","LIED30CTRL/LLN0$Status","1","1","0"
"4764","94.118137625","ipcas_21:73:24","146","1","89","LIED30PROT/LLN0$Alarm","1","",""
"4765","94.118138739","ipcas_21:73:24","200","1","89","LIED30MEAS/LLN0$Measurement","919","934","933"
"4819","95.184001271","ipcas_21:73:24","149","1","90","LIED30CTRL/LLN0$Status","1","1","0"
"4820","95.184001942","ipcas_21:73:24","146","1","90","LIED30PROT/LLN0$Alarm","1","",""
"4821","95.184002344","ipcas_21:73:24","200","1","90","LIED30MEAS/LLN0$Measurement","927","926","924"
"4872","96.231715408","ipcas_21:73:24","149","1","91","LIED30CTRL/LLN0$Status","1","1","0"
"4873","96.231719527","ipcas_21:73:24","146","1","91","LIED30PROT/LLN0$Alarm","1","",""
"4874","96.231719968","ipcas_21:73:24","200","1","91","LIED30MEAS/LLN0$Measurement","932","934","920"
"4925","97.275313700","ipcas_21:73:24","149","1","92","LIED30CTRL/LLN0$Status","1","1","0"
"4926","97.275319007","ipcas_21:73:24","146","1","92","LIED30PROT/LLN0$Alarm","1","",""
"4927","97.275319406","ipcas_21:73:24","200","1","92","LIED30MEAS/LLN0$Measurement","927","926","921"
"4980","98.316437086","ipcas_21:73:24","149","1","93","LIED30CTRL/LLN0$Status","1","1","0"
"4981","98.316438253","ipcas_21:73:24","146","1","93","LIED30PROT/LLN0$Alarm","1","",""
"4982","98.316438927","ipcas_21:73:24","200","1","93","LIED30MEAS/LLN0$Measurement","918","924","926"
"5034","99.351853085","ipcas_21:73:24","149","1","94","LIED30CTRL/LLN0$Status","1","1","0"
"5035","99.351854946","ipcas_21:73:24","146","1","94","LIED30PROT/LLN0$Alarm","1","",""
"5036","99.351855546","ipcas_21:73:24","200","1","94","LIED30MEAS/LLN0$Measurement","922","921","918"
"5087","100.391061485","ipcas_21:73:24","149","1","95","LIED30CTRL/LLN0$Status","1","1","0"
"5088","100.391061881","ipcas_21:73:24","146","1","95","LIED30PROT/LLN0$Alarm","1","",""
"5089","100.391062207","ipcas_21:73:24","200","1","95","LIED30MEAS/LLN0$Measurement","929","934","916"
"5140","101.429035534","ipcas_21:73:24","149","1","96","LIED30CTRL/LLN0$Status","1","1","0"
"5141","101.429039610","ipcas_21:73:24","146","1","96","LIED30PROT/LLN0$Alarm","1","",""
"5142","101.429040626","ipcas_21:73:24","200","1","96","LIED30MEAS/LLN0$Measurement","919","925","919"
"5193","102.468684528","ipcas_21:73:24","149","1","97","LIED30CTRL/LLN0$Status","1","1","0"
"5194","102.468688190","ipcas_21:73:24","146","1","97","LIED30PROT/LLN0$Alarm","1","",""
"5195","102.468865266","ipcas_21:73:24","200","1","97","LIED30MEAS/LLN0$Measurement","934","914","924"
"5246","103.527242502","ipcas_21:73:24","149","1","98","LIED30CTRL/LLN0$Status","1","1","0"
"5247","103.527245100","ipcas_21:73:24","146","1","98","LIED30PROT/LLN0$Alarm","1","",""
"5248","103.527245572","ipcas_21:73:24","200","1","98","LIED30MEAS/LLN0$Measurement","933","925","933"
"5299","104.602763092","ipcas_21:73:24","149","1","99","LIED30CTRL/LLN0$Status","1","1","0"
"5300","104.602935246","ipcas_21:73:24","146","1","99","LIED30PROT/LLN0$Alarm","1","",""
"5301","104.602938711","ipcas_21:73:24","200","1","99","LIED30MEAS/LLN0$Measurement","923","928","916"
"5354","105.653208188","ipcas_21:73:24","149","1","100","LIED30CTRL/LLN0$Status","1","1","0"
"5355","105.653217614","ipcas_21:73:24","146","1","100","LIED30PROT/LLN0$Alarm","1","",""
"5356","105.653463056","ipcas_21:73:24","200","1","100","LIED30MEAS/LLN0$Measurement","919","933","927"
"5407","106.718381674","ipcas_21:73:24","149","1","101","LIED30CTRL/LLN0$Status","1","1","0"
"5408","106.718391065","ipcas_21:73:24","146","1","101","LIED30PROT/LLN0$Alarm","1","",""
"5409","106.718610618","ipcas_21:73:24","200","1","101","LIED30MEAS/LLN0$Measurement","933","925","921"
"5460","107.778451580","ipcas_21:73:24","149","1","102","LIED30CTRL/LLN0$Status","1","1","0"
"5461","107.778455375","ipcas_21:73:24","146","1","102","LIED30PROT/LLN0$Alarm","1","",""
"5462","107.778456447","ipcas_21:73:24","200","1","102","LIED30MEAS/LLN0$Measurement","933","928","921"
"5513","108.828550372","ipcas_21:73:24","149","1","103","LIED30CTRL/LLN0$Status","1","1","0"
"5514","108.828553709","ipcas_21:73:24","146","1","103","LIED30PROT/LLN0$Alarm","1","",""
"5515","108.828554286","ipcas_21:73:24","200","1","103","LIED30MEAS/LLN0$Measurement","921","914","925"
"5566","109.896870898","ipcas_21:73:24","149","1","104","LIED30CTRL/LLN0$Status","1","1","0"
"5567","109.896874856","ipcas_21:73:24","146","1","104","LIED30PROT/LLN0$Alarm","1","",""
"5568","109.896875718","ipcas_21:73:24","200","1","104","LIED30MEAS/LLN0$Measurement","927","919","932"
"5619","110.936780214","ipcas_21:73:24","149","1","105","LIED30CTRL/LLN0$Status","1","1","0"
"5620","110.936784317","ipcas_21:73:24","146","1","105","LIED30PROT/LLN0$Alarm","1","",""
"5621","110.936784854","ipcas_21:73:24","200","1","105","LIED30MEAS/LLN0$Measurement","914","920","927"
"5672","111.996947406","ipcas_21:73:24","149","1","106","LIED30CTRL/LLN0$Status","1","1","0"
"5673","111.996953588","ipcas_21:73:24","146","1","106","LIED30PROT/LLN0$Alarm","1","",""
"5674","111.996954315","ipcas_21:73:24","200","1","106","LIED30MEAS/LLN0$Measurement","927","930","925"
"5725","113.046441916","ipcas_21:73:24","149","1","107","LIED30CTRL/LLN0$Status","1","1","0"
"5726","113.046448682","ipcas_21:73:24","146","1","107","LIED30PROT/LLN0$Alarm","1","",""
"5727","113.046449704","ipcas_21:73:24","200","1","107","LIED30MEAS/LLN0$Measurement","933","918","916"
"5778","114.085188745","ipcas_21:73:24","149","1","108","LIED30CTRL/LLN0$Status","1","1","0"
"5779","114.085194983","ipcas_21:73:24","146","1","108","LIED30PROT/LLN0$Alarm","1","",""
"5780","114.085487327","ipcas_21:73:24","200","1","108","LIED30MEAS/LLN0$Measurement","923","923","934"
"5831","115.147650708","ipcas_21:73:24","149","1","109","LIED30CTRL/LLN0$Status","1","1","0"
"5832","115.147657771","ipcas_21:73:24","146","1","109","LIED30PROT/LLN0$Alarm","1","",""
"5833","115.147757749","ipcas_21:73:24","200","1","109","LIED30MEAS/LLN0$Measurement","921","924","917"
"5884","116.198494978","ipcas_21:73:24","149","1","110","LIED30CTRL/LLN0$Status","1","1","0"
"5885","116.198503146","ipcas_21:73:24","146","1","110","LIED30PROT/LLN0$Alarm","1","",""
"5886","116.198503857","ipcas_21:73:24","200","1","110","LIED30MEAS/LLN0$Measurement","926","916","927"
"5937","117.266475868","ipcas_21:73:24","149","1","111","LIED30CTRL/LLN0$Status","1","1","0"
"5938","117.266486921","ipcas_21:73:24","146","1","111","LIED30PROT/LLN0$Alarm","1","",""
"5939","117.266487724","ipcas_21:73:24","200","1","111","LIED30MEAS/LLN0$Measurement","929","928","922"
"5990","118.336845703","ipcas_21:73:24","149","1","112","LIED30CTRL/LLN0$Status","1","1","0"
"5991","118.337132457","ipcas_21:73:24","146","1","112","LIED30PROT/LLN0$Alarm","1","",""
"5992","118.337136885","ipcas_21:73:24","200","1","112","LIED30MEAS/LLN0$Measurement","925","927","916"
"6043","119.387565728","ipcas_21:73:24","149","1","113","LIED30CTRL/LLN0$Status","1","1","0"
"6044","119.387570691","ipcas_21:73:24","146","1","113","LIED30PROT/LLN0$Alarm","1","",""
"6045","119.387571592","ipcas_21:73:24","200","1","113","LIED30MEAS/LLN0$Measurement","920","933","924"
"6096","120.454330581","ipcas_21:73:24","149","1","114","LIED30CTRL/LLN0$Status","1","1","0"
"6097","120.454341882","ipcas_21:73:24","146","1","114","LIED30PROT/LLN0$Alarm","1","",""
"6098","120.454421762","ipcas_21:73:24","200","1","114","LIED30MEAS/LLN0$Measurement","925","925","930"
"6150","121.512853700","ipcas_21:73:24","149","1","115","LIED30CTRL/LLN0$Status","1","1","0"
"6151","121.512861226","ipcas_21:73:24","146","1","115","LIED30PROT/LLN0$Alarm","1","",""
"6152","121.512861649","ipcas_21:73:24","200","1","115","LIED30MEAS/LLN0$Measurement","921","931","920"
"6203","122.579183750","ipcas_21:73:24","149","1","116","LIED30CTRL/LLN0$Status","1","1","0"
"6204","122.579328012","ipcas_21:73:24","146","1","116","LIED30PROT/LLN0$Alarm","1","",""
"6205","122.579613893","ipcas_21:73:24","200","1","116","LIED30MEAS/LLN0$Measurement","914","927","926"
"6257","123.678347428","ipcas_21:73:24","149","1","117","LIED30CTRL/LLN0$Status","1","1","0"
"6258","123.678353325","ipcas_21:73:24","146","1","117","LIED30PROT/LLN0$Alarm","1","",""
"6259","123.678354055","ipcas_21:73:24","200","1","117","LIED30MEAS/LLN0$Measurement","932","929","925"
"6317","124.708159766","ipcas_21:73:24","149","1","118","LIED30CTRL/LLN0$Status","1","1","0"
"6318","124.708160275","ipcas_21:73:24","146","1","118","LIED30PROT/LLN0$Alarm","1","",""
"6319","124.708160764","ipcas_21:73:24","200","1","118","LIED30MEAS/LLN0$Measurement","917","934","930"
"6386","125.765622993","ipcas_21:73:24","149","1","119","LIED30CTRL/LLN0$Status","1","1","0"
"6387","125.765628439","ipcas_21:73:24","146","1","119","LIED30PROT/LLN0$Alarm","1","",""
"6388","125.765628862","ipcas_21:73:24","200","1","119","LIED30MEAS/LLN0$Measurement","917","916","929"
"6469","126.816349871","ipcas_21:73:24","149","1","120","LIED30CTRL/LLN0$Status","1","1","0"
"6470","126.816351796","ipcas_21:73:24","146","1","120","LIED30PROT/LLN0$Alarm","1","",""
"6471","126.816352303","ipcas_21:73:24","200","1","120","LIED30MEAS/LLN0$Measurement","928","922","915"
"6550","127.864200370","ipcas_21:73:24","149","1","121","LIED30CTRL/LLN0$Status","1","1","0"
"6551","127.864204842","ipcas_21:73:24","146","1","121","LIED30PROT/LLN0$Alarm","1","",""
"6552","127.864205554","ipcas_21:73:24","200","1","121","LIED30MEAS/LLN0$Measurement","920","930","922"
"6627","128.919263761","ipcas_21:73:24","149","1","122","LIED30CTRL/LLN0$Status","1","1","0"
"6628","128.919576762","ipcas_21:73:24","146","1","122","LIED30PROT/LLN0$Alarm","1","",""
"6629","128.919827947","ipcas_21:73:24","200","1","122","LIED30MEAS/LLN0$Measurement","914","914","929"
"6732","129.961072098","ipcas_21:73:24","149","1","123","LIED30CTRL/LLN0$Status","1","1","0"
"6733","129.961072940","ipcas_21:73:24","146","1","123","LIED30PROT/LLN0$Alarm","1","",""
"6734","129.961074007","ipcas_21:73:24","200","1","123","LIED30MEAS/LLN0$Measurement","925","925","929"
"6813","131.033928208","ipcas_21:73:24","149","1","124","LIED30CTRL/LLN0$Status","1","1","0"
"6814","131.033932538","ipcas_21:73:24","146","1","124","LIED30PROT/LLN0$Alarm","1","",""
"6815","131.034219356","ipcas_21:73:24","200","1","124","LIED30MEAS/LLN0$Measurement","918","931","916"
"6872","132.101877802","ipcas_21:73:24","149","1","125","LIED30CTRL/LLN0$Status","1","1","0"
"6873","132.101883602","ipcas_21:73:24","146","1","125","LIED30PROT/LLN0$Alarm","1","",""
"6874","132.101884522","ipcas_21:73:24","200","1","125","LIED30MEAS/LLN0$Measurement","919","929","934"
"6935","133.158689185","ipcas_21:73:24","149","1","126","LIED30CTRL/LLN0$Status","1","1","0"
"6936","133.158693497","ipcas_21:73:24","146","1","126","LIED30PROT/LLN0$Alarm","1","",""
"6937","133.158693973","ipcas_21:73:24","200","1","126","LIED30MEAS/LLN0$Measurement","927","919","934"
"6999","134.235136574","ipcas_21:73:24","149","1","127","LIED30CTRL/LLN0$Status","1","1","0"
"7000","134.235140704","ipcas_21:73:24","146","1","127","LIED30PROT/LLN0$Alarm","1","",""
"7001","134.235141251","ipcas_21:73:24","200","1","127","LIED30MEAS/LLN0$Measurement","925","932","927"
"7061","135.318674086","ipcas_21:73:24","150","1","128","LIED30CTRL/LLN0$Status","1","1","0"
"7062","135.318921664","ipcas_21:73:24","147","1","128","LIED30PROT/LLN0$Alarm","1","",""
"7063","135.319142787","ipcas_21:73:24","201","1","128","LIED30MEAS/LLN0$Measurement","925","922","931"
"7134","136.378690807","ipcas_21:73:24","150","1","129","LIED30CTRL/LLN0$Status","1","1","0"
"7135","136.378691629","ipcas_21:73:24","147","1","129","LIED30PROT/LLN0$Alarm","1","",""
"7136","136.378692342","ipcas_21:73:24","201","1","129","LIED30MEAS/LLN0$Measurement","932","916","926"
"7210","137.473306546","ipcas_21:73:24","150","1","130","LIED30CTRL/LLN0$Status","1","1","0"
"7211","137.473310264","ipcas_21:73:24","147","1","130","LIED30PROT/LLN0$Alarm","1","",""
"7212","137.473310746","ipcas_21:73:24","201","1","130","LIED30MEAS/LLN0$Measurement","926","928","932"
"7271","138.516357983","ipcas_21:73:24","150","1","131","LIED30CTRL/LLN0$Status","1","1","0"
"7272","138.516367923","ipcas_21:73:24","147","1","131","LIED30PROT/LLN0$Alarm","1","",""
"7273","138.516905404","ipcas_21:73:24","201","1","131","LIED30MEAS/LLN0$Measurement","916","922","914"
"7328","139.560498679","ipcas_21:73:24","150","1","132","LIED30CTRL/LLN0$Status","1","1","0"
"7329","139.560501970","ipcas_21:73:24","147","1","132","LIED30PROT/LLN0$Alarm","1","",""
"7330","139.560502569","ipcas_21:73:24","201","1","132","LIED30MEAS/LLN0$Measurement","924","915","915"
"7384","140.604802343","ipcas_21:73:24","150","1","133","LIED30CTRL/LLN0$Status","1","1","0"
"7385","140.604806595","ipcas_21:73:24","147","1","133","LIED30PROT/LLN0$Alarm","1","",""
"7386","140.605081005","ipcas_21:73:24","201","1","133","LIED30MEAS/LLN0$Measurement","917","926","933"
"7439","141.635915216","ipcas_21:73:24","150","1","134","LIED30CTRL/LLN0$Status","1","1","0"
"7440","141.635915831","ipcas_21:73:24","147","1","134","LIED30PROT/LLN0$Alarm","1","",""
"7441","141.635916454","ipcas_21:73:24","201","1","134","LIED30MEAS/LLN0$Measurement","932","926","918"
"7492","142.674041792","ipcas_21:73:24","150","1","135","LIED30CTRL/LLN0$Status","1","1","0"
"7493","142.674051450","ipcas_21:73:24","147","1","135","LIED30PROT/LLN0$Alarm","1","",""
"7494","142.674052733","ipcas_21:73:24","201","1","135","LIED30MEAS/LLN0$Measurement","924","915","922"
"7547","143.731186830","ipcas_21:73:24","150","1","136","LIED30CTRL/LLN0$Status","1","1","0"
"7548","143.731195556","ipcas_21:73:24","147","1","136","LIED30PROT/LLN0$Alarm","1","",""
"7549","143.731534544","ipcas_21:73:24","201","1","136","LIED30MEAS/LLN0$Measurement","923","932","923"
"7608","144.805868984","ipcas_21:73:24","150","1","137","LIED30CTRL/LLN0$Status","1","1","0"
"7609","144.806134206","ipcas_21:73:24","147","1","137","LIED30PROT/LLN0$Alarm","1","",""
"7610","144.806137244","ipcas_21:73:24","201","1","137","LIED30MEAS/LLN0$Measurement","915","925","922"
"7663","145.873846901","ipcas_21:73:24","150","1","138","LIED30CTRL/LLN0$Status","1","1","0"
"7664","145.874043535","ipcas_21:73:24","147","1","138","LIED30PROT/LLN0$Alarm","1","",""
"7665","145.874046886","ipcas_21:73:24","201","1","138","LIED30MEAS/LLN0$Measurement","919","928","919"
"7704","146.936445805","ipcas_21:73:24","150","1","139","LIED30CTRL/LLN0$Status","1","1","0"
"7705","146.936446306","ipcas_21:73:24","147","1","139","LIED30PROT/LLN0$Alarm","1","",""
"7706","146.936446837","ipcas_21:73:24","201","1","139","LIED30MEAS/LLN0$Measurement","922","923","930"
"7771","148.010877670","ipcas_21:73:24","150","1","140","LIED30CTRL/LLN0$Status","1","1","0"
"7772","148.010886937","ipcas_21:73:24","147","1","140","LIED30PROT/LLN0$Alarm","1","",""
"7773","148.010887355","ipcas_21:73:24","201","1","140","LIED30MEAS/LLN0$Measurement","933","928","932"
"7826","149.063831914","ipcas_21:73:24","150","1","141","LIED30CTRL/LLN0$Status","1","1","0"
"7827","149.063832839","ipcas_21:73:24","147","1","141","LIED30PROT/LLN0$Alarm","1","",""
"7828","149.063833224","ipcas_21:73:24","201","1","141","LIED30MEAS/LLN0$Measurement","915","932","916"
"7880","150.092549666","ipcas_21:73:24","150","1","142","LIED30CTRL/LLN0$Status","1","1","0"
"7881","150.092558779","ipcas_21:73:24","147","1","142","LIED30PROT/LLN0$Alarm","1","",""
"7882","150.092715589","ipcas_21:73:24","201","1","142","LIED30MEAS/LLN0$Measurement","931","916","923"
"7933","151.158618384","ipcas_21:73:24","150","1","143","LIED30CTRL/LLN0$Status","1","1","0"
"7934","151.158974107","ipcas_21:73:24","147","1","143","LIED30PROT/LLN0$Alarm","1","",""
"7935","151.158978317","ipcas_21:73:24","201","1","143","LIED30MEAS/LLN0$Measurement","931","914","920"
"7987","152.197253407","ipcas_21:73:24","150","1","144","LIED30CTRL/LLN0$Status","1","1","0"
"7988","152.197256944","ipcas_21:73:24","147","1","144","LIED30PROT/LLN0$Alarm","1","",""
"7989","152.197658919","ipcas_21:73:24","201","1","144","LIED30MEAS/LLN0$Measurement","933","931","926"
"8042","153.249741479","ipcas_21:73:24","150","1","145","LIED30CTRL/LLN0$Status","1","1","0"
"8043","153.249749081","ipcas_21:73:24","147","1","145","LIED30PROT/LLN0$Alarm","1","",""
"8044","153.250395305","ipcas_21:73:24","201","1","145","LIED30MEAS/LLN0$Measurement","924","929","918"
"8095","154.294708397","ipcas_21:73:24","150","1","146","LIED30CTRL/LLN0$Status","1","1","0"
"8096","154.294712804","ipcas_21:73:24","147","1","146","LIED30PROT/LLN0$Alarm","1","",""
"8097","154.294713334","ipcas_21:73:24","201","1","146","LIED30MEAS/LLN0$Measurement","914","918","932"
"8148","155.324884065","ipcas_21:73:24","150","1","147","LIED30CTRL/LLN0$Status","1","1","0"
"8149","155.324892422","ipcas_21:73:24","147","1","147","LIED30PROT/LLN0$Alarm","1","",""
"8150","155.324893146","ipcas_21:73:24","201","1","147","LIED30MEAS/LLN0$Measurement","922","924","926"
"8227","156.364825263","ipcas_21:73:24","150","1","148","LIED30CTRL/LLN0$Status","1","1","0"
"8228","156.364999280","ipcas_21:73:24","147","1","148","LIED30PROT/LLN0$Alarm","1","",""
"8229","156.365272615","ipcas_21:73:24","201","1","148","LIED30MEAS/LLN0$Measurement","927","933","922"
"8309","157.427165323","ipcas_21:73:24","150","1","149","LIED30CTRL/LLN0$Status","1","1","0"
"8310","157.427530713","ipcas_21:73:24","147","1","149","LIED30PROT/LLN0$Alarm","1","",""
"8311","157.427714691","ipcas_21:73:24","201","1","149","LIED30MEAS/LLN0$Measurement","921","932","925"
"8432","158.473329874","ipcas_21:73:24","150","1","150","LIED30CTRL/LLN0$Status","1","1","0"
"8433","158.473705778","ipcas_21:73:24","147","1","150","LIED30PROT/LLN0$Alarm","1","",""
"8434","158.474028891","ipcas_21:73:24","201","1","150","LIED30MEAS/LLN0$Measurement","916","926","927"
"8532","159.543911541","ipcas_21:73:24","150","1","151","LIED30CTRL/LLN0$Status","1","1","0"
"8533","159.543917317","ipcas_21:73:24","147","1","151","LIED30PROT/LLN0$Alarm","1","",""
"8534","159.544134156","ipcas_21:73:24","201","1","151","LIED30MEAS/LLN0$Measurement","933","929","921"
"8603","160.587845708","ipcas_21:73:24","150","1","152","LIED30CTRL/LLN0$Status","1","1","0"
"8604","160.587849381","ipcas_21:73:24","147","1","152","LIED30PROT/LLN0$Alarm","1","",""
"8605","160.587850024","ipcas_21:73:24","201","1","152","LIED30MEAS/LLN0$Measurement","917","921","916"
"8663","161.646274964","ipcas_21:73:24","150","1","153","LIED30CTRL/LLN0$Status","1","1","0"
"8664","161.646278687","ipcas_21:73:24","147","1","153","LIED30PROT/LLN0$Alarm","1","",""
"8665","161.646406708","ipcas_21:73:24","201","1","153","LIED30MEAS/LLN0$Measurement","933","928","920"
"8739","162.701743223","ipcas_21:73:24","150","1","154","LIED30CTRL/LLN0$Status","1","1","0"
"8740","162.701752578","ipcas_21:73:24","147","1","154","LIED30PROT/LLN0$Alarm","1","",""
"8741","162.701824356","ipcas_21:73:24","201","1","154","LIED30MEAS/LLN0$Measurement","919","919","920"
"8798","163.762900257","ipcas_21:73:24","150","1","155","LIED30CTRL/LLN0$Status","1","1","0"
"8799","163.762947632","ipcas_21:73:24","147","1","155","LIED30PROT/LLN0$Alarm","1","",""
"8800","163.762949587","ipcas_21:73:24","201","1","155","LIED30MEAS/LLN0$Measurement","926","931","927"
"8855","164.830451022","ipcas_21:73:24","150","1","156","LIED30CTRL/LLN0$Status","1","1","0"
"8856","164.830460377","ipcas_21:73:24","147","1","156","LIED30PROT/LLN0$Alarm","1","",""
"8857","164.830461250","ipcas_21:73:24","201","1","156","LIED30MEAS/LLN0$Measurement","921","914","929"
"8912","165.900180325","ipcas_21:73:24","150","1","157","LIED30CTRL/LLN0$Status","1","1","0"
"8913","165.900422371","ipcas_21:73:24","147","1","157","LIED30PROT/LLN0$Alarm","1","",""
"8914","165.900638723","ipcas_21:73:24","201","1","157","LIED30MEAS/LLN0$Measurement","930","932","917"
"8976","166.969137764","ipcas_21:73:24","150","1","158","LIED30CTRL/LLN0$Status","1","1","0"
"8977","166.969142012","ipcas_21:73:24","147","1","158","LIED30PROT/LLN0$Alarm","1","",""
"8978","166.969142413","ipcas_21:73:24","201","1","158","LIED30MEAS/LLN0$Measurement","924","930","920"
"9032","168.022950589","ipcas_21:73:24","150","1","159","LIED30CTRL/LLN0$Status","1","1","0"
"9033","168.022954835","ipcas_21:73:24","147","1","159","LIED30PROT/LLN0$Alarm","1","",""
"9034","168.022955354","ipcas_21:73:24","201","1","159","LIED30MEAS/LLN0$Measurement","933","931","919"
"9089","169.088373802","ipcas_21:73:24","150","1","160","LIED30CTRL/LLN0$Status","1","1","0"
"9090","169.089343618","ipcas_21:73:24","147","1","160","LIED30PROT/LLN0$Alarm","1","",""
"9091","169.089348383","ipcas_21:73:24","201","1","160","LIED30MEAS/LLN0$Measurement","934","917","917"
"9158","170.137778688","ipcas_21:73:24","150","1","161","LIED30CTRL/LLN0$Status","1","1","0"
"9159","170.138037345","ipcas_21:73:24","147","1","161","LIED30PROT/LLN0$Alarm","1","",""
"9160","170.138041002","ipcas_21:73:24","201","1","161","LIED30MEAS/LLN0$Measurement","924","922","918"
"9249","171.187570727","ipcas_21:73:24","150","1","162","LIED30CTRL/LLN0$Status","1","1","0"
"9250","171.187571204","ipcas_21:73:24","147","1","162","LIED30PROT/LLN0$Alarm","1","",""
"9251","171.187572012","ipcas_21:73:24","201","1","162","LIED30MEAS/LLN0$Measurement","915","915","923"
"9352","172.220763944","ipcas_21:73:24","150","1","163","LIED30CTRL/LLN0$Status","1","1","0"
"9353","172.220773431","ipcas_21:73:24","147","1","163","LIED30PROT/LLN0$Alarm","1","",""
"9354","172.220773994","ipcas_21:73:24","201","1","163","LIED30MEAS/LLN0$Measurement","916","915","914"
"9456","173.284273949","ipcas_21:73:24","150","1","164","LIED30CTRL/LLN0$Status","1","1","0"
"9457","173.284341688","ipcas_21:73:24","147","1","164","LIED30PROT/LLN0$Alarm","1","",""
"9458","173.284475506","ipcas_21:73:24","201","1","164","LIED30MEAS/LLN0$Measurement","931","924","921"
"9552","174.359707515","ipcas_21:73:24","150","1","165","LIED30CTRL/LLN0$Status","1","1","0"
"9553","174.359714391","ipcas_21:73:24","147","1","165","LIED30PROT/LLN0$Alarm","1","",""
"9554","174.359715094","ipcas_21:73:24","201","1","165","LIED30MEAS/LLN0$Measurement","927","928","915"
"9667","175.408205398","ipcas_21:73:24","150","1","166","LIED30CTRL/LLN0$Status","1","1","0"
"9668","175.408209177","ipcas_21:73:24","147","1","166","LIED30PROT/LLN0$Alarm","1","",""
"9669","175.408210100","ipcas_21:73:24","201","1","166","LIED30MEAS/LLN0$Measurement","925","914","923"
"9744","176.471370165","ipcas_21:73:24","150","1","167","LIED30CTRL/LLN0$Status","1","1","0"
"9745","176.471380814","ipcas_21:73:24","147","1","167","LIED30PROT/LLN0$Alarm","1","",""
"9746","176.471381513","ipcas_21:73:24","201","1","167","LIED30MEAS/LLN0$Measurement","918","918","918"
"9806","177.522801872","ipcas_21:73:24","150","1","168","LIED30CTRL/LLN0$Status","1","1","0"
"9807","177.522808081","ipcas_21:73:24","147","1","168","LIED30PROT/LLN0$Alarm","1","",""
"9808","177.522938866","ipcas_21:73:24","201","1","168","LIED30MEAS/LLN0$Measurement","922","926","925"
"9866","178.555888876","ipcas_21:73:24","150","1","169","LIED30CTRL/LLN0$Status","1","1","0"
"9867","178.555902944","ipcas_21:73:24","147","1","169","LIED30PROT/LLN0$Alarm","1","",""
"9868","178.555904519","ipcas_21:73:24","201","1","169","LIED30MEAS/LLN0$Measurement","927","932","923"
"9936","179.608180559","ipcas_21:73:24","150","1","170","LIED30CTRL/LLN0$Status","1","1","0"
"9937","179.608184470","ipcas_21:73:24","147","1","170","LIED30PROT/LLN0$Alarm","1","",""
"9938","179.608185206","ipcas_21:73:24","201","1","170","LIED30MEAS/LLN0$Measurement","926","924","932"
"9995","180.650521525","ipcas_21:73:24","150","1","171","LIED30CTRL/LLN0$Status","1","1","0"
"9996","180.650529249","ipcas_21:73:24","147","1","171","LIED30PROT/LLN0$Alarm","1","",""
"9997","180.650530240","ipcas_21:73:24","201","1","171","LIED30MEAS/LLN0$Measurement","920","929","926"
"10062","181.729768195","ipcas_21:73:24","150","1","172","LIED30CTRL/LLN0$Status","1","1","0"
"10063","181.729862296","ipcas_21:73:24","147","1","172","LIED30PROT/LLN0$Alarm","1","",""
"10064","181.729865238","ipcas_21:73:24","201","1","172","LIED30MEAS/LLN0$Measurement","923","924","930"
"10130","182.792199140","ipcas_21:73:24","150","1","173","LIED30CTRL/LLN0$Status","1","1","0"
"10131","182.792206811","ipcas_21:73:24","147","1","173","LIED30PROT/LLN0$Alarm","1","",""
"10132","182.792208291","ipcas_21:73:24","201","1","173","LIED30MEAS/LLN0$Measurement","930","914","917"
"10187","183.835223887","ipcas_21:73:24","150","1","174","LIED30CTRL/LLN0$Status","1","1","0"
"10188","183.835229458","ipcas_21:73:24","147","1","174","LIED30PROT/LLN0$Alarm","1","",""
"10189","183.835230590","ipcas_21:73:24","201","1","174","LIED30MEAS/LLN0$Measurement","933","929","918"
"10244","184.955061189","ipcas_21:73:24","150","1","175","LIED30CTRL/LLN0$Status","1","1","0"
"10245","184.955276834","ipcas_21:73:24","147","1","175","LIED30PROT/LLN0$Alarm","1","",""
"10246","184.955280280","ipcas_21:73:24","201","1","175","LIED30MEAS/LLN0$Measurement","933","933","929"
"10301","185.997817768","ipcas_21:73:24","150","1","176","LIED30CTRL/LLN0$Status","1","1","0"
"10302","185.997818252","ipcas_21:73:24","147","1","176","LIED30PROT/LLN0$Alarm","1","",""
"10303","185.997818694","ipcas_21:73:24","201","1","176","LIED30MEAS/LLN0$Measurement","915","929","920"
"10358","187.053959800","ipcas_21:73:24","150","1","177","LIED30CTRL/LLN0$Status","1","1","0"
"10359","187.053965480","ipcas_21:73:24","147","1","177","LIED30PROT/LLN0$Alarm","1","",""
"10360","187.053966161","ipcas_21:73:24","201","1","177","LIED30MEAS/LLN0$Measurement","921","921","924"
"10411","188.113026984","ipcas_21:73:24","150","1","178","LIED30CTRL/LLN0$Status","1","1","0"
"10412","188.113030147","ipcas_21:73:24","147","1","178","LIED30PROT/LLN0$Alarm","1","",""
"10413","188.113030598","ipcas_21:73:24","201","1","178","LIED30MEAS/LLN0$Measurement","924","916","920"
"10468","189.174807415","ipcas_21:73:24","150","1","179","LIED30CTRL/LLN0$Status","1","1","0"
"10469","189.174811231","ipcas_21:73:24","147","1","179","LIED30PROT/LLN0$Alarm","1","",""
"10470","189.174811615","ipcas_21:73:24","201","1","179","LIED30MEAS/LLN0$Measurement","923","919","915"
"10533","190.285573513","ipcas_21:73:24","150","1","180","LIED30CTRL/LLN0$Status","1","1","0"
"10534","190.285583315","ipcas_21:73:24","147","1","180","LIED30PROT/LLN0$Alarm","1","",""
"10535","190.285584050","ipcas_21:73:24","201","1","180","LIED30MEAS/LLN0$Measurement","915","916","927"
"10588","191.332059549","ipcas_21:73:24","150","1","181","LIED30CTRL/LLN0$Status","1","1","0"
"10589","191.332063761","ipcas_21:73:24","147","1","181","LIED30PROT/LLN0$Alarm","1","",""
"10590","191.332246457","ipcas_21:73:24","201","1","181","LIED30MEAS/LLN0$Measurement","925","923","916"
"10644","192.392849596","ipcas_21:73:24","150","1","182","LIED30CTRL/LLN0$Status","1","1","0"
"10645","192.392850573","ipcas_21:73:24","147","1","182","LIED30PROT/LLN0$Alarm","1","",""
"10646","192.392851039","ipcas_21:73:24","201","1","182","LIED30MEAS/LLN0$Measurement","929","927","931"
"10700","193.453083934","ipcas_21:73:24","150","1","183","LIED30CTRL/LLN0$Status","1","1","0"
"10701","193.453438083","ipcas_21:73:24","147","1","183","LIED30PROT/LLN0$Alarm","1","",""
"10702","193.453691042","ipcas_21:73:24","201","1","183","LIED30MEAS/LLN0$Measurement","926","927","922"
"10753","194.507196332","ipcas_21:73:24","150","1","184","LIED30CTRL/LLN0$Status","1","1","0"
"10754","194.507202871","ipcas_21:73:24","147","1","184","LIED30PROT/LLN0$Alarm","1","",""
"10755","194.507203277","ipcas_21:73:24","201","1","184","LIED30MEAS/LLN0$Measurement","918","918","915"
"10808","195.569687960","ipcas_21:73:24","150","1","185","LIED30CTRL/LLN0$Status","1","1","0"
"10809","195.569692911","ipcas_21:73:24","147","1","185","LIED30PROT/LLN0$Alarm","1","",""
"10810","195.569693566","ipcas_21:73:24","201","1","185","LIED30MEAS/LLN0$Measurement","923","916","925"
"10863","196.624518513","ipcas_21:73:24","150","1","186","LIED30CTRL/LLN0$Status","1","1","0"
"10864","196.624524916","ipcas_21:73:24","147","1","186","LIED30PROT/LLN0$Alarm","1","",""
"10865","196.624525312","ipcas_21:73:24","201","1","186","LIED30MEAS/LLN0$Measurement","920","914","929"
"10916","197.678395330","ipcas_21:73:24","150","1","187","LIED30CTRL/LLN0$Status","1","1","0"
"10917","197.678399604","ipcas_21:73:24","147","1","187","LIED30PROT/LLN0$Alarm","1","",""
"10918","197.678400157","ipcas_21:73:24","201","1","187","LIED30MEAS/LLN0$Measurement","926","931","917"
"10970","198.729509255","ipcas_21:73:24","150","1","188","LIED30CTRL/LLN0$Status","1","1","0"
"10971","198.729510077","ipcas_21:73:24","147","1","188","LIED30PROT/LLN0$Alarm","1","",""
"10972","198.729510858","ipcas_21:73:24","201","1","188","LIED30MEAS/LLN0$Measurement","930","924","915"
"11024","199.766155929","ipcas_21:73:24","150","1","189","LIED30CTRL/LLN0$Status","1","1","0"
"11025","199.766156250","ipcas_21:73:24","147","1","189","LIED30PROT/LLN0$Alarm","1","",""
"11026","199.766156932","ipcas_21:73:24","201","1","189","LIED30MEAS/LLN0$Measurement","919","926","924"
"11078","200.823767596","ipcas_21:73:24","150","1","190","LIED30CTRL/LLN0$Status","1","1","0"
"11079","200.823871812","ipcas_21:73:24","147","1","190","LIED30PROT/LLN0$Alarm","1","",""
"11080","200.823874395","ipcas_21:73:24","201","1","190","LIED30MEAS/LLN0$Measurement","922","914","925"
"11169","201.878631613","ipcas_21:73:24","150","1","191","LIED30CTRL/LLN0$Status","1","1","0"
"11170","201.878910034","ipcas_21:73:24","147","1","191","LIED30PROT/LLN0$Alarm","1","",""
"11171","201.878913063","ipcas_21:73:24","201","1","191","LIED30MEAS/LLN0$Measurement","924","927","920"
"11250","202.905451765","ipcas_21:73:24","150","1","192","LIED30CTRL/LLN0$Status","1","1","0"
"11251","202.905455459","ipcas_21:73:24","147","1","192","LIED30PROT/LLN0$Alarm","1","",""
"11252","202.905456377","ipcas_21:73:24","201","1","192","LIED30MEAS/LLN0$Measurement","922","921","914"
"11378","203.967501543","ipcas_21:73:24","150","1","193","LIED30CTRL/LLN0$Status","1","1","0"
"11379","203.967712906","ipcas_21:73:24","147","1","193","LIED30PROT/LLN0$Alarm","1","",""
"11380","203.967717222","ipcas_21:73:24","201","1","193","LIED30MEAS/LLN0$Measurement","914","923","934"
"11468","204.999930012","ipcas_21:73:24","150","1","194","LIED30CTRL/LLN0$Status","1","1","0"
"11469","204.999934005","ipcas_21:73:24","147","1","194","LIED30PROT/LLN0$Alarm","1","",""
"11470","204.999934438","ipcas_21:73:24","201","1","194","LIED30MEAS/LLN0$Measurement","928","914","921"
"11538","206.074475100","ipcas_21:73:24","150","1","195","LIED30CTRL/LLN0$Status","1","1","0"
"11539","206.074484030","ipcas_21:73:24","147","1","195","LIED30PROT/LLN0$Alarm","1","",""
"11540","206.074485197","ipcas_21:73:24","201","1","195","LIED30MEAS/LLN0$Measurement","922","934","932"
"11608","207.127508938","ipcas_21:73:24","150","1","196","LIED30CTRL/LLN0$Status","1","1","0"
"11609","207.127509358","ipcas_21:73:24","147","1","196","LIED30PROT/LLN0$Alarm","1","",""
"11610","207.127509685","ipcas_21:73:24","201","1","196","LIED30MEAS/LLN0$Measurement","916","926","926"
"11668","208.158339121","ipcas_21:73:24","150","1","197","LIED30CTRL/LLN0$Status","1","1","0"
"11669","208.158480195","ipcas_21:73:24","147","1","197","LIED30PROT/LLN0$Alarm","1","",""
"11670","208.158619075","ipcas_21:73:24","201","1","197","LIED30MEAS/LLN0$Measurement","922","926","917"
"11725","209.230228485","ipcas_21:73:24","150","1","198","LIED30CTRL/LLN0$Status","1","1","0"
"11726","209.230235482","ipcas_21:73:24","147","1","198","LIED30PROT/LLN0$Alarm","1","",""
"11727","209.230236493","ipcas_21:73:24","201","1","198","LIED30MEAS/LLN0$Measurement","917","926","926"
"11782","210.313572623","ipcas_21:73:24","150","1","199","LIED30CTRL/LLN0$Status","1","1","0"
"11783","210.313788205","ipcas_21:73:24","147","1","199","LIED30PROT/LLN0$Alarm","1","",""
"11784","210.313937529","ipcas_21:73:24","201","1","199","LIED30MEAS/LLN0$Measurement","929","930","931"
"11847","211.373101190","ipcas_21:73:24","150","1","200","LIED30CTRL/LLN0$Status","1","1","0"
"11848","211.373757110","ipcas_21:73:24","147","1","200","LIED30PROT/LLN0$Alarm","1","",""
"11849","211.373761211","ipcas_21:73:24","201","1","200","LIED30MEAS/LLN0$Measurement","914","927","916"
"11905","212.449519894","ipcas_21:73:24","150","1","201","LIED30CTRL/LLN0$Status","1","1","0"
"11906","212.449527291","ipcas_21:73:24","147","1","201","LIED30PROT/LLN0$Alarm","1","",""
"11907","212.449846823","ipcas_21:73:24","201","1","201","LIED30MEAS/LLN0$Measurement","916","923","923"
"11960","213.500590664","ipcas_21:73:24","150","1","202","LIED30CTRL/LLN0$Status","1","1","0"
"11961","213.500978619","ipcas_21:73:24","147","1","202","LIED30PROT/LLN0$Alarm","1","",""
"11962","213.500982985","ipcas_21:73:24","201","1","202","LIED30MEAS/LLN0$Measurement","918","918","929"
"12017","214.563700478","ipcas_21:73:24","150","1","203","LIED30CTRL/LLN0$Status","1","1","0"
"12018","214.563704333","ipcas_21:73:24","147","1","203","LIED30PROT/LLN0$Alarm","1","",""
"12019","214.563704874","ipcas_21:73:24","201","1","203","LIED30MEAS/LLN0$Measurement","931","933","924"
"12088","215.646241253","ipcas_21:73:24","150","1","204","LIED30CTRL/LLN0$Status","1","1","0"
"12089","215.646241912","ipcas_21:73:24","147","1","204","LIED30PROT/LLN0$Alarm","1","",""
"12090","215.646242473","ipcas_21:73:24","201","1","204","LIED30MEAS/LLN0$Measurement","921","915","921"
"12197","216.689313455","ipcas_21:73:24","150","1","205","LIED30CTRL/LLN0$Status","1","1","0"
"12198","216.689557160","ipcas_21:73:24","147","1","205","LIED30PROT/LLN0$Alarm","1","",""
"12199","216.689688899","ipcas_21:73:24","201","1","205","LIED30MEAS/LLN0$Measurement","916","922","921"
"12281","217.770292272","ipcas_21:73:24","150","1","206","LIED30CTRL/LLN0$Status","1","1","0"
"12282","217.770295984","ipcas_21:73:24","147","1","206","LIED30PROT/LLN0$Alarm","1","",""
"12283","217.770296825","ipcas_21:73:24","201","1","206","LIED30MEAS/LLN0$Measurement","918","931","930"
"12348","218.858588523","ipcas_21:73:24","150","1","207","LIED30CTRL/LLN0$Status","1","1","0"
"12349","218.858588891","ipcas_21:73:24","147","1","207","LIED30PROT/LLN0$Alarm","1","",""
"12350","218.858589332","ipcas_21:73:24","201","1","207","LIED30MEAS/LLN0$Measurement","923","920","926"
"12433","219.927310993","ipcas_21:73:24","150","1","208","LIED30CTRL/LLN0$Status","1","1","0"
"12434","219.927315113","ipcas_21:73:24","147","1","208","LIED30PROT/LLN0$Alarm","1","",""
"12435","219.927315787","ipcas_21:73:24","201","1","208","LIED30MEAS/LLN0$Measurement","921","928","915"
"12544","221.035301805","ipcas_21:73:24","150","1","209","LIED30CTRL/LLN0$Status","1","1","0"
"12545","221.035309586","ipcas_21:73:24","147","1","209","LIED30PROT/LLN0$Alarm","1","",""
"12546","221.035310481","ipcas_21:73:24","201","1","209","LIED30MEAS/LLN0$Measurement","914","934","918"
"12649","222.082461562","ipcas_21:73:24","150","1","210","LIED30CTRL/LLN0$Status","1","1","0"
"12650","222.082468785","ipcas_21:73:24","147","1","210","LIED30PROT/LLN0$Alarm","1","",""
"12651","222.082469406","ipcas_21:73:24","201","1","210","LIED30MEAS/LLN0$Measurement","933","918","926"
"12711","223.167062263","ipcas_21:73:24","150","1","211","LIED30CTRL/LLN0$Status","1","1","0"
"12712","223.167071203","ipcas_21:73:24","147","1","211","LIED30PROT/LLN0$Alarm","1","",""
"12713","223.167071828","ipcas_21:73:24","201","1","211","LIED30MEAS/LLN0$Measurement","918","927","929"
"12778","224.238730150","ipcas_21:73:24","150","1","212","LIED30CTRL/LLN0$Status","1","1","0"
"12779","224.238777033","ipcas_21:73:24","147","1","212","LIED30PROT/LLN0$Alarm","1","",""
"12780","224.238778183","ipcas_21:73:24","201","1","212","LIED30MEAS/LLN0$Measurement","934","919","916"
"12846","225.287786973","ipcas_21:73:24","150","1","213","LIED30CTRL/LLN0$Status","1","1","0"
"12847","225.287791897","ipcas_21:73:24","147","1","213","LIED30PROT/LLN0$Alarm","1","",""
"12848","225.287792632","ipcas_21:73:24","201","1","213","LIED30MEAS/LLN0$Measurement","928","922","922"
"12910","226.330713087","ipcas_21:73:24","150","1","214","LIED30CTRL/LLN0$Status","1","1","0"
"12911","226.330914405","ipcas_21:73:24","147","1","214","LIED30PROT/LLN0$Alarm","1","",""
"12912","226.330917985","ipcas_21:73:24","201","1","214","LIED30MEAS/LLN0$Measurement","928","928","918"
"12969","227.387579940","ipcas_21:73:24","150","1","215","LIED30CTRL/LLN0$Status","1","1","0"
"12970","227.387583430","ipcas_21:73:24","147","1","215","LIED30PROT/LLN0$Alarm","1","",""
"12971","227.387583932","ipcas_21:73:24","201","1","215","LIED30MEAS/LLN0$Measurement","923","921","929"
"13032","228.453041448","ipcas_21:73:24","150","1","216","LIED30CTRL/LLN0$Status","1","1","0"
"13033","228.453045652","ipcas_21:73:24","147","1","216","LIED30PROT/LLN0$Alarm","1","",""
"13034","228.453479206","ipcas_21:73:24","201","1","216","LIED30MEAS/LLN0$Measurement","925","920","925"
"13093","229.535163930","ipcas_21:73:24","150","1","217","LIED30CTRL/LLN0$Status","1","1","0"
"13094","229.535174944","ipcas_21:73:24","147","1","217","LIED30PROT/LLN0$Alarm","1","",""
"13095","229.535176196","ipcas_21:73:24","201","1","217","LIED30MEAS/LLN0$Measurement","931","916","929"
"13166","230.623591058","ipcas_21:73:24","150","1","218","LIED30CTRL/LLN0$Status","1","1","0"
"13167","230.623596148","ipcas_21:73:24","147","1","218","LIED30PROT/LLN0$Alarm","1","",""
"13168","230.623596924","ipcas_21:73:24","201","1","218","LIED30MEAS/LLN0$Measurement","915","929","932"
"13231","231.685457912","ipcas_21:73:24","150","1","219","LIED30CTRL/LLN0$Status","1","1","0"
"13232","231.685458252","ipcas_21:73:24","147","1","219","LIED30PROT/LLN0$Alarm","1","",""
"13233","231.685458613","ipcas_21:73:24","201","1","219","LIED30MEAS/LLN0$Measurement","923","926","924"
"13286","232.735887432","ipcas_21:73:24","150","1","220","LIED30CTRL/LLN0$Status","1","1","0"
"13292","232.739173842","ipcas_21:73:24","147","1","220","LIED30PROT/LLN0$Alarm","1","",""
"13293","232.739174619","ipcas_21:73:24","201","1","220","LIED30MEAS/LLN0$Measurement","929","932","915"
"13345","233.817169052","ipcas_21:73:24","150","1","221","LIED30CTRL/LLN0$Status","1","1","0"
"13346","233.817173134","ipcas_21:73:24","147","1","221","LIED30PROT/LLN0$Alarm","1","",""
"13347","233.817173855","ipcas_21:73:24","201","1","221","LIED30MEAS/LLN0$Measurement","915","916","921"
"13404","234.876452130","ipcas_21:73:24","150","1","222","LIED30CTRL/LLN0$Status","1","1","0"
"13405","234.876459706","ipcas_21:73:24","147","1","222","LIED30PROT/LLN0$Alarm","1","",""
"13406","234.876460495","ipcas_21:73:24","201","1","222","LIED30MEAS/LLN0$Measurement","918","920","925"
"13451","235.961400414","ipcas_21:73:24","150","1","223","LIED30CTRL/LLN0$Status","1","1","0"
"13452","235.961405637","ipcas_21:73:24","147","1","223","LIED30PROT/LLN0$Alarm","1","",""
"13453","235.961406214","ipcas_21:73:24","201","1","223","LIED30MEAS/LLN0$Measurement","931","918","922"
"13517","237.056664997","ipcas_21:73:24","150","1","224","LIED30CTRL/LLN0$Status","1","1","0"
"13518","237.056668940","ipcas_21:73:24","147","1","224","LIED30PROT/LLN0$Alarm","1","",""
"13519","237.056669508","ipcas_21:73:24","201","1","224","LIED30MEAS/LLN0$Measurement","925","926","927"
"13572","238.107524022","ipcas_21:73:24","150","1","225","LIED30CTRL/LLN0$Status","1","1","0"
"13573","238.107900676","ipcas_21:73:24","147","1","225","LIED30PROT/LLN0$Alarm","1","",""
"13574","238.107905049","ipcas_21:73:24","201","1","225","LIED30MEAS/LLN0$Measurement","925","917","925"
"13629","239.171236415","ipcas_21:73:24","150","1","226","LIED30CTRL/LLN0$Status","1","1","0"
"13630","239.171244475","ipcas_21:73:24","147","1","226","LIED30PROT/LLN0$Alarm","1","",""
"13631","239.171245178","ipcas_21:73:24","201","1","226","LIED30MEAS/LLN0$Measurement","923","927","932"
"13684","240.210775381","ipcas_21:73:24","150","1","227","LIED30CTRL/LLN0$Status","1","1","0"
"13685","240.210783865","ipcas_21:73:24","147","1","227","LIED30PROT/LLN0$Alarm","1","",""
"13686","240.210784511","ipcas_21:73:24","201","1","227","LIED30MEAS/LLN0$Measurement","926","925","914"
"13739","241.237595954","ipcas_21:73:24","150","1","228","LIED30CTRL/LLN0$Status","1","1","0"
"13740","241.237596617","ipcas_21:73:24","147","1","228","LIED30PROT/LLN0$Alarm","1","",""
"13741","241.237596940","ipcas_21:73:24","201","1","228","LIED30MEAS/LLN0$Measurement","915","923","919"
"13793","242.311014295","ipcas_21:73:24","150","1","229","LIED30CTRL/LLN0$Status","1","1","0"
"13794","242.311022232","ipcas_21:73:24","147","1","229","LIED30PROT/LLN0$Alarm","1","",""
"13795","242.311023184","ipcas_21:73:24","201","1","229","LIED30MEAS/LLN0$Measurement","925","926","915"
"13848","243.362969814","ipcas_21:73:24","150","1","230","LIED30CTRL/LLN0$Status","1","1","0"
"13849","243.362978125","ipcas_21:73:24","147","1","230","LIED30PROT/LLN0$Alarm","1","",""
"13850","243.363692129","ipcas_21:73:24","201","1","230","LIED30MEAS/LLN0$Measurement","920","932","918"
"13902","244.419046910","ipcas_21:73:24","150","1","231","LIED30CTRL/LLN0$Status","1","1","0"
"13903","244.419050242","ipcas_21:73:24","147","1","231","LIED30PROT/LLN0$Alarm","1","",""
"13904","244.419050762","ipcas_21:73:24","201","1","231","LIED30MEAS/LLN0$Measurement","922","921","925"
"13957","245.465975247","ipcas_21:73:24","150","1","232","LIED30CTRL/LLN0$Status","1","1","0"
"13958","245.466376416","ipcas_21:73:24","147","1","232","LIED30PROT/LLN0$Alarm","1","",""
"13959","245.466379028","ipcas_21:73:24","201","1","232","LIED30MEAS/LLN0$Measurement","928","931","931"
"14013","246.530223037","ipcas_21:73:24","150","1","233","LIED30CTRL/LLN0$Status","1","1","0"
"14014","246.530232376","ipcas_21:73:24","147","1","233","LIED30PROT/LLN0$Alarm","1","",""
"14015","246.530477522","ipcas_21:73:24","201","1","233","LIED30MEAS/LLN0$Measurement","931","926","924"
"14081","247.629680730","ipcas_21:73:24","150","1","234","LIED30CTRL/LLN0$Status","1","1","0"
"14082","247.629740447","ipcas_21:73:24","147","1","234","LIED30PROT/LLN0$Alarm","1","",""
"14083","247.629832241","ipcas_21:73:24","201","1","234","LIED30MEAS/LLN0$Measurement","927","930","924"
"14174","248.662300528","ipcas_21:73:24","150","1","235","LIED30CTRL/LLN0$Status","1","1","0"
"14175","248.662449214","ipcas_21:73:24","147","1","235","LIED30PROT/LLN0$Alarm","1","",""
"14176","248.662451753","ipcas_21:73:24","201","1","235","LIED30MEAS/LLN0$Measurement","916","929","928"
"14285","249.691271488","ipcas_21:73:24","150","1","236","LIED30CTRL/LLN0$Status","1","1","0"
"14286","249.691274394","ipcas_21:73:24","147","1","236","LIED30PROT/LLN0$Alarm","1","",""
"14287","249.691275122","ipcas_21:73:24","201","1","236","LIED30MEAS/LLN0$Measurement","922","933","924"
"14395","250.729033255","ipcas_21:73:24","150","1","237","LIED30CTRL/LLN0$Status","1","1","0"
"14396","250.729036074","ipcas_21:73:24","147","1","237","LIED30PROT/LLN0$Alarm","1","",""
"14397","250.729414223","ipcas_21:73:24","201","1","237","LIED30MEAS/LLN0$Measurement","934","922","923"
"14469","251.780977624","ipcas_21:73:24","150","1","238","LIED30CTRL/LLN0$Status","1","1","0"
"14470","251.780984597","ipcas_21:73:24","147","1","238","LIED30PROT/LLN0$Alarm","1","",""
"14471","251.781202108","ipcas_21:73:24","201","1","238","LIED30MEAS/LLN0$Measurement","931","918","934"
"14532","252.850557591","ipcas_21:73:24","150","1","239","LIED30CTRL/LLN0$Status","1","1","0"
"14533","252.850766902","ipcas_21:73:24","147","1","239","LIED30PROT/LLN0$Alarm","1","",""
"14534","252.850769666","ipcas_21:73:24","201","1","239","LIED30MEAS/LLN0$Measurement","928","922","915"
"14602","253.910347050","ipcas_21:73:24","150","1","240","LIED30CTRL/LLN0$Status","1","1","0"
"14603","253.910353059","ipcas_21:73:24","147","1","240","LIED30PROT/LLN0$Alarm","1","",""
"14604","253.911273112","ipcas_21:73:24","201","1","240","LIED30MEAS/LLN0$Measurement","930","929","934"
"14663","254.962701050","ipcas_21:73:24","150","1","241","LIED30CTRL/LLN0$Status","1","1","0"
"14664","254.962705632","ipcas_21:73:24","147","1","241","LIED30PROT/LLN0$Alarm","1","",""
"14665","254.962948938","ipcas_21:73:24","201","1","241","LIED30MEAS/LLN0$Measurement","917","934","923"
"14720","256.026193527","ipcas_21:73:24","150","1","242","LIED30CTRL/LLN0$Status","1","1","0"
"14721","256.026447722","ipcas_21:73:24","147","1","242","LIED30PROT/LLN0$Alarm","1","",""
"14722","256.026902735","ipcas_21:73:24","201","1","242","LIED30MEAS/LLN0$Measurement","934","914","927"
"14783","257.070694249","ipcas_21:73:24","150","1","243","LIED30CTRL/LLN0$Status","1","1","0"
"14784","257.070927057","ipcas_21:73:24","147","1","243","LIED30PROT/LLN0$Alarm","1","",""
"14785","257.070930612","ipcas_21:73:24","201","1","243","LIED30MEAS/LLN0$Measurement","930","934","930"
"14845","258.128549649","ipcas_21:73:24","150","1","244","LIED30CTRL/LLN0$Status","1","1","0"
"14846","258.128559879","ipcas_21:73:24","147","1","244","LIED30PROT/LLN0$Alarm","1","",""
"14847","258.128701088","ipcas_21:73:24","201","1","244","LIED30MEAS/LLN0$Measurement","917","922","927"
"14906","259.207332422","ipcas_21:73:24","150","1","245","LIED30CTRL/LLN0$Status","1","1","0"
"14907","259.207450316","ipcas_21:73:24","147","1","245","LIED30PROT/LLN0$Alarm","1","",""
"14908","259.207660532","ipcas_21:73:24","201","1","245","LIED30MEAS/LLN0$Measurement","915","920","921"
"14975","260.237331609","ipcas_21:73:24","150","1","246","LIED30CTRL/LLN0$Status","1","1","0"
"14976","260.237337470","ipcas_21:73:24","147","1","246","LIED30PROT/LLN0$Alarm","1","",""
"14977","260.237338332","ipcas_21:73:24","201","1","246","LIED30MEAS/LLN0$Measurement","921","917","914"
"15070","261.301869111","ipcas_21:73:24","150","1","247","LIED30CTRL/LLN0$Status","1","1","0"
"15071","261.301878808","ipcas_21:73:24","147","1","247","LIED30PROT/LLN0$Alarm","1","",""
"15072","261.301879973","ipcas_21:73:24","201","1","247","LIED30MEAS/LLN0$Measurement","932","916","934"
"15174","262.343578184","ipcas_21:73:24","150","1","248","LIED30CTRL/LLN0$Status","1","1","0"
"15175","262.343581378","ipcas_21:73:24","147","1","248","LIED30PROT/LLN0$Alarm","1","",""
"15176","262.343581838","ipcas_21:73:24","201","1","248","LIED30MEAS/LLN0$Measurement","920","934","933"
"15233","263.401015673","ipcas_21:73:24","150","1","249","LIED30CTRL/LLN0$Status","1","1","0"
"15234","263.401020128","ipcas_21:73:24","147","1","249","LIED30PROT/LLN0$Alarm","1","",""
"15235","263.401021123","ipcas_21:73:24","201","1","249","LIED30MEAS/LLN0$Measurement","923","921","928"
"15293","264.462698300","ipcas_21:73:24","150","1","250","LIED30CTRL/LLN0$Status","1","1","0"
"15294","264.462703361","ipcas_21:73:24","147","1","250","LIED30PROT/LLN0$Alarm","1","",""
"15295","264.462766073","ipcas_21:73:24","201","1","250","LIED30MEAS/LLN0$Measurement","927","918","930"
"15378","265.515650008","ipcas_21:73:24","150","1","251","LIED30CTRL/LLN0$Status","1","1","0"
"15379","265.516100816","ipcas_21:73:24","147","1","251","LIED30PROT/LLN0$Alarm","1","",""
"15380","265.516104548","ipcas_21:73:24","201","1","251","LIED30MEAS/LLN0$Measurement","917","915","930"
"15473","266.580082743","ipcas_21:73:24","150","1","252","LIED30CTRL/LLN0$Status","1","1","0"
"15474","266.580089866","ipcas_21:73:24","147","1","252","LIED30PROT/LLN0$Alarm","1","",""
"15475","266.580132793","ipcas_21:73:24","201","1","252","LIED30MEAS/LLN0$Measurement","922","932","918"
"15592","267.635328205","ipcas_21:73:24","150","1","253","LIED30CTRL/LLN0$Status","1","1","0"
"15593","267.635332308","ipcas_21:73:24","147","1","253","LIED30PROT/LLN0$Alarm","1","",""
"15594","267.635726269","ipcas_21:73:24","201","1","253","LIED30MEAS/LLN0$Measurement","914","923","930"
"15668","268.664549242","ipcas_21:73:24","150","1","254","LIED30CTRL/LLN0$Status","1","1","0"
"15669","268.664552795","ipcas_21:73:24","147","1","254","LIED30PROT/LLN0$Alarm","1","",""
"15670","268.664553419","ipcas_21:73:24","201","1","254","LIED30MEAS/LLN0$Measurement","926","934","927"
"15734","269.729878094","ipcas_21:73:24","150","1","255","LIED30CTRL/LLN0$Status","1","1","0"
"15735","269.729883301","ipcas_21:73:24","147","1","255","LIED30PROT/LLN0$Alarm","1","",""
"15736","269.729884028","ipcas_21:73:24","201","1","255","LIED30MEAS/LLN0$Measurement","926","923","920"
"15800","270.767950122","ipcas_21:73:24","150","1","256","LIED30CTRL/LLN0$Status","1","1","0"
"15801","270.767952357","ipcas_21:73:24","147","1","256","LIED30PROT/LLN0$Alarm","1","",""
"15802","270.768175958","ipcas_21:73:24","201","1","256","LIED30MEAS/LLN0$Measurement","931","925","927"
"15856","271.830812941","ipcas_21:73:24","150","1","257","LIED30CTRL/LLN0$Status","1","1","0"
"15857","271.830817247","ipcas_21:73:24","147","1","257","LIED30PROT/LLN0$Alarm","1","",""
"15858","271.831111319","ipcas_21:73:24","201","1","257","LIED30MEAS/LLN0$Measurement","920","918","929"
"15912","272.873867505","ipcas_21:73:24","150","1","258","LIED30CTRL/LLN0$Status","1","1","0"
"15913","272.873870186","ipcas_21:73:24","147","1","258","LIED30PROT/LLN0$Alarm","1","",""
"15914","272.873870769","ipcas_21:73:24","201","1","258","LIED30MEAS/LLN0$Measurement","917","921","928"
"15971","273.923064522","ipcas_21:73:24","150","1","259","LIED30CTRL/LLN0$Status","1","1","0"
"15972","273.923153131","ipcas_21:73:24","147","1","259","LIED30PROT/LLN0$Alarm","1","",""
"15973","273.923245503","ipcas_21:73:24","201","1","259","LIED30MEAS/LLN0$Measurement","930","919","920"
"16035","274.980320618","ipcas_21:73:24","150","1","260","LIED30CTRL/LLN0$Status","1","1","0"
"16036","274.980504747","ipcas_21:73:24","147","1","260","LIED30PROT/LLN0$Alarm","1","",""
"16037","274.980722403","ipcas_21:73:24","201","1","260","LIED30MEAS/LLN0$Measurement","919","918","916"
"16093","276.037906812","ipcas_21:73:24","150","1","261","LIED30CTRL/LLN0$Status","1","1","0"
"16094","276.037912758","ipcas_21:73:24","147","1","261","LIED30PROT/LLN0$Alarm","1","",""
"16095","276.037913477","ipcas_21:73:24","201","1","261","LIED30MEAS/LLN0$Measurement","928","917","922"
"16150","277.091155860","ipcas_21:73:24","150","1","262","LIED30CTRL/LLN0$Status","1","1","0"
"16151","277.091159592","ipcas_21:73:24","147","1","262","LIED30PROT/LLN0$Alarm","1","",""
"16152","277.091160750","ipcas_21:73:24","201","1","262","LIED30MEAS/LLN0$Measurement","932","928","921"
"16203","278.158784446","ipcas_21:73:24","150","1","263","LIED30CTRL/LLN0$Status","1","1","0"
"16204","278.158790033","ipcas_21:73:24","147","1","263","LIED30PROT/LLN0$Alarm","1","",""
"16205","278.159007984","ipcas_21:73:24","201","1","263","LIED30MEAS/LLN0$Measurement","922","926","921"
"16258","279.203501731","ipcas_21:73:24","150","1","264","LIED30CTRL/LLN0$Status","1","1","0"
"16259","279.203681288","ipcas_21:73:24","147","1","264","LIED30PROT/LLN0$Alarm","1","",""
"16260","279.204070406","ipcas_21:73:24","201","1","264","LIED30MEAS/LLN0$Measurement","924","923","915"
"16314","280.247354705","ipcas_21:73:24","150","1","265","LIED30CTRL/LLN0$Status","1","1","0"
"16315","280.247634296","ipcas_21:73:24","147","1","265","LIED30PROT/LLN0$Alarm","1","",""
"16316","280.247636708","ipcas_21:73:24","201","1","265","LIED30MEAS/LLN0$Measurement","933","922","919"
"16372","281.280869668","ipcas_21:73:24","150","1","266","LIED30CTRL/LLN0$Status","1","1","0"
"16373","281.280870228","ipcas_21:73:24","147","1","266","LIED30PROT/LLN0$Alarm","1","",""
"16374","281.280870587","ipcas_21:73:24","201","1","266","LIED30MEAS/LLN0$Measurement","918","920","916"
"16431","282.353140048","ipcas_21:73:24","150","1","267","LIED30CTRL/LLN0$Status","1","1","0"
"16432","282.353366489","ipcas_21:73:24","147","1","267","LIED30PROT/LLN0$Alarm","1","",""
"16433","282.353369041","ipcas_21:73:24","201","1","267","LIED30MEAS/LLN0$Measurement","924","927","929"
"16486","283.399730290","ipcas_21:73:24","150","1","268","LIED30CTRL/LLN0$Status","1","1","0"
"16487","283.399734059","ipcas_21:73:24","147","1","268","LIED30PROT/LLN0$Alarm","1","",""
"16488","283.400271264","ipcas_21:73:24","201","1","268","LIED30MEAS/LLN0$Measurement","933","931","923"
"16540","284.450239353","ipcas_21:73:24","150","1","269","LIED30CTRL/LLN0$Status","1","1","0"
"16541","284.450243976","ipcas_21:73:24","147","1","269","LIED30PROT/LLN0$Alarm","1","",""
"16542","284.450244640","ipcas_21:73:24","201","1","269","LIED30MEAS/LLN0$Measurement","920","914","933"
"16595","285.521182460","ipcas_21:73:24","150","1","270","LIED30CTRL/LLN0$Status","1","1","0"
"16596","285.521188591","ipcas_21:73:24","147","1","270","LIED30PROT/LLN0$Alarm","1","",""
"16597","285.521189614","ipcas_21:73:24","201","1","270","LIED30MEAS/LLN0$Measurement","916","930","916"
"16650","286.607507404","ipcas_21:73:24","150","1","271","LIED30CTRL/LLN0$Status","1","1","0"
"16651","286.607514141","ipcas_21:73:24","147","1","271","LIED30PROT/LLN0$Alarm","1","",""
"16652","286.607515108","ipcas_21:73:24","201","1","271","LIED30MEAS/LLN0$Measurement","916","930","927"
"16706","287.661911796","ipcas_21:73:24","150","1","272","LIED30CTRL/LLN0$Status","1","1","0"
"16707","287.661914784","ipcas_21:73:24","147","1","272","LIED30PROT/LLN0$Alarm","1","",""
"16708","287.661915481","ipcas_21:73:24","201","1","272","LIED30MEAS/LLN0$Measurement","918","924","924"
"16761","288.728610098","ipcas_21:73:24","150","1","273","LIED30CTRL/LLN0$Status","1","1","0"
"16762","288.728614488","ipcas_21:73:24","147","1","273","LIED30PROT/LLN0$Alarm","1","",""
"16763","288.728765406","ipcas_21:73:24","201","1","273","LIED30MEAS/LLN0$Measurement","915","921","931"
"16815","289.793696513","ipcas_21:73:24","150","1","274","LIED30CTRL/LLN0$Status","1","1","0"
"16816","289.793699320","ipcas_21:73:24","147","1","274","LIED30PROT/LLN0$Alarm","1","",""
"16817","289.793901872","ipcas_21:73:24","201","1","274","LIED30MEAS/LLN0$Measurement","924","921","930"
"16869","290.869318679","ipcas_21:73:24","150","1","275","LIED30CTRL/LLN0$Status","1","1","0"
"16870","290.869331097","ipcas_21:73:24","147","1","275","LIED30PROT/LLN0$Alarm","1","",""
"16871","290.869331979","ipcas_21:73:24","201","1","275","LIED30MEAS/LLN0$Measurement","920","932","928"
"16924","291.929693226","ipcas_21:73:24","150","1","276","LIED30CTRL/LLN0$Status","1","1","0"
"16925","291.929695746","ipcas_21:73:24","147","1","276","LIED30PROT/LLN0$Alarm","1","",""
"16926","291.929884630","ipcas_21:73:24","201","1","276","LIED30MEAS/LLN0$Measurement","919","926","925"
"16980","292.995023514","ipcas_21:73:24","150","1","277","LIED30CTRL/LLN0$Status","1","1","0"
"16981","292.995026386","ipcas_21:73:24","147","1","277","LIED30PROT/LLN0$Alarm","1","",""
"16982","292.995027009","ipcas_21:73:24","201","1","277","LIED30MEAS/LLN0$Measurement","923","930","932"
"17077","294.032971099","ipcas_21:73:24","150","1","278","LIED30CTRL/LLN0$Status","1","1","0"
"17078","294.032973592","ipcas_21:73:24","147","1","278","LIED30PROT/LLN0$Alarm","1","",""
"17079","294.032974191","ipcas_21:73:24","201","1","278","LIED30MEAS/LLN0$Measurement","917","922","916"
"17166","295.066884322","ipcas_21:73:24","150","1","279","LIED30CTRL/LLN0$Status","1","1","0"
"17167","295.066886715","ipcas_21:73:24","147","1","279","LIED30PROT/LLN0$Alarm","1","",""
"17168","295.066887278","ipcas_21:73:24","201","1","279","LIED30MEAS/LLN0$Measurement","931","930","922"
"17285","296.113206547","ipcas_21:73:24","150","1","280","LIED30CTRL/LLN0$Status","1","1","0"
"17286","296.113338135","ipcas_21:73:24","147","1","280","LIED30PROT/LLN0$Alarm","1","",""
"17287","296.113530916","ipcas_21:73:24","201","1","280","LIED30MEAS/LLN0$Measurement","926","923","923"
"17371","297.153504289","ipcas_21:73:24","150","1","281","LIED30CTRL/LLN0$Status","1","1","0"
"17372","297.153507141","ipcas_21:73:24","147","1","281","LIED30PROT/LLN0$Alarm","1","",""
"17373","297.153507585","ipcas_21:73:24","201","1","281","LIED30MEAS/LLN0$Measurement","917","931","927"
"17440","298.176649583","ipcas_21:73:24","150","1","282","LIED30CTRL/LLN0$Status","1","1","0"
"17441","298.176652844","ipcas_21:73:24","147","1","282","LIED30PROT/LLN0$Alarm","1","",""
"17442","298.176653483","ipcas_21:73:24","201","1","282","LIED30MEAS/LLN0$Measurement","914","916","919"
"17510","299.226322397","ipcas_21:73:24","150","1","283","LIED30CTRL/LLN0$Status","1","1","0"
"17511","299.226326255","ipcas_21:73:24","147","1","283","LIED30PROT/LLN0$Alarm","1","",""
"17512","299.226594625","ipcas_21:73:24","201","1","283","LIED30MEAS/LLN0$Measurement","934","928","922"
"17571","300.287810399","ipcas_21:73:24","150","1","284","LIED30CTRL/LLN0$Status","1","1","0"
"17572","300.287819793","ipcas_21:73:24","147","1","284","LIED30PROT/LLN0$Alarm","1","",""
"17573","300.287820613","ipcas_21:73:24","201","1","284","LIED30MEAS/LLN0$Measurement","922","917","930"
"17630","301.338448716","ipcas_21:73:24","150","1","285","LIED30CTRL/LLN0$Status","1","1","0"
"17631","301.338557213","ipcas_21:73:24","147","1","285","LIED30PROT/LLN0$Alarm","1","",""
"17632","301.338560880","ipcas_21:73:24","201","1","285","LIED30MEAS/LLN0$Measurement","932","918","928"
"17686","302.392829992","ipcas_21:73:24","150","1","286","LIED30CTRL/LLN0$Status","1","1","0"
"17687","302.392832771","ipcas_21:73:24","147","1","286","LIED30PROT/LLN0$Alarm","1","",""
"17688","302.393208022","ipcas_21:73:24","201","1","286","LIED30MEAS/LLN0$Measurement","921","933","933"
"17751","303.468957860","ipcas_21:73:24","150","1","287","LIED30CTRL/LLN0$Status","1","1","0"
"17752","303.468966493","ipcas_21:73:24","147","1","287","LIED30PROT/LLN0$Alarm","1","",""
"17753","303.469458313","ipcas_21:73:24","201","1","287","LIED30MEAS/LLN0$Measurement","919","922","921"
"17813","304.531155122","ipcas_21:73:24","150","1","288","LIED30CTRL/LLN0$Status","1","1","0"
"17814","304.531496622","ipcas_21:73:24","147","1","288","LIED30PROT/LLN0$Alarm","1","",""
"17815","304.531500056","ipcas_21:73:24","201","1","288","LIED30MEAS/LLN0$Measurement","919","917","933"
"17882","305.586215472","ipcas_21:73:24","150","1","289","LIED30CTRL/LLN0$Status","1","1","0"
"17883","305.586219113","ipcas_21:73:24","147","1","289","LIED30PROT/LLN0$Alarm","1","",""
"17884","305.586219696","ipcas_21:73:24","201","1","289","LIED30MEAS/LLN0$Measurement","914","916","922"
"17943","306.610293820","ipcas_21:73:24","150","1","290","LIED30CTRL/LLN0$Status","1","1","0"
"17944","306.610299986","ipcas_21:73:24","147","1","290","LIED30PROT/LLN0$Alarm","1","",""
"17945","306.610300603","ipcas_21:73:24","201","1","290","LIED30MEAS/LLN0$Measurement","919","932","915"
"17998","307.697268627","ipcas_21:73:24","150","1","291","LIED30CTRL/LLN0$Status","1","1","0"
"17999","307.697268988","ipcas_21:73:24","147","1","291","LIED30PROT/LLN0$Alarm","1","",""
"18000","307.697269573","ipcas_21:73:24","201","1","291","LIED30MEAS/LLN0$Measurement","925","928","933"
"18058","308.746025008","ipcas_21:73:24","150","1","292","LIED30CTRL/LLN0$Status","1","1","0"
"18059","308.746029063","ipcas_21:73:24","147","1","292","LIED30PROT/LLN0$Alarm","1","",""
"18060","308.746030197","ipcas_21:73:24","201","1","292","LIED30MEAS/LLN0$Measurement","930","928","925"
"18111","309.810708678","ipcas_21:73:24","150","1","293","LIED30CTRL/LLN0$Status","1","1","0"
"18112","309.810715440","ipcas_21:73:24","147","1","293","LIED30PROT/LLN0$Alarm","1","",""
"18113","309.810715865","ipcas_21:73:24","201","1","293","LIED30MEAS/LLN0$Measurement","915","934","933"
"18176","310.870551665","ipcas_21:73:24","150","1","294","LIED30CTRL/LLN0$Status","1","1","0"
"18177","310.870557149","ipcas_21:73:24","147","1","294","LIED30PROT/LLN0$Alarm","1","",""
"18178","310.870558086","ipcas_21:73:24","201","1","294","LIED30MEAS/LLN0$Measurement","914","919","927"
"18236","311.925393181","ipcas_21:73:24","150","1","295","LIED30CTRL/LLN0$Status","1","1","0"
"18237","311.925571753","ipcas_21:73:24","147","1","295","LIED30PROT/LLN0$Alarm","1","",""
"18238","311.925574858","ipcas_21:73:24","201","1","295","LIED30MEAS/LLN0$Measurement","919","930","934"
"18289","312.988825364","ipcas_21:73:24","150","1","296","LIED30CTRL/LLN0$Status","1","1","0"
"18290","312.988831474","ipcas_21:73:24","147","1","296","LIED30PROT/LLN0$Alarm","1","",""
"18291","312.988832180","ipcas_21:73:24","201","1","296","LIED30MEAS/LLN0$Measurement","920","917","919"
"18342","314.038858868","ipcas_21:73:24","150","1","297","LIED30CTRL/LLN0$Status","1","1","0"
"18343","314.038860836","ipcas_21:73:24","147","1","297","LIED30PROT/LLN0$Alarm","1","",""
"18344","314.038861772","ipcas_21:73:24","201","1","297","LIED30MEAS/LLN0$Measurement","924","934","914"
"18399","315.088406928","ipcas_21:73:24","150","1","298","LIED30CTRL/LLN0$Status","1","1","0"
"18400","315.088547733","ipcas_21:73:24","147","1","298","LIED30PROT/LLN0$Alarm","1","",""
"18401","315.088550765","ipcas_21:73:24","201","1","298","LIED30MEAS/LLN0$Measurement","917","916","914"
"18452","316.160414484","ipcas_21:73:24","150","1","299","LIED30CTRL/LLN0$Status","1","1","0"
"18453","316.160418454","ipcas_21:73:24","147","1","299","LIED30PROT/LLN0$Alarm","1","",""
"18454","316.160419324","ipcas_21:73:24","201","1","299","LIED30MEAS/LLN0$Measurement","934","933","932"
"18506","317.207178722","ipcas_21:73:24","150","1","300","LIED30CTRL/LLN0$Status","1","1","0"
"18507","317.207184375","ipcas_21:73:24","147","1","300","LIED30PROT/LLN0$Alarm","1","",""
"18508","317.207184989","ipcas_21:73:24","201","1","300","LIED30MEAS/LLN0$Measurement","919","915","915"
"18560","318.266528697","ipcas_21:73:24","150","1","301","LIED30CTRL/LLN0$Status","1","1","0"
"18561","318.266605011","ipcas_21:73:24","147","1","301","LIED30PROT/LLN0$Alarm","1","",""
"18562","318.266608196","ipcas_21:73:24","201","1","301","LIED30MEAS/LLN0$Measurement","933","930","933"
"18615","319.367347614","ipcas_21:73:24","150","1","302","LIED30CTRL/LLN0$Status","1","1","0"
"18616","319.367355421","ipcas_21:73:24","147","1","302","LIED30PROT/LLN0$Alarm","1","",""
"18617","319.367820173","ipcas_21:73:24","201","1","302","LIED30MEAS/LLN0$Measurement","931","917","933"
"18669","320.416170915","ipcas_21:73:24","150","1","303","LIED30CTRL/LLN0$Status","1","1","0"
"18670","320.416174463","ipcas_21:73:24","147","1","303","LIED30PROT/LLN0$Alarm","1","",""
"18671","320.416175669","ipcas_21:73:24","201","1","303","LIED30MEAS/LLN0$Measurement","925","927","922"
"18722","321.452121443","ipcas_21:73:24","150","1","304","LIED30CTRL/LLN0$Status","1","1","0"
"18723","321.452146742","ipcas_21:73:24","147","1","304","LIED30PROT/LLN0$Alarm","1","",""
"18724","321.452147985","ipcas_21:73:24","201","1","304","LIED30MEAS/LLN0$Measurement","920","927","923"
"18775","322.492526437","ipcas_21:73:24","150","1","305","LIED30CTRL/LLN0$Status","1","1","0"
"18776","322.492532057","ipcas_21:73:24","147","1","305","LIED30PROT/LLN0$Alarm","1","",""
"18777","322.492533033","ipcas_21:73:24","201","1","305","LIED30MEAS/LLN0$Measurement","932","929","922"
"18830","323.558079938","ipcas_21:73:24","150","1","306","LIED30CTRL/LLN0$Status","1","1","0"
"18831","323.558086926","ipcas_21:73:24","147","1","306","LIED30PROT/LLN0$Alarm","1","",""
"18832","323.558087276","ipcas_21:73:24","201","1","306","LIED30MEAS/LLN0$Measurement","925","928","931"
"18884","324.630107258","ipcas_21:73:24","150","1","307","LIED30CTRL/LLN0$Status","1","1","0"
"18885","324.630397464","ipcas_21:73:24","147","1","307","LIED30PROT/LLN0$Alarm","1","",""
"18886","324.630886670","ipcas_21:73:24","201","1","307","LIED30MEAS/LLN0$Measurement","920","924","930"
"18938","325.704767687","ipcas_21:73:24","150","1","308","LIED30CTRL/LLN0$Status","1","1","0"
"18939","325.704993240","ipcas_21:73:24","147","1","308","LIED30PROT/LLN0$Alarm","1","",""
"18940","325.705210523","ipcas_21:73:24","201","1","308","LIED30MEAS/LLN0$Measurement","916","919","921"
"18996","326.765126852","ipcas_21:73:24","150","1","309","LIED30CTRL/LLN0$Status","1","1","0"
"18997","326.765129661","ipcas_21:73:24","147","1","309","LIED30PROT/LLN0$Alarm","1","",""
"18998","326.765383511","ipcas_21:73:24","201","1","309","LIED30MEAS/LLN0$Measurement","928","927","923"
"19049","327.823540398","ipcas_21:73:24","150","1","310","LIED30CTRL/LLN0$Status","1","1","0"
"19050","327.823817042","ipcas_21:73:24","147","1","310","LIED30PROT/LLN0$Alarm","1","",""
"19051","327.823817660","ipcas_21:73:24","201","1","310","LIED30MEAS/LLN0$Measurement","921","933","929"
"19103","328.892510761","ipcas_21:73:24","150","1","311","LIED30CTRL/LLN0$Status","1","1","0"
"19104","328.892516920","ipcas_21:73:24","147","1","311","LIED30PROT/LLN0$Alarm","1","",""
"19105","328.892518093","ipcas_21:73:24","201","1","311","LIED30MEAS/LLN0$Measurement","925","915","931"
"19156","329.969091319","ipcas_21:73:24","150","1","312","LIED30CTRL/LLN0$Status","1","1","0"
"19157","329.969202891","ipcas_21:73:24","147","1","312","LIED30PROT/LLN0$Alarm","1","",""
"19158","329.969416209","ipcas_21:73:24","201","1","312","LIED30MEAS/LLN0$Measurement","914","917","917"
"19209","331.013829740","ipcas_21:73:24","150","1","313","LIED30CTRL/LLN0$Status","1","1","0"
"19210","331.013835236","ipcas_21:73:24","147","1","313","LIED30PROT/LLN0$Alarm","1","",""
"19211","331.013835971","ipcas_21:73:24","201","1","313","LIED30MEAS/LLN0$Measurement","933","933","929"
"19262","332.071177842","ipcas_21:73:24","150","1","314","LIED30CTRL/LLN0$Status","1","1","0"
"19263","332.071180809","ipcas_21:73:24","147","1","314","LIED30PROT/LLN0$Alarm","1","",""
"19264","332.071400490","ipcas_21:73:24","201","1","314","LIED30MEAS/LLN0$Measurement","922","926","934"
"19316","333.109953751","ipcas_21:73:24","150","1","315","LIED30CTRL/LLN0$Status","1","1","0"
"19317","333.110182172","ipcas_21:73:24","147","1","315","LIED30PROT/LLN0$Alarm","1","",""
"19318","333.110331003","ipcas_21:73:24","201","1","315","LIED30MEAS/LLN0$Measurement","916","921","929"
"19369","334.159293403","ipcas_21:73:24","150","1","316","LIED30CTRL/LLN0$Status","1","1","0"
"19370","334.159515795","ipcas_21:73:24","147","1","316","LIED30PROT/LLN0$Alarm","1","",""
"19371","334.159699958","ipcas_21:73:24","201","1","316","LIED30MEAS/LLN0$Measurement","933","921","930"
"19424","335.220802332","ipcas_21:73:24","150","1","317","LIED30CTRL/LLN0$Status","1","1","0"
"19425","335.220938433","ipcas_21:73:24","147","1","317","LIED30PROT/LLN0$Alarm","1","",""
"19426","335.220940382","ipcas_21:73:24","201","1","317","LIED30MEAS/LLN0$Measurement","917","921","934"
"19480","336.252183329","ipcas_21:73:24","150","1","318","LIED30CTRL/LLN0$Status","1","1","0"
"19481","336.252188976","ipcas_21:73:24","147","1","318","LIED30PROT/LLN0$Alarm","1","",""
"19482","336.252189569","ipcas_21:73:24","201","1","318","LIED30MEAS/LLN0$Measurement","915","922","926"
"19533","337.326817571","ipcas_21:73:24","150","1","319","LIED30CTRL/LLN0$Status","1","1","0"
"19534","337.326822487","ipcas_21:73:24","147","1","319","LIED30PROT/LLN0$Alarm","1","",""
"19535","337.326822924","ipcas_21:73:24","201","1","319","LIED30MEAS/LLN0$Measurement","925","915","916"
"19586","338.377610601","ipcas_21:73:24","150","1","320","LIED30CTRL/LLN0$Status","1","1","0"
"19587","338.377613716","ipcas_21:73:24","147","1","320","LIED30PROT/LLN0$Alarm","1","",""
"19588","338.377614219","ipcas_21:73:24","201","1","320","LIED30MEAS/LLN0$Measurement","931","916","933"
"19639","339.454518039","ipcas_21:73:24","150","1","321","LIED30CTRL/LLN0$Status","1","1","0"
"19640","339.454518590","ipcas_21:73:24","147","1","321","LIED30PROT/LLN0$Alarm","1","",""
"19641","339.454519447","ipcas_21:73:24","201","1","321","LIED30MEAS/LLN0$Measurement","919","925","918"
"19712","340.475099935","ipcas_21:73:24","150","1","322","LIED30CTRL/LLN0$Status","1","1","0"
"19713","340.475100579","ipcas_21:73:24","147","1","322","LIED30PROT/LLN0$Alarm","1","",""
"19714","340.475101002","ipcas_21:73:24","201","1","322","LIED30MEAS/LLN0$Measurement","915","931","919"
"19765","341.514053009","ipcas_21:73:24","150","1","323","LIED30CTRL/LLN0$Status","1","1","0"
"19766","341.514060016","ipcas_21:73:24","147","1","323","LIED30PROT/LLN0$Alarm","1","",""
"19767","341.514061058","ipcas_21:73:24","201","1","323","LIED30MEAS/LLN0$Measurement","932","924","932"
"19818","342.605564028","ipcas_21:73:24","150","1","324","LIED30CTRL/LLN0$Status","1","1","0"
"19819","342.605741984","ipcas_21:73:24","147","1","324","LIED30PROT/LLN0$Alarm","1","",""
"19820","342.605965248","ipcas_21:73:24","201","1","324","LIED30MEAS/LLN0$Measurement","931","934","926"
"19871","343.669698384","ipcas_21:73:24","150","1","325","LIED30CTRL/LLN0$Status","1","1","0"
"19872","343.669701267","ipcas_21:73:24","147","1","325","LIED30PROT/LLN0$Alarm","1","",""
"19873","343.669701897","ipcas_21:73:24","201","1","325","LIED30MEAS/LLN0$Measurement","923","920","927"
"19924","344.728690692","ipcas_21:73:24","150","1","326","LIED30CTRL/LLN0$Status","1","1","0"
"19925","344.728977527","ipcas_21:73:24","147","1","326","LIED30PROT/LLN0$Alarm","1","",""
"19926","344.729317595","ipcas_21:73:24","201","1","326","LIED30MEAS/LLN0$Measurement","918","933","914"
"19977","345.797726990","ipcas_21:73:24","150","1","327","LIED30CTRL/LLN0$Status","1","1","0"
"19978","345.797992886","ipcas_21:73:24","147","1","327","LIED30PROT/LLN0$Alarm","1","",""
"19979","345.798379866","ipcas_21:73:24","201","1","327","LIED30MEAS/LLN0$Measurement","928","919","928"
"20030","346.858545258","ipcas_21:73:24","150","1","328","LIED30CTRL/LLN0$Status","1","1","0"
"20031","346.859073227","ipcas_21:73:24","147","1","328","LIED30PROT/LLN0$Alarm","1","",""
"20032","346.859075990","ipcas_21:73:24","201","1","328","LIED30MEAS/LLN0$Measurement","934","916","923"
"20083","347.902979898","ipcas_21:73:24","150","1","329","LIED30CTRL/LLN0$Status","1","1","0"
"20084","347.903383364","ipcas_21:73:24","147","1","329","LIED30PROT/LLN0$Alarm","1","",""
"20085","347.903748338","ipcas_21:73:24","201","1","329","LIED30MEAS/LLN0$Measurement","921","926","915"
"20136","348.967630023","ipcas_21:73:24","150","1","330","LIED30CTRL/LLN0$Status","1","1","0"
"20137","348.967638318","ipcas_21:73:24","147","1","330","LIED30PROT/LLN0$Alarm","1","",""
"20138","348.967729117","ipcas_21:73:24","201","1","330","LIED30MEAS/LLN0$Measurement","918","927","919"
"20189","350.036356909","ipcas_21:73:24","150","1","331","LIED30CTRL/LLN0$Status","1","1","0"
"20190","350.036493114","ipcas_21:73:24","147","1","331","LIED30PROT/LLN0$Alarm","1","",""
"20191","350.036757736","ipcas_21:73:24","201","1","331","LIED30MEAS/LLN0$Measurement","918","926","927"
"20242","351.106782806","ipcas_21:73:24","150","1","332","LIED30CTRL/LLN0$Status","1","1","0"
"20243","351.107023909","ipcas_21:73:24","147","1","332","LIED30PROT/LLN0$Alarm","1","",""
"20244","351.107252790","ipcas_21:73:24","201","1","332","LIED30MEAS/LLN0$Measurement","916","915","931"
"20295","352.176687852","ipcas_21:73:24","150","1","333","LIED30CTRL/LLN0$Status","1","1","0"
"20296","352.177078535","ipcas_21:73:24","147","1","333","LIED30PROT/LLN0$Alarm","1","",""
"20297","352.177267720","ipcas_21:73:24","201","1","333","LIED30MEAS/LLN0$Measurement","922","933","918"
"20348","353.249493635","ipcas_21:73:24","150","1","334","LIED30CTRL/LLN0$Status","1","1","0"
"20349","353.249501301","ipcas_21:73:24","147","1","334","LIED30PROT/LLN0$Alarm","1","",""
"20350","353.249555549","ipcas_21:73:24","201","1","334","LIED30MEAS/LLN0$Measurement","925","923","933"
"20401","354.301891369","ipcas_21:73:24","150","1","335","LIED30CTRL/LLN0$Status","1","1","0"
"20402","354.301894236","ipcas_21:73:24","147","1","335","LIED30PROT/LLN0$Alarm","1","",""
"20403","354.301895017","ipcas_21:73:24","201","1","335","LIED30MEAS/LLN0$Measurement","915","923","921"
"20454","355.364268535","ipcas_21:73:24","150","1","336","LIED30CTRL/LLN0$Status","1","1","0"
"20455","355.364754470","ipcas_21:73:24","147","1","336","LIED30PROT/LLN0$Alarm","1","",""
"20456","355.364758619","ipcas_21:73:24","201","1","336","LIED30MEAS/LLN0$Measurement","917","927","925"
"20507","356.434724006","ipcas_21:73:24","150","1","337","LIED30CTRL/LLN0$Status","1","1","0"
"20508","356.435253761","ipcas_21:73:24","147","1","337","LIED30PROT/LLN0$Alarm","1","",""
"20509","356.435466904","ipcas_21:73:24","201","1","337","LIED30MEAS/LLN0$Measurement","930","929","922"
"20560","357.505052182","ipcas_21:73:24","150","1","338","LIED30CTRL/LLN0$Status","1","1","0"
"20561","357.505056285","ipcas_21:73:24","147","1","338","LIED30PROT/LLN0$Alarm","1","",""
"20562","357.505056838","ipcas_21:73:24","201","1","338","LIED30MEAS/LLN0$Measurement","922","933","917"
"20613","358.570840963","ipcas_21:73:24","150","1","339","LIED30CTRL/LLN0$Status","1","1","0"
"20614","358.571227616","ipcas_21:73:24","147","1","339","LIED30PROT/LLN0$Alarm","1","",""
"20615","358.571372459","ipcas_21:73:24","201","1","339","LIED30MEAS/LLN0$Measurement","915","922","930"
"20682","359.652365127","ipcas_21:73:24","150","1","340","LIED30CTRL/LLN0$Status","1","1","0"
"20683","359.652635413","ipcas_21:73:24","147","1","340","LIED30PROT/LLN0$Alarm","1","",""
"20685","359.652793418","ipcas_21:73:24","201","1","340","LIED30MEAS/LLN0$Measurement","919","919","930"
"20737","360.738597027","ipcas_21:73:24","150","1","341","LIED30CTRL/LLN0$Status","1","1","0"
"20738","360.738601744","ipcas_21:73:24","147","1","341","LIED30PROT/LLN0$Alarm","1","",""
"20739","360.738602500","ipcas_21:73:24","201","1","341","LIED30MEAS/LLN0$Measurement","927","921","916"
"20795","361.814994599","ipcas_21:73:24","150","1","342","LIED30CTRL/LLN0$Status","1","1","0"
"20796","361.815003089","ipcas_21:73:24","147","1","342","LIED30PROT/LLN0$Alarm","1","",""
"20797","361.815558956","ipcas_21:73:24","201","1","342","LIED30MEAS/LLN0$Measurement","917","926","915"
"20848","362.877369435","ipcas_21:73:24","150","1","343","LIED30CTRL/LLN0$Status","1","1","0"
"20849","362.877607505","ipcas_21:73:24","147","1","343","LIED30PROT/LLN0$Alarm","1","",""
"20850","362.877870072","ipcas_21:73:24","201","1","343","LIED30MEAS/LLN0$Measurement","933","918","916"
"20890","363.949150908","ipcas_21:73:24","150","1","344","LIED30CTRL/LLN0$Status","1","1","0"
"20891","363.949159083","ipcas_21:73:24","147","1","344","LIED30PROT/LLN0$Alarm","1","",""
"20892","363.949160032","ipcas_21:73:24","201","1","344","LIED30MEAS/LLN0$Measurement","924","925","928"
"20946","365.028804484","ipcas_21:73:24","150","1","345","LIED30CTRL/LLN0$Status","1","1","0"
"20947","365.028810333","ipcas_21:73:24","147","1","345","LIED30PROT/LLN0$Alarm","1","",""
"20948","365.028810717","ipcas_21:73:24","201","1","345","LIED30MEAS/LLN0$Measurement","919","928","925"
"21007","366.093566558","ipcas_21:73:24","150","1","346","LIED30CTRL/LLN0$Status","1","1","0"
"21008","366.093567194","ipcas_21:73:24","147","1","346","LIED30PROT/LLN0$Alarm","1","",""
"21009","366.093567764","ipcas_21:73:24","201","1","346","LIED30MEAS/LLN0$Measurement","931","918","929"
"21052","367.147115243","ipcas_21:73:24","150","1","347","LIED30CTRL/LLN0$Status","1","1","0"
"21053","367.147115547","ipcas_21:73:24","147","1","347","LIED30PROT/LLN0$Alarm","1","",""
"21054","367.147116133","ipcas_21:73:24","201","1","347","LIED30MEAS/LLN0$Measurement","931","934","921"
"21102","368.201818449","ipcas_21:73:24","150","1","348","LIED30CTRL/LLN0$Status","1","1","0"
"21103","368.201823115","ipcas_21:73:24","147","1","348","LIED30PROT/LLN0$Alarm","1","",""
"21104","368.201823904","ipcas_21:73:24","201","1","348","LIED30MEAS/LLN0$Measurement","932","934","932"
"21149","369.252366333","ipcas_21:73:24","150","1","349","LIED30CTRL/LLN0$Status","1","1","0"
"21150","369.252366748","ipcas_21:73:24","147","1","349","LIED30PROT/LLN0$Alarm","1","",""
"21151","369.252367499","ipcas_21:73:24","201","1","349","LIED30MEAS/LLN0$Measurement","917","923","930"
"21219","370.337482175","ipcas_21:73:24","150","1","350","LIED30CTRL/LLN0$Status","1","1","0"
"21220","370.337792587","ipcas_21:73:24","147","1","350","LIED30PROT/LLN0$Alarm","1","",""
"21221","370.338070134","ipcas_21:73:24","201","1","350","LIED30MEAS/LLN0$Measurement","922","924","931"
"21272","371.399741724","ipcas_21:73:24","150","1","351","LIED30CTRL/LLN0$Status","1","1","0"
"21273","371.399747755","ipcas_21:73:24","147","1","351","LIED30PROT/LLN0$Alarm","1","",""
"21274","371.399748472","ipcas_21:73:24","201","1","351","LIED30MEAS/LLN0$Measurement","932","923","921"
"21314","372.424174937","ipcas_21:73:24","150","1","352","LIED30CTRL/LLN0$Status","1","1","0"
"21315","372.424177741","ipcas_21:73:24","147","1","352","LIED30PROT/LLN0$Alarm","1","",""
"21316","372.424244750","ipcas_21:73:24","201","1","352","LIED30MEAS/LLN0$Measurement","917","915","916"
"21378","373.496833882","ipcas_21:73:24","150","1","353","LIED30CTRL/LLN0$Status","1","1","0"
"21379","373.496842208","ipcas_21:73:24","147","1","353","LIED30PROT/LLN0$Alarm","1","",""
"21380","373.496842991","ipcas_21:73:24","201","1","353","LIED30MEAS/LLN0$Measurement","916","914","919"
"21431","374.545479723","ipcas_21:73:24","150","1","354","LIED30CTRL/LLN0$Status","1","1","0"
"21432","374.545485591","ipcas_21:73:24","147","1","354","LIED30PROT/LLN0$Alarm","1","",""
"21433","374.545486552","ipcas_21:73:24","201","1","354","LIED30MEAS/LLN0$Measurement","919","929","931"
"21482","375.615038657","ipcas_21:73:24","150","1","355","LIED30CTRL/LLN0$Status","1","1","0"
"21483","375.615039450","ipcas_21:73:24","147","1","355","LIED30PROT/LLN0$Alarm","1","",""
"21484","375.615040279","ipcas_21:73:24","201","1","355","LIED30MEAS/LLN0$Measurement","933","916","923"
"21537","376.702061938","ipcas_21:73:24","150","1","356","LIED30CTRL/LLN0$Status","1","1","0"
"21538","376.702180371","ipcas_21:73:24","147","1","356","LIED30PROT/LLN0$Alarm","1","",""
"21539","376.702322615","ipcas_21:73:24","201","1","356","LIED30MEAS/LLN0$Measurement","929","925","921"
"21590","377.763977082","ipcas_21:73:24","150","1","357","LIED30CTRL/LLN0$Status","1","1","0"
"21591","377.763981123","ipcas_21:73:24","147","1","357","LIED30PROT/LLN0$Alarm","1","",""
"21592","377.763981810","ipcas_21:73:24","201","1","357","LIED30MEAS/LLN0$Measurement","920","923","917"
"21643","378.806156791","ipcas_21:73:24","150","1","358","LIED30CTRL/LLN0$Status","1","1","0"
"21644","378.806162643","ipcas_21:73:24","147","1","358","LIED30PROT/LLN0$Alarm","1","",""
"21645","378.806163076","ipcas_21:73:24","201","1","358","LIED30MEAS/LLN0$Measurement","927","930","916"
"21696","379.840510874","ipcas_21:73:24","150","1","359","LIED30CTRL/LLN0$Status","1","1","0"
"21697","379.840516900","ipcas_21:73:24","147","1","359","LIED30PROT/LLN0$Alarm","1","",""
"21698","379.840517554","ipcas_21:73:24","201","1","359","LIED30MEAS/LLN0$Measurement","930","925","928"
"21749","380.881988586","ipcas_21:73:24","150","1","360","LIED30CTRL/LLN0$Status","1","1","0"
"21750","380.882250584","ipcas_21:73:24","147","1","360","LIED30PROT/LLN0$Alarm","1","",""
"21751","380.882565968","ipcas_21:73:24","201","1","360","LIED30MEAS/LLN0$Measurement","924","919","919"
"21802","381.940281916","ipcas_21:73:24","150","1","361","LIED30CTRL/LLN0$Status","1","1","0"
"21803","381.940775820","ipcas_21:73:24","147","1","361","LIED30PROT/LLN0$Alarm","1","",""
"21804","381.940778911","ipcas_21:73:24","201","1","361","LIED30MEAS/LLN0$Measurement","934","929","915"
"21844","382.978166127","ipcas_21:73:24","150","1","362","LIED30CTRL/LLN0$Status","1","1","0"
"21845","382.978166719","ipcas_21:73:24","147","1","362","LIED30PROT/LLN0$Alarm","1","",""
"21846","382.978167025","ipcas_21:73:24","201","1","362","LIED30MEAS/LLN0$Measurement","931","916","924"
"21908","384.067843998","ipcas_21:73:24","150","1","363","LIED30CTRL/LLN0$Status","1","1","0"
"21909","384.067847824","ipcas_21:73:24","147","1","363","LIED30PROT/LLN0$Alarm","1","",""
"21910","384.067848793","ipcas_21:73:24","201","1","363","LIED30MEAS/LLN0$Measurement","925","921","922"
"21950","385.141616266","ipcas_21:73:24","150","1","364","LIED30CTRL/LLN0$Status","1","1","0"
"21951","385.141624123","ipcas_21:73:24","147","1","364","LIED30PROT/LLN0$Alarm","1","",""
"21952","385.141624757","ipcas_21:73:24","201","1","364","LIED30MEAS/LLN0$Measurement","925","917","921"
"22003","386.209965534","ipcas_21:73:24","150","1","365","LIED30CTRL/LLN0$Status","1","1","0"
"22004","386.210169235","ipcas_21:73:24","147","1","365","LIED30PROT/LLN0$Alarm","1","",""
"22005","386.210282899","ipcas_21:73:24","201","1","365","LIED30MEAS/LLN0$Measurement","924","934","928"
"22062","387.284997017","ipcas_21:73:24","150","1","366","LIED30CTRL/LLN0$Status","1","1","0"
"22063","387.285148371","ipcas_21:73:24","147","1","366","LIED30PROT/LLN0$Alarm","1","",""
"22064","387.285301477","ipcas_21:73:24","201","1","366","LIED30MEAS/LLN0$Measurement","920","934","927"
"22103","388.314980198","ipcas_21:73:24","150","1","367","LIED30CTRL/LLN0$Status","1","1","0"
"22104","388.314981373","ipcas_21:73:24","147","1","367","LIED30PROT/LLN0$Alarm","1","",""
"22105","388.314982198","ipcas_21:73:24","201","1","367","LIED30MEAS/LLN0$Measurement","914","924","922"
"22168","389.379688261","ipcas_21:73:24","150","1","368","LIED30CTRL/LLN0$Status","1","1","0"
"22169","389.379689366","ipcas_21:73:24","147","1","368","LIED30PROT/LLN0$Alarm","1","",""
"22170","389.379690111","ipcas_21:73:24","201","1","368","LIED30MEAS/LLN0$Measurement","921","923","914"
"22226","390.452956995","ipcas_21:73:24","150","1","369","LIED30CTRL/LLN0$Status","1","1","0"
"22227","390.452960734","ipcas_21:73:24","147","1","369","LIED30PROT/LLN0$Alarm","1","",""
"22228","390.452961146","ipcas_21:73:24","201","1","369","LIED30MEAS/LLN0$Measurement","917","915","916"
"22279","391.518954686","ipcas_21:73:24","150","1","370","LIED30CTRL/LLN0$Status","1","1","0"
"22280","391.518961718","ipcas_21:73:24","147","1","370","LIED30PROT/LLN0$Alarm","1","",""
"22281","391.518962392","ipcas_21:73:24","201","1","370","LIED30MEAS/LLN0$Measurement","921","930","932"
"22332","392.585658840","ipcas_21:73:24","150","1","371","LIED30CTRL/LLN0$Status","1","1","0"
"22333","392.585666078","ipcas_21:73:24","147","1","371","LIED30PROT/LLN0$Alarm","1","",""
"22334","392.585666938","ipcas_21:73:24","201","1","371","LIED30MEAS/LLN0$Measurement","932","930","928"
"22368","393.621147495","ipcas_21:73:24","150","1","372","LIED30CTRL/LLN0$Status","1","1","0"
"22369","393.621150497","ipcas_21:73:24","147","1","372","LIED30PROT/LLN0$Alarm","1","",""
"22370","393.621151151","ipcas_21:73:24","201","1","372","LIED30MEAS/LLN0$Measurement","916","924","931"
"22438","394.705812810","ipcas_21:73:24","150","1","373","LIED30CTRL/LLN0$Status","1","1","0"
"22439","394.706232949","ipcas_21:73:24","147","1","373","LIED30PROT/LLN0$Alarm","1","",""
"22440","394.706235451","ipcas_21:73:24","201","1","373","LIED30MEAS/LLN0$Measurement","915","928","921"
"22491","395.765794623","ipcas_21:73:24","150","1","374","LIED30CTRL/LLN0$Status","1","1","0"
"22492","395.765801412","ipcas_21:73:24","147","1","374","LIED30PROT/LLN0$Alarm","1","",""
"22493","395.765802016","ipcas_21:73:24","201","1","374","LIED30MEAS/LLN0$Measurement","920","932","914"
"22539","396.805489010","ipcas_21:73:24","150","1","375","LIED30CTRL/LLN0$Status","1","1","0"
"22540","396.805489852","ipcas_21:73:24","147","1","375","LIED30PROT/LLN0$Alarm","1","",""
"22541","396.805490522","ipcas_21:73:24","201","1","375","LIED30MEAS/LLN0$Measurement","920","926","928"
"22592","397.869471713","ipcas_21:73:24","150","1","376","LIED30CTRL/LLN0$Status","1","1","0"
"22593","397.869477872","ipcas_21:73:24","147","1","376","LIED30PROT/LLN0$Alarm","1","",""
"22594","397.869478482","ipcas_21:73:24","201","1","376","LIED30MEAS/LLN0$Measurement","922","923","933"
"22650","398.985328281","ipcas_21:73:24","150","1","377","LIED30CTRL/LLN0$Status","1","1","0"
"22651","398.985716341","ipcas_21:73:24","147","1","377","LIED30PROT/LLN0$Alarm","1","",""
"22652","398.985940077","ipcas_21:73:24","201","1","377","LIED30MEAS/LLN0$Measurement","928","921","923"
"22703","400.032829087","ipcas_21:73:24","150","1","378","LIED30CTRL/LLN0$Status","1","1","0"
"22704","400.033077187","ipcas_21:73:24","147","1","378","LIED30PROT/LLN0$Alarm","1","",""
"22705","400.033232245","ipcas_21:73:24","201","1","378","LIED30MEAS/LLN0$Measurement","914","931","932"
"22756","401.086803677","ipcas_21:73:24","150","1","379","LIED30CTRL/LLN0$Status","1","1","0"
"22757","401.087300707","ipcas_21:73:24","147","1","379","LIED30PROT/LLN0$Alarm","1","",""
"22758","401.087528797","ipcas_21:73:24","201","1","379","LIED30MEAS/LLN0$Measurement","934","914","933"
"22809","402.120969080","ipcas_21:73:24","150","1","380","LIED30CTRL/LLN0$Status","1","1","0"
"22810","402.120971461","ipcas_21:73:24","147","1","380","LIED30PROT/LLN0$Alarm","1","",""
"22811","402.120972442","ipcas_21:73:24","201","1","380","LIED30MEAS/LLN0$Measurement","929","934","921"
"22862","403.173341980","ipcas_21:73:24","150","1","381","LIED30CTRL/LLN0$Status","1","1","0"
"22863","403.173345908","ipcas_21:73:24","147","1","381","LIED30PROT/LLN0$Alarm","1","",""
"22864","403.173346549","ipcas_21:73:24","201","1","381","LIED30MEAS/LLN0$Measurement","914","932","926"
"22915","404.220518922","ipcas_21:73:24","150","1","382","LIED30CTRL/LLN0$Status","1","1","0"
"22916","404.220905073","ipcas_21:73:24","147","1","382","LIED30PROT/LLN0$Alarm","1","",""
"22917","404.221393331","ipcas_21:73:24","201","1","382","LIED30MEAS/LLN0$Measurement","918","914","925"
"22968","405.260829826","ipcas_21:73:24","150","1","383","LIED30CTRL/LLN0$Status","1","1","0"
"22969","405.260837680","ipcas_21:73:24","147","1","383","LIED30PROT/LLN0$Alarm","1","",""
"22970","405.260838412","ipcas_21:73:24","201","1","383","LIED30MEAS/LLN0$Measurement","924","929","914"
"23016","406.334962447","ipcas_21:73:24","150","1","384","LIED30CTRL/LLN0$Status","1","1","0"
"23017","406.335242936","ipcas_21:73:24","147","1","384","LIED30PROT/LLN0$Alarm","1","",""
"23018","406.337240102","ipcas_21:73:24","201","1","384","LIED30MEAS/LLN0$Measurement","923","921","929"
"23073","407.413163014","ipcas_21:73:24","150","1","385","LIED30CTRL/LLN0$Status","1","1","0"
"23074","407.413163371","ipcas_21:73:24","147","1","385","LIED30PROT/LLN0$Alarm","1","",""
"23075","407.413163895","ipcas_21:73:24","201","1","385","LIED30MEAS/LLN0$Measurement","917","925","924"
"23127","408.483425273","ipcas_21:73:24","150","1","386","LIED30CTRL/LLN0$Status","1","1","0"
"23128","408.483717578","ipcas_21:73:24","147","1","386","LIED30PROT/LLN0$Alarm","1","",""
"23129","408.483833946","ipcas_21:73:24","201","1","386","LIED30MEAS/LLN0$Measurement","926","914","929"
"23180","409.540946718","ipcas_21:73:24","150","1","387","LIED30CTRL/LLN0$Status","1","1","0"
"23181","409.541206696","ipcas_21:73:24","147","1","387","LIED30PROT/LLN0$Alarm","1","",""
"23182","409.541411209","ipcas_21:73:24","201","1","387","LIED30MEAS/LLN0$Measurement","927","917","918"
"23233","410.605084725","ipcas_21:73:24","150","1","388","LIED30CTRL/LLN0$Status","1","1","0"
"23234","410.605401080","ipcas_21:73:24","147","1","388","LIED30PROT/LLN0$Alarm","1","",""
"23235","410.605561470","ipcas_21:73:24","201","1","388","LIED30MEAS/LLN0$Measurement","928","927","927"
"23286","411.671259275","ipcas_21:73:24","150","1","389","LIED30CTRL/LLN0$Status","1","1","0"
"23287","411.671266849","ipcas_21:73:24","147","1","389","LIED30PROT/LLN0$Alarm","1","",""
"23288","411.671267432","ipcas_21:73:24","201","1","389","LIED30MEAS/LLN0$Measurement","932","934","926"
"23339","412.771632171","ipcas_21:73:24","150","1","390","LIED30CTRL/LLN0$Status","1","1","0"
"23340","412.771639947","ipcas_21:73:24","147","1","390","LIED30PROT/LLN0$Alarm","1","",""
"23341","412.771640837","ipcas_21:73:24","201","1","390","LIED30MEAS/LLN0$Measurement","928","926","929"
"23392","413.796591493","ipcas_21:73:24","150","1","391","LIED30CTRL/LLN0$Status","1","1","0"
"23393","413.796594780","ipcas_21:73:24","147","1","391","LIED30PROT/LLN0$Alarm","1","",""
"23394","413.796595438","ipcas_21:73:24","201","1","391","LIED30MEAS/LLN0$Measurement","915","924","923"
"23434","414.871265932","ipcas_21:73:24","150","1","392","LIED30CTRL/LLN0$Status","1","1","0"
"23435","414.871266388","ipcas_21:73:24","147","1","392","LIED30PROT/LLN0$Alarm","1","",""
"23436","414.871266904","ipcas_21:73:24","201","1","392","LIED30MEAS/LLN0$Measurement","921","915","927"
"23478","415.935078561","ipcas_21:73:24","150","1","393","LIED30CTRL/LLN0$Status","1","1","0"
"23479","415.935085778","ipcas_21:73:24","147","1","393","LIED30PROT/LLN0$Alarm","1","",""
"23480","415.935086401","ipcas_21:73:24","201","1","393","LIED30MEAS/LLN0$Measurement","914","924","929"
"23537","417.017357267","ipcas_21:73:24","150","1","394","LIED30CTRL/LLN0$Status","1","1","0"
"23538","417.017358328","ipcas_21:73:24","147","1","394","LIED30PROT/LLN0$Alarm","1","",""
"23539","417.017359000","ipcas_21:73:24","201","1","394","LIED30MEAS/LLN0$Measurement","925","928","916"
"23604","418.085917628","ipcas_21:73:24","150","1","395","LIED30CTRL/LLN0$Status","1","1","0"
"23605","418.085921910","ipcas_21:73:24","147","1","395","LIED30PROT/LLN0$Alarm","1","",""
"23606","418.085922542","ipcas_21:73:24","201","1","395","LIED30MEAS/LLN0$Measurement","918","926","922"
"23649","419.134496541","ipcas_21:73:24","150","1","396","LIED30CTRL/LLN0$Status","1","1","0"
"23650","419.134670306","ipcas_21:73:24","147","1","396","LIED30PROT/LLN0$Alarm","1","",""
"23651","419.134852015","ipcas_21:73:24","201","1","396","LIED30MEAS/LLN0$Measurement","921","930","922"
"23710","420.225023453","ipcas_21:73:24","150","1","397","LIED30CTRL/LLN0$Status","1","1","0"
"23711","420.225030211","ipcas_21:73:24","147","1","397","LIED30PROT/LLN0$Alarm","1","",""
"23712","420.225031100","ipcas_21:73:24","201","1","397","LIED30MEAS/LLN0$Measurement","930","926","920"
"23763","421.288906571","ipcas_21:73:24","150","1","398","LIED30CTRL/LLN0$Status","1","1","0"
"23764","421.289342710","ipcas_21:73:24","147","1","398","LIED30PROT/LLN0$Alarm","1","",""
"23765","421.289347231","ipcas_21:73:24","201","1","398","LIED30MEAS/LLN0$Measurement","930","920","923"
"23799","422.341672571","ipcas_21:73:24","150","1","399","LIED30CTRL/LLN0$Status","1","1","0"
"23800","422.341673084","ipcas_21:73:24","147","1","399","LIED30PROT/LLN0$Alarm","1","",""
"23801","422.341673516","ipcas_21:73:24","201","1","399","LIED30MEAS/LLN0$Measurement","928","928","921"
"23852","423.445084359","ipcas_21:73:24","150","1","400","LIED30CTRL/LLN0$Status","1","1","0"
"23853","423.445084841","ipcas_21:73:24","147","1","400","LIED30PROT/LLN0$Alarm","1","",""
"23854","423.445085699","ipcas_21:73:24","201","1","400","LIED30MEAS/LLN0$Measurement","923","925","914"
"23899","424.477113707","ipcas_21:73:24","150","1","401","LIED30CTRL/LLN0$Status","1","1","0"
"23900","424.477275399","ipcas_21:73:24","147","1","401","LIED30PROT/LLN0$Alarm","1","",""
"23901","424.477395533","ipcas_21:73:24","201","1","401","LIED30MEAS/LLN0$Measurement","928","920","931"
"23967","425.549074168","ipcas_21:73:24","150","1","402","LIED30CTRL/LLN0$Status","1","1","0"
"23968","425.549074534","ipcas_21:73:24","147","1","402","LIED30PROT/LLN0$Alarm","1","",""
"23969","425.549074828","ipcas_21:73:24","201","1","402","LIED30MEAS/LLN0$Measurement","929","925","930"
"24020","426.596754713","ipcas_21:73:24","150","1","403","LIED30CTRL/LLN0$Status","1","1","0"
"24021","426.596761353","ipcas_21:73:24","147","1","403","LIED30PROT/LLN0$Alarm","1","",""
"24022","426.596762105","ipcas_21:73:24","201","1","403","LIED30MEAS/LLN0$Measurement","916","917","932"
"24058","427.654183069","ipcas_21:73:24","150","1","404","LIED30CTRL/LLN0$Status","1","1","0"
"24059","427.654183560","ipcas_21:73:24","147","1","404","LIED30PROT/LLN0$Alarm","1","",""
"24060","427.654184000","ipcas_21:73:24","201","1","404","LIED30MEAS/LLN0$Measurement","934","917","930"
"24123","428.704869789","ipcas_21:73:24","150","1","405","LIED30CTRL/LLN0$Status","1","1","0"
"24124","428.704876060","ipcas_21:73:24","147","1","405","LIED30PROT/LLN0$Alarm","1","",""
"24125","428.705020633","ipcas_21:73:24","201","1","405","LIED30MEAS/LLN0$Measurement","922","919","932"
"24187","429.776364328","ipcas_21:73:24","150","1","406","LIED30CTRL/LLN0$Status","1","1","0"
"24188","429.776367513","ipcas_21:73:24","147","1","406","LIED30PROT/LLN0$Alarm","1","",""
"24189","429.776723497","ipcas_21:73:24","201","1","406","LIED30MEAS/LLN0$Measurement","931","917","922"
"24229","430.828743723","ipcas_21:73:24","150","1","407","LIED30CTRL/LLN0$Status","1","1","0"
"24230","430.828744170","ipcas_21:73:24","147","1","407","LIED30PROT/LLN0$Alarm","1","",""
"24231","430.828744715","ipcas_21:73:24","201","1","407","LIED30MEAS/LLN0$Measurement","934","931","927"
"24293","431.934316005","ipcas_21:73:24","150","1","408","LIED30CTRL/LLN0$Status","1","1","0"
"24294","431.934322711","ipcas_21:73:24","147","1","408","LIED30PROT/LLN0$Alarm","1","",""
"24295","431.934323403","ipcas_21:73:24","201","1","408","LIED30MEAS/LLN0$Measurement","921","934","920"
"24346","432.990695214","ipcas_21:73:24","150","1","409","LIED30CTRL/LLN0$Status","1","1","0"
"24347","432.990695934","ipcas_21:73:24","147","1","409","LIED30PROT/LLN0$Alarm","1","",""
"24348","432.990696628","ipcas_21:73:24","201","1","409","LIED30MEAS/LLN0$Measurement","929","920","916"
"24399","434.032519841","ipcas_21:73:24","150","1","410","LIED30CTRL/LLN0$Status","1","1","0"
"24400","434.032524167","ipcas_21:73:24","147","1","410","LIED30PROT/LLN0$Alarm","1","",""
"24401","434.032524950","ipcas_21:73:24","201","1","410","LIED30MEAS/LLN0$Measurement","914","916","934"
"24452","435.079917662","ipcas_21:73:24","150","1","411","LIED30CTRL/LLN0$Status","1","1","0"
"24453","435.079923505","ipcas_21:73:24","147","1","411","LIED30PROT/LLN0$Alarm","1","",""
"24454","435.080154537","ipcas_21:73:24","201","1","411","LIED30MEAS/LLN0$Measurement","919","915","928"
"24505","436.129159263","ipcas_21:73:24","150","1","412","LIED30CTRL/LLN0$Status","1","1","0"
"24506","436.129162726","ipcas_21:73:24","147","1","412","LIED30PROT/LLN0$Alarm","1","",""
"24507","436.129683808","ipcas_21:73:24","201","1","412","LIED30MEAS/LLN0$Measurement","918","919","927"
"24557","437.168401746","ipcas_21:73:24","150","1","413","LIED30CTRL/LLN0$Status","1","1","0"
"24558","437.168402706","ipcas_21:73:24","147","1","413","LIED30PROT/LLN0$Alarm","1","",""
"24559","437.168403844","ipcas_21:73:24","201","1","413","LIED30MEAS/LLN0$Measurement","918","924","929"
"24611","438.250789925","ipcas_21:73:24","150","1","414","LIED30CTRL/LLN0$Status","1","1","0"
"24612","438.251063419","ipcas_21:73:24","147","1","414","LIED30PROT/LLN0$Alarm","1","",""
"24613","438.251385231","ipcas_21:73:24","201","1","414","LIED30MEAS/LLN0$Measurement","923","920","915"
"24647","439.298027715","ipcas_21:73:24","150","1","415","LIED30CTRL/LLN0$Status","1","1","0"
"24648","439.298028067","ipcas_21:73:24","147","1","415","LIED30PROT/LLN0$Alarm","1","",""
"24649","439.298028416","ipcas_21:73:24","201","1","415","LIED30MEAS/LLN0$Measurement","932","927","916"
"24706","440.331832134","ipcas_21:73:24","150","1","416","LIED30CTRL/LLN0$Status","1","1","0"
"24707","440.331832894","ipcas_21:73:24","147","1","416","LIED30PROT/LLN0$Alarm","1","",""
"24708","440.331833389","ipcas_21:73:24","201","1","416","LIED30MEAS/LLN0$Measurement","916","920","931"
"24770","441.408730052","ipcas_21:73:24","150","1","417","LIED30CTRL/LLN0$Status","1","1","0"
"24771","441.408885352","ipcas_21:73:24","147","1","417","LIED30PROT/LLN0$Alarm","1","",""
"24772","441.408887364","ipcas_21:73:24","201","1","417","LIED30MEAS/LLN0$Measurement","929","928","917"
"24823","442.491498579","ipcas_21:73:24","150","1","418","LIED30CTRL/LLN0$Status","1","1","0"
"24824","442.491717920","ipcas_21:73:24","147","1","418","LIED30PROT/LLN0$Alarm","1","",""
"24825","442.491964869","ipcas_21:73:24","201","1","418","LIED30MEAS/LLN0$Measurement","919","914","921"
"24876","443.531162334","ipcas_21:73:24","150","1","419","LIED30CTRL/LLN0$Status","1","1","0"
"24877","443.531169681","ipcas_21:73:24","147","1","419","LIED30PROT/LLN0$Alarm","1","",""
"24878","443.531391565","ipcas_21:73:24","201","1","419","LIED30MEAS/LLN0$Measurement","920","934","923"
"24924","444.580461790","ipcas_21:73:24","150","1","420","LIED30CTRL/LLN0$Status","1","1","0"
"24925","444.580462569","ipcas_21:73:24","147","1","420","LIED30PROT/LLN0$Alarm","1","",""
"24926","444.580463020","ipcas_21:73:24","201","1","420","LIED30MEAS/LLN0$Measurement","918","924","914"
"24982","445.643127618","ipcas_21:73:24","150","1","421","LIED30CTRL/LLN0$Status","1","1","0"
"24983","445.643134861","ipcas_21:73:24","147","1","421","LIED30PROT/LLN0$Alarm","1","",""
"24984","445.643135730","ipcas_21:73:24","201","1","421","LIED30MEAS/LLN0$Measurement","922","921","917"
"25035","446.707811409","ipcas_21:73:24","150","1","422","LIED30CTRL/LLN0$Status","1","1","0"
"25036","446.707817577","ipcas_21:73:24","147","1","422","LIED30PROT/LLN0$Alarm","1","",""
"25037","446.707818300","ipcas_21:73:24","201","1","422","LIED30MEAS/LLN0$Measurement","922","919","917"
"25086","447.761952778","ipcas_21:73:24","150","1","423","LIED30CTRL/LLN0$Status","1","1","0"
"25087","447.761990317","ipcas_21:73:24","147","1","423","LIED30PROT/LLN0$Alarm","1","",""
"25088","447.762017178","ipcas_21:73:24","201","1","423","LIED30MEAS/LLN0$Measurement","921","922","925"
"25133","448.818634576","ipcas_21:73:24","150","1","424","LIED30CTRL/LLN0$Status","1","1","0"
"25134","448.818643203","ipcas_21:73:24","147","1","424","LIED30PROT/LLN0$Alarm","1","",""
"25135","448.818643786","ipcas_21:73:24","201","1","424","LIED30MEAS/LLN0$Measurement","915","925","916"
"25194","449.889555199","ipcas_21:73:24","150","1","425","LIED30CTRL/LLN0$Status","1","1","0"
"25195","449.889561870","ipcas_21:73:24","147","1","425","LIED30PROT/LLN0$Alarm","1","",""
"25196","449.889562739","ipcas_21:73:24","201","1","425","LIED30MEAS/LLN0$Measurement","922","921","933"
"25242","450.968591935","ipcas_21:73:24","150","1","426","LIED30CTRL/LLN0$Status","1","1","0"
"25243","450.968595366","ipcas_21:73:24","147","1","426","LIED30PROT/LLN0$Alarm","1","",""
"25244","450.968596324","ipcas_21:73:24","201","1","426","LIED30MEAS/LLN0$Measurement","915","929","923"
"25280","452.002481903","ipcas_21:73:24","150","1","427","LIED30CTRL/LLN0$Status","1","1","0"
"25281","452.002482175","ipcas_21:73:24","147","1","427","LIED30PROT/LLN0$Alarm","1","",""
"25282","452.002482682","ipcas_21:73:24","201","1","427","LIED30MEAS/LLN0$Measurement","914","922","926"
"25333","453.077992032","ipcas_21:73:24","150","1","428","LIED30CTRL/LLN0$Status","1","1","0"
"25334","453.077994448","ipcas_21:73:24","147","1","428","LIED30PROT/LLN0$Alarm","1","",""
"25335","453.077995261","ipcas_21:73:24","201","1","428","LIED30MEAS/LLN0$Measurement","919","916","920"
"25383","454.101807418","ipcas_21:73:24","150","1","429","LIED30CTRL/LLN0$Status","1","1","0"
"25384","454.101809445","ipcas_21:73:24","147","1","429","LIED30PROT/LLN0$Alarm","1","",""
"25385","454.101809816","ipcas_21:73:24","201","1","429","LIED30MEAS/LLN0$Measurement","919","931","919"
"25436","455.155454160","ipcas_21:73:24","150","1","430","LIED30CTRL/LLN0$Status","1","1","0"
"25437","455.155457902","ipcas_21:73:24","147","1","430","LIED30PROT/LLN0$Alarm","1","",""
"25438","455.155458532","ipcas_21:73:24","201","1","430","LIED30MEAS/LLN0$Measurement","925","927","924"
"25495","456.223942104","ipcas_21:73:24","150","1","431","LIED30CTRL/LLN0$Status","1","1","0"
"25496","456.223942608","ipcas_21:73:24","147","1","431","LIED30PROT/LLN0$Alarm","1","",""
"25497","456.223943466","ipcas_21:73:24","201","1","431","LIED30MEAS/LLN0$Measurement","920","933","919"
"25556","457.288705134","ipcas_21:73:24","150","1","432","LIED30CTRL/LLN0$Status","1","1","0"
"25557","457.288714878","ipcas_21:73:24","147","1","432","LIED30PROT/LLN0$Alarm","1","",""
"25558","457.288715720","ipcas_21:73:24","201","1","432","LIED30MEAS/LLN0$Measurement","924","919","929"
"25616","458.366568907","ipcas_21:73:24","150","1","433","LIED30CTRL/LLN0$Status","1","1","0"
"25617","458.366576205","ipcas_21:73:24","147","1","433","LIED30PROT/LLN0$Alarm","1","",""
"25618","458.366577191","ipcas_21:73:24","201","1","433","LIED30MEAS/LLN0$Measurement","924","921","916"
"25671","459.444301660","ipcas_21:73:24","150","1","434","LIED30CTRL/LLN0$Status","1","1","0"
"25672","459.444924642","ipcas_21:73:24","147","1","434","LIED30PROT/LLN0$Alarm","1","",""
"25673","459.446102085","ipcas_21:73:24","201","1","434","LIED30MEAS/LLN0$Measurement","914","925","923"
"25716","460.478533306","ipcas_21:73:24","150","1","435","LIED30CTRL/LLN0$Status","1","1","0"
"25717","460.478533747","ipcas_21:73:24","147","1","435","LIED30PROT/LLN0$Alarm","1","",""
"25718","460.478534229","ipcas_21:73:24","201","1","435","LIED30MEAS/LLN0$Measurement","928","915","933"
"25769","461.524193400","ipcas_21:73:24","150","1","436","LIED30CTRL/LLN0$Status","1","1","0"
"25770","461.524193793","ipcas_21:73:24","147","1","436","LIED30PROT/LLN0$Alarm","1","",""
"25771","461.524194926","ipcas_21:73:24","201","1","436","LIED30MEAS/LLN0$Measurement","934","925","929"
"25825","462.581111356","ipcas_21:73:24","150","1","437","LIED30CTRL/LLN0$Status","1","1","0"
"25826","462.581118331","ipcas_21:73:24","147","1","437","LIED30PROT/LLN0$Alarm","1","",""
"25828","462.581119390","ipcas_21:73:24","201","1","437","LIED30MEAS/LLN0$Measurement","933","926","929"
"25869","463.649057834","ipcas_21:73:24","150","1","438","LIED30CTRL/LLN0$Status","1","1","0"
"25870","463.649060589","ipcas_21:73:24","147","1","438","LIED30PROT/LLN0$Alarm","1","",""
"25871","463.649061100","ipcas_21:73:24","201","1","438","LIED30MEAS/LLN0$Measurement","932","917","926"
"25936","464.732377076","ipcas_21:73:24","150","1","439","LIED30CTRL/LLN0$Status","1","1","0"
"25937","464.732384453","ipcas_21:73:24","147","1","439","LIED30PROT/LLN0$Alarm","1","",""
"25938","464.732385385","ipcas_21:73:24","201","1","439","LIED30MEAS/LLN0$Measurement","914","930","917"
"25978","465.777060632","ipcas_21:73:24","150","1","440","LIED30CTRL/LLN0$Status","1","1","0"
"25979","465.777068759","ipcas_21:73:24","147","1","440","LIED30PROT/LLN0$Alarm","1","",""
"25980","465.777069554","ipcas_21:73:24","201","1","440","LIED30MEAS/LLN0$Measurement","931","932","914"
"26042","466.836319095","ipcas_21:73:24","150","1","441","LIED30CTRL/LLN0$Status","1","1","0"
"26043","466.836322400","ipcas_21:73:24","147","1","441","LIED30PROT/LLN0$Alarm","1","",""
"26044","466.836323026","ipcas_21:73:24","201","1","441","LIED30MEAS/LLN0$Measurement","934","914","928"
"26095","467.889230447","ipcas_21:73:24","150","1","442","LIED30CTRL/LLN0$Status","1","1","0"
"26096","467.889238804","ipcas_21:73:24","147","1","442","LIED30PROT/LLN0$Alarm","1","",""
"26097","467.889239884","ipcas_21:73:24","201","1","442","LIED30MEAS/LLN0$Measurement","921","921","927"
"26148","469.411634765","ipcas_21:73:24","150","1","443","LIED30CTRL/LLN0$Status","1","1","0"
"26149","469.411637393","ipcas_21:73:24","147","1","443","LIED30PROT/LLN0$Alarm","1","",""
"26150","469.411862463","ipcas_21:73:24","201","1","443","LIED30MEAS/LLN0$Measurement","925","919","931"
"26201","470.434422613","ipcas_21:73:24","150","1","444","LIED30CTRL/LLN0$Status","1","1","0"
"26202","470.434423280","ipcas_21:73:24","147","1","444","LIED30PROT/LLN0$Alarm","1","",""
"26203","470.434423666","ipcas_21:73:24","201","1","444","LIED30MEAS/LLN0$Measurement","932","914","925"
"26277","472.185008834","ipcas_21:73:24","150","1","445","LIED30CTRL/LLN0$Status","1","1","0"
"26278","472.185015805","ipcas_21:73:24","147","1","445","LIED30PROT/LLN0$Alarm","1","",""
"26279","472.185016425","ipcas_21:73:24","201","1","445","LIED30MEAS/LLN0$Measurement","928","925","923"
"26330","473.291206252","ipcas_21:73:24","150","1","446","LIED30CTRL/LLN0$Status","1","1","0"
"26331","473.291207154","ipcas_21:73:24","147","1","446","LIED30PROT/LLN0$Alarm","1","",""
"26332","473.291207631","ipcas_21:73:24","201","1","446","LIED30MEAS/LLN0$Measurement","916","926","917"
"26383","474.330518240","ipcas_21:73:24","150","1","447","LIED30CTRL/LLN0$Status","1","1","0"
"26384","474.330522637","ipcas_21:73:24","147","1","447","LIED30PROT/LLN0$Alarm","1","",""
"26385","474.330523422","ipcas_21:73:24","201","1","447","LIED30MEAS/LLN0$Measurement","917","922","930"
"26436","475.360562141","ipcas_21:73:24","150","1","448","LIED30CTRL/LLN0$Status","1","1","0"
"26437","475.360565538","ipcas_21:73:24","147","1","448","LIED30PROT/LLN0$Alarm","1","",""
"26438","475.360566168","ipcas_21:73:24","201","1","448","LIED30MEAS/LLN0$Measurement","921","932","922"
"26489","476.395237554","ipcas_21:73:24","150","1","449","LIED30CTRL/LLN0$Status","1","1","0"
"26490","476.395238089","ipcas_21:73:24","147","1","449","LIED30PROT/LLN0$Alarm","1","",""
"26491","476.395238740","ipcas_21:73:24","201","1","449","LIED30MEAS/LLN0$Measurement","914","923","925"
"26542","477.432316930","ipcas_21:73:24","150","1","450","LIED30CTRL/LLN0$Status","1","1","0"
"26543","477.432320929","ipcas_21:73:24","147","1","450","LIED30PROT/LLN0$Alarm","1","",""
"26544","477.432322129","ipcas_21:73:24","201","1","450","LIED30MEAS/LLN0$Measurement","930","933","934"
"26595","478.484871023","ipcas_21:73:24","150","1","451","LIED30CTRL/LLN0$Status","1","1","0"
"26596","478.484875579","ipcas_21:73:24","147","1","451","LIED30PROT/LLN0$Alarm","1","",""
"26597","478.484876151","ipcas_21:73:24","201","1","451","LIED30MEAS/LLN0$Measurement","932","916","922"
"26648","479.538028152","ipcas_21:73:24","150","1","452","LIED30CTRL/LLN0$Status","1","1","0"
"26649","479.538031333","ipcas_21:73:24","147","1","452","LIED30PROT/LLN0$Alarm","1","",""
"26650","479.538264132","ipcas_21:73:24","201","1","452","LIED30MEAS/LLN0$Measurement","922","914","915"
"26701","480.593967784","ipcas_21:73:24","150","1","453","LIED30CTRL/LLN0$Status","1","1","0"
"26702","480.594128185","ipcas_21:73:24","147","1","453","LIED30PROT/LLN0$Alarm","1","",""
"26703","480.594130805","ipcas_21:73:24","201","1","453","LIED30MEAS/LLN0$Measurement","929","928","932"
"26754","481.650185058","ipcas_21:73:24","150","1","454","LIED30CTRL/LLN0$Status","1","1","0"
"26755","481.650185722","ipcas_21:73:24","147","1","454","LIED30PROT/LLN0$Alarm","1","",""
"26756","481.650186026","ipcas_21:73:24","201","1","454","LIED30MEAS/LLN0$Measurement","915","926","924"
"26807","482.683093540","ipcas_21:73:24","150","1","455","LIED30CTRL/LLN0$Status","1","1","0"
"26808","482.683354612","ipcas_21:73:24","147","1","455","LIED30PROT/LLN0$Alarm","1","",""
"26809","482.683739564","ipcas_21:73:24","201","1","455","LIED30MEAS/LLN0$Measurement","919","924","919"
"26860","483.724854087","ipcas_21:73:24","150","1","456","LIED30CTRL/LLN0$Status","1","1","0"
"26861","483.724854437","ipcas_21:73:24","147","1","456","LIED30PROT/LLN0$Alarm","1","",""
"26862","483.724855103","ipcas_21:73:24","201","1","456","LIED30MEAS/LLN0$Measurement","920","921","918"
"26913","484.750955197","ipcas_21:73:24","150","1","457","LIED30CTRL/LLN0$Status","1","1","0"
"26914","484.750955520","ipcas_21:73:24","147","1","457","LIED30PROT/LLN0$Alarm","1","",""
"26915","484.750956069","ipcas_21:73:24","201","1","457","LIED30MEAS/LLN0$Measurement","930","925","917"
"26966","485.786280853","ipcas_21:73:24","150","1","458","LIED30CTRL/LLN0$Status","1","1","0"
"26967","485.786281729","ipcas_21:73:24","147","1","458","LIED30PROT/LLN0$Alarm","1","",""
"26968","485.786282259","ipcas_21:73:24","201","1","458","LIED30MEAS/LLN0$Measurement","931","934","915"
"27019","486.790919263","ipcas_21:73:24","150","1","459","LIED30CTRL/LLN0$Status","1","1","0"
"27020","486.790922443","ipcas_21:73:24","147","1","459","LIED30PROT/LLN0$Alarm","1","",""
"27021","486.790922864","ipcas_21:73:24","201","1","459","LIED30MEAS/LLN0$Measurement","933","932","915"
"27061","487.827715710","ipcas_21:73:24","150","1","460","LIED30CTRL/LLN0$Status","1","1","0"
"27062","487.827716010","ipcas_21:73:24","147","1","460","LIED30PROT/LLN0$Alarm","1","",""
"27063","487.827717091","ipcas_21:73:24","201","1","460","LIED30MEAS/LLN0$Measurement","931","926","927"
"27102","488.849614184","ipcas_21:73:24","150","1","461","LIED30CTRL/LLN0$Status","1","1","0"
"27103","488.849614803","ipcas_21:73:24","147","1","461","LIED30PROT/LLN0$Alarm","1","",""
"27104","488.849615456","ipcas_21:73:24","201","1","461","LIED30MEAS/LLN0$Measurement","926","926","928"
"27157","489.906071234","ipcas_21:73:24","150","1","462","LIED30CTRL/LLN0$Status","1","1","0"
"27159","489.906072567","ipcas_21:73:24","147","1","462","LIED30PROT/LLN0$Alarm","1","",""
"27180","489.906084979","ipcas_21:73:24","201","1","462","LIED30MEAS/LLN0$Measurement","922","922","925"
"27220","490.945675157","ipcas_21:73:24","150","1","463","LIED30CTRL/LLN0$Status","1","1","0"
"27221","490.945675785","ipcas_21:73:24","147","1","463","LIED30PROT/LLN0$Alarm","1","",""
"27222","490.945676142","ipcas_21:73:24","201","1","463","LIED30MEAS/LLN0$Measurement","933","924","930"
"27261","491.967889000","ipcas_21:73:24","150","1","464","LIED30CTRL/LLN0$Status","1","1","0"
"27262","491.967889363","ipcas_21:73:24","147","1","464","LIED30PROT/LLN0$Alarm","1","",""
"27263","491.967889977","ipcas_21:73:24","201","1","464","LIED30MEAS/LLN0$Measurement","922","916","934"
"27314","492.993731836","ipcas_21:73:24","150","1","465","LIED30CTRL/LLN0$Status","1","1","0"
"27315","492.993732614","ipcas_21:73:24","147","1","465","LIED30PROT/LLN0$Alarm","1","",""
"27316","492.993733067","ipcas_21:73:24","201","1","465","LIED30MEAS/LLN0$Measurement","918","931","922"
"27367","494.025615385","ipcas_21:73:24","150","1","466","LIED30CTRL/LLN0$Status","1","1","0"
"27368","494.025615682","ipcas_21:73:24","147","1","466","LIED30PROT/LLN0$Alarm","1","",""
"27369","494.025616436","ipcas_21:73:24","201","1","466","LIED30MEAS/LLN0$Measurement","914","914","925"
"27420","495.061405769","ipcas_21:73:24","150","1","467","LIED30CTRL/LLN0$Status","1","1","0"
"27421","495.061409352","ipcas_21:73:24","147","1","467","LIED30PROT/LLN0$Alarm","1","",""
"27422","495.061409811","ipcas_21:73:24","201","1","467","LIED30MEAS/LLN0$Measurement","926","933","919"
"27473","496.096836936","ipcas_21:73:24","150","1","468","LIED30CTRL/LLN0$Status","1","1","0"
"27474","496.096837596","ipcas_21:73:24","147","1","468","LIED30PROT/LLN0$Alarm","1","",""
"27475","496.096838423","ipcas_21:73:24","201","1","468","LIED30MEAS/LLN0$Measurement","924","917","933"
"27526","497.133937092","ipcas_21:73:24","150","1","469","LIED30CTRL/LLN0$Status","1","1","0"
"27527","497.133939377","ipcas_21:73:24","147","1","469","LIED30PROT/LLN0$Alarm","1","",""
"27528","497.133940209","ipcas_21:73:24","201","1","469","LIED30MEAS/LLN0$Measurement","914","933","934"
"27579","498.196025781","ipcas_21:73:24","150","1","470","LIED30CTRL/LLN0$Status","1","1","0"
"27580","498.196041531","ipcas_21:73:24","147","1","470","LIED30PROT/LLN0$Alarm","1","",""
"27581","498.196043013","ipcas_21:73:24","201","1","470","LIED30MEAS/LLN0$Measurement","927","920","924"
"27632","499.240038759","ipcas_21:73:24","150","1","471","LIED30CTRL/LLN0$Status","1","1","0"
"27633","499.240047312","ipcas_21:73:24","147","1","471","LIED30PROT/LLN0$Alarm","1","",""
"27634","499.240048864","ipcas_21:73:24","201","1","471","LIED30MEAS/LLN0$Measurement","930","924","928"
"27685","500.258476511","ipcas_21:73:24","150","1","472","LIED30CTRL/LLN0$Status","1","1","0"
"27686","500.258480958","ipcas_21:73:24","147","1","472","LIED30PROT/LLN0$Alarm","1","",""
"27687","500.258482044","ipcas_21:73:24","201","1","472","LIED30MEAS/LLN0$Measurement","925","922","931"
"27738","501.283346983","ipcas_21:73:24","150","1","473","LIED30CTRL/LLN0$Status","1","1","0"
"27739","501.283347775","ipcas_21:73:24","147","1","473","LIED30PROT/LLN0$Alarm","1","",""
"27740","501.283348851","ipcas_21:73:24","201","1","473","LIED30MEAS/LLN0$Measurement","925","928","928"
"27791","502.308165855","ipcas_21:73:24","150","1","474","LIED30CTRL/LLN0$Status","1","1","0"
"27792","502.308168824","ipcas_21:73:24","147","1","474","LIED30PROT/LLN0$Alarm","1","",""
"27793","502.308169697","ipcas_21:73:24","201","1","474","LIED30MEAS/LLN0$Measurement","921","917","927"
"27844","503.352219490","ipcas_21:73:24","150","1","475","LIED30CTRL/LLN0$Status","1","1","0"
"27845","503.352224703","ipcas_21:73:24","147","1","475","LIED30PROT/LLN0$Alarm","1","",""
"27846","503.352225745","ipcas_21:73:24","201","1","475","LIED30MEAS/LLN0$Measurement","924","926","924"
"27897","504.392369832","ipcas_21:73:24","150","1","476","LIED30CTRL/LLN0$Status","1","1","0"
"27898","504.392374535","ipcas_21:73:24","147","1","476","LIED30PROT/LLN0$Alarm","1","",""
"27899","504.392940001","ipcas_21:73:24","201","1","476","LIED30MEAS/LLN0$Measurement","923","917","923"
"27950","505.424329260","ipcas_21:73:24","150","1","477","LIED30CTRL/LLN0$Status","1","1","0"
"27951","505.424334940","ipcas_21:73:24","147","1","477","LIED30PROT/LLN0$Alarm","1","",""
"27952","505.424336002","ipcas_21:73:24","201","1","477","LIED30MEAS/LLN0$Measurement","917","934","931"
"28003","506.470655075","ipcas_21:73:24","150","1","478","LIED30CTRL/LLN0$Status","1","1","0"
"28004","506.470658105","ipcas_21:73:24","147","1","478","LIED30PROT/LLN0$Alarm","1","",""
"28005","506.470658803","ipcas_21:73:24","201","1","478","LIED30MEAS/LLN0$Measurement","930","929","920"
"28056","507.512866429","ipcas_21:73:24","150","1","479","LIED30CTRL/LLN0$Status","1","1","0"
"28057","507.513244257","ipcas_21:73:24","147","1","479","LIED30PROT/LLN0$Alarm","1","",""
"28058","507.513376988","ipcas_21:73:24","201","1","479","LIED30MEAS/LLN0$Measurement","918","915","925"
"28109","508.544716022","ipcas_21:73:24","150","1","480","LIED30CTRL/LLN0$Status","1","1","0"
"28110","508.544716434","ipcas_21:73:24","147","1","480","LIED30PROT/LLN0$Alarm","1","",""
"28111","508.544717010","ipcas_21:73:24","201","1","480","LIED30MEAS/LLN0$Measurement","933","924","931"
"28162","509.582870956","ipcas_21:73:24","150","1","481","LIED30CTRL/LLN0$Status","1","1","0"
"28163","509.582874183","ipcas_21:73:24","147","1","481","LIED30PROT/LLN0$Alarm","1","",""
"28164","509.582874546","ipcas_21:73:24","201","1","481","LIED30MEAS/LLN0$Measurement","934","924","925"
"28215","510.617071644","ipcas_21:73:24","150","1","482","LIED30CTRL/LLN0$Status","1","1","0"
"28216","510.617072959","ipcas_21:73:24","147","1","482","LIED30PROT/LLN0$Alarm","1","",""
"28217","510.617073567","ipcas_21:73:24","201","1","482","LIED30MEAS/LLN0$Measurement","924","920","925"
"28268","511.656871501","ipcas_21:73:24","150","1","483","LIED30CTRL/LLN0$Status","1","1","0"
"28269","511.656872499","ipcas_21:73:24","147","1","483","LIED30PROT/LLN0$Alarm","1","",""
"28270","511.656873593","ipcas_21:73:24","201","1","483","LIED30MEAS/LLN0$Measurement","931","914","932"
"28321","512.710012130","ipcas_21:73:24","150","1","484","LIED30CTRL/LLN0$Status","1","1","0"
"28322","512.710524678","ipcas_21:73:24","147","1","484","LIED30PROT/LLN0$Alarm","1","",""
"28323","512.710933909","ipcas_21:73:24","201","1","484","LIED30MEAS/LLN0$Measurement","918","915","914"
"28374","513.753363164","ipcas_21:73:24","150","1","485","LIED30CTRL/LLN0$Status","1","1","0"
"28375","513.753366683","ipcas_21:73:24","147","1","485","LIED30PROT/LLN0$Alarm","1","",""
"28376","513.753367425","ipcas_21:73:24","201","1","485","LIED30MEAS/LLN0$Measurement","922","918","926"
"28427","514.799947982","ipcas_21:73:24","150","1","486","LIED30CTRL/LLN0$Status","1","1","0"
"28428","514.799948847","ipcas_21:73:24","147","1","486","LIED30PROT/LLN0$Alarm","1","",""
"28429","514.799949736","ipcas_21:73:24","201","1","486","LIED30MEAS/LLN0$Measurement","920","915","934"
"28480","515.823598050","ipcas_21:73:24","150","1","487","LIED30CTRL/LLN0$Status","1","1","0"
"28481","515.823601744","ipcas_21:73:24","147","1","487","LIED30PROT/LLN0$Alarm","1","",""
"28482","515.823789559","ipcas_21:73:24","201","1","487","LIED30MEAS/LLN0$Measurement","928","923","919"
"28539","516.876210079","ipcas_21:73:24","150","1","488","LIED30CTRL/LLN0$Status","1","1","0"
"28540","516.876214279","ipcas_21:73:24","147","1","488","LIED30PROT/LLN0$Alarm","1","",""
"28541","516.876215504","ipcas_21:73:24","201","1","488","LIED30MEAS/LLN0$Measurement","926","919","927"
"28592","517.970381989","ipcas_21:73:24","150","1","489","LIED30CTRL/LLN0$Status","1","1","0"
"28593","517.970382303","ipcas_21:73:24","147","1","489","LIED30PROT/LLN0$Alarm","1","",""
"28594","517.970382888","ipcas_21:73:24","201","1","489","LIED30MEAS/LLN0$Measurement","930","921","923"
"28639","519.000746329","ipcas_21:73:24","150","1","490","LIED30CTRL/LLN0$Status","1","1","0"
"28640","519.000748691","ipcas_21:73:24","147","1","490","LIED30PROT/LLN0$Alarm","1","",""
"28641","519.000749309","ipcas_21:73:24","201","1","490","LIED30MEAS/LLN0$Measurement","924","925","923"
"28692","520.029899187","ipcas_21:73:24","150","1","491","LIED30CTRL/LLN0$Status","1","1","0"
"28693","520.029899715","ipcas_21:73:24","147","1","491","LIED30PROT/LLN0$Alarm","1","",""
"28694","520.029900439","ipcas_21:73:24","201","1","491","LIED30MEAS/LLN0$Measurement","924","915","922"
"28745","521.075806098","ipcas_21:73:24","150","1","492","LIED30CTRL/LLN0$Status","1","1","0"
"28746","521.075809554","ipcas_21:73:24","147","1","492","LIED30PROT/LLN0$Alarm","1","",""
"28747","521.076055380","ipcas_21:73:24","201","1","492","LIED30MEAS/LLN0$Measurement","922","916","927"
"28801","522.136937638","ipcas_21:73:24","150","1","493","LIED30CTRL/LLN0$Status","1","1","0"
"28802","522.136942598","ipcas_21:73:24","147","1","493","LIED30PROT/LLN0$Alarm","1","",""
"28803","522.136943595","ipcas_21:73:24","201","1","493","LIED30MEAS/LLN0$Measurement","922","933","929"
"28874","523.719934801","ipcas_21:73:24","150","1","494","LIED30CTRL/LLN0$Status","1","1","0"
"28875","523.720251007","ipcas_21:73:24","147","1","494","LIED30PROT/LLN0$Alarm","1","",""
"28876","523.720252840","ipcas_21:73:24","201","1","494","LIED30MEAS/LLN0$Measurement","925","915","933"
"28927","524.760216074","ipcas_21:73:24","150","1","495","LIED30CTRL/LLN0$Status","1","1","0"
"28928","524.760223097","ipcas_21:73:24","147","1","495","LIED30PROT/LLN0$Alarm","1","",""
"28929","524.760224068","ipcas_21:73:24","201","1","495","LIED30MEAS/LLN0$Measurement","926","922","922"
"28980","525.791102724","ipcas_21:73:24","150","1","496","LIED30CTRL/LLN0$Status","1","1","0"
"28981","525.791107447","ipcas_21:73:24","147","1","496","LIED30PROT/LLN0$Alarm","1","",""
"28982","525.791108128","ipcas_21:73:24","201","1","496","LIED30MEAS/LLN0$Measurement","928","929","932"
"29033","526.830385752","ipcas_21:73:24","150","1","497","LIED30CTRL/LLN0$Status","1","1","0"
"29034","526.830808341","ipcas_21:73:24","147","1","497","LIED30PROT/LLN0$Alarm","1","",""
"29035","526.830811866","ipcas_21:73:24","201","1","497","LIED30MEAS/LLN0$Measurement","923","933","918"
"29086","527.863076271","ipcas_21:73:24","150","1","498","LIED30CTRL/LLN0$Status","1","1","0"
"29087","527.863079869","ipcas_21:73:24","147","1","498","LIED30PROT/LLN0$Alarm","1","",""
"29088","527.863080728","ipcas_21:73:24","201","1","498","LIED30MEAS/LLN0$Measurement","916","928","933"
"29139","528.905926422","ipcas_21:73:24","150","1","499","LIED30CTRL/LLN0$Status","1","1","0"
"29140","528.906065055","ipcas_21:73:24","147","1","499","LIED30PROT/LLN0$Alarm","1","",""
"29141","528.906098208","ipcas_21:73:24","201","1","499","LIED30MEAS/LLN0$Measurement","932","933","915"
"29192","529.943292937","ipcas_21:73:24","150","1","500","LIED30CTRL/LLN0$Status","1","1","0"
"29193","529.943294732","ipcas_21:73:24","147","1","500","LIED30PROT/LLN0$Alarm","1","",""
"29194","529.943295069","ipcas_21:73:24","201","1","500","LIED30MEAS/LLN0$Measurement","919","923","917"
"29245","530.979488723","ipcas_21:73:24","150","1","501","LIED30CTRL/LLN0$Status","1","1","0"
"29246","530.979493263","ipcas_21:73:24","147","1","501","LIED30PROT/LLN0$Alarm","1","",""
"29247","530.979493992","ipcas_21:73:24","201","1","501","LIED30MEAS/LLN0$Measurement","914","930","927"
"29298","532.019327824","ipcas_21:73:24","150","1","502","LIED30CTRL/LLN0$Status","1","1","0"
"29299","532.019328914","ipcas_21:73:24","147","1","502","LIED30PROT/LLN0$Alarm","1","",""
"29300","532.019330187","ipcas_21:73:24","201","1","502","LIED30MEAS/LLN0$Measurement","921","930","920"
"29351","533.047982818","ipcas_21:73:24","150","1","503","LIED30CTRL/LLN0$Status","1","1","0"
"29352","533.047983656","ipcas_21:73:24","147","1","503","LIED30PROT/LLN0$Alarm","1","",""
"29353","533.047984191","ipcas_21:73:24","201","1","503","LIED30MEAS/LLN0$Measurement","931","924","930"
"29404","534.092459112","ipcas_21:73:24","150","1","504","LIED30CTRL/LLN0$Status","1","1","0"
"29405","534.092462659","ipcas_21:73:24","147","1","504","LIED30PROT/LLN0$Alarm","1","",""
"29406","534.092463684","ipcas_21:73:24","201","1","504","LIED30MEAS/LLN0$Measurement","922","934","923"
"29457","535.173184295","ipcas_21:73:24","150","1","505","LIED30CTRL/LLN0$Status","1","1","0"
"29458","535.173187031","ipcas_21:73:24","147","1","505","LIED30PROT/LLN0$Alarm","1","",""
"29459","535.173187660","ipcas_21:73:24","201","1","505","LIED30MEAS/LLN0$Measurement","929","925","927"
"29510","536.218470107","ipcas_21:73:24","150","1","506","LIED30CTRL/LLN0$Status","1","1","0"
"29511","536.218474985","ipcas_21:73:24","147","1","506","LIED30PROT/LLN0$Alarm","1","",""
"29512","536.218476111","ipcas_21:73:24","201","1","506","LIED30MEAS/LLN0$Measurement","917","918","925"
"29563","537.252432514","ipcas_21:73:24","150","1","507","LIED30CTRL/LLN0$Status","1","1","0"
"29564","537.252433055","ipcas_21:73:24","147","1","507","LIED30PROT/LLN0$Alarm","1","",""
"29565","537.252433799","ipcas_21:73:24","201","1","507","LIED30MEAS/LLN0$Measurement","917","915","930"
"29616","538.307657909","ipcas_21:73:24","150","1","508","LIED30CTRL/LLN0$Status","1","1","0"
"29617","538.307660323","ipcas_21:73:24","147","1","508","LIED30PROT/LLN0$Alarm","1","",""
"29618","538.307661121","ipcas_21:73:24","201","1","508","LIED30MEAS/LLN0$Measurement","921","915","927"
"29669","539.353662202","ipcas_21:73:24","150","1","509","LIED30CTRL/LLN0$Status","1","1","0"
"29670","539.353665516","ipcas_21:73:24","147","1","509","LIED30PROT/LLN0$Alarm","1","",""
"29671","539.353666227","ipcas_21:73:24","201","1","509","LIED30MEAS/LLN0$Measurement","922","921","929"
"29722","540.407564432","ipcas_21:73:24","150","1","510","LIED30CTRL/LLN0$Status","1","1","0"
"29723","540.407566969","ipcas_21:73:24","147","1","510","LIED30PROT/LLN0$Alarm","1","",""
"29724","540.407567604","ipcas_21:73:24","201","1","510","LIED30MEAS/LLN0$Measurement","919","914","922"
"29775","541.450593818","ipcas_21:73:24","150","1","511","LIED30CTRL/LLN0$Status","1","1","0"
"29776","541.450596861","ipcas_21:73:24","147","1","511","LIED30PROT/LLN0$Alarm","1","",""
"29777","541.450597673","ipcas_21:73:24","201","1","511","LIED30MEAS/LLN0$Measurement","917","928","917"
"29828","542.511079176","ipcas_21:73:24","150","1","512","LIED30CTRL/LLN0$Status","1","1","0"
"29829","542.511083219","ipcas_21:73:24","147","1","512","LIED30PROT/LLN0$Alarm","1","",""
"29830","542.511319895","ipcas_21:73:24","201","1","512","LIED30MEAS/LLN0$Measurement","934","919","920"
"29881","543.585834783","ipcas_21:73:24","150","1","513","LIED30CTRL/LLN0$Status","1","1","0"
"29882","543.585837701","ipcas_21:73:24","147","1","513","LIED30PROT/LLN0$Alarm","1","",""
"29883","543.585838412","ipcas_21:73:24","201","1","513","LIED30MEAS/LLN0$Measurement","915","916","923"
"29934","544.625101804","ipcas_21:73:24","150","1","514","LIED30CTRL/LLN0$Status","1","1","0"
"29935","544.625106150","ipcas_21:73:24","147","1","514","LIED30PROT/LLN0$Alarm","1","",""
"29936","544.625106941","ipcas_21:73:24","201","1","514","LIED30MEAS/LLN0$Measurement","918","929","933"
"29987","545.648351786","ipcas_21:73:24","150","1","515","LIED30CTRL/LLN0$Status","1","1","0"
"29988","545.648356575","ipcas_21:73:24","147","1","515","LIED30PROT/LLN0$Alarm","1","",""
"29989","545.648357459","ipcas_21:73:24","201","1","515","LIED30MEAS/LLN0$Measurement","930","915","921"
"30040","546.692015627","ipcas_21:73:24","150","1","516","LIED30CTRL/LLN0$Status","1","1","0"
"30041","546.692019575","ipcas_21:73:24","147","1","516","LIED30PROT/LLN0$Alarm","1","",""
"30042","546.692020341","ipcas_21:73:24","201","1","516","LIED30MEAS/LLN0$Measurement","929","930","919"
"30093","547.743226887","ipcas_21:73:24","150","1","517","LIED30CTRL/LLN0$Status","1","1","0"
"30094","547.743545335","ipcas_21:73:24","147","1","517","LIED30PROT/LLN0$Alarm","1","",""
"30095","547.743548839","ipcas_21:73:24","201","1","517","LIED30MEAS/LLN0$Measurement","927","931","931"
"30146","548.768137209","ipcas_21:73:24","150","1","518","LIED30CTRL/LLN0$Status","1","1","0"
"30147","548.768139815","ipcas_21:73:24","147","1","518","LIED30PROT/LLN0$Alarm","1","",""
"30148","548.768140340","ipcas_21:73:24","201","1","518","LIED30MEAS/LLN0$Measurement","933","920","914"
"30199","549.813275258","ipcas_21:73:24","150","1","519","LIED30CTRL/LLN0$Status","1","1","0"
"30200","549.813477092","ipcas_21:73:24","147","1","519","LIED30PROT/LLN0$Alarm","1","",""
"30201","549.813714068","ipcas_21:73:24","201","1","519","LIED30MEAS/LLN0$Measurement","928","925","928"
"30252","550.861202017","ipcas_21:73:24","150","1","520","LIED30CTRL/LLN0$Status","1","1","0"
"30253","550.861207175","ipcas_21:73:24","147","1","520","LIED30PROT/LLN0$Alarm","1","",""
"30254","550.861208610","ipcas_21:73:24","201","1","520","LIED30MEAS/LLN0$Measurement","927","933","931"
"30305","551.895618968","ipcas_21:73:24","150","1","521","LIED30CTRL/LLN0$Status","1","1","0"
"30306","551.895963931","ipcas_21:73:24","147","1","521","LIED30PROT/LLN0$Alarm","1","",""
"30307","551.895967553","ipcas_21:73:24","201","1","521","LIED30MEAS/LLN0$Measurement","928","933","934"
"30358","552.939877651","ipcas_21:73:24","150","1","522","LIED30CTRL/LLN0$Status","1","1","0"
"30359","552.939881263","ipcas_21:73:24","147","1","522","LIED30PROT/LLN0$Alarm","1","",""
"30360","552.939965971","ipcas_21:73:24","201","1","522","LIED30MEAS/LLN0$Measurement","919","916","925"
"30411","553.961184410","ipcas_21:73:24","150","1","523","LIED30CTRL/LLN0$Status","1","1","0"
"30412","553.961627007","ipcas_21:73:24","147","1","523","LIED30PROT/LLN0$Alarm","1","",""
"30413","553.961863895","ipcas_21:73:24","201","1","523","LIED30MEAS/LLN0$Measurement","933","927","928"
"30464","555.006419719","ipcas_21:73:24","150","1","524","LIED30CTRL/LLN0$Status","1","1","0"
"30465","555.006422836","ipcas_21:73:24","147","1","524","LIED30PROT/LLN0$Alarm","1","",""
"30466","555.006423622","ipcas_21:73:24","201","1","524","LIED30MEAS/LLN0$Measurement","914","921","928"
"30517","556.055029396","ipcas_21:73:24","150","1","525","LIED30CTRL/LLN0$Status","1","1","0"
"30518","556.055442385","ipcas_21:73:24","147","1","525","LIED30PROT/LLN0$Alarm","1","",""
"30519","556.055446461","ipcas_21:73:24","201","1","525","LIED30MEAS/LLN0$Measurement","925","933","929"
"30570","557.101414867","ipcas_21:73:24","150","1","526","LIED30CTRL/LLN0$Status","1","1","0"
"30571","557.101484722","ipcas_21:73:24","147","1","526","LIED30PROT/LLN0$Alarm","1","",""
"30572","557.101566060","ipcas_21:73:24","201","1","526","LIED30MEAS/LLN0$Measurement","918","926","931"
"30623","558.149718415","ipcas_21:73:24","150","1","527","LIED30CTRL/LLN0$Status","1","1","0"
"30624","558.149719169","ipcas_21:73:24","147","1","527","LIED30PROT/LLN0$Alarm","1","",""
"30625","558.149719703","ipcas_21:73:24","201","1","527","LIED30MEAS/LLN0$Measurement","932","933","917"
"30676","559.182858815","ipcas_21:73:24","150","1","528","LIED30CTRL/LLN0$Status","1","1","0"
"30677","559.183092040","ipcas_21:73:24","147","1","528","LIED30PROT/LLN0$Alarm","1","",""
"30678","559.183095868","ipcas_21:73:24","201","1","528","LIED30MEAS/LLN0$Measurement","917","923","918"
"30729","560.222655208","ipcas_21:73:24","150","1","529","LIED30CTRL/LLN0$Status","1","1","0"
"30730","560.222754664","ipcas_21:73:24","147","1","529","LIED30PROT/LLN0$Alarm","1","",""
"30731","560.223075733","ipcas_21:73:24","201","1","529","LIED30MEAS/LLN0$Measurement","919","926","920"
"30782","561.282058757","ipcas_21:73:24","150","1","530","LIED30CTRL/LLN0$Status","1","1","0"
"30783","561.282195233","ipcas_21:73:24","147","1","530","LIED30PROT/LLN0$Alarm","1","",""
"30784","561.282199376","ipcas_21:73:24","201","1","530","LIED30MEAS/LLN0$Measurement","924","917","919"
"30835","562.323838863","ipcas_21:73:24","150","1","531","LIED30CTRL/LLN0$Status","1","1","0"
"30836","562.323839516","ipcas_21:73:24","147","1","531","LIED30PROT/LLN0$Alarm","1","",""
"30837","562.323839795","ipcas_21:73:24","201","1","531","LIED30MEAS/LLN0$Measurement","915","932","925"
"30888","563.340703099","ipcas_21:73:24","150","1","532","LIED30CTRL/LLN0$Status","1","1","0"
"30889","563.340708000","ipcas_21:73:24","147","1","532","LIED30PROT/LLN0$Alarm","1","",""
"30890","563.340708582","ipcas_21:73:24","201","1","532","LIED30MEAS/LLN0$Measurement","934","925","915"
"30941","564.358381388","ipcas_21:73:24","150","1","533","LIED30CTRL/LLN0$Status","1","1","0"
"30942","564.358384293","ipcas_21:73:24","147","1","533","LIED30PROT/LLN0$Alarm","1","",""
"30943","564.358384979","ipcas_21:73:24","201","1","533","LIED30MEAS/LLN0$Measurement","917","920","917"
"30994","565.377030260","ipcas_21:73:24","150","1","534","LIED30CTRL/LLN0$Status","1","1","0"
"30995","565.377030787","ipcas_21:73:24","147","1","534","LIED30PROT/LLN0$Alarm","1","",""
"30996","565.377031081","ipcas_21:73:24","201","1","534","LIED30MEAS/LLN0$Measurement","929","922","920"
"31047","566.414169730","ipcas_21:73:24","150","1","535","LIED30CTRL/LLN0$Status","1","1","0"
"31048","566.414170119","ipcas_21:73:24","147","1","535","LIED30PROT/LLN0$Alarm","1","",""
"31049","566.414170479","ipcas_21:73:24","201","1","535","LIED30MEAS/LLN0$Measurement","917","924","914"
"31100","567.450722303","ipcas_21:73:24","150","1","536","LIED30CTRL/LLN0$Status","1","1","0"
"31101","567.450726833","ipcas_21:73:24","147","1","536","LIED30PROT/LLN0$Alarm","1","",""
"31102","567.450727838","ipcas_21:73:24","201","1","536","LIED30MEAS/LLN0$Measurement","916","924","914"
"31153","568.479727497","ipcas_21:73:24","150","1","537","LIED30CTRL/LLN0$Status","1","1","0"
"31154","568.479731498","ipcas_21:73:24","147","1","537","LIED30PROT/LLN0$Alarm","1","",""
"31155","568.479732365","ipcas_21:73:24","201","1","537","LIED30MEAS/LLN0$Measurement","918","918","931"
"31206","569.506184197","ipcas_21:73:24","150","1","538","LIED30CTRL/LLN0$Status","1","1","0"
"31207","569.506190232","ipcas_21:73:24","147","1","538","LIED30PROT/LLN0$Alarm","1","",""
"31208","569.506475259","ipcas_21:73:24","201","1","538","LIED30MEAS/LLN0$Measurement","920","914","919"
"31263","570.558756944","ipcas_21:73:24","150","1","539","LIED30CTRL/LLN0$Status","1","1","0"
"31264","570.558760984","ipcas_21:73:24","147","1","539","LIED30PROT/LLN0$Alarm","1","",""
"31265","570.558998665","ipcas_21:73:24","201","1","539","LIED30MEAS/LLN0$Measurement","924","922","915"
"31325","571.632589453","ipcas_21:73:24","150","1","540","LIED30CTRL/LLN0$Status","1","1","0"
"31326","571.632731686","ipcas_21:73:24","147","1","540","LIED30PROT/LLN0$Alarm","1","",""
"31327","571.632736389","ipcas_21:73:24","201","1","540","LIED30MEAS/LLN0$Measurement","922","934","932"
"31381","572.683892652","ipcas_21:73:24","150","1","541","LIED30CTRL/LLN0$Status","1","1","0"
"31382","572.684244576","ipcas_21:73:24","147","1","541","LIED30PROT/LLN0$Alarm","1","",""
"31383","572.684259965","ipcas_21:73:24","201","1","541","LIED30MEAS/LLN0$Measurement","931","920","930"
"31435","573.729427297","ipcas_21:73:24","150","1","542","LIED30CTRL/LLN0$Status","1","1","0"
"31436","573.729434874","ipcas_21:73:24","147","1","542","LIED30PROT/LLN0$Alarm","1","",""
"31437","573.729435448","ipcas_21:73:24","201","1","542","LIED30MEAS/LLN0$Measurement","920","923","924"
"31490","574.778796551","ipcas_21:73:24","150","1","543","LIED30CTRL/LLN0$Status","1","1","0"
"31491","574.778907754","ipcas_21:73:24","147","1","543","LIED30PROT/LLN0$Alarm","1","",""
"31492","574.778911907","ipcas_21:73:24","201","1","543","LIED30MEAS/LLN0$Measurement","926","918","918"
"31544","575.838435031","ipcas_21:73:24","150","1","544","LIED30CTRL/LLN0$Status","1","1","0"
"31545","575.838439066","ipcas_21:73:24","147","1","544","LIED30PROT/LLN0$Alarm","1","",""
"31546","575.838439464","ipcas_21:73:24","201","1","544","LIED30MEAS/LLN0$Measurement","923","931","922"
"31598","576.886235515","ipcas_21:73:24","150","1","545","LIED30CTRL/LLN0$Status","1","1","0"
"31599","576.886241044","ipcas_21:73:24","147","1","545","LIED30PROT/LLN0$Alarm","1","",""
"31600","576.886241550","ipcas_21:73:24","201","1","545","LIED30MEAS/LLN0$Measurement","932","916","922"
"31652","577.938884911","ipcas_21:73:24","150","1","546","LIED30CTRL/LLN0$Status","1","1","0"
"31653","577.938888800","ipcas_21:73:24","147","1","546","LIED30PROT/LLN0$Alarm","1","",""
"31654","577.938889179","ipcas_21:73:24","201","1","546","LIED30MEAS/LLN0$Measurement","919","928","933"
"31705","578.975011830","ipcas_21:73:24","150","1","547","LIED30CTRL/LLN0$Status","1","1","0"
"31706","578.975012337","ipcas_21:73:24","147","1","547","LIED30PROT/LLN0$Alarm","1","",""
"31707","578.975013008","ipcas_21:73:24","201","1","547","LIED30MEAS/LLN0$Measurement","930","920","920"
"31759","580.000472829","ipcas_21:73:24","150","1","548","LIED30CTRL/LLN0$Status","1","1","0"
"31760","580.000473218","ipcas_21:73:24","147","1","548","LIED30PROT/LLN0$Alarm","1","",""
"31761","580.000473718","ipcas_21:73:24","201","1","548","LIED30MEAS/LLN0$Measurement","926","928","928"
"31812","581.021597379","ipcas_21:73:24","150","1","549","LIED30CTRL/LLN0$Status","1","1","0"
"31813","581.021597999","ipcas_21:73:24","147","1","549","LIED30PROT/LLN0$Alarm","1","",""
"31814","581.021598670","ipcas_21:73:24","201","1","549","LIED30MEAS/LLN0$Measurement","928","928","922"
"31865","582.068679667","ipcas_21:73:24","150","1","550","LIED30CTRL/LLN0$Status","1","1","0"
"31866","582.069345246","ipcas_21:73:24","147","1","550","LIED30PROT/LLN0$Alarm","1","",""
"31867","582.069350117","ipcas_21:73:24","201","1","550","LIED30MEAS/LLN0$Measurement","919","932","930"
"31919","583.161591087","ipcas_21:73:24","150","1","551","LIED30CTRL/LLN0$Status","1","1","0"
"31920","583.161593630","ipcas_21:73:24","147","1","551","LIED30PROT/LLN0$Alarm","1","",""
"31921","583.161594816","ipcas_21:73:24","201","1","551","LIED30MEAS/LLN0$Measurement","929","914","929"
"31972","584.202253895","ipcas_21:73:24","150","1","552","LIED30CTRL/LLN0$Status","1","1","0"
"31973","584.202257069","ipcas_21:73:24","147","1","552","LIED30PROT/LLN0$Alarm","1","",""
"31974","584.202321436","ipcas_21:73:24","201","1","552","LIED30MEAS/LLN0$Measurement","914","914","921"
"32049","586.572434988","ipcas_21:73:24","150","1","553","LIED30CTRL/LLN0$Status","1","1","0"
"32050","586.572442034","ipcas_21:73:24","147","1","553","LIED30PROT/LLN0$Alarm","1","",""
"32051","586.572442710","ipcas_21:73:24","201","1","553","LIED30MEAS/LLN0$Measurement","927","922","921"
"32102","587.878790579","ipcas_21:73:24","150","1","554","LIED30CTRL/LLN0$Status","1","1","0"
"32103","587.878791306","ipcas_21:73:24","147","1","554","LIED30PROT/LLN0$Alarm","1","",""
"32104","587.878791833","ipcas_21:73:24","201","1","554","LIED30MEAS/LLN0$Measurement","926","934","921"
"32155","588.892704515","ipcas_21:73:24","150","1","555","LIED30CTRL/LLN0$Status","1","1","0"
"32156","588.892710188","ipcas_21:73:24","147","1","555","LIED30PROT/LLN0$Alarm","1","",""
"32157","588.892711564","ipcas_21:73:24","201","1","555","LIED30MEAS/LLN0$Measurement","919","917","923"
"32208","589.930048901","ipcas_21:73:24","150","1","556","LIED30CTRL/LLN0$Status","1","1","0"
"32209","589.930058095","ipcas_21:73:24","147","1","556","LIED30PROT/LLN0$Alarm","1","",""
"32210","589.930059211","ipcas_21:73:24","201","1","556","LIED30MEAS/LLN0$Measurement","915","920","916"
"32261","590.979403818","ipcas_21:73:24","150","1","557","LIED30CTRL/LLN0$Status","1","1","0"
"32262","590.979769487","ipcas_21:73:24","147","1","557","LIED30PROT/LLN0$Alarm","1","",""
"32263","590.979773710","ipcas_21:73:24","201","1","557","LIED30MEAS/LLN0$Measurement","933","921","924"
"32314","592.002115609","ipcas_21:73:24","150","1","558","LIED30CTRL/LLN0$Status","1","1","0"
"32315","592.002116525","ipcas_21:73:24","147","1","558","LIED30PROT/LLN0$Alarm","1","",""
"32316","592.002117734","ipcas_21:73:24","201","1","558","LIED30MEAS/LLN0$Measurement","925","927","921"
"32368","593.022880103","ipcas_21:73:24","150","1","559","LIED30CTRL/LLN0$Status","1","1","0"
"32369","593.023051786","ipcas_21:73:24","147","1","559","LIED30PROT/LLN0$Alarm","1","",""
"32370","593.023308330","ipcas_21:73:24","201","1","559","LIED30MEAS/LLN0$Measurement","919","920","919"
"32421","594.041301997","ipcas_21:73:24","150","1","560","LIED30CTRL/LLN0$Status","1","1","0"
"32422","594.041302430","ipcas_21:73:24","147","1","560","LIED30PROT/LLN0$Alarm","1","",""
"32423","594.041302828","ipcas_21:73:24","201","1","560","LIED30MEAS/LLN0$Measurement","922","932","919"
"32474","595.189475859","ipcas_21:73:24","150","1","561","LIED30CTRL/LLN0$Status","1","1","0"
"32475","595.189482114","ipcas_21:73:24","147","1","561","LIED30PROT/LLN0$Alarm","1","",""
"32476","595.189483574","ipcas_21:73:24","201","1","561","LIED30MEAS/LLN0$Measurement","934","915","920"
"32527","596.234873756","ipcas_21:73:24","150","1","562","LIED30CTRL/LLN0$Status","1","1","0"
"32528","596.234902674","ipcas_21:73:24","147","1","562","LIED30PROT/LLN0$Alarm","1","",""
"32529","596.234956467","ipcas_21:73:24","201","1","562","LIED30MEAS/LLN0$Measurement","926","914","930"
"32580","597.280117012","ipcas_21:73:24","150","1","563","LIED30CTRL/LLN0$Status","1","1","0"
"32581","597.280117546","ipcas_21:73:24","147","1","563","LIED30PROT/LLN0$Alarm","1","",""
"32582","597.280117876","ipcas_21:73:24","201","1","563","LIED30MEAS/LLN0$Measurement","932","928","919"
"32633","598.304847211","ipcas_21:73:24","150","1","564","LIED30CTRL/LLN0$Status","1","1","0"
"32634","598.304847956","ipcas_21:73:24","147","1","564","LIED30PROT/LLN0$Alarm","1","",""
"32635","598.304848439","ipcas_21:73:24","201","1","564","LIED30MEAS/LLN0$Measurement","919","914","921"
"32686","599.347180310","ipcas_21:73:24","150","1","565","LIED30CTRL/LLN0$Status","1","1","0"
"32687","599.347186492","ipcas_21:73:24","147","1","565","LIED30PROT/LLN0$Alarm","1","",""
"32688","599.347187674","ipcas_21:73:24","201","1","565","LIED30MEAS/LLN0$Measurement","931","920","914"
"32739","600.391430310","ipcas_21:73:24","150","1","566","LIED30CTRL/LLN0$Status","1","1","0"
"32740","600.391435375","ipcas_21:73:24","147","1","566","LIED30PROT/LLN0$Alarm","1","",""
"32741","600.391436165","ipcas_21:73:24","201","1","566","LIED30MEAS/LLN0$Measurement","922","928","916"
"32792","601.428196989","ipcas_21:73:24","150","1","567","LIED30CTRL/LLN0$Status","1","1","0"
"32793","601.428203471","ipcas_21:73:24","147","1","567","LIED30PROT/LLN0$Alarm","1","",""
"32794","601.428204563","ipcas_21:73:24","201","1","567","LIED30MEAS/LLN0$Measurement","926","920","918"
"32846","602.470244373","ipcas_21:73:24","150","1","568","LIED30CTRL/LLN0$Status","1","1","0"
"32847","602.470247989","ipcas_21:73:24","147","1","568","LIED30PROT/LLN0$Alarm","1","",""
"32848","602.470248748","ipcas_21:73:24","201","1","568","LIED30MEAS/LLN0$Measurement","927","921","925"
"32899","603.532322862","ipcas_21:73:24","150","1","569","LIED30CTRL/LLN0$Status","1","1","0"
"32900","603.532325927","ipcas_21:73:24","147","1","569","LIED30PROT/LLN0$Alarm","1","",""
"32901","603.532526605","ipcas_21:73:24","201","1","569","LIED30MEAS/LLN0$Measurement","919","920","925"
"32956","604.571709180","ipcas_21:73:24","150","1","570","LIED30CTRL/LLN0$Status","1","1","0"
"32957","604.571712790","ipcas_21:73:24","147","1","570","LIED30PROT/LLN0$Alarm","1","",""
"32958","604.571713738","ipcas_21:73:24","201","1","570","LIED30MEAS/LLN0$Measurement","914","918","924"
"33029","605.631910352","ipcas_21:73:24","150","1","571","LIED30CTRL/LLN0$Status","1","1","0"
"33030","605.631910870","ipcas_21:73:24","147","1","571","LIED30PROT/LLN0$Alarm","1","",""
"33031","605.631911645","ipcas_21:73:24","201","1","571","LIED30MEAS/LLN0$Measurement","925","925","927"
"33109","606.671384019","ipcas_21:73:24","150","1","572","LIED30CTRL/LLN0$Status","1","1","0"
"33110","606.671387826","ipcas_21:73:24","147","1","572","LIED30PROT/LLN0$Alarm","1","",""
"33111","606.671388633","ipcas_21:73:24","201","1","572","LIED30MEAS/LLN0$Measurement","920","921","932"
"33179","607.715566039","ipcas_21:73:24","150","1","573","LIED30CTRL/LLN0$Status","1","1","0"
"33180","607.715566666","ipcas_21:73:24","147","1","573","LIED30PROT/LLN0$Alarm","1","",""
"33181","607.715567350","ipcas_21:73:24","201","1","573","LIED30MEAS/LLN0$Measurement","916","934","926"
"33236","608.774510809","ipcas_21:73:24","150","1","574","LIED30CTRL/LLN0$Status","1","1","0"
"33237","608.774619467","ipcas_21:73:24","147","1","574","LIED30PROT/LLN0$Alarm","1","",""
"33238","608.774684542","ipcas_21:73:24","201","1","574","LIED30MEAS/LLN0$Measurement","917","923","931"
"33297","609.819924390","ipcas_21:73:24","150","1","575","LIED30CTRL/LLN0$Status","1","1","0"
"33298","609.820026604","ipcas_21:73:24","147","1","575","LIED30PROT/LLN0$Alarm","1","",""
"33299","609.820031482","ipcas_21:73:24","201","1","575","LIED30MEAS/LLN0$Measurement","919","931","923"
"33368","610.864680374","ipcas_21:73:24","150","1","576","LIED30CTRL/LLN0$Status","1","1","0"
"33369","610.864836541","ipcas_21:73:24","147","1","576","LIED30PROT/LLN0$Alarm","1","",""
"33370","610.864848812","ipcas_21:73:24","201","1","576","LIED30MEAS/LLN0$Measurement","920","920","930"
"33436","611.902227424","ipcas_21:73:24","150","1","577","LIED30CTRL/LLN0$Status","1","1","0"
"33437","611.902228590","ipcas_21:73:24","147","1","577","LIED30PROT/LLN0$Alarm","1","",""
"33438","611.902229679","ipcas_21:73:24","201","1","577","LIED30MEAS/LLN0$Measurement","933","923","934"
"33538","612.940589373","ipcas_21:73:24","150","1","578","LIED30CTRL/LLN0$Status","1","1","0"
"33539","612.942897796","ipcas_21:73:24","147","1","578","LIED30PROT/LLN0$Alarm","1","",""
"33540","612.942902570","ipcas_21:73:24","201","1","578","LIED30MEAS/LLN0$Measurement","921","934","923"
"33623","613.960982317","ipcas_21:73:24","150","1","579","LIED30CTRL/LLN0$Status","1","1","0"
"33624","613.962212917","ipcas_21:73:24","147","1","579","LIED30PROT/LLN0$Alarm","1","",""
"33625","613.965250186","ipcas_21:73:24","201","1","579","LIED30MEAS/LLN0$Measurement","916","914","927"
"33691","615.003728993","ipcas_21:73:24","150","1","580","LIED30CTRL/LLN0$Status","1","1","0"
"33692","615.003734118","ipcas_21:73:24","147","1","580","LIED30PROT/LLN0$Alarm","1","",""
"33693","615.003734920","ipcas_21:73:24","201","1","580","LIED30MEAS/LLN0$Measurement","933","925","925"
"33751","616.049839859","ipcas_21:73:24","150","1","581","LIED30CTRL/LLN0$Status","1","1","0"
"33752","616.049849142","ipcas_21:73:24","147","1","581","LIED30PROT/LLN0$Alarm","1","",""
"33753","616.049937282","ipcas_21:73:24","201","1","581","LIED30MEAS/LLN0$Measurement","931","921","927"
"33823","617.076948242","ipcas_21:73:24","150","1","582","LIED30CTRL/LLN0$Status","1","1","0"
"33824","617.076948592","ipcas_21:73:24","147","1","582","LIED30PROT/LLN0$Alarm","1","",""
"33825","617.076949545","ipcas_21:73:24","201","1","582","LIED30MEAS/LLN0$Measurement","915","921","917"
"33882","618.122473141","ipcas_21:73:24","150","1","583","LIED30CTRL/LLN0$Status","1","1","0"
"33883","618.122577183","ipcas_21:73:24","147","1","583","LIED30PROT/LLN0$Alarm","1","",""
"33884","618.122768062","ipcas_21:73:24","201","1","583","LIED30MEAS/LLN0$Measurement","934","918","916"
"33937","619.162871538","ipcas_21:73:24","150","1","584","LIED30CTRL/LLN0$Status","1","1","0"
"33938","619.162879356","ipcas_21:73:24","147","1","584","LIED30PROT/LLN0$Alarm","1","",""
"33939","619.162880832","ipcas_21:73:24","201","1","584","LIED30MEAS/LLN0$Measurement","932","933","929"
"33995","620.215425602","ipcas_21:73:24","150","1","585","LIED30CTRL/LLN0$Status","1","1","0"
"33996","620.215429035","ipcas_21:73:24","147","1","585","LIED30PROT/LLN0$Alarm","1","",""
"33997","620.215429646","ipcas_21:73:24","201","1","585","LIED30MEAS/LLN0$Measurement","916","934","921"
"34060","621.255961167","ipcas_21:73:24","150","1","586","LIED30CTRL/LLN0$Status","1","1","0"
"34061","621.255965241","ipcas_21:73:24","147","1","586","LIED30PROT/LLN0$Alarm","1","",""
"34062","621.256456781","ipcas_21:73:24","201","1","586","LIED30MEAS/LLN0$Measurement","930","922","918"
"34117","622.309090570","ipcas_21:73:24","150","1","587","LIED30CTRL/LLN0$Status","1","1","0"
"34118","622.309091022","ipcas_21:73:24","147","1","587","LIED30PROT/LLN0$Alarm","1","",""
"34119","622.309091659","ipcas_21:73:24","201","1","587","LIED30MEAS/LLN0$Measurement","931","919","929"
"34171","623.334810083","ipcas_21:73:24","150","1","588","LIED30CTRL/LLN0$Status","1","1","0"
"34172","623.334814063","ipcas_21:73:24","147","1","588","LIED30PROT/LLN0$Alarm","1","",""
"34173","623.334814813","ipcas_21:73:24","201","1","588","LIED30MEAS/LLN0$Measurement","924","918","919"
"34226","624.367993975","ipcas_21:73:24","150","1","589","LIED30CTRL/LLN0$Status","1","1","0"
"34227","624.367994550","ipcas_21:73:24","147","1","589","LIED30PROT/LLN0$Alarm","1","",""
"34228","624.367995310","ipcas_21:73:24","201","1","589","LIED30MEAS/LLN0$Measurement","914","923","926"
"34281","625.415434617","ipcas_21:73:24","150","1","590","LIED30CTRL/LLN0$Status","1","1","0"
"34282","625.415435594","ipcas_21:73:24","147","1","590","LIED30PROT/LLN0$Alarm","1","",""
"34283","625.415436446","ipcas_21:73:24","201","1","590","LIED30MEAS/LLN0$Measurement","914","925","924"
"34334","626.463374140","ipcas_21:73:24","150","1","591","LIED30CTRL/LLN0$Status","1","1","0"
"34335","626.463379763","ipcas_21:73:24","147","1","591","LIED30PROT/LLN0$Alarm","1","",""
"34336","626.463979789","ipcas_21:73:24","201","1","591","LIED30MEAS/LLN0$Measurement","930","924","926"
"34390","627.493768259","ipcas_21:73:24","150","1","592","LIED30CTRL/LLN0$Status","1","1","0"
"34391","627.493771578","ipcas_21:73:24","147","1","592","LIED30PROT/LLN0$Alarm","1","",""
"34392","627.493772107","ipcas_21:73:24","201","1","592","LIED30MEAS/LLN0$Measurement","934","930","922"
"34446","628.514578718","ipcas_21:73:24","150","1","593","LIED30CTRL/LLN0$Status","1","1","0"
"34447","628.514582820","ipcas_21:73:24","147","1","593","LIED30PROT/LLN0$Alarm","1","",""
"34448","628.514583537","ipcas_21:73:24","201","1","593","LIED30MEAS/LLN0$Measurement","929","918","921"
"34524","630.843552847","ipcas_21:73:24","150","1","594","LIED30CTRL/LLN0$Status","1","1","0"
"34525","630.843559285","ipcas_21:73:24","147","1","594","LIED30PROT/LLN0$Alarm","1","",""
"34526","630.843560318","ipcas_21:73:24","201","1","594","LIED30MEAS/LLN0$Measurement","929","915","930"
"34558","633.065552926","ipcas_21:73:24","150","1","595","LIED30CTRL/LLN0$Status","1","1","0"
"34559","633.065553363","ipcas_21:73:24","147","1","595","LIED30PROT/LLN0$Alarm","1","",""
"34560","633.065554282","ipcas_21:73:24","201","1","595","LIED30MEAS/LLN0$Measurement","934","922","934"
"34589","634.427307966","ipcas_21:73:24","150","1","596","LIED30CTRL/LLN0$Status","1","1","0"
"34590","634.427316121","ipcas_21:73:24","147","1","596","LIED30PROT/LLN0$Alarm","1","",""
"34591","634.427317748","ipcas_21:73:24","201","1","596","LIED30MEAS/LLN0$Measurement","916","921","934"
"34619","635.466563835","ipcas_21:73:24","150","1","597","LIED30CTRL/LLN0$Status","1","1","0"
"34620","635.466568648","ipcas_21:73:24","147","1","597","LIED30PROT/LLN0$Alarm","1","",""
"34621","635.466610470","ipcas_21:73:24","201","1","597","LIED30MEAS/LLN0$Measurement","916","934","917"
"34650","636.513175818","ipcas_21:73:24","150","1","598","LIED30CTRL/LLN0$Status","1","1","0"
"34651","636.513723757","ipcas_21:73:24","147","1","598","LIED30PROT/LLN0$Alarm","1","",""
"34652","636.513928560","ipcas_21:73:24","201","1","598","LIED30MEAS/LLN0$Measurement","931","916","920"
"34682","637.560514634","ipcas_21:73:24","150","1","599","LIED30CTRL/LLN0$Status","1","1","0"
"34683","637.560520180","ipcas_21:73:24","147","1","599","LIED30PROT/LLN0$Alarm","1","",""
"34684","637.560521166","ipcas_21:73:24","201","1","599","LIED30MEAS/LLN0$Measurement","927","917","925"
