Source,Length,stNum,sqNum,goID,heartbeat,dif_stNum,dif_sqNum,Circuit breaker Open/Close Status,I-high VT,I-high VT- Tran,I-low VT- Tran,I-amongst-feeders,Label
ipcas_21:73:26,149,1,0,TIED23CTRL/LLN0$Status,1.0643446566694492,0.0,1.0,1,310.5,258.3888888888889,926.0,309.5,Normal
ipcas_21:73:26,149,1,0,TIED23PROT/LLN0$Alarm,1.0643446566694492,0.0,1.0,1,310.5,258.3888888888889,926.0,309.5,Normal
ipcas_21:73:26,206,1,0,TIED23MEAS/LLN0$Measurement,1.0643446566694492,0.0,1.0,1,310.5,258.3888888888889,926.0,309.5,Normal
ipcas_21:73:26,149,1,1,TIED23CTRL/LLN0$Status,1.054424343,0.0,1.0,1,311.3333333333333,259.3333333333333,925.6666666666666,310.5,Normal
ipcas_21:73:26,149,1,1,TIED23PROT/LLN0$Alarm,1.051807236,0.0,1.0,1,311.3333333333333,259.3333333333333,925.6666666666666,310.5,Normal
ipcas_21:73:26,206,1,1,TIED23MEAS/LLN0$Measurement,1.051799058,0.0,1.0,1,311.3333333333333,259.3333333333333,925.6666666666666,310.5,Normal
ipcas_21:73:26,149,1,2,TIED23CTRL/LLN0$Status,1.0420543350000002,0.0,1.0,1,308.0,257.8888888888889,926.0,307.6666666666667,Normal
ipcas_21:73:26,149,1,2,TIED23PROT/LLN0$Alarm,1.0420552220000001,0.0,1.0,1,308.0,257.8888888888889,926.0,307.6666666666667,Normal
ipcas_21:73:26,206,1,2,TIED23MEAS/LLN0$Measurement,1.0420555630000001,0.0,1.0,1,308.0,257.8888888888889,926.0,307.6666666666667,Normal
ipcas_21:73:26,149,1,3,TIED23CTRL/LLN0$Status,1.0349286629999996,0.0,1.0,1,310.3333333333333,258.6111111111111,923.6666666666666,309.1666666666667,Normal
ipcas_21:73:26,149,1,3,TIED23PROT/LLN0$Alarm,1.0349238619999999,0.0,1.0,1,310.3333333333333,258.6111111111111,923.6666666666666,309.1666666666667,Normal
ipcas_21:73:26,206,1,3,TIED23MEAS/LLN0$Measurement,1.0349238459999999,0.0,1.0,1,310.3333333333333,258.6111111111111,923.6666666666666,309.1666666666667,Normal
ipcas_21:73:26,149,1,4,TIED23CTRL/LLN0$Status,1.0521969360000005,0.0,1.0,1,310.5,258.61111111111114,921.0,308.6666666666667,Normal
ipcas_21:73:26,149,1,4,TIED23PROT/LLN0$Alarm,1.0524582080000005,0.0,1.0,1,310.5,258.61111111111114,921.0,308.6666666666667,Normal
ipcas_21:73:26,206,1,4,TIED23MEAS/LLN0$Measurement,1.0524606980000004,0.0,1.0,1,310.5,258.61111111111114,921.0,308.6666666666667,Normal
ipcas_21:73:26,149,1,5,TIED23CTRL/LLN0$Status,1.0609432279999993,0.0,1.0,1,312.1666666666667,257.6111111111111,924.0,307.8333333333333,Normal
ipcas_21:73:26,149,1,5,TIED23PROT/LLN0$Alarm,1.0606839469999993,0.0,1.0,1,312.1666666666667,257.6111111111111,924.0,307.8333333333333,Normal
ipcas_21:73:26,206,1,5,TIED23MEAS/LLN0$Measurement,1.0606813589999993,0.0,1.0,1,312.1666666666667,257.6111111111111,924.0,307.8333333333333,Normal
ipcas_21:73:26,149,1,6,TIED23CTRL/LLN0$Status,1.0670335800000004,0.0,1.0,1,310.3333333333333,258.0,915.3333333333334,310.6666666666667,Normal
ipcas_21:73:26,149,1,6,TIED23PROT/LLN0$Alarm,1.067568596,0.0,1.0,1,310.3333333333333,258.0,915.3333333333334,310.6666666666667,Normal
ipcas_21:73:26,206,1,6,TIED23MEAS/LLN0$Measurement,1.067570805,0.0,1.0,1,310.3333333333333,258.0,915.3333333333334,310.6666666666667,Normal
ipcas_21:73:26,149,1,7,TIED23CTRL/LLN0$Status,1.0506849420000002,0.0,1.0,1,310.5,258.4444444444444,921.6666666666666,311.8333333333333,Normal
ipcas_21:73:26,149,1,7,TIED23PROT/LLN0$Alarm,1.050152142,0.0,1.0,1,310.5,258.4444444444444,921.6666666666666,311.8333333333333,Normal
ipcas_21:73:26,206,1,7,TIED23MEAS/LLN0$Measurement,1.0503047650000008,0.0,1.0,1,310.5,258.4444444444444,921.6666666666666,311.8333333333333,Normal
ipcas_21:73:26,149,1,8,TIED23CTRL/LLN0$Status,1.0555544760000002,0.0,1.0,1,309.1666666666667,256.50000000000006,922.6666666666666,309.8333333333333,Normal
ipcas_21:73:26,149,1,8,TIED23PROT/LLN0$Alarm,1.0559825450000009,0.0,1.0,1,309.1666666666667,256.50000000000006,922.6666666666666,309.8333333333333,Normal
ipcas_21:73:26,206,1,8,TIED23MEAS/LLN0$Measurement,1.0559371609999992,0.0,1.0,1,309.1666666666667,256.50000000000006,922.6666666666666,309.8333333333333,Normal
ipcas_21:73:26,149,1,9,TIED23CTRL/LLN0$Status,1.0407375429999988,0.0,1.0,1,310.1666666666667,257.61111111111114,924.0,306.0,Normal
ipcas_21:73:26,149,1,9,TIED23PROT/LLN0$Alarm,1.0403055389999984,0.0,1.0,1,310.1666666666667,257.61111111111114,924.0,306.0,Normal
ipcas_21:73:26,206,1,9,TIED23MEAS/LLN0$Measurement,1.0408989789999996,0.0,1.0,1,310.1666666666667,257.61111111111114,924.0,306.0,Normal
ipcas_21:73:26,149,1,10,TIED23CTRL/LLN0$Status,1.063199333,0.0,1.0,1,309.0,258.5,922.0,308.3333333333333,Normal
ipcas_21:73:26,149,1,10,TIED23PROT/LLN0$Alarm,1.064054091000001,0.0,1.0,1,309.0,258.5,922.0,308.3333333333333,Normal
ipcas_21:73:26,206,1,10,TIED23MEAS/LLN0$Measurement,1.063353429000001,0.0,1.0,1,309.0,258.5,922.0,308.3333333333333,Normal
ipcas_21:73:26,149,1,11,TIED23CTRL/LLN0$Status,1.065713176000001,0.0,1.0,1,309.8333333333333,258.4444444444444,921.6666666666666,306.5,Normal
ipcas_21:73:26,149,1,11,TIED23PROT/LLN0$Alarm,1.0648608090000007,0.0,1.0,1,309.8333333333333,258.4444444444444,921.6666666666666,306.5,Normal
ipcas_21:73:26,206,1,11,TIED23MEAS/LLN0$Measurement,1.0648586019999993,0.0,1.0,1,309.8333333333333,258.4444444444444,921.6666666666666,306.5,Normal
ipcas_21:73:26,149,1,12,TIED23CTRL/LLN0$Status,1.0464883500000006,0.0,1.0,1,310.6666666666667,258.38888888888886,925.6666666666666,308.5,Normal
ipcas_21:73:26,149,1,12,TIED23PROT/LLN0$Alarm,1.0464911019999992,0.0,1.0,1,310.6666666666667,258.38888888888886,925.6666666666666,308.5,Normal
ipcas_21:73:26,206,1,12,TIED23MEAS/LLN0$Measurement,1.0464914220000008,0.0,1.0,1,310.6666666666667,258.38888888888886,925.6666666666666,308.5,Normal
ipcas_21:73:26,149,1,13,TIED23CTRL/LLN0$Status,1.0606033779999997,0.0,1.0,1,310.5,258.5,917.3333333333334,307.3333333333333,Normal
ipcas_21:73:26,149,1,13,TIED23PROT/LLN0$Alarm,1.0606035899999995,0.0,1.0,1,310.5,258.5,917.3333333333334,307.3333333333333,Normal
ipcas_21:73:26,206,1,13,TIED23MEAS/LLN0$Measurement,1.0608525909999997,0.0,1.0,1,310.5,258.5,917.3333333333334,307.3333333333333,Normal
ipcas_21:73:26,149,1,14,TIED23CTRL/LLN0$Status,1.0648275060000003,0.0,1.0,1,311.0,259.1666666666667,925.6666666666666,309.0,Normal
ipcas_21:73:26,149,1,14,TIED23PROT/LLN0$Alarm,1.064826838,0.0,1.0,1,311.0,259.1666666666667,925.6666666666666,309.0,Normal
ipcas_21:73:26,206,1,14,TIED23MEAS/LLN0$Measurement,1.0645773500000004,0.0,1.0,1,311.0,259.1666666666667,925.6666666666666,309.0,Normal
ipcas_21:73:26,149,1,15,TIED23CTRL/LLN0$Status,1.051221279,0.0,1.0,1,308.6666666666667,257.72222222222223,922.6666666666666,308.1666666666667,Normal
ipcas_21:73:26,149,1,15,TIED23PROT/LLN0$Alarm,1.051321787000001,0.0,1.0,1,308.6666666666667,257.72222222222223,922.6666666666666,308.1666666666667,Normal
ipcas_21:73:26,206,1,15,TIED23MEAS/LLN0$Measurement,1.0515240929999994,0.0,1.0,1,308.6666666666667,257.72222222222223,922.6666666666666,308.1666666666667,Normal
ipcas_21:73:26,149,1,16,TIED23CTRL/LLN0$Status,1.037778084000001,0.0,1.0,1,309.5,257.72222222222223,921.6666666666666,310.6666666666667,Normal
ipcas_21:73:26,149,1,16,TIED23PROT/LLN0$Alarm,1.0380367750000001,0.0,1.0,1,309.5,257.72222222222223,921.6666666666666,310.6666666666667,Normal
ipcas_21:73:26,206,1,16,TIED23MEAS/LLN0$Measurement,1.0380248670000007,0.0,1.0,1,309.5,257.72222222222223,921.6666666666666,310.6666666666667,Normal
ipcas_21:73:26,149,1,17,TIED23CTRL/LLN0$Status,1.0609065179999995,0.0,1.0,1,310.1666666666667,257.6666666666667,932.6666666666666,309.1666666666667,Normal
ipcas_21:73:26,149,1,17,TIED23PROT/LLN0$Alarm,1.0611395540000004,0.0,1.0,1,310.1666666666667,257.6666666666667,932.6666666666666,309.1666666666667,Normal
ipcas_21:73:26,206,1,17,TIED23MEAS/LLN0$Measurement,1.0609570579999996,0.0,1.0,1,310.1666666666667,257.6666666666667,932.6666666666666,309.1666666666667,Normal
ipcas_21:73:26,149,1,18,TIED23CTRL/LLN0$Status,1.0461524949999976,0.0,1.0,1,308.1666666666667,258.5,924.6666666666666,306.8333333333333,Normal
ipcas_21:73:26,149,1,18,TIED23PROT/LLN0$Alarm,1.0459396890000008,0.0,1.0,1,308.1666666666667,258.5,924.6666666666666,306.8333333333333,Normal
ipcas_21:73:26,206,1,18,TIED23MEAS/LLN0$Measurement,1.046355493,0.0,1.0,1,308.1666666666667,258.5,924.6666666666666,306.8333333333333,Normal
ipcas_21:73:26,149,1,19,TIED23CTRL/LLN0$Status,1.0492914600000027,0.0,1.0,1,311.6666666666667,258.72222222222223,924.3333333333334,306.8333333333333,Normal
ipcas_21:73:26,149,1,19,TIED23PROT/LLN0$Alarm,1.0498548349999979,0.0,1.0,1,311.6666666666667,258.72222222222223,924.3333333333334,306.8333333333333,Normal
ipcas_21:73:26,206,1,19,TIED23MEAS/LLN0$Measurement,1.049435172999999,0.0,1.0,1,311.6666666666667,258.72222222222223,924.3333333333334,306.8333333333333,Normal
ipcas_21:73:26,149,1,20,TIED23CTRL/LLN0$Status,1.056333463999998,0.0,1.0,1,309.3333333333333,257.1666666666667,924.6666666666666,306.8333333333333,Normal
ipcas_21:73:26,149,1,20,TIED23PROT/LLN0$Alarm,1.0556962379999995,0.0,1.0,1,309.3333333333333,257.1666666666667,924.6666666666666,306.8333333333333,Normal
ipcas_21:73:26,206,1,20,TIED23MEAS/LLN0$Measurement,1.055696857000001,0.0,1.0,1,309.3333333333333,257.1666666666667,924.6666666666666,306.8333333333333,Normal
ipcas_21:73:26,149,1,21,TIED23CTRL/LLN0$Status,1.0675023480000014,0.0,1.0,1,312.0,258.38888888888886,922.6666666666666,306.3333333333333,Normal
ipcas_21:73:26,149,1,21,TIED23PROT/LLN0$Alarm,1.0674174440000002,0.0,1.0,1,312.0,258.38888888888886,922.6666666666666,306.3333333333333,Normal
ipcas_21:73:26,206,1,21,TIED23MEAS/LLN0$Measurement,1.0678427359999993,0.0,1.0,1,312.0,258.38888888888886,922.6666666666666,306.3333333333333,Normal
ipcas_21:73:26,149,1,22,TIED23CTRL/LLN0$Status,1.0420096389999998,0.0,1.0,1,310.0,259.8888888888889,929.3333333333334,307.3333333333333,Normal
ipcas_21:73:26,149,1,22,TIED23PROT/LLN0$Alarm,1.041791902,0.0,1.0,1,310.0,259.8888888888889,929.3333333333334,307.3333333333333,Normal
ipcas_21:73:26,206,1,22,TIED23MEAS/LLN0$Measurement,1.0415617469999994,0.0,1.0,1,310.0,259.8888888888889,929.3333333333334,307.3333333333333,Normal
ipcas_21:73:26,149,1,23,TIED23CTRL/LLN0$Status,1.0592396929999985,0.0,1.0,1,311.8333333333333,257.1666666666667,919.6666666666666,309.3333333333333,Normal
ipcas_21:73:26,149,1,23,TIED23PROT/LLN0$Alarm,1.059238090000001,0.0,1.0,1,311.8333333333333,257.1666666666667,919.6666666666666,309.3333333333333,Normal
ipcas_21:73:26,206,1,23,TIED23MEAS/LLN0$Measurement,1.0590389249999994,0.0,1.0,1,311.8333333333333,257.1666666666667,919.6666666666666,309.3333333333333,Normal
ipcas_21:73:26,149,1,24,TIED23CTRL/LLN0$Status,1.06576089,0.0,1.0,1,311.1666666666667,258.6111111111111,924.0,310.0,Normal
ipcas_21:73:26,149,1,24,TIED23PROT/LLN0$Alarm,1.0658733719999987,0.0,1.0,1,311.1666666666667,258.6111111111111,924.0,310.0,Normal
ipcas_21:73:26,206,1,24,TIED23MEAS/LLN0$Measurement,1.0658751370000026,0.0,1.0,1,311.1666666666667,258.6111111111111,924.0,310.0,Normal
ipcas_21:73:26,149,1,25,TIED23CTRL/LLN0$Status,1.0384059910000012,0.0,1.0,1,310.6666666666667,258.5555555555555,925.0,306.6666666666667,Normal
ipcas_21:73:26,149,1,25,TIED23PROT/LLN0$Alarm,1.0383732099999996,0.0,1.0,1,310.6666666666667,258.5555555555555,925.0,306.6666666666667,Normal
ipcas_21:73:26,206,1,25,TIED23MEAS/LLN0$Measurement,1.0383731819999973,0.0,1.0,1,310.6666666666667,258.5555555555555,925.0,306.6666666666667,Normal
ipcas_21:73:26,149,1,26,TIED23CTRL/LLN0$Status,1.0633551509999997,0.0,1.0,1,308.8333333333333,257.4444444444445,923.3333333333334,308.0,Normal
ipcas_21:73:26,149,1,26,TIED23PROT/LLN0$Alarm,1.063271523000001,0.0,1.0,1,308.8333333333333,257.4444444444445,923.3333333333334,308.0,Normal
ipcas_21:73:26,206,1,26,TIED23MEAS/LLN0$Measurement,1.0632695380000001,0.0,1.0,1,308.8333333333333,257.4444444444445,923.3333333333334,308.0,Normal
ipcas_21:73:26,149,1,27,TIED23CTRL/LLN0$Status,1.0466815579999995,0.0,1.0,1,308.5,258.9444444444445,922.6666666666666,306.3333333333333,Normal
ipcas_21:73:26,149,1,27,TIED23PROT/LLN0$Alarm,1.046681949,0.0,1.0,1,308.5,258.9444444444445,922.6666666666666,306.3333333333333,Normal
ipcas_21:73:26,206,1,27,TIED23MEAS/LLN0$Measurement,1.0466819250000015,0.0,1.0,1,308.5,258.9444444444445,922.6666666666666,306.3333333333333,Normal
ipcas_21:73:26,149,1,28,TIED23CTRL/LLN0$Status,1.048182562000001,0.0,1.0,1,312.1666666666667,259.0,926.6666666666666,308.6666666666667,Normal
ipcas_21:73:26,149,1,28,TIED23PROT/LLN0$Alarm,1.0481855949999996,0.0,1.0,1,312.1666666666667,259.0,926.6666666666666,308.6666666666667,Normal
ipcas_21:73:26,206,1,28,TIED23MEAS/LLN0$Measurement,1.0481853920000006,0.0,1.0,1,312.1666666666667,259.0,926.6666666666666,308.6666666666667,Normal
ipcas_21:73:26,149,1,29,TIED23CTRL/LLN0$Status,1.0750077269999991,0.0,1.0,1,309.5,257.4444444444445,928.6666666666666,307.8333333333333,Normal
ipcas_21:73:26,149,1,29,TIED23PROT/LLN0$Alarm,1.0750080220000022,0.0,1.0,1,309.5,257.4444444444445,928.6666666666666,307.8333333333333,Normal
ipcas_21:73:26,206,1,29,TIED23MEAS/LLN0$Measurement,1.0750079879999994,0.0,1.0,1,309.5,257.4444444444445,928.6666666666666,307.8333333333333,Normal
ipcas_21:73:26,149,1,30,TIED23CTRL/LLN0$Status,1.0499284780000018,0.0,1.0,1,310.1666666666667,258.27777777777777,919.6666666666666,309.3333333333333,Normal
ipcas_21:73:26,149,1,30,TIED23PROT/LLN0$Alarm,1.05020751,0.0,1.0,1,310.1666666666667,258.27777777777777,919.6666666666666,309.3333333333333,Normal
ipcas_21:73:26,206,1,30,TIED23MEAS/LLN0$Measurement,1.050411670999999,0.0,1.0,1,310.1666666666667,258.27777777777777,919.6666666666666,309.3333333333333,Normal
ipcas_21:73:26,149,1,31,TIED23CTRL/LLN0$Status,1.0619369019999993,0.0,1.0,1,309.6666666666667,259.1666666666667,926.0,308.0,Normal
ipcas_21:73:26,149,1,31,TIED23PROT/LLN0$Alarm,1.0616537439999973,0.0,1.0,1,309.6666666666667,259.1666666666667,926.0,308.0,Normal
ipcas_21:73:26,206,1,31,TIED23MEAS/LLN0$Measurement,1.061450023999999,0.0,1.0,1,309.6666666666667,259.1666666666667,926.0,308.0,Normal
ipcas_21:73:26,149,1,32,TIED23CTRL/LLN0$Status,1.0557762119999978,0.0,1.0,1,310.1666666666667,257.8888888888889,932.6666666666666,309.6666666666667,Normal
ipcas_21:73:26,149,1,32,TIED23PROT/LLN0$Alarm,1.0557773330000018,0.0,1.0,1,310.1666666666667,257.8888888888889,932.6666666666666,309.6666666666667,Normal
ipcas_21:73:26,206,1,32,TIED23MEAS/LLN0$Measurement,1.0557774600000016,0.0,1.0,1,310.1666666666667,257.8888888888889,932.6666666666666,309.6666666666667,Normal
ipcas_21:73:26,149,1,33,TIED23CTRL/LLN0$Status,1.0647183370000022,0.0,1.0,1,309.1666666666667,258.4444444444444,927.0,308.1666666666667,Normal
ipcas_21:73:26,149,1,33,TIED23PROT/LLN0$Alarm,1.0648882870000023,0.0,1.0,1,309.1666666666667,258.4444444444444,927.0,308.1666666666667,Normal
ipcas_21:73:26,206,1,33,TIED23MEAS/LLN0$Measurement,1.0651922759999977,0.0,1.0,1,309.1666666666667,258.4444444444444,927.0,308.1666666666667,Normal
ipcas_21:73:26,149,1,34,TIED23CTRL/LLN0$Status,1.0619142270000026,0.0,1.0,1,309.3333333333333,258.6111111111111,923.0,306.0,Normal
ipcas_21:73:26,149,1,34,TIED23PROT/LLN0$Alarm,1.0617435630000003,0.0,1.0,1,309.3333333333333,258.6111111111111,923.0,306.0,Normal
ipcas_21:73:26,206,1,34,TIED23MEAS/LLN0$Measurement,1.0615447469999992,0.0,1.0,1,309.3333333333333,258.6111111111111,923.0,306.0,Normal
ipcas_21:73:26,149,1,35,TIED23CTRL/LLN0$Status,1.040189465999994,0.0,1.0,1,312.0,257.1111111111111,918.3333333333334,311.0,Normal
ipcas_21:73:26,149,1,35,TIED23PROT/LLN0$Alarm,1.0401941959999945,0.0,1.0,1,312.0,257.1111111111111,918.3333333333334,311.0,Normal
ipcas_21:73:26,206,1,35,TIED23MEAS/LLN0$Measurement,1.040088897000004,0.0,1.0,1,312.0,257.1111111111111,918.3333333333334,311.0,Normal
ipcas_21:73:26,149,1,36,TIED23CTRL/LLN0$Status,1.0530608920000049,0.0,1.0,1,311.5,258.72222222222223,925.6666666666666,308.6666666666667,Normal
ipcas_21:73:26,149,1,36,TIED23PROT/LLN0$Alarm,1.0530580110000045,0.0,1.0,1,311.5,258.72222222222223,925.6666666666666,308.6666666666667,Normal
ipcas_21:73:26,206,1,36,TIED23MEAS/LLN0$Measurement,1.0531864519999985,0.0,1.0,1,311.5,258.72222222222223,925.6666666666666,308.6666666666667,Normal
ipcas_21:73:26,149,1,37,TIED23CTRL/LLN0$Status,1.0617568549999987,0.0,1.0,1,310.1666666666667,258.11111111111114,920.6666666666666,309.5,Normal
ipcas_21:73:26,149,1,37,TIED23PROT/LLN0$Alarm,1.0617546289999993,0.0,1.0,1,310.1666666666667,258.11111111111114,920.6666666666666,309.5,Normal
ipcas_21:73:26,206,1,37,TIED23MEAS/LLN0$Measurement,1.061625694,0.0,1.0,1,310.1666666666667,258.11111111111114,920.6666666666666,309.5,Normal
ipcas_21:73:26,149,1,38,TIED23CTRL/LLN0$Status,1.0433761760000024,0.0,1.0,1,314.1666666666667,256.27777777777777,929.3333333333334,310.3333333333333,Normal
ipcas_21:73:26,149,1,38,TIED23PROT/LLN0$Alarm,1.0433739300000013,0.0,1.0,1,314.1666666666667,256.27777777777777,929.3333333333334,310.3333333333333,Normal
ipcas_21:73:26,206,1,38,TIED23MEAS/LLN0$Measurement,1.0433737510000043,0.0,1.0,1,314.1666666666667,256.27777777777777,929.3333333333334,310.3333333333333,Normal
ipcas_21:73:26,149,1,39,TIED23CTRL/LLN0$Status,1.0504066589999965,0.0,1.0,1,309.6666666666667,257.22222222222223,920.3333333333334,309.0,Normal
ipcas_21:73:26,149,1,39,TIED23PROT/LLN0$Alarm,1.0508378879999967,0.0,1.0,1,309.6666666666667,257.22222222222223,920.3333333333334,309.0,Normal
ipcas_21:73:26,206,1,39,TIED23MEAS/LLN0$Measurement,1.0508407489999954,0.0,1.0,1,309.6666666666667,257.22222222222223,920.3333333333334,309.0,Normal
ipcas_21:73:26,149,1,40,TIED23CTRL/LLN0$Status,1.0591386680000028,0.0,1.0,1,306.6666666666667,257.2222222222222,923.0,309.5,Normal
ipcas_21:73:26,149,1,40,TIED23PROT/LLN0$Alarm,1.058713564999998,0.0,1.0,1,306.6666666666667,257.2222222222222,923.0,309.5,Normal
ipcas_21:73:26,206,1,40,TIED23MEAS/LLN0$Measurement,1.0587107650000007,0.0,1.0,1,306.6666666666667,257.2222222222222,923.0,309.5,Normal
ipcas_21:73:26,149,1,41,TIED23CTRL/LLN0$Status,1.0346186079999953,0.0,1.0,1,310.1666666666667,255.7222222222222,920.6666666666666,308.1666666666667,Normal
ipcas_21:73:26,149,1,41,TIED23PROT/LLN0$Alarm,1.034612384000006,0.0,1.0,1,310.1666666666667,255.7222222222222,920.6666666666666,308.1666666666667,Normal
ipcas_21:73:26,206,1,41,TIED23MEAS/LLN0$Measurement,1.0346125599999993,0.0,1.0,1,310.1666666666667,255.7222222222222,920.6666666666666,308.1666666666667,Normal
ipcas_21:73:26,149,1,42,TIED23CTRL/LLN0$Status,1.0624108140000033,0.0,1.0,1,310.5,257.05555555555554,922.0,309.1666666666667,Normal
ipcas_21:73:26,149,1,42,TIED23PROT/LLN0$Alarm,1.0625610929999993,0.0,1.0,1,310.5,257.05555555555554,922.0,309.1666666666667,Normal
ipcas_21:73:26,206,1,42,TIED23MEAS/LLN0$Measurement,1.0625634320000046,0.0,1.0,1,310.5,257.05555555555554,922.0,309.1666666666667,Normal
ipcas_21:73:26,149,1,43,TIED23CTRL/LLN0$Status,1.0509249429999983,0.0,1.0,1,310.1666666666667,257.1111111111111,927.3333333333334,306.8333333333333,Normal
ipcas_21:73:26,149,1,43,TIED23PROT/LLN0$Alarm,1.0507774179999956,0.0,1.0,1,310.1666666666667,257.1111111111111,927.3333333333334,306.8333333333333,Normal
ipcas_21:73:26,206,1,43,TIED23MEAS/LLN0$Measurement,1.050775036999994,0.0,1.0,1,310.1666666666667,257.1111111111111,927.3333333333334,306.8333333333333,Normal
ipcas_21:73:26,149,1,44,TIED23CTRL/LLN0$Status,1.059866699000004,0.0,1.0,1,309.5,259.61111111111114,930.0,308.0,Normal
ipcas_21:73:26,149,1,44,TIED23PROT/LLN0$Alarm,1.0598672380000025,0.0,1.0,1,309.5,259.61111111111114,930.0,308.0,Normal
ipcas_21:73:26,206,1,44,TIED23MEAS/LLN0$Measurement,1.0601522400000007,0.0,1.0,1,309.5,259.61111111111114,930.0,308.0,Normal
ipcas_21:73:26,149,1,45,TIED23CTRL/LLN0$Status,1.0619683499999937,0.0,1.0,1,310.1666666666667,258.3333333333333,918.3333333333334,307.8333333333333,Normal
ipcas_21:73:26,149,1,45,TIED23PROT/LLN0$Alarm,1.0619677369999962,0.0,1.0,1,310.1666666666667,258.3333333333333,918.3333333333334,307.8333333333333,Normal
ipcas_21:73:26,206,1,45,TIED23MEAS/LLN0$Measurement,1.0616829160000023,0.0,1.0,1,310.1666666666667,258.3333333333333,918.3333333333334,307.8333333333333,Normal
ipcas_21:73:26,149,1,46,TIED23CTRL/LLN0$Status,1.0482269700000018,0.0,1.0,1,307.6666666666667,257.77777777777777,926.0,308.8333333333333,Normal
ipcas_21:73:26,149,1,46,TIED23PROT/LLN0$Alarm,1.0482290240000012,0.0,1.0,1,307.6666666666667,257.77777777777777,926.0,308.8333333333333,Normal
ipcas_21:73:26,206,1,46,TIED23MEAS/LLN0$Measurement,1.048229698,0.0,1.0,1,307.6666666666667,257.77777777777777,926.0,308.8333333333333,Normal
ipcas_21:73:26,149,1,47,TIED23CTRL/LLN0$Status,1.061666572,0.0,1.0,1,309.5,259.6666666666667,926.6666666666666,308.8333333333333,Normal
ipcas_21:73:26,149,1,47,TIED23PROT/LLN0$Alarm,1.0616649110000012,0.0,1.0,1,309.5,259.6666666666667,926.6666666666666,308.8333333333333,Normal
ipcas_21:73:26,206,1,47,TIED23MEAS/LLN0$Measurement,1.0616640829999966,0.0,1.0,1,309.5,259.6666666666667,926.6666666666666,308.8333333333333,Normal
ipcas_21:73:26,149,1,48,TIED23CTRL/LLN0$Status,1.0579053069999986,0.0,1.0,1,310.3333333333333,259.0,923.6666666666666,308.0,Normal
ipcas_21:73:26,149,1,48,TIED23PROT/LLN0$Alarm,1.0579071639999995,0.0,1.0,1,310.3333333333333,259.0,923.6666666666666,308.0,Normal
ipcas_21:73:26,206,1,48,TIED23MEAS/LLN0$Measurement,1.0579074430000048,0.0,1.0,1,310.3333333333333,259.0,923.6666666666666,308.0,Normal
ipcas_21:73:26,149,1,49,TIED23CTRL/LLN0$Status,1.0805775910000008,0.0,1.0,1,309.8333333333333,258.22222222222223,920.0,306.8333333333333,Normal
ipcas_21:73:26,149,1,49,TIED23PROT/LLN0$Alarm,1.0806252510000007,0.0,1.0,1,309.8333333333333,258.22222222222223,920.0,306.8333333333333,Normal
ipcas_21:73:26,206,1,49,TIED23MEAS/LLN0$Measurement,1.080625180999995,0.0,1.0,1,309.8333333333333,258.22222222222223,920.0,306.8333333333333,Normal
ipcas_21:73:26,149,1,50,TIED23CTRL/LLN0$Status,1.0616759810000005,0.0,1.0,1,312.0,257.1666666666667,931.6666666666666,308.3333333333333,Normal
ipcas_21:73:26,149,1,50,TIED23PROT/LLN0$Alarm,1.0620167289999998,0.0,1.0,1,312.0,257.1666666666667,931.6666666666666,308.3333333333333,Normal
ipcas_21:73:26,206,1,50,TIED23MEAS/LLN0$Measurement,1.0620168610000036,0.0,1.0,1,312.0,257.1666666666667,931.6666666666666,308.3333333333333,Normal
ipcas_21:73:26,149,1,51,TIED23CTRL/LLN0$Status,1.0606805339999994,0.0,1.0,1,309.1666666666667,257.27777777777777,922.3333333333334,309.0,Normal
ipcas_21:73:26,149,1,51,TIED23PROT/LLN0$Alarm,1.0602982650000001,0.0,1.0,1,309.1666666666667,257.27777777777777,922.3333333333334,309.0,Normal
ipcas_21:73:26,206,1,51,TIED23MEAS/LLN0$Measurement,1.060297829999996,0.0,1.0,1,309.1666666666667,257.27777777777777,922.3333333333334,309.0,Normal
ipcas_21:73:26,149,1,52,TIED23CTRL/LLN0$Status,1.0635498990000016,0.0,1.0,1,310.8333333333333,257.9444444444444,922.0,308.6666666666667,Normal
ipcas_21:73:26,149,1,52,TIED23PROT/LLN0$Alarm,1.063541556000004,0.0,1.0,1,310.8333333333333,257.9444444444444,922.0,308.6666666666667,Normal
ipcas_21:73:26,206,1,52,TIED23MEAS/LLN0$Measurement,1.0635414970000028,0.0,1.0,1,310.8333333333333,257.9444444444444,922.0,308.6666666666667,Normal
ipcas_21:73:26,149,1,53,TIED23CTRL/LLN0$Status,1.0600863370000013,0.0,1.0,1,310.5,258.5,925.0,308.1666666666667,Normal
ipcas_21:73:26,149,1,53,TIED23PROT/LLN0$Alarm,1.0601652539999975,0.0,1.0,1,310.5,258.5,925.0,308.1666666666667,Normal
ipcas_21:73:26,206,1,53,TIED23MEAS/LLN0$Measurement,1.0606948790000033,0.0,1.0,1,310.5,258.5,925.0,308.1666666666667,Normal
ipcas_21:73:26,149,1,54,TIED23CTRL/LLN0$Status,1.0378208449999988,0.0,1.0,1,311.8333333333333,256.88888888888886,915.6666666666666,309.3333333333333,Normal
ipcas_21:73:26,149,1,54,TIED23PROT/LLN0$Alarm,1.0377445849999987,0.0,1.0,1,311.8333333333333,256.88888888888886,915.6666666666666,309.3333333333333,Normal
ipcas_21:73:26,206,1,54,TIED23MEAS/LLN0$Measurement,1.0372151539999948,0.0,1.0,1,311.8333333333333,256.88888888888886,915.6666666666666,309.3333333333333,Normal
ipcas_21:73:26,149,1,55,TIED23CTRL/LLN0$Status,1.0630402809999993,0.0,1.0,1,309.0,259.0555555555556,923.6666666666666,307.8333333333333,Normal
ipcas_21:73:26,149,1,55,TIED23PROT/LLN0$Alarm,1.0638738749999987,0.0,1.0,1,309.0,259.0555555555556,923.6666666666666,307.8333333333333,Normal
ipcas_21:73:26,206,1,55,TIED23MEAS/LLN0$Measurement,1.0638766640000057,0.0,1.0,1,309.0,259.0555555555556,923.6666666666666,307.8333333333333,Normal
ipcas_21:73:26,149,1,56,TIED23CTRL/LLN0$Status,1.0414294790000014,0.0,1.0,1,310.0,259.0,926.6666666666666,309.0,Normal
ipcas_21:73:26,149,1,56,TIED23PROT/LLN0$Alarm,1.0405987170000017,0.0,1.0,1,310.0,259.0,926.6666666666666,309.0,Normal
ipcas_21:73:26,206,1,56,TIED23MEAS/LLN0$Measurement,1.0406372779999984,0.0,1.0,1,310.0,259.0,926.6666666666666,309.0,Normal
ipcas_21:73:26,149,1,57,TIED23CTRL/LLN0$Status,1.065811507999996,0.0,1.0,1,310.8333333333333,258.5555555555556,926.3333333333334,307.3333333333333,Normal
ipcas_21:73:26,149,1,57,TIED23PROT/LLN0$Alarm,1.066333942,0.0,1.0,1,310.8333333333333,258.5555555555556,926.3333333333334,307.3333333333333,Normal
ipcas_21:73:26,206,1,57,TIED23MEAS/LLN0$Measurement,1.0662943999999968,0.0,1.0,1,310.8333333333333,258.5555555555556,926.3333333333334,307.3333333333333,Normal
ipcas_21:73:26,149,1,58,TIED23CTRL/LLN0$Status,1.0935583770000008,0.0,1.0,1,309.6666666666667,258.44444444444446,918.6666666666666,307.0,Normal
ipcas_21:73:26,149,1,58,TIED23PROT/LLN0$Alarm,1.093266118999999,0.0,1.0,1,309.6666666666667,258.44444444444446,918.6666666666666,307.0,Normal
ipcas_21:73:26,206,1,58,TIED23MEAS/LLN0$Measurement,1.0934766120000035,0.0,1.0,1,309.6666666666667,258.44444444444446,918.6666666666666,307.0,Normal
ipcas_21:73:26,149,1,59,TIED23CTRL/LLN0$Status,1.0588481750000014,0.0,1.0,1,310.0,258.7222222222222,929.0,307.6666666666667,Normal
ipcas_21:73:26,149,1,59,TIED23PROT/LLN0$Alarm,1.0586103409999978,0.0,1.0,1,310.0,258.7222222222222,929.0,307.6666666666667,Normal
ipcas_21:73:26,206,1,59,TIED23MEAS/LLN0$Measurement,1.0583981469999983,0.0,1.0,1,310.0,258.7222222222222,929.0,307.6666666666667,Normal
ipcas_21:73:26,149,1,60,TIED23CTRL/LLN0$Status,1.082573158999999,0.0,1.0,1,311.0,256.88888888888886,920.3333333333334,306.1666666666667,Normal
ipcas_21:73:26,149,1,60,TIED23PROT/LLN0$Alarm,1.0827756950000023,0.0,1.0,1,311.0,256.88888888888886,920.3333333333334,306.1666666666667,Normal
ipcas_21:73:26,206,1,60,TIED23MEAS/LLN0$Measurement,1.0829705120000028,0.0,1.0,1,311.0,256.88888888888886,920.3333333333334,306.1666666666667,Normal
ipcas_21:73:26,149,1,61,TIED23CTRL/LLN0$Status,1.0584186839999958,0.0,1.0,1,308.8333333333333,259.6111111111111,927.6666666666666,309.1666666666667,Normal
ipcas_21:73:26,149,1,61,TIED23PROT/LLN0$Alarm,1.0582161799999952,0.0,1.0,1,308.8333333333333,259.6111111111111,927.6666666666666,309.1666666666667,Normal
ipcas_21:73:26,206,1,61,TIED23MEAS/LLN0$Measurement,1.0580210619999946,0.0,1.0,1,308.8333333333333,259.6111111111111,927.6666666666666,309.1666666666667,Normal
ipcas_21:73:26,149,1,62,TIED23CTRL/LLN0$Status,1.0493076280000082,0.0,1.0,1,310.3333333333333,258.3333333333333,930.6666666666666,308.8333333333333,Normal
ipcas_21:73:26,149,1,62,TIED23PROT/LLN0$Alarm,1.0493101320000022,0.0,1.0,1,310.3333333333333,258.3333333333333,930.6666666666666,308.8333333333333,Normal
ipcas_21:73:26,206,1,62,TIED23MEAS/LLN0$Measurement,1.0493103130000065,0.0,1.0,1,310.3333333333333,258.3333333333333,930.6666666666666,308.8333333333333,Normal
ipcas_21:73:26,149,1,63,TIED23CTRL/LLN0$Status,1.0724639139999965,0.0,1.0,1,311.0,258.0555555555555,922.6666666666666,308.5,Normal
ipcas_21:73:26,149,1,63,TIED23PROT/LLN0$Alarm,1.0726937870000057,0.0,1.0,1,311.0,258.0555555555555,922.6666666666666,308.5,Normal
ipcas_21:73:26,206,1,63,TIED23MEAS/LLN0$Measurement,1.0728508669999997,0.0,1.0,1,311.0,258.0555555555555,922.6666666666666,308.5,Normal
ipcas_21:73:26,149,1,64,TIED23CTRL/LLN0$Status,1.0468271870000052,0.0,1.0,1,308.5,257.5555555555556,924.6666666666666,308.5,Normal
ipcas_21:73:26,149,1,64,TIED23PROT/LLN0$Alarm,1.0465946770000016,0.0,1.0,1,308.5,257.5555555555556,924.6666666666666,308.5,Normal
ipcas_21:73:26,206,1,64,TIED23MEAS/LLN0$Measurement,1.0464374749999905,0.0,1.0,1,308.5,257.5555555555556,924.6666666666666,308.5,Normal
ipcas_21:73:26,149,1,65,TIED23CTRL/LLN0$Status,1.063370710000001,0.0,1.0,1,309.0,258.6666666666667,922.6666666666666,309.5,Normal
ipcas_21:73:26,149,1,65,TIED23PROT/LLN0$Alarm,1.0633755730000019,0.0,1.0,1,309.0,258.6666666666667,922.6666666666666,309.5,Normal
ipcas_21:73:26,206,1,65,TIED23MEAS/LLN0$Measurement,1.063509848999999,0.0,1.0,1,309.0,258.6666666666667,922.6666666666666,309.5,Normal
ipcas_21:73:26,149,1,66,TIED23CTRL/LLN0$Status,1.0596284989999987,0.0,1.0,1,310.3333333333333,258.38888888888886,918.6666666666666,309.5,Normal
ipcas_21:73:26,149,1,66,TIED23PROT/LLN0$Alarm,1.0596308960000016,0.0,1.0,1,310.3333333333333,258.38888888888886,918.6666666666666,309.5,Normal
ipcas_21:73:26,206,1,66,TIED23MEAS/LLN0$Measurement,1.0604552180000013,0.0,1.0,1,310.3333333333333,258.38888888888886,918.6666666666666,309.5,Normal
ipcas_21:73:26,149,1,67,TIED23CTRL/LLN0$Status,1.0605947199999974,0.0,1.0,1,314.1666666666667,257.8333333333333,928.6666666666666,307.0,Normal
ipcas_21:73:26,149,1,67,TIED23PROT/LLN0$Alarm,1.0605895179999862,0.0,1.0,1,314.1666666666667,257.8333333333333,928.6666666666666,307.0,Normal
ipcas_21:73:26,206,1,67,TIED23MEAS/LLN0$Measurement,1.059731866000007,0.0,1.0,1,314.1666666666667,257.8333333333333,928.6666666666666,307.0,Normal
ipcas_21:73:26,149,1,68,TIED23CTRL/LLN0$Status,1.0610886900000054,0.0,1.0,1,308.1666666666667,257.5555555555555,923.3333333333334,309.1666666666667,Normal
ipcas_21:73:26,149,1,68,TIED23PROT/LLN0$Alarm,1.061093704000001,0.0,1.0,1,308.1666666666667,257.5555555555555,923.3333333333334,309.1666666666667,Normal
ipcas_21:73:26,206,1,68,TIED23MEAS/LLN0$Measurement,1.0609927590000012,0.0,1.0,1,308.1666666666667,257.5555555555555,923.3333333333334,309.1666666666667,Normal
ipcas_21:73:26,149,1,69,TIED23CTRL/LLN0$Status,1.0306404609999902,0.0,1.0,1,309.1666666666667,258.3333333333333,921.6666666666666,308.8333333333333,Normal
ipcas_21:73:26,149,1,69,TIED23PROT/LLN0$Alarm,1.0306353930000114,0.0,1.0,1,309.1666666666667,258.3333333333333,921.6666666666666,308.8333333333333,Normal
ipcas_21:73:26,206,1,69,TIED23MEAS/LLN0$Measurement,1.0306355740000015,0.0,1.0,1,309.1666666666667,258.3333333333333,921.6666666666666,308.8333333333333,Normal
ipcas_21:73:26,149,1,70,TIED23CTRL/LLN0$Status,1.0899506720000005,0.0,1.0,1,309.5,257.6111111111111,922.0,310.1666666666667,Normal
ipcas_21:73:26,149,1,70,TIED23PROT/LLN0$Alarm,1.089951837000001,0.0,1.0,1,309.5,257.6111111111111,922.0,310.1666666666667,Normal
ipcas_21:73:26,206,1,70,TIED23MEAS/LLN0$Measurement,1.0899524289999931,0.0,1.0,1,309.5,257.6111111111111,922.0,310.1666666666667,Normal
ipcas_21:73:26,149,1,71,TIED23CTRL/LLN0$Status,1.0796107569999975,0.0,1.0,1,310.8333333333333,257.4444444444445,924.6666666666666,310.1666666666667,Normal
ipcas_21:73:26,149,1,71,TIED23PROT/LLN0$Alarm,1.0796146550000003,0.0,1.0,1,310.8333333333333,257.4444444444445,924.6666666666666,310.1666666666667,Normal
ipcas_21:73:26,206,1,71,TIED23MEAS/LLN0$Measurement,1.0796140470000068,0.0,1.0,1,310.8333333333333,257.4444444444445,924.6666666666666,310.1666666666667,Normal
ipcas_21:73:26,149,1,72,TIED23CTRL/LLN0$Status,1.0370839490000066,0.0,1.0,1,308.8333333333333,257.0555555555556,925.6666666666666,306.5,Normal
ipcas_21:73:26,149,1,72,TIED23PROT/LLN0$Alarm,1.0370830189999936,0.0,1.0,1,308.8333333333333,257.0555555555556,925.6666666666666,306.5,Normal
ipcas_21:73:26,206,1,72,TIED23MEAS/LLN0$Measurement,1.03710938399999,0.0,1.0,1,308.8333333333333,257.0555555555556,925.6666666666666,306.5,Normal
ipcas_21:73:26,149,1,73,TIED23CTRL/LLN0$Status,1.064194564999994,0.0,1.0,1,311.0,260.3888888888889,924.6666666666666,306.8333333333333,Normal
ipcas_21:73:26,149,1,73,TIED23PROT/LLN0$Alarm,1.0641881640000008,0.0,1.0,1,311.0,260.3888888888889,924.6666666666666,306.8333333333333,Normal
ipcas_21:73:26,206,1,73,TIED23MEAS/LLN0$Measurement,1.0641617740000129,0.0,1.0,1,311.0,260.3888888888889,924.6666666666666,306.8333333333333,Normal
ipcas_21:73:26,149,1,74,TIED23CTRL/LLN0$Status,1.0387953320000065,0.0,1.0,1,312.6666666666667,258.5,918.6666666666666,306.3333333333333,Normal
ipcas_21:73:26,149,1,74,TIED23PROT/LLN0$Alarm,1.0388000250000005,0.0,1.0,1,312.6666666666667,258.5,918.6666666666666,306.3333333333333,Normal
ipcas_21:73:26,206,1,74,TIED23MEAS/LLN0$Measurement,1.0387998859999925,0.0,1.0,1,312.6666666666667,258.5,918.6666666666666,306.3333333333333,Normal
ipcas_21:73:26,149,1,75,TIED23CTRL/LLN0$Status,1.058703762999997,0.0,1.0,1,308.5,258.5555555555556,924.3333333333334,311.8333333333333,Normal
ipcas_21:73:26,149,1,75,TIED23PROT/LLN0$Alarm,1.0591143529999982,0.0,1.0,1,308.5,258.5555555555556,924.3333333333334,311.8333333333333,Normal
ipcas_21:73:26,206,1,75,TIED23MEAS/LLN0$Measurement,1.0592811100000006,0.0,1.0,1,308.5,258.5555555555556,924.3333333333334,311.8333333333333,Normal
ipcas_21:73:26,149,1,76,TIED23CTRL/LLN0$Status,1.0698057780000028,0.0,1.0,1,311.1666666666667,256.4444444444444,922.6666666666666,307.8333333333333,Normal
ipcas_21:73:26,149,1,76,TIED23PROT/LLN0$Alarm,1.0693905239999992,0.0,1.0,1,311.1666666666667,256.4444444444444,922.6666666666666,307.8333333333333,Normal
ipcas_21:73:26,206,1,76,TIED23MEAS/LLN0$Measurement,1.0692236680000065,0.0,1.0,1,311.1666666666667,256.4444444444444,922.6666666666666,307.8333333333333,Normal
ipcas_21:73:26,149,1,77,TIED23CTRL/LLN0$Status,1.0690318279999929,0.0,1.0,1,309.1666666666667,258.44444444444446,930.6666666666666,307.8333333333333,Normal
ipcas_21:73:26,149,1,77,TIED23PROT/LLN0$Alarm,1.0690374550000001,0.0,1.0,1,309.1666666666667,258.44444444444446,930.6666666666666,307.8333333333333,Normal
ipcas_21:73:26,206,1,77,TIED23MEAS/LLN0$Measurement,1.0690376119999883,0.0,1.0,1,309.1666666666667,258.44444444444446,930.6666666666666,307.8333333333333,Normal
ipcas_21:73:26,149,1,78,TIED23CTRL/LLN0$Status,1.0590304530000054,0.0,1.0,1,311.3333333333333,258.27777777777777,921.6666666666666,308.6666666666667,Normal
ipcas_21:73:26,149,1,78,TIED23PROT/LLN0$Alarm,1.0592962510000064,0.0,1.0,1,311.3333333333333,258.27777777777777,921.6666666666666,308.6666666666667,Normal
ipcas_21:73:26,206,1,78,TIED23MEAS/LLN0$Measurement,1.059560131000012,0.0,1.0,1,311.3333333333333,258.27777777777777,921.6666666666666,308.6666666666667,Normal
ipcas_21:73:26,149,1,79,TIED23CTRL/LLN0$Status,1.038737604000005,0.0,1.0,1,309.3333333333333,257.7777777777778,925.0,306.6666666666667,Normal
ipcas_21:73:26,149,1,79,TIED23PROT/LLN0$Alarm,1.0387032909999903,0.0,1.0,1,309.3333333333333,257.7777777777778,925.0,306.6666666666667,Normal
ipcas_21:73:26,206,1,79,TIED23MEAS/LLN0$Measurement,1.0386141099999975,0.0,1.0,1,309.3333333333333,257.7777777777778,925.0,306.6666666666667,Normal
ipcas_21:73:26,149,1,80,TIED23CTRL/LLN0$Status,1.0562291969999933,0.0,1.0,1,310.0,259.27777777777777,919.6666666666666,305.3333333333333,Normal
ipcas_21:73:26,149,1,80,TIED23PROT/LLN0$Alarm,1.0559995119999996,0.0,1.0,1,310.0,259.27777777777777,919.6666666666666,305.3333333333333,Normal
ipcas_21:73:26,206,1,80,TIED23MEAS/LLN0$Measurement,1.0560213689999927,0.0,1.0,1,310.0,259.27777777777777,919.6666666666666,305.3333333333333,Normal
ipcas_21:73:26,149,1,81,TIED23CTRL/LLN0$Status,1.0637789430000026,0.0,1.0,1,311.0,258.11111111111114,924.6666666666666,306.6666666666667,Normal
ipcas_21:73:26,149,1,81,TIED23PROT/LLN0$Alarm,1.0637742600000024,0.0,1.0,1,311.0,258.11111111111114,924.6666666666666,306.6666666666667,Normal
ipcas_21:73:26,206,1,81,TIED23MEAS/LLN0$Measurement,1.0635778529999982,0.0,1.0,1,311.0,258.11111111111114,924.6666666666666,306.6666666666667,Normal
ipcas_21:73:26,149,1,82,TIED23CTRL/LLN0$Status,1.0424437180000012,0.0,1.0,1,309.0,258.0,922.0,308.3333333333333,Normal
ipcas_21:73:26,149,1,82,TIED23PROT/LLN0$Alarm,1.0424407640000055,0.0,1.0,1,309.0,258.0,922.0,308.3333333333333,Normal
ipcas_21:73:26,206,1,82,TIED23MEAS/LLN0$Measurement,1.0424405400000012,0.0,1.0,1,309.0,258.0,922.0,308.3333333333333,Normal
ipcas_21:73:26,149,1,83,TIED23CTRL/LLN0$Status,1.079886653999992,0.0,1.0,1,310.8333333333333,257.1111111111111,930.3333333333334,306.8333333333333,Normal
ipcas_21:73:26,149,1,83,TIED23PROT/LLN0$Alarm,1.0805181610000005,0.0,1.0,1,310.8333333333333,257.1111111111111,930.3333333333334,306.8333333333333,Normal
ipcas_21:73:26,206,1,83,TIED23MEAS/LLN0$Measurement,1.0805202640000005,0.0,1.0,1,310.8333333333333,257.1111111111111,930.3333333333334,306.8333333333333,Normal
ipcas_21:73:26,149,1,84,TIED23CTRL/LLN0$Status,1.0483487190000034,0.0,1.0,1,312.0,259.3888888888889,928.0,308.3333333333333,Normal
ipcas_21:73:26,149,1,84,TIED23PROT/LLN0$Alarm,1.0477244889999895,0.0,1.0,1,312.0,259.3888888888889,928.0,308.3333333333333,Normal
ipcas_21:73:26,206,1,84,TIED23MEAS/LLN0$Measurement,1.0477225220000008,0.0,1.0,1,312.0,259.3888888888889,928.0,308.3333333333333,Normal
ipcas_21:73:26,149,1,85,TIED23CTRL/LLN0$Status,1.0838383640000018,0.0,1.0,1,309.5,256.0,922.6666666666666,310.1666666666667,Normal
ipcas_21:73:26,149,1,85,TIED23PROT/LLN0$Alarm,1.0838396670000066,0.0,1.0,1,309.5,256.0,922.6666666666666,310.1666666666667,Normal
ipcas_21:73:26,206,1,85,TIED23MEAS/LLN0$Measurement,1.0838398300000023,0.0,1.0,1,309.5,256.0,922.6666666666666,310.1666666666667,Normal
ipcas_21:73:26,149,1,86,TIED23CTRL/LLN0$Status,1.0699952570000022,0.0,1.0,1,311.0,258.5555555555556,923.0,310.3333333333333,Normal
ipcas_21:73:26,149,1,86,TIED23PROT/LLN0$Alarm,1.0703552319999972,0.0,1.0,1,311.0,258.5555555555556,923.0,310.3333333333333,Normal
ipcas_21:73:26,206,1,86,TIED23MEAS/LLN0$Measurement,1.0703581079999935,0.0,1.0,1,311.0,258.5555555555556,923.0,310.3333333333333,Normal
ipcas_21:73:26,149,1,87,TIED23CTRL/LLN0$Status,1.0498016319999977,0.0,1.0,1,309.6666666666667,259.0555555555556,920.3333333333334,308.6666666666667,Normal
ipcas_21:73:26,149,1,87,TIED23PROT/LLN0$Alarm,1.0500116090000091,0.0,1.0,1,309.6666666666667,259.0555555555556,920.3333333333334,308.6666666666667,Normal
ipcas_21:73:26,206,1,87,TIED23MEAS/LLN0$Measurement,1.05001320800001,0.0,1.0,1,309.6666666666667,259.0555555555556,920.3333333333334,308.6666666666667,Normal
ipcas_21:73:26,149,1,88,TIED23CTRL/LLN0$Status,1.0698307560000018,0.0,1.0,1,310.8333333333333,257.27777777777777,917.3333333333334,307.8333333333333,Normal
ipcas_21:73:26,149,1,88,TIED23PROT/LLN0$Alarm,1.06925236699999,0.0,1.0,1,310.8333333333333,257.27777777777777,917.3333333333334,307.8333333333333,Normal
ipcas_21:73:26,206,1,88,TIED23MEAS/LLN0$Measurement,1.0692476709999994,0.0,1.0,1,310.8333333333333,257.27777777777777,917.3333333333334,307.8333333333333,Normal
ipcas_21:73:26,149,1,89,TIED23CTRL/LLN0$Status,1.048699849000002,0.0,1.0,1,310.5,258.8333333333333,928.6666666666666,307.3333333333333,Normal
ipcas_21:73:26,149,1,89,TIED23PROT/LLN0$Alarm,1.0487052200000022,0.0,1.0,1,310.5,258.8333333333333,928.6666666666666,307.3333333333333,Normal
ipcas_21:73:26,206,1,89,TIED23MEAS/LLN0$Measurement,1.048705131999995,0.0,1.0,1,310.5,258.8333333333333,928.6666666666666,307.3333333333333,Normal
ipcas_21:73:26,149,1,90,TIED23CTRL/LLN0$Status,1.0732664810000045,0.0,1.0,1,308.5,258.1111111111111,925.6666666666666,307.5,Normal
ipcas_21:73:26,149,1,90,TIED23PROT/LLN0$Alarm,1.0732610190000003,0.0,1.0,1,308.5,258.1111111111111,925.6666666666666,307.5,Normal
ipcas_21:73:26,206,1,90,TIED23MEAS/LLN0$Measurement,1.0732611520000006,0.0,1.0,1,308.5,258.1111111111111,925.6666666666666,307.5,Normal
ipcas_21:73:26,149,1,91,TIED23CTRL/LLN0$Status,1.041156524999991,0.0,1.0,1,312.8333333333333,257.4444444444444,928.6666666666666,306.5,Normal
ipcas_21:73:26,149,1,91,TIED23PROT/LLN0$Alarm,1.041160762000004,0.0,1.0,1,312.8333333333333,257.4444444444444,928.6666666666666,306.5,Normal
ipcas_21:73:26,206,1,91,TIED23MEAS/LLN0$Measurement,1.0411610660000008,0.0,1.0,1,312.8333333333333,257.4444444444444,928.6666666666666,306.5,Normal
ipcas_21:73:26,149,1,92,TIED23CTRL/LLN0$Status,1.0465815990000067,0.0,1.0,1,312.5,257.1666666666667,924.6666666666666,309.1666666666667,Normal
ipcas_21:73:26,149,1,92,TIED23PROT/LLN0$Alarm,1.046587438000003,0.0,1.0,1,312.5,257.1666666666667,924.6666666666666,309.1666666666667,Normal
ipcas_21:73:26,206,1,92,TIED23MEAS/LLN0$Measurement,1.0465872089999948,0.0,1.0,1,312.5,257.1666666666667,924.6666666666666,309.1666666666667,Normal
ipcas_21:73:26,149,1,93,TIED23CTRL/LLN0$Status,1.0446964709999946,0.0,1.0,1,308.1666666666667,259.5555555555556,922.6666666666666,306.1666666666667,Normal
ipcas_21:73:26,149,1,93,TIED23PROT/LLN0$Alarm,1.0446866499999885,0.0,1.0,1,308.1666666666667,259.5555555555556,922.6666666666666,306.1666666666667,Normal
ipcas_21:73:26,206,1,93,TIED23MEAS/LLN0$Measurement,1.0446866620000037,0.0,1.0,1,308.1666666666667,259.5555555555556,922.6666666666666,306.1666666666667,Normal
ipcas_21:73:26,149,1,94,TIED23CTRL/LLN0$Status,1.0354163669999963,0.0,1.0,1,309.3333333333333,256.72222222222223,920.3333333333334,310.0,Normal
ipcas_21:73:26,149,1,94,TIED23PROT/LLN0$Alarm,1.035416686000005,0.0,1.0,1,309.3333333333333,256.72222222222223,920.3333333333334,310.0,Normal
ipcas_21:73:26,206,1,94,TIED23MEAS/LLN0$Measurement,1.0354166940000056,0.0,1.0,1,309.3333333333333,256.72222222222223,920.3333333333334,310.0,Normal
ipcas_21:73:26,149,1,95,TIED23CTRL/LLN0$Status,1.0236229460000033,0.0,1.0,1,312.3333333333333,255.66666666666666,926.3333333333334,305.6666666666667,Normal
ipcas_21:73:26,149,1,95,TIED23PROT/LLN0$Alarm,1.0236286089999993,0.0,1.0,1,312.3333333333333,255.66666666666666,926.3333333333334,305.6666666666667,Normal
ipcas_21:73:26,206,1,95,TIED23MEAS/LLN0$Measurement,1.0240365679999996,0.0,1.0,1,312.3333333333333,255.66666666666666,926.3333333333334,305.6666666666667,Normal
ipcas_21:73:26,149,1,96,TIED23CTRL/LLN0$Status,1.0535571660000045,0.0,1.0,1,309.3333333333333,257.22222222222223,921.0,305.0,Normal
ipcas_21:73:26,149,1,96,TIED23PROT/LLN0$Alarm,1.053551596999995,0.0,1.0,1,309.3333333333333,257.22222222222223,921.0,305.0,Normal
ipcas_21:73:26,206,1,96,TIED23MEAS/LLN0$Measurement,1.053143942999995,0.0,1.0,1,309.3333333333333,257.22222222222223,921.0,305.0,Normal
ipcas_21:73:26,149,1,97,TIED23CTRL/LLN0$Status,1.0329827719999969,0.0,1.0,1,308.5,258.6111111111111,924.0,310.6666666666667,Normal
ipcas_21:73:26,149,1,97,TIED23PROT/LLN0$Alarm,1.033282688,0.0,1.0,1,308.5,258.6111111111111,924.0,310.6666666666667,Normal
ipcas_21:73:26,206,1,97,TIED23MEAS/LLN0$Measurement,1.0332851689999956,0.0,1.0,1,308.5,258.6111111111111,924.0,310.6666666666667,Normal
ipcas_21:73:26,149,1,98,TIED23CTRL/LLN0$Status,1.0607410070000043,0.0,1.0,1,309.6666666666667,257.8333333333333,930.3333333333334,308.1666666666667,Normal
ipcas_21:73:26,149,1,98,TIED23PROT/LLN0$Alarm,1.060447202000006,0.0,1.0,1,309.6666666666667,257.8333333333333,930.3333333333334,308.1666666666667,Normal
ipcas_21:73:26,206,1,98,TIED23MEAS/LLN0$Measurement,1.0604447090000093,0.0,1.0,1,309.6666666666667,257.8333333333333,930.3333333333334,308.1666666666667,Normal
ipcas_21:73:26,149,1,99,TIED23CTRL/LLN0$Status,1.073555782999989,0.0,1.0,1,309.8333333333333,257.3333333333333,922.3333333333334,309.0,Normal
ipcas_21:73:26,149,1,99,TIED23PROT/LLN0$Alarm,1.0735587080000073,0.0,1.0,1,309.8333333333333,257.3333333333333,922.3333333333334,309.0,Normal
ipcas_21:73:26,206,1,99,TIED23MEAS/LLN0$Measurement,1.0738123259999952,0.0,1.0,1,309.8333333333333,257.3333333333333,922.3333333333334,309.0,Normal
ipcas_21:73:26,149,1,100,TIED23CTRL/LLN0$Status,1.0488885580000016,0.0,1.0,1,311.6666666666667,257.4444444444445,926.3333333333334,308.1666666666667,Normal
ipcas_21:73:26,149,1,100,TIED23PROT/LLN0$Alarm,1.048888491999989,0.0,1.0,1,311.6666666666667,257.4444444444445,926.3333333333334,308.1666666666667,Normal
ipcas_21:73:26,206,1,100,TIED23MEAS/LLN0$Measurement,1.0486346819999994,0.0,1.0,1,311.6666666666667,257.4444444444445,926.3333333333334,308.1666666666667,Normal
ipcas_21:73:26,149,1,101,TIED23CTRL/LLN0$Status,1.0638760270000063,0.0,1.0,1,312.1666666666667,257.55555555555554,926.3333333333334,310.0,Normal
ipcas_21:73:26,149,1,101,TIED23PROT/LLN0$Alarm,1.0638718969999985,0.0,1.0,1,312.1666666666667,257.55555555555554,926.3333333333334,310.0,Normal
ipcas_21:73:26,206,1,101,TIED23MEAS/LLN0$Measurement,1.0642790440000027,0.0,1.0,1,312.1666666666667,257.55555555555554,926.3333333333334,310.0,Normal
ipcas_21:73:26,149,1,102,TIED23CTRL/LLN0$Status,1.0640791369999931,0.0,1.0,1,310.0,258.44444444444446,927.3333333333334,308.8333333333333,Normal
ipcas_21:73:26,149,1,102,TIED23PROT/LLN0$Alarm,1.0640907360000114,0.0,1.0,1,310.0,258.44444444444446,927.3333333333334,308.8333333333333,Normal
ipcas_21:73:26,206,1,102,TIED23MEAS/LLN0$Measurement,1.0636839820000006,0.0,1.0,1,310.0,258.44444444444446,927.3333333333334,308.8333333333333,Normal
ipcas_21:73:26,149,1,103,TIED23CTRL/LLN0$Status,1.0490188270000118,0.0,1.0,1,312.1666666666667,258.0555555555556,920.0,307.5,Normal
ipcas_21:73:26,149,1,103,TIED23PROT/LLN0$Alarm,1.0490092009999898,0.0,1.0,1,312.1666666666667,258.0555555555556,920.0,307.5,Normal
ipcas_21:73:26,206,1,103,TIED23MEAS/LLN0$Measurement,1.049008767999993,0.0,1.0,1,312.1666666666667,258.0555555555556,920.0,307.5,Normal
ipcas_21:73:26,149,1,104,TIED23CTRL/LLN0$Status,1.0689845229999975,0.0,1.0,1,307.1666666666667,256.05555555555554,926.0,308.1666666666667,Normal
ipcas_21:73:26,149,1,104,TIED23PROT/LLN0$Alarm,1.0689811140000103,0.0,1.0,1,307.1666666666667,256.05555555555554,926.0,308.1666666666667,Normal
ipcas_21:73:26,206,1,104,TIED23MEAS/LLN0$Measurement,1.0689811539999994,0.0,1.0,1,307.1666666666667,256.05555555555554,926.0,308.1666666666667,Normal
ipcas_21:73:26,149,1,105,TIED23CTRL/LLN0$Status,1.0396068869999908,0.0,1.0,1,311.8333333333333,255.77777777777774,920.3333333333334,309.6666666666667,Normal
ipcas_21:73:26,149,1,105,TIED23PROT/LLN0$Alarm,1.0396120319999937,0.0,1.0,1,311.8333333333333,255.77777777777774,920.3333333333334,309.6666666666667,Normal
ipcas_21:73:26,206,1,105,TIED23MEAS/LLN0$Measurement,1.0396119590000126,0.0,1.0,1,311.8333333333333,255.77777777777774,920.3333333333334,309.6666666666667,Normal
ipcas_21:73:26,149,1,106,TIED23CTRL/LLN0$Status,1.0598324810000008,0.0,1.0,1,309.3333333333333,257.77777777777777,927.3333333333334,309.8333333333333,Normal
ipcas_21:73:26,149,1,106,TIED23PROT/LLN0$Alarm,1.0598268410000031,0.0,1.0,1,309.3333333333333,257.77777777777777,927.3333333333334,309.8333333333333,Normal
ipcas_21:73:26,206,1,106,TIED23MEAS/LLN0$Measurement,1.0598267159999892,0.0,1.0,1,309.3333333333333,257.77777777777777,927.3333333333334,309.8333333333333,Normal
ipcas_21:73:26,149,1,107,TIED23CTRL/LLN0$Status,1.049208225000001,0.0,1.0,1,310.8333333333333,258.4444444444445,922.3333333333334,308.3333333333333,Normal
ipcas_21:73:26,149,1,107,TIED23PROT/LLN0$Alarm,1.0492074849999966,0.0,1.0,1,310.8333333333333,258.4444444444445,922.3333333333334,308.3333333333333,Normal
ipcas_21:73:26,206,1,107,TIED23MEAS/LLN0$Measurement,1.0493627360000062,0.0,1.0,1,310.8333333333333,258.4444444444445,922.3333333333334,308.3333333333333,Normal
ipcas_21:73:26,149,1,108,TIED23CTRL/LLN0$Status,1.0371005810000042,0.0,1.0,1,311.1666666666667,257.3333333333333,926.6666666666666,308.3333333333333,Normal
ipcas_21:73:26,149,1,108,TIED23PROT/LLN0$Alarm,1.0371029439999973,0.0,1.0,1,311.1666666666667,257.3333333333333,926.6666666666666,308.3333333333333,Normal
ipcas_21:73:26,206,1,108,TIED23MEAS/LLN0$Measurement,1.0369477130000035,0.0,1.0,1,311.1666666666667,257.3333333333333,926.6666666666666,308.3333333333333,Normal
ipcas_21:73:26,149,1,109,TIED23CTRL/LLN0$Status,1.0622959600000002,0.0,1.0,1,309.5,257.77777777777777,920.6666666666666,310.1666666666667,Normal
ipcas_21:73:26,149,1,109,TIED23PROT/LLN0$Alarm,1.0622987260000087,0.0,1.0,1,309.5,257.77777777777777,920.6666666666666,310.1666666666667,Normal
ipcas_21:73:26,206,1,109,TIED23MEAS/LLN0$Measurement,1.0624084290000013,0.0,1.0,1,309.5,257.77777777777777,920.6666666666666,310.1666666666667,Normal
ipcas_21:73:26,149,1,110,TIED23CTRL/LLN0$Status,1.050841669999997,0.0,1.0,1,309.3333333333333,259.22222222222223,923.0,307.0,Normal
ipcas_21:73:26,149,1,110,TIED23PROT/LLN0$Alarm,1.0508340749999974,0.0,1.0,1,309.3333333333333,259.22222222222223,923.0,307.0,Normal
ipcas_21:73:26,206,1,110,TIED23MEAS/LLN0$Measurement,1.0507243649999936,0.0,1.0,1,309.3333333333333,259.22222222222223,923.0,307.0,Normal
ipcas_21:73:26,149,1,111,TIED23CTRL/LLN0$Status,1.0684295700000064,0.0,1.0,1,307.0,259.0,926.3333333333334,309.0,Normal
ipcas_21:73:26,149,1,111,TIED23PROT/LLN0$Alarm,1.0684328629999982,0.0,1.0,1,307.0,259.0,926.3333333333334,309.0,Normal
ipcas_21:73:26,206,1,111,TIED23MEAS/LLN0$Measurement,1.0684331719999989,0.0,1.0,1,307.0,259.0,926.3333333333334,309.0,Normal
ipcas_21:73:26,149,1,112,TIED23CTRL/LLN0$Status,1.0717470109999994,0.0,1.0,1,309.5,256.3888888888889,922.6666666666666,310.8333333333333,Normal
ipcas_21:73:26,149,1,112,TIED23PROT/LLN0$Alarm,1.071749995999994,0.0,1.0,1,309.5,256.3888888888889,922.6666666666666,310.8333333333333,Normal
ipcas_21:73:26,206,1,112,TIED23MEAS/LLN0$Measurement,1.0717502110000083,0.0,1.0,1,309.5,256.3888888888889,922.6666666666666,310.8333333333333,Normal
ipcas_21:73:26,149,1,113,TIED23CTRL/LLN0$Status,1.0505003829999993,0.0,1.0,1,310.8333333333333,258.3333333333333,925.6666666666666,308.0,Normal
ipcas_21:73:26,149,1,113,TIED23PROT/LLN0$Alarm,1.0505022279999991,0.0,1.0,1,310.8333333333333,258.3333333333333,925.6666666666666,308.0,Normal
ipcas_21:73:26,206,1,113,TIED23MEAS/LLN0$Measurement,1.0505015789999987,0.0,1.0,1,310.8333333333333,258.3333333333333,925.6666666666666,308.0,Normal
ipcas_21:73:26,149,1,114,TIED23CTRL/LLN0$Status,1.0646848709999972,0.0,1.0,1,310.5,256.72222222222223,926.6666666666666,307.1666666666667,Normal
ipcas_21:73:26,149,1,114,TIED23PROT/LLN0$Alarm,1.0648691290000016,0.0,1.0,1,310.5,256.72222222222223,926.6666666666666,307.1666666666667,Normal
ipcas_21:73:26,206,1,114,TIED23MEAS/LLN0$Measurement,1.064872821999998,0.0,1.0,1,310.5,256.72222222222223,926.6666666666666,307.1666666666667,Normal
ipcas_21:73:26,149,1,115,TIED23CTRL/LLN0$Status,1.0615443880000015,0.0,1.0,1,308.3333333333333,259.8888888888889,924.0,308.3333333333333,Normal
ipcas_21:73:26,149,1,115,TIED23PROT/LLN0$Alarm,1.061359779,0.0,1.0,1,308.3333333333333,259.8888888888889,924.0,308.3333333333333,Normal
ipcas_21:73:26,206,1,115,TIED23MEAS/LLN0$Measurement,1.0613563409999927,0.0,1.0,1,308.3333333333333,259.8888888888889,924.0,308.3333333333333,Normal
ipcas_21:73:26,149,1,116,TIED23CTRL/LLN0$Status,1.0628626550000035,0.0,1.0,1,309.6666666666667,258.0555555555556,922.3333333333334,311.6666666666667,Normal
ipcas_21:73:26,149,1,116,TIED23PROT/LLN0$Alarm,1.0628610330000043,0.0,1.0,1,309.6666666666667,258.0555555555556,922.3333333333334,311.6666666666667,Normal
ipcas_21:73:26,206,1,116,TIED23MEAS/LLN0$Measurement,1.0631994640000073,0.0,1.0,1,309.6666666666667,258.0555555555556,922.3333333333334,311.6666666666667,Normal
ipcas_21:73:26,149,1,117,TIED23CTRL/LLN0$Status,1.1015558129999903,0.0,1.0,1,309.3333333333333,258.55555555555554,928.6666666666666,310.3333333333333,Normal
ipcas_21:73:26,149,1,117,TIED23PROT/LLN0$Alarm,1.1015520180000067,0.0,1.0,1,309.3333333333333,258.55555555555554,928.6666666666666,310.3333333333333,Normal
ipcas_21:73:26,206,1,117,TIED23MEAS/LLN0$Measurement,1.101213407000003,0.0,1.0,1,309.3333333333333,258.55555555555554,928.6666666666666,310.3333333333333,Normal
ipcas_21:73:26,149,1,118,TIED23CTRL/LLN0$Status,1.0367892090000055,0.0,1.0,1,309.5,257.3333333333333,927.0,307.8333333333333,Normal
ipcas_21:73:26,149,1,118,TIED23PROT/LLN0$Alarm,1.0367870389999894,0.0,1.0,1,309.5,257.3333333333333,927.0,307.8333333333333,Normal
ipcas_21:73:26,206,1,118,TIED23MEAS/LLN0$Measurement,1.036787278999995,0.0,1.0,1,309.5,257.3333333333333,927.0,307.8333333333333,Normal
ipcas_21:73:26,149,1,119,TIED23CTRL/LLN0$Status,1.0508921870000023,0.0,1.0,1,308.6666666666667,257.38888888888886,920.6666666666666,309.5,Normal
ipcas_21:73:26,149,1,119,TIED23PROT/LLN0$Alarm,1.050894929000009,0.0,1.0,1,308.6666666666667,257.38888888888886,920.6666666666666,309.5,Normal
ipcas_21:73:26,206,1,119,TIED23MEAS/LLN0$Measurement,1.0513161570000022,0.0,1.0,1,308.6666666666667,257.38888888888886,920.6666666666666,309.5,Normal
ipcas_21:73:26,149,1,120,TIED23CTRL/LLN0$Status,1.0572990919999938,0.0,1.0,1,311.3333333333333,257.6111111111111,921.6666666666666,308.6666666666667,Normal
ipcas_21:73:26,149,1,120,TIED23PROT/LLN0$Alarm,1.057295788999994,0.0,1.0,1,311.3333333333333,257.6111111111111,921.6666666666666,308.6666666666667,Normal
ipcas_21:73:26,206,1,120,TIED23MEAS/LLN0$Measurement,1.0568743199999915,0.0,1.0,1,311.3333333333333,257.6111111111111,921.6666666666666,308.6666666666667,Normal
ipcas_21:73:26,149,1,121,TIED23CTRL/LLN0$Status,1.0412265740000066,0.0,1.0,1,309.0,260.1666666666667,924.0,308.5,Normal
ipcas_21:73:26,149,1,121,TIED23PROT/LLN0$Alarm,1.0415516550000063,0.0,1.0,1,309.0,260.1666666666667,924.0,308.5,Normal
ipcas_21:73:26,206,1,121,TIED23MEAS/LLN0$Measurement,1.0415550969999998,0.0,1.0,1,309.0,260.1666666666667,924.0,308.5,Normal
ipcas_21:73:26,149,1,122,TIED23CTRL/LLN0$Status,1.0603254580000083,0.0,1.0,1,311.1666666666667,259.27777777777777,919.0,310.6666666666667,Normal
ipcas_21:73:26,149,1,122,TIED23PROT/LLN0$Alarm,1.060001009000004,0.0,1.0,1,311.1666666666667,259.27777777777777,919.0,310.6666666666667,Normal
ipcas_21:73:26,206,1,122,TIED23MEAS/LLN0$Measurement,1.059997879000008,0.0,1.0,1,311.1666666666667,259.27777777777777,919.0,310.6666666666667,Normal
ipcas_21:73:26,149,1,123,TIED23CTRL/LLN0$Status,1.0431648320000022,0.0,1.0,1,309.3333333333333,259.27777777777777,926.3333333333334,307.0,Normal
ipcas_21:73:26,149,1,123,TIED23PROT/LLN0$Alarm,1.043164685999983,0.0,1.0,1,309.3333333333333,259.27777777777777,926.3333333333334,307.0,Normal
ipcas_21:73:26,206,1,123,TIED23MEAS/LLN0$Measurement,1.0431647240000075,0.0,1.0,1,309.3333333333333,259.27777777777777,926.3333333333334,307.0,Normal
ipcas_21:73:26,149,1,124,TIED23CTRL/LLN0$Status,1.0649331759999825,0.0,1.0,1,310.3333333333333,257.11111111111114,921.6666666666666,310.1666666666667,Normal
ipcas_21:73:26,149,1,124,TIED23PROT/LLN0$Alarm,1.064958106000006,0.0,1.0,1,310.3333333333333,257.11111111111114,921.6666666666666,310.1666666666667,Normal
ipcas_21:73:26,206,1,124,TIED23MEAS/LLN0$Measurement,1.0649577599999986,0.0,1.0,1,310.3333333333333,257.11111111111114,921.6666666666666,310.1666666666667,Normal
ipcas_21:73:26,149,1,125,TIED23CTRL/LLN0$Status,1.070096097000004,0.0,1.0,1,309.0,258.5,927.3333333333334,307.5,Normal
ipcas_21:73:26,149,1,125,TIED23PROT/LLN0$Alarm,1.0700780800000018,0.0,1.0,1,309.0,258.5,927.3333333333334,307.5,Normal
ipcas_21:73:26,206,1,125,TIED23MEAS/LLN0$Measurement,1.0700787369999887,0.0,1.0,1,309.0,258.5,927.3333333333334,307.5,Normal
ipcas_21:73:26,149,1,126,TIED23CTRL/LLN0$Status,1.0567646339999897,0.0,1.0,1,307.5,260.11111111111114,926.6666666666666,311.0,Normal
ipcas_21:73:26,149,1,126,TIED23PROT/LLN0$Alarm,1.0567636380000067,0.0,1.0,1,307.5,260.11111111111114,926.6666666666666,311.0,Normal
ipcas_21:73:26,206,1,126,TIED23MEAS/LLN0$Measurement,1.0567633269999988,0.0,1.0,1,307.5,260.11111111111114,926.6666666666666,311.0,Normal
ipcas_21:73:26,149,1,127,TIED23CTRL/LLN0$Status,1.0751579650000167,0.0,1.0,1,307.6666666666667,259.11111111111114,928.0,311.0,Normal
ipcas_21:73:26,149,1,127,TIED23PROT/LLN0$Alarm,1.0757582659999798,0.0,1.0,1,307.6666666666667,259.11111111111114,928.0,311.0,Normal
ipcas_21:73:26,206,1,127,TIED23MEAS/LLN0$Measurement,1.0757609249999973,0.0,1.0,1,307.6666666666667,259.11111111111114,928.0,311.0,Normal
ipcas_21:73:26,150,1,128,TIED23CTRL/LLN0$Status,1.0838957590000007,0.0,1.0,1,308.1666666666667,256.5,926.0,305.0,Normal
ipcas_21:73:26,150,1,128,TIED23PROT/LLN0$Alarm,1.083311101000021,0.0,1.0,1,308.1666666666667,256.5,926.0,305.0,Normal
ipcas_21:73:26,207,1,128,TIED23MEAS/LLN0$Measurement,1.0833085540000127,0.0,1.0,1,308.1666666666667,256.5,926.0,305.0,Normal
ipcas_21:73:26,150,1,129,TIED23CTRL/LLN0$Status,1.0570489520000024,0.0,1.0,1,310.6666666666667,257.5555555555556,924.6666666666666,306.6666666666667,Normal
ipcas_21:73:26,150,1,129,TIED23PROT/LLN0$Alarm,1.0570276189999959,0.0,1.0,1,310.6666666666667,257.5555555555556,924.6666666666666,306.6666666666667,Normal
ipcas_21:73:26,207,1,129,TIED23MEAS/LLN0$Measurement,1.0570279609999886,0.0,1.0,1,310.6666666666667,257.5555555555556,924.6666666666666,306.6666666666667,Normal
ipcas_21:73:26,150,1,130,TIED23CTRL/LLN0$Status,1.09819302599999,0.0,1.0,1,311.8333333333333,257.6666666666667,928.6666666666666,307.8333333333333,Normal
ipcas_21:73:26,150,1,130,TIED23PROT/LLN0$Alarm,1.0981955869999922,0.0,1.0,1,311.8333333333333,257.6666666666667,928.6666666666666,307.8333333333333,Normal
ipcas_21:73:26,207,1,130,TIED23MEAS/LLN0$Measurement,1.098194680000006,0.0,1.0,1,311.8333333333333,257.6666666666667,928.6666666666666,307.8333333333333,Normal
ipcas_21:73:26,150,1,131,TIED23CTRL/LLN0$Status,1.0423096410000028,0.0,1.0,1,309.6666666666667,258.72222222222223,917.3333333333334,306.1666666666667,Normal
ipcas_21:73:26,150,1,131,TIED23PROT/LLN0$Alarm,1.0423064809999971,0.0,1.0,1,309.6666666666667,258.72222222222223,917.3333333333334,306.1666666666667,Normal
ipcas_21:73:26,207,1,131,TIED23MEAS/LLN0$Measurement,1.042306620000005,0.0,1.0,1,309.6666666666667,258.72222222222223,917.3333333333334,306.1666666666667,Normal
ipcas_21:73:26,150,1,132,TIED23CTRL/LLN0$Status,1.042970118999989,0.0,1.0,1,310.6666666666667,256.77777777777777,918.0,310.3333333333333,Normal
ipcas_21:73:26,150,1,132,TIED23PROT/LLN0$Alarm,1.0429756480000094,0.0,1.0,1,310.6666666666667,256.77777777777777,918.0,310.3333333333333,Normal
ipcas_21:73:26,207,1,132,TIED23MEAS/LLN0$Measurement,1.04327216599998,0.0,1.0,1,310.6666666666667,256.77777777777777,918.0,310.3333333333333,Normal
ipcas_21:73:26,150,1,133,TIED23CTRL/LLN0$Status,1.04509525200001,0.0,1.0,1,309.3333333333333,257.88888888888886,925.3333333333334,307.3333333333333,Normal
ipcas_21:73:26,150,1,133,TIED23PROT/LLN0$Alarm,1.0451000459999875,0.0,1.0,1,309.3333333333333,257.88888888888886,925.3333333333334,307.3333333333333,Normal
ipcas_21:73:26,207,1,133,TIED23MEAS/LLN0$Measurement,1.0448036260000038,0.0,1.0,1,309.3333333333333,257.88888888888886,925.3333333333334,307.3333333333333,Normal
ipcas_21:73:26,150,1,134,TIED23CTRL/LLN0$Status,1.0383734170000025,0.0,1.0,1,311.0,257.9444444444445,925.3333333333334,306.3333333333333,Normal
ipcas_21:73:26,150,1,134,TIED23PROT/LLN0$Alarm,1.038372551000009,0.0,1.0,1,311.0,257.9444444444445,925.3333333333334,306.3333333333333,Normal
ipcas_21:73:26,207,1,134,TIED23MEAS/LLN0$Measurement,1.038372547000023,0.0,1.0,1,311.0,257.9444444444445,925.3333333333334,306.3333333333333,Normal
ipcas_21:73:26,150,1,135,TIED23CTRL/LLN0$Status,1.0302478579999956,0.0,1.0,1,311.0,257.3888888888889,920.3333333333334,307.8333333333333,Normal
ipcas_21:73:26,150,1,135,TIED23PROT/LLN0$Alarm,1.030238306000001,0.0,1.0,1,311.0,257.3888888888889,920.3333333333334,307.8333333333333,Normal
ipcas_21:73:26,207,1,135,TIED23MEAS/LLN0$Measurement,1.0302380199999845,0.0,1.0,1,311.0,257.3888888888889,920.3333333333334,307.8333333333333,Normal
ipcas_21:73:26,150,1,136,TIED23CTRL/LLN0$Status,1.056236044000002,0.0,1.0,1,312.1666666666667,258.9444444444445,926.0,306.3333333333333,Normal
ipcas_21:73:26,150,1,136,TIED23PROT/LLN0$Alarm,1.056247926999987,0.0,1.0,1,312.1666666666667,258.9444444444445,926.0,306.3333333333333,Normal
ipcas_21:73:26,207,1,136,TIED23MEAS/LLN0$Measurement,1.0562486070000148,0.0,1.0,1,312.1666666666667,258.9444444444445,926.0,306.3333333333333,Normal
ipcas_21:73:26,150,1,137,TIED23CTRL/LLN0$Status,1.075773067,0.0,1.0,1,310.5,257.6111111111111,920.6666666666666,307.1666666666667,Normal
ipcas_21:73:26,150,1,137,TIED23PROT/LLN0$Alarm,1.075773374000022,0.0,1.0,1,310.5,257.6111111111111,920.6666666666666,307.1666666666667,Normal
ipcas_21:73:26,207,1,137,TIED23MEAS/LLN0$Measurement,1.075773140999985,0.0,1.0,1,310.5,257.6111111111111,920.6666666666666,307.1666666666667,Normal
ipcas_21:73:26,150,1,138,TIED23CTRL/LLN0$Status,1.0696365979999882,0.0,1.0,1,308.0,258.5555555555555,922.0,307.6666666666667,Normal
ipcas_21:73:26,150,1,138,TIED23PROT/LLN0$Alarm,1.0696481819999804,0.0,1.0,1,308.0,258.5555555555555,922.0,307.6666666666667,Normal
ipcas_21:73:26,207,1,138,TIED23MEAS/LLN0$Measurement,1.0698083009999948,0.0,1.0,1,308.0,258.5555555555555,922.0,307.6666666666667,Normal
ipcas_21:73:26,150,1,139,TIED23CTRL/LLN0$Status,1.0686455910000063,0.0,1.0,1,309.8333333333333,256.3333333333333,925.0,306.8333333333333,Normal
ipcas_21:73:26,150,1,139,TIED23PROT/LLN0$Alarm,1.0686220780000042,0.0,1.0,1,309.8333333333333,256.3333333333333,925.0,306.8333333333333,Normal
ipcas_21:73:26,207,1,139,TIED23MEAS/LLN0$Measurement,1.0684617280000168,0.0,1.0,1,309.8333333333333,256.3333333333333,925.0,306.8333333333333,Normal
ipcas_21:73:26,150,1,140,TIED23CTRL/LLN0$Status,1.06834757499999,0.0,1.0,1,309.0,259.1666666666667,931.0,310.6666666666667,Normal
ipcas_21:73:26,150,1,140,TIED23PROT/LLN0$Alarm,1.0683560380000188,0.0,1.0,1,309.0,259.1666666666667,931.0,310.6666666666667,Normal
ipcas_21:73:26,207,1,140,TIED23MEAS/LLN0$Measurement,1.0683561719999943,0.0,1.0,1,309.0,259.1666666666667,931.0,310.6666666666667,Normal
ipcas_21:73:26,150,1,141,TIED23CTRL/LLN0$Status,1.0506238660000236,0.0,1.0,1,310.6666666666667,259.7222222222222,921.0,309.5,Normal
ipcas_21:73:26,150,1,141,TIED23PROT/LLN0$Alarm,1.0506228699999838,0.0,1.0,1,310.6666666666667,259.7222222222222,921.0,309.5,Normal
ipcas_21:73:26,207,1,141,TIED23MEAS/LLN0$Measurement,1.0506227930000023,0.0,1.0,1,310.6666666666667,259.7222222222222,921.0,309.5,Normal
ipcas_21:73:26,150,1,142,TIED23CTRL/LLN0$Status,1.0301230239999768,0.0,1.0,1,311.1666666666667,257.5,923.3333333333334,306.3333333333333,Normal
ipcas_21:73:26,150,1,142,TIED23PROT/LLN0$Alarm,1.0301586930000042,0.0,1.0,1,311.1666666666667,257.5,923.3333333333334,306.3333333333333,Normal
ipcas_21:73:26,207,1,142,TIED23MEAS/LLN0$Measurement,1.0301593389999937,0.0,1.0,1,311.1666666666667,257.5,923.3333333333334,306.3333333333333,Normal
ipcas_21:73:26,150,1,143,TIED23CTRL/LLN0$Status,1.0598027730000013,0.0,1.0,1,310.8333333333333,257.49999999999994,921.6666666666666,305.6666666666667,Normal
ipcas_21:73:26,150,1,143,TIED23PROT/LLN0$Alarm,1.0597692899999913,0.0,1.0,1,310.8333333333333,257.49999999999994,921.6666666666666,305.6666666666667,Normal
ipcas_21:73:26,207,1,143,TIED23MEAS/LLN0$Measurement,1.0597691540000085,0.0,1.0,1,310.8333333333333,257.49999999999994,921.6666666666666,305.6666666666667,Normal
ipcas_21:73:26,150,1,144,TIED23CTRL/LLN0$Status,1.0455650340000204,0.0,1.0,1,309.1666666666667,256.77777777777777,930.0,308.0,Normal
ipcas_21:73:26,150,1,144,TIED23PROT/LLN0$Alarm,1.045564803000019,0.0,1.0,1,309.1666666666667,256.77777777777777,930.0,308.0,Normal
ipcas_21:73:26,207,1,144,TIED23MEAS/LLN0$Measurement,1.0455640979999998,0.0,1.0,1,309.1666666666667,256.77777777777777,930.0,308.0,Normal
ipcas_21:73:26,150,1,145,TIED23CTRL/LLN0$Status,1.0501770269999895,0.0,1.0,1,309.0,257.6666666666667,923.6666666666666,308.5,Normal
ipcas_21:73:26,150,1,145,TIED23PROT/LLN0$Alarm,1.0501761009999768,0.0,1.0,1,309.0,257.6666666666667,923.6666666666666,308.5,Normal
ipcas_21:73:26,207,1,145,TIED23MEAS/LLN0$Measurement,1.0501764459999947,0.0,1.0,1,309.0,257.6666666666667,923.6666666666666,308.5,Normal
ipcas_21:73:26,150,1,146,TIED23CTRL/LLN0$Status,1.0476801940000087,0.0,1.0,1,309.0,258.3888888888889,921.3333333333334,310.6666666666667,Normal
ipcas_21:73:26,150,1,146,TIED23PROT/LLN0$Alarm,1.0476819800000214,0.0,1.0,1,309.0,258.3888888888889,921.3333333333334,310.6666666666667,Normal
ipcas_21:73:26,207,1,146,TIED23MEAS/LLN0$Measurement,1.0477311340000028,0.0,1.0,1,309.0,258.3888888888889,921.3333333333334,310.6666666666667,Normal
ipcas_21:73:26,150,1,147,TIED23CTRL/LLN0$Status,1.0275988989999973,0.0,1.0,1,310.3333333333333,258.4444444444444,924.0,305.6666666666667,Normal
ipcas_21:73:26,150,1,147,TIED23PROT/LLN0$Alarm,1.0277733859999785,0.0,1.0,1,310.3333333333333,258.4444444444444,924.0,305.6666666666667,Normal
ipcas_21:73:26,207,1,147,TIED23MEAS/LLN0$Measurement,1.0279222479999817,0.0,1.0,1,310.3333333333333,258.4444444444444,924.0,305.6666666666667,Normal
ipcas_21:73:26,150,1,148,TIED23CTRL/LLN0$Status,1.0411566189999917,0.0,1.0,1,312.1666666666667,257.3888888888889,927.3333333333334,308.1666666666667,Normal
ipcas_21:73:26,150,1,148,TIED23PROT/LLN0$Alarm,1.0410822870000231,0.0,1.0,1,312.1666666666667,257.3888888888889,927.3333333333334,308.1666666666667,Normal
ipcas_21:73:26,207,1,148,TIED23MEAS/LLN0$Measurement,1.040886026999999,0.0,1.0,1,312.1666666666667,257.3888888888889,927.3333333333334,308.1666666666667,Normal
ipcas_21:73:26,150,1,149,TIED23CTRL/LLN0$Status,1.0634652260000053,0.0,1.0,1,310.0,257.77777777777777,926.0,307.6666666666667,Normal
ipcas_21:73:26,150,1,149,TIED23PROT/LLN0$Alarm,1.0635557399999982,0.0,1.0,1,310.0,257.77777777777777,926.0,307.6666666666667,Normal
ipcas_21:73:26,207,1,149,TIED23MEAS/LLN0$Measurement,1.0637774460000173,0.0,1.0,1,310.0,257.77777777777777,926.0,307.6666666666667,Normal
ipcas_21:73:26,150,1,150,TIED23CTRL/LLN0$Status,1.046987271000006,0.0,1.0,1,312.0,258.77777777777777,923.0,308.6666666666667,Normal
ipcas_21:73:26,150,1,150,TIED23PROT/LLN0$Alarm,1.0467862250000053,0.0,1.0,1,312.0,258.77777777777777,923.0,308.6666666666667,Normal
ipcas_21:73:26,207,1,150,TIED23MEAS/LLN0$Measurement,1.0465626769999972,0.0,1.0,1,312.0,258.77777777777777,923.0,308.6666666666667,Normal
ipcas_21:73:26,150,1,151,TIED23CTRL/LLN0$Status,1.0700722880000058,0.0,1.0,1,311.1666666666667,258.0,927.6666666666666,309.6666666666667,Normal
ipcas_21:73:26,150,1,151,TIED23PROT/LLN0$Alarm,1.070077335999997,0.0,1.0,1,311.1666666666667,258.0,927.6666666666666,309.6666666666667,Normal
ipcas_21:73:26,207,1,151,TIED23MEAS/LLN0$Measurement,1.0702031870000042,0.0,1.0,1,311.1666666666667,258.0,927.6666666666666,309.6666666666667,Normal
ipcas_21:73:26,150,1,152,TIED23CTRL/LLN0$Status,1.0481833469999913,0.0,1.0,1,310.6666666666667,258.27777777777777,918.0,305.3333333333333,Normal
ipcas_21:73:26,150,1,152,TIED23PROT/LLN0$Alarm,1.0481781299999966,0.0,1.0,1,310.6666666666667,258.27777777777777,918.0,305.3333333333333,Normal
ipcas_21:73:26,207,1,152,TIED23MEAS/LLN0$Measurement,1.048052069999983,0.0,1.0,1,310.6666666666667,258.27777777777777,918.0,305.3333333333333,Normal
ipcas_21:73:26,150,1,153,TIED23CTRL/LLN0$Status,1.053643911999984,0.0,1.0,1,309.6666666666667,257.5,927.0,309.8333333333333,Normal
ipcas_21:73:26,150,1,153,TIED23PROT/LLN0$Alarm,1.0536475119999977,0.0,1.0,1,309.6666666666667,257.5,927.0,309.8333333333333,Normal
ipcas_21:73:26,207,1,153,TIED23MEAS/LLN0$Measurement,1.053647734000009,0.0,1.0,1,309.6666666666667,257.5,927.0,309.8333333333333,Normal
ipcas_21:73:26,150,1,154,TIED23CTRL/LLN0$Status,1.0553347080000037,0.0,1.0,1,309.0,257.61111111111114,919.3333333333334,306.0,Normal
ipcas_21:73:26,150,1,154,TIED23PROT/LLN0$Alarm,1.0553367589999993,0.0,1.0,1,309.0,257.61111111111114,919.3333333333334,306.0,Normal
ipcas_21:73:26,207,1,154,TIED23MEAS/LLN0$Measurement,1.0553368109999894,0.0,1.0,1,309.0,257.61111111111114,919.3333333333334,306.0,Normal
ipcas_21:73:26,150,1,155,TIED23CTRL/LLN0$Status,1.0608891640000024,0.0,1.0,1,310.6666666666667,258.3333333333333,928.0,307.8333333333333,Normal
ipcas_21:73:26,150,1,155,TIED23PROT/LLN0$Alarm,1.060941065999998,0.0,1.0,1,310.6666666666667,258.3333333333333,928.0,307.8333333333333,Normal
ipcas_21:73:26,207,1,155,TIED23MEAS/LLN0$Measurement,1.0611340990000144,0.0,1.0,1,310.6666666666667,258.3333333333333,928.0,307.8333333333333,Normal
ipcas_21:73:26,150,1,156,TIED23CTRL/LLN0$Status,1.0641541740000093,0.0,1.0,1,309.6666666666667,259.0,921.3333333333334,305.6666666666667,Normal
ipcas_21:73:26,150,1,156,TIED23PROT/LLN0$Alarm,1.0644383480000101,0.0,1.0,1,309.6666666666667,259.0,921.3333333333334,305.6666666666667,Normal
ipcas_21:73:26,207,1,156,TIED23MEAS/LLN0$Measurement,1.064588710999999,0.0,1.0,1,309.6666666666667,259.0,921.3333333333334,305.6666666666667,Normal
ipcas_21:73:26,150,1,157,TIED23CTRL/LLN0$Status,1.0708193629999982,0.0,1.0,1,310.1666666666667,257.11111111111114,926.3333333333334,306.8333333333333,Normal
ipcas_21:73:26,150,1,157,TIED23PROT/LLN0$Alarm,1.0705126949999908,0.0,1.0,1,310.1666666666667,257.11111111111114,926.3333333333334,306.8333333333333,Normal
ipcas_21:73:26,207,1,157,TIED23MEAS/LLN0$Measurement,1.0706070450000027,0.0,1.0,1,310.1666666666667,257.11111111111114,926.3333333333334,306.8333333333333,Normal
ipcas_21:73:26,150,1,158,TIED23CTRL/LLN0$Status,1.071843438000002,0.0,1.0,1,309.5,258.22222222222223,924.6666666666666,308.3333333333333,Normal
ipcas_21:73:26,150,1,158,TIED23PROT/LLN0$Alarm,1.071815483999984,0.0,1.0,1,309.5,258.22222222222223,924.6666666666666,308.3333333333333,Normal
ipcas_21:73:26,207,1,158,TIED23MEAS/LLN0$Measurement,1.071377646000002,0.0,1.0,1,309.5,258.22222222222223,924.6666666666666,308.3333333333333,Normal
ipcas_21:73:26,150,1,159,TIED23CTRL/LLN0$Status,1.054137312999984,0.0,1.0,1,310.0,258.22222222222223,927.6666666666666,309.6666666666667,Normal
ipcas_21:73:26,150,1,159,TIED23PROT/LLN0$Alarm,1.0541363860000104,0.0,1.0,1,310.0,258.22222222222223,927.6666666666666,309.6666666666667,Normal
ipcas_21:73:26,207,1,159,TIED23MEAS/LLN0$Measurement,1.054136360000001,0.0,1.0,1,310.0,258.22222222222223,927.6666666666666,309.6666666666667,Normal
ipcas_21:73:26,150,1,160,TIED23CTRL/LLN0$Status,1.0644812630000047,0.0,1.0,1,309.0,259.11111111111114,922.6666666666666,308.0,Normal
ipcas_21:73:26,150,1,160,TIED23PROT/LLN0$Alarm,1.0647255959999882,0.0,1.0,1,309.0,259.11111111111114,922.6666666666666,308.0,Normal
ipcas_21:73:26,207,1,160,TIED23MEAS/LLN0$Measurement,1.0647286669999971,0.0,1.0,1,309.0,259.11111111111114,922.6666666666666,308.0,Normal
ipcas_21:73:26,150,1,161,TIED23CTRL/LLN0$Status,1.0491843329999995,0.0,1.0,1,308.5,257.6666666666667,921.3333333333334,309.5,Normal
ipcas_21:73:26,150,1,161,TIED23PROT/LLN0$Alarm,1.0489348990000167,0.0,1.0,1,308.5,257.6666666666667,921.3333333333334,309.5,Normal
ipcas_21:73:26,207,1,161,TIED23MEAS/LLN0$Measurement,1.048931887000009,0.0,1.0,1,308.5,257.6666666666667,921.3333333333334,309.5,Normal
ipcas_21:73:26,150,1,162,TIED23CTRL/LLN0$Status,1.0568553550000104,0.0,1.0,1,309.6666666666667,257.72222222222223,917.6666666666666,305.3333333333333,Normal
ipcas_21:73:26,150,1,162,TIED23PROT/LLN0$Alarm,1.0568544870000096,0.0,1.0,1,309.6666666666667,257.72222222222223,917.6666666666666,305.3333333333333,Normal
ipcas_21:73:26,207,1,162,TIED23MEAS/LLN0$Measurement,1.0568543819999832,0.0,1.0,1,309.6666666666667,257.72222222222223,917.6666666666666,305.3333333333333,Normal
ipcas_21:73:26,150,1,163,TIED23CTRL/LLN0$Status,1.0241068899999846,0.0,1.0,1,311.1666666666667,256.49999999999994,915.0,309.6666666666667,Normal
ipcas_21:73:26,150,1,163,TIED23PROT/LLN0$Alarm,1.0241130359999886,0.0,1.0,1,311.1666666666667,256.49999999999994,915.0,309.6666666666667,Normal
ipcas_21:73:26,207,1,163,TIED23MEAS/LLN0$Measurement,1.0241131509999946,0.0,1.0,1,311.1666666666667,256.49999999999994,915.0,309.6666666666667,Normal
ipcas_21:73:26,150,1,164,TIED23CTRL/LLN0$Status,1.0658180660000198,0.0,1.0,1,309.6666666666667,257.3888888888889,925.3333333333334,310.8333333333333,Normal
ipcas_21:73:26,150,1,164,TIED23PROT/LLN0$Alarm,1.066342249999991,0.0,1.0,1,309.6666666666667,257.3888888888889,925.3333333333334,310.8333333333333,Normal
ipcas_21:73:26,207,1,164,TIED23MEAS/LLN0$Measurement,1.066345713000004,0.0,1.0,1,309.6666666666667,257.3888888888889,925.3333333333334,310.8333333333333,Normal
ipcas_21:73:26,150,1,165,TIED23CTRL/LLN0$Status,1.0755850850000002,0.0,1.0,1,309.0,256.8333333333333,923.3333333333334,308.6666666666667,Normal
ipcas_21:73:26,150,1,165,TIED23PROT/LLN0$Alarm,1.0750562540000033,0.0,1.0,1,309.0,256.8333333333333,923.3333333333334,308.6666666666667,Normal
ipcas_21:73:26,207,1,165,TIED23MEAS/LLN0$Measurement,1.0750545669999951,0.0,1.0,1,309.0,256.8333333333333,923.3333333333334,308.6666666666667,Normal
ipcas_21:73:26,150,1,166,TIED23CTRL/LLN0$Status,1.0472007879999978,0.0,1.0,1,309.8333333333333,257.3333333333333,920.6666666666666,306.3333333333333,Normal
ipcas_21:73:26,150,1,166,TIED23PROT/LLN0$Alarm,1.0472031980000054,0.0,1.0,1,309.8333333333333,257.3333333333333,920.6666666666666,306.3333333333333,Normal
ipcas_21:73:26,207,1,166,TIED23MEAS/LLN0$Measurement,1.0472012769999992,0.0,1.0,1,309.8333333333333,257.3333333333333,920.6666666666666,306.3333333333333,Normal
ipcas_21:73:26,150,1,167,TIED23CTRL/LLN0$Status,1.0636569939999845,0.0,1.0,1,310.5,258.0555555555555,918.0,307.1666666666667,Normal
ipcas_21:73:26,150,1,167,TIED23PROT/LLN0$Alarm,1.064124287999988,0.0,1.0,1,310.5,258.0555555555555,918.0,307.1666666666667,Normal
ipcas_21:73:26,207,1,167,TIED23MEAS/LLN0$Measurement,1.0641280730000062,0.0,1.0,1,310.5,258.0555555555555,918.0,307.1666666666667,Normal
ipcas_21:73:26,150,1,168,TIED23CTRL/LLN0$Status,1.0515412050000066,0.0,1.0,1,309.5,258.6666666666667,924.3333333333334,309.0,Normal
ipcas_21:73:26,150,1,168,TIED23PROT/LLN0$Alarm,1.0514349379999999,0.0,1.0,1,309.5,258.6666666666667,924.3333333333334,309.0,Normal
ipcas_21:73:26,207,1,168,TIED23MEAS/LLN0$Measurement,1.0514345470000137,0.0,1.0,1,309.5,258.6666666666667,924.3333333333334,309.0,Normal
ipcas_21:73:26,150,1,169,TIED23CTRL/LLN0$Status,1.0310310579999964,0.0,1.0,1,311.0,257.11111111111114,927.3333333333334,306.8333333333333,Normal
ipcas_21:73:26,150,1,169,TIED23PROT/LLN0$Alarm,1.0310507810000047,0.0,1.0,1,311.0,257.11111111111114,927.3333333333334,306.8333333333333,Normal
ipcas_21:73:26,207,1,169,TIED23MEAS/LLN0$Measurement,1.0310515900000041,0.0,1.0,1,311.0,257.11111111111114,927.3333333333334,306.8333333333333,Normal
ipcas_21:73:26,150,1,170,TIED23CTRL/LLN0$Status,1.056254518000003,0.0,1.0,1,310.1666666666667,258.1111111111111,927.3333333333334,306.8333333333333,Normal
ipcas_21:73:26,150,1,170,TIED23PROT/LLN0$Alarm,1.0558763620000207,0.0,1.0,1,310.1666666666667,258.1111111111111,927.3333333333334,306.8333333333333,Normal
ipcas_21:73:26,207,1,170,TIED23MEAS/LLN0$Measurement,1.0558726859999865,0.0,1.0,1,310.1666666666667,258.1111111111111,927.3333333333334,306.8333333333333,Normal
ipcas_21:73:26,150,1,171,TIED23CTRL/LLN0$Status,1.0404921699999932,0.0,1.0,1,312.0,258.0,925.0,309.8333333333333,Normal
ipcas_21:73:26,150,1,171,TIED23PROT/LLN0$Alarm,1.040495959999987,0.0,1.0,1,312.0,258.0,925.0,309.8333333333333,Normal
ipcas_21:73:26,207,1,171,TIED23MEAS/LLN0$Measurement,1.0404956129999903,0.0,1.0,1,312.0,258.0,925.0,309.8333333333333,Normal
ipcas_21:73:26,150,1,172,TIED23CTRL/LLN0$Status,1.080728731000022,0.0,1.0,1,309.5,258.88888888888886,925.6666666666666,307.5,Normal
ipcas_21:73:26,150,1,172,TIED23PROT/LLN0$Alarm,1.0807275720000007,0.0,1.0,1,309.5,258.88888888888886,925.6666666666666,307.5,Normal
ipcas_21:73:26,207,1,172,TIED23MEAS/LLN0$Measurement,1.0807277300000067,0.0,1.0,1,309.5,258.88888888888886,925.6666666666666,307.5,Normal
ipcas_21:73:26,150,1,173,TIED23CTRL/LLN0$Status,1.0608091160000015,0.0,1.0,1,311.5,257.5555555555555,920.3333333333334,310.0,Normal
ipcas_21:73:26,150,1,173,TIED23PROT/LLN0$Alarm,1.0615175259999887,0.0,1.0,1,311.5,257.5555555555555,920.3333333333334,310.0,Normal
ipcas_21:73:26,207,1,173,TIED23MEAS/LLN0$Measurement,1.061520680000001,0.0,1.0,1,311.5,257.5555555555555,920.3333333333334,310.0,Normal
ipcas_21:73:26,150,1,174,TIED23CTRL/LLN0$Status,1.044017000999986,0.0,1.0,1,311.3333333333333,257.99999999999994,926.6666666666666,306.0,Normal
ipcas_21:73:26,150,1,174,TIED23PROT/LLN0$Alarm,1.04330791000001,0.0,1.0,1,311.3333333333333,257.99999999999994,926.6666666666666,306.0,Normal
ipcas_21:73:26,207,1,174,TIED23MEAS/LLN0$Measurement,1.0433045359999937,0.0,1.0,1,311.3333333333333,257.99999999999994,926.6666666666666,306.0,Normal
ipcas_21:73:26,150,1,175,TIED23CTRL/LLN0$Status,1.119725735000003,0.0,1.0,1,308.8333333333333,257.6666666666667,931.6666666666666,309.6666666666667,Normal
ipcas_21:73:26,150,1,175,TIED23PROT/LLN0$Alarm,1.1199047019999853,0.0,1.0,1,308.8333333333333,257.6666666666667,931.6666666666666,309.6666666666667,Normal
ipcas_21:73:26,207,1,175,TIED23MEAS/LLN0$Measurement,1.119906928000006,0.0,1.0,1,308.8333333333333,257.6666666666667,931.6666666666666,309.6666666666667,Normal
ipcas_21:73:26,150,1,176,TIED23CTRL/LLN0$Status,1.0492783820000113,0.0,1.0,1,312.3333333333333,258.1666666666667,921.3333333333334,305.5,Normal
ipcas_21:73:26,150,1,176,TIED23PROT/LLN0$Alarm,1.0490909660000227,0.0,1.0,1,312.3333333333333,258.1666666666667,921.3333333333334,305.5,Normal
ipcas_21:73:26,207,1,176,TIED23MEAS/LLN0$Measurement,1.0490885960000185,0.0,1.0,1,312.3333333333333,258.1666666666667,921.3333333333334,305.5,Normal
ipcas_21:73:26,150,1,177,TIED23CTRL/LLN0$Status,1.0495752719999984,0.0,1.0,1,309.8333333333333,257.1666666666667,922.0,308.0,Normal
ipcas_21:73:26,150,1,177,TIED23PROT/LLN0$Alarm,1.0500919939999847,0.0,1.0,1,309.8333333333333,257.1666666666667,922.0,308.0,Normal
ipcas_21:73:26,207,1,177,TIED23MEAS/LLN0$Measurement,1.0500955129999738,0.0,1.0,1,309.8333333333333,257.1666666666667,922.0,308.0,Normal
ipcas_21:73:26,150,1,178,TIED23CTRL/LLN0$Status,1.0584301399999845,0.0,1.0,1,310.8333333333333,258.5555555555556,920.0,309.0,Normal
ipcas_21:73:26,150,1,178,TIED23PROT/LLN0$Alarm,1.057917563000018,0.0,1.0,1,310.8333333333333,258.5555555555556,920.0,309.0,Normal
ipcas_21:73:26,207,1,178,TIED23MEAS/LLN0$Measurement,1.057914052000001,0.0,1.0,1,310.8333333333333,258.5555555555556,920.0,309.0,Normal
ipcas_21:73:26,150,1,179,TIED23CTRL/LLN0$Status,1.060606975000013,0.0,1.0,1,309.8333333333333,259.11111111111114,919.0,309.6666666666667,Normal
ipcas_21:73:26,150,1,179,TIED23PROT/LLN0$Alarm,1.0606066149999833,0.0,1.0,1,309.8333333333333,259.11111111111114,919.0,309.6666666666667,Normal
ipcas_21:73:26,207,1,179,TIED23MEAS/LLN0$Measurement,1.0606069450000177,0.0,1.0,1,309.8333333333333,259.11111111111114,919.0,309.6666666666667,Normal
ipcas_21:73:26,150,1,180,TIED23CTRL/LLN0$Status,1.1111754840000003,0.0,1.0,1,310.8333333333333,258.72222222222223,919.3333333333334,307.8333333333333,Normal
ipcas_21:73:26,150,1,180,TIED23PROT/LLN0$Alarm,1.1116381770000032,0.0,1.0,1,310.8333333333333,258.72222222222223,919.3333333333334,307.8333333333333,Normal
ipcas_21:73:26,207,1,180,TIED23MEAS/LLN0$Measurement,1.111640604999991,0.0,1.0,1,310.8333333333333,258.72222222222223,919.3333333333334,307.8333333333333,Normal
ipcas_21:73:26,150,1,181,TIED23CTRL/LLN0$Status,1.0377670469999885,0.0,1.0,1,310.5,258.72222222222223,921.3333333333334,308.5,Normal
ipcas_21:73:26,150,1,181,TIED23PROT/LLN0$Alarm,1.0373004250000122,0.0,1.0,1,310.5,258.72222222222223,921.3333333333334,308.5,Normal
ipcas_21:73:26,207,1,181,TIED23MEAS/LLN0$Measurement,1.0372974869999894,0.0,1.0,1,310.5,258.72222222222223,921.3333333333334,308.5,Normal
ipcas_21:73:26,150,1,182,TIED23CTRL/LLN0$Status,1.072012123999997,0.0,1.0,1,311.6666666666667,258.5,929.0,309.1666666666667,Normal
ipcas_21:73:26,150,1,182,TIED23PROT/LLN0$Alarm,1.0720155459999887,0.0,1.0,1,311.6666666666667,258.5,929.0,309.1666666666667,Normal
ipcas_21:73:26,207,1,182,TIED23MEAS/LLN0$Measurement,1.0720160490000126,0.0,1.0,1,311.6666666666667,258.5,929.0,309.1666666666667,Normal
ipcas_21:73:26,150,1,183,TIED23CTRL/LLN0$Status,1.0592969260000018,0.0,1.0,1,308.8333333333333,257.8333333333333,925.0,310.0,Normal
ipcas_21:73:26,150,1,183,TIED23PROT/LLN0$Alarm,1.0592982050000046,0.0,1.0,1,308.8333333333333,257.8333333333333,925.0,310.0,Normal
ipcas_21:73:26,207,1,183,TIED23MEAS/LLN0$Measurement,1.0592980609999927,0.0,1.0,1,308.8333333333333,257.8333333333333,925.0,310.0,Normal
ipcas_21:73:26,150,1,184,TIED23CTRL/LLN0$Status,1.0531528209999976,0.0,1.0,1,309.1666666666667,258.6666666666667,917.0,307.8333333333333,Normal
ipcas_21:73:26,150,1,184,TIED23PROT/LLN0$Alarm,1.0531533889999878,0.0,1.0,1,309.1666666666667,258.6666666666667,917.0,307.8333333333333,Normal
ipcas_21:73:26,207,1,184,TIED23MEAS/LLN0$Measurement,1.0531622290000087,0.0,1.0,1,309.1666666666667,258.6666666666667,917.0,307.8333333333333,Normal
ipcas_21:73:26,150,1,185,TIED23CTRL/LLN0$Status,1.0635469919999991,0.0,1.0,1,309.3333333333333,258.1666666666667,921.3333333333334,310.0,Normal
ipcas_21:73:26,150,1,185,TIED23PROT/LLN0$Alarm,1.0635455860000036,0.0,1.0,1,309.3333333333333,258.1666666666667,921.3333333333334,310.0,Normal
ipcas_21:73:26,207,1,185,TIED23MEAS/LLN0$Measurement,1.0635365850000085,0.0,1.0,1,309.3333333333333,258.1666666666667,921.3333333333334,310.0,Normal
ipcas_21:73:26,150,1,186,TIED23CTRL/LLN0$Status,1.054274707000019,0.0,1.0,1,310.0,257.1111111111111,921.0,305.6666666666667,Normal
ipcas_21:73:26,150,1,186,TIED23PROT/LLN0$Alarm,1.0542795080000076,0.0,1.0,1,310.0,257.1111111111111,921.0,305.6666666666667,Normal
ipcas_21:73:26,207,1,186,TIED23MEAS/LLN0$Measurement,1.0542793619999884,0.0,1.0,1,310.0,257.1111111111111,921.0,305.6666666666667,Normal
ipcas_21:73:26,150,1,187,TIED23CTRL/LLN0$Status,1.0475765749999937,0.0,1.0,1,309.5,256.8888888888889,924.6666666666666,305.8333333333333,Normal
ipcas_21:73:26,150,1,187,TIED23PROT/LLN0$Alarm,1.0475720190000004,0.0,1.0,1,309.5,256.8888888888889,924.6666666666666,305.8333333333333,Normal
ipcas_21:73:26,207,1,187,TIED23MEAS/LLN0$Measurement,1.0481728809999993,0.0,1.0,1,309.5,256.8888888888889,924.6666666666666,305.8333333333333,Normal
ipcas_21:73:26,150,1,188,TIED23CTRL/LLN0$Status,1.0642695770000046,0.0,1.0,1,309.1666666666667,258.6666666666667,923.0,310.0,Normal
ipcas_21:73:26,150,1,188,TIED23PROT/LLN0$Alarm,1.0642724420000036,0.0,1.0,1,309.1666666666667,258.6666666666667,923.0,310.0,Normal
ipcas_21:73:26,207,1,188,TIED23MEAS/LLN0$Measurement,1.0636722630000008,0.0,1.0,1,309.1666666666667,258.6666666666667,923.0,310.0,Normal
ipcas_21:73:26,150,1,189,TIED23CTRL/LLN0$Status,1.0293589319999796,0.0,1.0,1,312.0,256.8888888888889,923.0,307.6666666666667,Normal
ipcas_21:73:26,150,1,189,TIED23PROT/LLN0$Alarm,1.0293568069999992,0.0,1.0,1,312.0,256.8888888888889,923.0,307.6666666666667,Normal
ipcas_21:73:26,207,1,189,TIED23MEAS/LLN0$Measurement,1.0293565069999886,0.0,1.0,1,312.0,256.8888888888889,923.0,307.6666666666667,Normal
ipcas_21:73:26,150,1,190,TIED23CTRL/LLN0$Status,1.058248270000007,0.0,1.0,1,309.6666666666667,257.61111111111114,920.3333333333334,309.8333333333333,Normal
ipcas_21:73:26,150,1,190,TIED23PROT/LLN0$Alarm,1.0585756689999926,0.0,1.0,1,309.6666666666667,257.61111111111114,920.3333333333334,309.8333333333333,Normal
ipcas_21:73:26,207,1,190,TIED23MEAS/LLN0$Measurement,1.0585777850000113,0.0,1.0,1,309.6666666666667,257.61111111111114,920.3333333333334,309.8333333333333,Normal
ipcas_21:73:26,150,1,191,TIED23CTRL/LLN0$Status,1.0549523840000177,0.0,1.0,1,310.3333333333333,257.72222222222223,923.6666666666666,310.1666666666667,Normal
ipcas_21:73:26,150,1,191,TIED23PROT/LLN0$Alarm,1.0546859309999945,0.0,1.0,1,310.3333333333333,257.72222222222223,923.6666666666666,310.1666666666667,Normal
ipcas_21:73:26,207,1,191,TIED23MEAS/LLN0$Measurement,1.0549382419999915,0.0,1.0,1,310.3333333333333,257.72222222222223,923.6666666666666,310.1666666666667,Normal
ipcas_21:73:26,150,1,192,TIED23CTRL/LLN0$Status,1.0268975839999825,0.0,1.0,1,311.6666666666667,257.3333333333333,919.0,309.6666666666667,Normal
ipcas_21:73:26,150,1,192,TIED23PROT/LLN0$Alarm,1.0268355050000082,0.0,1.0,1,311.6666666666667,257.3333333333333,919.0,309.6666666666667,Normal
ipcas_21:73:26,207,1,192,TIED23MEAS/LLN0$Measurement,1.0269529050000017,0.0,1.0,1,311.6666666666667,257.3333333333333,919.0,309.6666666666667,Normal
ipcas_21:73:26,150,1,193,TIED23CTRL/LLN0$Status,1.0591626910000116,0.0,1.0,1,309.6666666666667,257.77777777777777,923.6666666666666,307.3333333333333,Normal
ipcas_21:73:26,150,1,193,TIED23PROT/LLN0$Alarm,1.0594185770000024,0.0,1.0,1,309.6666666666667,257.77777777777777,923.6666666666666,307.3333333333333,Normal
ipcas_21:73:26,207,1,193,TIED23MEAS/LLN0$Measurement,1.059049803000022,0.0,1.0,1,309.6666666666667,257.77777777777777,923.6666666666666,307.3333333333333,Normal
ipcas_21:73:26,150,1,194,TIED23CTRL/LLN0$Status,1.0335476649999862,0.0,1.0,1,309.1666666666667,257.3333333333333,921.0,307.5,Normal
ipcas_21:73:26,150,1,194,TIED23PROT/LLN0$Alarm,1.033290332000007,0.0,1.0,1,309.1666666666667,257.3333333333333,921.0,307.5,Normal
ipcas_21:73:26,207,1,194,TIED23MEAS/LLN0$Measurement,1.033287305999977,0.0,1.0,1,309.1666666666667,257.3333333333333,921.0,307.5,Normal
ipcas_21:73:26,150,1,195,TIED23CTRL/LLN0$Status,1.0731751890000112,0.0,1.0,1,308.8333333333333,258.9444444444444,929.3333333333334,306.8333333333333,Normal
ipcas_21:73:26,150,1,195,TIED23PROT/LLN0$Alarm,1.0731729449999818,0.0,1.0,1,308.8333333333333,258.9444444444444,929.3333333333334,306.8333333333333,Normal
ipcas_21:73:26,207,1,195,TIED23MEAS/LLN0$Measurement,1.0731724729999996,0.0,1.0,1,308.8333333333333,258.9444444444444,929.3333333333334,306.8333333333333,Normal
ipcas_21:73:26,150,1,196,TIED23CTRL/LLN0$Status,1.0441144469999983,0.0,1.0,1,310.5,256.11111111111114,922.6666666666666,310.3333333333333,Normal
ipcas_21:73:26,150,1,196,TIED23PROT/LLN0$Alarm,1.0441197640000155,0.0,1.0,1,310.5,256.11111111111114,922.6666666666666,310.3333333333333,Normal
ipcas_21:73:26,207,1,196,TIED23MEAS/LLN0$Measurement,1.0604026450000106,0.0,1.0,1,310.5,256.11111111111114,922.6666666666666,310.3333333333333,Normal
ipcas_21:73:26,150,1,197,TIED23CTRL/LLN0$Status,1.0431898049999972,0.0,1.0,1,309.8333333333333,257.3333333333333,921.6666666666666,307.0,Normal
ipcas_21:73:26,150,1,197,TIED23PROT/LLN0$Alarm,1.0431917139999882,0.0,1.0,1,309.8333333333333,257.3333333333333,921.6666666666666,307.0,Normal
ipcas_21:73:26,207,1,197,TIED23MEAS/LLN0$Measurement,1.026909259000007,0.0,1.0,1,309.8333333333333,257.3333333333333,921.6666666666666,307.0,Normal
ipcas_21:73:26,150,1,198,TIED23CTRL/LLN0$Status,1.0719158969999967,0.0,1.0,1,310.6666666666667,256.77777777777777,923.0,308.0,Normal
ipcas_21:73:26,150,1,198,TIED23PROT/LLN0$Alarm,1.0719170950000034,0.0,1.0,1,310.6666666666667,256.77777777777777,923.0,308.0,Normal
ipcas_21:73:26,207,1,198,TIED23MEAS/LLN0$Measurement,1.0719168800000034,0.0,1.0,1,310.6666666666667,256.77777777777777,923.0,308.0,Normal
ipcas_21:73:26,150,1,199,TIED23CTRL/LLN0$Status,1.0853751909999971,0.0,1.0,1,310.3333333333333,257.0555555555556,930.0,309.6666666666667,Normal
ipcas_21:73:26,150,1,199,TIED23PROT/LLN0$Alarm,1.0853765399999986,0.0,1.0,1,310.3333333333333,257.0555555555556,930.0,309.6666666666667,Normal
ipcas_21:73:26,207,1,199,TIED23MEAS/LLN0$Measurement,1.0853765479999993,0.0,1.0,1,310.3333333333333,257.0555555555556,930.0,309.6666666666667,Normal
ipcas_21:73:26,150,1,200,TIED23CTRL/LLN0$Status,1.0567581470000107,0.0,1.0,1,309.1666666666667,258.27777777777777,919.0,308.8333333333333,Normal
ipcas_21:73:26,150,1,200,TIED23PROT/LLN0$Alarm,1.057502943000003,0.0,1.0,1,309.1666666666667,258.27777777777777,919.0,308.8333333333333,Normal
ipcas_21:73:26,207,1,200,TIED23MEAS/LLN0$Measurement,1.0575078749999989,0.0,1.0,1,309.1666666666667,258.27777777777777,919.0,308.8333333333333,Normal
ipcas_21:73:26,150,1,201,TIED23CTRL/LLN0$Status,1.0536684960000002,0.0,1.0,1,309.3333333333333,257.22222222222223,920.6666666666666,309.0,Normal
ipcas_21:73:26,150,1,201,TIED23PROT/LLN0$Alarm,1.0537259429999892,0.0,1.0,1,309.3333333333333,257.22222222222223,920.6666666666666,309.0,Normal
ipcas_21:73:26,207,1,201,TIED23MEAS/LLN0$Measurement,1.0537522319999937,0.0,1.0,1,309.3333333333333,257.22222222222223,920.6666666666666,309.0,Normal
ipcas_21:73:26,150,1,202,TIED23CTRL/LLN0$Status,1.0721786830000042,0.0,1.0,1,309.3333333333333,258.4444444444444,921.6666666666666,306.1666666666667,Normal
ipcas_21:73:26,150,1,202,TIED23PROT/LLN0$Alarm,1.07159491500002,0.0,1.0,1,309.3333333333333,258.4444444444444,921.6666666666666,306.1666666666667,Normal
ipcas_21:73:26,207,1,202,TIED23MEAS/LLN0$Measurement,1.0718188109999858,0.0,1.0,1,309.3333333333333,258.4444444444444,921.6666666666666,306.1666666666667,Normal
ipcas_21:73:26,150,1,203,TIED23CTRL/LLN0$Status,1.06471887699999,0.0,1.0,1,311.6666666666667,257.72222222222223,929.3333333333334,310.1666666666667,Normal
ipcas_21:73:26,150,1,203,TIED23PROT/LLN0$Alarm,1.064494136999997,0.0,1.0,1,311.6666666666667,257.72222222222223,929.3333333333334,310.1666666666667,Normal
ipcas_21:73:26,207,1,203,TIED23MEAS/LLN0$Measurement,1.0645890960000202,0.0,1.0,1,311.6666666666667,257.72222222222223,929.3333333333334,310.1666666666667,Normal
ipcas_21:73:26,150,1,204,TIED23CTRL/LLN0$Status,1.0894737229999976,0.0,1.0,1,310.1666666666667,257.0555555555556,919.0,307.1666666666667,Normal
ipcas_21:73:26,150,1,204,TIED23PROT/LLN0$Alarm,1.089470571999982,0.0,1.0,1,310.1666666666667,257.0555555555556,919.0,307.1666666666667,Normal
ipcas_21:73:26,207,1,204,TIED23MEAS/LLN0$Measurement,1.089120606999984,0.0,1.0,1,310.1666666666667,257.0555555555556,919.0,307.1666666666667,Normal
ipcas_21:73:26,150,1,205,TIED23CTRL/LLN0$Status,1.0358210649999933,0.0,1.0,1,310.8333333333333,258.1111111111111,919.6666666666666,308.8333333333333,Normal
ipcas_21:73:26,150,1,205,TIED23PROT/LLN0$Alarm,1.0358284600000047,0.0,1.0,1,310.8333333333333,258.1111111111111,919.6666666666666,308.8333333333333,Normal
ipcas_21:73:26,207,1,205,TIED23MEAS/LLN0$Measurement,1.035828496000022,0.0,1.0,1,310.8333333333333,258.1111111111111,919.6666666666666,308.8333333333333,Normal
ipcas_21:73:26,150,1,206,TIED23CTRL/LLN0$Status,1.0824219400000175,0.0,1.0,1,309.6666666666667,258.22222222222223,926.3333333333334,309.1666666666667,Normal
ipcas_21:73:26,150,1,206,TIED23PROT/LLN0$Alarm,1.082417528999997,0.0,1.0,1,309.6666666666667,258.22222222222223,926.3333333333334,309.1666666666667,Normal
ipcas_21:73:26,207,1,206,TIED23MEAS/LLN0$Measurement,1.0824175459999879,0.0,1.0,1,309.6666666666667,258.22222222222223,926.3333333333334,309.1666666666667,Normal
ipcas_21:73:26,150,1,207,TIED23CTRL/LLN0$Status,1.083990584999981,0.0,1.0,1,309.3333333333333,258.3333333333333,923.0,308.1666666666667,Normal
ipcas_21:73:26,150,1,207,TIED23PROT/LLN0$Alarm,1.0839882209999985,0.0,1.0,1,309.3333333333333,258.3333333333333,923.0,308.1666666666667,Normal
ipcas_21:73:26,207,1,207,TIED23MEAS/LLN0$Measurement,1.0839884250000011,0.0,1.0,1,309.3333333333333,258.3333333333333,923.0,308.1666666666667,Normal
ipcas_21:73:26,150,1,208,TIED23CTRL/LLN0$Status,1.072986345000004,0.0,1.0,1,309.5,260.1666666666667,921.3333333333334,309.0,Normal
ipcas_21:73:26,150,1,208,TIED23PROT/LLN0$Alarm,1.0729905760000236,0.0,1.0,1,309.5,260.1666666666667,921.3333333333334,309.0,Normal
ipcas_21:73:26,207,1,208,TIED23MEAS/LLN0$Measurement,1.0729907329999833,0.0,1.0,1,309.5,260.1666666666667,921.3333333333334,309.0,Normal
ipcas_21:73:26,150,1,209,TIED23CTRL/LLN0$Status,1.1056875419999983,0.0,1.0,1,312.1666666666667,258.1666666666667,922.0,310.3333333333333,Normal
ipcas_21:73:26,150,1,209,TIED23PROT/LLN0$Alarm,1.1056829479999806,0.0,1.0,1,312.1666666666667,258.1666666666667,922.0,310.3333333333333,Normal
ipcas_21:73:26,207,1,209,TIED23MEAS/LLN0$Measurement,1.105682379000001,0.0,1.0,1,312.1666666666667,258.1666666666667,922.0,310.3333333333333,Normal
ipcas_21:73:26,150,1,210,TIED23CTRL/LLN0$Status,1.0429516720000152,0.0,1.0,1,310.5,256.9444444444444,925.6666666666666,308.6666666666667,Normal
ipcas_21:73:26,150,1,210,TIED23PROT/LLN0$Alarm,1.0429708720000122,0.0,1.0,1,310.5,256.9444444444444,925.6666666666666,308.6666666666667,Normal
ipcas_21:73:26,207,1,210,TIED23MEAS/LLN0$Measurement,1.0429716330000076,0.0,1.0,1,310.5,256.9444444444444,925.6666666666666,308.6666666666667,Normal
ipcas_21:73:26,150,1,211,TIED23CTRL/LLN0$Status,1.0907410579999919,0.0,1.0,1,310.1666666666667,258.5555555555555,924.6666666666666,305.5,Normal
ipcas_21:73:26,150,1,211,TIED23PROT/LLN0$Alarm,1.0907255660000033,0.0,1.0,1,310.1666666666667,258.5555555555555,924.6666666666666,305.5,Normal
ipcas_21:73:26,207,1,211,TIED23MEAS/LLN0$Measurement,1.0907253949999927,0.0,1.0,1,310.1666666666667,258.5555555555555,924.6666666666666,305.5,Normal
ipcas_21:73:26,150,1,212,TIED23CTRL/LLN0$Status,1.0723016850000135,0.0,1.0,1,311.3333333333333,258.6666666666667,923.0,311.8333333333333,Normal
ipcas_21:73:26,150,1,212,TIED23PROT/LLN0$Alarm,1.072300451999979,0.0,1.0,1,311.3333333333333,258.6666666666667,923.0,311.8333333333333,Normal
ipcas_21:73:26,207,1,212,TIED23MEAS/LLN0$Measurement,1.0723001900000213,0.0,1.0,1,311.3333333333333,258.6666666666667,923.0,311.8333333333333,Normal
ipcas_21:73:26,150,1,213,TIED23CTRL/LLN0$Status,1.045429227999989,0.0,1.0,1,308.8333333333333,257.77777777777777,924.0,307.0,Normal
ipcas_21:73:26,150,1,213,TIED23PROT/LLN0$Alarm,1.0454326380000225,0.0,1.0,1,308.8333333333333,257.77777777777777,924.0,307.0,Normal
ipcas_21:73:26,207,1,213,TIED23MEAS/LLN0$Measurement,1.0454872669999986,0.0,1.0,1,308.8333333333333,257.77777777777777,924.0,307.0,Normal
ipcas_21:73:26,150,1,214,TIED23CTRL/LLN0$Status,1.0432932900000083,0.0,1.0,1,309.5,256.77777777777777,924.6666666666666,306.1666666666667,Normal
ipcas_21:73:26,150,1,214,TIED23PROT/LLN0$Alarm,1.0432939509999812,0.0,1.0,1,309.5,256.77777777777777,924.6666666666666,306.1666666666667,Normal
ipcas_21:73:26,207,1,214,TIED23MEAS/LLN0$Measurement,1.043239022999984,0.0,1.0,1,309.5,256.77777777777777,924.6666666666666,306.1666666666667,Normal
ipcas_21:73:26,150,1,215,TIED23CTRL/LLN0$Status,1.060582181000001,0.0,1.0,1,308.3333333333333,256.94444444444446,924.3333333333334,308.1666666666667,Normal
ipcas_21:73:26,150,1,215,TIED23PROT/LLN0$Alarm,1.0605857080000192,0.0,1.0,1,308.3333333333333,256.94444444444446,924.3333333333334,308.1666666666667,Normal
ipcas_21:73:26,207,1,215,TIED23MEAS/LLN0$Measurement,1.0605864100000133,0.0,1.0,1,308.3333333333333,256.94444444444446,924.3333333333334,308.1666666666667,Normal
ipcas_21:73:26,150,1,216,TIED23CTRL/LLN0$Status,1.0638489549999974,0.0,1.0,1,311.1666666666667,258.5555555555556,923.3333333333334,306.6666666666667,Normal
ipcas_21:73:26,150,1,216,TIED23PROT/LLN0$Alarm,1.0638498010000035,0.0,1.0,1,311.1666666666667,258.5555555555556,923.3333333333334,306.6666666666667,Normal
ipcas_21:73:26,207,1,216,TIED23MEAS/LLN0$Measurement,1.0638492200000087,0.0,1.0,1,311.1666666666667,258.5555555555556,923.3333333333334,306.6666666666667,Normal
ipcas_21:73:26,150,1,217,TIED23CTRL/LLN0$Status,1.0820758749999868,0.0,1.0,1,308.6666666666667,257.4444444444445,925.3333333333334,308.3333333333333,Normal
ipcas_21:73:26,150,1,217,TIED23PROT/LLN0$Alarm,1.0820730339999898,0.0,1.0,1,308.6666666666667,257.4444444444445,925.3333333333334,308.3333333333333,Normal
ipcas_21:73:26,207,1,217,TIED23MEAS/LLN0$Measurement,1.0820733059999839,0.0,1.0,1,308.6666666666667,257.4444444444445,925.3333333333334,308.3333333333333,Normal
ipcas_21:73:26,150,1,218,TIED23CTRL/LLN0$Status,1.0783832870000083,0.0,1.0,1,310.0,258.0555555555556,925.3333333333334,306.6666666666667,Normal
ipcas_21:73:26,150,1,218,TIED23PROT/LLN0$Alarm,1.0839818219999984,0.0,1.0,1,310.0,258.0555555555556,925.3333333333334,306.6666666666667,Normal
ipcas_21:73:26,207,1,218,TIED23MEAS/LLN0$Measurement,1.083989623000008,0.0,1.0,1,310.0,258.0555555555556,925.3333333333334,306.6666666666667,Normal
ipcas_21:73:26,150,1,219,TIED23CTRL/LLN0$Status,1.078698357999997,0.0,1.0,1,310.1666666666667,258.0,924.3333333333334,307.0,Normal
ipcas_21:73:26,150,1,219,TIED23PROT/LLN0$Alarm,1.0730953409999984,0.0,1.0,1,310.1666666666667,258.0,924.3333333333334,307.0,Normal
ipcas_21:73:26,207,1,219,TIED23MEAS/LLN0$Measurement,1.073087049999998,0.0,1.0,1,310.1666666666667,258.0,924.3333333333334,307.0,Normal
ipcas_21:73:26,150,1,220,TIED23CTRL/LLN0$Status,1.0504281219999996,0.0,1.0,1,307.8333333333333,257.4444444444444,925.3333333333334,308.0,Normal
ipcas_21:73:26,150,1,220,TIED23PROT/LLN0$Alarm,1.0504241019999938,0.0,1.0,1,307.8333333333333,257.4444444444444,925.3333333333334,308.0,Normal
ipcas_21:73:26,207,1,220,TIED23MEAS/LLN0$Measurement,1.050424521999986,0.0,1.0,1,307.8333333333333,257.4444444444444,925.3333333333334,308.0,Normal
ipcas_21:73:26,150,1,221,TIED23CTRL/LLN0$Status,1.0747564860000125,0.0,1.0,1,312.8333333333333,257.8888888888889,917.3333333333334,311.1666666666667,Normal
ipcas_21:73:26,150,1,221,TIED23PROT/LLN0$Alarm,1.0747612769999932,0.0,1.0,1,312.8333333333333,257.8888888888889,917.3333333333334,311.1666666666667,Normal
ipcas_21:73:26,207,1,221,TIED23MEAS/LLN0$Measurement,1.0747610760000157,0.0,1.0,1,312.8333333333333,257.8888888888889,917.3333333333334,311.1666666666667,Normal
ipcas_21:73:26,150,1,222,TIED23CTRL/LLN0$Status,1.0479064919999814,0.0,1.0,1,309.0,256.4444444444444,921.0,305.8333333333333,Normal
ipcas_21:73:26,150,1,222,TIED23PROT/LLN0$Alarm,1.0490677479999988,0.0,1.0,1,309.0,256.4444444444444,921.0,305.8333333333333,Normal
ipcas_21:73:26,207,1,222,TIED23MEAS/LLN0$Measurement,1.0490743839999936,0.0,1.0,1,309.0,256.4444444444444,921.0,305.8333333333333,Normal
ipcas_21:73:26,150,1,223,TIED23CTRL/LLN0$Status,1.1028585969999938,0.0,1.0,1,312.3333333333333,257.3333333333333,923.6666666666666,309.3333333333333,Normal
ipcas_21:73:26,150,1,223,TIED23PROT/LLN0$Alarm,1.1016925360000016,0.0,1.0,1,312.3333333333333,257.3333333333333,923.6666666666666,309.3333333333333,Normal
ipcas_21:73:26,207,1,223,TIED23MEAS/LLN0$Measurement,1.1016858039999988,0.0,1.0,1,312.3333333333333,257.3333333333333,923.6666666666666,309.3333333333333,Normal
ipcas_21:73:26,150,1,224,TIED23CTRL/LLN0$Status,1.0667063640000265,0.0,1.0,1,310.0,258.6666666666667,926.0,308.5,Normal
ipcas_21:73:26,150,1,224,TIED23PROT/LLN0$Alarm,1.06678550700002,0.0,1.0,1,310.0,258.6666666666667,926.0,308.5,Normal
ipcas_21:73:26,207,1,224,TIED23MEAS/LLN0$Measurement,1.0667855499999916,0.0,1.0,1,310.0,258.6666666666667,926.0,308.5,Normal
ipcas_21:73:26,150,1,225,TIED23CTRL/LLN0$Status,1.0713879340000005,0.0,1.0,1,312.0,259.5,922.3333333333334,309.5,Normal
ipcas_21:73:26,150,1,225,TIED23PROT/LLN0$Alarm,1.0715743389999943,0.0,1.0,1,312.0,259.5,922.3333333333334,309.5,Normal
ipcas_21:73:26,207,1,225,TIED23MEAS/LLN0$Measurement,1.0717970190000017,0.0,1.0,1,312.0,259.5,922.3333333333334,309.5,Normal
ipcas_21:73:26,150,1,226,TIED23CTRL/LLN0$Status,1.0662911829999757,0.0,1.0,1,311.1666666666667,256.55555555555554,927.3333333333334,305.3333333333333,Normal
ipcas_21:73:26,150,1,226,TIED23PROT/LLN0$Alarm,1.0660313619999897,0.0,1.0,1,311.1666666666667,256.55555555555554,927.3333333333334,305.3333333333333,Normal
ipcas_21:73:26,207,1,226,TIED23MEAS/LLN0$Measurement,1.0658087950000095,0.0,1.0,1,311.1666666666667,256.55555555555554,927.3333333333334,305.3333333333333,Normal
ipcas_21:73:26,150,1,227,TIED23CTRL/LLN0$Status,1.0401615390000245,0.0,1.0,1,308.8333333333333,257.6111111111111,921.6666666666666,308.6666666666667,Normal
ipcas_21:73:26,150,1,227,TIED23PROT/LLN0$Alarm,1.0401647319999938,0.0,1.0,1,308.8333333333333,257.6111111111111,921.6666666666666,308.6666666666667,Normal
ipcas_21:73:26,207,1,227,TIED23MEAS/LLN0$Measurement,1.040164666999999,0.0,1.0,1,308.8333333333333,257.6111111111111,921.6666666666666,308.6666666666667,Normal
ipcas_21:73:26,150,1,228,TIED23CTRL/LLN0$Status,1.0248455449999767,0.0,1.0,1,308.0,258.0555555555555,919.0,305.0,Normal
ipcas_21:73:26,150,1,228,TIED23PROT/LLN0$Alarm,1.0248401460000025,0.0,1.0,1,308.0,258.0555555555555,919.0,305.0,Normal
ipcas_21:73:26,207,1,228,TIED23MEAS/LLN0$Measurement,1.0257787930000006,0.0,1.0,1,308.0,258.0555555555555,919.0,305.0,Normal
ipcas_21:73:26,150,1,229,TIED23CTRL/LLN0$Status,1.0732151730000226,0.0,1.0,1,310.5,258.4444444444445,922.0,307.0,Normal
ipcas_21:73:26,150,1,229,TIED23PROT/LLN0$Alarm,1.0732173000000103,0.0,1.0,1,310.5,258.4444444444445,922.0,307.0,Normal
ipcas_21:73:26,207,1,229,TIED23MEAS/LLN0$Measurement,1.0722787299999936,0.0,1.0,1,310.5,258.4444444444445,922.0,307.0,Normal
ipcas_21:73:26,150,1,230,TIED23CTRL/LLN0$Status,1.0527190179999764,0.0,1.0,1,311.0,256.0555555555556,923.3333333333334,307.6666666666667,Normal
ipcas_21:73:26,150,1,230,TIED23PROT/LLN0$Alarm,1.0527136059999975,0.0,1.0,1,311.0,256.0555555555556,923.3333333333334,307.6666666666667,Normal
ipcas_21:73:26,207,1,230,TIED23MEAS/LLN0$Measurement,1.0527137109999956,0.0,1.0,1,311.0,256.0555555555556,923.3333333333334,307.6666666666667,Normal
ipcas_21:73:26,150,1,231,TIED23CTRL/LLN0$Status,1.0613764770000103,0.0,1.0,1,309.0,257.94444444444446,922.6666666666666,307.3333333333333,Normal
ipcas_21:73:26,150,1,231,TIED23PROT/LLN0$Alarm,1.0613759480000056,0.0,1.0,1,309.0,257.94444444444446,922.6666666666666,307.3333333333333,Normal
ipcas_21:73:26,207,1,231,TIED23MEAS/LLN0$Measurement,1.0613755500000082,0.0,1.0,1,309.0,257.94444444444446,922.6666666666666,307.3333333333333,Normal
ipcas_21:73:26,150,1,232,TIED23CTRL/LLN0$Status,1.0403542470000104,0.0,1.0,1,307.3333333333333,257.0,930.0,308.8333333333333,Normal
ipcas_21:73:26,150,1,232,TIED23PROT/LLN0$Alarm,1.040359790999986,0.0,1.0,1,307.3333333333333,257.0,930.0,308.8333333333333,Normal
ipcas_21:73:26,207,1,232,TIED23MEAS/LLN0$Measurement,1.0407076930000017,0.0,1.0,1,307.3333333333333,257.0,930.0,308.8333333333333,Normal
ipcas_21:73:26,150,1,233,TIED23CTRL/LLN0$Status,1.0684533949999775,0.0,1.0,1,311.5,259.5,927.0,306.8333333333333,Normal
ipcas_21:73:26,150,1,233,TIED23PROT/LLN0$Alarm,1.068451964000019,0.0,1.0,1,311.5,259.5,927.0,306.8333333333333,Normal
ipcas_21:73:26,207,1,233,TIED23MEAS/LLN0$Measurement,1.0681045359999928,0.0,1.0,1,311.5,259.5,927.0,306.8333333333333,Normal
ipcas_21:73:26,150,1,234,TIED23CTRL/LLN0$Status,1.068622769000001,0.0,1.0,1,309.5,257.94444444444446,927.0,311.6666666666667,Normal
ipcas_21:73:26,150,1,234,TIED23PROT/LLN0$Alarm,1.0688311989999875,0.0,1.0,1,309.5,257.94444444444446,927.0,311.6666666666667,Normal
ipcas_21:73:26,207,1,234,TIED23MEAS/LLN0$Measurement,1.068948956000014,0.0,1.0,1,309.5,257.94444444444446,927.0,311.6666666666667,Normal
ipcas_21:73:26,150,1,235,TIED23CTRL/LLN0$Status,1.0596803290000025,0.0,1.0,1,309.1666666666667,258.6666666666667,924.3333333333334,308.3333333333333,Normal
ipcas_21:73:26,150,1,235,TIED23PROT/LLN0$Alarm,1.0596871230000033,0.0,1.0,1,309.1666666666667,258.6666666666667,924.3333333333334,308.3333333333333,Normal
ipcas_21:73:26,207,1,235,TIED23MEAS/LLN0$Measurement,1.0597360200000026,0.0,1.0,1,309.1666666666667,258.6666666666667,924.3333333333334,308.3333333333333,Normal
ipcas_21:73:26,150,1,236,TIED23CTRL/LLN0$Status,1.0287331670000128,0.0,1.0,1,307.6666666666667,258.6666666666667,926.3333333333334,309.6666666666667,Normal
ipcas_21:73:26,150,1,236,TIED23PROT/LLN0$Alarm,1.0288860040000145,0.0,1.0,1,307.6666666666667,258.6666666666667,926.3333333333334,309.6666666666667,Normal
ipcas_21:73:26,207,1,236,TIED23MEAS/LLN0$Measurement,1.0290292829999999,0.0,1.0,1,307.6666666666667,258.6666666666667,926.3333333333334,309.6666666666667,Normal
ipcas_21:73:26,150,1,237,TIED23CTRL/LLN0$Status,1.0395865049999884,0.0,1.0,1,310.1666666666667,259.1111111111111,926.3333333333334,305.0,Normal
ipcas_21:73:26,150,1,237,TIED23PROT/LLN0$Alarm,1.0392183079999882,0.0,1.0,1,310.1666666666667,259.1111111111111,926.3333333333334,305.0,Normal
ipcas_21:73:26,207,1,237,TIED23MEAS/LLN0$Measurement,1.0389082159999816,0.0,1.0,1,310.1666666666667,259.1111111111111,926.3333333333334,305.0,Normal
ipcas_21:73:26,150,1,238,TIED23CTRL/LLN0$Status,1.0494039760000078,0.0,1.0,1,310.3333333333333,258.6666666666667,927.6666666666666,307.8333333333333,Normal
ipcas_21:73:26,150,1,238,TIED23PROT/LLN0$Alarm,1.0496548149999967,0.0,1.0,1,310.3333333333333,258.6666666666667,927.6666666666666,307.8333333333333,Normal
ipcas_21:73:26,207,1,238,TIED23MEAS/LLN0$Measurement,1.0499744600000156,0.0,1.0,1,310.3333333333333,258.6666666666667,927.6666666666666,307.8333333333333,Normal
ipcas_21:73:26,150,1,239,TIED23CTRL/LLN0$Status,1.0719041309999966,0.0,1.0,1,307.6666666666667,257.3888888888889,921.6666666666666,305.8333333333333,Normal
ipcas_21:73:26,150,1,239,TIED23PROT/LLN0$Alarm,1.0716568839999923,0.0,1.0,1,307.6666666666667,257.3888888888889,921.6666666666666,305.8333333333333,Normal
ipcas_21:73:26,207,1,239,TIED23MEAS/LLN0$Measurement,1.0714551380000046,0.0,1.0,1,307.6666666666667,257.3888888888889,921.6666666666666,305.8333333333333,Normal
ipcas_21:73:26,150,1,240,TIED23CTRL/LLN0$Status,1.0562610000000063,0.0,1.0,1,309.0,256.1111111111111,931.0,308.5,Normal
ipcas_21:73:26,150,1,240,TIED23PROT/LLN0$Alarm,1.056260180999999,0.0,1.0,1,309.0,256.1111111111111,931.0,308.5,Normal
ipcas_21:73:26,207,1,240,TIED23MEAS/LLN0$Measurement,1.0561422449999895,0.0,1.0,1,309.0,256.1111111111111,931.0,308.5,Normal
ipcas_21:73:26,150,1,241,TIED23CTRL/LLN0$Status,1.0540112150000027,0.0,1.0,1,309.1666666666667,259.6111111111111,924.6666666666666,307.6666666666667,Normal
ipcas_21:73:26,150,1,241,TIED23PROT/LLN0$Alarm,1.0544418690000157,0.0,1.0,1,309.1666666666667,259.6111111111111,924.6666666666666,307.6666666666667,Normal
ipcas_21:73:26,207,1,241,TIED23MEAS/LLN0$Measurement,1.0546335639999995,0.0,1.0,1,309.1666666666667,259.6111111111111,924.6666666666666,307.6666666666667,Normal
ipcas_21:73:26,150,1,242,TIED23CTRL/LLN0$Status,1.0628246199999865,0.0,1.0,1,307.6666666666667,258.88888888888886,925.0,307.1666666666667,Normal
ipcas_21:73:26,150,1,242,TIED23PROT/LLN0$Alarm,1.06256190000002,0.0,1.0,1,307.6666666666667,258.88888888888886,925.0,307.1666666666667,Normal
ipcas_21:73:26,207,1,242,TIED23MEAS/LLN0$Measurement,1.0627488570000025,0.0,1.0,1,307.6666666666667,258.88888888888886,925.0,307.1666666666667,Normal
ipcas_21:73:26,150,1,243,TIED23CTRL/LLN0$Status,1.0456016439999871,0.0,1.0,1,308.0,257.4444444444444,931.3333333333334,308.8333333333333,Normal
ipcas_21:73:26,150,1,243,TIED23PROT/LLN0$Alarm,1.0454357699999832,0.0,1.0,1,308.0,257.4444444444444,931.3333333333334,308.8333333333333,Normal
ipcas_21:73:26,207,1,243,TIED23MEAS/LLN0$Measurement,1.0454234869999937,0.0,1.0,1,308.0,257.4444444444444,931.3333333333334,308.8333333333333,Normal
ipcas_21:73:26,150,1,244,TIED23CTRL/LLN0$Status,1.0419578850000448,0.0,1.0,1,311.0,257.3888888888889,922.0,309.6666666666667,Normal
ipcas_21:73:26,150,1,244,TIED23PROT/LLN0$Alarm,1.041959339000016,0.0,1.0,1,311.0,257.3888888888889,922.0,309.6666666666667,Normal
ipcas_21:73:26,207,1,244,TIED23MEAS/LLN0$Measurement,1.0415933500000278,0.0,1.0,1,311.0,257.3888888888889,922.0,309.6666666666667,Normal
ipcas_21:73:26,150,1,245,TIED23CTRL/LLN0$Status,1.0944027679999522,0.0,1.0,1,309.3333333333333,258.11111111111114,918.6666666666666,309.1666666666667,Normal
ipcas_21:73:26,150,1,245,TIED23PROT/LLN0$Alarm,1.0946292239999593,0.0,1.0,1,309.3333333333333,258.11111111111114,918.6666666666666,309.1666666666667,Normal
ipcas_21:73:26,207,1,245,TIED23MEAS/LLN0$Measurement,1.0949185399999806,0.0,1.0,1,309.3333333333333,258.11111111111114,918.6666666666666,309.1666666666667,Normal
ipcas_21:73:26,150,1,246,TIED23CTRL/LLN0$Status,1.0291575090000151,0.0,1.0,1,309.6666666666667,257.8888888888889,917.3333333333334,306.5,Normal
ipcas_21:73:26,150,1,246,TIED23PROT/LLN0$Alarm,1.0291985670000372,0.0,1.0,1,309.6666666666667,257.8888888888889,917.3333333333334,306.5,Normal
ipcas_21:73:26,207,1,246,TIED23MEAS/LLN0$Measurement,1.0292037359999995,0.0,1.0,1,309.6666666666667,257.8888888888889,917.3333333333334,306.5,Normal
ipcas_21:73:26,150,1,247,TIED23CTRL/LLN0$Status,1.064482135999981,0.0,1.0,1,308.0,257.61111111111114,927.3333333333334,308.0,Normal
ipcas_21:73:26,150,1,247,TIED23PROT/LLN0$Alarm,1.0642073390000064,0.0,1.0,1,308.0,257.61111111111114,927.3333333333334,308.0,Normal
ipcas_21:73:26,207,1,247,TIED23MEAS/LLN0$Measurement,1.0642584070000112,0.0,1.0,1,308.0,257.61111111111114,927.3333333333334,308.0,Normal
ipcas_21:73:26,150,1,248,TIED23CTRL/LLN0$Status,1.043062204000023,0.0,1.0,1,310.5,257.5555555555555,929.0,307.3333333333333,Normal
ipcas_21:73:26,150,1,248,TIED23PROT/LLN0$Alarm,1.0431565609999893,0.0,1.0,1,310.5,257.5555555555555,929.0,307.3333333333333,Normal
ipcas_21:73:26,207,1,248,TIED23MEAS/LLN0$Measurement,1.0428114509999773,0.0,1.0,1,310.5,257.5555555555555,929.0,307.3333333333333,Normal
ipcas_21:73:26,150,1,249,TIED23CTRL/LLN0$Status,1.057379984000022,0.0,1.0,1,312.3333333333333,258.7222222222222,924.0,309.5,Normal
ipcas_21:73:26,150,1,249,TIED23PROT/LLN0$Alarm,1.0578702039999826,0.0,1.0,1,312.3333333333333,258.7222222222222,924.0,309.5,Normal
ipcas_21:73:26,207,1,249,TIED23MEAS/LLN0$Measurement,1.0578726219999908,0.0,1.0,1,312.3333333333333,258.7222222222222,924.0,309.5,Normal
ipcas_21:73:26,150,1,250,TIED23CTRL/LLN0$Status,1.062348098999962,0.0,1.0,1,310.6666666666667,258.1666666666667,925.0,309.8333333333333,Normal
ipcas_21:73:26,150,1,250,TIED23PROT/LLN0$Alarm,1.062428811000018,0.0,1.0,1,310.6666666666667,258.1666666666667,925.0,309.8333333333333,Normal
ipcas_21:73:26,207,1,250,TIED23MEAS/LLN0$Measurement,1.0624290030000338,0.0,1.0,1,310.6666666666667,258.1666666666667,925.0,309.8333333333333,Normal
ipcas_21:73:26,150,1,251,TIED23CTRL/LLN0$Status,1.0517370340000411,0.0,1.0,1,309.0,257.6666666666667,920.6666666666666,308.5,Normal
ipcas_21:73:26,150,1,251,TIED23PROT/LLN0$Alarm,1.0513099859999784,0.0,1.0,1,309.0,257.6666666666667,920.6666666666666,308.5,Normal
ipcas_21:73:26,207,1,251,TIED23MEAS/LLN0$Measurement,1.0515200149999941,0.0,1.0,1,309.0,257.6666666666667,920.6666666666666,308.5,Normal
ipcas_21:73:26,150,1,252,TIED23CTRL/LLN0$Status,1.0654995259999964,0.0,1.0,1,310.6666666666667,258.22222222222223,924.0,304.3333333333333,Normal
ipcas_21:73:26,150,1,252,TIED23PROT/LLN0$Alarm,1.0656814600000075,0.0,1.0,1,310.6666666666667,258.22222222222223,924.0,304.3333333333333,Normal
ipcas_21:73:26,207,1,252,TIED23MEAS/LLN0$Measurement,1.065471577999972,0.0,1.0,1,310.6666666666667,258.22222222222223,924.0,304.3333333333333,Normal
ipcas_21:73:26,150,1,253,TIED23CTRL/LLN0$Status,1.0537372039999582,0.0,1.0,1,310.6666666666667,258.0,922.3333333333334,308.1666666666667,Normal
ipcas_21:73:26,150,1,253,TIED23PROT/LLN0$Alarm,1.0533215869999708,0.0,1.0,1,310.6666666666667,258.0,922.3333333333334,308.1666666666667,Normal
ipcas_21:73:26,207,1,253,TIED23MEAS/LLN0$Measurement,1.0536261880000097,0.0,1.0,1,310.6666666666667,258.0,922.3333333333334,308.1666666666667,Normal
ipcas_21:73:26,150,1,254,TIED23CTRL/LLN0$Status,1.0291366430000153,0.0,1.0,1,308.1666666666667,259.6666666666667,929.0,307.5,Normal
ipcas_21:73:26,150,1,254,TIED23PROT/LLN0$Alarm,1.0293383560000393,0.0,1.0,1,308.1666666666667,259.6666666666667,929.0,307.5,Normal
ipcas_21:73:26,207,1,254,TIED23MEAS/LLN0$Measurement,1.0293418290000318,0.0,1.0,1,308.1666666666667,259.6666666666667,929.0,307.5,Normal
ipcas_21:73:26,150,1,255,TIED23CTRL/LLN0$Status,1.0655028990000233,0.0,1.0,1,308.6666666666667,255.6111111111111,923.0,309.3333333333333,Normal
ipcas_21:73:26,150,1,255,TIED23PROT/LLN0$Alarm,1.065593220999972,0.0,1.0,1,308.6666666666667,255.6111111111111,923.0,309.3333333333333,Normal
ipcas_21:73:26,207,1,255,TIED23MEAS/LLN0$Measurement,1.0654815030000009,0.0,1.0,1,308.6666666666667,255.6111111111111,923.0,309.3333333333333,Normal
ipcas_21:73:26,150,1,256,TIED23CTRL/LLN0$Status,1.0396649329999832,0.0,1.0,1,310.8333333333333,257.88888888888886,927.6666666666666,307.6666666666667,Normal
ipcas_21:73:26,150,1,256,TIED23PROT/LLN0$Alarm,1.0393706270000393,0.0,1.0,1,310.8333333333333,257.88888888888886,927.6666666666666,307.6666666666667,Normal
ipcas_21:73:26,207,1,256,TIED23MEAS/LLN0$Measurement,1.0398054959999854,0.0,1.0,1,310.8333333333333,257.88888888888886,927.6666666666666,307.6666666666667,Normal
ipcas_21:73:26,150,1,257,TIED23CTRL/LLN0$Status,1.0623474480000255,0.0,1.0,1,308.3333333333333,258.4444444444445,922.3333333333334,306.3333333333333,Normal
ipcas_21:73:26,150,1,257,TIED23PROT/LLN0$Alarm,1.0628444280000053,0.0,1.0,1,308.3333333333333,258.4444444444445,922.3333333333334,306.3333333333333,Normal
ipcas_21:73:26,207,1,257,TIED23MEAS/LLN0$Measurement,1.0622119220000172,0.0,1.0,1,308.3333333333333,258.4444444444445,922.3333333333334,306.3333333333333,Normal
ipcas_21:73:26,150,1,258,TIED23CTRL/LLN0$Status,1.043034640999963,0.0,1.0,1,310.5,255.8888888888889,922.0,306.3333333333333,Normal
ipcas_21:73:26,150,1,258,TIED23PROT/LLN0$Alarm,1.0425344909999694,0.0,1.0,1,310.5,255.8888888888889,922.0,306.3333333333333,Normal
ipcas_21:73:26,207,1,258,TIED23MEAS/LLN0$Measurement,1.0425320719999718,0.0,1.0,1,310.5,255.8888888888889,922.0,306.3333333333333,Normal
ipcas_21:73:26,150,1,259,TIED23CTRL/LLN0$Status,1.0489229660000206,0.0,1.0,1,310.5,257.27777777777777,923.0,306.5,Normal
ipcas_21:73:26,150,1,259,TIED23PROT/LLN0$Alarm,1.0491976499999964,0.0,1.0,1,310.5,257.27777777777777,923.0,306.5,Normal
ipcas_21:73:26,207,1,259,TIED23MEAS/LLN0$Measurement,1.049371404999988,0.0,1.0,1,310.5,257.27777777777777,923.0,306.5,Normal
ipcas_21:73:26,150,1,260,TIED23CTRL/LLN0$Status,1.056756758000006,0.0,1.0,1,310.0,258.6666666666667,917.6666666666666,305.1666666666667,Normal
ipcas_21:73:26,150,1,260,TIED23PROT/LLN0$Alarm,1.0567213979999792,0.0,1.0,1,310.0,258.6666666666667,917.6666666666666,305.1666666666667,Normal
ipcas_21:73:26,207,1,260,TIED23MEAS/LLN0$Measurement,1.0567533150000372,0.0,1.0,1,310.0,258.6666666666667,917.6666666666666,305.1666666666667,Normal
ipcas_21:73:26,150,1,261,TIED23CTRL/LLN0$Status,1.0589365179999959,0.0,1.0,1,308.5,257.27777777777777,922.3333333333334,307.8333333333333,Normal
ipcas_21:73:26,150,1,261,TIED23PROT/LLN0$Alarm,1.0587009360000366,0.0,1.0,1,308.5,257.27777777777777,922.3333333333334,307.8333333333333,Normal
ipcas_21:73:26,207,1,261,TIED23MEAS/LLN0$Measurement,1.0584950939999658,0.0,1.0,1,308.5,257.27777777777777,922.3333333333334,307.8333333333333,Normal
ipcas_21:73:26,150,1,262,TIED23CTRL/LLN0$Status,1.0516363539999816,0.0,1.0,1,310.1666666666667,259.22222222222223,927.0,305.8333333333333,Normal
ipcas_21:73:26,150,1,262,TIED23PROT/LLN0$Alarm,1.0516332180000063,0.0,1.0,1,310.1666666666667,259.22222222222223,927.0,305.8333333333333,Normal
ipcas_21:73:26,207,1,262,TIED23MEAS/LLN0$Measurement,1.0516336080000315,0.0,1.0,1,310.1666666666667,259.22222222222223,927.0,305.8333333333333,Normal
ipcas_21:73:26,150,1,263,TIED23CTRL/LLN0$Status,1.067126357999996,0.0,1.0,1,311.5,258.72222222222223,923.0,306.3333333333333,Normal
ipcas_21:73:26,150,1,263,TIED23PROT/LLN0$Alarm,1.0674910330000102,0.0,1.0,1,311.5,258.72222222222223,923.0,306.3333333333333,Normal
ipcas_21:73:26,207,1,263,TIED23MEAS/LLN0$Measurement,1.0677798250000023,0.0,1.0,1,311.5,258.72222222222223,923.0,306.3333333333333,Normal
ipcas_21:73:26,150,1,264,TIED23CTRL/LLN0$Status,1.0462891610000042,0.0,1.0,1,311.3333333333333,259.22222222222223,920.6666666666666,307.3333333333333,Normal
ipcas_21:73:26,150,1,264,TIED23PROT/LLN0$Alarm,1.046255255999995,0.0,1.0,1,311.3333333333333,259.22222222222223,920.6666666666666,307.3333333333333,Normal
ipcas_21:73:26,207,1,264,TIED23MEAS/LLN0$Measurement,1.0461804249999886,0.0,1.0,1,311.3333333333333,259.22222222222223,920.6666666666666,307.3333333333333,Normal
ipcas_21:73:26,150,1,265,TIED23CTRL/LLN0$Status,1.0431625550000376,0.0,1.0,1,309.8333333333333,257.8333333333333,924.6666666666666,308.1666666666667,Normal
ipcas_21:73:26,150,1,265,TIED23PROT/LLN0$Alarm,1.0432884039999522,0.0,1.0,1,309.8333333333333,257.8333333333333,924.6666666666666,308.1666666666667,Normal
ipcas_21:73:26,207,1,265,TIED23MEAS/LLN0$Measurement,1.0430785469999933,0.0,1.0,1,309.8333333333333,257.8333333333333,924.6666666666666,308.1666666666667,Normal
ipcas_21:73:26,150,1,266,TIED23CTRL/LLN0$Status,1.0410443839999743,0.0,1.0,1,310.5,259.1111111111111,918.0,311.0,Normal
ipcas_21:73:26,150,1,266,TIED23PROT/LLN0$Alarm,1.040585257000032,0.0,1.0,1,310.5,259.1111111111111,918.0,311.0,Normal
ipcas_21:73:26,207,1,266,TIED23MEAS/LLN0$Measurement,1.0405811050000011,0.0,1.0,1,310.5,259.1111111111111,918.0,311.0,Normal
ipcas_21:73:26,150,1,267,TIED23CTRL/LLN0$Status,1.0655961809999894,0.0,1.0,1,308.1666666666667,258.72222222222223,926.6666666666666,309.5,Normal
ipcas_21:73:26,150,1,267,TIED23PROT/LLN0$Alarm,1.0658267790000195,0.0,1.0,1,308.1666666666667,258.72222222222223,926.6666666666666,309.5,Normal
ipcas_21:73:26,207,1,267,TIED23MEAS/LLN0$Measurement,1.0659684770000126,0.0,1.0,1,308.1666666666667,258.72222222222223,926.6666666666666,309.5,Normal
ipcas_21:73:26,150,1,268,TIED23CTRL/LLN0$Status,1.0458064960000115,0.0,1.0,1,311.0,257.44444444444446,929.0,307.8333333333333,Normal
ipcas_21:73:26,150,1,268,TIED23PROT/LLN0$Alarm,1.0457576860000017,0.0,1.0,1,311.0,257.44444444444446,929.0,307.8333333333333,Normal
ipcas_21:73:26,207,1,268,TIED23MEAS/LLN0$Measurement,1.0459332780000068,0.0,1.0,1,311.0,257.44444444444446,929.0,307.8333333333333,Normal
ipcas_21:73:26,150,1,269,TIED23CTRL/LLN0$Status,1.051429010999982,0.0,1.0,1,309.1666666666667,258.5555555555556,922.3333333333334,307.3333333333333,Normal
ipcas_21:73:26,150,1,269,TIED23PROT/LLN0$Alarm,1.0512522109999622,0.0,1.0,1,309.1666666666667,258.5555555555556,922.3333333333334,307.3333333333333,Normal
ipcas_21:73:26,207,1,269,TIED23MEAS/LLN0$Measurement,1.050935102999972,0.0,1.0,1,309.1666666666667,258.5555555555556,922.3333333333334,307.3333333333333,Normal
ipcas_21:73:26,150,1,270,TIED23CTRL/LLN0$Status,1.0685171609999884,0.0,1.0,1,310.0,256.72222222222223,920.6666666666666,307.5,Normal
ipcas_21:73:26,150,1,270,TIED23PROT/LLN0$Alarm,1.0689548189999982,0.0,1.0,1,310.0,256.72222222222223,920.6666666666666,307.5,Normal
ipcas_21:73:26,207,1,270,TIED23MEAS/LLN0$Measurement,1.0695337199999813,0.0,1.0,1,310.0,256.72222222222223,920.6666666666666,307.5,Normal
ipcas_21:73:26,150,1,271,TIED23CTRL/LLN0$Status,1.0878256680000504,0.0,1.0,1,311.5,257.72222222222223,924.3333333333334,306.8333333333333,Normal
ipcas_21:73:26,150,1,271,TIED23PROT/LLN0$Alarm,1.0875723980000203,0.0,1.0,1,311.5,257.72222222222223,924.3333333333334,306.8333333333333,Normal
ipcas_21:73:26,207,1,271,TIED23MEAS/LLN0$Measurement,1.0870863110000073,0.0,1.0,1,311.5,257.72222222222223,924.3333333333334,306.8333333333333,Normal
ipcas_21:73:26,150,1,272,TIED23CTRL/LLN0$Status,1.0538118810000014,0.0,1.0,1,311.1666666666667,258.3333333333333,922.0,309.6666666666667,Normal
ipcas_21:73:26,150,1,272,TIED23PROT/LLN0$Alarm,1.0536289259999876,0.0,1.0,1,311.1666666666667,258.3333333333333,922.0,309.6666666666667,Normal
ipcas_21:73:26,207,1,272,TIED23MEAS/LLN0$Measurement,1.0538686510000161,0.0,1.0,1,311.1666666666667,258.3333333333333,922.0,309.6666666666667,Normal
ipcas_21:73:26,150,1,273,TIED23CTRL/LLN0$Status,1.0668008459999783,0.0,1.0,1,308.3333333333333,258.0,922.3333333333334,312.0,Normal
ipcas_21:73:26,150,1,273,TIED23PROT/LLN0$Alarm,1.0667982140000163,0.0,1.0,1,308.3333333333333,258.0,922.3333333333334,312.0,Normal
ipcas_21:73:26,207,1,273,TIED23MEAS/LLN0$Measurement,1.066465285999982,0.0,1.0,1,308.3333333333333,258.0,922.3333333333334,312.0,Normal
ipcas_21:73:26,150,1,274,TIED23CTRL/LLN0$Status,1.065878586999986,0.0,1.0,1,308.0,256.8888888888889,925.0,310.6666666666667,Normal
ipcas_21:73:26,150,1,274,TIED23PROT/LLN0$Alarm,1.0661201489999712,0.0,1.0,1,308.0,256.8888888888889,925.0,310.6666666666667,Normal
ipcas_21:73:26,207,1,274,TIED23MEAS/LLN0$Measurement,1.0663249350000115,0.0,1.0,1,308.0,256.8888888888889,925.0,310.6666666666667,Normal
ipcas_21:73:26,150,1,275,TIED23CTRL/LLN0$Status,1.076076889000035,0.0,1.0,1,311.3333333333333,257.6666666666667,926.6666666666666,305.3333333333333,Normal
ipcas_21:73:26,150,1,275,TIED23PROT/LLN0$Alarm,1.0758365070000195,0.0,1.0,1,311.3333333333333,257.6666666666667,926.6666666666666,305.3333333333333,Normal
ipcas_21:73:26,207,1,275,TIED23MEAS/LLN0$Measurement,1.0756316410000295,0.0,1.0,1,311.3333333333333,257.6666666666667,926.6666666666666,305.3333333333333,Normal
ipcas_21:73:26,150,1,276,TIED23CTRL/LLN0$Status,1.0606496799999832,0.0,1.0,1,312.6666666666667,258.4444444444445,923.3333333333334,307.0,Normal
ipcas_21:73:26,150,1,276,TIED23PROT/LLN0$Alarm,1.0606495989999871,0.0,1.0,1,312.6666666666667,258.4444444444445,923.3333333333334,307.0,Normal
ipcas_21:73:26,207,1,276,TIED23MEAS/LLN0$Measurement,1.061084229999949,0.0,1.0,1,312.6666666666667,258.4444444444445,923.3333333333334,307.0,Normal
ipcas_21:73:26,150,1,277,TIED23CTRL/LLN0$Status,1.0643854680000118,0.0,1.0,1,310.6666666666667,257.6666666666667,928.3333333333334,307.6666666666667,Normal
ipcas_21:73:26,150,1,277,TIED23PROT/LLN0$Alarm,1.0647266980000154,0.0,1.0,1,310.6666666666667,257.6666666666667,928.3333333333334,307.6666666666667,Normal
ipcas_21:73:26,207,1,277,TIED23MEAS/LLN0$Measurement,1.0645488760000035,0.0,1.0,1,310.6666666666667,257.6666666666667,928.3333333333334,307.6666666666667,Normal
ipcas_21:73:26,150,1,278,TIED23CTRL/LLN0$Status,1.0402952679999657,0.0,1.0,1,309.5,258.3888888888889,918.3333333333334,308.5,Normal
ipcas_21:73:26,150,1,278,TIED23PROT/LLN0$Alarm,1.0401456760000087,0.0,1.0,1,309.5,258.3888888888889,918.3333333333334,308.5,Normal
ipcas_21:73:26,207,1,278,TIED23MEAS/LLN0$Measurement,1.0398903230000087,0.0,1.0,1,309.5,258.3888888888889,918.3333333333334,308.5,Normal
ipcas_21:73:26,150,1,279,TIED23CTRL/LLN0$Status,1.0338167049999925,0.0,1.0,1,309.0,258.22222222222223,927.6666666666666,307.3333333333333,Normal
ipcas_21:73:26,150,1,279,TIED23PROT/LLN0$Alarm,1.0336224739999693,0.0,1.0,1,309.0,258.22222222222223,927.6666666666666,307.3333333333333,Normal
ipcas_21:73:26,207,1,279,TIED23MEAS/LLN0$Measurement,1.0338097609999863,0.0,1.0,1,309.0,258.22222222222223,927.6666666666666,307.3333333333333,Normal
ipcas_21:73:26,150,1,280,TIED23CTRL/LLN0$Status,1.045019549000017,0.0,1.0,1,311.5,257.77777777777777,924.0,309.5,Normal
ipcas_21:73:26,150,1,280,TIED23PROT/LLN0$Alarm,1.0451081699999918,0.0,1.0,1,311.5,257.77777777777777,924.0,309.5,Normal
ipcas_21:73:26,207,1,280,TIED23MEAS/LLN0$Measurement,1.0450046140000495,0.0,1.0,1,311.5,257.77777777777777,924.0,309.5,Normal
ipcas_21:73:26,150,1,281,TIED23CTRL/LLN0$Status,1.0391120470000033,0.0,1.0,1,310.3333333333333,259.05555555555554,925.0,308.3333333333333,Normal
ipcas_21:73:26,150,1,281,TIED23PROT/LLN0$Alarm,1.0390250789999982,0.0,1.0,1,310.3333333333333,259.05555555555554,925.0,308.3333333333333,Normal
ipcas_21:73:26,207,1,281,TIED23MEAS/LLN0$Measurement,1.0389400689999775,0.0,1.0,1,310.3333333333333,259.05555555555554,925.0,308.3333333333333,Normal
ipcas_21:73:26,150,1,282,TIED23CTRL/LLN0$Status,1.0249447649999865,0.0,1.0,1,311.1666666666667,259.2222222222222,916.3333333333334,307.6666666666667,Normal
ipcas_21:73:26,150,1,282,TIED23PROT/LLN0$Alarm,1.0249452170000382,0.0,1.0,1,311.1666666666667,259.2222222222222,916.3333333333334,307.6666666666667,Normal
ipcas_21:73:26,207,1,282,TIED23MEAS/LLN0$Measurement,1.024945377999984,0.0,1.0,1,311.1666666666667,259.2222222222222,916.3333333333334,307.6666666666667,Normal
ipcas_21:73:26,150,1,283,TIED23CTRL/LLN0$Status,1.0494969090000268,0.0,1.0,1,309.6666666666667,258.11111111111114,928.0,307.8333333333333,Normal
ipcas_21:73:26,150,1,283,TIED23PROT/LLN0$Alarm,1.0494960059999698,0.0,1.0,1,309.6666666666667,258.11111111111114,928.0,307.8333333333333,Normal
ipcas_21:73:26,207,1,283,TIED23MEAS/LLN0$Measurement,1.0494959100000187,0.0,1.0,1,309.6666666666667,258.11111111111114,928.0,307.8333333333333,Normal
ipcas_21:73:26,150,1,284,TIED23CTRL/LLN0$Status,1.0403203739999753,0.0,1.0,1,310.5,258.5,923.0,305.5,Normal
ipcas_21:73:26,150,1,284,TIED23PROT/LLN0$Alarm,1.0403166220000344,0.0,1.0,1,310.5,258.5,923.0,305.5,Normal
ipcas_21:73:26,207,1,284,TIED23MEAS/LLN0$Measurement,1.0403164329999868,0.0,1.0,1,310.5,258.5,923.0,305.5,Normal
ipcas_21:73:26,150,1,285,TIED23CTRL/LLN0$Status,1.0715694790000043,0.0,1.0,1,310.6666666666667,257.3888888888889,926.0,306.0,Normal
ipcas_21:73:26,150,1,285,TIED23PROT/LLN0$Alarm,1.0717008799999803,0.0,1.0,1,310.6666666666667,257.3888888888889,926.0,306.0,Normal
ipcas_21:73:26,207,1,285,TIED23MEAS/LLN0$Measurement,1.0717035229999965,0.0,1.0,1,310.6666666666667,257.3888888888889,926.0,306.0,Normal
ipcas_21:73:26,150,1,286,TIED23CTRL/LLN0$Status,1.0536588319999964,0.0,1.0,1,309.3333333333333,258.1111111111111,929.0,306.8333333333333,Normal
ipcas_21:73:26,150,1,286,TIED23PROT/LLN0$Alarm,1.0535306799999944,0.0,1.0,1,309.3333333333333,258.1111111111111,929.0,306.8333333333333,Normal
ipcas_21:73:26,207,1,286,TIED23MEAS/LLN0$Measurement,1.0535280150000403,0.0,1.0,1,309.3333333333333,258.1111111111111,929.0,306.8333333333333,Normal
ipcas_21:73:26,150,1,287,TIED23CTRL/LLN0$Status,1.076569128000017,0.0,1.0,1,311.0,260.1666666666667,920.6666666666666,308.6666666666667,Normal
ipcas_21:73:26,150,1,287,TIED23PROT/LLN0$Alarm,1.076571649000016,0.0,1.0,1,311.0,260.1666666666667,920.6666666666666,308.6666666666667,Normal
ipcas_21:73:26,207,1,287,TIED23MEAS/LLN0$Measurement,1.0765721479999684,0.0,1.0,1,311.0,260.1666666666667,920.6666666666666,308.6666666666667,Normal
ipcas_21:73:26,150,1,288,TIED23CTRL/LLN0$Status,1.0615302530000008,0.0,1.0,1,309.0,259.11111111111114,923.0,307.3333333333333,Normal
ipcas_21:73:26,150,1,288,TIED23PROT/LLN0$Alarm,1.0615275170000018,0.0,1.0,1,309.0,259.11111111111114,923.0,307.3333333333333,Normal
ipcas_21:73:26,207,1,288,TIED23MEAS/LLN0$Measurement,1.0615271170000256,0.0,1.0,1,309.0,259.11111111111114,923.0,307.3333333333333,Normal
ipcas_21:73:26,150,1,289,TIED23CTRL/LLN0$Status,1.0564101680000135,0.0,1.0,1,309.3333333333333,257.72222222222223,917.3333333333334,307.3333333333333,Normal
ipcas_21:73:26,150,1,289,TIED23PROT/LLN0$Alarm,1.0564127320000125,0.0,1.0,1,309.3333333333333,257.72222222222223,917.3333333333334,307.3333333333333,Normal
ipcas_21:73:26,207,1,289,TIED23MEAS/LLN0$Measurement,1.056412970999986,0.0,1.0,1,309.3333333333333,257.72222222222223,917.3333333333334,307.3333333333333,Normal
ipcas_21:73:26,150,1,290,TIED23CTRL/LLN0$Status,1.0246853059999808,0.0,1.0,1,309.0,258.9444444444444,922.0,307.6666666666667,Normal
ipcas_21:73:26,150,1,290,TIED23PROT/LLN0$Alarm,1.0246825919999765,0.0,1.0,1,309.0,258.9444444444444,922.0,307.6666666666667,Normal
ipcas_21:73:26,207,1,290,TIED23MEAS/LLN0$Measurement,1.0246823439999844,0.0,1.0,1,309.0,258.9444444444444,922.0,307.6666666666667,Normal
ipcas_21:73:26,150,1,291,TIED23CTRL/LLN0$Status,1.0921942919999879,0.0,1.0,1,311.1666666666667,257.1111111111111,928.6666666666666,309.0,Normal
ipcas_21:73:26,150,1,291,TIED23PROT/LLN0$Alarm,1.0921915600000034,0.0,1.0,1,311.1666666666667,257.1111111111111,928.6666666666666,309.0,Normal
ipcas_21:73:26,207,1,291,TIED23MEAS/LLN0$Measurement,1.0921914539999875,0.0,1.0,1,311.1666666666667,257.1111111111111,928.6666666666666,309.0,Normal
ipcas_21:73:26,150,1,292,TIED23CTRL/LLN0$Status,1.0421078470000111,0.0,1.0,1,309.0,258.0555555555556,927.6666666666666,306.0,Normal
ipcas_21:73:26,150,1,292,TIED23PROT/LLN0$Alarm,1.042307433000019,0.0,1.0,1,309.0,258.0555555555556,927.6666666666666,306.0,Normal
ipcas_21:73:26,207,1,292,TIED23MEAS/LLN0$Measurement,1.0423114160000182,0.0,1.0,1,309.0,258.0555555555556,927.6666666666666,306.0,Normal
ipcas_21:73:26,150,1,293,TIED23CTRL/LLN0$Status,1.0639574300000163,0.0,1.0,1,311.3333333333333,258.5,927.3333333333334,307.0,Normal
ipcas_21:73:26,150,1,293,TIED23PROT/LLN0$Alarm,1.0638963339999918,0.0,1.0,1,311.3333333333333,258.5,927.3333333333334,307.0,Normal
ipcas_21:73:26,207,1,293,TIED23MEAS/LLN0$Measurement,1.0638948179999943,0.0,1.0,1,311.3333333333333,258.5,927.3333333333334,307.0,Normal
ipcas_21:73:26,150,1,294,TIED23CTRL/LLN0$Status,1.0619856589999586,0.0,1.0,1,313.3333333333333,256.6111111111111,920.0,310.8333333333333,Normal
ipcas_21:73:26,150,1,294,TIED23PROT/LLN0$Alarm,1.0618555529999867,0.0,1.0,1,313.3333333333333,256.6111111111111,920.0,310.8333333333333,Normal
ipcas_21:73:26,207,1,294,TIED23MEAS/LLN0$Measurement,1.0618535520000023,0.0,1.0,1,313.3333333333333,256.6111111111111,920.0,310.8333333333333,Normal
ipcas_21:73:26,150,1,295,TIED23CTRL/LLN0$Status,1.0525055390000375,0.0,1.0,1,309.8333333333333,258.3333333333333,927.6666666666666,309.8333333333333,Normal
ipcas_21:73:26,150,1,295,TIED23PROT/LLN0$Alarm,1.0528963869999757,0.0,1.0,1,309.8333333333333,258.3333333333333,927.6666666666666,309.8333333333333,Normal
ipcas_21:73:26,207,1,295,TIED23MEAS/LLN0$Measurement,1.0528996150000012,0.0,1.0,1,309.8333333333333,258.3333333333333,927.6666666666666,309.8333333333333,Normal
ipcas_21:73:26,150,1,296,TIED23CTRL/LLN0$Status,1.062439353000002,0.0,1.0,1,311.0,258.1111111111111,918.6666666666666,308.6666666666667,Normal
ipcas_21:73:26,150,1,296,TIED23PROT/LLN0$Alarm,1.062044727,0.0,1.0,1,311.0,258.1111111111111,918.6666666666666,308.6666666666667,Normal
ipcas_21:73:26,207,1,296,TIED23MEAS/LLN0$Measurement,1.062041292999993,0.0,1.0,1,311.0,258.1111111111111,918.6666666666666,308.6666666666667,Normal
ipcas_21:73:26,150,1,297,TIED23CTRL/LLN0$Status,1.0585956399999645,0.0,1.0,1,309.5,258.3333333333333,924.0,307.8333333333333,Normal
ipcas_21:73:26,150,1,297,TIED23PROT/LLN0$Alarm,1.0585910830000103,0.0,1.0,1,309.5,258.3333333333333,924.0,307.8333333333333,Normal
ipcas_21:73:26,207,1,297,TIED23MEAS/LLN0$Measurement,1.0585908030000155,0.0,1.0,1,309.5,258.3333333333333,924.0,307.8333333333333,Normal
ipcas_21:73:26,150,1,298,TIED23CTRL/LLN0$Status,1.042481007000049,0.0,1.0,1,308.1666666666667,259.0,915.6666666666666,307.3333333333333,Normal
ipcas_21:73:26,150,1,298,TIED23PROT/LLN0$Alarm,1.0424845539999978,0.0,1.0,1,308.1666666666667,259.0,915.6666666666666,307.3333333333333,Normal
ipcas_21:73:26,207,1,298,TIED23MEAS/LLN0$Measurement,1.0428711989999897,0.0,1.0,1,308.1666666666667,259.0,915.6666666666666,307.3333333333333,Normal
ipcas_21:73:26,150,1,299,TIED23CTRL/LLN0$Status,1.0774827059999552,0.0,1.0,1,309.6666666666667,258.3333333333333,933.0,308.6666666666667,Normal
ipcas_21:73:26,150,1,299,TIED23PROT/LLN0$Alarm,1.0774790830000143,0.0,1.0,1,309.6666666666667,258.3333333333333,933.0,308.6666666666667,Normal
ipcas_21:73:26,207,1,299,TIED23MEAS/LLN0$Measurement,1.0770923819999894,0.0,1.0,1,309.6666666666667,258.3333333333333,933.0,308.6666666666667,Normal
ipcas_21:73:26,150,1,300,TIED23CTRL/LLN0$Status,1.0405609000000027,0.0,1.0,1,310.5,256.5,916.3333333333334,307.6666666666667,Normal
ipcas_21:73:26,150,1,300,TIED23PROT/LLN0$Alarm,1.0408636010000123,0.0,1.0,1,310.5,256.5,916.3333333333334,307.6666666666667,Normal
ipcas_21:73:26,207,1,300,TIED23MEAS/LLN0$Measurement,1.0410962450000056,0.0,1.0,1,310.5,256.5,916.3333333333334,307.6666666666667,Normal
ipcas_21:73:26,150,1,301,TIED23CTRL/LLN0$Status,1.0612606630000414,0.0,1.0,1,307.0,256.1666666666667,932.0,307.8333333333333,Normal
ipcas_21:73:26,150,1,301,TIED23PROT/LLN0$Alarm,1.0609607779999806,0.0,1.0,1,307.0,256.1666666666667,932.0,307.8333333333333,Normal
ipcas_21:73:26,207,1,301,TIED23MEAS/LLN0$Measurement,1.060728394000023,0.0,1.0,1,307.0,256.1666666666667,932.0,307.8333333333333,Normal
ipcas_21:73:26,150,1,302,TIED23CTRL/LLN0$Status,1.0908250640000006,0.0,1.0,1,310.6666666666667,258.8333333333333,927.0,309.1666666666667,Normal
ipcas_21:73:26,150,1,302,TIED23PROT/LLN0$Alarm,1.090825757999994,0.0,1.0,1,310.6666666666667,258.8333333333333,927.0,309.1666666666667,Normal
ipcas_21:73:26,207,1,302,TIED23MEAS/LLN0$Measurement,1.0908257940000112,0.0,1.0,1,310.6666666666667,258.8333333333333,927.0,309.1666666666667,Normal
ipcas_21:73:26,150,1,303,TIED23CTRL/LLN0$Status,1.0577698709999481,0.0,1.0,1,309.1666666666667,256.3888888888889,924.6666666666666,306.0,Normal
ipcas_21:73:26,150,1,303,TIED23PROT/LLN0$Alarm,1.0579612779999934,0.0,1.0,1,309.1666666666667,256.3888888888889,924.6666666666666,306.0,Normal
ipcas_21:73:26,207,1,303,TIED23MEAS/LLN0$Measurement,1.058119750000003,0.0,1.0,1,309.1666666666667,256.3888888888889,924.6666666666666,306.0,Normal
ipcas_21:73:26,150,1,304,TIED23CTRL/LLN0$Status,1.0379799840000032,0.0,1.0,1,310.5,258.1111111111111,923.3333333333334,306.3333333333333,Normal
ipcas_21:73:26,150,1,304,TIED23PROT/LLN0$Alarm,1.0377917700000125,0.0,1.0,1,310.5,258.1111111111111,923.3333333333334,306.3333333333333,Normal
ipcas_21:73:26,207,1,304,TIED23MEAS/LLN0$Measurement,1.037633335999999,0.0,1.0,1,310.5,258.1111111111111,923.3333333333334,306.3333333333333,Normal
ipcas_21:73:26,150,1,305,TIED23CTRL/LLN0$Status,1.038274991000037,0.0,1.0,1,308.6666666666667,258.1666666666667,927.6666666666666,308.6666666666667,Normal
ipcas_21:73:26,150,1,305,TIED23PROT/LLN0$Alarm,1.0382753790000265,0.0,1.0,1,308.6666666666667,258.1666666666667,927.6666666666666,308.6666666666667,Normal
ipcas_21:73:26,207,1,305,TIED23MEAS/LLN0$Measurement,1.0382755129999737,0.0,1.0,1,308.6666666666667,258.1666666666667,927.6666666666666,308.6666666666667,Normal
ipcas_21:73:26,150,1,306,TIED23CTRL/LLN0$Status,1.0633811980000019,0.0,1.0,1,311.6666666666667,259.0,928.0,305.6666666666667,Normal
ipcas_21:73:26,150,1,306,TIED23PROT/LLN0$Alarm,1.063379895999958,0.0,1.0,1,311.6666666666667,259.0,928.0,305.6666666666667,Normal
ipcas_21:73:26,207,1,306,TIED23MEAS/LLN0$Measurement,1.0633796220000136,0.0,1.0,1,311.6666666666667,259.0,928.0,305.6666666666667,Normal
ipcas_21:73:26,150,1,307,TIED23CTRL/LLN0$Status,1.0741941729999667,0.0,1.0,1,310.1666666666667,259.9444444444444,924.6666666666666,309.1666666666667,Normal
ipcas_21:73:26,150,1,307,TIED23PROT/LLN0$Alarm,1.0741945620000024,0.0,1.0,1,310.1666666666667,259.9444444444444,924.6666666666666,309.1666666666667,Normal
ipcas_21:73:26,207,1,307,TIED23MEAS/LLN0$Measurement,1.074523972999998,0.0,1.0,1,310.1666666666667,259.9444444444444,924.6666666666666,309.1666666666667,Normal
ipcas_21:73:26,150,1,308,TIED23CTRL/LLN0$Status,1.0745914970000285,0.0,1.0,1,310.6666666666667,257.3333333333333,918.6666666666666,306.5,Normal
ipcas_21:73:26,150,1,308,TIED23PROT/LLN0$Alarm,1.0748829060000276,0.0,1.0,1,310.6666666666667,257.3333333333333,918.6666666666666,306.5,Normal
ipcas_21:73:26,207,1,308,TIED23MEAS/LLN0$Measurement,1.074758916999997,0.0,1.0,1,310.6666666666667,257.3333333333333,918.6666666666666,306.5,Normal
ipcas_21:73:26,150,1,309,TIED23CTRL/LLN0$Status,1.0606429949999665,0.0,1.0,1,307.8333333333333,258.5,926.0,308.8333333333333,Normal
ipcas_21:73:26,150,1,309,TIED23PROT/LLN0$Alarm,1.0605395439999938,0.0,1.0,1,307.8333333333333,258.5,926.0,308.8333333333333,Normal
ipcas_21:73:26,207,1,309,TIED23MEAS/LLN0$Measurement,1.060594210999966,0.0,1.0,1,307.8333333333333,258.5,926.0,308.8333333333333,Normal
ipcas_21:73:26,150,1,310,TIED23CTRL/LLN0$Status,1.0572627300000477,0.0,1.0,1,310.0,257.94444444444446,927.6666666666666,308.0,Normal
ipcas_21:73:26,150,1,310,TIED23PROT/LLN0$Alarm,1.0570769629999859,0.0,1.0,1,310.0,257.94444444444446,927.6666666666666,308.0,Normal
ipcas_21:73:26,207,1,310,TIED23MEAS/LLN0$Measurement,1.056817140000021,0.0,1.0,1,310.0,257.94444444444446,927.6666666666666,308.0,Normal
ipcas_21:73:26,150,1,311,TIED23CTRL/LLN0$Status,1.0683600639999895,0.0,1.0,1,307.5,256.77777777777777,923.6666666666666,306.0,Normal
ipcas_21:73:26,150,1,311,TIED23PROT/LLN0$Alarm,1.0683560190000208,0.0,1.0,1,307.5,256.77777777777777,923.6666666666666,306.0,Normal
ipcas_21:73:26,207,1,311,TIED23MEAS/LLN0$Measurement,1.0688865889999875,0.0,1.0,1,307.5,256.77777777777777,923.6666666666666,306.0,Normal
ipcas_21:73:26,150,1,312,TIED23CTRL/LLN0$Status,1.078367921999984,0.0,1.0,1,308.6666666666667,257.8888888888889,916.0,308.3333333333333,Normal
ipcas_21:73:26,150,1,312,TIED23PROT/LLN0$Alarm,1.078910628000017,0.0,1.0,1,308.6666666666667,257.8888888888889,916.0,308.3333333333333,Normal
ipcas_21:73:26,207,1,312,TIED23MEAS/LLN0$Measurement,1.078382032000036,0.0,1.0,1,308.6666666666667,257.8888888888889,916.0,308.3333333333333,Normal
ipcas_21:73:26,150,1,313,TIED23CTRL/LLN0$Status,1.0424339290000262,0.0,1.0,1,309.6666666666667,258.1111111111111,931.6666666666666,308.8333333333333,Normal
ipcas_21:73:26,150,1,313,TIED23PROT/LLN0$Alarm,1.0418929349999644,0.0,1.0,1,309.6666666666667,258.1111111111111,931.6666666666666,308.8333333333333,Normal
ipcas_21:73:26,207,1,313,TIED23MEAS/LLN0$Measurement,1.041890459000001,0.0,1.0,1,309.6666666666667,258.1111111111111,931.6666666666666,308.8333333333333,Normal
ipcas_21:73:26,150,1,314,TIED23CTRL/LLN0$Status,1.059565005999957,0.0,1.0,1,310.0,256.72222222222223,927.3333333333334,308.6666666666667,Normal
ipcas_21:73:26,150,1,314,TIED23PROT/LLN0$Alarm,1.059982257999991,0.0,1.0,1,310.0,256.72222222222223,927.3333333333334,308.6666666666667,Normal
ipcas_21:73:26,207,1,314,TIED23MEAS/LLN0$Measurement,1.0599845929999674,0.0,1.0,1,310.0,256.72222222222223,927.3333333333334,308.6666666666667,Normal
ipcas_21:73:26,150,1,315,TIED23CTRL/LLN0$Status,1.0384864940000398,0.0,1.0,1,311.6666666666667,257.0,922.0,310.3333333333333,Normal
ipcas_21:73:26,150,1,315,TIED23PROT/LLN0$Alarm,1.0380684020000217,0.0,1.0,1,311.6666666666667,257.0,922.0,310.3333333333333,Normal
ipcas_21:73:26,207,1,315,TIED23MEAS/LLN0$Measurement,1.0380663150000373,0.0,1.0,1,311.6666666666667,257.0,922.0,310.3333333333333,Normal
ipcas_21:73:26,150,1,316,TIED23CTRL/LLN0$Status,1.0490692949999811,0.0,1.0,1,310.0,258.27777777777777,928.0,308.5,Normal
ipcas_21:73:26,150,1,316,TIED23PROT/LLN0$Alarm,1.0495849110000108,0.0,1.0,1,310.0,258.27777777777777,928.0,308.5,Normal
ipcas_21:73:26,207,1,316,TIED23MEAS/LLN0$Measurement,1.049588225999969,0.0,1.0,1,310.0,258.27777777777777,928.0,308.5,Normal
ipcas_21:73:26,150,1,317,TIED23CTRL/LLN0$Status,1.0624514340000246,0.0,1.0,1,310.8333333333333,257.3888888888889,924.0,308.6666666666667,Normal
ipcas_21:73:26,150,1,317,TIED23PROT/LLN0$Alarm,1.061933243999988,0.0,1.0,1,310.8333333333333,257.3888888888889,924.0,308.6666666666667,Normal
ipcas_21:73:26,207,1,317,TIED23MEAS/LLN0$Measurement,1.0623137009999937,0.0,1.0,1,310.8333333333333,257.3888888888889,924.0,308.6666666666667,Normal
ipcas_21:73:26,150,1,318,TIED23CTRL/LLN0$Status,1.0331157809999922,0.0,1.0,1,309.6666666666667,257.6666666666667,921.0,309.6666666666667,Normal
ipcas_21:73:26,150,1,318,TIED23PROT/LLN0$Alarm,1.033121230000006,0.0,1.0,1,309.6666666666667,257.6666666666667,921.0,309.6666666666667,Normal
ipcas_21:73:26,207,1,318,TIED23MEAS/LLN0$Measurement,1.0327376380000146,0.0,1.0,1,309.6666666666667,257.6666666666667,921.0,309.6666666666667,Normal
ipcas_21:73:26,150,1,319,TIED23CTRL/LLN0$Status,1.0478756399999725,0.0,1.0,1,309.5,259.5,918.6666666666666,305.6666666666667,Normal
ipcas_21:73:26,150,1,319,TIED23PROT/LLN0$Alarm,1.047869989999981,0.0,1.0,1,309.5,259.5,918.6666666666666,305.6666666666667,Normal
ipcas_21:73:26,207,1,319,TIED23MEAS/LLN0$Measurement,1.0482126050000034,0.0,1.0,1,309.5,259.5,918.6666666666666,305.6666666666667,Normal
ipcas_21:73:26,150,1,320,TIED23CTRL/LLN0$Status,1.075273942000024,0.0,1.0,1,311.8333333333333,258.27777777777777,926.6666666666666,308.0,Normal
ipcas_21:73:26,150,1,320,TIED23PROT/LLN0$Alarm,1.075356972999998,0.0,1.0,1,311.8333333333333,258.27777777777777,926.6666666666666,308.0,Normal
ipcas_21:73:26,207,1,320,TIED23MEAS/LLN0$Measurement,1.0755336199999874,0.0,1.0,1,311.8333333333333,258.27777777777777,926.6666666666666,308.0,Normal
ipcas_21:73:26,150,1,321,TIED23CTRL/LLN0$Status,1.0839505959999656,0.0,1.0,1,310.1666666666667,258.3333333333333,920.6666666666666,305.8333333333333,Normal
ipcas_21:73:26,150,1,321,TIED23PROT/LLN0$Alarm,1.0838655040000162,0.0,1.0,1,310.1666666666667,258.3333333333333,920.6666666666666,305.8333333333333,Normal
ipcas_21:73:26,207,1,321,TIED23MEAS/LLN0$Measurement,1.0833463370000231,0.0,1.0,1,310.1666666666667,258.3333333333333,920.6666666666666,305.8333333333333,Normal
ipcas_21:73:26,150,1,322,TIED23CTRL/LLN0$Status,1.0205761029999962,0.0,1.0,1,311.5,257.6111111111111,921.6666666666666,305.6666666666667,Normal
ipcas_21:73:26,150,1,322,TIED23PROT/LLN0$Alarm,1.0205771830000003,0.0,1.0,1,311.5,257.6111111111111,921.6666666666666,305.6666666666667,Normal
ipcas_21:73:26,207,1,322,TIED23MEAS/LLN0$Measurement,1.0205832450000116,0.0,1.0,1,311.5,257.6111111111111,921.6666666666666,305.6666666666667,Normal
ipcas_21:73:26,150,1,323,TIED23CTRL/LLN0$Status,1.0269677010000464,0.0,1.0,1,310.3333333333333,259.8333333333333,929.3333333333334,309.5,Normal
ipcas_21:73:26,150,1,323,TIED23PROT/LLN0$Alarm,1.0270110409999802,0.0,1.0,1,310.3333333333333,259.8333333333333,929.3333333333334,309.5,Normal
ipcas_21:73:26,207,1,323,TIED23MEAS/LLN0$Measurement,1.0272682869999699,0.0,1.0,1,310.3333333333333,259.8333333333333,929.3333333333334,309.5,Normal
ipcas_21:73:26,150,1,324,TIED23CTRL/LLN0$Status,1.0717654789999642,0.0,1.0,1,310.1666666666667,257.22222222222223,930.3333333333334,308.3333333333333,Normal
ipcas_21:73:26,150,1,324,TIED23PROT/LLN0$Alarm,1.0722121560000346,0.0,1.0,1,310.1666666666667,257.22222222222223,930.3333333333334,308.3333333333333,Normal
ipcas_21:73:26,207,1,324,TIED23MEAS/LLN0$Measurement,1.0728339319999805,0.0,1.0,1,310.1666666666667,257.22222222222223,930.3333333333334,308.3333333333333,Normal
ipcas_21:73:26,150,1,325,TIED23CTRL/LLN0$Status,1.0891995990000396,0.0,1.0,1,309.1666666666667,258.5555555555556,923.3333333333334,306.8333333333333,Normal
ipcas_21:73:26,150,1,325,TIED23PROT/LLN0$Alarm,1.0887119660000053,0.0,1.0,1,309.1666666666667,258.5555555555556,923.3333333333334,306.8333333333333,Normal
ipcas_21:73:26,207,1,325,TIED23MEAS/LLN0$Measurement,1.0878267550000373,0.0,1.0,1,309.1666666666667,258.5555555555556,923.3333333333334,306.8333333333333,Normal
ipcas_21:73:26,150,1,326,TIED23CTRL/LLN0$Status,1.0585274379999987,0.0,1.0,1,308.5,258.22222222222223,921.6666666666666,308.6666666666667,Normal
ipcas_21:73:26,150,1,326,TIED23PROT/LLN0$Alarm,1.058533056999977,0.0,1.0,1,308.5,258.22222222222223,921.6666666666666,308.6666666666667,Normal
ipcas_21:73:26,207,1,326,TIED23MEAS/LLN0$Measurement,1.0585331579999888,0.0,1.0,1,308.5,258.22222222222223,921.6666666666666,308.6666666666667,Normal
ipcas_21:73:26,150,1,327,TIED23CTRL/LLN0$Status,1.0690928049999684,0.0,1.0,1,311.1666666666667,258.38888888888886,925.0,309.1666666666667,Normal
ipcas_21:73:26,150,1,327,TIED23PROT/LLN0$Alarm,1.0694623050000018,0.0,1.0,1,311.1666666666667,258.38888888888886,925.0,309.1666666666667,Normal
ipcas_21:73:26,207,1,327,TIED23MEAS/LLN0$Measurement,1.0694642660000113,0.0,1.0,1,311.1666666666667,258.38888888888886,925.0,309.1666666666667,Normal
ipcas_21:73:26,150,1,328,TIED23CTRL/LLN0$Status,1.0604501550000123,0.0,1.0,1,311.1666666666667,259.5,924.3333333333334,305.8333333333333,Normal
ipcas_21:73:26,150,1,328,TIED23PROT/LLN0$Alarm,1.060076745999993,0.0,1.0,1,311.1666666666667,259.5,924.3333333333334,305.8333333333333,Normal
ipcas_21:73:26,207,1,328,TIED23MEAS/LLN0$Measurement,1.0602753879999796,0.0,1.0,1,311.1666666666667,259.5,924.3333333333334,305.8333333333333,Normal
ipcas_21:73:26,150,1,329,TIED23CTRL/LLN0$Status,1.0450176570000167,0.0,1.0,1,307.6666666666667,258.27777777777777,920.6666666666666,307.5,Normal
ipcas_21:73:26,150,1,329,TIED23PROT/LLN0$Alarm,1.0450176900000088,0.0,1.0,1,307.6666666666667,258.27777777777777,920.6666666666666,307.5,Normal
ipcas_21:73:26,207,1,329,TIED23MEAS/LLN0$Measurement,1.0451739289999864,0.0,1.0,1,307.6666666666667,258.27777777777777,920.6666666666666,307.5,Normal
ipcas_21:73:26,150,1,330,TIED23CTRL/LLN0$Status,1.0614962279999531,0.0,1.0,1,311.3333333333333,259.0,921.3333333333334,308.5,Normal
ipcas_21:73:26,150,1,330,TIED23PROT/LLN0$Alarm,1.0614938819999793,0.0,1.0,1,311.3333333333333,259.0,921.3333333333334,308.5,Normal
ipcas_21:73:26,207,1,330,TIED23MEAS/LLN0$Measurement,1.061362693000035,0.0,1.0,1,311.3333333333333,259.0,921.3333333333334,308.5,Normal
ipcas_21:73:26,150,1,331,TIED23CTRL/LLN0$Status,1.0724177110000142,0.0,1.0,1,310.5,256.6666666666667,923.6666666666666,307.8333333333333,Normal
ipcas_21:73:26,150,1,331,TIED23PROT/LLN0$Alarm,1.0724233450000042,0.0,1.0,1,310.5,256.6666666666667,923.6666666666666,307.8333333333333,Normal
ipcas_21:73:26,207,1,331,TIED23MEAS/LLN0$Measurement,1.0721979109999893,0.0,1.0,1,310.5,256.6666666666667,923.6666666666666,307.8333333333333,Normal
ipcas_21:73:26,150,1,332,TIED23CTRL/LLN0$Status,1.0694033089999948,0.0,1.0,1,310.3333333333333,258.38888888888886,920.6666666666666,306.0,Normal
ipcas_21:73:26,150,1,332,TIED23PROT/LLN0$Alarm,1.0694010710000157,0.0,1.0,1,310.3333333333333,258.38888888888886,920.6666666666666,306.0,Normal
ipcas_21:73:26,207,1,332,TIED23MEAS/LLN0$Measurement,1.0694005619999984,0.0,1.0,1,310.3333333333333,258.38888888888886,920.6666666666666,306.0,Normal
ipcas_21:73:26,150,1,333,TIED23CTRL/LLN0$Status,1.067160412000021,0.0,1.0,1,309.6666666666667,257.2777777777778,924.3333333333334,307.8333333333333,Normal
ipcas_21:73:26,150,1,333,TIED23PROT/LLN0$Alarm,1.0676104760000271,0.0,1.0,1,309.6666666666667,257.2777777777778,924.3333333333334,307.8333333333333,Normal
ipcas_21:73:26,207,1,333,TIED23MEAS/LLN0$Measurement,1.0676132400000142,0.0,1.0,1,309.6666666666667,257.2777777777778,924.3333333333334,307.8333333333333,Normal
ipcas_21:73:26,150,1,334,TIED23CTRL/LLN0$Status,1.0743964619999815,0.0,1.0,1,309.3333333333333,259.61111111111114,927.0,307.1666666666667,Normal
ipcas_21:73:26,150,1,334,TIED23PROT/LLN0$Alarm,1.0739475519999928,0.0,1.0,1,309.3333333333333,259.61111111111114,927.0,307.1666666666667,Normal
ipcas_21:73:26,207,1,334,TIED23MEAS/LLN0$Measurement,1.0739452930000084,0.0,1.0,1,309.3333333333333,259.61111111111114,927.0,307.1666666666667,Normal
ipcas_21:73:26,150,1,335,TIED23CTRL/LLN0$Status,1.058563262000007,0.0,1.0,1,310.5,257.3888888888889,919.6666666666666,308.6666666666667,Normal
ipcas_21:73:26,150,1,335,TIED23PROT/LLN0$Alarm,1.0585584140000037,0.0,1.0,1,310.5,257.3888888888889,919.6666666666666,308.6666666666667,Normal
ipcas_21:73:26,207,1,335,TIED23MEAS/LLN0$Measurement,1.0585585579999588,0.0,1.0,1,310.5,257.3888888888889,919.6666666666666,308.6666666666667,Normal
ipcas_21:73:26,150,1,336,TIED23CTRL/LLN0$Status,1.055402851999986,0.0,1.0,1,314.1666666666667,257.8333333333333,923.0,308.0,Normal
ipcas_21:73:26,150,1,336,TIED23PROT/LLN0$Alarm,1.055979724999986,0.0,1.0,1,314.1666666666667,257.8333333333333,923.0,308.0,Normal
ipcas_21:73:26,207,1,336,TIED23MEAS/LLN0$Measurement,1.0559821150000062,0.0,1.0,1,314.1666666666667,257.8333333333333,923.0,308.0,Normal
ipcas_21:73:26,150,1,337,TIED23CTRL/LLN0$Status,1.069528455000011,0.0,1.0,1,309.1666666666667,257.3333333333333,927.0,309.0,Normal
ipcas_21:73:26,150,1,337,TIED23PROT/LLN0$Alarm,1.0689516989999674,0.0,1.0,1,309.1666666666667,257.3333333333333,927.0,309.0,Normal
ipcas_21:73:26,207,1,337,TIED23MEAS/LLN0$Measurement,1.069031712000026,0.0,1.0,1,309.1666666666667,257.3333333333333,927.0,309.0,Normal
ipcas_21:73:26,150,1,338,TIED23CTRL/LLN0$Status,1.0723032299999886,0.0,1.0,1,309.0,258.27777777777777,924.0,306.8333333333333,Normal
ipcas_21:73:26,150,1,338,TIED23PROT/LLN0$Alarm,1.0723021190000281,0.0,1.0,1,309.0,258.27777777777777,924.0,306.8333333333333,Normal
ipcas_21:73:26,207,1,338,TIED23MEAS/LLN0$Measurement,1.0725431029999868,0.0,1.0,1,309.0,258.27777777777777,924.0,306.8333333333333,Normal
ipcas_21:73:26,150,1,339,TIED23CTRL/LLN0$Status,1.0653096330000267,0.0,1.0,1,308.8333333333333,259.3333333333333,922.3333333333334,307.5,Normal
ipcas_21:73:26,150,1,339,TIED23PROT/LLN0$Alarm,1.065527540000005,0.0,1.0,1,308.8333333333333,259.3333333333333,922.3333333333334,307.5,Normal
ipcas_21:73:26,207,1,339,TIED23MEAS/LLN0$Measurement,1.0653489200000195,0.0,1.0,1,308.8333333333333,259.3333333333333,922.3333333333334,307.5,Normal
ipcas_21:73:26,150,1,340,TIED23CTRL/LLN0$Status,1.0779370829999948,0.0,1.0,1,308.6666666666667,258.1111111111111,922.6666666666666,307.8333333333333,Normal
ipcas_21:73:26,150,1,340,TIED23PROT/LLN0$Alarm,1.077723419999984,0.0,1.0,1,308.6666666666667,258.1111111111111,922.6666666666666,307.8333333333333,Normal
ipcas_21:73:26,207,1,340,TIED23MEAS/LLN0$Measurement,1.077578333999952,0.0,1.0,1,308.6666666666667,258.1111111111111,922.6666666666666,307.8333333333333,Normal
ipcas_21:73:26,150,1,341,TIED23CTRL/LLN0$Status,1.0909795059999965,0.0,1.0,1,311.3333333333333,258.3333333333333,921.3333333333334,309.3333333333333,Normal
ipcas_21:73:26,150,1,341,TIED23PROT/LLN0$Alarm,1.090973219000034,0.0,1.0,1,311.3333333333333,258.3333333333333,921.3333333333334,309.3333333333333,Normal
ipcas_21:73:26,207,1,341,TIED23MEAS/LLN0$Measurement,1.0909731690000513,0.0,1.0,1,311.3333333333333,258.3333333333333,921.3333333333334,309.3333333333333,Normal
ipcas_21:73:26,150,1,342,TIED23CTRL/LLN0$Status,1.0757344200000034,0.0,1.0,1,310.1666666666667,258.8333333333333,919.3333333333334,307.8333333333333,Normal
ipcas_21:73:26,150,1,342,TIED23PROT/LLN0$Alarm,1.0760699229999773,0.0,1.0,1,310.1666666666667,258.8333333333333,919.3333333333334,307.8333333333333,Normal
ipcas_21:73:26,207,1,342,TIED23MEAS/LLN0$Measurement,1.0760725689999617,0.0,1.0,1,310.1666666666667,258.8333333333333,919.3333333333334,307.8333333333333,Normal
ipcas_21:73:26,150,1,343,TIED23CTRL/LLN0$Status,1.0626138800000149,0.0,1.0,1,311.0,258.72222222222223,922.3333333333334,306.8333333333333,Normal
ipcas_21:73:26,150,1,343,TIED23PROT/LLN0$Alarm,1.062283734999994,0.0,1.0,1,311.0,258.72222222222223,922.3333333333334,306.8333333333333,Normal
ipcas_21:73:26,207,1,343,TIED23MEAS/LLN0$Measurement,1.0622813360000123,0.0,1.0,1,311.0,258.72222222222223,922.3333333333334,306.8333333333333,Normal
ipcas_21:73:26,150,1,344,TIED23CTRL/LLN0$Status,1.0626410439999745,0.0,1.0,1,309.8333333333333,258.3888888888889,925.6666666666666,306.8333333333333,Normal
ipcas_21:73:26,150,1,344,TIED23PROT/LLN0$Alarm,1.0626362749999885,0.0,1.0,1,309.8333333333333,258.3888888888889,925.6666666666666,306.8333333333333,Normal
ipcas_21:73:26,207,1,344,TIED23MEAS/LLN0$Measurement,1.0626357080000162,0.0,1.0,1,309.8333333333333,258.3888888888889,925.6666666666666,306.8333333333333,Normal
ipcas_21:73:26,150,1,345,TIED23CTRL/LLN0$Status,1.0885628519999955,0.0,1.0,1,310.3333333333333,257.6666666666667,924.0,311.5,Normal
ipcas_21:73:26,150,1,345,TIED23PROT/LLN0$Alarm,1.0885627300000351,0.0,1.0,1,310.3333333333333,257.6666666666667,924.0,311.5,Normal
ipcas_21:73:26,207,1,345,TIED23MEAS/LLN0$Measurement,1.0885627199999703,0.0,1.0,1,310.3333333333333,257.6666666666667,924.0,311.5,Normal
ipcas_21:73:26,150,1,346,TIED23CTRL/LLN0$Status,1.0635528010000144,0.0,1.0,1,309.6666666666667,259.0,926.0,306.0,Normal
ipcas_21:73:26,150,1,346,TIED23PROT/LLN0$Alarm,1.0647415429999683,0.0,1.0,1,309.6666666666667,259.0,926.0,306.0,Normal
ipcas_21:73:26,207,1,346,TIED23MEAS/LLN0$Measurement,1.06474704499999,0.0,1.0,1,309.6666666666667,259.0,926.0,306.0,Normal
ipcas_21:73:26,150,1,347,TIED23CTRL/LLN0$Status,1.0629984450000052,0.0,1.0,1,309.6666666666667,257.6111111111111,928.6666666666666,309.3333333333333,Normal
ipcas_21:73:26,150,1,347,TIED23PROT/LLN0$Alarm,1.0618101910000064,0.0,1.0,1,309.6666666666667,257.6111111111111,928.6666666666666,309.3333333333333,Normal
ipcas_21:73:26,207,1,347,TIED23MEAS/LLN0$Measurement,1.0618045049999978,0.0,1.0,1,309.6666666666667,257.6111111111111,928.6666666666666,309.3333333333333,Normal
ipcas_21:73:26,150,1,348,TIED23CTRL/LLN0$Status,1.0402283290000014,0.0,1.0,1,309.5,258.3333333333333,932.6666666666666,307.8333333333333,Normal
ipcas_21:73:26,150,1,348,TIED23PROT/LLN0$Alarm,1.0402275740000277,0.0,1.0,1,309.5,258.3333333333333,932.6666666666666,307.8333333333333,Normal
ipcas_21:73:26,207,1,348,TIED23MEAS/LLN0$Measurement,1.040228007000053,0.0,1.0,1,309.5,258.3333333333333,932.6666666666666,307.8333333333333,Normal
ipcas_21:73:26,150,1,349,TIED23CTRL/LLN0$Status,1.0650207680000108,0.0,1.0,1,310.8333333333333,256.77777777777777,923.3333333333334,307.6666666666667,Normal
ipcas_21:73:26,150,1,349,TIED23PROT/LLN0$Alarm,1.065020724999954,0.0,1.0,1,310.8333333333333,256.77777777777777,923.3333333333334,307.6666666666667,Normal
ipcas_21:73:26,207,1,349,TIED23MEAS/LLN0$Measurement,1.065021091999995,0.0,1.0,1,310.8333333333333,256.77777777777777,923.3333333333334,307.6666666666667,Normal
ipcas_21:73:26,150,1,350,TIED23CTRL/LLN0$Status,1.0769386359999658,0.0,1.0,1,310.6666666666667,258.6111111111111,925.6666666666666,306.1666666666667,Normal
ipcas_21:73:26,150,1,350,TIED23PROT/LLN0$Alarm,1.0770475959999999,0.0,1.0,1,310.6666666666667,258.6111111111111,925.6666666666666,306.1666666666667,Normal
ipcas_21:73:26,207,1,350,TIED23MEAS/LLN0$Measurement,1.077049316,0.0,1.0,1,310.6666666666667,258.6111111111111,925.6666666666666,306.1666666666667,Normal
ipcas_21:73:26,150,1,351,TIED23CTRL/LLN0$Status,1.0637657309999895,0.0,1.0,1,310.5,257.88888888888886,925.3333333333334,309.8333333333333,Normal
ipcas_21:73:26,150,1,351,TIED23PROT/LLN0$Alarm,1.0636646730000052,0.0,1.0,1,310.5,257.88888888888886,925.3333333333334,309.8333333333333,Normal
ipcas_21:73:26,207,1,351,TIED23MEAS/LLN0$Measurement,1.0636625889999891,0.0,1.0,1,310.5,257.88888888888886,925.3333333333334,309.8333333333333,Normal
ipcas_21:73:26,150,1,352,TIED23CTRL/LLN0$Status,1.0290973580000013,0.0,1.0,1,310.0,258.0,916.0,305.8333333333333,Normal
ipcas_21:73:26,150,1,352,TIED23PROT/LLN0$Alarm,1.0290894430000321,0.0,1.0,1,310.0,258.0,916.0,305.8333333333333,Normal
ipcas_21:73:26,207,1,352,TIED23MEAS/LLN0$Measurement,1.0290893810000057,0.0,1.0,1,310.0,258.0,916.0,305.8333333333333,Normal
ipcas_21:73:26,150,1,353,TIED23CTRL/LLN0$Status,1.06599686200002,0.0,1.0,1,310.3333333333333,258.6111111111111,916.3333333333334,305.1666666666667,Normal
ipcas_21:73:26,150,1,353,TIED23PROT/LLN0$Alarm,1.066006047999963,0.0,1.0,1,310.3333333333333,258.6111111111111,916.3333333333334,305.1666666666667,Normal
ipcas_21:73:26,207,1,353,TIED23MEAS/LLN0$Measurement,1.0660064319999947,0.0,1.0,1,310.3333333333333,258.6111111111111,916.3333333333334,305.1666666666667,Normal
ipcas_21:73:26,150,1,354,TIED23CTRL/LLN0$Status,1.0509773850000101,0.0,1.0,1,312.3333333333333,258.77777777777777,926.3333333333334,310.0,Normal
ipcas_21:73:26,150,1,354,TIED23PROT/LLN0$Alarm,1.0509763190000285,0.0,1.0,1,312.3333333333333,258.77777777777777,926.3333333333334,310.0,Normal
ipcas_21:73:26,207,1,354,TIED23MEAS/LLN0$Measurement,1.050975932999961,0.0,1.0,1,312.3333333333333,258.77777777777777,926.3333333333334,310.0,Normal
ipcas_21:73:26,150,1,355,TIED23CTRL/LLN0$Status,1.0628149400000098,0.0,1.0,1,309.3333333333333,257.0,924.0,311.8333333333333,Normal
ipcas_21:73:26,150,1,355,TIED23PROT/LLN0$Alarm,1.0628071309999996,0.0,1.0,1,309.3333333333333,257.0,924.0,311.8333333333333,Normal
ipcas_21:73:26,207,1,355,TIED23MEAS/LLN0$Measurement,1.0628072620000353,0.0,1.0,1,309.3333333333333,257.0,924.0,311.8333333333333,Normal
ipcas_21:73:26,150,1,356,TIED23CTRL/LLN0$Status,1.0922473809999929,0.0,1.0,1,310.3333333333333,257.8333333333333,925.0,310.8333333333333,Normal
ipcas_21:73:26,150,1,356,TIED23PROT/LLN0$Alarm,1.0922533849999922,0.0,1.0,1,310.3333333333333,257.8333333333333,925.0,310.8333333333333,Normal
ipcas_21:73:26,207,1,356,TIED23MEAS/LLN0$Measurement,1.0922533789999989,0.0,1.0,1,310.3333333333333,257.8333333333333,925.0,310.8333333333333,Normal
ipcas_21:73:26,150,1,357,TIED23CTRL/LLN0$Status,1.0632916719999912,0.0,1.0,1,309.6666666666667,257.77777777777777,920.0,308.3333333333333,Normal
ipcas_21:73:26,150,1,357,TIED23PROT/LLN0$Alarm,1.063291664000019,0.0,1.0,1,309.6666666666667,257.77777777777777,920.0,308.3333333333333,Normal
ipcas_21:73:26,207,1,357,TIED23MEAS/LLN0$Measurement,1.0632914459999938,0.0,1.0,1,309.6666666666667,257.77777777777777,920.0,308.3333333333333,Normal
ipcas_21:73:26,150,1,358,TIED23CTRL/LLN0$Status,1.041931653000006,0.0,1.0,1,310.1666666666667,256.3333333333333,924.3333333333334,308.1666666666667,Normal
ipcas_21:73:26,150,1,358,TIED23PROT/LLN0$Alarm,1.0419307909999702,0.0,1.0,1,310.1666666666667,256.3333333333333,924.3333333333334,308.1666666666667,Normal
ipcas_21:73:26,207,1,358,TIED23MEAS/LLN0$Measurement,1.0419359929999814,0.0,1.0,1,310.1666666666667,256.3333333333333,924.3333333333334,308.1666666666667,Normal
ipcas_21:73:26,150,1,359,TIED23CTRL/LLN0$Status,1.0327798910000183,0.0,1.0,1,310.3333333333333,259.1666666666667,927.6666666666666,307.1666666666667,Normal
ipcas_21:73:26,150,1,359,TIED23PROT/LLN0$Alarm,1.0332981829999994,0.0,1.0,1,310.3333333333333,259.1666666666667,927.6666666666666,307.1666666666667,Normal
ipcas_21:73:26,207,1,359,TIED23MEAS/LLN0$Measurement,1.033294312999999,0.0,1.0,1,310.3333333333333,259.1666666666667,927.6666666666666,307.1666666666667,Normal
ipcas_21:73:26,150,1,360,TIED23CTRL/LLN0$Status,1.0418638829999622,0.0,1.0,1,309.8333333333333,259.3333333333333,920.6666666666666,310.6666666666667,Normal
ipcas_21:73:26,150,1,360,TIED23PROT/LLN0$Alarm,1.0413482100000238,0.0,1.0,1,309.8333333333333,259.3333333333333,920.6666666666666,310.6666666666667,Normal
ipcas_21:73:26,207,1,360,TIED23MEAS/LLN0$Measurement,1.041347180999992,0.0,1.0,1,309.8333333333333,259.3333333333333,920.6666666666666,310.6666666666667,Normal
ipcas_21:73:26,150,1,361,TIED23CTRL/LLN0$Status,1.059682424000016,0.0,1.0,1,309.3333333333333,257.72222222222223,926.0,310.3333333333333,Normal
ipcas_21:73:26,150,1,361,TIED23PROT/LLN0$Alarm,1.0607339700000011,0.0,1.0,1,309.3333333333333,257.72222222222223,926.0,310.3333333333333,Normal
ipcas_21:73:26,207,1,361,TIED23MEAS/LLN0$Measurement,1.060736701000053,0.0,1.0,1,309.3333333333333,257.72222222222223,926.0,310.3333333333333,Normal
ipcas_21:73:26,150,1,362,TIED23CTRL/LLN0$Status,1.044407595999985,0.0,1.0,1,308.8333333333333,258.0555555555556,923.6666666666666,307.8333333333333,Normal
ipcas_21:73:26,150,1,362,TIED23PROT/LLN0$Alarm,1.0433542669999838,0.0,1.0,1,308.8333333333333,258.0555555555556,923.6666666666666,307.8333333333333,Normal
ipcas_21:73:26,207,1,362,TIED23MEAS/LLN0$Measurement,1.043351255999994,0.0,1.0,1,308.8333333333333,258.0555555555556,923.6666666666666,307.8333333333333,Normal
ipcas_21:73:26,150,1,363,TIED23CTRL/LLN0$Status,1.0819869400000357,0.0,1.0,1,312.8333333333333,259.0555555555556,922.6666666666666,307.0,Normal
ipcas_21:73:26,150,1,363,TIED23PROT/LLN0$Alarm,1.0819987550000292,0.0,1.0,1,312.8333333333333,259.0555555555556,922.6666666666666,307.0,Normal
ipcas_21:73:26,207,1,363,TIED23MEAS/LLN0$Measurement,1.0828449819999832,0.0,1.0,1,312.8333333333333,259.0555555555556,922.6666666666666,307.0,Normal
ipcas_21:73:26,150,1,364,TIED23CTRL/LLN0$Status,1.0776871449999703,0.0,1.0,1,308.5,258.94444444444446,921.0,311.0,Normal
ipcas_21:73:26,150,1,364,TIED23PROT/LLN0$Alarm,1.0780612969999765,0.0,1.0,1,308.5,258.94444444444446,921.0,311.0,Normal
ipcas_21:73:26,207,1,364,TIED23MEAS/LLN0$Measurement,1.0772187989999793,0.0,1.0,1,308.5,258.94444444444446,921.0,311.0,Normal
ipcas_21:73:26,150,1,365,TIED23CTRL/LLN0$Status,1.0648096180000266,0.0,1.0,1,310.3333333333333,255.38888888888889,928.6666666666666,305.0,Normal
ipcas_21:73:26,150,1,365,TIED23PROT/LLN0$Alarm,1.0644204490000106,0.0,1.0,1,310.3333333333333,255.38888888888889,928.6666666666666,305.0,Normal
ipcas_21:73:26,207,1,365,TIED23MEAS/LLN0$Measurement,1.064524476000031,0.0,1.0,1,310.3333333333333,255.38888888888889,928.6666666666666,305.0,Normal
ipcas_21:73:26,150,1,366,TIED23CTRL/LLN0$Status,1.0742357819999597,0.0,1.0,1,310.1666666666667,258.6111111111111,927.0,306.3333333333333,Normal
ipcas_21:73:26,150,1,366,TIED23PROT/LLN0$Alarm,1.0742385130000116,0.0,1.0,1,310.1666666666667,258.6111111111111,927.0,306.3333333333333,Normal
ipcas_21:73:26,207,1,366,TIED23MEAS/LLN0$Measurement,1.0744255189999876,0.0,1.0,1,310.1666666666667,258.6111111111111,927.0,306.3333333333333,Normal
ipcas_21:73:26,150,1,367,TIED23CTRL/LLN0$Status,1.0380922890000193,0.0,1.0,1,313.6666666666667,256.4444444444445,920.0,307.6666666666667,Normal
ipcas_21:73:26,150,1,367,TIED23PROT/LLN0$Alarm,1.038089259000003,0.0,1.0,1,313.6666666666667,256.4444444444445,920.0,307.6666666666667,Normal
ipcas_21:73:26,207,1,367,TIED23MEAS/LLN0$Measurement,1.03779511099998,0.0,1.0,1,313.6666666666667,256.4444444444445,920.0,307.6666666666667,Normal
ipcas_21:73:26,150,1,368,TIED23CTRL/LLN0$Status,1.0595568319999984,0.0,1.0,1,308.0,258.1666666666667,919.3333333333334,306.8333333333333,Normal
ipcas_21:73:26,150,1,368,TIED23PROT/LLN0$Alarm,1.0595539729999928,0.0,1.0,1,308.0,258.1666666666667,919.3333333333334,306.8333333333333,Normal
ipcas_21:73:26,207,1,368,TIED23MEAS/LLN0$Measurement,1.0595533890000297,0.0,1.0,1,308.0,258.1666666666667,919.3333333333334,306.8333333333333,Normal
ipcas_21:73:26,150,1,369,TIED23CTRL/LLN0$Status,1.0724828529999968,0.0,1.0,1,310.5,257.9444444444444,916.0,307.1666666666667,Normal
ipcas_21:73:26,150,1,369,TIED23PROT/LLN0$Alarm,1.0724830789999942,0.0,1.0,1,310.5,257.9444444444444,916.0,307.1666666666667,Normal
ipcas_21:73:26,207,1,369,TIED23MEAS/LLN0$Measurement,1.0724826919999941,0.0,1.0,1,310.5,257.9444444444444,916.0,307.1666666666667,Normal
ipcas_21:73:26,150,1,370,TIED23CTRL/LLN0$Status,1.065075405000016,0.0,1.0,1,310.6666666666667,257.9444444444444,927.6666666666666,309.0,Normal
ipcas_21:73:26,150,1,370,TIED23PROT/LLN0$Alarm,1.0653771929999607,0.0,1.0,1,310.6666666666667,257.9444444444444,927.6666666666666,309.0,Normal
ipcas_21:73:26,207,1,370,TIED23MEAS/LLN0$Measurement,1.065588412000011,0.0,1.0,1,310.6666666666667,257.9444444444444,927.6666666666666,309.0,Normal
ipcas_21:73:26,150,1,371,TIED23CTRL/LLN0$Status,1.0666747209999698,0.0,1.0,1,309.1666666666667,258.77777777777777,930.0,307.8333333333333,Normal
ipcas_21:73:26,150,1,371,TIED23PROT/LLN0$Alarm,1.0663752890000069,0.0,1.0,1,309.1666666666667,258.77777777777777,930.0,307.8333333333333,Normal
ipcas_21:73:26,207,1,371,TIED23MEAS/LLN0$Measurement,1.0661642189999725,0.0,1.0,1,309.1666666666667,258.77777777777777,930.0,307.8333333333333,Normal
ipcas_21:73:26,150,1,372,TIED23CTRL/LLN0$Status,1.0389035400000353,0.0,1.0,1,309.3333333333333,257.8333333333333,923.6666666666666,307.0,Normal
ipcas_21:73:26,150,1,372,TIED23PROT/LLN0$Alarm,1.0389011490000257,0.0,1.0,1,309.3333333333333,257.8333333333333,923.6666666666666,307.0,Normal
ipcas_21:73:26,207,1,372,TIED23MEAS/LLN0$Measurement,1.0389010160000112,0.0,1.0,1,309.3333333333333,257.8333333333333,923.6666666666666,307.0,Normal
ipcas_21:73:26,150,1,373,TIED23CTRL/LLN0$Status,1.0810575779999567,0.0,1.0,1,308.1666666666667,258.3333333333333,921.3333333333334,305.5,Normal
ipcas_21:73:26,150,1,373,TIED23PROT/LLN0$Alarm,1.0813349999999673,0.0,1.0,1,308.1666666666667,258.3333333333333,921.3333333333334,305.5,Normal
ipcas_21:73:26,207,1,373,TIED23MEAS/LLN0$Measurement,1.0813380299999835,0.0,1.0,1,308.1666666666667,258.3333333333333,921.3333333333334,305.5,Normal
ipcas_21:73:26,150,1,374,TIED23CTRL/LLN0$Status,1.059831167000027,0.0,1.0,1,309.6666666666667,257.77777777777777,922.0,305.5,Normal
ipcas_21:73:26,150,1,374,TIED23PROT/LLN0$Alarm,1.0602602900000306,0.0,1.0,1,309.6666666666667,257.77777777777777,922.0,305.5,Normal
ipcas_21:73:26,207,1,374,TIED23MEAS/LLN0$Measurement,1.0602594490000001,0.0,1.0,1,309.6666666666667,257.77777777777777,922.0,305.5,Normal
ipcas_21:73:26,150,1,375,TIED23CTRL/LLN0$Status,1.0469319260000134,0.0,1.0,1,310.1666666666667,258.0,924.6666666666666,307.8333333333333,Normal
ipcas_21:73:26,150,1,375,TIED23PROT/LLN0$Alarm,1.0462254440000152,0.0,1.0,1,310.1666666666667,258.0,924.6666666666666,307.8333333333333,Normal
ipcas_21:73:26,207,1,375,TIED23MEAS/LLN0$Measurement,1.0462271760000021,0.0,1.0,1,310.1666666666667,258.0,924.6666666666666,307.8333333333333,Normal
ipcas_21:73:26,150,1,376,TIED23CTRL/LLN0$Status,1.0587962909999646,0.0,1.0,1,310.1666666666667,258.0,926.0,310.6666666666667,Normal
ipcas_21:73:26,150,1,376,TIED23PROT/LLN0$Alarm,1.0588019599999825,0.0,1.0,1,310.1666666666667,258.0,926.0,310.6666666666667,Normal
ipcas_21:73:26,207,1,376,TIED23MEAS/LLN0$Measurement,1.0587983510000072,0.0,1.0,1,310.1666666666667,258.0,926.0,310.6666666666667,Normal
ipcas_21:73:26,150,1,377,TIED23CTRL/LLN0$Status,1.1154591610000466,0.0,1.0,1,310.6666666666667,258.1666666666667,924.0,307.3333333333333,Normal
ipcas_21:73:26,150,1,377,TIED23PROT/LLN0$Alarm,1.1154840830000126,0.0,1.0,1,310.6666666666667,258.1666666666667,924.0,307.3333333333333,Normal
ipcas_21:73:26,207,1,377,TIED23MEAS/LLN0$Measurement,1.115596303000018,0.0,1.0,1,310.6666666666667,258.1666666666667,924.0,307.3333333333333,Normal
ipcas_21:73:26,150,1,378,TIED23CTRL/LLN0$Status,1.0460311399999682,0.0,1.0,1,310.5,258.5555555555556,925.6666666666666,308.5,Normal
ipcas_21:73:26,150,1,378,TIED23PROT/LLN0$Alarm,1.0460052479999717,0.0,1.0,1,310.5,258.5555555555556,925.6666666666666,308.5,Normal
ipcas_21:73:26,207,1,378,TIED23MEAS/LLN0$Measurement,1.0461936819999664,0.0,1.0,1,310.5,258.5555555555556,925.6666666666666,308.5,Normal
ipcas_21:73:26,150,1,379,TIED23CTRL/LLN0$Status,1.0532350240000028,0.0,1.0,1,310.6666666666667,259.6111111111111,927.0,309.3333333333333,Normal
ipcas_21:73:26,150,1,379,TIED23PROT/LLN0$Alarm,1.0534787980000146,0.0,1.0,1,310.6666666666667,259.6111111111111,927.0,309.3333333333333,Normal
ipcas_21:73:26,207,1,379,TIED23MEAS/LLN0$Measurement,1.0531810420000056,0.0,1.0,1,310.6666666666667,259.6111111111111,927.0,309.3333333333333,Normal
ipcas_21:73:26,150,1,380,TIED23CTRL/LLN0$Status,1.0419599580000067,0.0,1.0,1,311.0,257.0555555555556,928.0,309.3333333333333,Normal
ipcas_21:73:26,150,1,380,TIED23PROT/LLN0$Alarm,1.0417118180000102,0.0,1.0,1,311.0,257.0555555555556,928.0,309.3333333333333,Normal
ipcas_21:73:26,207,1,380,TIED23MEAS/LLN0$Measurement,1.0417095170000152,0.0,1.0,1,311.0,257.0555555555556,928.0,309.3333333333333,Normal
ipcas_21:73:26,150,1,381,TIED23CTRL/LLN0$Status,1.042286622000006,0.0,1.0,1,308.0,257.77777777777777,924.0,310.6666666666667,Normal
ipcas_21:73:26,150,1,381,TIED23PROT/LLN0$Alarm,1.043483196000011,0.0,1.0,1,308.0,257.77777777777777,924.0,310.6666666666667,Normal
ipcas_21:73:26,207,1,381,TIED23MEAS/LLN0$Measurement,1.0434852249999835,0.0,1.0,1,308.0,257.77777777777777,924.0,310.6666666666667,Normal
ipcas_21:73:26,150,1,382,TIED23CTRL/LLN0$Status,1.0459676419999937,0.0,1.0,1,310.1666666666667,257.6666666666667,919.0,309.5,Normal
ipcas_21:73:26,150,1,382,TIED23PROT/LLN0$Alarm,1.0447777559999736,0.0,1.0,1,310.1666666666667,257.6666666666667,919.0,309.5,Normal
ipcas_21:73:26,207,1,382,TIED23MEAS/LLN0$Measurement,1.0449358190000453,0.0,1.0,1,310.1666666666667,257.6666666666667,919.0,309.5,Normal
ipcas_21:73:26,150,1,383,TIED23CTRL/LLN0$Status,1.0415413189999754,0.0,1.0,1,309.1666666666667,258.6111111111111,922.3333333333334,308.8333333333333,Normal
ipcas_21:73:26,150,1,383,TIED23PROT/LLN0$Alarm,1.0415379920000305,0.0,1.0,1,309.1666666666667,258.6111111111111,922.3333333333334,308.8333333333333,Normal
ipcas_21:73:26,207,1,383,TIED23MEAS/LLN0$Measurement,1.0417411130000005,0.0,1.0,1,309.1666666666667,258.6111111111111,922.3333333333334,308.8333333333333,Normal
ipcas_21:73:26,150,1,384,TIED23CTRL/LLN0$Status,1.0752103310000507,0.0,1.0,1,309.3333333333333,257.8333333333333,924.3333333333334,307.5,Normal
ipcas_21:73:26,150,1,384,TIED23PROT/LLN0$Alarm,1.0754602909999562,0.0,1.0,1,309.3333333333333,257.8333333333333,924.3333333333334,307.5,Normal
ipcas_21:73:26,207,1,384,TIED23MEAS/LLN0$Measurement,1.0753413449999698,0.0,1.0,1,309.3333333333333,257.8333333333333,924.3333333333334,307.5,Normal
ipcas_21:73:26,150,1,385,TIED23CTRL/LLN0$Status,1.0689769549999824,0.0,1.0,1,308.3333333333333,258.1666666666667,922.0,306.8333333333333,Normal
ipcas_21:73:26,150,1,385,TIED23PROT/LLN0$Alarm,1.0687287380000043,0.0,1.0,1,308.3333333333333,258.1666666666667,922.0,306.8333333333333,Normal
ipcas_21:73:26,207,1,385,TIED23MEAS/LLN0$Measurement,1.0688294999999925,0.0,1.0,1,308.3333333333333,258.1666666666667,922.0,306.8333333333333,Normal
ipcas_21:73:26,150,1,386,TIED23CTRL/LLN0$Status,1.0799866950000023,0.0,1.0,1,309.8333333333333,256.94444444444446,923.0,306.0,Normal
ipcas_21:73:26,150,1,386,TIED23PROT/LLN0$Alarm,1.0800057179999953,0.0,1.0,1,309.8333333333333,256.94444444444446,923.0,306.0,Normal
ipcas_21:73:26,207,1,386,TIED23MEAS/LLN0$Measurement,1.0802239930000042,0.0,1.0,1,309.8333333333333,256.94444444444446,923.0,306.0,Normal
ipcas_21:73:26,150,1,387,TIED23CTRL/LLN0$Status,1.0587294690000135,0.0,1.0,1,310.3333333333333,259.0555555555555,920.6666666666666,308.0,Normal
ipcas_21:73:26,150,1,387,TIED23PROT/LLN0$Alarm,1.0587122190000287,0.0,1.0,1,310.3333333333333,259.0555555555555,920.6666666666666,308.0,Normal
ipcas_21:73:26,207,1,387,TIED23MEAS/LLN0$Measurement,1.0583932719999893,0.0,1.0,1,310.3333333333333,259.0555555555555,920.6666666666666,308.0,Normal
ipcas_21:73:26,150,1,388,TIED23CTRL/LLN0$Status,1.06815716899996,0.0,1.0,1,311.0,257.3333333333333,927.3333333333334,305.6666666666667,Normal
ipcas_21:73:26,150,1,388,TIED23PROT/LLN0$Alarm,1.0681497790000094,0.0,1.0,1,311.0,257.3333333333333,927.3333333333334,305.6666666666667,Normal
ipcas_21:73:26,207,1,388,TIED23MEAS/LLN0$Measurement,1.0679047060000357,0.0,1.0,1,311.0,257.3333333333333,927.3333333333334,305.6666666666667,Normal
ipcas_21:73:26,150,1,389,TIED23CTRL/LLN0$Status,1.0626980950000302,0.0,1.0,1,308.6666666666667,257.55555555555554,930.6666666666666,308.0,Normal
ipcas_21:73:26,150,1,389,TIED23PROT/LLN0$Alarm,1.0629310539999892,0.0,1.0,1,308.6666666666667,257.55555555555554,930.6666666666666,308.0,Normal
ipcas_21:73:26,207,1,389,TIED23MEAS/LLN0$Measurement,1.0629339079999909,0.0,1.0,1,308.6666666666667,257.55555555555554,930.6666666666666,308.0,Normal
ipcas_21:73:26,150,1,390,TIED23CTRL/LLN0$Status,1.093685009000012,0.0,1.0,1,311.0,257.9444444444444,927.6666666666666,307.8333333333333,Normal
ipcas_21:73:26,150,1,390,TIED23PROT/LLN0$Alarm,1.0934586060000129,0.0,1.0,1,311.0,257.9444444444444,927.6666666666666,307.8333333333333,Normal
ipcas_21:73:26,207,1,390,TIED23MEAS/LLN0$Measurement,1.0939000579999743,0.0,1.0,1,311.0,257.9444444444444,927.6666666666666,307.8333333333333,Normal
ipcas_21:73:26,150,1,391,TIED23CTRL/LLN0$Status,1.0324196679999886,0.0,1.0,1,311.0,258.72222222222223,920.6666666666666,309.6666666666667,Normal
ipcas_21:73:26,150,1,391,TIED23PROT/LLN0$Alarm,1.032418568999958,0.0,1.0,1,311.0,258.72222222222223,920.6666666666666,309.6666666666667,Normal
ipcas_21:73:26,207,1,391,TIED23MEAS/LLN0$Measurement,1.031975406000015,0.0,1.0,1,311.0,258.72222222222223,920.6666666666666,309.6666666666667,Normal
ipcas_21:73:26,150,1,392,TIED23CTRL/LLN0$Status,1.0806398859999717,0.0,1.0,1,311.5,258.5,921.0,308.5,Normal
ipcas_21:73:26,150,1,392,TIED23PROT/LLN0$Alarm,1.080634592000024,0.0,1.0,1,311.5,258.5,921.0,308.5,Normal
ipcas_21:73:26,207,1,392,TIED23MEAS/LLN0$Measurement,1.0806333749999908,0.0,1.0,1,311.5,258.5,921.0,308.5,Normal
ipcas_21:73:26,150,1,393,TIED23CTRL/LLN0$Status,1.054889901000024,0.0,1.0,1,310.6666666666667,257.0,922.3333333333334,308.3333333333333,Normal
ipcas_21:73:26,150,1,393,TIED23PROT/LLN0$Alarm,1.0548968350000223,0.0,1.0,1,310.6666666666667,257.0,922.3333333333334,308.3333333333333,Normal
ipcas_21:73:26,207,1,393,TIED23MEAS/LLN0$Measurement,1.0550589169999967,0.0,1.0,1,310.6666666666667,257.0,922.3333333333334,308.3333333333333,Normal
ipcas_21:73:26,150,1,394,TIED23CTRL/LLN0$Status,1.0851513970000042,0.0,1.0,1,307.6666666666667,256.94444444444446,923.0,310.8333333333333,Normal
ipcas_21:73:26,150,1,394,TIED23PROT/LLN0$Alarm,1.0851447849999545,0.0,1.0,1,307.6666666666667,256.94444444444446,923.0,310.8333333333333,Normal
ipcas_21:73:26,207,1,394,TIED23MEAS/LLN0$Measurement,1.084982923000041,0.0,1.0,1,307.6666666666667,256.94444444444446,923.0,310.8333333333333,Normal
ipcas_21:73:26,150,1,395,TIED23CTRL/LLN0$Status,1.0688360439999656,0.0,1.0,1,310.1666666666667,257.5,922.0,307.6666666666667,Normal
ipcas_21:73:26,150,1,395,TIED23PROT/LLN0$Alarm,1.0688409450000336,0.0,1.0,1,310.1666666666667,257.5,922.0,307.6666666666667,Normal
ipcas_21:73:26,207,1,395,TIED23MEAS/LLN0$Measurement,1.0688409480000018,0.0,1.0,1,310.1666666666667,257.5,922.0,307.6666666666667,Normal
ipcas_21:73:26,150,1,396,TIED23CTRL/LLN0$Status,1.044725447000019,0.0,1.0,1,309.8333333333333,258.4444444444445,924.3333333333334,308.0,Normal
ipcas_21:73:26,150,1,396,TIED23PROT/LLN0$Alarm,1.0452687760000003,0.0,1.0,1,309.8333333333333,258.4444444444445,924.3333333333334,308.0,Normal
ipcas_21:73:26,207,1,396,TIED23MEAS/LLN0$Measurement,1.0452722429999994,0.0,1.0,1,309.8333333333333,258.4444444444445,924.3333333333334,308.0,Normal
ipcas_21:73:26,150,1,397,TIED23CTRL/LLN0$Status,1.0944946939999909,0.0,1.0,1,310.3333333333333,259.44444444444446,925.3333333333334,308.0,Normal
ipcas_21:73:26,150,1,397,TIED23PROT/LLN0$Alarm,1.0939462069999877,0.0,1.0,1,310.3333333333333,259.44444444444446,925.3333333333334,308.0,Normal
ipcas_21:73:26,207,1,397,TIED23MEAS/LLN0$Measurement,1.0939423899999952,0.0,1.0,1,310.3333333333333,259.44444444444446,925.3333333333334,308.0,Normal
ipcas_21:73:26,150,1,398,TIED23CTRL/LLN0$Status,1.0592785219999996,0.0,1.0,1,311.3333333333333,258.44444444444446,924.3333333333334,308.8333333333333,Normal
ipcas_21:73:26,150,1,398,TIED23PROT/LLN0$Alarm,1.0602225650000037,0.0,1.0,1,311.3333333333333,258.44444444444446,924.3333333333334,308.8333333333333,Normal
ipcas_21:73:26,207,1,398,TIED23MEAS/LLN0$Measurement,1.0602259859999776,0.0,1.0,1,311.3333333333333,258.44444444444446,924.3333333333334,308.8333333333333,Normal
ipcas_21:73:26,150,1,399,TIED23CTRL/LLN0$Status,1.0630292370000234,0.0,1.0,1,311.6666666666667,258.0,925.6666666666666,307.1666666666667,Normal
ipcas_21:73:26,150,1,399,TIED23PROT/LLN0$Alarm,1.0620853379999744,0.0,1.0,1,311.6666666666667,258.0,925.6666666666666,307.1666666666667,Normal
ipcas_21:73:26,207,1,399,TIED23MEAS/LLN0$Measurement,1.0620821150000097,0.0,1.0,1,311.6666666666667,258.0,925.6666666666666,307.1666666666667,Normal
ipcas_21:73:26,150,1,400,TIED23CTRL/LLN0$Status,1.1034114629999863,0.0,1.0,1,308.8333333333333,260.0,920.6666666666666,306.8333333333333,Normal
ipcas_21:73:26,150,1,400,TIED23PROT/LLN0$Alarm,1.1034111769999981,0.0,1.0,1,308.8333333333333,260.0,920.6666666666666,306.8333333333333,Normal
ipcas_21:73:26,207,1,400,TIED23MEAS/LLN0$Measurement,1.1034111650000114,0.0,1.0,1,308.8333333333333,260.0,920.6666666666666,306.8333333333333,Normal
ipcas_21:73:26,150,1,401,TIED23CTRL/LLN0$Status,1.0245068209999886,0.0,1.0,1,307.3333333333333,258.0,926.3333333333334,310.1666666666667,Normal
ipcas_21:73:26,150,1,401,TIED23PROT/LLN0$Alarm,1.0245994930000393,0.0,1.0,1,307.3333333333333,258.0,926.3333333333334,310.1666666666667,Normal
ipcas_21:73:26,207,1,401,TIED23MEAS/LLN0$Measurement,1.0247987129999956,0.0,1.0,1,307.3333333333333,258.0,926.3333333333334,310.1666666666667,Normal
ipcas_21:73:26,150,1,402,TIED23CTRL/LLN0$Status,1.0794818790000136,0.0,1.0,1,310.1666666666667,258.1111111111111,928.0,311.5,Normal
ipcas_21:73:26,150,1,402,TIED23PROT/LLN0$Alarm,1.079389725999988,0.0,1.0,1,310.1666666666667,258.1111111111111,928.0,311.5,Normal
ipcas_21:73:26,207,1,402,TIED23MEAS/LLN0$Measurement,1.0791906029999723,0.0,1.0,1,310.1666666666667,258.1111111111111,928.0,311.5,Normal
ipcas_21:73:26,150,1,403,TIED23CTRL/LLN0$Status,1.035805831999994,0.0,1.0,1,309.5,259.0555555555555,921.6666666666666,309.6666666666667,Normal
ipcas_21:73:26,150,1,403,TIED23PROT/LLN0$Alarm,1.0358147950000216,0.0,1.0,1,309.5,259.0555555555555,921.6666666666666,309.6666666666667,Normal
ipcas_21:73:26,207,1,403,TIED23MEAS/LLN0$Measurement,1.0358152400000336,0.0,1.0,1,309.5,259.0555555555555,921.6666666666666,309.6666666666667,Normal
ipcas_21:73:26,150,1,404,TIED23CTRL/LLN0$Status,1.0693021629999748,0.0,1.0,1,311.0,257.7777777777778,927.0,308.6666666666667,Normal
ipcas_21:73:26,150,1,404,TIED23PROT/LLN0$Alarm,1.069293115999983,0.0,1.0,1,311.0,257.7777777777778,927.0,308.6666666666667,Normal
ipcas_21:73:26,207,1,404,TIED23MEAS/LLN0$Measurement,1.0692924859999948,0.0,1.0,1,311.0,257.7777777777778,927.0,308.6666666666667,Normal
ipcas_21:73:26,150,1,405,TIED23CTRL/LLN0$Status,1.0485908120000431,0.0,1.0,1,311.0,258.5,924.3333333333334,305.1666666666667,Normal
ipcas_21:73:26,150,1,405,TIED23PROT/LLN0$Alarm,1.0485930259999918,0.0,1.0,1,311.0,258.5,924.3333333333334,305.1666666666667,Normal
ipcas_21:73:26,207,1,405,TIED23MEAS/LLN0$Measurement,1.0485938769999734,0.0,1.0,1,311.0,258.5,924.3333333333334,305.1666666666667,Normal
ipcas_21:73:26,150,1,406,TIED23CTRL/LLN0$Status,1.0662211389999925,0.0,1.0,1,310.8333333333333,259.5555555555556,923.3333333333334,310.6666666666667,Normal
ipcas_21:73:26,150,1,406,TIED23PROT/LLN0$Alarm,1.066659297000001,0.0,1.0,1,310.8333333333333,259.5555555555556,923.3333333333334,310.6666666666667,Normal
ipcas_21:73:26,207,1,406,TIED23MEAS/LLN0$Measurement,1.0666619710000305,0.0,1.0,1,310.8333333333333,259.5555555555556,923.3333333333334,310.6666666666667,Normal
ipcas_21:73:26,150,1,407,TIED23CTRL/LLN0$Status,1.0597460719999958,0.0,1.0,1,308.0,257.55555555555554,930.6666666666666,305.1666666666667,Normal
ipcas_21:73:26,150,1,407,TIED23PROT/LLN0$Alarm,1.0593104820000008,0.0,1.0,1,308.0,257.55555555555554,930.6666666666666,305.1666666666667,Normal
ipcas_21:73:26,207,1,407,TIED23MEAS/LLN0$Measurement,1.0593072879999568,0.0,1.0,1,308.0,257.55555555555554,930.6666666666666,305.1666666666667,Normal
ipcas_21:73:26,150,1,408,TIED23CTRL/LLN0$Status,1.0983882069999709,0.0,1.0,1,311.3333333333333,256.27777777777777,925.0,307.1666666666667,Normal
ipcas_21:73:26,150,1,408,TIED23PROT/LLN0$Alarm,1.0986671659999843,0.0,1.0,1,311.3333333333333,256.27777777777777,925.0,307.1666666666667,Normal
ipcas_21:73:26,207,1,408,TIED23MEAS/LLN0$Measurement,1.0986690409999937,0.0,1.0,1,311.3333333333333,256.27777777777777,925.0,307.1666666666667,Normal
ipcas_21:73:26,150,1,409,TIED23CTRL/LLN0$Status,1.0565957320000052,0.0,1.0,1,311.5,259.27777777777777,921.6666666666666,308.0,Normal
ipcas_21:73:26,150,1,409,TIED23PROT/LLN0$Alarm,1.0581855060000294,0.0,1.0,1,311.5,259.27777777777777,921.6666666666666,308.0,Normal
ipcas_21:73:26,207,1,409,TIED23MEAS/LLN0$Measurement,1.0581885280000165,0.0,1.0,1,311.5,259.27777777777777,921.6666666666666,308.0,Normal
ipcas_21:73:26,150,1,410,TIED23CTRL/LLN0$Status,1.0417571060000341,0.0,1.0,1,310.5,258.5555555555556,921.3333333333334,308.1666666666667,Normal
ipcas_21:73:26,150,1,410,TIED23PROT/LLN0$Alarm,1.0398901080000087,0.0,1.0,1,310.5,258.5555555555556,921.3333333333334,308.1666666666667,Normal
ipcas_21:73:26,207,1,410,TIED23MEAS/LLN0$Measurement,1.0398848980000253,0.0,1.0,1,310.5,258.5555555555556,921.3333333333334,308.1666666666667,Normal
ipcas_21:73:26,150,1,411,TIED23CTRL/LLN0$Status,1.0457815990000086,0.0,1.0,1,309.6666666666667,259.2777777777778,920.6666666666666,308.6666666666667,Normal
ipcas_21:73:26,150,1,411,TIED23PROT/LLN0$Alarm,1.046206025999993,0.0,1.0,1,309.6666666666667,259.2777777777778,920.6666666666666,308.6666666666667,Normal
ipcas_21:73:26,207,1,411,TIED23MEAS/LLN0$Measurement,1.0462088179999682,0.0,1.0,1,309.6666666666667,259.2777777777778,920.6666666666666,308.6666666666667,Normal
ipcas_21:73:26,150,1,412,TIED23CTRL/LLN0$Status,1.0482691149999823,0.0,1.0,1,308.0,257.1111111111111,921.3333333333334,308.8333333333333,Normal
ipcas_21:73:26,150,1,412,TIED23PROT/LLN0$Alarm,1.0483104279999793,0.0,1.0,1,308.0,257.1111111111111,921.3333333333334,308.8333333333333,Normal
ipcas_21:73:26,207,1,412,TIED23MEAS/LLN0$Measurement,1.0486984899999925,0.0,1.0,1,308.0,257.1111111111111,921.3333333333334,308.8333333333333,Normal
ipcas_21:73:26,150,1,413,TIED23CTRL/LLN0$Status,1.043222070000013,0.0,1.0,1,310.0,257.11111111111114,923.6666666666666,308.6666666666667,Normal
ipcas_21:73:26,150,1,413,TIED23PROT/LLN0$Alarm,1.0427545210000062,0.0,1.0,1,310.0,257.11111111111114,923.6666666666666,308.6666666666667,Normal
ipcas_21:73:26,207,1,413,TIED23MEAS/LLN0$Measurement,1.0423638000000324,0.0,1.0,1,310.0,257.11111111111114,923.6666666666666,308.6666666666667,Normal
ipcas_21:73:26,150,1,414,TIED23CTRL/LLN0$Status,1.0809120339999936,0.0,1.0,1,311.6666666666667,258.5,919.3333333333334,309.3333333333333,Normal
ipcas_21:73:26,150,1,414,TIED23PROT/LLN0$Alarm,1.0809159109999769,0.0,1.0,1,311.6666666666667,258.5,919.3333333333334,309.3333333333333,Normal
ipcas_21:73:26,207,1,414,TIED23MEAS/LLN0$Measurement,1.0809165729999677,0.0,1.0,1,311.6666666666667,258.5,919.3333333333334,309.3333333333333,Normal
ipcas_21:73:26,150,1,415,TIED23CTRL/LLN0$Status,1.054365015999963,0.0,1.0,1,312.1666666666667,257.61111111111114,925.0,308.1666666666667,Normal
ipcas_21:73:26,150,1,415,TIED23PROT/LLN0$Alarm,1.0543559500000015,0.0,1.0,1,312.1666666666667,257.61111111111114,925.0,308.1666666666667,Normal
ipcas_21:73:26,207,1,415,TIED23MEAS/LLN0$Measurement,1.054355127000008,0.0,1.0,1,312.1666666666667,257.61111111111114,925.0,308.1666666666667,Normal
ipcas_21:73:26,150,1,416,TIED23CTRL/LLN0$Status,1.0234823260000212,0.0,1.0,1,309.8333333333333,258.2777777777778,922.3333333333334,309.0,Normal
ipcas_21:73:26,150,1,416,TIED23PROT/LLN0$Alarm,1.0234844550000162,0.0,1.0,1,309.8333333333333,258.2777777777778,922.3333333333334,309.0,Normal
ipcas_21:73:26,207,1,416,TIED23MEAS/LLN0$Measurement,1.0240614360000109,0.0,1.0,1,309.8333333333333,258.2777777777778,922.3333333333334,309.0,Normal
ipcas_21:73:26,150,1,417,TIED23CTRL/LLN0$Status,1.0812410789999944,0.0,1.0,1,311.5,258.1666666666667,924.6666666666666,307.6666666666667,Normal
ipcas_21:73:26,150,1,417,TIED23PROT/LLN0$Alarm,1.0812453830000095,0.0,1.0,1,311.5,258.1666666666667,924.6666666666666,307.6666666666667,Normal
ipcas_21:73:26,207,1,417,TIED23MEAS/LLN0$Measurement,1.0806685879999804,0.0,1.0,1,311.5,258.1666666666667,924.6666666666666,307.6666666666667,Normal
ipcas_21:73:26,150,1,418,TIED23CTRL/LLN0$Status,1.08005052499999,0.0,1.0,1,310.6666666666667,257.94444444444446,918.0,309.1666666666667,Normal
ipcas_21:73:26,150,1,418,TIED23PROT/LLN0$Alarm,1.080291329999966,0.0,1.0,1,310.6666666666667,257.94444444444446,918.0,309.1666666666667,Normal
ipcas_21:73:26,207,1,418,TIED23MEAS/LLN0$Measurement,1.0806269240000006,0.0,1.0,1,310.6666666666667,257.94444444444446,918.0,309.1666666666667,Normal
ipcas_21:73:26,150,1,419,TIED23CTRL/LLN0$Status,1.0398538890000282,0.0,1.0,1,309.5,256.0,925.6666666666666,306.1666666666667,Normal
ipcas_21:73:26,150,1,419,TIED23PROT/LLN0$Alarm,1.0396162720000461,0.0,1.0,1,309.5,256.0,925.6666666666666,306.1666666666667,Normal
ipcas_21:73:26,207,1,419,TIED23MEAS/LLN0$Measurement,1.0392806600000313,0.0,1.0,1,309.5,256.0,925.6666666666666,306.1666666666667,Normal
ipcas_21:73:26,150,1,420,TIED23CTRL/LLN0$Status,1.057801933999997,0.0,1.0,1,311.5,258.9444444444445,918.6666666666666,307.8333333333333,Normal
ipcas_21:73:26,150,1,420,TIED23PROT/LLN0$Alarm,1.0577922499999772,0.0,1.0,1,311.5,258.9444444444445,918.6666666666666,307.8333333333333,Normal
ipcas_21:73:26,207,1,420,TIED23MEAS/LLN0$Measurement,1.0577924159999839,0.0,1.0,1,311.5,258.9444444444445,918.6666666666666,307.8333333333333,Normal
ipcas_21:73:26,150,1,421,TIED23CTRL/LLN0$Status,1.0587729009999975,0.0,1.0,1,308.6666666666667,258.2777777777778,920.0,307.5,Normal
ipcas_21:73:26,150,1,421,TIED23PROT/LLN0$Alarm,1.0587791799999877,0.0,1.0,1,308.6666666666667,258.2777777777778,920.0,307.5,Normal
ipcas_21:73:26,207,1,421,TIED23MEAS/LLN0$Measurement,1.0587789740000062,0.0,1.0,1,308.6666666666667,258.2777777777778,920.0,307.5,Normal
ipcas_21:73:26,150,1,422,TIED23CTRL/LLN0$Status,1.0611323289999746,0.0,1.0,1,307.1666666666667,258.77777777777777,919.3333333333334,308.1666666666667,Normal
ipcas_21:73:26,150,1,422,TIED23PROT/LLN0$Alarm,1.0611320710000314,0.0,1.0,1,307.1666666666667,258.77777777777777,919.3333333333334,308.1666666666667,Normal
ipcas_21:73:26,207,1,422,TIED23MEAS/LLN0$Measurement,1.0611325990000182,0.0,1.0,1,307.1666666666667,258.77777777777777,919.3333333333334,308.1666666666667,Normal
ipcas_21:73:26,150,1,423,TIED23CTRL/LLN0$Status,1.0533965179999996,0.0,1.0,1,308.8333333333333,258.0555555555556,922.6666666666666,308.5,Normal
ipcas_21:73:26,150,1,423,TIED23PROT/LLN0$Alarm,1.0533946769999716,0.0,1.0,1,308.8333333333333,258.0555555555556,922.6666666666666,308.5,Normal
ipcas_21:73:26,207,1,423,TIED23MEAS/LLN0$Measurement,1.05339472899999,0.0,1.0,1,308.8333333333333,258.0555555555556,922.6666666666666,308.5,Normal
ipcas_21:73:26,150,1,424,TIED23CTRL/LLN0$Status,1.0568476110000233,0.0,1.0,1,310.6666666666667,257.11111111111114,918.6666666666666,306.6666666666667,Normal
ipcas_21:73:26,150,1,424,TIED23PROT/LLN0$Alarm,1.0568505539999933,0.0,1.0,1,310.6666666666667,257.11111111111114,918.6666666666666,306.6666666666667,Normal
ipcas_21:73:26,207,1,424,TIED23MEAS/LLN0$Measurement,1.0568498189999787,0.0,1.0,1,310.6666666666667,257.11111111111114,918.6666666666666,306.6666666666667,Normal
ipcas_21:73:26,150,1,425,TIED23CTRL/LLN0$Status,1.0692936440000267,0.0,1.0,1,310.3333333333333,257.6111111111111,925.3333333333334,304.8333333333333,Normal
ipcas_21:73:26,150,1,425,TIED23PROT/LLN0$Alarm,1.069293531000028,0.0,1.0,1,310.3333333333333,257.6111111111111,925.3333333333334,304.8333333333333,Normal
ipcas_21:73:26,207,1,425,TIED23MEAS/LLN0$Measurement,1.069293952999999,0.0,1.0,1,310.3333333333333,257.6111111111111,925.3333333333334,304.8333333333333,Normal
ipcas_21:73:26,150,1,426,TIED23CTRL/LLN0$Status,1.0794705499999964,0.0,1.0,1,310.0,257.6666666666667,922.3333333333334,311.0,Normal
ipcas_21:73:26,150,1,426,TIED23PROT/LLN0$Alarm,1.0794681059999789,0.0,1.0,1,310.0,257.6666666666667,922.3333333333334,311.0,Normal
ipcas_21:73:26,207,1,426,TIED23MEAS/LLN0$Measurement,1.0794676990000198,0.0,1.0,1,310.0,257.6666666666667,922.3333333333334,311.0,Normal
ipcas_21:73:26,150,1,427,TIED23CTRL/LLN0$Status,1.0266879099999642,0.0,1.0,1,312.3333333333333,257.8333333333333,920.6666666666666,309.1666666666667,Normal
ipcas_21:73:26,150,1,427,TIED23PROT/LLN0$Alarm,1.0290093660000252,0.0,1.0,1,312.3333333333333,257.8333333333333,920.6666666666666,309.1666666666667,Normal
ipcas_21:73:26,207,1,427,TIED23MEAS/LLN0$Measurement,1.029012018000003,0.0,1.0,1,312.3333333333333,257.8333333333333,920.6666666666666,309.1666666666667,Normal
ipcas_21:73:26,150,1,428,TIED23CTRL/LLN0$Status,1.0862269020000213,0.0,1.0,1,307.3333333333333,258.0555555555556,918.3333333333334,309.0,Normal
ipcas_21:73:26,150,1,428,TIED23PROT/LLN0$Alarm,1.0839012359999742,0.0,1.0,1,307.3333333333333,258.0555555555556,918.3333333333334,309.0,Normal
ipcas_21:73:26,207,1,428,TIED23MEAS/LLN0$Measurement,1.0838990299999978,0.0,1.0,1,307.3333333333333,258.0555555555556,918.3333333333334,309.0,Normal
ipcas_21:73:26,150,1,429,TIED23CTRL/LLN0$Status,1.028819220999992,0.0,1.0,1,311.1666666666667,258.7222222222222,923.0,307.8333333333333,Normal
ipcas_21:73:26,150,1,429,TIED23PROT/LLN0$Alarm,1.0288187799999946,0.0,1.0,1,311.1666666666667,258.7222222222222,923.0,307.8333333333333,Normal
ipcas_21:73:26,207,1,429,TIED23MEAS/LLN0$Measurement,1.0288183420000223,0.0,1.0,1,311.1666666666667,258.7222222222222,923.0,307.8333333333333,Normal
ipcas_21:73:26,150,1,430,TIED23CTRL/LLN0$Status,1.0486673649999716,0.0,1.0,1,309.5,257.77777777777777,925.3333333333334,307.0,Normal
ipcas_21:73:26,150,1,430,TIED23PROT/LLN0$Alarm,1.0486705420000249,0.0,1.0,1,309.5,257.77777777777777,925.3333333333334,307.0,Normal
ipcas_21:73:26,207,1,430,TIED23MEAS/LLN0$Measurement,1.0486707759999945,0.0,1.0,1,309.5,257.77777777777777,925.3333333333334,307.0,Normal
ipcas_21:73:26,150,1,431,TIED23CTRL/LLN0$Status,1.067932256000006,0.0,1.0,1,311.5,258.27777777777777,924.0,309.3333333333333,Normal
ipcas_21:73:26,150,1,431,TIED23PROT/LLN0$Alarm,1.0679897869999877,0.0,1.0,1,311.5,258.27777777777777,924.0,309.3333333333333,Normal
ipcas_21:73:26,207,1,431,TIED23MEAS/LLN0$Measurement,1.0679902539999944,0.0,1.0,1,311.5,258.27777777777777,924.0,309.3333333333333,Normal
ipcas_21:73:26,150,1,432,TIED23CTRL/LLN0$Status,1.0625461180000002,0.0,1.0,1,311.5,258.38888888888886,924.0,309.0,Normal
ipcas_21:73:26,150,1,432,TIED23PROT/LLN0$Alarm,1.062602308999999,0.0,1.0,1,311.5,258.38888888888886,924.0,309.0,Normal
ipcas_21:73:26,207,1,432,TIED23MEAS/LLN0$Measurement,1.0628983839999933,0.0,1.0,1,311.5,258.38888888888886,924.0,309.0,Normal
ipcas_21:73:26,150,1,433,TIED23CTRL/LLN0$Status,1.0844768960000124,0.0,1.0,1,309.3333333333333,256.66666666666663,920.3333333333334,306.1666666666667,Normal
ipcas_21:73:26,150,1,433,TIED23PROT/LLN0$Alarm,1.0843604589999813,0.0,1.0,1,309.3333333333333,256.66666666666663,920.3333333333334,306.1666666666667,Normal
ipcas_21:73:26,207,1,433,TIED23MEAS/LLN0$Measurement,1.0840642800000069,0.0,1.0,1,309.3333333333333,256.66666666666663,920.3333333333334,306.1666666666667,Normal
ipcas_21:73:26,150,1,434,TIED23CTRL/LLN0$Status,1.0716954950000286,0.0,1.0,1,311.0,258.27777777777777,920.6666666666666,307.1666666666667,Normal
ipcas_21:73:26,150,1,434,TIED23PROT/LLN0$Alarm,1.0717033950000427,0.0,1.0,1,311.0,258.27777777777777,920.6666666666666,307.1666666666667,Normal
ipcas_21:73:26,207,1,434,TIED23MEAS/LLN0$Measurement,1.0717033329999595,0.0,1.0,1,311.0,258.27777777777777,920.6666666666666,307.1666666666667,Normal
ipcas_21:73:26,150,1,435,TIED23CTRL/LLN0$Status,1.035112507000008,0.0,1.0,1,312.3333333333333,258.4444444444445,925.3333333333334,305.1666666666667,Normal
ipcas_21:73:26,150,1,435,TIED23PROT/LLN0$Alarm,1.0351043439999899,0.0,1.0,1,312.3333333333333,258.4444444444445,925.3333333333334,305.1666666666667,Normal
ipcas_21:73:26,207,1,435,TIED23MEAS/LLN0$Measurement,1.035104117000003,0.0,1.0,1,312.3333333333333,258.4444444444445,925.3333333333334,305.1666666666667,Normal
ipcas_21:73:26,150,1,436,TIED23CTRL/LLN0$Status,1.0526550879999945,0.0,1.0,1,308.5,258.5555555555556,929.3333333333334,307.6666666666667,Normal
ipcas_21:73:26,150,1,436,TIED23PROT/LLN0$Alarm,1.05265504099998,0.0,1.0,1,308.5,258.5555555555556,929.3333333333334,307.6666666666667,Normal
ipcas_21:73:26,207,1,436,TIED23MEAS/LLN0$Measurement,1.0526548500000104,0.0,1.0,1,308.5,258.5555555555556,929.3333333333334,307.6666666666667,Normal
ipcas_21:73:26,150,1,437,TIED23CTRL/LLN0$Status,1.03937166999998,0.0,1.0,1,309.5,257.88888888888886,929.3333333333334,310.3333333333333,Normal
ipcas_21:73:26,150,1,437,TIED23PROT/LLN0$Alarm,1.0393812799999864,0.0,1.0,1,309.5,257.88888888888886,929.3333333333334,310.3333333333333,Normal
ipcas_21:73:26,207,1,437,TIED23MEAS/LLN0$Measurement,1.0393814370000314,0.0,1.0,1,309.5,257.88888888888886,929.3333333333334,310.3333333333333,Normal
ipcas_21:73:26,150,1,438,TIED23CTRL/LLN0$Status,1.0766436740000245,0.0,1.0,1,310.3333333333333,259.0,925.0,308.6666666666667,Normal
ipcas_21:73:26,150,1,438,TIED23PROT/LLN0$Alarm,1.0766389210000398,0.0,1.0,1,310.3333333333333,259.0,925.0,308.6666666666667,Normal
ipcas_21:73:26,207,1,438,TIED23MEAS/LLN0$Measurement,1.0766387029999578,0.0,1.0,1,310.3333333333333,259.0,925.0,308.6666666666667,Normal
ipcas_21:73:26,150,1,439,TIED23CTRL/LLN0$Status,1.085585109999954,0.0,1.0,1,310.6666666666667,258.33333333333337,920.3333333333334,310.1666666666667,Normal
ipcas_21:73:26,150,1,439,TIED23PROT/LLN0$Alarm,1.0855830319999882,0.0,1.0,1,310.6666666666667,258.33333333333337,920.3333333333334,310.1666666666667,Normal
ipcas_21:73:26,207,1,439,TIED23MEAS/LLN0$Measurement,1.0855830910000464,0.0,1.0,1,310.6666666666667,258.33333333333337,920.3333333333334,310.1666666666667,Normal
ipcas_21:73:26,150,1,440,TIED23CTRL/LLN0$Status,1.0404382710000277,0.0,1.0,1,310.1666666666667,257.8333333333333,925.6666666666666,306.1666666666667,Normal
ipcas_21:73:26,150,1,440,TIED23PROT/LLN0$Alarm,1.0404386010000053,0.0,1.0,1,310.1666666666667,257.8333333333333,925.6666666666666,306.1666666666667,Normal
ipcas_21:73:26,207,1,440,TIED23MEAS/LLN0$Measurement,1.0404390629999511,0.0,1.0,1,310.1666666666667,257.8333333333333,925.6666666666666,306.1666666666667,Normal
ipcas_21:73:26,150,1,441,TIED23CTRL/LLN0$Status,1.0625729519999823,0.0,1.0,1,310.1666666666667,256.77777777777777,925.3333333333334,308.1666666666667,Normal
ipcas_21:73:26,150,1,441,TIED23PROT/LLN0$Alarm,1.0625779929999908,0.0,1.0,1,310.1666666666667,256.77777777777777,925.3333333333334,308.1666666666667,Normal
ipcas_21:73:26,207,1,441,TIED23MEAS/LLN0$Measurement,1.0625776330000463,0.0,1.0,1,310.1666666666667,256.77777777777777,925.3333333333334,308.1666666666667,Normal
ipcas_21:73:26,150,1,442,TIED23CTRL/LLN0$Status,1.0528808590000267,0.0,1.0,1,308.5,258.0,923.0,311.1666666666667,Normal
ipcas_21:73:26,150,1,442,TIED23PROT/LLN0$Alarm,1.0531718830000045,0.0,1.0,1,308.5,258.0,923.0,311.1666666666667,Normal
ipcas_21:73:26,207,1,442,TIED23MEAS/LLN0$Measurement,1.0535676359999684,0.0,1.0,1,308.5,258.0,923.0,311.1666666666667,Normal
ipcas_21:73:26,150,1,443,TIED23CTRL/LLN0$Status,1.5274397000000022,0.0,1.0,1,309.6666666666667,258.4444444444444,925.0,307.0,Normal
ipcas_21:73:26,150,1,443,TIED23PROT/LLN0$Alarm,1.5271456039999975,0.0,1.0,1,309.6666666666667,258.4444444444444,925.0,307.0,Normal
ipcas_21:73:26,207,1,443,TIED23MEAS/LLN0$Measurement,1.5267500749999954,0.0,1.0,1,309.6666666666667,258.4444444444444,925.0,307.0,Normal
ipcas_21:73:26,150,1,444,TIED23CTRL/LLN0$Status,1.0252727230000005,0.0,1.0,1,312.8333333333333,257.77777777777777,923.6666666666666,309.8333333333333,Normal
ipcas_21:73:26,150,1,444,TIED23PROT/LLN0$Alarm,1.0252934320000122,0.0,1.0,1,312.8333333333333,257.77777777777777,923.6666666666666,309.8333333333333,Normal
ipcas_21:73:26,207,1,444,TIED23MEAS/LLN0$Measurement,1.0252938170000334,0.0,1.0,1,312.8333333333333,257.77777777777777,923.6666666666666,309.8333333333333,Normal
ipcas_21:73:26,150,1,445,TIED23CTRL/LLN0$Status,1.4477781479999976,0.0,1.0,1,310.5,257.5,925.3333333333334,308.1666666666667,Normal
ipcas_21:73:26,150,1,445,TIED23PROT/LLN0$Alarm,1.4477550439999618,0.0,1.0,1,310.5,257.5,925.3333333333334,308.1666666666667,Normal
ipcas_21:73:26,207,1,445,TIED23MEAS/LLN0$Measurement,1.447923311000011,0.0,1.0,1,310.5,257.5,925.3333333333334,308.1666666666667,Normal
ipcas_21:73:26,150,1,446,TIED23CTRL/LLN0$Status,1.4090305789999888,0.0,1.0,1,309.1666666666667,258.5555555555555,919.6666666666666,306.3333333333333,Normal
ipcas_21:73:26,150,1,446,TIED23PROT/LLN0$Alarm,1.4090285260000428,0.0,1.0,1,309.1666666666667,258.5555555555555,919.6666666666666,306.3333333333333,Normal
ipcas_21:73:26,207,1,446,TIED23MEAS/LLN0$Measurement,1.4088598909999632,0.0,1.0,1,309.1666666666667,258.5555555555555,919.6666666666666,306.3333333333333,Normal
ipcas_21:73:26,150,1,447,TIED23CTRL/LLN0$Status,1.0359232459999816,0.0,1.0,1,312.5,257.9444444444444,923.0,308.8333333333333,Normal
ipcas_21:73:26,150,1,447,TIED23PROT/LLN0$Alarm,1.0359292320000009,0.0,1.0,1,312.5,257.9444444444444,923.0,308.8333333333333,Normal
ipcas_21:73:26,207,1,447,TIED23MEAS/LLN0$Measurement,1.0359308989999931,0.0,1.0,1,312.5,257.9444444444444,923.0,308.8333333333333,Normal
ipcas_21:73:26,150,1,448,TIED23CTRL/LLN0$Status,1.0300371609999956,0.0,1.0,1,312.0,258.3333333333333,925.0,310.3333333333333,Normal
ipcas_21:73:26,150,1,448,TIED23PROT/LLN0$Alarm,1.0301678259999676,0.0,1.0,1,312.0,258.3333333333333,925.0,310.3333333333333,Normal
ipcas_21:73:26,207,1,448,TIED23MEAS/LLN0$Measurement,1.0301684710000245,0.0,1.0,1,312.0,258.3333333333333,925.0,310.3333333333333,Normal
ipcas_21:73:26,150,1,449,TIED23CTRL/LLN0$Status,1.0380692919999888,0.0,1.0,1,309.0,257.9444444444444,920.6666666666666,309.1666666666667,Normal
ipcas_21:73:26,150,1,449,TIED23PROT/LLN0$Alarm,1.0379349430000389,0.0,1.0,1,309.0,257.9444444444444,920.6666666666666,309.1666666666667,Normal
ipcas_21:73:26,207,1,449,TIED23MEAS/LLN0$Measurement,1.0379323589999672,0.0,1.0,1,309.0,257.9444444444444,920.6666666666666,309.1666666666667,Normal
ipcas_21:73:26,150,1,450,TIED23CTRL/LLN0$Status,1.0334022470000264,0.0,1.0,1,310.1666666666667,258.1666666666667,932.3333333333334,308.3333333333333,Normal
ipcas_21:73:26,150,1,450,TIED23PROT/LLN0$Alarm,1.0336296889999517,0.0,1.0,1,310.1666666666667,258.1666666666667,932.3333333333334,308.3333333333333,Normal
ipcas_21:73:26,207,1,450,TIED23MEAS/LLN0$Measurement,1.0336323570000445,0.0,1.0,1,310.1666666666667,258.1666666666667,932.3333333333334,308.3333333333333,Normal
ipcas_21:73:26,150,1,451,TIED23CTRL/LLN0$Status,1.0523671259999787,0.0,1.0,1,308.8333333333333,258.3333333333333,923.3333333333334,305.1666666666667,Normal
ipcas_21:73:26,150,1,451,TIED23PROT/LLN0$Alarm,1.0521413310000298,0.0,1.0,1,308.8333333333333,258.3333333333333,923.3333333333334,305.1666666666667,Normal
ipcas_21:73:26,207,1,451,TIED23MEAS/LLN0$Measurement,1.0521389839999529,0.0,1.0,1,308.8333333333333,258.3333333333333,923.3333333333334,305.1666666666667,Normal
ipcas_21:73:26,150,1,452,TIED23CTRL/LLN0$Status,1.054873874000009,0.0,1.0,1,309.6666666666667,258.1666666666667,917.0,307.1666666666667,Normal
ipcas_21:73:26,150,1,452,TIED23PROT/LLN0$Alarm,1.0548727909999798,0.0,1.0,1,309.6666666666667,258.1666666666667,917.0,307.1666666666667,Normal
ipcas_21:73:26,207,1,452,TIED23MEAS/LLN0$Measurement,1.0548729100000287,0.0,1.0,1,309.6666666666667,258.1666666666667,917.0,307.1666666666667,Normal
ipcas_21:73:26,150,1,453,TIED23CTRL/LLN0$Status,1.053974568000001,0.0,1.0,1,313.8333333333333,259.3888888888889,929.6666666666666,310.0,Normal
ipcas_21:73:26,150,1,453,TIED23PROT/LLN0$Alarm,1.0547933110000258,0.0,1.0,1,313.8333333333333,259.3888888888889,929.6666666666666,310.0,Normal
ipcas_21:73:26,207,1,453,TIED23MEAS/LLN0$Measurement,1.054795922999972,0.0,1.0,1,313.8333333333333,259.3888888888889,929.6666666666666,310.0,Normal
ipcas_21:73:26,150,1,454,TIED23CTRL/LLN0$Status,1.0603319340000326,0.0,1.0,1,311.3333333333333,258.27777777777777,921.6666666666666,307.6666666666667,Normal
ipcas_21:73:26,150,1,454,TIED23PROT/LLN0$Alarm,1.0595101330000034,0.0,1.0,1,311.3333333333333,258.27777777777777,921.6666666666666,307.6666666666667,Normal
ipcas_21:73:26,207,1,454,TIED23MEAS/LLN0$Measurement,1.059507027000052,0.0,1.0,1,311.3333333333333,258.27777777777777,921.6666666666666,307.6666666666667,Normal
ipcas_21:73:26,150,1,455,TIED23CTRL/LLN0$Status,1.0282081209999774,0.0,1.0,1,311.3333333333333,258.3333333333333,920.6666666666666,308.3333333333333,Normal
ipcas_21:73:26,150,1,455,TIED23PROT/LLN0$Alarm,1.0283772529999737,0.0,1.0,1,311.3333333333333,258.3333333333333,920.6666666666666,308.3333333333333,Normal
ipcas_21:73:26,207,1,455,TIED23MEAS/LLN0$Measurement,1.028704343999948,0.0,1.0,1,311.3333333333333,258.3333333333333,920.6666666666666,308.3333333333333,Normal
ipcas_21:73:26,150,1,456,TIED23CTRL/LLN0$Status,1.0464615760000129,0.0,1.0,1,309.1666666666667,257.1666666666667,919.6666666666666,307.1666666666667,Normal
ipcas_21:73:26,150,1,456,TIED23PROT/LLN0$Alarm,1.04629229599999,0.0,1.0,1,309.1666666666667,257.1666666666667,919.6666666666666,307.1666666666667,Normal
ipcas_21:73:26,207,1,456,TIED23MEAS/LLN0$Measurement,1.0459650730000476,0.0,1.0,1,309.1666666666667,257.1666666666667,919.6666666666666,307.1666666666667,Normal
ipcas_21:73:26,150,1,457,TIED23CTRL/LLN0$Status,1.0236259029999815,0.0,1.0,1,309.8333333333333,257.4444444444445,924.0,309.3333333333333,Normal
ipcas_21:73:26,150,1,457,TIED23PROT/LLN0$Alarm,1.0236289890000307,0.0,1.0,1,309.8333333333333,257.4444444444445,924.0,309.3333333333333,Normal
ipcas_21:73:26,207,1,457,TIED23MEAS/LLN0$Measurement,1.0236292870000057,0.0,1.0,1,309.8333333333333,257.4444444444445,924.0,309.3333333333333,Normal
ipcas_21:73:26,150,1,458,TIED23CTRL/LLN0$Status,1.0378011390000097,0.0,1.0,1,310.5,257.3888888888889,926.6666666666666,310.8333333333333,Normal
ipcas_21:73:26,150,1,458,TIED23PROT/LLN0$Alarm,1.0377977449999776,0.0,1.0,1,310.5,257.3888888888889,926.6666666666666,310.8333333333333,Normal
ipcas_21:73:26,207,1,458,TIED23MEAS/LLN0$Measurement,1.0377977399999736,0.0,1.0,1,310.5,257.3888888888889,926.6666666666666,310.8333333333333,Normal
ipcas_21:73:26,150,1,459,TIED23CTRL/LLN0$Status,1.0014648920000013,0.0,1.0,1,307.5,259.7777777777778,926.6666666666666,308.6666666666667,Normal
ipcas_21:73:26,150,1,459,TIED23PROT/LLN0$Alarm,1.0014673119999884,0.0,1.0,1,307.5,259.7777777777778,926.6666666666666,308.6666666666667,Normal
ipcas_21:73:26,207,1,459,TIED23MEAS/LLN0$Measurement,1.001467262999995,0.0,1.0,1,307.5,259.7777777777778,926.6666666666666,308.6666666666667,Normal
ipcas_21:73:26,150,1,460,TIED23CTRL/LLN0$Status,1.0399695959999917,0.0,1.0,1,310.6666666666667,257.8333333333333,928.0,308.3333333333333,Normal
ipcas_21:73:26,150,1,460,TIED23PROT/LLN0$Alarm,1.0399676130000444,0.0,1.0,1,310.6666666666667,257.8333333333333,928.0,308.3333333333333,Normal
ipcas_21:73:26,207,1,460,TIED23MEAS/LLN0$Measurement,1.0399673860000007,0.0,1.0,1,310.6666666666667,257.8333333333333,928.0,308.3333333333333,Normal
ipcas_21:73:26,150,1,461,TIED23CTRL/LLN0$Status,1.0218968460000042,0.0,1.0,1,309.0,259.6666666666667,926.6666666666666,308.1666666666667,Normal
ipcas_21:73:26,150,1,461,TIED23PROT/LLN0$Alarm,1.0218987810000044,0.0,1.0,1,309.0,259.6666666666667,926.6666666666666,308.1666666666667,Normal
ipcas_21:73:26,207,1,461,TIED23MEAS/LLN0$Measurement,1.0218987430000084,0.0,1.0,1,309.0,259.6666666666667,926.6666666666666,308.1666666666667,Normal
ipcas_21:73:26,150,1,462,TIED23CTRL/LLN0$Status,1.0564575540000192,0.0,1.0,1,310.0,257.27777777777777,923.0,309.0,Normal
ipcas_21:73:26,150,1,462,TIED23PROT/LLN0$Alarm,1.0564551119999805,0.0,1.0,1,310.0,257.27777777777777,923.0,309.0,Normal
ipcas_21:73:26,207,1,462,TIED23MEAS/LLN0$Measurement,1.0564554740000176,0.0,1.0,1,310.0,257.27777777777777,923.0,309.0,Normal
ipcas_21:73:26,150,1,463,TIED23CTRL/LLN0$Status,1.039604575999988,0.0,1.0,1,311.8333333333333,259.5555555555556,929.0,306.8333333333333,Normal
ipcas_21:73:26,150,1,463,TIED23PROT/LLN0$Alarm,1.0396046459999866,0.0,1.0,1,311.8333333333333,259.5555555555556,929.0,306.8333333333333,Normal
ipcas_21:73:26,207,1,463,TIED23MEAS/LLN0$Measurement,1.0396046280000064,0.0,1.0,1,311.8333333333333,259.5555555555556,929.0,306.8333333333333,Normal
ipcas_21:73:26,150,1,464,TIED23CTRL/LLN0$Status,1.022213387000022,0.0,1.0,1,308.0,258.5555555555556,924.0,308.1666666666667,Normal
ipcas_21:73:26,150,1,464,TIED23PROT/LLN0$Alarm,1.0222144599999865,0.0,1.0,1,308.0,258.5555555555556,924.0,308.1666666666667,Normal
ipcas_21:73:26,207,1,464,TIED23MEAS/LLN0$Measurement,1.0222142669999812,0.0,1.0,1,308.0,258.5555555555556,924.0,308.1666666666667,Normal
ipcas_21:73:26,150,1,465,TIED23CTRL/LLN0$Status,1.0258415659999969,0.0,1.0,1,310.6666666666667,257.9444444444444,923.6666666666666,308.5,Normal
ipcas_21:73:26,150,1,465,TIED23PROT/LLN0$Alarm,1.0258408640000312,0.0,1.0,1,310.6666666666667,257.9444444444444,923.6666666666666,308.5,Normal
ipcas_21:73:26,207,1,465,TIED23MEAS/LLN0$Measurement,1.025840905999985,0.0,1.0,1,310.6666666666667,257.9444444444444,923.6666666666666,308.5,Normal
ipcas_21:73:26,150,1,466,TIED23CTRL/LLN0$Status,1.0318853259999514,0.0,1.0,1,309.0,257.8333333333333,917.6666666666666,309.6666666666667,Normal
ipcas_21:73:26,150,1,466,TIED23PROT/LLN0$Alarm,1.031885272000011,0.0,1.0,1,309.0,257.8333333333333,917.6666666666666,309.6666666666667,Normal
ipcas_21:73:26,207,1,466,TIED23MEAS/LLN0$Measurement,1.031885160999991,0.0,1.0,1,309.0,257.8333333333333,917.6666666666666,309.6666666666667,Normal
ipcas_21:73:26,150,1,467,TIED23CTRL/LLN0$Status,1.0305913450000048,0.0,1.0,1,309.6666666666667,257.55555555555554,926.0,306.5,Normal
ipcas_21:73:26,150,1,467,TIED23PROT/LLN0$Alarm,1.030596743999979,0.0,1.0,1,309.6666666666667,257.55555555555554,926.0,306.5,Normal
ipcas_21:73:26,207,1,467,TIED23MEAS/LLN0$Measurement,1.030597986000032,0.0,1.0,1,309.6666666666667,257.55555555555554,926.0,306.5,Normal
ipcas_21:73:26,150,1,468,TIED23CTRL/LLN0$Status,1.040631650000023,0.0,1.0,1,308.1666666666667,258.3333333333333,924.6666666666666,306.8333333333333,Normal
ipcas_21:73:26,150,1,468,TIED23PROT/LLN0$Alarm,1.0406257640000263,0.0,1.0,1,308.1666666666667,258.3333333333333,924.6666666666666,306.8333333333333,Normal
ipcas_21:73:26,207,1,468,TIED23MEAS/LLN0$Measurement,1.0406243659999745,0.0,1.0,1,308.1666666666667,258.3333333333333,924.6666666666666,306.8333333333333,Normal
ipcas_21:73:26,150,1,469,TIED23CTRL/LLN0$Status,1.0349441689999708,0.0,1.0,1,309.3333333333333,258.5,927.0,307.8333333333333,Normal
ipcas_21:73:26,150,1,469,TIED23PROT/LLN0$Alarm,1.0349477439999646,0.0,1.0,1,309.3333333333333,258.5,927.0,307.8333333333333,Normal
ipcas_21:73:26,207,1,469,TIED23MEAS/LLN0$Measurement,1.0349483290000308,0.0,1.0,1,309.3333333333333,258.5,927.0,307.8333333333333,Normal
ipcas_21:73:26,150,1,470,TIED23CTRL/LLN0$Status,1.062067619000004,0.0,1.0,1,309.0,259.2777777777778,923.6666666666666,307.5,Normal
ipcas_21:73:26,150,1,470,TIED23PROT/LLN0$Alarm,1.0620646539999825,0.0,1.0,1,309.0,259.2777777777778,923.6666666666666,307.5,Normal
ipcas_21:73:26,207,1,470,TIED23MEAS/LLN0$Measurement,1.0620645029999878,0.0,1.0,1,309.0,259.2777777777778,923.6666666666666,307.5,Normal
ipcas_21:73:26,150,1,471,TIED23CTRL/LLN0$Status,1.041290312000001,0.0,1.0,1,312.0,258.1666666666667,927.3333333333334,306.6666666666667,Normal
ipcas_21:73:26,150,1,471,TIED23PROT/LLN0$Alarm,1.0412899780000089,0.0,1.0,1,312.0,258.1666666666667,927.3333333333334,306.6666666666667,Normal
ipcas_21:73:26,207,1,471,TIED23MEAS/LLN0$Measurement,1.0412898029999837,0.0,1.0,1,312.0,258.1666666666667,927.3333333333334,306.6666666666667,Normal
ipcas_21:73:26,150,1,472,TIED23CTRL/LLN0$Status,1.0226993610000363,0.0,1.0,1,310.0,258.3888888888889,926.0,308.8333333333333,Normal
ipcas_21:73:26,150,1,472,TIED23PROT/LLN0$Alarm,1.0227040780000038,0.0,1.0,1,310.0,258.3888888888889,926.0,308.8333333333333,Normal
ipcas_21:73:26,207,1,472,TIED23MEAS/LLN0$Measurement,1.0227051740000093,0.0,1.0,1,310.0,258.3888888888889,926.0,308.8333333333333,Normal
ipcas_21:73:26,150,1,473,TIED23CTRL/LLN0$Status,1.0255024169999842,0.0,1.0,1,311.0,257.5,927.0,309.0,Normal
ipcas_21:73:26,150,1,473,TIED23PROT/LLN0$Alarm,1.0254982939999877,0.0,1.0,1,311.0,257.5,927.0,309.0,Normal
ipcas_21:73:26,207,1,473,TIED23MEAS/LLN0$Measurement,1.025497549000022,0.0,1.0,1,311.0,257.5,927.0,309.0,Normal
ipcas_21:73:26,150,1,474,TIED23CTRL/LLN0$Status,1.0197317629999816,0.0,1.0,1,308.8333333333333,258.8888888888889,921.6666666666666,304.8333333333333,Normal
ipcas_21:73:26,150,1,474,TIED23PROT/LLN0$Alarm,1.0197337310000307,0.0,1.0,1,308.8333333333333,258.8888888888889,921.6666666666666,304.8333333333333,Normal
ipcas_21:73:26,207,1,474,TIED23MEAS/LLN0$Measurement,1.0197333529999923,0.0,1.0,1,308.8333333333333,258.8888888888889,921.6666666666666,304.8333333333333,Normal
ipcas_21:73:26,150,1,475,TIED23CTRL/LLN0$Status,1.0452624069999956,0.0,1.0,1,310.0,257.1666666666667,924.6666666666666,308.3333333333333,Normal
ipcas_21:73:26,150,1,475,TIED23PROT/LLN0$Alarm,1.0452673780000055,0.0,1.0,1,310.0,257.1666666666667,924.6666666666666,308.3333333333333,Normal
ipcas_21:73:26,207,1,475,TIED23MEAS/LLN0$Measurement,1.0452672409999764,0.0,1.0,1,310.0,257.1666666666667,924.6666666666666,308.3333333333333,Normal
ipcas_21:73:26,150,1,476,TIED23CTRL/LLN0$Status,1.0425716820000162,0.0,1.0,1,309.8333333333333,257.1666666666667,921.0,306.6666666666667,Normal
ipcas_21:73:26,150,1,476,TIED23PROT/LLN0$Alarm,1.0425711030000002,0.0,1.0,1,309.8333333333333,257.1666666666667,921.0,306.6666666666667,Normal
ipcas_21:73:26,207,1,476,TIED23MEAS/LLN0$Measurement,1.0425716290000082,0.0,1.0,1,309.8333333333333,257.1666666666667,921.0,306.6666666666667,Normal
ipcas_21:73:26,150,1,477,TIED23CTRL/LLN0$Status,1.0267153730000018,0.0,1.0,1,309.3333333333333,257.27777777777777,927.3333333333334,308.3333333333333,Normal
ipcas_21:73:26,150,1,477,TIED23PROT/LLN0$Alarm,1.0267131399999698,0.0,1.0,1,309.3333333333333,257.27777777777777,927.3333333333334,308.3333333333333,Normal
ipcas_21:73:26,207,1,477,TIED23MEAS/LLN0$Measurement,1.026713540000003,0.0,1.0,1,309.3333333333333,257.27777777777777,927.3333333333334,308.3333333333333,Normal
ipcas_21:73:26,150,1,478,TIED23CTRL/LLN0$Status,1.0501665450000246,0.0,1.0,1,310.1666666666667,258.6111111111111,926.3333333333334,308.6666666666667,Normal
ipcas_21:73:26,150,1,478,TIED23PROT/LLN0$Alarm,1.0501645319999966,0.0,1.0,1,310.1666666666667,258.6111111111111,926.3333333333334,308.6666666666667,Normal
ipcas_21:73:26,207,1,478,TIED23MEAS/LLN0$Measurement,1.0501638239999807,0.0,1.0,1,310.1666666666667,258.6111111111111,926.3333333333334,308.6666666666667,Normal
ipcas_21:73:26,150,1,479,TIED23CTRL/LLN0$Status,1.0399801239999533,0.0,1.0,1,310.1666666666667,257.8333333333333,919.3333333333334,307.5,Normal
ipcas_21:73:26,150,1,479,TIED23PROT/LLN0$Alarm,1.0399853810000081,0.0,1.0,1,310.1666666666667,257.8333333333333,919.3333333333334,307.5,Normal
ipcas_21:73:26,207,1,479,TIED23MEAS/LLN0$Measurement,1.0399862290000215,0.0,1.0,1,310.1666666666667,257.8333333333333,919.3333333333334,307.5,Normal
ipcas_21:73:26,150,1,480,TIED23CTRL/LLN0$Status,1.036940788000038,0.0,1.0,1,307.5,259.1666666666667,929.3333333333334,308.1666666666667,Normal
ipcas_21:73:26,150,1,480,TIED23PROT/LLN0$Alarm,1.0369381060000364,0.0,1.0,1,307.5,259.1666666666667,929.3333333333334,308.1666666666667,Normal
ipcas_21:73:26,207,1,480,TIED23MEAS/LLN0$Measurement,1.0369371150000006,0.0,1.0,1,307.5,259.1666666666667,929.3333333333334,308.1666666666667,Normal
ipcas_21:73:26,150,1,481,TIED23CTRL/LLN0$Status,1.0347066009999821,0.0,1.0,1,309.6666666666667,257.61111111111114,927.6666666666666,308.5,Normal
ipcas_21:73:26,150,1,481,TIED23PROT/LLN0$Alarm,1.034706468999957,0.0,1.0,1,309.6666666666667,257.61111111111114,927.6666666666666,308.5,Normal
ipcas_21:73:26,207,1,481,TIED23MEAS/LLN0$Measurement,1.034707219999973,0.0,1.0,1,309.6666666666667,257.61111111111114,927.6666666666666,308.5,Normal
ipcas_21:73:26,150,1,482,TIED23CTRL/LLN0$Status,1.037654649999979,0.0,1.0,1,309.0,258.8888888888889,923.0,306.3333333333333,Normal
ipcas_21:73:26,150,1,482,TIED23PROT/LLN0$Alarm,1.0376495080000154,0.0,1.0,1,309.0,258.8888888888889,923.0,306.3333333333333,Normal
ipcas_21:73:26,207,1,482,TIED23MEAS/LLN0$Measurement,1.0376486920000048,0.0,1.0,1,309.0,258.8888888888889,923.0,306.3333333333333,Normal
ipcas_21:73:26,150,1,483,TIED23CTRL/LLN0$Status,1.0397957060000067,0.0,1.0,1,309.8333333333333,258.6111111111111,925.6666666666666,310.0,Normal
ipcas_21:73:26,150,1,483,TIED23PROT/LLN0$Alarm,1.0398000700000125,0.0,1.0,1,309.8333333333333,258.6111111111111,925.6666666666666,310.0,Normal
ipcas_21:73:26,207,1,483,TIED23MEAS/LLN0$Measurement,1.0398000449999927,0.0,1.0,1,309.8333333333333,258.6111111111111,925.6666666666666,310.0,Normal
ipcas_21:73:26,150,1,484,TIED23CTRL/LLN0$Status,1.0490282459999776,0.0,1.0,1,309.8333333333333,258.4444444444445,915.6666666666666,309.5,Normal
ipcas_21:73:26,150,1,484,TIED23PROT/LLN0$Alarm,1.049027333999959,0.0,1.0,1,309.8333333333333,258.4444444444445,915.6666666666666,309.5,Normal
ipcas_21:73:26,207,1,484,TIED23MEAS/LLN0$Measurement,1.049365625000064,0.0,1.0,1,309.8333333333333,258.4444444444445,915.6666666666666,309.5,Normal
ipcas_21:73:26,150,1,485,TIED23CTRL/LLN0$Status,1.0444421409999904,0.0,1.0,1,309.8333333333333,258.61111111111114,922.0,308.5,Normal
ipcas_21:73:26,150,1,485,TIED23PROT/LLN0$Alarm,1.0444412310000644,0.0,1.0,1,309.8333333333333,258.61111111111114,922.0,308.5,Normal
ipcas_21:73:26,207,1,485,TIED23MEAS/LLN0$Measurement,1.044103492999966,0.0,1.0,1,309.8333333333333,258.61111111111114,922.0,308.5,Normal
ipcas_21:73:26,150,1,486,TIED23CTRL/LLN0$Status,1.0496092740000904,0.0,1.0,1,308.8333333333333,258.4444444444445,923.0,309.5,Normal
ipcas_21:73:26,150,1,486,TIED23PROT/LLN0$Alarm,1.0496068159999368,0.0,1.0,1,308.8333333333333,258.4444444444445,923.0,309.5,Normal
ipcas_21:73:26,207,1,486,TIED23MEAS/LLN0$Measurement,1.0496064120000028,0.0,1.0,1,308.8333333333333,258.4444444444445,923.0,309.5,Normal
ipcas_21:73:26,150,1,487,TIED23CTRL/LLN0$Status,1.0164949939999133,0.0,1.0,1,309.3333333333333,258.22222222222223,923.3333333333334,311.8333333333333,Normal
ipcas_21:73:26,150,1,487,TIED23PROT/LLN0$Alarm,1.0179051669999808,0.0,1.0,1,309.3333333333333,258.22222222222223,923.3333333333334,311.8333333333333,Normal
ipcas_21:73:26,207,1,487,TIED23MEAS/LLN0$Measurement,1.0179098039999417,0.0,1.0,1,309.3333333333333,258.22222222222223,923.3333333333334,311.8333333333333,Normal
ipcas_21:73:26,150,1,488,TIED23CTRL/LLN0$Status,1.0544868740000766,0.0,1.0,1,311.5,258.61111111111114,924.0,308.6666666666667,Normal
ipcas_21:73:26,150,1,488,TIED23PROT/LLN0$Alarm,1.053081951000081,0.0,1.0,1,311.5,258.61111111111114,924.0,308.6666666666667,Normal
ipcas_21:73:26,207,1,488,TIED23MEAS/LLN0$Measurement,1.0530780090000462,0.0,1.0,1,311.5,258.61111111111114,924.0,308.6666666666667,Normal
ipcas_21:73:26,150,1,489,TIED23CTRL/LLN0$Status,1.0994529160000184,0.0,1.0,1,312.3333333333333,256.72222222222223,924.6666666666666,308.0,Normal
ipcas_21:73:26,150,1,489,TIED23PROT/LLN0$Alarm,1.099447509000015,0.0,1.0,1,312.3333333333333,256.72222222222223,924.6666666666666,308.0,Normal
ipcas_21:73:26,207,1,489,TIED23MEAS/LLN0$Measurement,1.0994466869999542,0.0,1.0,1,312.3333333333333,256.72222222222223,924.6666666666666,308.0,Normal
ipcas_21:73:26,150,1,490,TIED23CTRL/LLN0$Status,1.030357141999957,0.0,1.0,1,310.1666666666667,256.3333333333333,924.0,308.1666666666667,Normal
ipcas_21:73:26,150,1,490,TIED23PROT/LLN0$Alarm,1.0303570389999095,0.0,1.0,1,310.1666666666667,256.3333333333333,924.0,308.1666666666667,Normal
ipcas_21:73:26,207,1,490,TIED23MEAS/LLN0$Measurement,1.0303648640000347,0.0,1.0,1,310.1666666666667,256.3333333333333,924.0,308.1666666666667,Normal
ipcas_21:73:26,150,1,491,TIED23CTRL/LLN0$Status,1.0291595310000048,0.0,1.0,1,311.3333333333333,257.72222222222223,920.3333333333334,309.3333333333333,Normal
ipcas_21:73:26,150,1,491,TIED23PROT/LLN0$Alarm,1.029159570000047,0.0,1.0,1,311.3333333333333,257.72222222222223,920.3333333333334,309.3333333333333,Normal
ipcas_21:73:26,207,1,491,TIED23MEAS/LLN0$Measurement,1.0291517770000382,0.0,1.0,1,311.3333333333333,257.72222222222223,920.3333333333334,309.3333333333333,Normal
ipcas_21:73:26,150,1,492,TIED23CTRL/LLN0$Status,1.0416617099999712,0.0,1.0,1,310.3333333333333,257.16666666666663,921.6666666666666,305.1666666666667,Normal
ipcas_21:73:26,150,1,492,TIED23PROT/LLN0$Alarm,1.0416666930000247,0.0,1.0,1,310.3333333333333,257.16666666666663,921.6666666666666,305.1666666666667,Normal
ipcas_21:73:26,207,1,492,TIED23MEAS/LLN0$Measurement,1.0421467879999682,0.0,1.0,1,310.3333333333333,257.16666666666663,921.6666666666666,305.1666666666667,Normal
ipcas_21:73:26,150,1,493,TIED23CTRL/LLN0$Status,1.060235116000058,0.0,1.0,1,309.0,257.6111111111111,928.0,310.5,Normal
ipcas_21:73:26,150,1,493,TIED23PROT/LLN0$Alarm,1.0602357789999814,0.0,1.0,1,309.0,257.6111111111111,928.0,310.5,Normal
ipcas_21:73:26,207,1,493,TIED23MEAS/LLN0$Measurement,1.059756300999993,0.0,1.0,1,309.0,257.6111111111111,928.0,310.5,Normal
ipcas_21:73:26,150,1,494,TIED23CTRL/LLN0$Status,1.585745815999985,0.0,1.0,1,309.6666666666667,257.8333333333333,924.3333333333334,309.3333333333333,Normal
ipcas_21:73:26,150,1,494,TIED23PROT/LLN0$Alarm,1.5857428350000191,0.0,1.0,1,309.6666666666667,257.8333333333333,924.3333333333334,309.3333333333333,Normal
ipcas_21:73:26,207,1,494,TIED23MEAS/LLN0$Measurement,1.585742544000027,0.0,1.0,1,309.6666666666667,257.8333333333333,924.3333333333334,309.3333333333333,Normal
ipcas_21:73:26,150,1,495,TIED23CTRL/LLN0$Status,1.037842965999971,0.0,1.0,1,309.5,257.8888888888889,923.3333333333334,308.1666666666667,Normal
ipcas_21:73:26,150,1,495,TIED23PROT/LLN0$Alarm,1.037845768000011,0.0,1.0,1,309.5,257.8888888888889,923.3333333333334,308.1666666666667,Normal
ipcas_21:73:26,207,1,495,TIED23MEAS/LLN0$Measurement,1.037845692000019,0.0,1.0,1,309.5,257.8888888888889,923.3333333333334,308.1666666666667,Normal
ipcas_21:73:26,150,1,496,TIED23CTRL/LLN0$Status,1.0310053120000475,0.0,1.0,1,311.6666666666667,258.3333333333333,929.6666666666666,308.8333333333333,Normal
ipcas_21:73:26,150,1,496,TIED23PROT/LLN0$Alarm,1.0310028379999494,0.0,1.0,1,311.6666666666667,258.3333333333333,929.6666666666666,308.8333333333333,Normal
ipcas_21:73:26,207,1,496,TIED23MEAS/LLN0$Measurement,1.0310028629999124,0.0,1.0,1,311.6666666666667,258.3333333333333,929.6666666666666,308.8333333333333,Normal
ipcas_21:73:26,150,1,497,TIED23CTRL/LLN0$Status,1.0356617429999915,0.0,1.0,1,309.8333333333333,258.5555555555556,924.6666666666666,308.8333333333333,Normal
ipcas_21:73:26,150,1,497,TIED23PROT/LLN0$Alarm,1.0356638060000023,0.0,1.0,1,309.8333333333333,258.5555555555556,924.6666666666666,308.8333333333333,Normal
ipcas_21:73:26,207,1,497,TIED23MEAS/LLN0$Measurement,1.035664324000095,0.0,1.0,1,309.8333333333333,258.5555555555556,924.6666666666666,308.8333333333333,Normal
ipcas_21:73:26,150,1,498,TIED23CTRL/LLN0$Status,1.0372328280000147,0.0,1.0,1,312.1666666666667,257.0555555555556,925.6666666666666,307.5,Normal
ipcas_21:73:26,150,1,498,TIED23PROT/LLN0$Alarm,1.037230247000025,0.0,1.0,1,312.1666666666667,257.0555555555556,925.6666666666666,307.5,Normal
ipcas_21:73:26,207,1,498,TIED23MEAS/LLN0$Measurement,1.0372294740000143,0.0,1.0,1,312.1666666666667,257.0555555555556,925.6666666666666,307.5,Normal
ipcas_21:73:26,150,1,499,TIED23CTRL/LLN0$Status,1.0432319479999705,0.0,1.0,1,310.3333333333333,258.3333333333333,926.6666666666666,310.5,Normal
ipcas_21:73:26,150,1,499,TIED23PROT/LLN0$Alarm,1.0432342740000422,0.0,1.0,1,310.3333333333333,258.3333333333333,926.6666666666666,310.5,Normal
ipcas_21:73:26,207,1,499,TIED23MEAS/LLN0$Measurement,1.0432345419999365,0.0,1.0,1,310.3333333333333,258.3333333333333,926.6666666666666,310.5,Normal
ipcas_21:73:26,150,1,500,TIED23CTRL/LLN0$Status,1.040777176000006,0.0,1.0,1,312.8333333333333,259.3333333333333,919.6666666666666,306.1666666666667,Normal
ipcas_21:73:26,150,1,500,TIED23PROT/LLN0$Alarm,1.0407724449999023,0.0,1.0,1,312.8333333333333,259.3333333333333,919.6666666666666,306.1666666666667,Normal
ipcas_21:73:26,207,1,500,TIED23MEAS/LLN0$Measurement,1.0407721180000635,0.0,1.0,1,312.8333333333333,259.3333333333333,919.6666666666666,306.1666666666667,Normal
ipcas_21:73:26,150,1,501,TIED23CTRL/LLN0$Status,1.0313114109999333,0.0,1.0,1,310.0,257.6111111111111,923.6666666666666,306.8333333333333,Normal
ipcas_21:73:26,150,1,501,TIED23PROT/LLN0$Alarm,1.031311487000039,0.0,1.0,1,310.0,257.6111111111111,923.6666666666666,306.8333333333333,Normal
ipcas_21:73:26,207,1,501,TIED23MEAS/LLN0$Measurement,1.0313119699999334,0.0,1.0,1,310.0,257.6111111111111,923.6666666666666,306.8333333333333,Normal
ipcas_21:73:26,150,1,502,TIED23CTRL/LLN0$Status,1.0447176600000603,0.0,1.0,1,310.8333333333333,257.1666666666667,923.6666666666666,308.6666666666667,Normal
ipcas_21:73:26,150,1,502,TIED23PROT/LLN0$Alarm,1.0447209200000316,0.0,1.0,1,310.8333333333333,257.1666666666667,923.6666666666666,308.6666666666667,Normal
ipcas_21:73:26,207,1,502,TIED23MEAS/LLN0$Measurement,1.0447214629999735,0.0,1.0,1,310.8333333333333,257.1666666666667,923.6666666666666,308.6666666666667,Normal
ipcas_21:73:26,150,1,503,TIED23CTRL/LLN0$Status,1.0249759380000114,0.0,1.0,1,310.3333333333333,258.5,928.3333333333334,306.0,Normal
ipcas_21:73:26,150,1,503,TIED23PROT/LLN0$Alarm,1.025075802999936,0.0,1.0,1,310.3333333333333,258.5,928.3333333333334,306.0,Normal
ipcas_21:73:26,207,1,503,TIED23MEAS/LLN0$Measurement,1.0253279050000401,0.0,1.0,1,310.3333333333333,258.5,928.3333333333334,306.0,Normal
ipcas_21:73:26,150,1,504,TIED23CTRL/LLN0$Status,1.044438060999937,0.0,1.0,1,309.3333333333333,257.72222222222223,926.3333333333334,305.8333333333333,Normal
ipcas_21:73:26,150,1,504,TIED23PROT/LLN0$Alarm,1.0443401840000206,0.0,1.0,1,309.3333333333333,257.72222222222223,926.3333333333334,305.8333333333333,Normal
ipcas_21:73:26,207,1,504,TIED23MEAS/LLN0$Measurement,1.044246631999954,0.0,1.0,1,309.3333333333333,257.72222222222223,926.3333333333334,305.8333333333333,Normal
ipcas_21:73:26,150,1,505,TIED23CTRL/LLN0$Status,1.0819842470000367,0.0,1.0,1,308.3333333333333,256.6666666666667,927.0,308.0,Normal
ipcas_21:73:26,150,1,505,TIED23PROT/LLN0$Alarm,1.0819821510000338,0.0,1.0,1,308.3333333333333,256.6666666666667,927.0,308.0,Normal
ipcas_21:73:26,207,1,505,TIED23MEAS/LLN0$Measurement,1.0818230080000149,0.0,1.0,1,308.3333333333333,256.6666666666667,927.0,308.0,Normal
ipcas_21:73:26,150,1,506,TIED23CTRL/LLN0$Status,1.0384445529999766,0.0,1.0,1,309.6666666666667,258.2222222222222,920.0,310.5,Normal
ipcas_21:73:26,150,1,506,TIED23PROT/LLN0$Alarm,1.039154516999929,0.0,1.0,1,309.6666666666667,258.2222222222222,920.0,310.5,Normal
ipcas_21:73:26,207,1,506,TIED23MEAS/LLN0$Measurement,1.0394587939999838,0.0,1.0,1,309.6666666666667,258.2222222222222,920.0,310.5,Normal
ipcas_21:73:26,150,1,507,TIED23CTRL/LLN0$Status,1.043262100999982,0.0,1.0,1,309.5,256.6111111111111,920.6666666666666,306.6666666666667,Normal
ipcas_21:73:26,150,1,507,TIED23PROT/LLN0$Alarm,1.0425545490001014,0.0,1.0,1,309.5,256.6111111111111,920.6666666666666,306.6666666666667,Normal
ipcas_21:73:26,207,1,507,TIED23MEAS/LLN0$Measurement,1.042249894000065,0.0,1.0,1,309.5,256.6111111111111,920.6666666666666,306.6666666666667,Normal
ipcas_21:73:26,150,1,508,TIED23CTRL/LLN0$Status,1.0522818470000175,0.0,1.0,1,312.6666666666667,256.61111111111114,921.0,308.6666666666667,Normal
ipcas_21:73:26,150,1,508,TIED23PROT/LLN0$Alarm,1.0522786189999351,0.0,1.0,1,312.6666666666667,256.61111111111114,921.0,308.6666666666667,Normal
ipcas_21:73:26,207,1,508,TIED23MEAS/LLN0$Measurement,1.0522787930000277,0.0,1.0,1,312.6666666666667,256.61111111111114,921.0,308.6666666666667,Normal
ipcas_21:73:26,150,1,509,TIED23CTRL/LLN0$Status,1.0440571280000768,0.0,1.0,1,310.6666666666667,257.5,924.0,310.5,Normal
ipcas_21:73:26,150,1,509,TIED23PROT/LLN0$Alarm,1.044057352999971,0.0,1.0,1,310.6666666666667,257.5,924.0,310.5,Normal
ipcas_21:73:26,207,1,509,TIED23MEAS/LLN0$Measurement,1.0440575119999949,0.0,1.0,1,310.6666666666667,257.5,924.0,310.5,Normal
ipcas_21:73:26,150,1,510,TIED23CTRL/LLN0$Status,1.0555382389999295,0.0,1.0,1,308.8333333333333,257.0555555555556,918.3333333333334,308.5,Normal
ipcas_21:73:26,150,1,510,TIED23PROT/LLN0$Alarm,1.0555382780000855,0.0,1.0,1,308.8333333333333,257.0555555555556,918.3333333333334,308.5,Normal
ipcas_21:73:26,207,1,510,TIED23MEAS/LLN0$Measurement,1.055538298999977,0.0,1.0,1,308.8333333333333,257.0555555555556,918.3333333333334,308.5,Normal
ipcas_21:73:26,150,1,511,TIED23CTRL/LLN0$Status,1.0400559980000708,0.0,1.0,1,310.1666666666667,258.6111111111111,920.6666666666666,309.3333333333333,Normal
ipcas_21:73:26,150,1,511,TIED23PROT/LLN0$Alarm,1.0400567539999201,0.0,1.0,1,310.1666666666667,258.6111111111111,920.6666666666666,309.3333333333333,Normal
ipcas_21:73:26,207,1,511,TIED23MEAS/LLN0$Measurement,1.040419859999929,0.0,1.0,1,310.1666666666667,258.6111111111111,920.6666666666666,309.3333333333333,Normal
ipcas_21:73:26,150,1,512,TIED23CTRL/LLN0$Status,1.060551352999937,0.0,1.0,1,308.6666666666667,259.5555555555556,924.3333333333334,306.0,Normal
ipcas_21:73:26,150,1,512,TIED23PROT/LLN0$Alarm,1.0605507590000798,0.0,1.0,1,308.6666666666667,259.5555555555556,924.3333333333334,306.0,Normal
ipcas_21:73:26,207,1,512,TIED23MEAS/LLN0$Measurement,1.0601877900001,0.0,1.0,1,308.6666666666667,259.5555555555556,924.3333333333334,306.0,Normal
ipcas_21:73:26,150,1,513,TIED23CTRL/LLN0$Status,1.0735837099999799,0.0,1.0,1,311.1666666666667,258.6666666666667,918.0,309.0,Normal
ipcas_21:73:26,150,1,513,TIED23PROT/LLN0$Alarm,1.0738115509999488,0.0,1.0,1,311.1666666666667,258.6666666666667,918.0,309.0,Normal
ipcas_21:73:26,207,1,513,TIED23MEAS/LLN0$Measurement,1.074114925999993,0.0,1.0,1,311.1666666666667,258.6666666666667,918.0,309.0,Normal
ipcas_21:73:26,150,1,514,TIED23CTRL/LLN0$Status,1.0419126059999826,0.0,1.0,1,310.6666666666667,257.5,926.6666666666666,308.1666666666667,Normal
ipcas_21:73:26,150,1,514,TIED23PROT/LLN0$Alarm,1.041682174000016,0.0,1.0,1,310.6666666666667,257.5,926.6666666666666,308.1666666666667,Normal
ipcas_21:73:26,207,1,514,TIED23MEAS/LLN0$Measurement,1.041378330999919,0.0,1.0,1,310.6666666666667,257.5,926.6666666666666,308.1666666666667,Normal
ipcas_21:73:26,150,1,515,TIED23CTRL/LLN0$Status,1.0258606450000798,0.0,1.0,1,307.0,258.4444444444445,922.0,308.3333333333333,Normal
ipcas_21:73:26,150,1,515,TIED23PROT/LLN0$Alarm,1.0258645879999904,0.0,1.0,1,307.0,258.4444444444445,922.0,308.3333333333333,Normal
ipcas_21:73:26,207,1,515,TIED23MEAS/LLN0$Measurement,1.0258654030000116,0.0,1.0,1,307.0,258.4444444444445,922.0,308.3333333333333,Normal
ipcas_21:73:26,150,1,516,TIED23CTRL/LLN0$Status,1.0308985899999925,0.0,1.0,1,310.6666666666667,258.1111111111111,926.0,306.5,Normal
ipcas_21:73:26,150,1,516,TIED23PROT/LLN0$Alarm,1.0308996630000138,0.0,1.0,1,310.6666666666667,258.1111111111111,926.0,306.5,Normal
ipcas_21:73:26,207,1,516,TIED23MEAS/LLN0$Measurement,1.0308989129999873,0.0,1.0,1,310.6666666666667,258.1111111111111,926.0,306.5,Normal
ipcas_21:73:26,150,1,517,TIED23CTRL/LLN0$Status,1.0626773079999339,0.0,1.0,1,308.0,259.1111111111111,929.6666666666666,309.5,Normal
ipcas_21:73:26,150,1,517,TIED23PROT/LLN0$Alarm,1.0626764339999681,0.0,1.0,1,308.0,259.1111111111111,929.6666666666666,309.5,Normal
ipcas_21:73:26,207,1,517,TIED23MEAS/LLN0$Measurement,1.0626768500000026,0.0,1.0,1,308.0,259.1111111111111,929.6666666666666,309.5,Normal
ipcas_21:73:26,150,1,518,TIED23CTRL/LLN0$Status,1.0233641940000098,0.0,1.0,1,309.3333333333333,258.27777777777777,922.3333333333334,306.6666666666667,Normal
ipcas_21:73:26,150,1,518,TIED23PROT/LLN0$Alarm,1.023582088000012,0.0,1.0,1,309.3333333333333,258.27777777777777,922.3333333333334,306.6666666666667,Normal
ipcas_21:73:26,207,1,518,TIED23MEAS/LLN0$Measurement,1.0239176300000281,0.0,1.0,1,309.3333333333333,258.27777777777777,922.3333333333334,306.6666666666667,Normal
ipcas_21:73:26,150,1,519,TIED23CTRL/LLN0$Status,1.0469510000000355,0.0,1.0,1,310.6666666666667,257.38888888888886,927.0,308.5,Normal
ipcas_21:73:26,150,1,519,TIED23PROT/LLN0$Alarm,1.0467352629999596,0.0,1.0,1,310.6666666666667,257.38888888888886,927.0,308.5,Normal
ipcas_21:73:26,207,1,519,TIED23MEAS/LLN0$Measurement,1.0463992669999698,0.0,1.0,1,310.6666666666667,257.38888888888886,927.0,308.5,Normal
ipcas_21:73:26,150,1,520,TIED23CTRL/LLN0$Status,1.04397466599994,0.0,1.0,1,310.5,257.6111111111111,930.3333333333334,310.0,Normal
ipcas_21:73:26,150,1,520,TIED23PROT/LLN0$Alarm,1.043974629000104,0.0,1.0,1,310.5,257.6111111111111,930.3333333333334,310.0,Normal
ipcas_21:73:26,207,1,520,TIED23MEAS/LLN0$Measurement,1.0439752160000353,0.0,1.0,1,310.5,257.6111111111111,930.3333333333334,310.0,Normal
ipcas_21:73:26,150,1,521,TIED23CTRL/LLN0$Status,1.0353641190000644,0.0,1.0,1,310.1666666666667,258.22222222222223,931.6666666666666,305.3333333333333,Normal
ipcas_21:73:26,150,1,521,TIED23PROT/LLN0$Alarm,1.0358387149999544,0.0,1.0,1,310.1666666666667,258.22222222222223,931.6666666666666,305.3333333333333,Normal
ipcas_21:73:26,207,1,521,TIED23MEAS/LLN0$Measurement,1.035841233000042,0.0,1.0,1,310.1666666666667,258.22222222222223,931.6666666666666,305.3333333333333,Normal
ipcas_21:73:26,150,1,522,TIED23CTRL/LLN0$Status,1.048145045999945,0.0,1.0,1,311.5,257.44444444444446,920.0,309.8333333333333,Normal
ipcas_21:73:26,150,1,522,TIED23PROT/LLN0$Alarm,1.0476667220000309,0.0,1.0,1,311.5,257.44444444444446,920.0,309.8333333333333,Normal
ipcas_21:73:26,207,1,522,TIED23MEAS/LLN0$Measurement,1.0476635189999115,0.0,1.0,1,311.5,257.44444444444446,920.0,309.8333333333333,Normal
ipcas_21:73:26,150,1,523,TIED23CTRL/LLN0$Status,1.0186059480000722,0.0,1.0,1,308.3333333333333,257.5,929.3333333333334,308.1666666666667,Normal
ipcas_21:73:26,150,1,523,TIED23PROT/LLN0$Alarm,1.0186054549999426,0.0,1.0,1,308.3333333333333,257.5,929.3333333333334,308.1666666666667,Normal
ipcas_21:73:26,207,1,523,TIED23MEAS/LLN0$Measurement,1.0186282570000458,0.0,1.0,1,308.3333333333333,257.5,929.3333333333334,308.1666666666667,Normal
ipcas_21:73:26,150,1,524,TIED23CTRL/LLN0$Status,1.0444812399999819,0.0,1.0,1,309.1666666666667,259.0,921.0,309.8333333333333,Normal
ipcas_21:73:26,150,1,524,TIED23PROT/LLN0$Alarm,1.0447395410000127,0.0,1.0,1,309.1666666666667,259.0,921.0,309.8333333333333,Normal
ipcas_21:73:26,207,1,524,TIED23MEAS/LLN0$Measurement,1.0448917930000334,0.0,1.0,1,309.1666666666667,259.0,921.0,309.8333333333333,Normal
ipcas_21:73:26,150,1,525,TIED23CTRL/LLN0$Status,1.051028274000032,0.0,1.0,1,310.8333333333333,256.6666666666667,929.0,309.6666666666667,Normal
ipcas_21:73:26,150,1,525,TIED23PROT/LLN0$Alarm,1.0507784390000552,0.0,1.0,1,310.8333333333333,256.6666666666667,929.0,309.6666666666667,Normal
ipcas_21:73:26,207,1,525,TIED23MEAS/LLN0$Measurement,1.050604200999942,0.0,1.0,1,310.8333333333333,256.6666666666667,929.0,309.6666666666667,Normal
ipcas_21:73:26,150,1,526,TIED23CTRL/LLN0$Status,1.0456540359999735,0.0,1.0,1,310.0,257.27777777777777,925.0,309.3333333333333,Normal
ipcas_21:73:26,150,1,526,TIED23PROT/LLN0$Alarm,1.0456520169999521,0.0,1.0,1,310.0,257.27777777777777,925.0,309.3333333333333,Normal
ipcas_21:73:26,207,1,526,TIED23MEAS/LLN0$Measurement,1.0456516909999891,0.0,1.0,1,310.0,257.27777777777777,925.0,309.3333333333333,Normal
ipcas_21:73:26,150,1,527,TIED23CTRL/LLN0$Status,1.0522997340000302,0.0,1.0,1,309.3333333333333,259.2777777777778,927.3333333333334,308.5,Normal
ipcas_21:73:26,150,1,527,TIED23PROT/LLN0$Alarm,1.052295694999998,0.0,1.0,1,309.3333333333333,259.2777777777778,927.3333333333334,308.5,Normal
ipcas_21:73:26,207,1,527,TIED23MEAS/LLN0$Measurement,1.052295541000035,0.0,1.0,1,309.3333333333333,259.2777777777778,927.3333333333334,308.5,Normal
ipcas_21:73:26,150,1,528,TIED23CTRL/LLN0$Status,1.0301213059999554,0.0,1.0,1,311.0,257.5555555555556,919.3333333333334,307.5,Normal
ipcas_21:73:26,150,1,528,TIED23PROT/LLN0$Alarm,1.0301232770000297,0.0,1.0,1,311.0,257.5555555555556,919.3333333333334,307.5,Normal
ipcas_21:73:26,207,1,528,TIED23MEAS/LLN0$Measurement,1.0301232489999848,0.0,1.0,1,311.0,257.5555555555556,919.3333333333334,307.5,Normal
ipcas_21:73:26,150,1,529,TIED23CTRL/LLN0$Status,1.0390037739999798,0.0,1.0,1,312.3333333333333,257.22222222222223,921.6666666666666,309.6666666666667,Normal
ipcas_21:73:26,150,1,529,TIED23PROT/LLN0$Alarm,1.0390065299999378,0.0,1.0,1,312.3333333333333,257.22222222222223,921.6666666666666,309.6666666666667,Normal
ipcas_21:73:26,207,1,529,TIED23MEAS/LLN0$Measurement,1.039007538000078,0.0,1.0,1,312.3333333333333,257.22222222222223,921.6666666666666,309.6666666666667,Normal
ipcas_21:73:26,150,1,530,TIED23CTRL/LLN0$Status,1.0592173779999712,0.0,1.0,1,310.1666666666667,259.3888888888889,920.0,307.1666666666667,Normal
ipcas_21:73:26,150,1,530,TIED23PROT/LLN0$Alarm,1.0592119760000287,0.0,1.0,1,310.1666666666667,259.3888888888889,920.0,307.1666666666667,Normal
ipcas_21:73:26,207,1,530,TIED23MEAS/LLN0$Measurement,1.0596340129999362,0.0,1.0,1,310.1666666666667,259.3888888888889,920.0,307.1666666666667,Normal
ipcas_21:73:26,150,1,531,TIED23CTRL/LLN0$Status,1.0457825720000073,0.0,1.0,1,312.0,259.22222222222223,924.0,306.5,Normal
ipcas_21:73:26,150,1,531,TIED23PROT/LLN0$Alarm,1.04578003000006,0.0,1.0,1,312.0,259.22222222222223,924.0,306.5,Normal
ipcas_21:73:26,207,1,531,TIED23MEAS/LLN0$Measurement,1.0453565960000333,0.0,1.0,1,312.0,259.22222222222223,924.0,306.5,Normal
ipcas_21:73:26,150,1,532,TIED23CTRL/LLN0$Status,1.0135688420000406,0.0,1.0,1,314.5,258.6666666666667,924.6666666666666,310.0,Normal
ipcas_21:73:26,150,1,532,TIED23PROT/LLN0$Alarm,1.0135722739998982,0.0,1.0,1,314.5,258.6666666666667,924.6666666666666,310.0,Normal
ipcas_21:73:26,207,1,532,TIED23MEAS/LLN0$Measurement,1.0135726139999406,0.0,1.0,1,314.5,258.6666666666667,924.6666666666666,310.0,Normal
ipcas_21:73:26,150,1,533,TIED23CTRL/LLN0$Status,1.0170779600000515,0.0,1.0,1,310.5,258.27777777777777,918.0,305.5,Normal
ipcas_21:73:26,150,1,533,TIED23PROT/LLN0$Alarm,1.0170755600000803,0.0,1.0,1,310.5,258.27777777777777,918.0,305.5,Normal
ipcas_21:73:26,207,1,533,TIED23MEAS/LLN0$Measurement,1.0170757399999957,0.0,1.0,1,310.5,258.27777777777777,918.0,305.5,Normal
ipcas_21:73:26,150,1,534,TIED23CTRL/LLN0$Status,1.0225452849999783,0.0,1.0,1,309.8333333333333,258.88888888888886,923.6666666666666,308.3333333333333,Normal
ipcas_21:73:26,150,1,534,TIED23PROT/LLN0$Alarm,1.0225430869999173,0.0,1.0,1,309.8333333333333,258.88888888888886,923.6666666666666,308.3333333333333,Normal
ipcas_21:73:26,207,1,534,TIED23MEAS/LLN0$Measurement,1.0225425400000177,0.0,1.0,1,309.8333333333333,258.88888888888886,923.6666666666666,308.3333333333333,Normal
ipcas_21:73:26,150,1,535,TIED23CTRL/LLN0$Status,1.0313127050000048,0.0,1.0,1,309.5,257.7777777777778,918.3333333333334,306.5,Normal
ipcas_21:73:26,150,1,535,TIED23PROT/LLN0$Alarm,1.0313122740000153,0.0,1.0,1,309.5,257.7777777777778,918.3333333333334,306.5,Normal
ipcas_21:73:26,207,1,535,TIED23MEAS/LLN0$Measurement,1.0313124970000445,0.0,1.0,1,309.5,257.7777777777778,918.3333333333334,306.5,Normal
ipcas_21:73:26,150,1,536,TIED23CTRL/LLN0$Status,1.0384023550000165,0.0,1.0,1,309.5,257.6666666666667,918.0,308.0,Normal
ipcas_21:73:26,150,1,536,TIED23PROT/LLN0$Alarm,1.0384110080000255,0.0,1.0,1,309.5,257.6666666666667,918.0,308.0,Normal
ipcas_21:73:26,207,1,536,TIED23MEAS/LLN0$Measurement,1.038411999999994,0.0,1.0,1,309.5,257.6666666666667,918.0,308.0,Normal
ipcas_21:73:26,150,1,537,TIED23CTRL/LLN0$Status,1.0302120540000033,0.0,1.0,1,313.0,257.5,922.3333333333334,306.0,Normal
ipcas_21:73:26,150,1,537,TIED23PROT/LLN0$Alarm,1.030206546000045,0.0,1.0,1,313.0,257.5,922.3333333333334,306.0,Normal
ipcas_21:73:26,207,1,537,TIED23MEAS/LLN0$Measurement,1.0302057579999655,0.0,1.0,1,313.0,257.5,922.3333333333334,306.0,Normal
ipcas_21:73:26,150,1,538,TIED23CTRL/LLN0$Status,1.023569193999947,0.0,1.0,1,310.8333333333333,258.0,917.6666666666666,308.5,Normal
ipcas_21:73:26,150,1,538,TIED23PROT/LLN0$Alarm,1.0238161119999631,0.0,1.0,1,310.8333333333333,258.0,917.6666666666666,308.5,Normal
ipcas_21:73:26,207,1,538,TIED23MEAS/LLN0$Measurement,1.0241885469999943,0.0,1.0,1,310.8333333333333,258.0,917.6666666666666,308.5,Normal
ipcas_21:73:26,150,1,539,TIED23CTRL/LLN0$Status,1.053047599000024,0.0,1.0,1,309.8333333333333,258.5,920.3333333333334,307.5,Normal
ipcas_21:73:26,150,1,539,TIED23PROT/LLN0$Alarm,1.0531900429999723,0.0,1.0,1,309.8333333333333,258.5,920.3333333333334,307.5,Normal
ipcas_21:73:26,207,1,539,TIED23MEAS/LLN0$Measurement,1.053119653000067,0.0,1.0,1,309.8333333333333,258.5,920.3333333333334,307.5,Normal
ipcas_21:73:26,150,1,540,TIED23CTRL/LLN0$Status,1.0740041479999718,0.0,1.0,1,311.0,258.6666666666667,929.3333333333334,310.0,Normal
ipcas_21:73:26,150,1,540,TIED23PROT/LLN0$Alarm,1.073926707000055,0.0,1.0,1,311.0,258.6666666666667,929.3333333333334,310.0,Normal
ipcas_21:73:26,207,1,540,TIED23MEAS/LLN0$Measurement,1.073767711999949,0.0,1.0,1,311.0,258.6666666666667,929.3333333333334,310.0,Normal
ipcas_21:73:26,150,1,541,TIED23CTRL/LLN0$Status,1.0523409800000536,0.0,1.0,1,310.1666666666667,258.1666666666667,927.0,305.6666666666667,Normal
ipcas_21:73:26,150,1,541,TIED23PROT/LLN0$Alarm,1.0525262219999831,0.0,1.0,1,310.1666666666667,258.1666666666667,927.0,305.6666666666667,Normal
ipcas_21:73:26,207,1,541,TIED23MEAS/LLN0$Measurement,1.0523868930000617,0.0,1.0,1,310.1666666666667,258.1666666666667,927.0,305.6666666666667,Normal
ipcas_21:73:26,150,1,542,TIED23CTRL/LLN0$Status,1.0431069379999371,0.0,1.0,1,311.6666666666667,258.0555555555555,922.3333333333334,310.6666666666667,Normal
ipcas_21:73:26,150,1,542,TIED23PROT/LLN0$Alarm,1.0426115069999469,0.0,1.0,1,311.6666666666667,258.0555555555555,922.3333333333334,310.6666666666667,Normal
ipcas_21:73:26,207,1,542,TIED23MEAS/LLN0$Measurement,1.042608209999912,0.0,1.0,1,311.6666666666667,258.0555555555555,922.3333333333334,310.6666666666667,Normal
ipcas_21:73:26,150,1,543,TIED23CTRL/LLN0$Status,1.050128954999991,0.0,1.0,1,311.5,256.77777777777777,920.6666666666666,308.6666666666667,Normal
ipcas_21:73:26,150,1,543,TIED23PROT/LLN0$Alarm,1.050236618000099,0.0,1.0,1,311.5,256.77777777777777,920.6666666666666,308.6666666666667,Normal
ipcas_21:73:26,207,1,543,TIED23MEAS/LLN0$Measurement,1.0502390259999856,0.0,1.0,1,311.5,256.77777777777777,920.6666666666666,308.6666666666667,Normal
ipcas_21:73:26,150,1,544,TIED23CTRL/LLN0$Status,1.0597611839999672,0.0,1.0,1,308.3333333333333,258.5,925.3333333333334,306.0,Normal
ipcas_21:73:26,150,1,544,TIED23PROT/LLN0$Alarm,1.0596529269998882,0.0,1.0,1,308.3333333333333,258.5,925.3333333333334,306.0,Normal
ipcas_21:73:26,207,1,544,TIED23MEAS/LLN0$Measurement,1.059650083000065,0.0,1.0,1,308.3333333333333,258.5,925.3333333333334,306.0,Normal
ipcas_21:73:26,150,1,545,TIED23CTRL/LLN0$Status,1.048220291000007,0.0,1.0,1,310.0,257.88888888888886,923.3333333333334,310.3333333333333,Normal
ipcas_21:73:26,150,1,545,TIED23PROT/LLN0$Alarm,1.0482375210000328,0.0,1.0,1,310.0,257.88888888888886,923.3333333333334,310.3333333333333,Normal
ipcas_21:73:26,207,1,545,TIED23MEAS/LLN0$Measurement,1.0482384130000355,0.0,1.0,1,310.0,257.88888888888886,923.3333333333334,310.3333333333333,Normal
ipcas_21:73:26,150,1,546,TIED23CTRL/LLN0$Status,1.0549183269999958,0.0,1.0,1,311.0,257.0555555555555,926.6666666666666,309.8333333333333,Normal
ipcas_21:73:26,150,1,546,TIED23PROT/LLN0$Alarm,1.054904949000047,0.0,1.0,1,311.0,257.0555555555555,926.6666666666666,309.8333333333333,Normal
ipcas_21:73:26,207,1,546,TIED23MEAS/LLN0$Measurement,1.0549044699999968,0.0,1.0,1,311.0,257.0555555555555,926.6666666666666,309.8333333333333,Normal
ipcas_21:73:26,150,1,547,TIED23CTRL/LLN0$Status,1.0366236790000585,0.0,1.0,1,310.0,258.27777777777777,923.3333333333334,307.6666666666667,Normal
ipcas_21:73:26,150,1,547,TIED23PROT/LLN0$Alarm,1.0366155880000179,0.0,1.0,1,310.0,258.27777777777777,923.3333333333334,307.6666666666667,Normal
ipcas_21:73:26,207,1,547,TIED23MEAS/LLN0$Measurement,1.036615138000002,0.0,1.0,1,310.0,258.27777777777777,923.3333333333334,307.6666666666667,Normal
ipcas_21:73:26,150,1,548,TIED23CTRL/LLN0$Status,1.027794211000014,0.0,1.0,1,312.3333333333333,257.1666666666667,927.3333333333334,310.1666666666667,Normal
ipcas_21:73:26,150,1,548,TIED23PROT/LLN0$Alarm,1.027794207999932,0.0,1.0,1,312.3333333333333,257.1666666666667,927.3333333333334,310.1666666666667,Normal
ipcas_21:73:26,207,1,548,TIED23MEAS/LLN0$Measurement,1.027793931999895,0.0,1.0,1,312.3333333333333,257.1666666666667,927.3333333333334,310.1666666666667,Normal
ipcas_21:73:26,150,1,549,TIED23CTRL/LLN0$Status,1.0211225619999595,0.0,1.0,1,310.3333333333333,256.22222222222223,926.0,309.8333333333333,Normal
ipcas_21:73:26,150,1,549,TIED23PROT/LLN0$Alarm,1.0211242180000681,0.0,1.0,1,310.3333333333333,256.22222222222223,926.0,309.8333333333333,Normal
ipcas_21:73:26,207,1,549,TIED23MEAS/LLN0$Measurement,1.0211247400000047,0.0,1.0,1,310.3333333333333,256.22222222222223,926.0,309.8333333333333,Normal
ipcas_21:73:26,150,1,550,TIED23CTRL/LLN0$Status,1.0429987200000141,0.0,1.0,1,309.1666666666667,257.0,927.0,308.1666666666667,Normal
ipcas_21:73:26,150,1,550,TIED23PROT/LLN0$Alarm,1.043005717999904,0.0,1.0,1,309.1666666666667,257.0,927.0,308.1666666666667,Normal
ipcas_21:73:26,207,1,550,TIED23MEAS/LLN0$Measurement,1.0430059160000837,0.0,1.0,1,309.1666666666667,257.0,927.0,308.1666666666667,Normal
ipcas_21:73:26,150,1,551,TIED23CTRL/LLN0$Status,1.096996009999998,0.0,1.0,1,309.1666666666667,258.5,924.0,308.0,Normal
ipcas_21:73:26,150,1,551,TIED23PROT/LLN0$Alarm,1.0969874510000182,0.0,1.0,1,309.1666666666667,258.5,924.0,308.0,Normal
ipcas_21:73:26,207,1,551,TIED23MEAS/LLN0$Measurement,1.0969870569999784,0.0,1.0,1,309.1666666666667,258.5,924.0,308.0,Normal
ipcas_21:73:26,150,1,552,TIED23CTRL/LLN0$Status,1.0345753049999757,0.0,1.0,1,308.8333333333333,258.5,916.3333333333334,304.5,Normal
ipcas_21:73:26,150,1,552,TIED23PROT/LLN0$Alarm,1.0348274039999978,0.0,1.0,1,308.8333333333333,258.5,916.3333333333334,304.5,Normal
ipcas_21:73:26,207,1,552,TIED23MEAS/LLN0$Measurement,1.0348297059999823,0.0,1.0,1,308.8333333333333,258.5,916.3333333333334,304.5,Normal
ipcas_21:73:26,150,1,553,TIED23CTRL/LLN0$Status,1.983135452000056,0.0,1.0,1,309.8333333333333,258.9444444444444,923.3333333333334,309.1666666666667,Normal
ipcas_21:73:26,150,1,553,TIED23PROT/LLN0$Alarm,1.982896035000067,0.0,1.0,1,309.8333333333333,258.9444444444444,923.3333333333334,309.1666666666667,Normal
ipcas_21:73:26,207,1,553,TIED23MEAS/LLN0$Measurement,1.982976755999971,0.0,1.0,1,309.8333333333333,258.9444444444444,923.3333333333334,309.1666666666667,Normal
ipcas_21:73:26,150,1,554,TIED23CTRL/LLN0$Status,1.6994904069999848,0.0,1.0,1,309.3333333333333,258.0,927.0,308.1666666666667,Normal
ipcas_21:73:26,150,1,554,TIED23PROT/LLN0$Alarm,1.6994777779999595,0.0,1.0,1,309.3333333333333,258.0,927.0,308.1666666666667,Normal
ipcas_21:73:26,207,1,554,TIED23MEAS/LLN0$Measurement,1.6993946110000024,0.0,1.0,1,309.3333333333333,258.0,927.0,308.1666666666667,Normal
ipcas_21:73:26,150,1,555,TIED23CTRL/LLN0$Status,1.0099000769999975,0.0,1.0,1,309.3333333333333,258.5555555555555,919.6666666666666,310.0,Normal
ipcas_21:73:26,150,1,555,TIED23PROT/LLN0$Alarm,1.0099007050000637,0.0,1.0,1,309.3333333333333,258.5555555555555,919.6666666666666,310.0,Normal
ipcas_21:73:26,207,1,555,TIED23MEAS/LLN0$Measurement,1.0099011309999923,0.0,1.0,1,309.3333333333333,258.5555555555555,919.6666666666666,310.0,Normal
ipcas_21:73:26,150,1,556,TIED23CTRL/LLN0$Status,1.0361312799999496,0.0,1.0,1,311.1666666666667,259.77777777777777,917.0,306.3333333333333,Normal
ipcas_21:73:26,150,1,556,TIED23PROT/LLN0$Alarm,1.0361349359999394,0.0,1.0,1,311.1666666666667,259.77777777777777,917.0,306.3333333333333,Normal
ipcas_21:73:26,207,1,556,TIED23MEAS/LLN0$Measurement,1.036134721000053,0.0,1.0,1,311.1666666666667,259.77777777777777,917.0,306.3333333333333,Normal
ipcas_21:73:26,150,1,557,TIED23CTRL/LLN0$Status,1.0486647220000123,0.0,1.0,1,312.3333333333333,256.49999999999994,926.0,307.5,Normal
ipcas_21:73:26,150,1,557,TIED23PROT/LLN0$Alarm,1.04947727199999,0.0,1.0,1,312.3333333333333,256.49999999999994,926.0,307.5,Normal
ipcas_21:73:26,207,1,557,TIED23MEAS/LLN0$Measurement,1.0494806230000222,0.0,1.0,1,312.3333333333333,256.49999999999994,926.0,307.5,Normal
ipcas_21:73:26,150,1,558,TIED23CTRL/LLN0$Status,1.0286245390000204,0.0,1.0,1,310.5,258.3888888888889,924.3333333333334,307.8333333333333,Normal
ipcas_21:73:26,150,1,558,TIED23PROT/LLN0$Alarm,1.0278084170000739,0.0,1.0,1,310.5,258.3888888888889,924.3333333333334,307.8333333333333,Normal
ipcas_21:73:26,207,1,558,TIED23MEAS/LLN0$Measurement,1.0278054969999175,0.0,1.0,1,310.5,258.3888888888889,924.3333333333334,307.8333333333333,Normal
ipcas_21:73:26,150,1,559,TIED23CTRL/LLN0$Status,1.0180764090000594,0.0,1.0,1,310.3333333333333,257.38888888888886,919.3333333333334,305.6666666666667,Normal
ipcas_21:73:26,150,1,559,TIED23PROT/LLN0$Alarm,1.018079711999917,0.0,1.0,1,310.3333333333333,257.38888888888886,919.3333333333334,305.6666666666667,Normal
ipcas_21:73:26,207,1,559,TIED23MEAS/LLN0$Measurement,1.0180793570000333,0.0,1.0,1,310.3333333333333,257.38888888888886,919.3333333333334,305.6666666666667,Normal
ipcas_21:73:26,150,1,560,TIED23CTRL/LLN0$Status,1.0211128519999875,0.0,1.0,1,311.5,257.7222222222222,924.3333333333334,307.1666666666667,Normal
ipcas_21:73:26,150,1,560,TIED23PROT/LLN0$Alarm,1.021108646000016,0.0,1.0,1,311.5,257.7222222222222,924.3333333333334,307.1666666666667,Normal
ipcas_21:73:26,207,1,560,TIED23MEAS/LLN0$Measurement,1.0211086760000398,0.0,1.0,1,311.5,257.7222222222222,924.3333333333334,307.1666666666667,Normal
ipcas_21:73:26,150,1,561,TIED23CTRL/LLN0$Status,1.1344659679999722,0.0,1.0,1,310.3333333333333,258.1666666666667,923.0,307.0,Normal
ipcas_21:73:26,150,1,561,TIED23PROT/LLN0$Alarm,1.1352748100000554,0.0,1.0,1,310.3333333333333,258.1666666666667,923.0,307.0,Normal
ipcas_21:73:26,207,1,561,TIED23MEAS/LLN0$Measurement,1.1352793489999158,0.0,1.0,1,310.3333333333333,258.1666666666667,923.0,307.0,Normal
ipcas_21:73:26,150,1,562,TIED23CTRL/LLN0$Status,1.0551694229999384,0.0,1.0,1,309.6666666666667,258.3333333333333,923.3333333333334,309.8333333333333,Normal
ipcas_21:73:26,150,1,562,TIED23PROT/LLN0$Alarm,1.0543642909999562,0.0,1.0,1,309.6666666666667,258.3333333333333,923.3333333333334,309.8333333333333,Normal
ipcas_21:73:26,207,1,562,TIED23MEAS/LLN0$Measurement,1.0544112010001072,0.0,1.0,1,309.6666666666667,258.3333333333333,923.3333333333334,309.8333333333333,Normal
ipcas_21:73:26,150,1,563,TIED23CTRL/LLN0$Status,1.049174798000081,0.0,1.0,1,310.1666666666667,258.77777777777777,926.3333333333334,308.0,Normal
ipcas_21:73:26,150,1,563,TIED23PROT/LLN0$Alarm,1.0491771270000072,0.0,1.0,1,310.1666666666667,258.77777777777777,926.3333333333334,308.0,Normal
ipcas_21:73:26,207,1,563,TIED23MEAS/LLN0$Measurement,1.0491252559999111,0.0,1.0,1,310.1666666666667,258.77777777777777,926.3333333333334,308.0,Normal
ipcas_21:73:26,150,1,564,TIED23CTRL/LLN0$Status,1.024736675999975,0.0,1.0,1,310.6666666666667,258.6666666666667,918.0,310.3333333333333,Normal
ipcas_21:73:26,150,1,564,TIED23PROT/LLN0$Alarm,1.0247306640000033,0.0,1.0,1,310.6666666666667,258.6666666666667,918.0,310.3333333333333,Normal
ipcas_21:73:26,207,1,564,TIED23MEAS/LLN0$Measurement,1.0247306450000906,0.0,1.0,1,310.6666666666667,258.6666666666667,918.0,310.3333333333333,Normal
ipcas_21:73:26,150,1,565,TIED23CTRL/LLN0$Status,1.0382347620000019,0.0,1.0,1,309.3333333333333,256.55555555555554,921.6666666666666,306.5,Normal
ipcas_21:73:26,150,1,565,TIED23PROT/LLN0$Alarm,1.0382404549999364,0.0,1.0,1,309.3333333333333,256.55555555555554,921.6666666666666,306.5,Normal
ipcas_21:73:26,207,1,565,TIED23MEAS/LLN0$Measurement,1.0382408349998968,0.0,1.0,1,309.3333333333333,256.55555555555554,921.6666666666666,306.5,Normal
ipcas_21:73:26,150,1,566,TIED23CTRL/LLN0$Status,1.0422893170000407,0.0,1.0,1,312.1666666666667,257.1666666666667,922.0,308.5,Normal
ipcas_21:73:26,150,1,566,TIED23PROT/LLN0$Alarm,1.0422953949999965,0.0,1.0,1,312.1666666666667,257.1666666666667,922.0,308.5,Normal
ipcas_21:73:26,207,1,566,TIED23MEAS/LLN0$Measurement,1.0422958640000388,0.0,1.0,1,312.1666666666667,257.1666666666667,922.0,308.5,Normal
ipcas_21:73:26,150,1,567,TIED23CTRL/LLN0$Status,1.036558740999908,0.0,1.0,1,309.3333333333333,259.4444444444445,921.3333333333334,308.5,Normal
ipcas_21:73:26,150,1,567,TIED23PROT/LLN0$Alarm,1.036553075000029,0.0,1.0,1,309.3333333333333,259.4444444444445,921.3333333333334,308.5,Normal
ipcas_21:73:26,207,1,567,TIED23MEAS/LLN0$Measurement,1.0365533100000448,0.0,1.0,1,309.3333333333333,259.4444444444445,921.3333333333334,308.5,Normal
ipcas_21:73:26,150,1,568,TIED23CTRL/LLN0$Status,1.0435471310000821,0.0,1.0,1,311.8333333333333,256.5,924.3333333333334,309.5,Normal
ipcas_21:73:26,150,1,568,TIED23PROT/LLN0$Alarm,1.0435458360000212,0.0,1.0,1,311.8333333333333,256.5,924.3333333333334,309.5,Normal
ipcas_21:73:26,207,1,568,TIED23MEAS/LLN0$Measurement,1.04354479299991,0.0,1.0,1,311.8333333333333,256.5,924.3333333333334,309.5,Normal
ipcas_21:73:26,150,1,569,TIED23CTRL/LLN0$Status,1.0636026299999912,0.0,1.0,1,306.3333333333333,258.1666666666667,921.3333333333334,308.5,Normal
ipcas_21:73:26,150,1,569,TIED23PROT/LLN0$Alarm,1.0636006979999593,0.0,1.0,1,306.3333333333333,258.1666666666667,921.3333333333334,308.5,Normal
ipcas_21:73:26,207,1,569,TIED23MEAS/LLN0$Measurement,1.0637082990000408,0.0,1.0,1,306.3333333333333,258.1666666666667,921.3333333333334,308.5,Normal
ipcas_21:73:26,150,1,570,TIED23CTRL/LLN0$Status,1.038364592999983,0.0,1.0,1,311.8333333333333,257.8888888888889,918.6666666666666,307.3333333333333,Normal
ipcas_21:73:26,150,1,570,TIED23PROT/LLN0$Alarm,1.0383668100000705,0.0,1.0,1,311.8333333333333,257.8888888888889,918.6666666666666,307.3333333333333,Normal
ipcas_21:73:26,207,1,570,TIED23MEAS/LLN0$Measurement,1.038259149000055,0.0,1.0,1,311.8333333333333,257.8888888888889,918.6666666666666,307.3333333333333,Normal
ipcas_21:73:26,150,1,571,TIED23CTRL/LLN0$Status,1.06446008599994,0.0,1.0,1,307.5,257.1666666666667,925.6666666666666,310.0,Normal
ipcas_21:73:26,150,1,571,TIED23PROT/LLN0$Alarm,1.0644601100000273,0.0,1.0,1,307.5,257.1666666666667,925.6666666666666,310.0,Normal
ipcas_21:73:26,207,1,571,TIED23MEAS/LLN0$Measurement,1.0644605549999824,0.0,1.0,1,307.5,257.1666666666667,925.6666666666666,310.0,Normal
ipcas_21:73:26,150,1,572,TIED23CTRL/LLN0$Status,1.0345017460000463,0.0,1.0,1,310.8333333333333,256.3888888888889,924.3333333333334,311.1666666666667,Normal
ipcas_21:73:26,150,1,572,TIED23PROT/LLN0$Alarm,1.0347930869999118,0.0,1.0,1,310.8333333333333,256.3888888888889,924.3333333333334,311.1666666666667,Normal
ipcas_21:73:26,207,1,572,TIED23MEAS/LLN0$Measurement,1.0347964009999941,0.0,1.0,1,310.8333333333333,256.3888888888889,924.3333333333334,311.1666666666667,Normal
ipcas_21:73:26,150,1,573,TIED23CTRL/LLN0$Status,1.0436199800000168,0.0,1.0,1,309.6666666666667,259.4444444444444,925.3333333333334,308.3333333333333,Normal
ipcas_21:73:26,150,1,573,TIED23PROT/LLN0$Alarm,1.044536469000036,0.0,1.0,1,309.6666666666667,259.4444444444444,925.3333333333334,308.3333333333333,Normal
ipcas_21:73:26,207,1,573,TIED23MEAS/LLN0$Measurement,1.0445393549999835,0.0,1.0,1,309.6666666666667,259.4444444444444,925.3333333333334,308.3333333333333,Normal
ipcas_21:73:26,150,1,574,TIED23CTRL/LLN0$Status,1.060808255999973,0.0,1.0,1,308.0,257.9444444444444,923.6666666666666,306.1666666666667,Normal
ipcas_21:73:26,150,1,574,TIED23PROT/LLN0$Alarm,1.0597724900000003,0.0,1.0,1,308.0,257.9444444444444,923.6666666666666,306.1666666666667,Normal
ipcas_21:73:26,207,1,574,TIED23MEAS/LLN0$Measurement,1.059769054999947,0.0,1.0,1,308.0,257.9444444444444,923.6666666666666,306.1666666666667,Normal
ipcas_21:73:26,150,1,575,TIED23CTRL/LLN0$Status,1.0447298940000564,0.0,1.0,1,310.0,259.22222222222223,924.3333333333334,311.5,Normal
ipcas_21:73:26,150,1,575,TIED23PROT/LLN0$Alarm,1.0445630860000392,0.0,1.0,1,310.0,259.22222222222223,924.3333333333334,311.5,Normal
ipcas_21:73:26,207,1,575,TIED23MEAS/LLN0$Measurement,1.0445603660000415,0.0,1.0,1,310.0,259.22222222222223,924.3333333333334,311.5,Normal
ipcas_21:73:26,150,1,576,TIED23CTRL/LLN0$Status,1.045190224999942,0.0,1.0,1,310.3333333333333,258.6111111111111,923.3333333333334,309.0,Normal
ipcas_21:73:26,150,1,576,TIED23PROT/LLN0$Alarm,1.0454612029999453,0.0,1.0,1,310.3333333333333,258.6111111111111,923.3333333333334,309.0,Normal
ipcas_21:73:26,207,1,576,TIED23MEAS/LLN0$Measurement,1.04546406999998,0.0,1.0,1,310.3333333333333,258.6111111111111,923.3333333333334,309.0,Normal
ipcas_21:73:26,150,1,577,TIED23CTRL/LLN0$Status,1.036048987000072,0.0,1.0,1,311.5,256.6111111111111,930.0,309.3333333333333,Normal
ipcas_21:73:26,150,1,577,TIED23PROT/LLN0$Alarm,1.0357707350000283,0.0,1.0,1,311.5,256.6111111111111,930.0,309.3333333333333,Normal
ipcas_21:73:26,207,1,577,TIED23MEAS/LLN0$Measurement,1.0359399580000854,0.0,1.0,1,311.5,256.6111111111111,930.0,309.3333333333333,Normal
ipcas_21:73:26,150,1,578,TIED23CTRL/LLN0$Status,1.0404353189999256,0.0,1.0,1,309.8333333333333,257.27777777777777,926.0,309.8333333333333,Normal
ipcas_21:73:26,150,1,578,TIED23PROT/LLN0$Alarm,1.0404323010000098,0.0,1.0,1,309.8333333333333,257.27777777777777,926.0,309.8333333333333,Normal
ipcas_21:73:26,207,1,578,TIED23MEAS/LLN0$Measurement,1.0402603489999365,0.0,1.0,1,309.8333333333333,257.27777777777777,926.0,309.8333333333333,Normal
ipcas_21:73:26,150,1,579,TIED23CTRL/LLN0$Status,1.0237424640000654,0.0,1.0,1,310.1666666666667,258.6666666666667,919.0,308.1666666666667,Normal
ipcas_21:73:26,150,1,579,TIED23PROT/LLN0$Alarm,1.0237427939999861,0.0,1.0,1,310.1666666666667,258.6666666666667,919.0,308.1666666666667,Normal
ipcas_21:73:26,207,1,579,TIED23MEAS/LLN0$Measurement,1.023742871999957,0.0,1.0,1,310.1666666666667,258.6666666666667,919.0,308.1666666666667,Normal
ipcas_21:73:26,150,1,580,TIED23CTRL/LLN0$Status,1.037665347999905,0.0,1.0,1,310.5,256.72222222222223,927.6666666666666,308.8333333333333,Normal
ipcas_21:73:26,150,1,580,TIED23PROT/LLN0$Alarm,1.0376703189999716,0.0,1.0,1,310.5,256.72222222222223,927.6666666666666,308.8333333333333,Normal
ipcas_21:73:26,207,1,580,TIED23MEAS/LLN0$Measurement,1.0376700640000536,0.0,1.0,1,310.5,256.72222222222223,927.6666666666666,308.8333333333333,Normal
ipcas_21:73:26,150,1,581,TIED23CTRL/LLN0$Status,1.0503574020000315,0.0,1.0,1,309.1666666666667,257.6666666666667,926.3333333333334,305.1666666666667,Normal
ipcas_21:73:26,150,1,581,TIED23PROT/LLN0$Alarm,1.0503523560000758,0.0,1.0,1,309.1666666666667,257.6666666666667,926.3333333333334,305.1666666666667,Normal
ipcas_21:73:26,207,1,581,TIED23MEAS/LLN0$Measurement,1.0503520370000388,0.0,1.0,1,309.1666666666667,257.6666666666667,926.3333333333334,305.1666666666667,Normal
ipcas_21:73:26,150,1,582,TIED23CTRL/LLN0$Status,1.027938727999981,0.0,1.0,1,311.5,257.22222222222223,917.6666666666666,310.5,Normal
ipcas_21:73:26,150,1,582,TIED23PROT/LLN0$Alarm,1.0279424989998915,0.0,1.0,1,311.5,257.22222222222223,917.6666666666666,310.5,Normal
ipcas_21:73:26,207,1,582,TIED23MEAS/LLN0$Measurement,1.0279427339999074,0.0,1.0,1,311.5,257.22222222222223,917.6666666666666,310.5,Normal
ipcas_21:73:26,150,1,583,TIED23CTRL/LLN0$Status,1.0419506819999924,0.0,1.0,1,308.5,258.5555555555556,922.6666666666666,307.1666666666667,Normal
ipcas_21:73:26,150,1,583,TIED23PROT/LLN0$Alarm,1.0419568050000407,0.0,1.0,1,308.5,258.5555555555556,922.6666666666666,307.1666666666667,Normal
ipcas_21:73:26,207,1,583,TIED23MEAS/LLN0$Measurement,1.0419566040000063,0.0,1.0,1,308.5,258.5555555555556,922.6666666666666,307.1666666666667,Normal
ipcas_21:73:26,150,1,584,TIED23CTRL/LLN0$Status,1.0365544979999868,0.0,1.0,1,311.5,258.6666666666667,931.3333333333334,307.1666666666667,Normal
ipcas_21:73:26,150,1,584,TIED23PROT/LLN0$Alarm,1.0365531170000395,0.0,1.0,1,311.5,258.6666666666667,931.3333333333334,307.1666666666667,Normal
ipcas_21:73:26,207,1,584,TIED23MEAS/LLN0$Measurement,1.0365544090000185,0.0,1.0,1,311.5,258.6666666666667,931.3333333333334,307.1666666666667,Normal
ipcas_21:73:26,150,1,585,TIED23CTRL/LLN0$Status,1.0558232750000798,0.0,1.0,1,311.0,256.6111111111111,923.6666666666666,308.1666666666667,Normal
ipcas_21:73:26,150,1,585,TIED23PROT/LLN0$Alarm,1.0558188859999973,0.0,1.0,1,311.0,256.6111111111111,923.6666666666666,308.1666666666667,Normal
ipcas_21:73:26,207,1,585,TIED23MEAS/LLN0$Measurement,1.055817540000021,0.0,1.0,1,311.0,256.6111111111111,923.6666666666666,308.1666666666667,Normal
ipcas_21:73:26,150,1,586,TIED23CTRL/LLN0$Status,1.0409222319999571,0.0,1.0,1,310.1666666666667,257.1111111111111,923.3333333333334,311.5,Normal
ipcas_21:73:26,150,1,586,TIED23PROT/LLN0$Alarm,1.0409237989999838,0.0,1.0,1,310.1666666666667,257.1111111111111,923.3333333333334,311.5,Normal
ipcas_21:73:26,207,1,586,TIED23MEAS/LLN0$Measurement,1.041290742000001,0.0,1.0,1,310.1666666666667,257.1111111111111,923.3333333333334,311.5,Normal
ipcas_21:73:26,150,1,587,TIED23CTRL/LLN0$Status,1.0568968060000543,0.0,1.0,1,309.6666666666667,259.0555555555556,926.3333333333334,307.6666666666667,Normal
ipcas_21:73:26,150,1,587,TIED23PROT/LLN0$Alarm,1.0568906869999637,0.0,1.0,1,309.6666666666667,259.0555555555556,926.3333333333334,307.6666666666667,Normal
ipcas_21:73:26,207,1,587,TIED23MEAS/LLN0$Measurement,1.0565237680000337,0.0,1.0,1,309.6666666666667,259.0555555555556,926.3333333333334,307.6666666666667,Normal
ipcas_21:73:26,150,1,588,TIED23CTRL/LLN0$Status,1.0230795630000102,0.0,1.0,1,310.3333333333333,258.0555555555555,920.3333333333334,308.1666666666667,Normal
ipcas_21:73:26,150,1,588,TIED23PROT/LLN0$Alarm,1.0238813720000053,0.0,1.0,1,310.3333333333333,258.0555555555555,920.3333333333334,308.1666666666667,Normal
ipcas_21:73:26,207,1,588,TIED23MEAS/LLN0$Measurement,1.0238853249999238,0.0,1.0,1,310.3333333333333,258.0555555555555,920.3333333333334,308.1666666666667,Normal
ipcas_21:73:26,150,1,589,TIED23CTRL/LLN0$Status,1.0358232389999102,0.0,1.0,1,308.8333333333333,257.94444444444446,921.0,306.5,Normal
ipcas_21:73:26,150,1,589,TIED23PROT/LLN0$Alarm,1.0350216010000395,0.0,1.0,1,308.8333333333333,257.94444444444446,921.0,306.5,Normal
ipcas_21:73:26,207,1,589,TIED23MEAS/LLN0$Measurement,1.0350175780000654,0.0,1.0,1,308.8333333333333,257.94444444444446,921.0,306.5,Normal
ipcas_21:73:26,150,1,590,TIED23CTRL/LLN0$Status,1.0474397170000884,0.0,1.0,1,311.5,258.8888888888889,921.0,309.3333333333333,Normal
ipcas_21:73:26,150,1,590,TIED23PROT/LLN0$Alarm,1.047439842000017,0.0,1.0,1,311.5,258.8888888888889,921.0,309.3333333333333,Normal
ipcas_21:73:26,207,1,590,TIED23MEAS/LLN0$Measurement,1.0474398940000356,0.0,1.0,1,311.5,258.8888888888889,921.0,309.3333333333333,Normal
ipcas_21:73:26,150,1,591,TIED23CTRL/LLN0$Status,1.0460589069999742,0.0,1.0,1,306.5,257.27777777777777,926.6666666666666,308.1666666666667,Normal
ipcas_21:73:26,150,1,591,TIED23PROT/LLN0$Alarm,1.046066787999962,0.0,1.0,1,306.5,257.27777777777777,926.6666666666666,308.1666666666667,Normal
ipcas_21:73:26,207,1,591,TIED23MEAS/LLN0$Measurement,1.0460670769999751,0.0,1.0,1,306.5,257.27777777777777,926.6666666666666,308.1666666666667,Normal
ipcas_21:73:26,150,1,592,TIED23CTRL/LLN0$Status,1.0297863639999605,0.0,1.0,1,310.0,258.5555555555556,928.6666666666666,309.3333333333333,Normal
ipcas_21:73:26,150,1,592,TIED23PROT/LLN0$Alarm,1.0297811430000365,0.0,1.0,1,310.0,258.5555555555556,928.6666666666666,309.3333333333333,Normal
ipcas_21:73:26,207,1,592,TIED23MEAS/LLN0$Measurement,1.0297861839999314,0.0,1.0,1,310.0,258.5555555555556,928.6666666666666,309.3333333333333,Normal
ipcas_21:73:26,150,1,593,TIED23CTRL/LLN0$Status,1.0199960500000316,0.0,1.0,1,308.3333333333333,256.77777777777777,922.6666666666666,307.5,Normal
ipcas_21:73:26,150,1,593,TIED23PROT/LLN0$Alarm,1.0199967620000052,0.0,1.0,1,308.3333333333333,256.77777777777777,922.6666666666666,307.5,Normal
ipcas_21:73:26,207,1,593,TIED23MEAS/LLN0$Measurement,1.0199917630000073,0.0,1.0,1,308.3333333333333,256.77777777777777,922.6666666666666,307.5,Normal
ipcas_21:73:26,150,1,594,TIED23CTRL/LLN0$Status,2.2249264989999347,0.0,1.0,1,310.1666666666667,258.7222222222222,924.6666666666666,305.6666666666667,Normal
ipcas_21:73:26,150,1,594,TIED23PROT/LLN0$Alarm,2.226281450999977,0.0,1.0,1,310.1666666666667,258.7222222222222,924.6666666666666,305.6666666666667,Normal
ipcas_21:73:26,207,1,594,TIED23MEAS/LLN0$Measurement,2.226286635000065,0.0,1.0,1,310.1666666666667,258.7222222222222,924.6666666666666,305.6666666666667,Normal
ipcas_21:73:26,150,1,595,TIED23CTRL/LLN0$Status,2.3293446450001056,0.0,1.0,1,308.3333333333333,258.4444444444444,930.0,305.6666666666667,Normal
ipcas_21:73:26,150,1,595,TIED23PROT/LLN0$Alarm,2.327993050000032,0.0,1.0,1,308.3333333333333,258.4444444444444,930.0,305.6666666666667,Normal
ipcas_21:73:26,207,1,595,TIED23MEAS/LLN0$Measurement,2.3279876760000207,0.0,1.0,1,308.3333333333333,258.4444444444444,930.0,305.6666666666667,Normal
ipcas_21:73:26,150,1,596,TIED23CTRL/LLN0$Status,1.3526246519999177,0.0,1.0,1,309.0,257.77777777777777,923.6666666666666,309.3333333333333,Normal
ipcas_21:73:26,150,1,596,TIED23PROT/LLN0$Alarm,1.3526289159999578,0.0,1.0,1,309.0,257.77777777777777,923.6666666666666,309.3333333333333,Normal
ipcas_21:73:26,207,1,596,TIED23MEAS/LLN0$Measurement,1.3530646919999754,0.0,1.0,1,309.0,257.77777777777777,923.6666666666666,309.3333333333333,Normal
ipcas_21:73:26,150,1,597,TIED23CTRL/LLN0$Status,1.0437005520000184,0.0,1.0,1,307.8333333333333,257.22222222222223,922.3333333333334,306.6666666666667,Normal
ipcas_21:73:26,150,1,597,TIED23PROT/LLN0$Alarm,1.044034426000053,0.0,1.0,1,307.8333333333333,257.22222222222223,922.3333333333334,306.6666666666667,Normal
ipcas_21:73:26,207,1,597,TIED23MEAS/LLN0$Measurement,1.0438678549999167,0.0,1.0,1,307.8333333333333,257.22222222222223,922.3333333333334,306.6666666666667,Normal
ipcas_21:73:26,150,1,598,TIED23CTRL/LLN0$Status,1.0472580850000668,0.0,1.0,1,313.0,258.27777777777777,922.3333333333334,306.8333333333333,Normal
ipcas_21:73:26,150,1,598,TIED23PROT/LLN0$Alarm,1.0469179979999126,0.0,1.0,1,313.0,258.27777777777777,922.3333333333334,306.8333333333333,Normal
ipcas_21:73:26,207,1,598,TIED23MEAS/LLN0$Measurement,1.0469193930000529,0.0,1.0,1,313.0,258.27777777777777,922.3333333333334,306.8333333333333,Normal
ipcas_21:73:26,150,1,599,TIED23CTRL/LLN0$Status,1.0490045880000025,0.0,1.0,1,309.6666666666667,259.22222222222223,923.0,309.6666666666667,Normal
ipcas_21:73:26,150,1,599,TIED23PROT/LLN0$Alarm,1.0490009320000127,0.0,1.0,1,309.6666666666667,259.22222222222223,923.0,309.6666666666667,Normal
ipcas_21:73:26,207,1,599,TIED23MEAS/LLN0$Measurement,1.0487311729999647,0.0,1.0,1,309.6666666666667,259.22222222222223,923.0,309.6666666666667,Normal
